<?xml version="1.0" encoding="UTF-8"?>
<gpx xmlns="http://www.topografix.com/GPX/1/1" xmlns:adv="http://www.garmin.com/xmlschemas/AdventuresExtensions/v1" xmlns:ctx="http://www.garmin.com/xmlschemas/CreationTimeExtension/v1" xmlns:gpxacc="http://www.garmin.com/xmlschemas/AccelerationExtension/v1" xmlns:gpxpx="http://www.garmin.com/xmlschemas/PowerExtension/v1" xmlns:gpxtpx="http://www.garmin.com/xmlschemas/TrackPointExtension/v1" xmlns:gpxtrx="http://www.garmin.com/xmlschemas/GpxExtensions/v3" xmlns:gpxx="http://www.garmin.com/xmlschemas/GpxExtensions/v3" xmlns:prs="http://www.garmin.com/xmlschemas/PressureExtension/v1" xmlns:tmd="http://www.garmin.com/xmlschemas/TripMetaDataExtensions/v1" xmlns:trp="http://www.garmin.com/xmlschemas/TripExtensions/v1" xmlns:vidx1="http://www.garmin.com/xmlschemas/VideoExtension/v1" xmlns:vptm="http://www.garmin.com/xmlschemas/ViaPointTransportationModeExtensions/v1" xmlns:wptx1="http://www.garmin.com/xmlschemas/WaypointExtension/v1" xmlns:xsi="http://www.w3.org/2001/XMLSchema-instance" xsi:schemaLocation="http://www.topografix.com/GPX/1/1 http://www.topografix.com/GPX/1/1/gpx.xsd http://www.garmin.com/xmlschemas/WaypointExtension/v1 http://www8.garmin.com/xmlschemas/WaypointExtensionv1.xsd http://www.garmin.com/xmlschemas/TrackPointExtension/v1 http://www.garmin.com/xmlschemas/TrackPointExtensionv1.xsd http://www.garmin.com/xmlschemas/GpxExtensions/v3 http://www8.garmin.com/xmlschemas/GpxExtensionsv3.xsd http://www.garmin.com/xmlschemas/ActivityExtension/v1 http://www8.garmin.com/xmlschemas/ActivityExtensionv1.xsd http://www.garmin.com/xmlschemas/AdventuresExtensions/v1 http://www8.garmin.com/xmlschemas/AdventuresExtensionv1.xsd http://www.garmin.com/xmlschemas/PressureExtension/v1 http://www.garmin.com/xmlschemas/PressureExtensionv1.xsd http://www.garmin.com/xmlschemas/TripExtensions/v1 http://www.garmin.com/xmlschemas/TripExtensionsv1.xsd http://www.garmin.com/xmlschemas/TripMetaDataExtensions/v1 http://www.garmin.com/xmlschemas/TripMetaDataExtensionsv1.xsd http://www.garmin.com/xmlschemas/ViaPointTransportationModeExtensions/v1 http://www.garmin.com/xmlschemas/ViaPointTransportationModeExtensionsv1.xsd http://www.garmin.com/xmlschemas/CreationTimeExtension/v1 http://www.garmin.com/xmlschemas/CreationTimeExtensionsv1.xsd http://www.garmin.com/xmlschemas/AccelerationExtension/v1 http://www.garmin.com/xmlschemas/AccelerationExtensionv1.xsd http://www.garmin.com/xmlschemas/PowerExtension/v1 http://www.garmin.com/xmlschemas/PowerExtensionv1.xsd http://www.garmin.com/xmlschemas/VideoExtension/v1 http://www.garmin.com/xmlschemas/VideoExtensionv1.xsd" version="1.1" creator="Garmin Desktop App">
  <metadata>
    <link href="http://www.garmin.com">
      <text>Garmin International</text>
    </link>
    <time>2018-04-15T05:29:36Z</time>
    <bounds minlat="47.14375781826675" maxlat="47.158370492979884" minlon="-119.9874643329531" maxlon="-119.91774341091514" />
  </metadata>
  <trk>
    <name>Current Track: 10 DEC 2017 16:36</name>
    <extensions>
      <gpxtrx:TrackExtension>
        <gpxtrx:DisplayColor>Red</gpxtrx:DisplayColor>
      </gpxtrx:TrackExtension>
    </extensions>
    <trkseg>
      <trkpt lat="47.15500658378005" lon="-119.91790140978992">
        <ele>376.97</ele>
        <time>2018-04-14T16:44:20Z</time>
      </trkpt>
      <trkpt lat="47.15500557795167" lon="-119.91792546585202">
        <ele>373.13</ele>
        <time>2018-04-14T16:51:04Z</time>
      </trkpt>
      <trkpt lat="47.15498588047922" lon="-119.9178558960557">
        <ele>374.09</ele>
        <time>2018-04-14T16:51:16Z</time>
      </trkpt>
      <trkpt lat="47.15498219244182" lon="-119.91782748140395">
        <ele>374.09</ele>
        <time>2018-04-14T16:51:18Z</time>
      </trkpt>
      <trkpt lat="47.15489719994366" lon="-119.91774341091514">
        <ele>373.61</ele>
        <time>2018-04-14T16:51:28Z</time>
      </trkpt>
      <trkpt lat="47.154848501086235" lon="-119.91775271482766">
        <ele>374.09</ele>
        <time>2018-04-14T16:51:33Z</time>
      </trkpt>
      <trkpt lat="47.15479049831629" lon="-119.91775196045637">
        <ele>374.09</ele>
        <time>2018-04-14T16:51:38Z</time>
      </trkpt>
      <trkpt lat="47.154629146680236" lon="-119.91782370954752">
        <ele>373.13</ele>
        <time>2018-04-14T16:51:54Z</time>
      </trkpt>
      <trkpt lat="47.15446083806455" lon="-119.91798883304">
        <ele>373.13</ele>
        <time>2018-04-14T16:52:11Z</time>
      </trkpt>
      <trkpt lat="47.154350616037846" lon="-119.91810349747539">
        <ele>373.13</ele>
        <time>2018-04-14T16:52:22Z</time>
      </trkpt>
      <trkpt lat="47.154307113960385" lon="-119.91817499510944">
        <ele>373.13</ele>
        <time>2018-04-14T16:52:27Z</time>
      </trkpt>
      <trkpt lat="47.15417836792767" lon="-119.91826937533915">
        <ele>372.17</ele>
        <time>2018-04-14T16:52:39Z</time>
      </trkpt>
      <trkpt lat="47.154067223891616" lon="-119.9183205049485">
        <ele>372.17</ele>
        <time>2018-04-14T16:52:55Z</time>
      </trkpt>
      <trkpt lat="47.15405808761716" lon="-119.91831874474883">
        <ele>372.65</ele>
        <time>2018-04-14T16:53:11Z</time>
      </trkpt>
      <trkpt lat="47.15403076261282" lon="-119.91833919659257">
        <ele>373.13</ele>
        <time>2018-04-14T16:53:14Z</time>
      </trkpt>
      <trkpt lat="47.153990026563406" lon="-119.91836258210242">
        <ele>372.17</ele>
        <time>2018-04-14T16:53:18Z</time>
      </trkpt>
      <trkpt lat="47.15376145206392" lon="-119.91853952407837">
        <ele>369.28</ele>
        <time>2018-04-14T16:53:37Z</time>
      </trkpt>
      <trkpt lat="47.15361116454005" lon="-119.91877220571041">
        <ele>366.88</ele>
        <time>2018-04-14T16:53:53Z</time>
      </trkpt>
      <trkpt lat="47.153596160933375" lon="-119.91880246438086">
        <ele>366.88</ele>
        <time>2018-04-14T16:53:55Z</time>
      </trkpt>
      <trkpt lat="47.15348451398313" lon="-119.91904905997217">
        <ele>366.4</ele>
        <time>2018-04-14T16:54:11Z</time>
      </trkpt>
      <trkpt lat="47.153371861204505" lon="-119.91931585595012">
        <ele>366.88</ele>
        <time>2018-04-14T16:54:27Z</time>
      </trkpt>
      <trkpt lat="47.15327253565192" lon="-119.91955465637147">
        <ele>367.36</ele>
        <time>2018-04-14T16:54:42Z</time>
      </trkpt>
      <trkpt lat="47.153180753812194" lon="-119.919778034091">
        <ele>366.88</ele>
        <time>2018-04-14T16:54:56Z</time>
      </trkpt>
      <trkpt lat="47.15303549543023" lon="-119.92005690000951">
        <ele>364.48</ele>
        <time>2018-04-14T16:55:14Z</time>
      </trkpt>
      <trkpt lat="47.152876406908035" lon="-119.92028673179448">
        <ele>361.59</ele>
        <time>2018-04-14T16:55:30Z</time>
      </trkpt>
      <trkpt lat="47.15268563479185" lon="-119.92054514586926">
        <ele>360.15</ele>
        <time>2018-04-14T16:55:49Z</time>
      </trkpt>
      <trkpt lat="47.15248069725931" lon="-119.92081311531365">
        <ele>359.67</ele>
        <time>2018-04-14T16:56:09Z</time>
      </trkpt>
      <trkpt lat="47.1524362731725" lon="-119.92088746279478">
        <ele>360.15</ele>
        <time>2018-04-14T16:56:14Z</time>
      </trkpt>
      <trkpt lat="47.15229235589504" lon="-119.92113707587123">
        <ele>360.15</ele>
        <time>2018-04-14T16:56:31Z</time>
      </trkpt>
      <trkpt lat="47.15216335840523" lon="-119.92140186019242">
        <ele>360.63</ele>
        <time>2018-04-14T16:56:47Z</time>
      </trkpt>
      <trkpt lat="47.15206445194781" lon="-119.92165549658239">
        <ele>360.63</ele>
        <time>2018-04-14T16:57:02Z</time>
      </trkpt>
      <trkpt lat="47.15192589908838" lon="-119.92188013158739">
        <ele>360.15</ele>
        <time>2018-04-14T16:57:18Z</time>
      </trkpt>
      <trkpt lat="47.15190276503563" lon="-119.92190175689757">
        <ele>359.67</ele>
        <time>2018-04-14T16:57:20Z</time>
      </trkpt>
      <trkpt lat="47.15187795460224" lon="-119.92193981073797">
        <ele>360.15</ele>
        <time>2018-04-14T16:57:23Z</time>
      </trkpt>
      <trkpt lat="47.15181718580425" lon="-119.9220989830792">
        <ele>359.19</ele>
        <time>2018-04-14T16:57:33Z</time>
      </trkpt>
      <trkpt lat="47.15184233151376" lon="-119.92216050624847">
        <ele>358.71</ele>
        <time>2018-04-14T16:57:37Z</time>
      </trkpt>
      <trkpt lat="47.15196814388037" lon="-119.92236946709454">
        <ele>358.71</ele>
        <time>2018-04-14T16:57:53Z</time>
      </trkpt>
      <trkpt lat="47.15206076391041" lon="-119.92264891974628">
        <ele>357.27</ele>
        <time>2018-04-14T16:58:09Z</time>
      </trkpt>
      <trkpt lat="47.15214324183762" lon="-119.92286877706647">
        <ele>358.23</ele>
        <time>2018-04-14T16:58:23Z</time>
      </trkpt>
      <trkpt lat="47.15219152159989" lon="-119.92293792776763">
        <ele>359.19</ele>
        <time>2018-04-14T16:58:29Z</time>
      </trkpt>
      <trkpt lat="47.152192862704396" lon="-119.92308586835861">
        <ele>358.71</ele>
        <time>2018-04-14T16:58:41Z</time>
      </trkpt>
      <trkpt lat="47.15219981968403" lon="-119.9230644106865">
        <ele>356.79</ele>
        <time>2018-04-14T16:58:52Z</time>
      </trkpt>
      <trkpt lat="47.15220375917852" lon="-119.92321360856295">
        <ele>358.71</ele>
        <time>2018-04-14T16:58:56Z</time>
      </trkpt>
      <trkpt lat="47.15226746164262" lon="-119.92353186942637">
        <ele>360.63</ele>
        <time>2018-04-14T16:59:09Z</time>
      </trkpt>
      <trkpt lat="47.15231942944229" lon="-119.92378609254956">
        <ele>360.63</ele>
        <time>2018-04-14T16:59:23Z</time>
      </trkpt>
      <trkpt lat="47.152329152449965" lon="-119.92386127822101">
        <ele>360.63</ele>
        <time>2018-04-14T16:59:27Z</time>
      </trkpt>
      <trkpt lat="47.15237860567868" lon="-119.92418674752116">
        <ele>360.15</ele>
        <time>2018-04-14T16:59:44Z</time>
      </trkpt>
      <trkpt lat="47.152439039200544" lon="-119.92448950186372">
        <ele>359.19</ele>
        <time>2018-04-14T17:00:00Z</time>
      </trkpt>
      <trkpt lat="47.15246292762458" lon="-119.92478328756988">
        <ele>358.71</ele>
        <time>2018-04-14T17:00:15Z</time>
      </trkpt>
      <trkpt lat="47.15245932340622" lon="-119.92502183653414">
        <ele>359.67</ele>
        <time>2018-04-14T17:00:27Z</time>
      </trkpt>
      <trkpt lat="47.152446834370494" lon="-119.92533783428371">
        <ele>359.19</ele>
        <time>2018-04-14T17:00:42Z</time>
      </trkpt>
      <trkpt lat="47.15246854349971" lon="-119.92552240379155">
        <ele>360.15</ele>
        <time>2018-04-14T17:00:52Z</time>
      </trkpt>
      <trkpt lat="47.15255060233176" lon="-119.92565265856683">
        <ele>359.67</ele>
        <time>2018-04-14T17:01:02Z</time>
      </trkpt>
      <trkpt lat="47.15265914797783" lon="-119.925830187276">
        <ele>359.19</ele>
        <time>2018-04-14T17:01:14Z</time>
      </trkpt>
      <trkpt lat="47.152599887922406" lon="-119.92596371099353">
        <ele>358.71</ele>
        <time>2018-04-14T17:01:22Z</time>
      </trkpt>
      <trkpt lat="47.152505088597536" lon="-119.92626009508967">
        <ele>358.71</ele>
        <time>2018-04-14T17:01:39Z</time>
      </trkpt>
      <trkpt lat="47.15248363092542" lon="-119.92654667235911">
        <ele>358.23</ele>
        <time>2018-04-14T17:01:53Z</time>
      </trkpt>
      <trkpt lat="47.152475249022245" lon="-119.92688513360918">
        <ele>357.27</ele>
        <time>2018-04-14T17:02:10Z</time>
      </trkpt>
      <trkpt lat="47.15252470225096" lon="-119.92723356932402">
        <ele>356.79</ele>
        <time>2018-04-14T17:02:28Z</time>
      </trkpt>
      <trkpt lat="47.15261707082391" lon="-119.92756633087993">
        <ele>357.75</ele>
        <time>2018-04-14T17:02:46Z</time>
      </trkpt>
      <trkpt lat="47.15279342606664" lon="-119.9276283569634">
        <ele>358.23</ele>
        <time>2018-04-14T17:03:00Z</time>
      </trkpt>
      <trkpt lat="47.15288336388767" lon="-119.92758627980947">
        <ele>358.23</ele>
        <time>2018-04-14T17:03:07Z</time>
      </trkpt>
      <trkpt lat="47.15312191285193" lon="-119.92751981131732">
        <ele>358.23</ele>
        <time>2018-04-14T17:03:24Z</time>
      </trkpt>
      <trkpt lat="47.15335534885526" lon="-119.92743046022952">
        <ele>358.71</ele>
        <time>2018-04-14T17:03:41Z</time>
      </trkpt>
      <trkpt lat="47.15354595333338" lon="-119.92739642970264">
        <ele>359.67</ele>
        <time>2018-04-14T17:03:56Z</time>
      </trkpt>
      <trkpt lat="47.15354595333338" lon="-119.92739047855139">
        <ele>357.75</ele>
        <time>2018-04-14T17:04:55Z</time>
      </trkpt>
      <trkpt lat="47.15355877764523" lon="-119.92739718407393">
        <ele>359.19</ele>
        <time>2018-04-14T17:05:15Z</time>
      </trkpt>
      <trkpt lat="47.153556095436215" lon="-119.9273897241801">
        <ele>359.19</ele>
        <time>2018-04-14T17:05:48Z</time>
      </trkpt>
      <trkpt lat="47.15358710847795" lon="-119.92742400616407">
        <ele>359.19</ele>
        <time>2018-04-14T17:06:06Z</time>
      </trkpt>
      <trkpt lat="47.153614684939384" lon="-119.92744127288461">
        <ele>359.19</ele>
        <time>2018-04-14T17:06:09Z</time>
      </trkpt>
      <trkpt lat="47.15364477597177" lon="-119.92745091207325">
        <ele>359.19</ele>
        <time>2018-04-14T17:06:12Z</time>
      </trkpt>
      <trkpt lat="47.15381878428161" lon="-119.92759709246457">
        <ele>358.71</ele>
        <time>2018-04-14T17:06:28Z</time>
      </trkpt>
      <trkpt lat="47.153861029073596" lon="-119.92766121402383">
        <ele>358.71</ele>
        <time>2018-04-14T17:06:33Z</time>
      </trkpt>
      <trkpt lat="47.15396630577743" lon="-119.92790680378675">
        <ele>361.11</ele>
        <time>2018-04-14T17:06:50Z</time>
      </trkpt>
      <trkpt lat="47.15405800379813" lon="-119.92813998833299">
        <ele>363.04</ele>
        <time>2018-04-14T17:07:05Z</time>
      </trkpt>
      <trkpt lat="47.154146768152714" lon="-119.92838499136269">
        <ele>365.44</ele>
        <time>2018-04-14T17:07:20Z</time>
      </trkpt>
      <trkpt lat="47.15418666601181" lon="-119.92867525666952">
        <ele>363.52</ele>
        <time>2018-04-14T17:07:35Z</time>
      </trkpt>
      <trkpt lat="47.1541681420058" lon="-119.92899217642844">
        <ele>361.59</ele>
        <time>2018-04-14T17:07:50Z</time>
      </trkpt>
      <trkpt lat="47.15416579507291" lon="-119.92935209535062">
        <ele>362.55</ele>
        <time>2018-04-14T17:08:08Z</time>
      </trkpt>
      <trkpt lat="47.15416453778744" lon="-119.92968494072556">
        <ele>363.52</ele>
        <time>2018-04-14T17:08:25Z</time>
      </trkpt>
      <trkpt lat="47.15416671708226" lon="-119.92974218912423">
        <ele>363.52</ele>
        <time>2018-04-14T17:08:29Z</time>
      </trkpt>
      <trkpt lat="47.154161436483264" lon="-119.9297711905092">
        <ele>363.52</ele>
        <time>2018-04-14T17:08:31Z</time>
      </trkpt>
      <trkpt lat="47.15414509177208" lon="-119.93014208972454">
        <ele>363.04</ele>
        <time>2018-04-14T17:08:52Z</time>
      </trkpt>
      <trkpt lat="47.15414743870497" lon="-119.93034560233355">
        <ele>363.52</ele>
        <time>2018-04-14T17:09:05Z</time>
      </trkpt>
      <trkpt lat="47.15413788333535" lon="-119.93048390373588">
        <ele>363.04</ele>
        <time>2018-04-14T17:09:12Z</time>
      </trkpt>
      <trkpt lat="47.15414802543819" lon="-119.9305537249893">
        <ele>363.52</ele>
        <time>2018-04-14T17:09:24Z</time>
      </trkpt>
      <trkpt lat="47.15414115227759" lon="-119.93056889623404">
        <ele>363.52</ele>
        <time>2018-04-14T17:09:27Z</time>
      </trkpt>
      <trkpt lat="47.154144337400794" lon="-119.93062530644238">
        <ele>364.0</ele>
        <time>2018-04-14T17:09:31Z</time>
      </trkpt>
      <trkpt lat="47.15414266102016" lon="-119.93066486902535">
        <ele>364.48</ele>
        <time>2018-04-14T17:09:34Z</time>
      </trkpt>
      <trkpt lat="47.15415892191231" lon="-119.93071541190147">
        <ele>365.44</ele>
        <time>2018-04-14T17:09:46Z</time>
      </trkpt>
      <trkpt lat="47.1541456785053" lon="-119.93072966113687">
        <ele>365.44</ele>
        <time>2018-04-14T17:09:52Z</time>
      </trkpt>
      <trkpt lat="47.15425212867558" lon="-119.93069403804839">
        <ele>370.24</ele>
        <time>2018-04-14T17:10:08Z</time>
      </trkpt>
      <trkpt lat="47.1542630251497" lon="-119.93070987984538">
        <ele>366.4</ele>
        <time>2018-04-14T17:11:20Z</time>
      </trkpt>
      <trkpt lat="47.15424978174269" lon="-119.93070971220732">
        <ele>368.32</ele>
        <time>2018-04-14T17:11:32Z</time>
      </trkpt>
      <trkpt lat="47.15418423525989" lon="-119.93069965392351">
        <ele>366.88</ele>
        <time>2018-04-14T17:11:39Z</time>
      </trkpt>
      <trkpt lat="47.154199155047536" lon="-119.93070719763637">
        <ele>366.88</ele>
        <time>2018-04-14T17:11:42Z</time>
      </trkpt>
      <trkpt lat="47.15413386002183" lon="-119.93085304275155">
        <ele>366.4</ele>
        <time>2018-04-14T17:11:51Z</time>
      </trkpt>
      <trkpt lat="47.15410351753235" lon="-119.93112042546272">
        <ele>363.52</ele>
        <time>2018-04-14T17:12:05Z</time>
      </trkpt>
      <trkpt lat="47.154081808403134" lon="-119.93132167495787">
        <ele>362.55</ele>
        <time>2018-04-14T17:12:16Z</time>
      </trkpt>
      <trkpt lat="47.15407770127058" lon="-119.93146291002631">
        <ele>362.55</ele>
        <time>2018-04-14T17:12:23Z</time>
      </trkpt>
      <trkpt lat="47.15403746813536" lon="-119.93182031437755">
        <ele>361.59</ele>
        <time>2018-04-14T17:12:41Z</time>
      </trkpt>
      <trkpt lat="47.153982650488615" lon="-119.93211359716952">
        <ele>359.19</ele>
        <time>2018-04-14T17:12:56Z</time>
      </trkpt>
      <trkpt lat="47.153934706002474" lon="-119.93241149000823">
        <ele>359.67</ele>
        <time>2018-04-14T17:13:11Z</time>
      </trkpt>
      <trkpt lat="47.15400008484721" lon="-119.93266571313143">
        <ele>361.59</ele>
        <time>2018-04-14T17:13:26Z</time>
      </trkpt>
      <trkpt lat="47.154022213071585" lon="-119.93282639421523">
        <ele>361.11</ele>
        <time>2018-04-14T17:13:34Z</time>
      </trkpt>
      <trkpt lat="47.15401500463486" lon="-119.93305664509535">
        <ele>360.63</ele>
        <time>2018-04-14T17:13:45Z</time>
      </trkpt>
      <trkpt lat="47.15400813147426" lon="-119.93339938111603">
        <ele>360.63</ele>
        <time>2018-04-14T17:14:02Z</time>
      </trkpt>
      <trkpt lat="47.154006035998464" lon="-119.93347741663456">
        <ele>361.59</ele>
        <time>2018-04-14T17:14:10Z</time>
      </trkpt>
      <trkpt lat="47.154028080403805" lon="-119.93358235806227">
        <ele>362.07</ele>
        <time>2018-04-14T17:14:16Z</time>
      </trkpt>
      <trkpt lat="47.15406211093068" lon="-119.93394169025123">
        <ele>361.59</ele>
        <time>2018-04-14T17:14:34Z</time>
      </trkpt>
      <trkpt lat="47.154007125645876" lon="-119.93425852619112">
        <ele>360.63</ele>
        <time>2018-04-14T17:14:50Z</time>
      </trkpt>
      <trkpt lat="47.15387008152902" lon="-119.93439900688827">
        <ele>359.19</ele>
        <time>2018-04-14T17:15:03Z</time>
      </trkpt>
      <trkpt lat="47.15372432023287" lon="-119.93441040627658">
        <ele>357.75</ele>
        <time>2018-04-14T17:15:18Z</time>
      </trkpt>
      <trkpt lat="47.15367805212736" lon="-119.93441032245755">
        <ele>355.83</ele>
        <time>2018-04-14T17:15:23Z</time>
      </trkpt>
      <trkpt lat="47.15358467772603" lon="-119.93445332162082">
        <ele>353.9</ele>
        <time>2018-04-14T17:15:33Z</time>
      </trkpt>
      <trkpt lat="47.153571266680956" lon="-119.93448676541448">
        <ele>353.42</ele>
        <time>2018-04-14T17:15:36Z</time>
      </trkpt>
      <trkpt lat="47.15344495140016" lon="-119.93455675430596">
        <ele>351.02</ele>
        <time>2018-04-14T17:15:49Z</time>
      </trkpt>
      <trkpt lat="47.15341527946293" lon="-119.9345856718719">
        <ele>351.02</ele>
        <time>2018-04-14T17:15:52Z</time>
      </trkpt>
      <trkpt lat="47.15334361419082" lon="-119.93475624360144">
        <ele>349.1</ele>
        <time>2018-04-14T17:16:06Z</time>
      </trkpt>
      <trkpt lat="47.15330086648464" lon="-119.93479345925152">
        <ele>348.62</ele>
        <time>2018-04-14T17:16:11Z</time>
      </trkpt>
      <trkpt lat="47.153221322223544" lon="-119.93483670987189">
        <ele>346.69</ele>
        <time>2018-04-14T17:16:25Z</time>
      </trkpt>
      <trkpt lat="47.153209168463945" lon="-119.93485456332564">
        <ele>347.17</ele>
        <time>2018-04-14T17:16:31Z</time>
      </trkpt>
      <trkpt lat="47.153187626972795" lon="-119.93492270819843">
        <ele>346.21</ele>
        <time>2018-04-14T17:16:36Z</time>
      </trkpt>
      <trkpt lat="47.15313180349767" lon="-119.93498020805418">
        <ele>344.77</ele>
        <time>2018-04-14T17:16:44Z</time>
      </trkpt>
      <trkpt lat="47.15306835249066" lon="-119.93496486917138">
        <ele>343.33</ele>
        <time>2018-04-14T17:16:50Z</time>
      </trkpt>
      <trkpt lat="47.15304957702756" lon="-119.93495506234467">
        <ele>342.85</ele>
        <time>2018-04-14T17:16:52Z</time>
      </trkpt>
      <trkpt lat="47.152915047481656" lon="-119.93502991273999">
        <ele>340.44</ele>
        <time>2018-04-14T17:17:03Z</time>
      </trkpt>
      <trkpt lat="47.15284061618149" lon="-119.93502396158874">
        <ele>338.04</ele>
        <time>2018-04-14T17:17:12Z</time>
      </trkpt>
      <trkpt lat="47.152795270085335" lon="-119.93502773344517">
        <ele>335.64</ele>
        <time>2018-04-14T17:17:19Z</time>
      </trkpt>
      <trkpt lat="47.15278722345829" lon="-119.93512689135969">
        <ele>333.71</ele>
        <time>2018-04-14T17:17:33Z</time>
      </trkpt>
      <trkpt lat="47.152730729430914" lon="-119.93519805371761">
        <ele>332.75</ele>
        <time>2018-04-14T17:17:47Z</time>
      </trkpt>
      <trkpt lat="47.152691250666976" lon="-119.93528924882412">
        <ele>330.35</ele>
        <time>2018-04-14T17:18:00Z</time>
      </trkpt>
      <trkpt lat="47.15268462896347" lon="-119.93545470759273">
        <ele>326.5</ele>
        <time>2018-04-14T17:18:14Z</time>
      </trkpt>
      <trkpt lat="47.15266317129135" lon="-119.93554715998471">
        <ele>324.1</ele>
        <time>2018-04-14T17:18:26Z</time>
      </trkpt>
      <trkpt lat="47.152650598436594" lon="-119.93556551635265">
        <ele>323.14</ele>
        <time>2018-04-14T17:18:28Z</time>
      </trkpt>
      <trkpt lat="47.152619333937764" lon="-119.9356285482645">
        <ele>322.18</ele>
        <time>2018-04-14T17:18:32Z</time>
      </trkpt>
      <trkpt lat="47.1525620855391" lon="-119.93566936813295">
        <ele>319.78</ele>
        <time>2018-04-14T17:18:42Z</time>
      </trkpt>
      <trkpt lat="47.15256149880588" lon="-119.93568319827318">
        <ele>319.78</ele>
        <time>2018-04-14T17:18:44Z</time>
      </trkpt>
      <trkpt lat="47.15257859788835" lon="-119.9357427097857">
        <ele>319.3</ele>
        <time>2018-04-14T17:19:00Z</time>
      </trkpt>
      <trkpt lat="47.15258002281189" lon="-119.93575268425047">
        <ele>318.81</ele>
        <time>2018-04-14T17:19:13Z</time>
      </trkpt>
      <trkpt lat="47.152586644515395" lon="-119.935735585168">
        <ele>318.33</ele>
        <time>2018-04-14T17:19:27Z</time>
      </trkpt>
      <trkpt lat="47.15256300754845" lon="-119.93576047942042">
        <ele>316.89</ele>
        <time>2018-04-14T17:19:33Z</time>
      </trkpt>
      <trkpt lat="47.15251129120588" lon="-119.93596566841006">
        <ele>315.45</ele>
        <time>2018-04-14T17:19:44Z</time>
      </trkpt>
      <trkpt lat="47.15250290930271" lon="-119.93604747578502">
        <ele>315.93</ele>
        <time>2018-04-14T17:19:49Z</time>
      </trkpt>
      <trkpt lat="47.152509866282344" lon="-119.9360830988735">
        <ele>315.93</ele>
        <time>2018-04-14T17:19:51Z</time>
      </trkpt>
      <trkpt lat="47.152472231537104" lon="-119.93616289459169">
        <ele>314.97</ele>
        <time>2018-04-14T17:19:56Z</time>
      </trkpt>
      <trkpt lat="47.15239570476115" lon="-119.93625844828784">
        <ele>313.53</ele>
        <time>2018-04-14T17:20:04Z</time>
      </trkpt>
      <trkpt lat="47.15234650298953" lon="-119.93635266087949">
        <ele>313.53</ele>
        <time>2018-04-14T17:20:10Z</time>
      </trkpt>
      <trkpt lat="47.152333511039615" lon="-119.93642206303775">
        <ele>312.57</ele>
        <time>2018-04-14T17:20:14Z</time>
      </trkpt>
      <trkpt lat="47.152332086116076" lon="-119.93645802140236">
        <ele>312.57</ele>
        <time>2018-04-14T17:20:16Z</time>
      </trkpt>
      <trkpt lat="47.15230107307434" lon="-119.93651510216296">
        <ele>312.09</ele>
        <time>2018-04-14T17:20:20Z</time>
      </trkpt>
      <trkpt lat="47.15229067951441" lon="-119.93666119873524">
        <ele>311.6</ele>
        <time>2018-04-14T17:20:28Z</time>
      </trkpt>
      <trkpt lat="47.15233661234379" lon="-119.93677318096161">
        <ele>312.09</ele>
        <time>2018-04-14T17:20:36Z</time>
      </trkpt>
      <trkpt lat="47.15236796066165" lon="-119.9369584210217">
        <ele>310.64</ele>
        <time>2018-04-14T17:20:50Z</time>
      </trkpt>
      <trkpt lat="47.152376510202885" lon="-119.93699253536761">
        <ele>310.16</ele>
        <time>2018-04-14T17:20:53Z</time>
      </trkpt>
      <trkpt lat="47.15236812829971" lon="-119.93709169328213">
        <ele>308.24</ele>
        <time>2018-04-14T17:20:59Z</time>
      </trkpt>
      <trkpt lat="47.152406349778175" lon="-119.93718003854156">
        <ele>306.8</ele>
        <time>2018-04-14T17:21:04Z</time>
      </trkpt>
      <trkpt lat="47.15239771641791" lon="-119.93730962276459">
        <ele>305.84</ele>
        <time>2018-04-14T17:21:12Z</time>
      </trkpt>
      <trkpt lat="47.152544567361474" lon="-119.93780666962266">
        <ele>306.32</ele>
        <time>2018-04-14T17:21:41Z</time>
      </trkpt>
      <trkpt lat="47.152707846835256" lon="-119.93796919472516">
        <ele>303.91</ele>
        <time>2018-04-14T17:21:56Z</time>
      </trkpt>
      <trkpt lat="47.15273626148701" lon="-119.93800255469978">
        <ele>303.91</ele>
        <time>2018-04-14T17:21:59Z</time>
      </trkpt>
      <trkpt lat="47.15280482545495" lon="-119.93814689107239">
        <ele>303.43</ele>
        <time>2018-04-14T17:22:08Z</time>
      </trkpt>
      <trkpt lat="47.152839191257954" lon="-119.93827681057155">
        <ele>303.43</ele>
        <time>2018-04-14T17:22:15Z</time>
      </trkpt>
      <trkpt lat="47.15284547768533" lon="-119.93831545114517">
        <ele>303.43</ele>
        <time>2018-04-14T17:22:17Z</time>
      </trkpt>
      <trkpt lat="47.152876826003194" lon="-119.9384294450283">
        <ele>303.43</ele>
        <time>2018-04-14T17:22:23Z</time>
      </trkpt>
      <trkpt lat="47.152860313653946" lon="-119.93860295042396">
        <ele>302.95</ele>
        <time>2018-04-14T17:22:33Z</time>
      </trkpt>
      <trkpt lat="47.15286006219685" lon="-119.93868559598923">
        <ele>302.95</ele>
        <time>2018-04-14T17:22:38Z</time>
      </trkpt>
      <trkpt lat="47.15283592231572" lon="-119.93876933120191">
        <ele>303.43</ele>
        <time>2018-04-14T17:22:44Z</time>
      </trkpt>
      <trkpt lat="47.15285721234977" lon="-119.93882674723864">
        <ele>304.39</ele>
        <time>2018-04-14T17:22:48Z</time>
      </trkpt>
      <trkpt lat="47.15285796672106" lon="-119.93893604725599">
        <ele>303.91</ele>
        <time>2018-04-14T17:22:54Z</time>
      </trkpt>
      <trkpt lat="47.15290163643658" lon="-119.93902321904898">
        <ele>303.91</ele>
        <time>2018-04-14T17:23:09Z</time>
      </trkpt>
      <trkpt lat="47.152884202077985" lon="-119.93905565701425">
        <ele>303.91</ele>
        <time>2018-04-14T17:23:12Z</time>
      </trkpt>
      <trkpt lat="47.152885124087334" lon="-119.93911718018353">
        <ele>303.91</ele>
        <time>2018-04-14T17:23:16Z</time>
      </trkpt>
      <trkpt lat="47.15287716127932" lon="-119.93917702697217">
        <ele>303.91</ele>
        <time>2018-04-14T17:23:20Z</time>
      </trkpt>
      <trkpt lat="47.15288981795311" lon="-119.93928758427501">
        <ele>303.91</ele>
        <time>2018-04-14T17:23:31Z</time>
      </trkpt>
      <trkpt lat="47.152866683900356" lon="-119.93937643244863">
        <ele>301.03</ele>
        <time>2018-04-14T17:23:43Z</time>
      </trkpt>
      <trkpt lat="47.15288436971605" lon="-119.93943443521857">
        <ele>298.15</ele>
        <time>2018-04-14T17:23:54Z</time>
      </trkpt>
      <trkpt lat="47.15287758037448" lon="-119.93945932947099">
        <ele>297.67</ele>
        <time>2018-04-14T17:24:07Z</time>
      </trkpt>
      <trkpt lat="47.15291764587164" lon="-119.93955144658685">
        <ele>297.18</ele>
        <time>2018-04-14T17:24:17Z</time>
      </trkpt>
      <trkpt lat="47.15290012769401" lon="-119.93964775465429">
        <ele>294.78</ele>
        <time>2018-04-14T17:24:31Z</time>
      </trkpt>
      <trkpt lat="47.15289853513241" lon="-119.93966108188033">
        <ele>294.3</ele>
        <time>2018-04-14T17:24:44Z</time>
      </trkpt>
      <trkpt lat="47.152904737740755" lon="-119.93969687260687">
        <ele>294.78</ele>
        <time>2018-04-14T17:24:53Z</time>
      </trkpt>
      <trkpt lat="47.15296450071037" lon="-119.93982955813408">
        <ele>295.74</ele>
        <time>2018-04-14T17:25:09Z</time>
      </trkpt>
      <trkpt lat="47.15294421650469" lon="-119.93994782678783">
        <ele>293.82</ele>
        <time>2018-04-14T17:25:22Z</time>
      </trkpt>
      <trkpt lat="47.15291236527264" lon="-119.93999049067497">
        <ele>292.86</ele>
        <time>2018-04-14T17:25:31Z</time>
      </trkpt>
      <trkpt lat="47.15290800668299" lon="-119.94002418592572">
        <ele>289.97</ele>
        <time>2018-04-14T17:25:46Z</time>
      </trkpt>
      <trkpt lat="47.152890069410205" lon="-119.9400888942182">
        <ele>287.57</ele>
        <time>2018-04-14T17:25:58Z</time>
      </trkpt>
      <trkpt lat="47.15287112630904" lon="-119.94010054506361">
        <ele>283.73</ele>
        <time>2018-04-14T17:26:13Z</time>
      </trkpt>
      <trkpt lat="47.15286400169134" lon="-119.94014857336879">
        <ele>280.36</ele>
        <time>2018-04-14T17:26:25Z</time>
      </trkpt>
      <trkpt lat="47.15284095145762" lon="-119.94014354422688">
        <ele>278.92</ele>
        <time>2018-04-14T17:26:35Z</time>
      </trkpt>
      <trkpt lat="47.15279694646597" lon="-119.94018126279116">
        <ele>277.96</ele>
        <time>2018-04-14T17:26:46Z</time>
      </trkpt>
      <trkpt lat="47.15270088985562" lon="-119.9402773194015">
        <ele>276.04</ele>
        <time>2018-04-14T17:27:12Z</time>
      </trkpt>
      <trkpt lat="47.15264406055212" lon="-119.94027564302087">
        <ele>273.63</ele>
        <time>2018-04-14T17:27:26Z</time>
      </trkpt>
      <trkpt lat="47.152577340602875" lon="-119.9402722902596">
        <ele>272.67</ele>
        <time>2018-04-14T17:27:35Z</time>
      </trkpt>
      <trkpt lat="47.152531491592526" lon="-119.94025200605392">
        <ele>271.23</ele>
        <time>2018-04-14T17:27:45Z</time>
      </trkpt>
      <trkpt lat="47.15255806222558" lon="-119.94034144096076">
        <ele>270.27</ele>
        <time>2018-04-14T17:27:57Z</time>
      </trkpt>
      <trkpt lat="47.15251799672842" lon="-119.94037052616477">
        <ele>268.35</ele>
        <time>2018-04-14T17:28:14Z</time>
      </trkpt>
      <trkpt lat="47.15246661566198" lon="-119.94040422141552">
        <ele>267.38</ele>
        <time>2018-04-14T17:28:24Z</time>
      </trkpt>
      <trkpt lat="47.15253375470638" lon="-119.9403185583651">
        <ele>266.9</ele>
        <time>2018-04-14T17:29:01Z</time>
      </trkpt>
      <trkpt lat="47.15252319350839" lon="-119.9403795786202">
        <ele>263.54</ele>
        <time>2018-04-14T17:29:20Z</time>
      </trkpt>
      <trkpt lat="47.152532413601875" lon="-119.94040036574006">
        <ele>262.1</ele>
        <time>2018-04-14T17:29:44Z</time>
      </trkpt>
      <trkpt lat="47.15256870724261" lon="-119.94039718061686">
        <ele>261.14</ele>
        <time>2018-04-14T17:30:08Z</time>
      </trkpt>
      <trkpt lat="47.15258438140154" lon="-119.94031076319516">
        <ele>261.62</ele>
        <time>2018-04-14T17:30:30Z</time>
      </trkpt>
      <trkpt lat="47.152485558763146" lon="-119.94036633521318">
        <ele>260.65</ele>
        <time>2018-04-14T17:30:48Z</time>
      </trkpt>
      <trkpt lat="47.152422945946455" lon="-119.94039902463555">
        <ele>260.65</ele>
        <time>2018-04-14T17:31:18Z</time>
      </trkpt>
      <trkpt lat="47.15183747000992" lon="-119.9407699238509">
        <ele>314.97</ele>
        <time>2018-04-14T17:31:38Z</time>
      </trkpt>
      <trkpt lat="47.15188818052411" lon="-119.94080043397844">
        <ele>317.85</ele>
        <time>2018-04-14T17:31:56Z</time>
      </trkpt>
      <trkpt lat="47.15165013447404" lon="-119.94095767848194">
        <ele>338.04</ele>
        <time>2018-04-14T17:32:16Z</time>
      </trkpt>
      <trkpt lat="47.15165943838656" lon="-119.94093772955239">
        <ele>337.56</ele>
        <time>2018-04-14T17:32:40Z</time>
      </trkpt>
      <trkpt lat="47.1516727656126" lon="-119.94095524773002">
        <ele>337.56</ele>
        <time>2018-04-14T17:32:45Z</time>
      </trkpt>
      <trkpt lat="47.15180796571076" lon="-119.94109505787492">
        <ele>337.56</ele>
        <time>2018-04-14T17:32:57Z</time>
      </trkpt>
      <trkpt lat="47.15185842476785" lon="-119.94120553135872">
        <ele>337.56</ele>
        <time>2018-04-14T17:33:08Z</time>
      </trkpt>
      <trkpt lat="47.15259552933276" lon="-119.94075232185423">
        <ele>273.15</ele>
        <time>2018-04-14T17:33:19Z</time>
      </trkpt>
      <trkpt lat="47.15271002613008" lon="-119.94079976342618">
        <ele>264.02</ele>
        <time>2018-04-14T17:33:21Z</time>
      </trkpt>
      <trkpt lat="47.152881771326065" lon="-119.9409010168165">
        <ele>259.69</ele>
        <time>2018-04-14T17:33:34Z</time>
      </trkpt>
      <trkpt lat="47.15290976688266" lon="-119.94097888469696">
        <ele>257.29</ele>
        <time>2018-04-14T17:33:44Z</time>
      </trkpt>
      <trkpt lat="47.1529146283865" lon="-119.94098802097142">
        <ele>256.81</ele>
        <time>2018-04-14T17:33:45Z</time>
      </trkpt>
      <trkpt lat="47.15300330892205" lon="-119.94109095074236">
        <ele>258.25</ele>
        <time>2018-04-14T17:33:57Z</time>
      </trkpt>
      <trkpt lat="47.153019988909364" lon="-119.94116177782416">
        <ele>257.29</ele>
        <time>2018-04-14T17:34:07Z</time>
      </trkpt>
      <trkpt lat="47.15307841077447" lon="-119.94127057492733">
        <ele>257.29</ele>
        <time>2018-04-14T17:34:17Z</time>
      </trkpt>
      <trkpt lat="47.15315259061754" lon="-119.94140049442649">
        <ele>257.77</ele>
        <time>2018-04-14T17:34:29Z</time>
      </trkpt>
      <trkpt lat="47.153168600052595" lon="-119.94141139090061">
        <ele>258.25</ele>
        <time>2018-04-14T17:34:31Z</time>
      </trkpt>
      <trkpt lat="47.15321042574942" lon="-119.94147065095603">
        <ele>258.25</ele>
        <time>2018-04-14T17:34:38Z</time>
      </trkpt>
      <trkpt lat="47.15326901525259" lon="-119.94164541363716">
        <ele>258.73</ele>
        <time>2018-04-14T17:34:53Z</time>
      </trkpt>
      <trkpt lat="47.15326172299683" lon="-119.94167156517506">
        <ele>261.14</ele>
        <time>2018-04-14T17:35:10Z</time>
      </trkpt>
      <trkpt lat="47.15328502468765" lon="-119.94173250161111">
        <ele>260.65</ele>
        <time>2018-04-14T17:35:14Z</time>
      </trkpt>
      <trkpt lat="47.15336674824357" lon="-119.94193827733397">
        <ele>260.17</ele>
        <time>2018-04-14T17:35:28Z</time>
      </trkpt>
      <trkpt lat="47.15343623422086" lon="-119.9420316517353">
        <ele>260.65</ele>
        <time>2018-04-14T17:35:36Z</time>
      </trkpt>
      <trkpt lat="47.15348107740283" lon="-119.94220398366451">
        <ele>259.69</ele>
        <time>2018-04-14T17:35:49Z</time>
      </trkpt>
      <trkpt lat="47.15354662388563" lon="-119.94234379380941">
        <ele>259.69</ele>
        <time>2018-04-14T17:36:01Z</time>
      </trkpt>
      <trkpt lat="47.15357445180416" lon="-119.94247958064079">
        <ele>259.21</ele>
        <time>2018-04-14T17:36:13Z</time>
      </trkpt>
      <trkpt lat="47.15362859889865" lon="-119.94265048764646">
        <ele>257.77</ele>
        <time>2018-04-14T17:36:25Z</time>
      </trkpt>
      <trkpt lat="47.15362482704222" lon="-119.94268300943077">
        <ele>257.29</ele>
        <time>2018-04-14T17:36:27Z</time>
      </trkpt>
      <trkpt lat="47.15362130664289" lon="-119.94287612847984">
        <ele>257.29</ele>
        <time>2018-04-14T17:36:39Z</time>
      </trkpt>
      <trkpt lat="47.15364100411534" lon="-119.94305172935128">
        <ele>257.29</ele>
        <time>2018-04-14T17:36:50Z</time>
      </trkpt>
      <trkpt lat="47.15360286645591" lon="-119.94314409792423">
        <ele>258.25</ele>
        <time>2018-04-14T17:37:01Z</time>
      </trkpt>
      <trkpt lat="47.15357830747962" lon="-119.94321769103408">
        <ele>259.21</ele>
        <time>2018-04-14T17:37:11Z</time>
      </trkpt>
      <trkpt lat="47.15355726890266" lon="-119.94323722086847">
        <ele>258.25</ele>
        <time>2018-04-14T17:38:14Z</time>
      </trkpt>
      <trkpt lat="47.153529189527035" lon="-119.94333579204977">
        <ele>257.77</ele>
        <time>2018-04-14T17:38:27Z</time>
      </trkpt>
      <trkpt lat="47.153497003018856" lon="-119.94345724582672">
        <ele>260.17</ele>
        <time>2018-04-14T17:38:39Z</time>
      </trkpt>
      <trkpt lat="47.15346783399582" lon="-119.9436395522207">
        <ele>264.02</ele>
        <time>2018-04-14T17:39:04Z</time>
      </trkpt>
      <trkpt lat="47.1534257568419" lon="-119.94379512034357">
        <ele>270.75</ele>
        <time>2018-04-14T17:39:19Z</time>
      </trkpt>
      <trkpt lat="47.15336347930133" lon="-119.94406543672085">
        <ele>279.88</ele>
        <time>2018-04-14T17:39:47Z</time>
      </trkpt>
      <trkpt lat="47.15331109240651" lon="-119.94418102316558">
        <ele>280.36</ele>
        <time>2018-04-14T17:40:01Z</time>
      </trkpt>
      <trkpt lat="47.15327932499349" lon="-119.94431077502668">
        <ele>284.69</ele>
        <time>2018-04-14T17:40:15Z</time>
      </trkpt>
      <trkpt lat="47.15324060060084" lon="-119.94444580748677">
        <ele>286.61</ele>
        <time>2018-04-14T17:40:28Z</time>
      </trkpt>
      <trkpt lat="47.153185196220875" lon="-119.9446118529886">
        <ele>287.57</ele>
        <time>2018-04-14T17:40:42Z</time>
      </trkpt>
      <trkpt lat="47.153183268383145" lon="-119.94462601840496">
        <ele>287.57</ele>
        <time>2018-04-14T17:40:43Z</time>
      </trkpt>
      <trkpt lat="47.15316046960652" lon="-119.9446945823729">
        <ele>288.05</ele>
        <time>2018-04-14T17:40:48Z</time>
      </trkpt>
      <trkpt lat="47.15315502136946" lon="-119.94472634978592">
        <ele>288.05</ele>
        <time>2018-04-14T17:40:50Z</time>
      </trkpt>
      <trkpt lat="47.153141694143414" lon="-119.94476960040629">
        <ele>289.01</ele>
        <time>2018-04-14T17:40:53Z</time>
      </trkpt>
      <trkpt lat="47.15310933999717" lon="-119.94485635310411">
        <ele>289.49</ele>
        <time>2018-04-14T17:40:59Z</time>
      </trkpt>
      <trkpt lat="47.15309701859951" lon="-119.9449033755809">
        <ele>289.97</ele>
        <time>2018-04-14T17:41:02Z</time>
      </trkpt>
      <trkpt lat="47.153028873726726" lon="-119.94500136002898">
        <ele>290.94</ele>
        <time>2018-04-14T17:41:10Z</time>
      </trkpt>
      <trkpt lat="47.152958046644926" lon="-119.94511862285435">
        <ele>291.42</ele>
        <time>2018-04-14T17:41:19Z</time>
      </trkpt>
      <trkpt lat="47.152891997247934" lon="-119.94525021873415">
        <ele>293.34</ele>
        <time>2018-04-14T17:41:29Z</time>
      </trkpt>
      <trkpt lat="47.1528541110456" lon="-119.94532431475818">
        <ele>292.38</ele>
        <time>2018-04-14T17:41:41Z</time>
      </trkpt>
      <trkpt lat="47.152843214571476" lon="-119.94532708078623">
        <ele>291.9</ele>
        <time>2018-04-14T17:41:59Z</time>
      </trkpt>
      <trkpt lat="47.15284405276179" lon="-119.9453492090106">
        <ele>290.94</ele>
        <time>2018-04-14T17:42:21Z</time>
      </trkpt>
      <trkpt lat="47.15283039025962" lon="-119.94540335610509">
        <ele>291.42</ele>
        <time>2018-04-14T17:42:25Z</time>
      </trkpt>
      <trkpt lat="47.15267515741289" lon="-119.94577618315816">
        <ele>290.94</ele>
        <time>2018-04-14T17:42:51Z</time>
      </trkpt>
      <trkpt lat="47.1527003031224" lon="-119.94586301967502">
        <ele>291.9</ele>
        <time>2018-04-14T17:43:04Z</time>
      </trkpt>
      <trkpt lat="47.1527209226042" lon="-119.94590928778052">
        <ele>291.9</ele>
        <time>2018-04-14T17:43:08Z</time>
      </trkpt>
      <trkpt lat="47.1528628282249" lon="-119.94612428359687">
        <ele>292.86</ele>
        <time>2018-04-14T17:43:26Z</time>
      </trkpt>
      <trkpt lat="47.152946814894676" lon="-119.9463936779648">
        <ele>294.3</ele>
        <time>2018-04-14T17:43:43Z</time>
      </trkpt>
      <trkpt lat="47.15294949710369" lon="-119.94646567851305">
        <ele>293.82</ele>
        <time>2018-04-14T17:43:47Z</time>
      </trkpt>
      <trkpt lat="47.152989227324724" lon="-119.94655402377248">
        <ele>293.82</ele>
        <time>2018-04-14T17:43:53Z</time>
      </trkpt>
      <trkpt lat="47.15307212434709" lon="-119.94681830517948">
        <ele>293.82</ele>
        <time>2018-04-14T17:44:09Z</time>
      </trkpt>
      <trkpt lat="47.15315376408398" lon="-119.94710203260183">
        <ele>293.34</ele>
        <time>2018-04-14T17:44:26Z</time>
      </trkpt>
      <trkpt lat="47.153229620307684" lon="-119.94734988547862">
        <ele>292.86</ele>
        <time>2018-04-14T17:44:41Z</time>
      </trkpt>
      <trkpt lat="47.15331997722387" lon="-119.94761181995273">
        <ele>291.9</ele>
        <time>2018-04-14T17:44:57Z</time>
      </trkpt>
      <trkpt lat="47.153368005529046" lon="-119.94783385656774">
        <ele>291.42</ele>
        <time>2018-04-14T17:45:10Z</time>
      </trkpt>
      <trkpt lat="47.15342475101352" lon="-119.94817357510328">
        <ele>289.01</ele>
        <time>2018-04-14T17:45:28Z</time>
      </trkpt>
      <trkpt lat="47.153458781540394" lon="-119.94842159561813">
        <ele>288.05</ele>
        <time>2018-04-14T17:45:41Z</time>
      </trkpt>
      <trkpt lat="47.153495494276285" lon="-119.94863986037672">
        <ele>286.13</ele>
        <time>2018-04-14T17:45:57Z</time>
      </trkpt>
      <trkpt lat="47.15349624864757" lon="-119.94866550900042">
        <ele>286.13</ele>
        <time>2018-04-14T17:45:59Z</time>
      </trkpt>
      <trkpt lat="47.15341963805258" lon="-119.94884379208088">
        <ele>284.69</ele>
        <time>2018-04-14T17:46:12Z</time>
      </trkpt>
      <trkpt lat="47.1533824224025" lon="-119.94891411624849">
        <ele>283.73</ele>
        <time>2018-04-14T17:46:17Z</time>
      </trkpt>
      <trkpt lat="47.15322794392705" lon="-119.94915425777435">
        <ele>281.8</ele>
        <time>2018-04-14T17:46:34Z</time>
      </trkpt>
      <trkpt lat="47.15319341048598" lon="-119.9492347240448">
        <ele>281.32</ele>
        <time>2018-04-14T17:46:39Z</time>
      </trkpt>
      <trkpt lat="47.15313959866762" lon="-119.94930982589722">
        <ele>279.88</ele>
        <time>2018-04-14T17:46:44Z</time>
      </trkpt>
      <trkpt lat="47.15307069942355" lon="-119.94952163659036">
        <ele>277.48</ele>
        <time>2018-04-14T17:46:54Z</time>
      </trkpt>
      <trkpt lat="47.15289627201855" lon="-119.94962448254228">
        <ele>275.56</ele>
        <time>2018-04-14T17:47:08Z</time>
      </trkpt>
      <trkpt lat="47.15274288319051" lon="-119.94992380030453">
        <ele>275.56</ele>
        <time>2018-04-14T17:47:27Z</time>
      </trkpt>
      <trkpt lat="47.152607599273324" lon="-119.95017525739968">
        <ele>275.07</ele>
        <time>2018-04-14T17:47:44Z</time>
      </trkpt>
      <trkpt lat="47.15252646245062" lon="-119.95035622268915">
        <ele>275.07</ele>
        <time>2018-04-14T17:47:59Z</time>
      </trkpt>
      <trkpt lat="47.15250902809203" lon="-119.95038899593055">
        <ele>276.04</ele>
        <time>2018-04-14T17:48:03Z</time>
      </trkpt>
      <trkpt lat="47.1524809487164" lon="-119.95041715912521">
        <ele>276.04</ele>
        <time>2018-04-14T17:48:06Z</time>
      </trkpt>
      <trkpt lat="47.152414647862315" lon="-119.95070901699364">
        <ele>277.0</ele>
        <time>2018-04-14T17:48:24Z</time>
      </trkpt>
      <trkpt lat="47.15238564647734" lon="-119.95093239471316">
        <ele>277.96</ele>
        <time>2018-04-14T17:48:37Z</time>
      </trkpt>
      <trkpt lat="47.15236226096749" lon="-119.9509909003973">
        <ele>278.44</ele>
        <time>2018-04-14T17:48:41Z</time>
      </trkpt>
      <trkpt lat="47.15232856571674" lon="-119.95131536386907">
        <ele>278.44</ele>
        <time>2018-04-14T17:48:59Z</time>
      </trkpt>
      <trkpt lat="47.152329152449965" lon="-119.95143178850412">
        <ele>279.4</ele>
        <time>2018-04-14T17:49:08Z</time>
      </trkpt>
      <trkpt lat="47.15231414884329" lon="-119.95145014487207">
        <ele>279.88</ele>
        <time>2018-04-14T17:49:10Z</time>
      </trkpt>
      <trkpt lat="47.15224206447601" lon="-119.95174560695887">
        <ele>280.36</ele>
        <time>2018-04-14T17:49:28Z</time>
      </trkpt>
      <trkpt lat="47.15215916745365" lon="-119.95210175402462">
        <ele>280.84</ele>
        <time>2018-04-14T17:49:48Z</time>
      </trkpt>
      <trkpt lat="47.1520908549428" lon="-119.95244901627302">
        <ele>281.8</ele>
        <time>2018-04-14T17:50:07Z</time>
      </trkpt>
      <trkpt lat="47.15205145999789" lon="-119.95273852720857">
        <ele>281.8</ele>
        <time>2018-04-14T17:50:23Z</time>
      </trkpt>
      <trkpt lat="47.15209152549505" lon="-119.95303155854344">
        <ele>283.25</ele>
        <time>2018-04-14T17:50:39Z</time>
      </trkpt>
      <trkpt lat="47.1520493645221" lon="-119.95339969173074">
        <ele>282.28</ele>
        <time>2018-04-14T17:50:59Z</time>
      </trkpt>
      <trkpt lat="47.1520097181201" lon="-119.95374963618815">
        <ele>281.8</ele>
        <time>2018-04-14T17:51:17Z</time>
      </trkpt>
      <trkpt lat="47.15195221826434" lon="-119.95390738360584">
        <ele>280.84</ele>
        <time>2018-04-14T17:51:26Z</time>
      </trkpt>
      <trkpt lat="47.15194987133145" lon="-119.95394526980817">
        <ele>280.84</ele>
        <time>2018-04-14T17:51:28Z</time>
      </trkpt>
      <trkpt lat="47.15190410614014" lon="-119.95422111824155">
        <ele>280.84</ele>
        <time>2018-04-14T17:51:43Z</time>
      </trkpt>
      <trkpt lat="47.1518440078944" lon="-119.95453108102083">
        <ele>281.32</ele>
        <time>2018-04-14T17:52:00Z</time>
      </trkpt>
      <trkpt lat="47.15183830820024" lon="-119.95484724640846">
        <ele>280.36</ele>
        <time>2018-04-14T17:52:16Z</time>
      </trkpt>
      <trkpt lat="47.15184467844665" lon="-119.95515150949359">
        <ele>279.88</ele>
        <time>2018-04-14T17:52:32Z</time>
      </trkpt>
      <trkpt lat="47.15183981694281" lon="-119.95522401295602">
        <ele>279.4</ele>
        <time>2018-04-14T17:52:36Z</time>
      </trkpt>
      <trkpt lat="47.15185984969139" lon="-119.95557353831828">
        <ele>278.92</ele>
        <time>2018-04-14T17:52:54Z</time>
      </trkpt>
      <trkpt lat="47.15188097208738" lon="-119.95585625991225">
        <ele>280.36</ele>
        <time>2018-04-14T17:53:09Z</time>
      </trkpt>
      <trkpt lat="47.15189974755049" lon="-119.95619773864746">
        <ele>280.36</ele>
        <time>2018-04-14T17:53:27Z</time>
      </trkpt>
      <trkpt lat="47.15195347554982" lon="-119.95651122182608">
        <ele>280.36</ele>
        <time>2018-04-14T17:53:43Z</time>
      </trkpt>
      <trkpt lat="47.15196286328137" lon="-119.9567916803062">
        <ele>281.8</ele>
        <time>2018-04-14T17:53:58Z</time>
      </trkpt>
      <trkpt lat="47.151968060061336" lon="-119.95709426701069">
        <ele>282.28</ele>
        <time>2018-04-14T17:54:14Z</time>
      </trkpt>
      <trkpt lat="47.15196688659489" lon="-119.95741554535925">
        <ele>281.32</ele>
        <time>2018-04-14T17:54:31Z</time>
      </trkpt>
      <trkpt lat="47.15196420438588" lon="-119.95773958973587">
        <ele>281.32</ele>
        <time>2018-04-14T17:54:48Z</time>
      </trkpt>
      <trkpt lat="47.152020027861" lon="-119.9580380693078">
        <ele>283.25</ele>
        <time>2018-04-14T17:55:04Z</time>
      </trkpt>
      <trkpt lat="47.15203000232577" lon="-119.95835532434285">
        <ele>284.69</ele>
        <time>2018-04-14T17:55:21Z</time>
      </trkpt>
      <trkpt lat="47.15209638699889" lon="-119.95863117277622">
        <ele>284.69</ele>
        <time>2018-04-14T17:55:37Z</time>
      </trkpt>
      <trkpt lat="47.15210552327335" lon="-119.95866092853248">
        <ele>284.21</ele>
        <time>2018-04-14T17:55:39Z</time>
      </trkpt>
      <trkpt lat="47.1521511208266" lon="-119.95877048000693">
        <ele>285.17</ele>
        <time>2018-04-14T17:55:46Z</time>
      </trkpt>
      <trkpt lat="47.15220577083528" lon="-119.9590034969151">
        <ele>286.61</ele>
        <time>2018-04-14T17:56:00Z</time>
      </trkpt>
      <trkpt lat="47.152219181880355" lon="-119.95905311778188">
        <ele>287.09</ele>
        <time>2018-04-14T17:56:03Z</time>
      </trkpt>
      <trkpt lat="47.15226008556783" lon="-119.95915655046701">
        <ele>287.09</ele>
        <time>2018-04-14T17:56:10Z</time>
      </trkpt>
      <trkpt lat="47.15232705697417" lon="-119.959188234061">
        <ele>287.09</ele>
        <time>2018-04-14T17:56:16Z</time>
      </trkpt>
      <trkpt lat="47.1523670386523" lon="-119.95924070477486">
        <ele>287.57</ele>
        <time>2018-04-14T17:56:21Z</time>
      </trkpt>
      <trkpt lat="47.152410205453634" lon="-119.95940222404897">
        <ele>288.05</ele>
        <time>2018-04-14T17:56:32Z</time>
      </trkpt>
      <trkpt lat="47.152459071949124" lon="-119.95959609746933">
        <ele>290.94</ele>
        <time>2018-04-14T17:56:46Z</time>
      </trkpt>
      <trkpt lat="47.15251204557717" lon="-119.95984612964094">
        <ele>293.34</ele>
        <time>2018-04-14T17:57:02Z</time>
      </trkpt>
      <trkpt lat="47.15255110524595" lon="-119.96003321371973">
        <ele>293.82</ele>
        <time>2018-04-14T17:57:14Z</time>
      </trkpt>
      <trkpt lat="47.15258890762925" lon="-119.96015936136246">
        <ele>294.3</ele>
        <time>2018-04-14T17:57:22Z</time>
      </trkpt>
      <trkpt lat="47.15262461453676" lon="-119.96023220010102">
        <ele>294.78</ele>
        <time>2018-04-14T17:57:27Z</time>
      </trkpt>
      <trkpt lat="47.152685802429914" lon="-119.96036044321954">
        <ele>294.78</ele>
        <time>2018-04-14T17:57:37Z</time>
      </trkpt>
      <trkpt lat="47.152784541249275" lon="-119.96061634272337">
        <ele>296.7</ele>
        <time>2018-04-14T17:57:54Z</time>
      </trkpt>
      <trkpt lat="47.15281320735812" lon="-119.96076143346727">
        <ele>298.15</ele>
        <time>2018-04-14T17:58:03Z</time>
      </trkpt>
      <trkpt lat="47.152819745242596" lon="-119.96094717644155">
        <ele>299.59</ele>
        <time>2018-04-14T17:58:13Z</time>
      </trkpt>
      <trkpt lat="47.152822175994515" lon="-119.96127616614103">
        <ele>298.63</ele>
        <time>2018-04-14T17:58:30Z</time>
      </trkpt>
      <trkpt lat="47.152819745242596" lon="-119.96139544062316">
        <ele>298.15</ele>
        <time>2018-04-14T17:58:36Z</time>
      </trkpt>
      <trkpt lat="47.1528160572052" lon="-119.96148864738643">
        <ele>297.67</ele>
        <time>2018-04-14T17:58:41Z</time>
      </trkpt>
      <trkpt lat="47.15283365920186" lon="-119.96181621216238">
        <ele>297.67</ele>
        <time>2018-04-14T17:58:59Z</time>
      </trkpt>
      <trkpt lat="47.15286408551037" lon="-119.96211695484817">
        <ele>297.67</ele>
        <time>2018-04-14T17:59:15Z</time>
      </trkpt>
      <trkpt lat="47.15288830921054" lon="-119.96242063120008">
        <ele>297.67</ele>
        <time>2018-04-14T17:59:31Z</time>
      </trkpt>
      <trkpt lat="47.152863247320056" lon="-119.96277912519872">
        <ele>297.67</ele>
        <time>2018-04-14T17:59:49Z</time>
      </trkpt>
      <trkpt lat="47.15285369195044" lon="-119.96312295086682">
        <ele>298.15</ele>
        <time>2018-04-14T18:00:07Z</time>
      </trkpt>
      <trkpt lat="47.15291580185294" lon="-119.96342201717198">
        <ele>300.07</ele>
        <time>2018-04-14T18:00:23Z</time>
      </trkpt>
      <trkpt lat="47.15297430753708" lon="-119.96372686699033">
        <ele>301.03</ele>
        <time>2018-04-14T18:00:40Z</time>
      </trkpt>
      <trkpt lat="47.153057204559445" lon="-119.96406373567879">
        <ele>301.51</ele>
        <time>2018-04-14T18:00:59Z</time>
      </trkpt>
      <trkpt lat="47.15315066277981" lon="-119.96431418694556">
        <ele>302.47</ele>
        <time>2018-04-14T18:01:15Z</time>
      </trkpt>
      <trkpt lat="47.15319810435176" lon="-119.96464267373085">
        <ele>301.99</ele>
        <time>2018-04-14T18:01:33Z</time>
      </trkpt>
      <trkpt lat="47.15322492644191" lon="-119.96500468812883">
        <ele>301.51</ele>
        <time>2018-04-14T18:01:52Z</time>
      </trkpt>
      <trkpt lat="47.15330304577947" lon="-119.96535647660494">
        <ele>301.03</ele>
        <time>2018-04-14T18:02:11Z</time>
      </trkpt>
      <trkpt lat="47.153325006365776" lon="-119.96570147573948">
        <ele>300.55</ele>
        <time>2018-04-14T18:02:29Z</time>
      </trkpt>
      <trkpt lat="47.15332584455609" lon="-119.96602803468704">
        <ele>300.07</ele>
        <time>2018-04-14T18:02:46Z</time>
      </trkpt>
      <trkpt lat="47.15331410989165" lon="-119.96608327142894">
        <ele>300.07</ele>
        <time>2018-04-14T18:02:49Z</time>
      </trkpt>
      <trkpt lat="47.153309751302004" lon="-119.96618133969605">
        <ele>299.59</ele>
        <time>2018-04-14T18:02:54Z</time>
      </trkpt>
      <trkpt lat="47.15329877100885" lon="-119.96657487004995">
        <ele>299.59</ele>
        <time>2018-04-14T18:03:14Z</time>
      </trkpt>
      <trkpt lat="47.15335073880851" lon="-119.96690612286329">
        <ele>300.07</ele>
        <time>2018-04-14T18:03:32Z</time>
      </trkpt>
      <trkpt lat="47.15343229472637" lon="-119.96720485389233">
        <ele>301.03</ele>
        <time>2018-04-14T18:03:48Z</time>
      </trkpt>
      <trkpt lat="47.15347873046994" lon="-119.967484138906">
        <ele>301.03</ele>
        <time>2018-04-14T18:04:03Z</time>
      </trkpt>
      <trkpt lat="47.153554083779454" lon="-119.9678210914135">
        <ele>301.03</ele>
        <time>2018-04-14T18:04:21Z</time>
      </trkpt>
      <trkpt lat="47.153616193681955" lon="-119.96817036531866">
        <ele>301.51</ele>
        <time>2018-04-14T18:04:39Z</time>
      </trkpt>
      <trkpt lat="47.15368174016476" lon="-119.96850547380745">
        <ele>301.51</ele>
        <time>2018-04-14T18:04:57Z</time>
      </trkpt>
      <trkpt lat="47.15373462997377" lon="-119.96879766695201">
        <ele>300.55</ele>
        <time>2018-04-14T18:05:13Z</time>
      </trkpt>
      <trkpt lat="47.15382255613804" lon="-119.96918952092528">
        <ele>300.55</ele>
        <time>2018-04-14T18:05:34Z</time>
      </trkpt>
      <trkpt lat="47.15388558804989" lon="-119.96948816813529">
        <ele>301.99</ele>
        <time>2018-04-14T18:05:50Z</time>
      </trkpt>
      <trkpt lat="47.15398273430765" lon="-119.96978388167918">
        <ele>301.99</ele>
        <time>2018-04-14T18:06:07Z</time>
      </trkpt>
      <trkpt lat="47.154010981321335" lon="-119.96990818530321">
        <ele>301.99</ele>
        <time>2018-04-14T18:06:14Z</time>
      </trkpt>
      <trkpt lat="47.154024727642536" lon="-119.96998345479369">
        <ele>301.99</ele>
        <time>2018-04-14T18:06:18Z</time>
      </trkpt>
      <trkpt lat="47.154127825051546" lon="-119.9703455530107">
        <ele>300.55</ele>
        <time>2018-04-14T18:06:38Z</time>
      </trkpt>
      <trkpt lat="47.154209883883595" lon="-119.97064311057329">
        <ele>300.55</ele>
        <time>2018-04-14T18:06:54Z</time>
      </trkpt>
      <trkpt lat="47.15434139594436" lon="-119.9709502235055">
        <ele>300.55</ele>
        <time>2018-04-14T18:07:12Z</time>
      </trkpt>
      <trkpt lat="47.154457569122314" lon="-119.97124987654388">
        <ele>301.51</ele>
        <time>2018-04-14T18:07:30Z</time>
      </trkpt>
      <trkpt lat="47.154576759785414" lon="-119.971519773826">
        <ele>300.55</ele>
        <time>2018-04-14T18:07:47Z</time>
      </trkpt>
      <trkpt lat="47.154659908264875" lon="-119.97183292172849">
        <ele>298.15</ele>
        <time>2018-04-14T18:08:04Z</time>
      </trkpt>
      <trkpt lat="47.154702907428145" lon="-119.9721400346607">
        <ele>295.26</ele>
        <time>2018-04-14T18:08:20Z</time>
      </trkpt>
      <trkpt lat="47.1547294780612" lon="-119.97244572266936">
        <ele>293.34</ele>
        <time>2018-04-14T18:08:36Z</time>
      </trkpt>
      <trkpt lat="47.154792258515954" lon="-119.97277261689305">
        <ele>292.86</ele>
        <time>2018-04-14T18:08:53Z</time>
      </trkpt>
      <trkpt lat="47.15496417135" lon="-119.97303874231875">
        <ele>293.82</ele>
        <time>2018-04-14T18:09:12Z</time>
      </trkpt>
      <trkpt lat="47.15511806309223" lon="-119.97321031987667">
        <ele>294.78</ele>
        <time>2018-04-14T18:09:27Z</time>
      </trkpt>
      <trkpt lat="47.155176820233464" lon="-119.9732775427401">
        <ele>294.78</ele>
        <time>2018-04-14T18:09:33Z</time>
      </trkpt>
      <trkpt lat="47.1552266087383" lon="-119.97332305647433">
        <ele>295.26</ele>
        <time>2018-04-14T18:09:38Z</time>
      </trkpt>
      <trkpt lat="47.155334735289216" lon="-119.97357099317014">
        <ele>295.74</ele>
        <time>2018-04-14T18:09:54Z</time>
      </trkpt>
      <trkpt lat="47.15542500838637" lon="-119.97384290210903">
        <ele>296.7</ele>
        <time>2018-04-14T18:10:11Z</time>
      </trkpt>
      <trkpt lat="47.155478401109576" lon="-119.97404498979449">
        <ele>296.7</ele>
        <time>2018-04-14T18:10:23Z</time>
      </trkpt>
      <trkpt lat="47.15546691790223" lon="-119.97419200837612">
        <ele>295.26</ele>
        <time>2018-04-14T18:10:31Z</time>
      </trkpt>
      <trkpt lat="47.15547270141542" lon="-119.97423861175776">
        <ele>294.78</ele>
        <time>2018-04-14T18:10:34Z</time>
      </trkpt>
      <trkpt lat="47.1554789878428" lon="-119.97439987957478">
        <ele>294.78</ele>
        <time>2018-04-14T18:10:43Z</time>
      </trkpt>
      <trkpt lat="47.15555232949555" lon="-119.97471906244755">
        <ele>294.78</ele>
        <time>2018-04-14T18:11:01Z</time>
      </trkpt>
      <trkpt lat="47.15559541247785" lon="-119.97503363527358">
        <ele>295.26</ele>
        <time>2018-04-14T18:11:19Z</time>
      </trkpt>
      <trkpt lat="47.15556473471224" lon="-119.97535055503249">
        <ele>294.78</ele>
        <time>2018-04-14T18:11:36Z</time>
      </trkpt>
      <trkpt lat="47.15558610856533" lon="-119.9756177701056">
        <ele>295.26</ele>
        <time>2018-04-14T18:11:52Z</time>
      </trkpt>
      <trkpt lat="47.155746454373" lon="-119.97579630464315">
        <ele>296.22</ele>
        <time>2018-04-14T18:12:08Z</time>
      </trkpt>
      <trkpt lat="47.15593630447984" lon="-119.97596872039139">
        <ele>296.7</ele>
        <time>2018-04-14T18:12:25Z</time>
      </trkpt>
      <trkpt lat="47.15609732083976" lon="-119.97616494074464">
        <ele>296.22</ele>
        <time>2018-04-14T18:12:41Z</time>
      </trkpt>
      <trkpt lat="47.156228413805366" lon="-119.976427545771">
        <ele>296.7</ele>
        <time>2018-04-14T18:12:58Z</time>
      </trkpt>
      <trkpt lat="47.15637576766312" lon="-119.9765882268548">
        <ele>297.67</ele>
        <time>2018-04-14T18:13:12Z</time>
      </trkpt>
      <trkpt lat="47.15653552673757" lon="-119.97680674307048">
        <ele>297.67</ele>
        <time>2018-04-14T18:13:28Z</time>
      </trkpt>
      <trkpt lat="47.15672571212053" lon="-119.97691377997398">
        <ele>299.11</ele>
        <time>2018-04-14T18:13:44Z</time>
      </trkpt>
      <trkpt lat="47.15688991360366" lon="-119.97704286128283">
        <ele>298.15</ele>
        <time>2018-04-14T18:13:58Z</time>
      </trkpt>
      <trkpt lat="47.156953029334545" lon="-119.97711662203074">
        <ele>297.67</ele>
        <time>2018-04-14T18:14:04Z</time>
      </trkpt>
      <trkpt lat="47.15698194690049" lon="-119.97714319266379">
        <ele>297.18</ele>
        <time>2018-04-14T18:14:15Z</time>
      </trkpt>
      <trkpt lat="47.15699032880366" lon="-119.97711720876396">
        <ele>296.7</ele>
        <time>2018-04-14T18:14:27Z</time>
      </trkpt>
      <trkpt lat="47.15695420280099" lon="-119.97713774442673">
        <ele>297.18</ele>
        <time>2018-04-14T18:14:42Z</time>
      </trkpt>
      <trkpt lat="47.15695294551551" lon="-119.97717060148716">
        <ele>298.15</ele>
        <time>2018-04-14T18:15:03Z</time>
      </trkpt>
      <trkpt lat="47.156962333247066" lon="-119.97716397978365">
        <ele>297.67</ele>
        <time>2018-04-14T18:15:19Z</time>
      </trkpt>
      <trkpt lat="47.15694934129715" lon="-119.97712374664843">
        <ele>296.7</ele>
        <time>2018-04-14T18:15:45Z</time>
      </trkpt>
      <trkpt lat="47.15697758831084" lon="-119.97717135585845">
        <ele>297.67</ele>
        <time>2018-04-14T18:16:06Z</time>
      </trkpt>
      <trkpt lat="47.15697716921568" lon="-119.9771926458925">
        <ele>296.22</ele>
        <time>2018-04-14T18:16:32Z</time>
      </trkpt>
      <trkpt lat="47.15700130909681" lon="-119.97719549573958">
        <ele>297.18</ele>
        <time>2018-04-14T18:16:58Z</time>
      </trkpt>
      <trkpt lat="47.156988652423024" lon="-119.97720027342439">
        <ele>296.7</ele>
        <time>2018-04-14T18:17:24Z</time>
      </trkpt>
      <trkpt lat="47.15707398019731" lon="-119.97732575051486">
        <ele>297.67</ele>
        <time>2018-04-14T18:17:36Z</time>
      </trkpt>
      <trkpt lat="47.157142627984285" lon="-119.97746706940234">
        <ele>298.15</ele>
        <time>2018-04-14T18:17:47Z</time>
      </trkpt>
      <trkpt lat="47.15724555775523" lon="-119.97764744795859">
        <ele>299.59</ele>
        <time>2018-04-14T18:18:03Z</time>
      </trkpt>
      <trkpt lat="47.15726567432284" lon="-119.97764602303505">
        <ele>298.63</ele>
        <time>2018-04-14T18:18:52Z</time>
      </trkpt>
      <trkpt lat="47.15724270790815" lon="-119.97769287787378">
        <ele>299.11</ele>
        <time>2018-04-14T18:18:56Z</time>
      </trkpt>
      <trkpt lat="47.15726047754288" lon="-119.97791558504105">
        <ele>299.59</ele>
        <time>2018-04-14T18:19:10Z</time>
      </trkpt>
      <trkpt lat="47.157445130869746" lon="-119.97806838713586">
        <ele>300.55</ele>
        <time>2018-04-14T18:19:27Z</time>
      </trkpt>
      <trkpt lat="47.157599441707134" lon="-119.97820928692818">
        <ele>301.03</ele>
        <time>2018-04-14T18:19:41Z</time>
      </trkpt>
      <trkpt lat="47.157757272943854" lon="-119.9784707184881">
        <ele>301.99</ele>
        <time>2018-04-14T18:19:59Z</time>
      </trkpt>
      <trkpt lat="47.15792323462665" lon="-119.97864137403667">
        <ele>303.43</ele>
        <time>2018-04-14T18:20:15Z</time>
      </trkpt>
      <trkpt lat="47.15804636478424" lon="-119.97880012728274">
        <ele>304.39</ele>
        <time>2018-04-14T18:20:29Z</time>
      </trkpt>
      <trkpt lat="47.158063212409616" lon="-119.9788349121809">
        <ele>305.36</ele>
        <time>2018-04-14T18:20:32Z</time>
      </trkpt>
      <trkpt lat="47.15813102200627" lon="-119.97911411337554">
        <ele>306.32</ele>
        <time>2018-04-14T18:20:49Z</time>
      </trkpt>
      <trkpt lat="47.15822800062597" lon="-119.97926658019423">
        <ele>307.28</ele>
        <time>2018-04-14T18:21:00Z</time>
      </trkpt>
      <trkpt lat="47.15826764702797" lon="-119.9793671630323">
        <ele>308.24</ele>
        <time>2018-04-14T18:21:07Z</time>
      </trkpt>
      <trkpt lat="47.15833964757621" lon="-119.97960361652076">
        <ele>308.24</ele>
        <time>2018-04-14T18:21:24Z</time>
      </trkpt>
      <trkpt lat="47.158370492979884" lon="-119.97967947274446">
        <ele>306.8</ele>
        <time>2018-04-14T18:21:38Z</time>
      </trkpt>
      <trkpt lat="47.15827795676887" lon="-119.97973303310573">
        <ele>306.8</ele>
        <time>2018-04-14T18:21:51Z</time>
      </trkpt>
      <trkpt lat="47.15825247578323" lon="-119.9797746911645">
        <ele>305.84</ele>
        <time>2018-04-14T18:21:55Z</time>
      </trkpt>
      <trkpt lat="47.15814208611846" lon="-119.9797897785902">
        <ele>301.51</ele>
        <time>2018-04-14T18:22:06Z</time>
      </trkpt>
      <trkpt lat="47.158094476908445" lon="-119.97975524514914">
        <ele>298.63</ele>
        <time>2018-04-14T18:22:13Z</time>
      </trkpt>
      <trkpt lat="47.15804720297456" lon="-119.97973739169538">
        <ele>297.67</ele>
        <time>2018-04-14T18:22:18Z</time>
      </trkpt>
      <trkpt lat="47.157947374507785" lon="-119.97972004115582">
        <ele>298.63</ele>
        <time>2018-04-14T18:22:31Z</time>
      </trkpt>
      <trkpt lat="47.15788031928241" lon="-119.97966757044196">
        <ele>300.07</ele>
        <time>2018-04-14T18:22:42Z</time>
      </trkpt>
      <trkpt lat="47.157832542434335" lon="-119.97963890433311">
        <ele>301.51</ele>
        <time>2018-04-14T18:22:48Z</time>
      </trkpt>
      <trkpt lat="47.15776431374252" lon="-119.97960805892944">
        <ele>303.91</ele>
        <time>2018-04-14T18:23:03Z</time>
      </trkpt>
      <trkpt lat="47.15774143114686" lon="-119.97958241030574">
        <ele>303.91</ele>
        <time>2018-04-14T18:23:06Z</time>
      </trkpt>
      <trkpt lat="47.15769222937524" lon="-119.97946942225099">
        <ele>302.47</ele>
        <time>2018-04-14T18:23:14Z</time>
      </trkpt>
      <trkpt lat="47.15765878558159" lon="-119.97941678389907">
        <ele>301.99</ele>
        <time>2018-04-14T18:23:18Z</time>
      </trkpt>
      <trkpt lat="47.15748838149011" lon="-119.97919374145567">
        <ele>301.03</ele>
        <time>2018-04-14T18:23:36Z</time>
      </trkpt>
      <trkpt lat="47.15737137012184" lon="-119.9789781589061">
        <ele>301.03</ele>
        <time>2018-04-14T18:23:51Z</time>
      </trkpt>
      <trkpt lat="47.15733784250915" lon="-119.97890247032046">
        <ele>300.55</ele>
        <time>2018-04-14T18:23:56Z</time>
      </trkpt>
      <trkpt lat="47.157263243570924" lon="-119.97878302820027">
        <ele>300.07</ele>
        <time>2018-04-14T18:24:06Z</time>
      </trkpt>
      <trkpt lat="47.1572195738554" lon="-119.97879057191312">
        <ele>300.07</ele>
        <time>2018-04-14T18:24:10Z</time>
      </trkpt>
      <trkpt lat="47.15700885280967" lon="-119.97877053916454">
        <ele>299.59</ele>
        <time>2018-04-14T18:24:26Z</time>
      </trkpt>
      <trkpt lat="47.1568292286247" lon="-119.97875000350177">
        <ele>298.63</ele>
        <time>2018-04-14T18:24:40Z</time>
      </trkpt>
      <trkpt lat="47.15672940015793" lon="-119.9787278752774">
        <ele>297.67</ele>
        <time>2018-04-14T18:24:48Z</time>
      </trkpt>
      <trkpt lat="47.15664239600301" lon="-119.97872544452548">
        <ele>298.15</ele>
        <time>2018-04-14T18:24:55Z</time>
      </trkpt>
      <trkpt lat="47.15656880289316" lon="-119.97868998907506">
        <ele>298.63</ele>
        <time>2018-04-14T18:25:01Z</time>
      </trkpt>
      <trkpt lat="47.156350538134575" lon="-119.97864254750311">
        <ele>298.15</ele>
        <time>2018-04-14T18:25:18Z</time>
      </trkpt>
      <trkpt lat="47.15628272853792" lon="-119.97860927134752">
        <ele>298.15</ele>
        <time>2018-04-14T18:25:23Z</time>
      </trkpt>
      <trkpt lat="47.156071085482836" lon="-119.97855462133884">
        <ele>298.15</ele>
        <time>2018-04-14T18:25:40Z</time>
      </trkpt>
      <trkpt lat="47.15588618069887" lon="-119.97860114090145">
        <ele>296.7</ele>
        <time>2018-04-14T18:25:54Z</time>
      </trkpt>
      <trkpt lat="47.155690882354975" lon="-119.97867708094418">
        <ele>295.26</ele>
        <time>2018-04-14T18:26:09Z</time>
      </trkpt>
      <trkpt lat="47.15554931201041" lon="-119.97867716476321">
        <ele>295.74</ele>
        <time>2018-04-14T18:26:20Z</time>
      </trkpt>
      <trkpt lat="47.15548208914697" lon="-119.97862695716321">
        <ele>296.22</ele>
        <time>2018-04-14T18:26:26Z</time>
      </trkpt>
      <trkpt lat="47.15543255209923" lon="-119.9786034040153">
        <ele>296.22</ele>
        <time>2018-04-14T18:26:30Z</time>
      </trkpt>
      <trkpt lat="47.155314618721604" lon="-119.97839511372149">
        <ele>295.26</ele>
        <time>2018-04-14T18:26:45Z</time>
      </trkpt>
      <trkpt lat="47.15518402867019" lon="-119.97817383147776">
        <ele>294.3</ele>
        <time>2018-04-14T18:27:01Z</time>
      </trkpt>
      <trkpt lat="47.15504363179207" lon="-119.97793142683804">
        <ele>293.82</ele>
        <time>2018-04-14T18:27:17Z</time>
      </trkpt>
      <trkpt lat="47.1549176517874" lon="-119.977682903409">
        <ele>292.86</ele>
        <time>2018-04-14T18:27:33Z</time>
      </trkpt>
      <trkpt lat="47.15488035231829" lon="-119.97757762670517">
        <ele>292.38</ele>
        <time>2018-04-14T18:27:39Z</time>
      </trkpt>
      <trkpt lat="47.1547794342041" lon="-119.97747972607613">
        <ele>292.38</ele>
        <time>2018-04-14T18:27:48Z</time>
      </trkpt>
      <trkpt lat="47.15454172343016" lon="-119.97732197865844">
        <ele>291.9</ele>
        <time>2018-04-14T18:28:07Z</time>
      </trkpt>
      <trkpt lat="47.15428632684052" lon="-119.97724033892155">
        <ele>291.9</ele>
        <time>2018-04-14T18:28:26Z</time>
      </trkpt>
      <trkpt lat="47.154059847816825" lon="-119.97721049934626">
        <ele>291.42</ele>
        <time>2018-04-14T18:28:42Z</time>
      </trkpt>
      <trkpt lat="47.153832111507654" lon="-119.97718015685678">
        <ele>291.42</ele>
        <time>2018-04-14T18:28:59Z</time>
      </trkpt>
      <trkpt lat="47.15361946262419" lon="-119.97714704833925">
        <ele>291.42</ele>
        <time>2018-04-14T18:29:15Z</time>
      </trkpt>
      <trkpt lat="47.15337345376611" lon="-119.9771149456501">
        <ele>290.94</ele>
        <time>2018-04-14T18:29:33Z</time>
      </trkpt>
      <trkpt lat="47.153120739385486" lon="-119.97707395814359">
        <ele>290.94</ele>
        <time>2018-04-14T18:29:51Z</time>
      </trkpt>
      <trkpt lat="47.15293172746897" lon="-119.97693356126547">
        <ele>290.94</ele>
        <time>2018-04-14T18:30:07Z</time>
      </trkpt>
      <trkpt lat="47.15289727784693" lon="-119.97690497897565">
        <ele>290.46</ele>
        <time>2018-04-14T18:30:10Z</time>
      </trkpt>
      <trkpt lat="47.1527417935431" lon="-119.97678386047482">
        <ele>289.49</ele>
        <time>2018-04-14T18:30:26Z</time>
      </trkpt>
      <trkpt lat="47.1526884008199" lon="-119.97678042389452">
        <ele>288.53</ele>
        <time>2018-04-14T18:30:36Z</time>
      </trkpt>
      <trkpt lat="47.15248329564929" lon="-119.97680523432791">
        <ele>289.01</ele>
        <time>2018-04-14T18:30:52Z</time>
      </trkpt>
      <trkpt lat="47.15223393402994" lon="-119.97684831731021">
        <ele>288.53</ele>
        <time>2018-04-14T18:31:10Z</time>
      </trkpt>
      <trkpt lat="47.15198633261025" lon="-119.97680246829987">
        <ele>288.05</ele>
        <time>2018-04-14T18:31:28Z</time>
      </trkpt>
      <trkpt lat="47.15171677060425" lon="-119.97677899897099">
        <ele>288.05</ele>
        <time>2018-04-14T18:31:48Z</time>
      </trkpt>
      <trkpt lat="47.151469588279724" lon="-119.97684270143509">
        <ele>286.61</ele>
        <time>2018-04-14T18:32:06Z</time>
      </trkpt>
      <trkpt lat="47.15126029215753" lon="-119.97709156014025">
        <ele>285.65</ele>
        <time>2018-04-14T18:32:25Z</time>
      </trkpt>
      <trkpt lat="47.15107069350779" lon="-119.9772875290364">
        <ele>284.21</ele>
        <time>2018-04-14T18:32:42Z</time>
      </trkpt>
      <trkpt lat="47.150849578902125" lon="-119.97731275856495">
        <ele>284.21</ele>
        <time>2018-04-14T18:32:59Z</time>
      </trkpt>
      <trkpt lat="47.15060843154788" lon="-119.97729339636862">
        <ele>283.25</ele>
        <time>2018-04-14T18:33:17Z</time>
      </trkpt>
      <trkpt lat="47.150380443781614" lon="-119.97730479575694">
        <ele>283.73</ele>
        <time>2018-04-14T18:33:33Z</time>
      </trkpt>
      <trkpt lat="47.150145415216684" lon="-119.9772011116147">
        <ele>284.21</ele>
        <time>2018-04-14T18:33:51Z</time>
      </trkpt>
      <trkpt lat="47.14992840774357" lon="-119.97719750739634">
        <ele>283.73</ele>
        <time>2018-04-14T18:34:07Z</time>
      </trkpt>
      <trkpt lat="47.14966940693557" lon="-119.97714855708182">
        <ele>283.25</ele>
        <time>2018-04-14T18:34:26Z</time>
      </trkpt>
      <trkpt lat="47.14944343082607" lon="-119.97695535421371">
        <ele>283.73</ele>
        <time>2018-04-14T18:34:45Z</time>
      </trkpt>
      <trkpt lat="47.14926657266915" lon="-119.97679685242474">
        <ele>283.73</ele>
        <time>2018-04-14T18:35:01Z</time>
      </trkpt>
      <trkpt lat="47.14910044334829" lon="-119.97661798261106">
        <ele>284.69</ele>
        <time>2018-04-14T18:35:17Z</time>
      </trkpt>
      <trkpt lat="47.148954598233104" lon="-119.97640608809888">
        <ele>285.17</ele>
        <time>2018-04-14T18:35:34Z</time>
      </trkpt>
      <trkpt lat="47.14877405203879" lon="-119.97635344974697">
        <ele>286.61</ele>
        <time>2018-04-14T18:35:50Z</time>
      </trkpt>
      <trkpt lat="47.148573473095894" lon="-119.97649803757668">
        <ele>287.57</ele>
        <time>2018-04-14T18:36:08Z</time>
      </trkpt>
      <trkpt lat="47.14838806539774" lon="-119.9766934197396">
        <ele>286.61</ele>
        <time>2018-04-14T18:36:25Z</time>
      </trkpt>
      <trkpt lat="47.14815990999341" lon="-119.97675661928952">
        <ele>287.57</ele>
        <time>2018-04-14T18:36:42Z</time>
      </trkpt>
      <trkpt lat="47.14791180565953" lon="-119.97673532925546">
        <ele>289.49</ele>
        <time>2018-04-14T18:37:00Z</time>
      </trkpt>
      <trkpt lat="47.147739976644516" lon="-119.97649325989187">
        <ele>289.49</ele>
        <time>2018-04-14T18:37:18Z</time>
      </trkpt>
      <trkpt lat="47.14773193001747" lon="-119.97647716663778">
        <ele>289.49</ele>
        <time>2018-04-14T18:37:19Z</time>
      </trkpt>
      <trkpt lat="47.147659761831164" lon="-119.9764428846538">
        <ele>289.97</ele>
        <time>2018-04-14T18:37:25Z</time>
      </trkpt>
      <trkpt lat="47.147634448483586" lon="-119.976443387568">
        <ele>289.97</ele>
        <time>2018-04-14T18:37:27Z</time>
      </trkpt>
      <trkpt lat="47.14757250621915" lon="-119.97642670758069">
        <ele>290.46</ele>
        <time>2018-04-14T18:37:32Z</time>
      </trkpt>
      <trkpt lat="47.147525483742356" lon="-119.97642125934362">
        <ele>291.42</ele>
        <time>2018-04-14T18:37:36Z</time>
      </trkpt>
      <trkpt lat="47.147342674434185" lon="-119.97634883970022">
        <ele>294.3</ele>
        <time>2018-04-14T18:37:52Z</time>
      </trkpt>
      <trkpt lat="47.147188698872924" lon="-119.97648018412292">
        <ele>295.26</ele>
        <time>2018-04-14T18:38:08Z</time>
      </trkpt>
      <trkpt lat="47.14707059785724" lon="-119.97677514329553">
        <ele>294.3</ele>
        <time>2018-04-14T18:38:25Z</time>
      </trkpt>
      <trkpt lat="47.14698627591133" lon="-119.97691981494427">
        <ele>293.34</ele>
        <time>2018-04-14T18:38:35Z</time>
      </trkpt>
      <trkpt lat="47.146943947300315" lon="-119.9769421108067">
        <ele>293.82</ele>
        <time>2018-04-14T18:38:39Z</time>
      </trkpt>
      <trkpt lat="47.146821739152074" lon="-119.9771683383733">
        <ele>294.78</ele>
        <time>2018-04-14T18:38:55Z</time>
      </trkpt>
      <trkpt lat="47.14679131284356" lon="-119.97721360065043">
        <ele>295.74</ele>
        <time>2018-04-14T18:39:04Z</time>
      </trkpt>
      <trkpt lat="47.14665435254574" lon="-119.97744829393923">
        <ele>296.22</ele>
        <time>2018-04-14T18:39:21Z</time>
      </trkpt>
      <trkpt lat="47.146511022001505" lon="-119.97766722925007">
        <ele>296.7</ele>
        <time>2018-04-14T18:39:37Z</time>
      </trkpt>
      <trkpt lat="47.14644027873874" lon="-119.97782086953521">
        <ele>297.18</ele>
        <time>2018-04-14T18:39:47Z</time>
      </trkpt>
      <trkpt lat="47.14638085104525" lon="-119.97800099663436">
        <ele>297.67</ele>
        <time>2018-04-14T18:39:58Z</time>
      </trkpt>
      <trkpt lat="47.146240873262286" lon="-119.97821741737425">
        <ele>298.15</ele>
        <time>2018-04-14T18:40:14Z</time>
      </trkpt>
      <trkpt lat="47.14622897095978" lon="-119.97829503379762">
        <ele>298.63</ele>
        <time>2018-04-14T18:40:18Z</time>
      </trkpt>
      <trkpt lat="47.14611363597214" lon="-119.97853534296155">
        <ele>298.15</ele>
        <time>2018-04-14T18:40:34Z</time>
      </trkpt>
      <trkpt lat="47.14599151164293" lon="-119.97869124636054">
        <ele>298.63</ele>
        <time>2018-04-14T18:40:47Z</time>
      </trkpt>
      <trkpt lat="47.145912973210216" lon="-119.97881865128875">
        <ele>299.59</ele>
        <time>2018-04-14T18:40:56Z</time>
      </trkpt>
      <trkpt lat="47.145795626565814" lon="-119.97904655523598">
        <ele>300.07</ele>
        <time>2018-04-14T18:41:11Z</time>
      </trkpt>
      <trkpt lat="47.14567509479821" lon="-119.97925953939557">
        <ele>300.55</ele>
        <time>2018-04-14T18:41:26Z</time>
      </trkpt>
      <trkpt lat="47.145534781739116" lon="-119.97944243252277">
        <ele>300.55</ele>
        <time>2018-04-14T18:41:41Z</time>
      </trkpt>
      <trkpt lat="47.145393965765834" lon="-119.97960579581559">
        <ele>300.55</ele>
        <time>2018-04-14T18:41:55Z</time>
      </trkpt>
      <trkpt lat="47.145260190591216" lon="-119.97984258458018">
        <ele>301.51</ele>
        <time>2018-04-14T18:42:11Z</time>
      </trkpt>
      <trkpt lat="47.14507922530174" lon="-119.98002396896482">
        <ele>301.51</ele>
        <time>2018-04-14T18:42:28Z</time>
      </trkpt>
      <trkpt lat="47.14486540295184" lon="-119.98014911077917">
        <ele>300.55</ele>
        <time>2018-04-14T18:42:46Z</time>
      </trkpt>
      <trkpt lat="47.144680162891746" lon="-119.98000762425363">
        <ele>299.59</ele>
        <time>2018-04-14T18:43:02Z</time>
      </trkpt>
      <trkpt lat="47.144668931141496" lon="-119.98000075109303">
        <ele>299.59</ele>
        <time>2018-04-14T18:43:03Z</time>
      </trkpt>
      <trkpt lat="47.144617047160864" lon="-119.9799541477114">
        <ele>298.63</ele>
        <time>2018-04-14T18:43:07Z</time>
      </trkpt>
      <trkpt lat="47.14446340687573" lon="-119.97981215827167">
        <ele>297.18</ele>
        <time>2018-04-14T18:43:24Z</time>
      </trkpt>
      <trkpt lat="47.144454354420304" lon="-119.97982355765998">
        <ele>295.26</ele>
        <time>2018-04-14T18:48:26Z</time>
      </trkpt>
      <trkpt lat="47.14444622397423" lon="-119.9798177741468">
        <ele>295.74</ele>
        <time>2018-04-14T18:49:29Z</time>
      </trkpt>
      <trkpt lat="47.144447481259704" lon="-119.97983043082058">
        <ele>294.3</ele>
        <time>2018-04-14T18:49:45Z</time>
      </trkpt>
      <trkpt lat="47.14445837773383" lon="-119.97982054017484">
        <ele>294.3</ele>
        <time>2018-04-14T18:50:11Z</time>
      </trkpt>
      <trkpt lat="47.144452929496765" lon="-119.97977586463094">
        <ele>294.3</ele>
        <time>2018-04-14T18:51:41Z</time>
      </trkpt>
      <trkpt lat="47.144442619755864" lon="-119.97978215105832">
        <ele>292.86</ele>
        <time>2018-04-14T18:52:02Z</time>
      </trkpt>
      <trkpt lat="47.14443080127239" lon="-119.97976136393845">
        <ele>295.26</ele>
        <time>2018-04-14T18:52:27Z</time>
      </trkpt>
      <trkpt lat="47.1444424521178" lon="-119.97975365258753">
        <ele>296.7</ele>
        <time>2018-04-14T18:55:27Z</time>
      </trkpt>
      <trkpt lat="47.144476817920804" lon="-119.97979908250272">
        <ele>297.18</ele>
        <time>2018-04-14T18:55:42Z</time>
      </trkpt>
      <trkpt lat="47.1444857865572" lon="-119.97994375415146">
        <ele>296.7</ele>
        <time>2018-04-14T18:55:55Z</time>
      </trkpt>
      <trkpt lat="47.1444805059582" lon="-119.97995381243527">
        <ele>296.7</ele>
        <time>2018-04-14T18:55:56Z</time>
      </trkpt>
      <trkpt lat="47.144449995830655" lon="-119.98012312687933">
        <ele>296.7</ele>
        <time>2018-04-14T18:56:08Z</time>
      </trkpt>
      <trkpt lat="47.14441705495119" lon="-119.9803527072072">
        <ele>296.22</ele>
        <time>2018-04-14T18:56:23Z</time>
      </trkpt>
      <trkpt lat="47.14440230280161" lon="-119.98038003221154">
        <ele>295.74</ele>
        <time>2018-04-14T18:56:25Z</time>
      </trkpt>
      <trkpt lat="47.14434907771647" lon="-119.98049293644726">
        <ele>295.26</ele>
        <time>2018-04-14T18:56:33Z</time>
      </trkpt>
      <trkpt lat="47.14427154511213" lon="-119.98069820925593">
        <ele>295.26</ele>
        <time>2018-04-14T18:56:49Z</time>
      </trkpt>
      <trkpt lat="47.14421312324703" lon="-119.98077113181353">
        <ele>293.82</ele>
        <time>2018-04-14T18:56:56Z</time>
      </trkpt>
      <trkpt lat="47.1441818587482" lon="-119.98082536272705">
        <ele>293.82</ele>
        <time>2018-04-14T18:57:00Z</time>
      </trkpt>
      <trkpt lat="47.144161742180586" lon="-119.98085059225559">
        <ele>293.82</ele>
        <time>2018-04-14T18:57:02Z</time>
      </trkpt>
      <trkpt lat="47.14411304332316" lon="-119.98102191835642">
        <ele>295.26</ele>
        <time>2018-04-14T18:57:15Z</time>
      </trkpt>
      <trkpt lat="47.144100135192275" lon="-119.98103700578213">
        <ele>295.74</ele>
        <time>2018-04-14T18:57:17Z</time>
      </trkpt>
      <trkpt lat="47.14405537582934" lon="-119.98122367076576">
        <ele>298.15</ele>
        <time>2018-04-14T18:57:29Z</time>
      </trkpt>
      <trkpt lat="47.14404716156423" lon="-119.9813369102776">
        <ele>298.15</ele>
        <time>2018-04-14T18:57:35Z</time>
      </trkpt>
      <trkpt lat="47.14402997866273" lon="-119.98142584227026">
        <ele>298.15</ele>
        <time>2018-04-14T18:57:40Z</time>
      </trkpt>
      <trkpt lat="47.14400759898126" lon="-119.98163036070764">
        <ele>298.15</ele>
        <time>2018-04-14T18:57:55Z</time>
      </trkpt>
      <trkpt lat="47.14400860480964" lon="-119.98164544813335">
        <ele>298.15</ele>
        <time>2018-04-14T18:57:58Z</time>
      </trkpt>
      <trkpt lat="47.144084461033344" lon="-119.98175198212266">
        <ele>296.22</ele>
        <time>2018-04-14T18:58:08Z</time>
      </trkpt>
      <trkpt lat="47.14406811632216" lon="-119.98186991550028">
        <ele>294.3</ele>
        <time>2018-04-14T18:58:17Z</time>
      </trkpt>
      <trkpt lat="47.14405302889645" lon="-119.98186396434903">
        <ele>294.3</ele>
        <time>2018-04-14T18:58:20Z</time>
      </trkpt>
      <trkpt lat="47.14398588985205" lon="-119.98190059326589">
        <ele>293.82</ele>
        <time>2018-04-14T18:58:26Z</time>
      </trkpt>
      <trkpt lat="47.14392528869212" lon="-119.98206269927323">
        <ele>293.34</ele>
        <time>2018-04-14T18:58:37Z</time>
      </trkpt>
      <trkpt lat="47.14392386376858" lon="-119.98207837343216">
        <ele>293.34</ele>
        <time>2018-04-14T18:58:38Z</time>
      </trkpt>
      <trkpt lat="47.143889497965574" lon="-119.98231491073966">
        <ele>292.38</ele>
        <time>2018-04-14T18:58:51Z</time>
      </trkpt>
      <trkpt lat="47.143869549036026" lon="-119.98255304060876">
        <ele>291.9</ele>
        <time>2018-04-14T18:59:04Z</time>
      </trkpt>
      <trkpt lat="47.143874913454056" lon="-119.98270701617002">
        <ele>291.42</ele>
        <time>2018-04-14T18:59:13Z</time>
      </trkpt>
      <trkpt lat="47.14384934864938" lon="-119.98283157125115">
        <ele>290.94</ele>
        <time>2018-04-14T18:59:20Z</time>
      </trkpt>
      <trkpt lat="47.14385110884905" lon="-119.98297649435699">
        <ele>291.42</ele>
        <time>2018-04-14T18:59:28Z</time>
      </trkpt>
      <trkpt lat="47.143845492973924" lon="-119.9830153863877">
        <ele>291.42</ele>
        <time>2018-04-14T18:59:30Z</time>
      </trkpt>
      <trkpt lat="47.14388941414654" lon="-119.98325787484646">
        <ele>290.94</ele>
        <time>2018-04-14T18:59:43Z</time>
      </trkpt>
      <trkpt lat="47.143868962302804" lon="-119.98347111046314">
        <ele>289.97</ele>
        <time>2018-04-14T18:59:57Z</time>
      </trkpt>
      <trkpt lat="47.14382185600698" lon="-119.98357613570988">
        <ele>289.49</ele>
        <time>2018-04-14T19:00:04Z</time>
      </trkpt>
      <trkpt lat="47.14381632395089" lon="-119.98368920758367">
        <ele>289.97</ele>
        <time>2018-04-14T19:00:10Z</time>
      </trkpt>
      <trkpt lat="47.143846582621336" lon="-119.98401333577931">
        <ele>290.94</ele>
        <time>2018-04-14T19:00:26Z</time>
      </trkpt>
      <trkpt lat="47.143812300637364" lon="-119.98413956724107">
        <ele>291.42</ele>
        <time>2018-04-14T19:00:33Z</time>
      </trkpt>
      <trkpt lat="47.14385454542935" lon="-119.98443075455725">
        <ele>291.42</ele>
        <time>2018-04-14T19:00:47Z</time>
      </trkpt>
      <trkpt lat="47.143913973122835" lon="-119.98473015613854">
        <ele>291.9</ele>
        <time>2018-04-14T19:01:02Z</time>
      </trkpt>
      <trkpt lat="47.143935430794954" lon="-119.98485169373453">
        <ele>291.9</ele>
        <time>2018-04-14T19:01:08Z</time>
      </trkpt>
      <trkpt lat="47.14397222734988" lon="-119.98490802012384">
        <ele>291.42</ele>
        <time>2018-04-14T19:01:12Z</time>
      </trkpt>
      <trkpt lat="47.14400500059128" lon="-119.98500047251582">
        <ele>291.9</ele>
        <time>2018-04-14T19:01:18Z</time>
      </trkpt>
      <trkpt lat="47.143966192379594" lon="-119.98509761877358">
        <ele>292.86</ele>
        <time>2018-04-14T19:01:25Z</time>
      </trkpt>
      <trkpt lat="47.14397189207375" lon="-119.98518864624202">
        <ele>294.3</ele>
        <time>2018-04-14T19:01:30Z</time>
      </trkpt>
      <trkpt lat="47.14395982213318" lon="-119.98525025323033">
        <ele>294.78</ele>
        <time>2018-04-14T19:01:34Z</time>
      </trkpt>
      <trkpt lat="47.14394984766841" lon="-119.98534706421196">
        <ele>294.78</ele>
        <time>2018-04-14T19:01:40Z</time>
      </trkpt>
      <trkpt lat="47.14391657151282" lon="-119.98547547496855">
        <ele>293.82</ele>
        <time>2018-04-14T19:01:48Z</time>
      </trkpt>
      <trkpt lat="47.14395001530647" lon="-119.98557245358825">
        <ele>293.34</ele>
        <time>2018-04-14T19:01:55Z</time>
      </trkpt>
      <trkpt lat="47.14397365227342" lon="-119.98560648411512">
        <ele>292.38</ele>
        <time>2018-04-14T19:01:59Z</time>
      </trkpt>
      <trkpt lat="47.14400592260063" lon="-119.98563431203365">
        <ele>291.9</ele>
        <time>2018-04-14T19:02:02Z</time>
      </trkpt>
      <trkpt lat="47.14401790872216" lon="-119.98573631979525">
        <ele>289.97</ele>
        <time>2018-04-14T19:02:07Z</time>
      </trkpt>
      <trkpt lat="47.14405587874353" lon="-119.98580521903932">
        <ele>289.01</ele>
        <time>2018-04-14T19:02:12Z</time>
      </trkpt>
      <trkpt lat="47.144127041101456" lon="-119.98587646521628">
        <ele>288.53</ele>
        <time>2018-04-14T19:02:18Z</time>
      </trkpt>
      <trkpt lat="47.144176410511136" lon="-119.9859460350126">
        <ele>288.05</ele>
        <time>2018-04-14T19:02:23Z</time>
      </trkpt>
      <trkpt lat="47.14432720094919" lon="-119.9860496353358">
        <ele>287.09</ele>
        <time>2018-04-14T19:02:36Z</time>
      </trkpt>
      <trkpt lat="47.144383108243346" lon="-119.98619363643229">
        <ele>289.01</ele>
        <time>2018-04-14T19:02:48Z</time>
      </trkpt>
      <trkpt lat="47.14437833055854" lon="-119.9863834027201">
        <ele>289.01</ele>
        <time>2018-04-14T19:02:59Z</time>
      </trkpt>
      <trkpt lat="47.144420240074396" lon="-119.98659940436482">
        <ele>289.01</ele>
        <time>2018-04-14T19:03:12Z</time>
      </trkpt>
      <trkpt lat="47.144419653341174" lon="-119.98661315068603">
        <ele>289.01</ele>
        <time>2018-04-14T19:03:13Z</time>
      </trkpt>
      <trkpt lat="47.144433399662375" lon="-119.98663586564362">
        <ele>289.01</ele>
        <time>2018-04-14T19:03:15Z</time>
      </trkpt>
      <trkpt lat="47.14447279460728" lon="-119.9866590835154">
        <ele>288.05</ele>
        <time>2018-04-14T19:03:29Z</time>
      </trkpt>
      <trkpt lat="47.14453850872815" lon="-119.9866783618927">
        <ele>287.09</ele>
        <time>2018-04-14T19:03:35Z</time>
      </trkpt>
      <trkpt lat="47.14453247375786" lon="-119.98671239241958">
        <ele>287.09</ele>
        <time>2018-04-14T19:03:39Z</time>
      </trkpt>
      <trkpt lat="47.14446600526571" lon="-119.98672924004495">
        <ele>287.57</ele>
        <time>2018-04-14T19:03:51Z</time>
      </trkpt>
      <trkpt lat="47.14446944184601" lon="-119.98681230470538">
        <ele>289.49</ele>
        <time>2018-04-14T19:03:59Z</time>
      </trkpt>
      <trkpt lat="47.144506741315126" lon="-119.9868908431381">
        <ele>291.42</ele>
        <time>2018-04-14T19:04:12Z</time>
      </trkpt>
      <trkpt lat="47.144532054662704" lon="-119.98693308793008">
        <ele>290.94</ele>
        <time>2018-04-14T19:04:23Z</time>
      </trkpt>
      <trkpt lat="47.14452987536788" lon="-119.98695907182992">
        <ele>291.42</ele>
        <time>2018-04-14T19:04:26Z</time>
      </trkpt>
      <trkpt lat="47.14448385871947" lon="-119.98704113066196">
        <ele>291.42</ele>
        <time>2018-04-14T19:04:32Z</time>
      </trkpt>
      <trkpt lat="47.14440691284835" lon="-119.9872275441885">
        <ele>291.9</ele>
        <time>2018-04-14T19:04:45Z</time>
      </trkpt>
      <trkpt lat="47.14433575049043" lon="-119.98733231797814">
        <ele>291.42</ele>
        <time>2018-04-14T19:04:53Z</time>
      </trkpt>
      <trkpt lat="47.144234497100115" lon="-119.98735369183123">
        <ele>290.46</ele>
        <time>2018-04-14T19:05:06Z</time>
      </trkpt>
      <trkpt lat="47.14421563781798" lon="-119.98735276982188">
        <ele>289.97</ele>
        <time>2018-04-14T19:05:09Z</time>
      </trkpt>
      <trkpt lat="47.14418982155621" lon="-119.98732619918883">
        <ele>289.49</ele>
        <time>2018-04-14T19:05:12Z</time>
      </trkpt>
      <trkpt lat="47.144104577600956" lon="-119.98736777342856">
        <ele>288.53</ele>
        <time>2018-04-14T19:05:20Z</time>
      </trkpt>
      <trkpt lat="47.14403785765171" lon="-119.98737003654242">
        <ele>288.53</ele>
        <time>2018-04-14T19:05:31Z</time>
      </trkpt>
      <trkpt lat="47.14402545243502" lon="-119.9874313082546">
        <ele>290.46</ele>
        <time>2018-04-14T19:05:45Z</time>
      </trkpt>
      <trkpt lat="47.14400818571448" lon="-119.98742317780852">
        <ele>286.13</ele>
        <time>2018-04-14T19:39:11Z</time>
      </trkpt>
      <trkpt lat="47.144031655043364" lon="-119.98739719390869">
        <ele>289.97</ele>
        <time>2018-04-14T19:53:37Z</time>
      </trkpt>
      <trkpt lat="47.14402997866273" lon="-119.98741487972438">
        <ele>288.53</ele>
        <time>2018-04-14T19:53:56Z</time>
      </trkpt>
      <trkpt lat="47.1440074313432" lon="-119.98739099130034">
        <ele>288.05</ele>
        <time>2018-04-14T19:54:23Z</time>
      </trkpt>
      <trkpt lat="47.14399888180196" lon="-119.98739409260452">
        <ele>289.01</ele>
        <time>2018-04-14T19:54:43Z</time>
      </trkpt>
      <trkpt lat="47.1440055873245" lon="-119.98738235794008">
        <ele>290.94</ele>
        <time>2018-04-14T19:55:04Z</time>
      </trkpt>
      <trkpt lat="47.1440106164664" lon="-119.98740155249834">
        <ele>292.86</ele>
        <time>2018-04-14T19:56:56Z</time>
      </trkpt>
      <trkpt lat="47.14406719431281" lon="-119.98733307234943">
        <ele>289.01</ele>
        <time>2018-04-14T19:57:30Z</time>
      </trkpt>
      <trkpt lat="47.14410633780062" lon="-119.98730599880219">
        <ele>288.53</ele>
        <time>2018-04-14T19:57:34Z</time>
      </trkpt>
      <trkpt lat="47.144198287278414" lon="-119.98726568184793">
        <ele>289.01</ele>
        <time>2018-04-14T19:57:43Z</time>
      </trkpt>
      <trkpt lat="47.14430280961096" lon="-119.98720415867865">
        <ele>290.46</ele>
        <time>2018-04-14T19:57:56Z</time>
      </trkpt>
      <trkpt lat="47.14430700056255" lon="-119.98719049617648">
        <ele>290.46</ele>
        <time>2018-04-14T19:57:57Z</time>
      </trkpt>
      <trkpt lat="47.14438092894852" lon="-119.98709200881422">
        <ele>290.94</ele>
        <time>2018-04-14T19:58:08Z</time>
      </trkpt>
      <trkpt lat="47.144439266994596" lon="-119.98705965466797">
        <ele>291.42</ele>
        <time>2018-04-14T19:58:14Z</time>
      </trkpt>
      <trkpt lat="47.144517386332154" lon="-119.98698279261589">
        <ele>291.42</ele>
        <time>2018-04-14T19:58:23Z</time>
      </trkpt>
      <trkpt lat="47.14453004300594" lon="-119.98694038018584">
        <ele>291.42</ele>
        <time>2018-04-14T19:58:27Z</time>
      </trkpt>
      <trkpt lat="47.144552590325475" lon="-119.9867959599942">
        <ele>292.86</ele>
        <time>2018-04-14T19:58:38Z</time>
      </trkpt>
      <trkpt lat="47.14453431777656" lon="-119.98674952425063">
        <ele>291.42</ele>
        <time>2018-04-14T19:58:51Z</time>
      </trkpt>
      <trkpt lat="47.144654765725136" lon="-119.98673351481557">
        <ele>292.38</ele>
        <time>2018-04-14T19:59:03Z</time>
      </trkpt>
      <trkpt lat="47.14469893835485" lon="-119.98668632470071">
        <ele>291.9</ele>
        <time>2018-04-14T19:59:13Z</time>
      </trkpt>
      <trkpt lat="47.144714780151844" lon="-119.98650276102126">
        <ele>290.46</ele>
        <time>2018-04-14T19:59:25Z</time>
      </trkpt>
      <trkpt lat="47.14479273185134" lon="-119.98634979128838">
        <ele>290.46</ele>
        <time>2018-04-14T19:59:37Z</time>
      </trkpt>
      <trkpt lat="47.144797844812274" lon="-119.98635984957218">
        <ele>289.49</ele>
        <time>2018-04-14T19:59:45Z</time>
      </trkpt>
      <trkpt lat="47.14479616843164" lon="-119.98625859618187">
        <ele>289.97</ele>
        <time>2018-04-14T19:59:51Z</time>
      </trkpt>
      <trkpt lat="47.14478401467204" lon="-119.98610805720091">
        <ele>290.46</ele>
        <time>2018-04-14T20:00:00Z</time>
      </trkpt>
      <trkpt lat="47.14475710876286" lon="-119.98605558648705">
        <ele>291.42</ele>
        <time>2018-04-14T20:00:04Z</time>
      </trkpt>
      <trkpt lat="47.14473959058523" lon="-119.98600965365767">
        <ele>291.42</ele>
        <time>2018-04-14T20:00:07Z</time>
      </trkpt>
      <trkpt lat="47.14466214179993" lon="-119.98588090762496">
        <ele>291.42</ele>
        <time>2018-04-14T20:00:16Z</time>
      </trkpt>
      <trkpt lat="47.14462853036821" lon="-119.98582952655852">
        <ele>290.94</ele>
        <time>2018-04-14T20:00:20Z</time>
      </trkpt>
      <trkpt lat="47.14453884400427" lon="-119.9858014471829">
        <ele>290.46</ele>
        <time>2018-04-14T20:00:27Z</time>
      </trkpt>
      <trkpt lat="47.14443549513817" lon="-119.98573657125235">
        <ele>289.01</ele>
        <time>2018-04-14T20:00:36Z</time>
      </trkpt>
      <trkpt lat="47.14438729919493" lon="-119.98565861955285">
        <ele>288.53</ele>
        <time>2018-04-14T20:00:42Z</time>
      </trkpt>
      <trkpt lat="47.14432477019727" lon="-119.98563691042364">
        <ele>288.53</ele>
        <time>2018-04-14T20:00:47Z</time>
      </trkpt>
      <trkpt lat="47.14430381543934" lon="-119.98564252629876">
        <ele>288.53</ele>
        <time>2018-04-14T20:00:49Z</time>
      </trkpt>
      <trkpt lat="47.144247656688094" lon="-119.985585026443">
        <ele>289.49</ele>
        <time>2018-04-14T20:00:55Z</time>
      </trkpt>
      <trkpt lat="47.14422142133117" lon="-119.9855284485966">
        <ele>289.97</ele>
        <time>2018-04-14T20:00:59Z</time>
      </trkpt>
      <trkpt lat="47.144202813506126" lon="-119.98550179414451">
        <ele>290.46</ele>
        <time>2018-04-14T20:01:01Z</time>
      </trkpt>
      <trkpt lat="47.14415453374386" lon="-119.98532879166305">
        <ele>292.38</ele>
        <time>2018-04-14T20:01:12Z</time>
      </trkpt>
      <trkpt lat="47.144161155447364" lon="-119.98517381027341">
        <ele>292.86</ele>
        <time>2018-04-14T20:01:20Z</time>
      </trkpt>
      <trkpt lat="47.144179260358214" lon="-119.98503483831882">
        <ele>291.9</ele>
        <time>2018-04-14T20:01:27Z</time>
      </trkpt>
      <trkpt lat="47.14416576549411" lon="-119.9847342632711">
        <ele>291.9</ele>
        <time>2018-04-14T20:01:43Z</time>
      </trkpt>
      <trkpt lat="47.144178254529834" lon="-119.98460459522903">
        <ele>292.86</ele>
        <time>2018-04-14T20:01:51Z</time>
      </trkpt>
      <trkpt lat="47.14419669471681" lon="-119.9841176904738">
        <ele>294.3</ele>
        <time>2018-04-14T20:02:18Z</time>
      </trkpt>
      <trkpt lat="47.14420197531581" lon="-119.9839099869132">
        <ele>293.34</ele>
        <time>2018-04-14T20:02:30Z</time>
      </trkpt>
      <trkpt lat="47.14424933306873" lon="-119.98370052315295">
        <ele>294.78</ele>
        <time>2018-04-14T20:02:44Z</time>
      </trkpt>
      <trkpt lat="47.144252099096775" lon="-119.98356750234962">
        <ele>295.74</ele>
        <time>2018-04-14T20:02:56Z</time>
      </trkpt>
      <trkpt lat="47.1442714612931" lon="-119.98346792533994">
        <ele>296.7</ele>
        <time>2018-04-14T20:03:12Z</time>
      </trkpt>
      <trkpt lat="47.1442664321512" lon="-119.98345082625747">
        <ele>295.26</ele>
        <time>2018-04-14T20:03:30Z</time>
      </trkpt>
      <trkpt lat="47.14422343298793" lon="-119.98342031612992">
        <ele>295.74</ele>
        <time>2018-04-14T20:03:34Z</time>
      </trkpt>
      <trkpt lat="47.14412561617792" lon="-119.98337388038635">
        <ele>295.26</ele>
        <time>2018-04-14T20:03:41Z</time>
      </trkpt>
      <trkpt lat="47.14411145076156" lon="-119.9833441246301">
        <ele>295.26</ele>
        <time>2018-04-14T20:03:43Z</time>
      </trkpt>
      <trkpt lat="47.144073313102126" lon="-119.98320674523711">
        <ele>293.82</ele>
        <time>2018-04-14T20:03:56Z</time>
      </trkpt>
      <trkpt lat="47.144049340859056" lon="-119.98315217904747">
        <ele>291.9</ele>
        <time>2018-04-14T20:04:02Z</time>
      </trkpt>
      <trkpt lat="47.14401891455054" lon="-119.98304631561041">
        <ele>290.46</ele>
        <time>2018-04-14T20:04:17Z</time>
      </trkpt>
      <trkpt lat="47.144019082188606" lon="-119.98305092565715">
        <ele>290.94</ele>
        <time>2018-04-14T20:04:20Z</time>
      </trkpt>
      <trkpt lat="47.143956972286105" lon="-119.98317355290055">
        <ele>290.94</ele>
        <time>2018-04-14T20:04:31Z</time>
      </trkpt>
      <trkpt lat="47.14396518655121" lon="-119.98316517099738">
        <ele>292.86</ele>
        <time>2018-04-14T20:04:47Z</time>
      </trkpt>
      <trkpt lat="47.14395621791482" lon="-119.98315628618002">
        <ele>292.86</ele>
        <time>2018-04-14T20:05:07Z</time>
      </trkpt>
      <trkpt lat="47.14393802918494" lon="-119.98316911049187">
        <ele>294.3</ele>
        <time>2018-04-14T20:05:31Z</time>
      </trkpt>
      <trkpt lat="47.14392042718828" lon="-119.98317212797701">
        <ele>293.82</ele>
        <time>2018-04-14T20:05:33Z</time>
      </trkpt>
      <trkpt lat="47.14378774166107" lon="-119.98309375718236">
        <ele>291.42</ele>
        <time>2018-04-14T20:05:49Z</time>
      </trkpt>
      <trkpt lat="47.14376452378929" lon="-119.98310658149421">
        <ele>291.42</ele>
        <time>2018-04-14T20:06:04Z</time>
      </trkpt>
      <trkpt lat="47.143766954541206" lon="-119.98311596922576">
        <ele>291.9</ele>
        <time>2018-04-14T20:06:36Z</time>
      </trkpt>
      <trkpt lat="47.14375781826675" lon="-119.98311630450189">
        <ele>291.9</ele>
        <time>2018-04-14T20:07:11Z</time>
      </trkpt>
      <trkpt lat="47.143762428313494" lon="-119.98312669806182">
        <ele>292.86</ele>
        <time>2018-04-14T20:07:43Z</time>
      </trkpt>
      <trkpt lat="47.143782963976264" lon="-119.98310767114162">
        <ele>290.46</ele>
        <time>2018-04-14T20:09:37Z</time>
      </trkpt>
      <trkpt lat="47.14380492456257" lon="-119.98301731422544">
        <ele>289.97</ele>
        <time>2018-04-14T20:09:47Z</time>
      </trkpt>
      <trkpt lat="47.14388011023402" lon="-119.98290692456067">
        <ele>290.46</ele>
        <time>2018-04-14T20:09:59Z</time>
      </trkpt>
      <trkpt lat="47.143897879868746" lon="-119.98289284296334">
        <ele>290.46</ele>
        <time>2018-04-14T20:10:01Z</time>
      </trkpt>
      <trkpt lat="47.14391020126641" lon="-119.98286861926317">
        <ele>290.94</ele>
        <time>2018-04-14T20:10:03Z</time>
      </trkpt>
      <trkpt lat="47.14400424621999" lon="-119.98281036503613">
        <ele>291.42</ele>
        <time>2018-04-14T20:10:13Z</time>
      </trkpt>
      <trkpt lat="47.14403240941465" lon="-119.98275990597904">
        <ele>291.9</ele>
        <time>2018-04-14T20:10:17Z</time>
      </trkpt>
      <trkpt lat="47.14414271526039" lon="-119.98254859820008">
        <ele>292.38</ele>
        <time>2018-04-14T20:10:33Z</time>
      </trkpt>
      <trkpt lat="47.144190995022655" lon="-119.98234969563782">
        <ele>293.82</ele>
        <time>2018-04-14T20:10:47Z</time>
      </trkpt>
      <trkpt lat="47.14422460645437" lon="-119.98212480917573">
        <ele>293.82</ele>
        <time>2018-04-14T20:11:00Z</time>
      </trkpt>
      <trkpt lat="47.14430322870612" lon="-119.98194795101881">
        <ele>293.34</ele>
        <time>2018-04-14T20:11:11Z</time>
      </trkpt>
      <trkpt lat="47.14436860755086" lon="-119.98176614753902">
        <ele>293.34</ele>
        <time>2018-04-14T20:11:21Z</time>
      </trkpt>
      <trkpt lat="47.14451260864735" lon="-119.98155131936073">
        <ele>293.34</ele>
        <time>2018-04-14T20:11:36Z</time>
      </trkpt>
      <trkpt lat="47.14465116150677" lon="-119.98137907125056">
        <ele>294.3</ele>
        <time>2018-04-14T20:11:50Z</time>
      </trkpt>
      <trkpt lat="47.14476389810443" lon="-119.98125979676843">
        <ele>294.78</ele>
        <time>2018-04-14T20:12:02Z</time>
      </trkpt>
      <trkpt lat="47.14479650370777" lon="-119.98113934881985">
        <ele>295.26</ele>
        <time>2018-04-14T20:12:10Z</time>
      </trkpt>
      <trkpt lat="47.144804298877716" lon="-119.98095595277846">
        <ele>296.22</ele>
        <time>2018-04-14T20:12:20Z</time>
      </trkpt>
      <trkpt lat="47.1448380779475" lon="-119.98059041798115">
        <ele>297.67</ele>
        <time>2018-04-14T20:12:38Z</time>
      </trkpt>
      <trkpt lat="47.144862385466695" lon="-119.98039637692273">
        <ele>299.11</ele>
        <time>2018-04-14T20:12:48Z</time>
      </trkpt>
      <trkpt lat="47.14491284452379" lon="-119.98017945326865">
        <ele>300.07</ele>
        <time>2018-04-14T20:13:00Z</time>
      </trkpt>
      <trkpt lat="47.144931787624955" lon="-119.98013905249536">
        <ele>300.55</ele>
        <time>2018-04-14T20:13:15Z</time>
      </trkpt>
      <trkpt lat="47.144927345216274" lon="-119.98015682213008">
        <ele>299.11</ele>
        <time>2018-04-14T20:14:00Z</time>
      </trkpt>
      <trkpt lat="47.14493396691978" lon="-119.98009823262691">
        <ele>299.11</ele>
        <time>2018-04-14T20:14:22Z</time>
      </trkpt>
      <trkpt lat="47.14491871185601" lon="-119.98012547381222">
        <ele>301.99</ele>
        <time>2018-04-14T20:14:47Z</time>
      </trkpt>
      <trkpt lat="47.14495944790542" lon="-119.98009865172207">
        <ele>301.99</ele>
        <time>2018-04-14T20:14:52Z</time>
      </trkpt>
      <trkpt lat="47.144979732111096" lon="-119.9800783675164">
        <ele>301.99</ele>
        <time>2018-04-14T20:14:54Z</time>
      </trkpt>
      <trkpt lat="47.1450384054333" lon="-119.9800279084593">
        <ele>301.99</ele>
        <time>2018-04-14T20:15:00Z</time>
      </trkpt>
      <trkpt lat="47.14519506320357" lon="-119.97987996786833">
        <ele>301.03</ele>
        <time>2018-04-14T20:15:15Z</time>
      </trkpt>
      <trkpt lat="47.14532766491175" lon="-119.97969682328403">
        <ele>300.55</ele>
        <time>2018-04-14T20:15:30Z</time>
      </trkpt>
      <trkpt lat="47.14544836431742" lon="-119.97948593460023">
        <ele>301.03</ele>
        <time>2018-04-14T20:15:45Z</time>
      </trkpt>
      <trkpt lat="47.14562245644629" lon="-119.97932969592512">
        <ele>300.55</ele>
        <time>2018-04-14T20:16:01Z</time>
      </trkpt>
      <trkpt lat="47.145664785057306" lon="-119.97924336232245">
        <ele>300.55</ele>
        <time>2018-04-14T20:16:07Z</time>
      </trkpt>
      <trkpt lat="47.14578473009169" lon="-119.9790246784687">
        <ele>299.11</ele>
        <time>2018-04-14T20:16:22Z</time>
      </trkpt>
      <trkpt lat="47.14592671953142" lon="-119.97876768931746">
        <ele>298.15</ele>
        <time>2018-04-14T20:16:39Z</time>
      </trkpt>
      <trkpt lat="47.146086394786835" lon="-119.97854615561664">
        <ele>297.18</ele>
        <time>2018-04-14T20:16:56Z</time>
      </trkpt>
      <trkpt lat="47.146217320114374" lon="-119.97833794914186">
        <ele>296.22</ele>
        <time>2018-04-14T20:17:11Z</time>
      </trkpt>
      <trkpt lat="47.14627423323691" lon="-119.97811675071716">
        <ele>296.7</ele>
        <time>2018-04-14T20:17:24Z</time>
      </trkpt>
      <trkpt lat="47.14634271338582" lon="-119.97804726473987">
        <ele>296.22</ele>
        <time>2018-04-14T20:17:30Z</time>
      </trkpt>
      <trkpt lat="47.1464785002172" lon="-119.9777381401509">
        <ele>294.78</ele>
        <time>2018-04-14T20:17:49Z</time>
      </trkpt>
      <trkpt lat="47.14660515077412" lon="-119.97750420123339">
        <ele>294.3</ele>
        <time>2018-04-14T20:18:05Z</time>
      </trkpt>
      <trkpt lat="47.14663499034941" lon="-119.97747142799199">
        <ele>294.3</ele>
        <time>2018-04-14T20:18:08Z</time>
      </trkpt>
      <trkpt lat="47.14673347771168" lon="-119.9772724416107">
        <ele>293.82</ele>
        <time>2018-04-14T20:18:21Z</time>
      </trkpt>
      <trkpt lat="47.146888710558414" lon="-119.97698318213224">
        <ele>292.38</ele>
        <time>2018-04-14T20:18:40Z</time>
      </trkpt>
      <trkpt lat="47.146999100223184" lon="-119.97687463648617">
        <ele>291.9</ele>
        <time>2018-04-14T20:18:50Z</time>
      </trkpt>
      <trkpt lat="47.14713346213102" lon="-119.97662552632391">
        <ele>292.38</ele>
        <time>2018-04-14T20:19:07Z</time>
      </trkpt>
      <trkpt lat="47.1471865195781" lon="-119.97642008587718">
        <ele>292.86</ele>
        <time>2018-04-14T20:19:19Z</time>
      </trkpt>
      <trkpt lat="47.14725315570831" lon="-119.97634096071124">
        <ele>293.34</ele>
        <time>2018-04-14T20:19:32Z</time>
      </trkpt>
      <trkpt lat="47.14725675992668" lon="-119.9763397872448">
        <ele>293.34</ele>
        <time>2018-04-14T20:19:39Z</time>
      </trkpt>
      <trkpt lat="47.14725583791733" lon="-119.97629871591926">
        <ele>292.86</ele>
        <time>2018-04-14T20:19:42Z</time>
      </trkpt>
      <trkpt lat="47.147384751588106" lon="-119.97602974064648">
        <ele>290.94</ele>
        <time>2018-04-14T20:20:00Z</time>
      </trkpt>
      <trkpt lat="47.147375363856554" lon="-119.97599772177637">
        <ele>290.94</ele>
        <time>2018-04-14T20:20:11Z</time>
      </trkpt>
      <trkpt lat="47.14739170856774" lon="-119.97602412477136">
        <ele>291.42</ele>
        <time>2018-04-14T20:20:15Z</time>
      </trkpt>
      <trkpt lat="47.14741509407759" lon="-119.97601415030658">
        <ele>290.94</ele>
        <time>2018-04-14T20:20:17Z</time>
      </trkpt>
      <trkpt lat="47.14746882207692" lon="-119.9760025832802">
        <ele>290.46</ele>
        <time>2018-04-14T20:20:21Z</time>
      </trkpt>
      <trkpt lat="47.147621121257544" lon="-119.97605723328888">
        <ele>289.01</ele>
        <time>2018-04-14T20:20:35Z</time>
      </trkpt>
      <trkpt lat="47.14762145653367" lon="-119.97607592493296">
        <ele>289.01</ele>
        <time>2018-04-14T20:20:36Z</time>
      </trkpt>
      <trkpt lat="47.14771189726889" lon="-119.97639527544379">
        <ele>287.57</ele>
        <time>2018-04-14T20:20:54Z</time>
      </trkpt>
      <trkpt lat="47.147835697978735" lon="-119.97668327763677">
        <ele>286.61</ele>
        <time>2018-04-14T20:21:12Z</time>
      </trkpt>
      <trkpt lat="47.148046251386404" lon="-119.97676349245012">
        <ele>286.13</ele>
        <time>2018-04-14T20:21:28Z</time>
      </trkpt>
      <trkpt lat="47.14826409704983" lon="-119.97671445831656">
        <ele>285.65</ele>
        <time>2018-04-14T20:21:44Z</time>
      </trkpt>
      <trkpt lat="47.148447996005416" lon="-119.97663105838001">
        <ele>286.13</ele>
        <time>2018-04-14T20:21:59Z</time>
      </trkpt>
      <trkpt lat="47.148637594655156" lon="-119.97641623020172">
        <ele>284.69</ele>
        <time>2018-04-14T20:22:17Z</time>
      </trkpt>
      <trkpt lat="47.14880531653762" lon="-119.97631841339171">
        <ele>283.73</ele>
        <time>2018-04-14T20:22:30Z</time>
      </trkpt>
      <trkpt lat="47.14899122714996" lon="-119.97642268426716">
        <ele>285.17</ele>
        <time>2018-04-14T20:22:47Z</time>
      </trkpt>
      <trkpt lat="47.14911519549787" lon="-119.97661328874528">
        <ele>284.21</ele>
        <time>2018-04-14T20:23:01Z</time>
      </trkpt>
      <trkpt lat="47.14931074529886" lon="-119.97680012136698">
        <ele>283.73</ele>
        <time>2018-04-14T20:23:18Z</time>
      </trkpt>
      <trkpt lat="47.14946270920336" lon="-119.97697203420103">
        <ele>282.28</ele>
        <time>2018-04-14T20:23:32Z</time>
      </trkpt>
      <trkpt lat="47.14969078078866" lon="-119.97714352793992">
        <ele>279.88</ele>
        <time>2018-04-14T20:23:50Z</time>
      </trkpt>
      <trkpt lat="47.149923630058765" lon="-119.97718543745577">
        <ele>279.88</ele>
        <time>2018-04-14T20:24:07Z</time>
      </trkpt>
      <trkpt lat="47.15011834166944" lon="-119.97719599865377">
        <ele>280.36</ele>
        <time>2018-04-14T20:24:23Z</time>
      </trkpt>
      <trkpt lat="47.15029704384506" lon="-119.97725836001337">
        <ele>281.32</ele>
        <time>2018-04-14T20:24:38Z</time>
      </trkpt>
      <trkpt lat="47.150488486513495" lon="-119.97732407413423">
        <ele>280.84</ele>
        <time>2018-04-14T20:24:53Z</time>
      </trkpt>
      <trkpt lat="47.15068546123803" lon="-119.9772875290364">
        <ele>280.84</ele>
        <time>2018-04-14T20:25:08Z</time>
      </trkpt>
      <trkpt lat="47.15090942569077" lon="-119.97732524760067">
        <ele>281.8</ele>
        <time>2018-04-14T20:25:25Z</time>
      </trkpt>
      <trkpt lat="47.151105143129826" lon="-119.9772666580975">
        <ele>283.73</ele>
        <time>2018-04-14T20:25:40Z</time>
      </trkpt>
      <trkpt lat="47.15123816393316" lon="-119.97712081298232">
        <ele>283.25</ele>
        <time>2018-04-14T20:25:53Z</time>
      </trkpt>
      <trkpt lat="47.15139993466437" lon="-119.97690866701305">
        <ele>283.25</ele>
        <time>2018-04-14T20:26:09Z</time>
      </trkpt>
      <trkpt lat="47.15157167986035" lon="-119.97678243555129">
        <ele>283.73</ele>
        <time>2018-04-14T20:26:24Z</time>
      </trkpt>
      <trkpt lat="47.151588862761855" lon="-119.97678587213159">
        <ele>283.73</ele>
        <time>2018-04-14T20:26:26Z</time>
      </trkpt>
      <trkpt lat="47.15164912864566" lon="-119.976776400581">
        <ele>284.21</ele>
        <time>2018-04-14T20:26:31Z</time>
      </trkpt>
      <trkpt lat="47.15184174478054" lon="-119.97677698731422">
        <ele>286.13</ele>
        <time>2018-04-14T20:26:46Z</time>
      </trkpt>
      <trkpt lat="47.15202941559255" lon="-119.97680288739502">
        <ele>286.61</ele>
        <time>2018-04-14T20:27:01Z</time>
      </trkpt>
      <trkpt lat="47.15221633203328" lon="-119.97683130204678">
        <ele>287.09</ele>
        <time>2018-04-14T20:27:16Z</time>
      </trkpt>
      <trkpt lat="47.15242965146899" lon="-119.97681554406881">
        <ele>287.09</ele>
        <time>2018-04-14T20:27:33Z</time>
      </trkpt>
      <trkpt lat="47.15262545272708" lon="-119.97676164843142">
        <ele>287.09</ele>
        <time>2018-04-14T20:27:48Z</time>
      </trkpt>
      <trkpt lat="47.15275352820754" lon="-119.97677262872458">
        <ele>287.57</ele>
        <time>2018-04-14T20:27:58Z</time>
      </trkpt>
      <trkpt lat="47.15273383073509" lon="-119.97663776390254">
        <ele>287.57</ele>
        <time>2018-04-14T20:28:07Z</time>
      </trkpt>
      <trkpt lat="47.15272285044193" lon="-119.9765953514725">
        <ele>287.09</ele>
        <time>2018-04-14T20:28:25Z</time>
      </trkpt>
      <trkpt lat="47.152731316164136" lon="-119.97648269869387">
        <ele>286.13</ele>
        <time>2018-04-14T20:28:40Z</time>
      </trkpt>
      <trkpt lat="47.1527589764446" lon="-119.97622453607619">
        <ele>286.61</ele>
        <time>2018-04-14T20:28:55Z</time>
      </trkpt>
      <trkpt lat="47.15275629423559" lon="-119.97619545087218">
        <ele>286.13</ele>
        <time>2018-04-14T20:28:57Z</time>
      </trkpt>
      <trkpt lat="47.15276811271906" lon="-119.97598104178905">
        <ele>286.13</ele>
        <time>2018-04-14T20:29:10Z</time>
      </trkpt>
      <trkpt lat="47.15276760980487" lon="-119.97581851668656">
        <ele>286.61</ele>
        <time>2018-04-14T20:29:19Z</time>
      </trkpt>
      <trkpt lat="47.15275838971138" lon="-119.97553353197873">
        <ele>286.61</ele>
        <time>2018-04-14T20:29:35Z</time>
      </trkpt>
      <trkpt lat="47.152719078585505" lon="-119.975217115134">
        <ele>286.61</ele>
        <time>2018-04-14T20:29:53Z</time>
      </trkpt>
      <trkpt lat="47.15265185572207" lon="-119.97489902190864">
        <ele>286.61</ele>
        <time>2018-04-14T20:30:11Z</time>
      </trkpt>
      <trkpt lat="47.15261212550104" lon="-119.97464094310999">
        <ele>288.05</ele>
        <time>2018-04-14T20:30:26Z</time>
      </trkpt>
      <trkpt lat="47.152535347267985" lon="-119.97439661063254">
        <ele>288.05</ele>
        <time>2018-04-14T20:30:41Z</time>
      </trkpt>
      <trkpt lat="47.15243577025831" lon="-119.97418035753071">
        <ele>287.57</ele>
        <time>2018-04-14T20:30:56Z</time>
      </trkpt>
      <trkpt lat="47.15228942222893" lon="-119.97396234422922">
        <ele>288.05</ele>
        <time>2018-04-14T20:31:13Z</time>
      </trkpt>
      <trkpt lat="47.15214466676116" lon="-119.97376226820052">
        <ele>287.57</ele>
        <time>2018-04-14T20:31:29Z</time>
      </trkpt>
      <trkpt lat="47.15201751329005" lon="-119.9735217075795">
        <ele>286.61</ele>
        <time>2018-04-14T20:31:46Z</time>
      </trkpt>
      <trkpt lat="47.151906033977866" lon="-119.97327972203493">
        <ele>285.65</ele>
        <time>2018-04-14T20:32:02Z</time>
      </trkpt>
      <trkpt lat="47.15184283442795" lon="-119.97310143895447">
        <ele>285.17</ele>
        <time>2018-04-14T20:32:13Z</time>
      </trkpt>
      <trkpt lat="47.15173462405801" lon="-119.9728115927428">
        <ele>283.73</ele>
        <time>2018-04-14T20:32:31Z</time>
      </trkpt>
      <trkpt lat="47.15165457688272" lon="-119.97254161164165">
        <ele>282.28</ele>
        <time>2018-04-14T20:32:47Z</time>
      </trkpt>
      <trkpt lat="47.151599591597915" lon="-119.97222955338657">
        <ele>281.32</ele>
        <time>2018-04-14T20:33:04Z</time>
      </trkpt>
      <trkpt lat="47.151538571342826" lon="-119.97192168608308">
        <ele>280.36</ele>
        <time>2018-04-14T20:33:21Z</time>
      </trkpt>
      <trkpt lat="47.151509234681726" lon="-119.97164960950613">
        <ele>280.84</ele>
        <time>2018-04-14T20:33:36Z</time>
      </trkpt>
      <trkpt lat="47.151404125615954" lon="-119.97138348408043">
        <ele>280.36</ele>
        <time>2018-04-14T20:33:52Z</time>
      </trkpt>
      <trkpt lat="47.15127454139292" lon="-119.9711500480771">
        <ele>279.4</ele>
        <time>2018-04-14T20:34:08Z</time>
      </trkpt>
      <trkpt lat="47.151189632713795" lon="-119.97080370783806">
        <ele>277.96</ele>
        <time>2018-04-14T20:34:27Z</time>
      </trkpt>
      <trkpt lat="47.15117823332548" lon="-119.97049206867814">
        <ele>277.48</ele>
        <time>2018-04-14T20:34:44Z</time>
      </trkpt>
      <trkpt lat="47.15119139291346" lon="-119.97020280919969">
        <ele>277.48</ele>
        <time>2018-04-14T20:35:00Z</time>
      </trkpt>
      <trkpt lat="47.15122106485069" lon="-119.96995110064745">
        <ele>277.48</ele>
        <time>2018-04-14T20:35:14Z</time>
      </trkpt>
      <trkpt lat="47.15124352835119" lon="-119.96968723833561">
        <ele>278.92</ele>
        <time>2018-04-14T20:35:29Z</time>
      </trkpt>
      <trkpt lat="47.151234056800604" lon="-119.96940116398036">
        <ele>278.92</ele>
        <time>2018-04-14T20:35:44Z</time>
      </trkpt>
      <trkpt lat="47.151228776201606" lon="-119.96907770633698">
        <ele>278.92</ele>
        <time>2018-04-14T20:36:01Z</time>
      </trkpt>
      <trkpt lat="47.15117270126939" lon="-119.9687585234642">
        <ele>278.92</ele>
        <time>2018-04-14T20:36:18Z</time>
      </trkpt>
      <trkpt lat="47.15113238431513" lon="-119.96844881214201">
        <ele>277.96</ele>
        <time>2018-04-14T20:36:34Z</time>
      </trkpt>
      <trkpt lat="47.15111369267106" lon="-119.96814019046724">
        <ele>277.96</ele>
        <time>2018-04-14T20:36:50Z</time>
      </trkpt>
      <trkpt lat="47.1510942466557" lon="-119.96782436035573">
        <ele>277.48</ele>
        <time>2018-04-14T20:37:07Z</time>
      </trkpt>
      <trkpt lat="47.151060719043016" lon="-119.96748589910567">
        <ele>277.48</ele>
        <time>2018-04-14T20:37:25Z</time>
      </trkpt>
      <trkpt lat="47.151016630232334" lon="-119.96718783862889">
        <ele>277.48</ele>
        <time>2018-04-14T20:37:41Z</time>
      </trkpt>
      <trkpt lat="47.15102090500295" lon="-119.96689665131271">
        <ele>278.44</ele>
        <time>2018-04-14T20:37:56Z</time>
      </trkpt>
      <trkpt lat="47.15098477900028" lon="-119.9665760435164">
        <ele>278.92</ele>
        <time>2018-04-14T20:38:13Z</time>
      </trkpt>
      <trkpt lat="47.150939935818315" lon="-119.96629717759788">
        <ele>278.44</ele>
        <time>2018-04-14T20:38:28Z</time>
      </trkpt>
      <trkpt lat="47.150889560580254" lon="-119.96596525423229">
        <ele>277.96</ele>
        <time>2018-04-14T20:38:45Z</time>
      </trkpt>
      <trkpt lat="47.150867599993944" lon="-119.96559284627438">
        <ele>277.96</ele>
        <time>2018-04-14T20:39:04Z</time>
      </trkpt>
      <trkpt lat="47.150885285809636" lon="-119.96527324430645">
        <ele>278.44</ele>
        <time>2018-04-14T20:39:21Z</time>
      </trkpt>
      <trkpt lat="47.150871120393276" lon="-119.96496940031648">
        <ele>277.96</ele>
        <time>2018-04-14T20:39:37Z</time>
      </trkpt>
      <trkpt lat="47.15089224278927" lon="-119.9647022690624">
        <ele>277.96</ele>
        <time>2018-04-14T20:39:51Z</time>
      </trkpt>
      <trkpt lat="47.150910682976246" lon="-119.96439079754055">
        <ele>278.44</ele>
        <time>2018-04-14T20:40:07Z</time>
      </trkpt>
      <trkpt lat="47.150894086807966" lon="-119.96409801766276">
        <ele>277.48</ele>
        <time>2018-04-14T20:40:22Z</time>
      </trkpt>
      <trkpt lat="47.15088092721999" lon="-119.96394873596728">
        <ele>277.48</ele>
        <time>2018-04-14T20:40:30Z</time>
      </trkpt>
      <trkpt lat="47.15079417452216" lon="-119.96362670324743">
        <ele>275.56</ele>
        <time>2018-04-14T20:40:47Z</time>
      </trkpt>
      <trkpt lat="47.15080674737692" lon="-119.96334138326347">
        <ele>275.07</ele>
        <time>2018-04-14T20:41:02Z</time>
      </trkpt>
      <trkpt lat="47.15082434937358" lon="-119.96303854510188">
        <ele>275.07</ele>
        <time>2018-04-14T20:41:18Z</time>
      </trkpt>
      <trkpt lat="47.150692669674754" lon="-119.96251132339239">
        <ele>274.59</ele>
        <time>2018-04-14T20:41:47Z</time>
      </trkpt>
      <trkpt lat="47.1506626624614" lon="-119.96217445470393">
        <ele>274.59</ele>
        <time>2018-04-14T20:42:04Z</time>
      </trkpt>
      <trkpt lat="47.15067196637392" lon="-119.96187069453299">
        <ele>274.59</ele>
        <time>2018-04-14T20:42:20Z</time>
      </trkpt>
      <trkpt lat="47.150651598349214" lon="-119.96151463128626">
        <ele>274.11</ele>
        <time>2018-04-14T20:42:38Z</time>
      </trkpt>
      <trkpt lat="47.15072778984904" lon="-119.96125848032534">
        <ele>275.07</ele>
        <time>2018-04-14T20:42:53Z</time>
      </trkpt>
      <trkpt lat="47.15077506378293" lon="-119.9609515350312">
        <ele>275.56</ele>
        <time>2018-04-14T20:43:10Z</time>
      </trkpt>
      <trkpt lat="47.15079476125538" lon="-119.96063796803355">
        <ele>275.56</ele>
        <time>2018-04-14T20:43:26Z</time>
      </trkpt>
      <trkpt lat="47.15086692944169" lon="-119.96030369773507">
        <ele>275.07</ele>
        <time>2018-04-14T20:43:44Z</time>
      </trkpt>
      <trkpt lat="47.1509097609669" lon="-119.96003522537649">
        <ele>275.07</ele>
        <time>2018-04-14T20:43:58Z</time>
      </trkpt>
      <trkpt lat="47.150884196162224" lon="-119.95970858260989">
        <ele>275.07</ele>
        <time>2018-04-14T20:44:14Z</time>
      </trkpt>
      <trkpt lat="47.150848153978586" lon="-119.9593578837812">
        <ele>275.56</ele>
        <time>2018-04-14T20:44:32Z</time>
      </trkpt>
      <trkpt lat="47.150871036574244" lon="-119.95902386493981">
        <ele>276.04</ele>
        <time>2018-04-14T20:44:49Z</time>
      </trkpt>
      <trkpt lat="47.150797275826335" lon="-119.95869018137455">
        <ele>277.0</ele>
        <time>2018-04-14T20:45:06Z</time>
      </trkpt>
      <trkpt lat="47.150786463171244" lon="-119.95839949697256">
        <ele>276.52</ele>
        <time>2018-04-14T20:45:22Z</time>
      </trkpt>
      <trkpt lat="47.15080196969211" lon="-119.95818953029811">
        <ele>277.0</ele>
        <time>2018-04-14T20:45:33Z</time>
      </trkpt>
      <trkpt lat="47.15082250535488" lon="-119.95794142596424">
        <ele>277.0</ele>
        <time>2018-04-14T20:45:45Z</time>
      </trkpt>
      <trkpt lat="47.150843963027" lon="-119.95766893029213">
        <ele>277.0</ele>
        <time>2018-04-14T20:45:59Z</time>
      </trkpt>
      <trkpt lat="47.150817811489105" lon="-119.95729803107679">
        <ele>276.52</ele>
        <time>2018-04-14T20:46:18Z</time>
      </trkpt>
      <trkpt lat="47.15078243985772" lon="-119.95699125342071">
        <ele>275.56</ele>
        <time>2018-04-14T20:46:34Z</time>
      </trkpt>
      <trkpt lat="47.15077850036323" lon="-119.95665245689452">
        <ele>274.11</ele>
        <time>2018-04-14T20:46:51Z</time>
      </trkpt>
      <trkpt lat="47.150727957487106" lon="-119.95636537671089">
        <ele>274.59</ele>
        <time>2018-04-14T20:47:06Z</time>
      </trkpt>
      <trkpt lat="47.15073985978961" lon="-119.95602993294597">
        <ele>276.04</ele>
        <time>2018-04-14T20:47:22Z</time>
      </trkpt>
      <trkpt lat="47.15087606571615" lon="-119.95571385137737">
        <ele>277.96</ele>
        <time>2018-04-14T20:47:41Z</time>
      </trkpt>
      <trkpt lat="47.150915544480085" lon="-119.95540774427354">
        <ele>277.48</ele>
        <time>2018-04-14T20:47:57Z</time>
      </trkpt>
      <trkpt lat="47.150938929989934" lon="-119.95510331355035">
        <ele>277.48</ele>
        <time>2018-04-14T20:48:12Z</time>
      </trkpt>
      <trkpt lat="47.150987377390265" lon="-119.95481120422482">
        <ele>277.96</ele>
        <time>2018-04-14T20:48:27Z</time>
      </trkpt>
      <trkpt lat="47.15101361274719" lon="-119.95447089895606">
        <ele>278.44</ele>
        <time>2018-04-14T20:48:45Z</time>
      </trkpt>
      <trkpt lat="47.15098804794252" lon="-119.95415079407394">
        <ele>280.36</ele>
        <time>2018-04-14T20:49:02Z</time>
      </trkpt>
      <trkpt lat="47.15098662301898" lon="-119.95380973443389">
        <ele>282.77</ele>
        <time>2018-04-14T20:49:20Z</time>
      </trkpt>
      <trkpt lat="47.15099383145571" lon="-119.9535016156733">
        <ele>283.25</ele>
        <time>2018-04-14T20:49:36Z</time>
      </trkpt>
      <trkpt lat="47.151021491736174" lon="-119.95311780832708">
        <ele>285.65</ele>
        <time>2018-04-14T20:49:55Z</time>
      </trkpt>
      <trkpt lat="47.15097304433584" lon="-119.95275126770139">
        <ele>283.73</ele>
        <time>2018-04-14T20:50:13Z</time>
      </trkpt>
      <trkpt lat="47.150948233902454" lon="-119.95240224525332">
        <ele>281.8</ele>
        <time>2018-04-14T20:50:31Z</time>
      </trkpt>
      <trkpt lat="47.15086097829044" lon="-119.95203964412212">
        <ele>278.92</ele>
        <time>2018-04-14T20:50:50Z</time>
      </trkpt>
      <trkpt lat="47.15072569437325" lon="-119.95186756365001">
        <ele>276.52</ele>
        <time>2018-04-14T20:51:05Z</time>
      </trkpt>
      <trkpt lat="47.15074589475989" lon="-119.9518730957061">
        <ele>277.0</ele>
        <time>2018-04-14T20:52:11Z</time>
      </trkpt>
      <trkpt lat="47.150709182024" lon="-119.95183495804667">
        <ele>277.0</ele>
        <time>2018-04-14T20:52:32Z</time>
      </trkpt>
      <trkpt lat="47.15071555227041" lon="-119.9518355447799">
        <ele>277.0</ele>
        <time>2018-04-14T20:52:34Z</time>
      </trkpt>
      <trkpt lat="47.15086072683334" lon="-119.9516658950597">
        <ele>277.48</ele>
        <time>2018-04-14T20:52:49Z</time>
      </trkpt>
      <trkpt lat="47.1508854534477" lon="-119.95165206491947">
        <ele>277.96</ele>
        <time>2018-04-14T20:52:51Z</time>
      </trkpt>
      <trkpt lat="47.1509303804487" lon="-119.95161560364068">
        <ele>278.44</ele>
        <time>2018-04-14T20:52:55Z</time>
      </trkpt>
      <trkpt lat="47.151001961901784" lon="-119.95159456506371">
        <ele>278.44</ele>
        <time>2018-04-14T20:53:01Z</time>
      </trkpt>
      <trkpt lat="47.15113288722932" lon="-119.95151007547975">
        <ele>278.44</ele>
        <time>2018-04-14T20:53:12Z</time>
      </trkpt>
      <trkpt lat="47.15128627605736" lon="-119.95136146433651">
        <ele>277.96</ele>
        <time>2018-04-14T20:53:26Z</time>
      </trkpt>
      <trkpt lat="47.15137747116387" lon="-119.95125593617558">
        <ele>277.48</ele>
        <time>2018-04-14T20:53:35Z</time>
      </trkpt>
      <trkpt lat="47.15157008729875" lon="-119.95118586346507">
        <ele>277.0</ele>
        <time>2018-04-14T20:53:50Z</time>
      </trkpt>
      <trkpt lat="47.151765720918775" lon="-119.95117647573352">
        <ele>274.11</ele>
        <time>2018-04-14T20:54:05Z</time>
      </trkpt>
      <trkpt lat="47.15186940506101" lon="-119.95115895755589">
        <ele>272.67</ele>
        <time>2018-04-14T20:54:13Z</time>
      </trkpt>
      <trkpt lat="47.15205472894013" lon="-119.95122383348644">
        <ele>271.71</ele>
        <time>2018-04-14T20:54:27Z</time>
      </trkpt>
      <trkpt lat="47.152220187708735" lon="-119.95119323953986">
        <ele>273.15</ele>
        <time>2018-04-14T20:54:41Z</time>
      </trkpt>
      <trkpt lat="47.15228095650673" lon="-119.9511999450624">
        <ele>273.63</ele>
        <time>2018-04-14T20:54:46Z</time>
      </trkpt>
      <trkpt lat="47.15235094539821" lon="-119.95098436251283">
        <ele>274.59</ele>
        <time>2018-04-14T20:55:00Z</time>
      </trkpt>
      <trkpt lat="47.15237927623093" lon="-119.95090364478528">
        <ele>274.11</ele>
        <time>2018-04-14T20:55:05Z</time>
      </trkpt>
      <trkpt lat="47.15241154655814" lon="-119.95056577026844">
        <ele>271.71</ele>
        <time>2018-04-14T20:55:21Z</time>
      </trkpt>
      <trkpt lat="47.15251606889069" lon="-119.95028170756996">
        <ele>270.75</ele>
        <time>2018-04-14T20:55:37Z</time>
      </trkpt>
      <trkpt lat="47.15266903862357" lon="-119.95002295821905">
        <ele>271.71</ele>
        <time>2018-04-14T20:55:54Z</time>
      </trkpt>
      <trkpt lat="47.1528107766062" lon="-119.94979002512991">
        <ele>272.19</ele>
        <time>2018-04-14T20:56:10Z</time>
      </trkpt>
      <trkpt lat="47.15292979963124" lon="-119.94956949725747">
        <ele>272.19</ele>
        <time>2018-04-14T20:56:24Z</time>
      </trkpt>
      <trkpt lat="47.153104562312365" lon="-119.94947620667517">
        <ele>271.23</ele>
        <time>2018-04-14T20:56:37Z</time>
      </trkpt>
      <trkpt lat="47.153208665549755" lon="-119.94919717311859">
        <ele>273.63</ele>
        <time>2018-04-14T20:56:53Z</time>
      </trkpt>
      <trkpt lat="47.153304386883974" lon="-119.94908577762544">
        <ele>276.52</ele>
        <time>2018-04-14T20:57:03Z</time>
      </trkpt>
      <trkpt lat="47.15342064388096" lon="-119.9488359130919">
        <ele>280.84</ele>
        <time>2018-04-14T20:57:19Z</time>
      </trkpt>
      <trkpt lat="47.15348090976477" lon="-119.94856869801879">
        <ele>284.21</ele>
        <time>2018-04-14T20:57:35Z</time>
      </trkpt>
      <trkpt lat="47.153445119038224" lon="-119.94836795143783">
        <ele>286.13</ele>
        <time>2018-04-14T20:57:46Z</time>
      </trkpt>
      <trkpt lat="47.15341796167195" lon="-119.94807299226522">
        <ele>288.05</ele>
        <time>2018-04-14T20:58:01Z</time>
      </trkpt>
      <trkpt lat="47.153373789042234" lon="-119.94781952351332">
        <ele>289.01</ele>
        <time>2018-04-14T20:58:14Z</time>
      </trkpt>
      <trkpt lat="47.153300950303674" lon="-119.94755884632468">
        <ele>290.94</ele>
        <time>2018-04-14T20:58:28Z</time>
      </trkpt>
      <trkpt lat="47.15322157368064" lon="-119.94727193377912">
        <ele>292.38</ele>
        <time>2018-04-14T20:58:43Z</time>
      </trkpt>
      <trkpt lat="47.153142197057605" lon="-119.94695853441954">
        <ele>293.82</ele>
        <time>2018-04-14T20:58:59Z</time>
      </trkpt>
      <trkpt lat="47.153097689151764" lon="-119.94682475924492">
        <ele>292.86</ele>
        <time>2018-04-14T20:59:12Z</time>
      </trkpt>
      <trkpt lat="47.15309467166662" lon="-119.94681905955076">
        <ele>292.38</ele>
        <time>2018-04-14T20:59:14Z</time>
      </trkpt>
      <trkpt lat="47.153006410226226" lon="-119.94654052890837">
        <ele>291.9</ele>
        <time>2018-04-14T20:59:29Z</time>
      </trkpt>
      <trkpt lat="47.15295494534075" lon="-119.94639434851706">
        <ele>290.94</ele>
        <time>2018-04-14T20:59:37Z</time>
      </trkpt>
      <trkpt lat="47.15290725231171" lon="-119.94626610539854">
        <ele>289.49</ele>
        <time>2018-04-14T20:59:44Z</time>
      </trkpt>
      <trkpt lat="47.15284866280854" lon="-119.94611053727567">
        <ele>288.05</ele>
        <time>2018-04-14T20:59:52Z</time>
      </trkpt>
      <trkpt lat="47.1527729742229" lon="-119.94592789560556">
        <ele>287.57</ele>
        <time>2018-04-14T21:00:01Z</time>
      </trkpt>
      <trkpt lat="47.152677085250616" lon="-119.94578305631876">
        <ele>287.09</ele>
        <time>2018-04-14T21:00:11Z</time>
      </trkpt>
      <trkpt lat="47.15269519016147" lon="-119.94569077156484">
        <ele>287.09</ele>
        <time>2018-04-14T21:00:17Z</time>
      </trkpt>
      <trkpt lat="47.152820164337754" lon="-119.94539564475417">
        <ele>287.09</ele>
        <time>2018-04-14T21:00:34Z</time>
      </trkpt>
      <trkpt lat="47.15284598059952" lon="-119.9453473649919">
        <ele>287.09</ele>
        <time>2018-04-14T21:00:37Z</time>
      </trkpt>
      <trkpt lat="47.1528937574476" lon="-119.94521317072213">
        <ele>286.61</ele>
        <time>2018-04-14T21:00:46Z</time>
      </trkpt>
      <trkpt lat="47.15306734666228" lon="-119.94495802558959">
        <ele>283.25</ele>
        <time>2018-04-14T21:01:03Z</time>
      </trkpt>
      <trkpt lat="47.15312568470836" lon="-119.94483849965036">
        <ele>282.77</ele>
        <time>2018-04-14T21:01:10Z</time>
      </trkpt>
      <trkpt lat="47.15315896086395" lon="-119.94466985575855">
        <ele>279.88</ele>
        <time>2018-04-14T21:01:24Z</time>
      </trkpt>
      <trkpt lat="47.153240852057934" lon="-119.94444019161165">
        <ele>278.92</ele>
        <time>2018-04-14T21:01:37Z</time>
      </trkpt>
      <trkpt lat="47.15330514125526" lon="-119.94417976588011">
        <ele>274.11</ele>
        <time>2018-04-14T21:01:52Z</time>
      </trkpt>
      <trkpt lat="47.15335417538881" lon="-119.94409318082035">
        <ele>271.71</ele>
        <time>2018-04-14T21:01:58Z</time>
      </trkpt>
      <trkpt lat="47.15336834080517" lon="-119.9439643509686">
        <ele>268.35</ele>
        <time>2018-04-14T21:02:06Z</time>
      </trkpt>
      <trkpt lat="47.15339013375342" lon="-119.94388011284173">
        <ele>266.9</ele>
        <time>2018-04-14T21:02:10Z</time>
      </trkpt>
      <trkpt lat="47.153456434607506" lon="-119.94360091164708">
        <ele>259.69</ele>
        <time>2018-04-14T21:02:27Z</time>
      </trkpt>
      <trkpt lat="47.15347185730934" lon="-119.94357249699533">
        <ele>259.21</ele>
        <time>2018-04-14T21:02:29Z</time>
      </trkpt>
      <trkpt lat="47.153479317203164" lon="-119.94341290555894">
        <ele>256.33</ele>
        <time>2018-04-14T21:02:39Z</time>
      </trkpt>
      <trkpt lat="47.153551233932376" lon="-119.9431662261486">
        <ele>250.08</ele>
        <time>2018-04-14T21:03:09Z</time>
      </trkpt>
      <trkpt lat="47.15354570187628" lon="-119.94316136464477">
        <ele>249.6</ele>
        <time>2018-04-14T21:04:10Z</time>
      </trkpt>
      <trkpt lat="47.15355819091201" lon="-119.94315809570253">
        <ele>246.23</ele>
        <time>2018-04-14T21:09:33Z</time>
      </trkpt>
      <trkpt lat="47.15360110625625" lon="-119.94318600744009">
        <ele>245.75</ele>
        <time>2018-04-14T21:09:56Z</time>
      </trkpt>
      <trkpt lat="47.15357537381351" lon="-119.94319958612323">
        <ele>250.56</ele>
        <time>2018-04-14T21:12:18Z</time>
      </trkpt>
      <trkpt lat="47.15359523892403" lon="-119.9431339558214">
        <ele>251.52</ele>
        <time>2018-04-14T21:12:31Z</time>
      </trkpt>
      <trkpt lat="47.15360169298947" lon="-119.94309581816196">
        <ele>252.0</ele>
        <time>2018-04-14T21:12:43Z</time>
      </trkpt>
      <trkpt lat="47.15358518064022" lon="-119.94295810349286">
        <ele>252.96</ele>
        <time>2018-04-14T21:12:57Z</time>
      </trkpt>
      <trkpt lat="47.15357394888997" lon="-119.94289121590555">
        <ele>252.96</ele>
        <time>2018-04-14T21:13:09Z</time>
      </trkpt>
      <trkpt lat="47.15356078930199" lon="-119.94277671910822">
        <ele>253.44</ele>
        <time>2018-04-14T21:13:26Z</time>
      </trkpt>
      <trkpt lat="47.15352692641318" lon="-119.94267194531858">
        <ele>253.93</ele>
        <time>2018-04-14T21:13:38Z</time>
      </trkpt>
      <trkpt lat="47.15352156199515" lon="-119.94263808242977">
        <ele>254.41</ele>
        <time>2018-04-14T21:13:41Z</time>
      </trkpt>
      <trkpt lat="47.15351686812937" lon="-119.94258276186883">
        <ele>253.93</ele>
        <time>2018-04-14T21:13:45Z</time>
      </trkpt>
      <trkpt lat="47.15351871214807" lon="-119.94251763448119">
        <ele>254.41</ele>
        <time>2018-04-14T21:13:50Z</time>
      </trkpt>
      <trkpt lat="47.15351183898747" lon="-119.9424515850842">
        <ele>254.41</ele>
        <time>2018-04-14T21:13:54Z</time>
      </trkpt>
      <trkpt lat="47.153481831774116" lon="-119.94238302111626">
        <ele>254.89</ele>
        <time>2018-04-14T21:14:00Z</time>
      </trkpt>
      <trkpt lat="47.153480323031545" lon="-119.94232141412795">
        <ele>255.37</ele>
        <time>2018-04-14T21:14:04Z</time>
      </trkpt>
      <trkpt lat="47.153449812904" lon="-119.94224103167653">
        <ele>257.77</ele>
        <time>2018-04-14T21:14:10Z</time>
      </trkpt>
      <trkpt lat="47.153446627780795" lon="-119.9422100186348">
        <ele>258.25</ele>
        <time>2018-04-14T21:14:12Z</time>
      </trkpt>
      <trkpt lat="47.15341075323522" lon="-119.94212972000241">
        <ele>259.69</ele>
        <time>2018-04-14T21:14:18Z</time>
      </trkpt>
      <trkpt lat="47.15340580791235" lon="-119.94209971278906">
        <ele>260.17</ele>
        <time>2018-04-14T21:14:20Z</time>
      </trkpt>
      <trkpt lat="47.15335509739816" lon="-119.9419819470495">
        <ele>261.62</ele>
        <time>2018-04-14T21:14:29Z</time>
      </trkpt>
      <trkpt lat="47.15327831916511" lon="-119.94188295677304">
        <ele>261.62</ele>
        <time>2018-04-14T21:14:38Z</time>
      </trkpt>
      <trkpt lat="47.15324319899082" lon="-119.94169645942748">
        <ele>261.14</ele>
        <time>2018-04-14T21:14:50Z</time>
      </trkpt>
      <trkpt lat="47.15323959477246" lon="-119.94168321602046">
        <ele>261.14</ele>
        <time>2018-04-14T21:14:51Z</time>
      </trkpt>
      <trkpt lat="47.153172455728054" lon="-119.94146034121513">
        <ele>261.14</ele>
        <time>2018-04-14T21:15:05Z</time>
      </trkpt>
      <trkpt lat="47.15314538218081" lon="-119.94142530485988">
        <ele>261.14</ele>
        <time>2018-04-14T21:15:08Z</time>
      </trkpt>
      <trkpt lat="47.15308771468699" lon="-119.94123302400112">
        <ele>259.69</ele>
        <time>2018-04-14T21:15:22Z</time>
      </trkpt>
      <trkpt lat="47.15301043353975" lon="-119.94106572121382">
        <ele>256.81</ele>
        <time>2018-04-14T21:15:36Z</time>
      </trkpt>
      <trkpt lat="47.15295192785561" lon="-119.94098609313369">
        <ele>253.44</ele>
        <time>2018-04-14T21:15:48Z</time>
      </trkpt>
      <trkpt lat="47.152894008904696" lon="-119.9408524017781">
        <ele>251.52</ele>
        <time>2018-04-14T21:16:02Z</time>
      </trkpt>
      <trkpt lat="47.15283282101154" lon="-119.9407334625721">
        <ele>252.48</ele>
        <time>2018-04-14T21:16:16Z</time>
      </trkpt>
      <trkpt lat="47.152825528755784" lon="-119.94071695022285">
        <ele>252.48</ele>
        <time>2018-04-14T21:16:18Z</time>
      </trkpt>
      <trkpt lat="47.152747912332416" lon="-119.94058736599982">
        <ele>252.96</ele>
        <time>2018-04-14T21:16:31Z</time>
      </trkpt>
      <trkpt lat="47.15267540886998" lon="-119.9404673371464">
        <ele>253.44</ele>
        <time>2018-04-14T21:16:44Z</time>
      </trkpt>
      <trkpt lat="47.15267222374678" lon="-119.94037153199315">
        <ele>252.48</ele>
        <time>2018-04-14T21:16:55Z</time>
      </trkpt>
      <trkpt lat="47.152667278423905" lon="-119.94029332883656">
        <ele>252.48</ele>
        <time>2018-04-14T21:17:10Z</time>
      </trkpt>
      <trkpt lat="47.152694687247276" lon="-119.94031621143222">
        <ele>253.44</ele>
        <time>2018-04-14T21:17:26Z</time>
      </trkpt>
      <trkpt lat="47.15275679714978" lon="-119.94028804823756">
        <ele>256.33</ele>
        <time>2018-04-14T21:17:35Z</time>
      </trkpt>
      <trkpt lat="47.15279761701822" lon="-119.94023532606661">
        <ele>260.17</ele>
        <time>2018-04-14T21:17:43Z</time>
      </trkpt>
      <trkpt lat="47.15282619930804" lon="-119.94016542099416">
        <ele>267.38</ele>
        <time>2018-04-14T21:17:56Z</time>
      </trkpt>
      <trkpt lat="47.15290289372206" lon="-119.94012602604926">
        <ele>273.63</ele>
        <time>2018-04-14T21:18:08Z</time>
      </trkpt>
      <trkpt lat="47.15293608605862" lon="-119.94008688256145">
        <ele>281.32</ele>
        <time>2018-04-14T21:18:20Z</time>
      </trkpt>
      <trkpt lat="47.15294245630503" lon="-119.94001999497414">
        <ele>285.65</ele>
        <time>2018-04-14T21:18:33Z</time>
      </trkpt>
      <trkpt lat="47.15298654511571" lon="-119.93997330777347">
        <ele>286.13</ele>
        <time>2018-04-14T21:18:48Z</time>
      </trkpt>
      <trkpt lat="47.15298419818282" lon="-119.93995889090002">
        <ele>286.13</ele>
        <time>2018-04-14T21:18:54Z</time>
      </trkpt>
      <trkpt lat="47.15295293368399" lon="-119.93984313681722">
        <ele>285.65</ele>
        <time>2018-04-14T21:19:08Z</time>
      </trkpt>
      <trkpt lat="47.15292016044259" lon="-119.93974506855011">
        <ele>287.09</ele>
        <time>2018-04-14T21:19:22Z</time>
      </trkpt>
      <trkpt lat="47.15288093313575" lon="-119.93964716792107">
        <ele>288.05</ele>
        <time>2018-04-14T21:19:34Z</time>
      </trkpt>
      <trkpt lat="47.152848998084664" lon="-119.93960517458618">
        <ele>286.13</ele>
        <time>2018-04-14T21:19:46Z</time>
      </trkpt>
      <trkpt lat="47.15284044854343" lon="-119.9396091978997">
        <ele>285.17</ele>
        <time>2018-04-14T21:19:57Z</time>
      </trkpt>
      <trkpt lat="47.15286165475845" lon="-119.93962948210537">
        <ele>285.17</ele>
        <time>2018-04-14T21:20:11Z</time>
      </trkpt>
      <trkpt lat="47.152924267575145" lon="-119.93948413990438">
        <ele>288.53</ele>
        <time>2018-04-14T21:20:28Z</time>
      </trkpt>
      <trkpt lat="47.152919908985496" lon="-119.93939395062625">
        <ele>291.9</ele>
        <time>2018-04-14T21:20:40Z</time>
      </trkpt>
      <trkpt lat="47.152939857915044" lon="-119.93937685154378">
        <ele>292.38</ele>
        <time>2018-04-14T21:21:49Z</time>
      </trkpt>
      <trkpt lat="47.15291580185294" lon="-119.93935346603394">
        <ele>289.49</ele>
        <time>2018-04-14T21:22:13Z</time>
      </trkpt>
      <trkpt lat="47.152940863743424" lon="-119.93940711021423">
        <ele>291.9</ele>
        <time>2018-04-14T21:22:40Z</time>
      </trkpt>
      <trkpt lat="47.15291529893875" lon="-119.93940551765263">
        <ele>289.49</ele>
        <time>2018-04-14T21:23:29Z</time>
      </trkpt>
      <trkpt lat="47.152918400242925" lon="-119.93941666558385">
        <ele>291.42</ele>
        <time>2018-04-14T21:23:44Z</time>
      </trkpt>
      <trkpt lat="47.1529077552259" lon="-119.93940526619554">
        <ele>291.9</ele>
        <time>2018-04-14T21:24:00Z</time>
      </trkpt>
      <trkpt lat="47.15292451903224" lon="-119.93934877216816">
        <ele>292.38</ele>
        <time>2018-04-14T21:24:11Z</time>
      </trkpt>
      <trkpt lat="47.15293315239251" lon="-119.9393018335104">
        <ele>292.86</ele>
        <time>2018-04-14T21:24:15Z</time>
      </trkpt>
      <trkpt lat="47.15292745269835" lon="-119.93926176801324">
        <ele>294.78</ele>
        <time>2018-04-14T21:24:18Z</time>
      </trkpt>
      <trkpt lat="47.15292879380286" lon="-119.93922765366733">
        <ele>296.22</ele>
        <time>2018-04-14T21:24:21Z</time>
      </trkpt>
      <trkpt lat="47.152916975319386" lon="-119.93916839361191">
        <ele>297.67</ele>
        <time>2018-04-14T21:24:26Z</time>
      </trkpt>
      <trkpt lat="47.152915969491005" lon="-119.93912405334413">
        <ele>297.67</ele>
        <time>2018-04-14T21:24:31Z</time>
      </trkpt>
      <trkpt lat="47.15289358980954" lon="-119.93892062455416">
        <ele>298.63</ele>
        <time>2018-04-14T21:24:43Z</time>
      </trkpt>
      <trkpt lat="47.15289015322924" lon="-119.938795985654">
        <ele>299.59</ele>
        <time>2018-04-14T21:24:52Z</time>
      </trkpt>
      <trkpt lat="47.152894930914044" lon="-119.93866816163063">
        <ele>299.59</ele>
        <time>2018-04-14T21:25:00Z</time>
      </trkpt>
      <trkpt lat="47.15290607884526" lon="-119.93849138729274">
        <ele>301.99</ele>
        <time>2018-04-14T21:25:13Z</time>
      </trkpt>
      <trkpt lat="47.15286492370069" lon="-119.93826147168875">
        <ele>302.47</ele>
        <time>2018-04-14T21:25:28Z</time>
      </trkpt>
      <trkpt lat="47.152805579826236" lon="-119.93805301375687">
        <ele>303.43</ele>
        <time>2018-04-14T21:25:41Z</time>
      </trkpt>
      <trkpt lat="47.15278973802924" lon="-119.93800934404135">
        <ele>302.95</ele>
        <time>2018-04-14T21:25:44Z</time>
      </trkpt>
      <trkpt lat="47.15273542329669" lon="-119.93794195353985">
        <ele>300.55</ele>
        <time>2018-04-14T21:25:59Z</time>
      </trkpt>
      <trkpt lat="47.15269519016147" lon="-119.93788160383701">
        <ele>299.59</ele>
        <time>2018-04-14T21:26:31Z</time>
      </trkpt>
      <trkpt lat="47.152670128270984" lon="-119.93787481449544">
        <ele>298.63</ele>
        <time>2018-04-14T21:26:53Z</time>
      </trkpt>
      <trkpt lat="47.15266895480454" lon="-119.93786727078259">
        <ele>300.07</ele>
        <time>2018-04-14T21:27:17Z</time>
      </trkpt>
      <trkpt lat="47.15264699421823" lon="-119.93787347339094">
        <ele>300.07</ele>
        <time>2018-04-14T21:27:32Z</time>
      </trkpt>
      <trkpt lat="47.1525726467371" lon="-119.93781798519194">
        <ele>299.59</ele>
        <time>2018-04-14T21:27:42Z</time>
      </trkpt>
      <trkpt lat="47.15250332839787" lon="-119.93761556223035">
        <ele>301.03</ele>
        <time>2018-04-14T21:27:57Z</time>
      </trkpt>
      <trkpt lat="47.1524743270129" lon="-119.93749838322401">
        <ele>302.95</ele>
        <time>2018-04-14T21:28:04Z</time>
      </trkpt>
      <trkpt lat="47.15245630592108" lon="-119.93740886449814">
        <ele>304.39</ele>
        <time>2018-04-14T21:28:09Z</time>
      </trkpt>
      <trkpt lat="47.15249218046665" lon="-119.93728489615023">
        <ele>305.36</ele>
        <time>2018-04-14T21:28:17Z</time>
      </trkpt>
      <trkpt lat="47.15250483714044" lon="-119.93725136853755">
        <ele>306.32</ele>
        <time>2018-04-14T21:28:28Z</time>
      </trkpt>
      <trkpt lat="47.15248245745897" lon="-119.93729461915791">
        <ele>307.76</ele>
        <time>2018-04-14T21:28:39Z</time>
      </trkpt>
      <trkpt lat="47.152447840198874" lon="-119.93721775710583">
        <ele>308.72</ele>
        <time>2018-04-14T21:28:50Z</time>
      </trkpt>
      <trkpt lat="47.152407858520746" lon="-119.93706461973488">
        <ele>309.2</ele>
        <time>2018-04-14T21:29:04Z</time>
      </trkpt>
      <trkpt lat="47.15236569754779" lon="-119.9368740990758">
        <ele>310.64</ele>
        <time>2018-04-14T21:29:21Z</time>
      </trkpt>
      <trkpt lat="47.15236804448068" lon="-119.93680570274591">
        <ele>309.68</ele>
        <time>2018-04-14T21:29:34Z</time>
      </trkpt>
      <trkpt lat="47.15231238864362" lon="-119.93658483959734">
        <ele>307.76</ele>
        <time>2018-04-14T21:29:48Z</time>
      </trkpt>
      <trkpt lat="47.15234507806599" lon="-119.93644461035728">
        <ele>308.24</ele>
        <time>2018-04-14T21:29:57Z</time>
      </trkpt>
      <trkpt lat="47.15239545330405" lon="-119.93627646937966">
        <ele>309.2</ele>
        <time>2018-04-14T21:30:08Z</time>
      </trkpt>
      <trkpt lat="47.15248128399253" lon="-119.93618971668184">
        <ele>309.2</ele>
        <time>2018-04-14T21:30:16Z</time>
      </trkpt>
      <trkpt lat="47.15252000838518" lon="-119.93605577386916">
        <ele>310.16</ele>
        <time>2018-04-14T21:30:24Z</time>
      </trkpt>
      <trkpt lat="47.15251665562391" lon="-119.93598402477801">
        <ele>310.64</ele>
        <time>2018-04-14T21:30:28Z</time>
      </trkpt>
      <trkpt lat="47.15253224596381" lon="-119.93591286242008">
        <ele>311.12</ele>
        <time>2018-04-14T21:30:33Z</time>
      </trkpt>
      <trkpt lat="47.15262411162257" lon="-119.93566811084747">
        <ele>312.09</ele>
        <time>2018-04-14T21:30:48Z</time>
      </trkpt>
      <trkpt lat="47.15267817489803" lon="-119.93552846834064">
        <ele>315.93</ele>
        <time>2018-04-14T21:31:01Z</time>
      </trkpt>
      <trkpt lat="47.15269376523793" lon="-119.93547038175166">
        <ele>317.37</ele>
        <time>2018-04-14T21:31:07Z</time>
      </trkpt>
      <trkpt lat="47.152707176283" lon="-119.9353335890919">
        <ele>320.74</ele>
        <time>2018-04-14T21:31:20Z</time>
      </trkpt>
      <trkpt lat="47.15274187736213" lon="-119.93520534597337">
        <ele>324.1</ele>
        <time>2018-04-14T21:31:35Z</time>
      </trkpt>
      <trkpt lat="47.15274271555245" lon="-119.93515145033598">
        <ele>326.02</ele>
        <time>2018-04-14T21:31:48Z</time>
      </trkpt>
      <trkpt lat="47.15273198671639" lon="-119.93513711728156">
        <ele>325.06</ele>
        <time>2018-04-14T21:32:01Z</time>
      </trkpt>
      <trkpt lat="47.15274657122791" lon="-119.93510652333498">
        <ele>326.5</ele>
        <time>2018-04-14T21:32:14Z</time>
      </trkpt>
      <trkpt lat="47.15276031754911" lon="-119.93515874259174">
        <ele>328.43</ele>
        <time>2018-04-14T21:32:30Z</time>
      </trkpt>
      <trkpt lat="47.15276668779552" lon="-119.93507173843682">
        <ele>333.71</ele>
        <time>2018-04-14T21:32:42Z</time>
      </trkpt>
      <trkpt lat="47.15286768972874" lon="-119.93501708842814">
        <ele>337.08</ele>
        <time>2018-04-14T21:32:55Z</time>
      </trkpt>
      <trkpt lat="47.15289568528533" lon="-119.93503024801612">
        <ele>337.56</ele>
        <time>2018-04-14T21:32:58Z</time>
      </trkpt>
      <trkpt lat="47.152925273403525" lon="-119.93503225967288">
        <ele>337.56</ele>
        <time>2018-04-14T21:33:01Z</time>
      </trkpt>
      <trkpt lat="47.15305846184492" lon="-119.93494307622313">
        <ele>339.48</ele>
        <time>2018-04-14T21:33:13Z</time>
      </trkpt>
      <trkpt lat="47.153095845133066" lon="-119.93482313118875">
        <ele>340.44</ele>
        <time>2018-04-14T21:33:20Z</time>
      </trkpt>
      <trkpt lat="47.15316155925393" lon="-119.93473822250962">
        <ele>341.89</ele>
        <time>2018-04-14T21:33:27Z</time>
      </trkpt>
      <trkpt lat="47.15320740826428" lon="-119.93465985171497">
        <ele>342.85</ele>
        <time>2018-04-14T21:33:32Z</time>
      </trkpt>
      <trkpt lat="47.15337228029966" lon="-119.9343472905457">
        <ele>344.77</ele>
        <time>2018-04-14T21:33:51Z</time>
      </trkpt>
      <trkpt lat="47.153411004692316" lon="-119.9342849291861">
        <ele>345.25</ele>
        <time>2018-04-14T21:33:55Z</time>
      </trkpt>
      <trkpt lat="47.1534307859838" lon="-119.93419993668795">
        <ele>345.73</ele>
        <time>2018-04-14T21:33:59Z</time>
      </trkpt>
      <trkpt lat="47.15348593890667" lon="-119.9340882897377">
        <ele>345.73</ele>
        <time>2018-04-14T21:34:06Z</time>
      </trkpt>
      <trkpt lat="47.15362465940416" lon="-119.93382115848362">
        <ele>347.17</ele>
        <time>2018-04-14T21:34:23Z</time>
      </trkpt>
      <trkpt lat="47.15365315787494" lon="-119.93370339274406">
        <ele>347.65</ele>
        <time>2018-04-14T21:34:29Z</time>
      </trkpt>
      <trkpt lat="47.15368031524122" lon="-119.93344212882221">
        <ele>348.13</ele>
        <time>2018-04-14T21:34:43Z</time>
      </trkpt>
      <trkpt lat="47.153698755428195" lon="-119.93335361592472">
        <ele>347.65</ele>
        <time>2018-04-14T21:34:56Z</time>
      </trkpt>
      <trkpt lat="47.15371602214873" lon="-119.93332855403423">
        <ele>346.21</ele>
        <time>2018-04-14T21:35:15Z</time>
      </trkpt>
      <trkpt lat="47.153789615258574" lon="-119.93323802947998">
        <ele>348.13</ele>
        <time>2018-04-14T21:35:28Z</time>
      </trkpt>
      <trkpt lat="47.15380067937076" lon="-119.93323006667197">
        <ele>348.62</ele>
        <time>2018-04-14T21:35:29Z</time>
      </trkpt>
      <trkpt lat="47.15391509234905" lon="-119.93321221321821">
        <ele>351.98</ele>
        <time>2018-04-14T21:35:53Z</time>
      </trkpt>
      <trkpt lat="47.154000168666244" lon="-119.93310132063925">
        <ele>354.86</ele>
        <time>2018-04-14T21:36:08Z</time>
      </trkpt>
      <trkpt lat="47.15404509566724" lon="-119.93305865675211">
        <ele>357.27</ele>
        <time>2018-04-14T21:36:18Z</time>
      </trkpt>
      <trkpt lat="47.154030511155725" lon="-119.93274961598217">
        <ele>359.19</ele>
        <time>2018-04-14T21:36:34Z</time>
      </trkpt>
      <trkpt lat="47.15400134213269" lon="-119.93257619440556">
        <ele>361.11</ele>
        <time>2018-04-14T21:36:46Z</time>
      </trkpt>
      <trkpt lat="47.15394233353436" lon="-119.93239355273545">
        <ele>361.59</ele>
        <time>2018-04-14T21:36:58Z</time>
      </trkpt>
      <trkpt lat="47.15394778177142" lon="-119.93224083445966">
        <ele>360.15</ele>
        <time>2018-04-14T21:37:08Z</time>
      </trkpt>
      <trkpt lat="47.15400838293135" lon="-119.93197571486235">
        <ele>359.19</ele>
        <time>2018-04-14T21:37:23Z</time>
      </trkpt>
      <trkpt lat="47.15406831353903" lon="-119.9317432846874">
        <ele>359.67</ele>
        <time>2018-04-14T21:37:36Z</time>
      </trkpt>
      <trkpt lat="47.15409337542951" lon="-119.93148872628808">
        <ele>360.63</ele>
        <time>2018-04-14T21:37:50Z</time>
      </trkpt>
      <trkpt lat="47.154095973819494" lon="-119.93116174824536">
        <ele>360.63</ele>
        <time>2018-04-14T21:38:06Z</time>
      </trkpt>
      <trkpt lat="47.15412329882383" lon="-119.93088439106941">
        <ele>361.59</ele>
        <time>2018-04-14T21:38:20Z</time>
      </trkpt>
      <trkpt lat="47.154131261631846" lon="-119.93056864477694">
        <ele>362.07</ele>
        <time>2018-04-14T21:38:36Z</time>
      </trkpt>
      <trkpt lat="47.15413277037442" lon="-119.93034551851451">
        <ele>362.55</ele>
        <time>2018-04-14T21:38:48Z</time>
      </trkpt>
      <trkpt lat="47.15412698686123" lon="-119.9303219653666">
        <ele>363.04</ele>
        <time>2018-04-14T21:38:52Z</time>
      </trkpt>
      <trkpt lat="47.15414509177208" lon="-119.93009791709483">
        <ele>361.59</ele>
        <time>2018-04-14T21:39:05Z</time>
      </trkpt>
      <trkpt lat="47.15415146201849" lon="-119.92964764125645">
        <ele>361.11</ele>
        <time>2018-04-14T21:39:29Z</time>
      </trkpt>
      <trkpt lat="47.15416110120714" lon="-119.92950405925512">
        <ele>361.11</ele>
        <time>2018-04-14T21:39:37Z</time>
      </trkpt>
      <trkpt lat="47.15415841899812" lon="-119.92918563075364">
        <ele>360.63</ele>
        <time>2018-04-14T21:39:53Z</time>
      </trkpt>
      <trkpt lat="47.1541784517467" lon="-119.92914824746549">
        <ele>360.63</ele>
        <time>2018-04-14T21:40:03Z</time>
      </trkpt>
      <trkpt lat="47.15418079867959" lon="-119.92889519780874">
        <ele>360.15</ele>
        <time>2018-04-14T21:40:19Z</time>
      </trkpt>
      <trkpt lat="47.154199657961726" lon="-119.92856595665216">
        <ele>361.59</ele>
        <time>2018-04-14T21:40:36Z</time>
      </trkpt>
      <trkpt lat="47.154144421219826" lon="-119.92830184288323">
        <ele>364.0</ele>
        <time>2018-04-14T21:40:52Z</time>
      </trkpt>
      <trkpt lat="47.154031936079264" lon="-119.92803010158241">
        <ele>362.07</ele>
        <time>2018-04-14T21:41:08Z</time>
      </trkpt>
      <trkpt lat="47.153909392654896" lon="-119.92772860452533">
        <ele>358.71</ele>
        <time>2018-04-14T21:41:25Z</time>
      </trkpt>
      <trkpt lat="47.153692469000816" lon="-119.92747421376407">
        <ele>356.79</ele>
        <time>2018-04-14T21:41:44Z</time>
      </trkpt>
      <trkpt lat="47.153476467356086" lon="-119.92738662287593">
        <ele>355.83</ele>
        <time>2018-04-14T21:42:00Z</time>
      </trkpt>
      <trkpt lat="47.153218975290656" lon="-119.92748904973269">
        <ele>352.94</ele>
        <time>2018-04-14T21:42:18Z</time>
      </trkpt>
      <trkpt lat="47.15297791175544" lon="-119.92756105028093">
        <ele>351.98</ele>
        <time>2018-04-14T21:42:35Z</time>
      </trkpt>
      <trkpt lat="47.152780685573816" lon="-119.92762274108827">
        <ele>351.98</ele>
        <time>2018-04-14T21:42:49Z</time>
      </trkpt>
      <trkpt lat="47.15258932672441" lon="-119.92749433033168">
        <ele>353.42</ele>
        <time>2018-04-14T21:43:07Z</time>
      </trkpt>
      <trkpt lat="47.15251305140555" lon="-119.92716450244188">
        <ele>354.86</ele>
        <time>2018-04-14T21:43:25Z</time>
      </trkpt>
      <trkpt lat="47.15247147716582" lon="-119.92681975476444">
        <ele>355.34</ele>
        <time>2018-04-14T21:43:43Z</time>
      </trkpt>
      <trkpt lat="47.152486983686686" lon="-119.92647685110569">
        <ele>356.79</ele>
        <time>2018-04-14T21:44:00Z</time>
      </trkpt>
      <trkpt lat="47.15250969864428" lon="-119.92615272291005">
        <ele>355.83</ele>
        <time>2018-04-14T21:44:16Z</time>
      </trkpt>
      <trkpt lat="47.15249058790505" lon="-119.92584661580622">
        <ele>358.71</ele>
        <time>2018-04-14T21:44:34Z</time>
      </trkpt>
      <trkpt lat="47.15249318629503" lon="-119.92583127692342">
        <ele>358.71</ele>
        <time>2018-04-14T21:44:35Z</time>
      </trkpt>
      <trkpt lat="47.152472818270326" lon="-119.92562893778086">
        <ele>358.71</ele>
        <time>2018-04-14T21:44:45Z</time>
      </trkpt>
      <trkpt lat="47.15243157930672" lon="-119.92525652982295">
        <ele>359.67</ele>
        <time>2018-04-14T21:45:03Z</time>
      </trkpt>
      <trkpt lat="47.15243250131607" lon="-119.92490180768073">
        <ele>359.67</ele>
        <time>2018-04-14T21:45:20Z</time>
      </trkpt>
      <trkpt lat="47.15244088321924" lon="-119.9245473369956">
        <ele>359.19</ele>
        <time>2018-04-14T21:45:37Z</time>
      </trkpt>
      <trkpt lat="47.15240023098886" lon="-119.92424106225371">
        <ele>359.67</ele>
        <time>2018-04-14T21:45:52Z</time>
      </trkpt>
      <trkpt lat="47.152336444705725" lon="-119.92394392378628">
        <ele>360.63</ele>
        <time>2018-04-14T21:46:07Z</time>
      </trkpt>
      <trkpt lat="47.1522808726877" lon="-119.92364116944373">
        <ele>361.59</ele>
        <time>2018-04-14T21:46:23Z</time>
      </trkpt>
      <trkpt lat="47.15222370810807" lon="-119.92333657108247">
        <ele>361.11</ele>
        <time>2018-04-14T21:46:39Z</time>
      </trkpt>
      <trkpt lat="47.15216226875782" lon="-119.92304102517664">
        <ele>361.11</ele>
        <time>2018-04-14T21:46:55Z</time>
      </trkpt>
      <trkpt lat="47.15210795402527" lon="-119.9228812661022">
        <ele>361.59</ele>
        <time>2018-04-14T21:47:07Z</time>
      </trkpt>
      <trkpt lat="47.152019776403904" lon="-119.92262461222708">
        <ele>362.55</ele>
        <time>2018-04-14T21:47:22Z</time>
      </trkpt>
      <trkpt lat="47.15189463458955" lon="-119.92232873104513">
        <ele>362.07</ele>
        <time>2018-04-14T21:47:41Z</time>
      </trkpt>
      <trkpt lat="47.15181517414749" lon="-119.92201960645616">
        <ele>360.63</ele>
        <time>2018-04-14T21:48:00Z</time>
      </trkpt>
      <trkpt lat="47.15197082608938" lon="-119.92182975634933">
        <ele>360.15</ele>
        <time>2018-04-14T21:48:16Z</time>
      </trkpt>
      <trkpt lat="47.15208297595382" lon="-119.92155784741044">
        <ele>360.63</ele>
        <time>2018-04-14T21:48:34Z</time>
      </trkpt>
      <trkpt lat="47.15217978693545" lon="-119.9213265068829">
        <ele>361.11</ele>
        <time>2018-04-14T21:48:49Z</time>
      </trkpt>
      <trkpt lat="47.15227165259421" lon="-119.92113992571831">
        <ele>361.11</ele>
        <time>2018-04-14T21:49:01Z</time>
      </trkpt>
      <trkpt lat="47.15230258181691" lon="-119.92112240754068">
        <ele>358.71</ele>
        <time>2018-04-14T21:49:09Z</time>
      </trkpt>
      <trkpt lat="47.152338372543454" lon="-119.92100774310529">
        <ele>357.75</ele>
        <time>2018-04-14T21:49:17Z</time>
      </trkpt>
      <trkpt lat="47.15246435254812" lon="-119.92078771814704">
        <ele>356.79</ele>
        <time>2018-04-14T21:49:32Z</time>
      </trkpt>
      <trkpt lat="47.15265529230237" lon="-119.92054380476475">
        <ele>356.79</ele>
        <time>2018-04-14T21:49:50Z</time>
      </trkpt>
      <trkpt lat="47.152803065255284" lon="-119.92035646922886">
        <ele>356.31</ele>
        <time>2018-04-14T21:50:06Z</time>
      </trkpt>
      <trkpt lat="47.15294748544693" lon="-119.92013577371836">
        <ele>358.71</ele>
        <time>2018-04-14T21:50:23Z</time>
      </trkpt>
      <trkpt lat="47.153085535392165" lon="-119.9199178442359">
        <ele>361.11</ele>
        <time>2018-04-14T21:50:39Z</time>
      </trkpt>
      <trkpt lat="47.153196427971125" lon="-119.91966471076012">
        <ele>363.04</ele>
        <time>2018-04-14T21:50:56Z</time>
      </trkpt>
      <trkpt lat="47.153280917555094" lon="-119.91944644600153">
        <ele>364.96</ele>
        <time>2018-04-14T21:51:11Z</time>
      </trkpt>
      <trkpt lat="47.1533824224025" lon="-119.91918015293777">
        <ele>364.96</ele>
        <time>2018-04-14T21:51:27Z</time>
      </trkpt>
      <trkpt lat="47.153496919199824" lon="-119.9189019575715">
        <ele>364.96</ele>
        <time>2018-04-14T21:51:44Z</time>
      </trkpt>
      <trkpt lat="47.15361015871167" lon="-119.91866349242628">
        <ele>365.44</ele>
        <time>2018-04-14T21:52:00Z</time>
      </trkpt>
      <trkpt lat="47.15375751256943" lon="-119.9184825271368">
        <ele>366.4</ele>
        <time>2018-04-14T21:52:15Z</time>
      </trkpt>
      <trkpt lat="47.15394132770598" lon="-119.91838647052646">
        <ele>368.8</ele>
        <time>2018-04-14T21:52:30Z</time>
      </trkpt>
      <trkpt lat="47.15415540151298" lon="-119.91828446276486">
        <ele>369.76</ele>
        <time>2018-04-14T21:52:48Z</time>
      </trkpt>
      <trkpt lat="47.15435757301748" lon="-119.91815010085702">
        <ele>369.28</ele>
        <time>2018-04-14T21:53:05Z</time>
      </trkpt>
      <trkpt lat="47.15453292243183" lon="-119.91796251386404">
        <ele>369.76</ele>
        <time>2018-04-14T21:53:20Z</time>
      </trkpt>
      <trkpt lat="47.154675498604774" lon="-119.91783116944134">
        <ele>369.76</ele>
        <time>2018-04-14T21:53:32Z</time>
      </trkpt>
      <trkpt lat="47.15472352690995" lon="-119.91781826131046">
        <ele>370.24</ele>
        <time>2018-04-14T21:53:36Z</time>
      </trkpt>
      <trkpt lat="47.15494690462947" lon="-119.91780644282699">
        <ele>371.69</ele>
        <time>2018-04-14T21:53:53Z</time>
      </trkpt>
      <trkpt lat="47.15508897788823" lon="-119.91797282360494">
        <ele>374.09</ele>
        <time>2018-04-14T21:54:08Z</time>
      </trkpt>
      <trkpt lat="47.15509777888656" lon="-119.91798556409776">
        <ele>372.65</ele>
        <time>2018-04-14T21:55:31Z</time>
      </trkpt>
      <trkpt lat="47.15509702451527" lon="-119.9179698061198">
        <ele>375.05</ele>
        <time>2018-04-14T21:56:02Z</time>
      </trkpt>
      <trkpt lat="47.15509249828756" lon="-119.91797558963299">
        <ele>373.13</ele>
        <time>2018-04-14T21:57:46Z</time>
      </trkpt>
      <trkpt lat="47.155085541307926" lon="-119.91796779446304">
        <ele>373.61</ele>
        <time>2018-04-14T21:58:03Z</time>
      </trkpt>
      <trkpt lat="47.15509853325784" lon="-119.91796913556755">
        <ele>376.01</ele>
        <time>2018-04-14T21:58:27Z</time>
      </trkpt>
      <trkpt lat="47.15511353686452" lon="-119.91796284914017">
        <ele>376.49</ele>
        <time>2018-04-14T21:59:47Z</time>
      </trkpt>
      <trkpt lat="47.15510616078973" lon="-119.91793921217322">
        <ele>375.05</ele>
        <time>2018-04-14T22:00:05Z</time>
      </trkpt>
      <trkpt lat="47.15506601147354" lon="-119.91782085970044">
        <ele>375.05</ele>
        <time>2018-04-14T22:00:11Z</time>
      </trkpt>
    </trkseg>
  </trk>
</gpx>