{"type": "Feature", "properties": {}, "geometry": {"type": "LineString", "coordinates": [[-120.040859, 38.464257, 2165.5], [-120.040867, 38.464263, 2165.5], [-120.040875, 38.464258, 2165.5], [-120.040877, 38.464251, 2165.5], [-120.040876, 38.464232, 2165.5], [-120.040867, 38.464199, 2165.6], [-120.040877, 38.46421, 2165.6], [-120.040877, 38.464218, 2165.6], [-120.040866, 38.464231, 2165.6], [-120.04085, 38.464275, 2165.7], [-120.040825, 38.464274, 2165.7], [-120.040811, 38.464278, 2165.7], [-120.040795, 38.464296, 2165.7], [-120.040784, 38.464314, 2165.7], [-120.040765, 38.464331, 2165.8], [-120.040754, 38.464335, 2165.8], [-120.040722, 38.464341, 2165.8], [-120.040711, 38.464345, 2165.8], [-120.040692, 38.46437, 2165.9], [-120.040678, 38.464399, 2165.9], [-120.040674, 38.464427, 2165.9], [-120.040666, 38.464466, 2166.0], [-120.040669, 38.464482, 2166.0], [-120.04067, 38.464503, 2166.0], [-120.040674, 38.464524, 2166.1], [-120.04068, 38.464534, 2166.1], [-120.040719, 38.464577, 2166.2], [-120.040725, 38.464591, 2166.2], [-120.040726, 38.464607, 2166.2], [-120.040719, 38.464635, 2166.3], [-120.040718, 38.464684, 2166.3], [-120.040711, 38.464705, 2166.4], [-120.040708, 38.464722, 2166.4], [-120.040711, 38.464739, 2166.4], [-120.040723, 38.464787, 2166.5], [-120.040733, 38.464823, 2166.6], [-120.040733, 38.464863, 2166.7], [-120.040718, 38.464891, 2166.8], [-120.040722, 38.464896, 2166.8], [-120.040703, 38.464918, 2166.8], [-120.040717, 38.464929, 2166.9], [-120.040733, 38.464913, 2166.9], [-120.040732, 38.464896, 2167.0], [-120.040726, 38.464895, 2167.0], [-120.040729, 38.464912, 2167.2], [-120.040713, 38.464905, 2167.2], [-120.040701, 38.464896, 2167.2], [-120.040716, 38.464868, 2167.3], [-120.04072, 38.464851, 2167.3], [-120.040721, 38.464836, 2167.4], [-120.040717, 38.464826, 2167.4], [-120.040697, 38.464809, 2167.4], [-120.040671, 38.464798, 2167.5], [-120.040608, 38.464786, 2167.6], [-120.040598, 38.46478, 2167.6], [-120.040586, 38.464789, 2167.7], [-120.040567, 38.464793, 2167.7], [-120.040524, 38.464789, 2167.8], [-120.040484, 38.464803, 2167.8], [-120.040425, 38.464886, 2168.1], [-120.040404, 38.464925, 2168.2], [-120.040427, 38.464975, 2168.5], [-120.040502, 38.465031, 2168.8], [-120.04055, 38.465079, 2169.1], [-120.04057, 38.465106, 2169.2], [-120.040586, 38.465124, 2169.2], [-120.040588, 38.465134, 2169.3], [-120.040576, 38.465148, 2169.4], [-120.040597, 38.46516, 2169.5], [-120.040594, 38.465181, 2169.6], [-120.040574, 38.465173, 2169.6], [-120.040553, 38.465172, 2169.7], [-120.040556, 38.465178, 2169.7], [-120.040559, 38.465201, 2169.8], [-120.040556, 38.465235, 2169.6], [-120.040558, 38.465248, 2169.6], [-120.040564, 38.465263, 2169.5], [-120.040565, 38.465294, 2169.5], [-120.04056, 38.465345, 2169.4], [-120.040547, 38.465392, 2169.3], [-120.040529, 38.465417, 2169.3], [-120.040491, 38.465445, 2169.2], [-120.040446, 38.465464, 2169.2], [-120.040406, 38.465496, 2169.1], [-120.040377, 38.46553, 2169.1], [-120.040354, 38.465547, 2169.1], [-120.040326, 38.465548, 2169.1], [-120.040314, 38.465554, 2169.1], [-120.040288, 38.465559, 2169.0], [-120.040273, 38.465564, 2169.0], [-120.040254, 38.46558, 2169.0], [-120.040175, 38.465676, 2169.1], [-120.040143, 38.465714, 2169.1], [-120.04011, 38.465739, 2169.1], [-120.04008, 38.465767, 2169.1], [-120.040047, 38.465808, 2169.2], [-120.040024, 38.465833, 2169.2], [-120.040008, 38.465844, 2169.2], [-120.039989, 38.465853, 2169.2], [-120.039955, 38.465866, 2169.3], [-120.03989, 38.465888, 2169.3], [-120.039865, 38.465895, 2169.3], [-120.039853, 38.4659, 2169.4], [-120.039817, 38.465919, 2169.4], [-120.039753, 38.465958, 2169.4], [-120.03973, 38.465965, 2169.5], [-120.039715, 38.465967, 2169.5], [-120.03966, 38.46596, 2169.5], [-120.039626, 38.46595, 2169.5], [-120.039574, 38.465938, 2169.5], [-120.039551, 38.465942, 2169.5], [-120.039522, 38.465954, 2169.5], [-120.039494, 38.465963, 2169.5], [-120.039476, 38.465964, 2169.5], [-120.039441, 38.465962, 2169.5], [-120.039416, 38.465966, 2169.5], [-120.039381, 38.465968, 2169.5], [-120.03935, 38.465966, 2169.5], [-120.039282, 38.465971, 2169.5], [-120.039246, 38.465977, 2169.5], [-120.0392, 38.465988, 2169.5], [-120.039175, 38.465989, 2169.5], [-120.039151, 38.465996, 2169.5], [-120.039109, 38.465973, 2169.5], [-120.039092, 38.465966, 2169.5], [-120.039071, 38.465954, 2169.5], [-120.039044, 38.465926, 2169.5], [-120.039035, 38.465915, 2169.4], [-120.039025, 38.465895, 2169.4], [-120.039015, 38.465863, 2169.3], [-120.039012, 38.465835, 2169.2], [-120.039009, 38.465771, 2169.1], [-120.03901, 38.465727, 2169.0], [-120.039017, 38.465708, 2168.9], [-120.039031, 38.465676, 2168.9], [-120.039037, 38.465658, 2168.8], [-120.039039, 38.465641, 2168.8], [-120.039046, 38.465625, 2168.7], [-120.039051, 38.465603, 2168.7], [-120.039059, 38.465576, 2168.6], [-120.039065, 38.465545, 2168.5], [-120.039067, 38.465512, 2168.5], [-120.039073, 38.465475, 2168.4], [-120.039076, 38.465464, 2168.4], [-120.039076, 38.465433, 2168.3], [-120.039067, 38.46542, 2168.3], [-120.038989, 38.465214, 2167.7], [-120.038978, 38.465241, 2167.8], [-120.03897, 38.465303, 2168.0], [-120.038976, 38.46535, 2168.1], [-120.038994, 38.465402, 2168.2], [-120.039004, 38.465438, 2168.3], [-120.039003, 38.465464, 2168.4], [-120.038999, 38.465493, 2168.5], [-120.038986, 38.465541, 2168.6], [-120.038966, 38.465628, 2168.8], [-120.038953, 38.465701, 2169.0], [-120.038961, 38.465742, 2169.1], [-120.038957, 38.465769, 2169.2], [-120.038954, 38.465813, 2169.3], [-120.038948, 38.465835, 2169.4], [-120.038941, 38.465853, 2169.4], [-120.038932, 38.465886, 2169.5], [-120.038912, 38.46593, 2169.5], [-120.03889, 38.46597, 2169.6], [-120.03888, 38.46599, 2169.6], [-120.038871, 38.466017, 2169.6], [-120.038845, 38.466082, 2169.7], [-120.038828, 38.466128, 2169.7], [-120.03882, 38.466144, 2169.7], [-120.038814, 38.466174, 2169.8], [-120.038811, 38.466207, 2169.8], [-120.038799, 38.466251, 2169.9], [-120.038793, 38.466296, 2169.9], [-120.038804, 38.466331, 2170.0], [-120.03881, 38.46637, 2170.0], [-120.03881, 38.466379, 2170.0], [-120.038803, 38.466388, 2170.1], [-120.038793, 38.466416, 2170.1], [-120.038779, 38.466448, 2170.1], [-120.038786, 38.466436, 2170.2], [-120.038795, 38.466429, 2170.2], [-120.038821, 38.466423, 2170.2], [-120.038833, 38.466436, 2170.2], [-120.038847, 38.466461, 2170.2], [-120.038854, 38.466481, 2170.3], [-120.038851, 38.466509, 2170.3], [-120.038852, 38.466527, 2170.3], [-120.038848, 38.466542, 2170.3], [-120.038837, 38.466597, 2170.4], [-120.038827, 38.46663, 2170.4], [-120.038821, 38.466642, 2170.4], [-120.038807, 38.466661, 2170.4], [-120.038795, 38.466681, 2170.5], [-120.038769, 38.466708, 2170.5], [-120.038769, 38.466728, 2170.5], [-120.038773, 38.466749, 2170.5], [-120.038783, 38.466761, 2170.5], [-120.038798, 38.466775, 2170.6], [-120.038824, 38.466819, 2170.6], [-120.038835, 38.466843, 2170.6], [-120.03885, 38.466891, 2170.7], [-120.038852, 38.466906, 2170.7], [-120.038855, 38.466958, 2170.8], [-120.038854, 38.467006, 2170.8], [-120.038859, 38.467034, 2170.8], [-120.038875, 38.467086, 2170.9], [-120.038883, 38.467104, 2170.9], [-120.038895, 38.467126, 2170.9], [-120.038908, 38.467146, 2171.0], [-120.038927, 38.467184, 2171.0], [-120.038926, 38.467209, 2171.0], [-120.038911, 38.467219, 2171.1], [-120.038919, 38.467239, 2171.1], [-120.038942, 38.467257, 2171.1], [-120.038973, 38.46727, 2171.1], [-120.038984, 38.467283, 2171.2], [-120.038961, 38.467265, 2171.2], [-120.03895, 38.467252, 2171.2], [-120.038944, 38.467253, 2171.2], [-120.038946, 38.467291, 2171.3], [-120.038946, 38.467335, 2171.3], [-120.038944, 38.46735, 2171.3], [-120.038956, 38.467372, 2171.4], [-120.03898, 38.467411, 2171.4], [-120.038985, 38.467421, 2171.4], [-120.038997, 38.467463, 2171.5], [-120.039001, 38.467499, 2171.5], [-120.039, 38.467556, 2171.5], [-120.039001, 38.46758, 2171.6], [-120.039005, 38.467613, 2171.6], [-120.039014, 38.467649, 2171.6], [-120.039028, 38.467677, 2171.7], [-120.039055, 38.467717, 2171.7], [-120.039109, 38.467778, 2171.8], [-120.039126, 38.467804, 2171.9], [-120.03914, 38.467829, 2171.9], [-120.039162, 38.467877, 2172.0], [-120.039193, 38.467962, 2172.1], [-120.039221, 38.468026, 2172.2], [-120.03924, 38.468063, 2172.3], [-120.039257, 38.468093, 2172.3], [-120.03926, 38.468094, 2172.3], [-120.039274, 38.468122, 2172.4], [-120.039287, 38.468154, 2172.4], [-120.039304, 38.468185, 2172.4], [-120.039318, 38.468207, 2172.5], [-120.039325, 38.468213, 2172.5], [-120.039334, 38.468235, 2172.5], [-120.03934, 38.468262, 2172.5], [-120.039341, 38.468305, 2172.5], [-120.039345, 38.468329, 2172.5], [-120.039355, 38.468369, 2172.6], [-120.039374, 38.468432, 2172.6], [-120.039379, 38.468451, 2172.6], [-120.039397, 38.468538, 2172.8], [-120.039404, 38.46858, 2172.9], [-120.039408, 38.468629, 2173.0], [-120.039407, 38.468654, 2173.0], [-120.039403, 38.468688, 2173.2], [-120.039393, 38.468708, 2173.2], [-120.039381, 38.468749, 2173.4], [-120.039364, 38.468797, 2173.5], [-120.039355, 38.468804, 2173.6], [-120.039334, 38.468841, 2173.7], [-120.039326, 38.468851, 2173.8], [-120.039311, 38.468876, 2173.9], [-120.039298, 38.468903, 2174.0], [-120.039292, 38.468907, 2174.1], [-120.039268, 38.468913, 2174.2], [-120.039241, 38.468936, 2174.3], [-120.039235, 38.468943, 2174.4], [-120.039224, 38.468964, 2174.5], [-120.039224, 38.468975, 2174.5], [-120.039219, 38.468994, 2174.7], [-120.039223, 38.469013, 2174.8], [-120.039216, 38.469033, 2174.9], [-120.039203, 38.469052, 2175.0], [-120.039202, 38.469061, 2175.1], [-120.039206, 38.469091, 2175.3], [-120.039218, 38.469072, 2175.4], [-120.039242, 38.469058, 2175.6], [-120.039245, 38.469071, 2175.7], [-120.039254, 38.469074, 2175.7], [-120.039265, 38.469069, 2175.8], [-120.039259, 38.469076, 2175.9], [-120.039259, 38.4691, 2176.1], [-120.039249, 38.469128, 2176.2], [-120.039248, 38.469144, 2176.3], [-120.03925, 38.469175, 2176.5], [-120.039248, 38.469187, 2176.6], [-120.039236, 38.469206, 2176.7], [-120.039234, 38.46922, 2176.8], [-120.039226, 38.469228, 2176.8], [-120.039217, 38.46925, 2177.0], [-120.039208, 38.469267, 2177.1], [-120.039206, 38.469277, 2177.1], [-120.039207, 38.469294, 2177.2], [-120.039216, 38.469319, 2177.3], [-120.039226, 38.469333, 2177.4], [-120.039263, 38.469376, 2177.7], [-120.039306, 38.469417, 2178.0], [-120.039341, 38.469439, 2178.2], [-120.039354, 38.469445, 2178.3], [-120.039471, 38.469457, 2178.7], [-120.039496, 38.469498, 2178.9], [-120.039517, 38.469512, 2179.0], [-120.039522, 38.469535, 2179.1], [-120.039539, 38.469556, 2179.2], [-120.039553, 38.469558, 2179.2], [-120.039555, 38.469554, 2179.3], [-120.039577, 38.469551, 2179.3], [-120.039599, 38.469551, 2179.4], [-120.039627, 38.469558, 2179.5], [-120.039643, 38.469564, 2179.6], [-120.03967, 38.46958, 2179.7], [-120.039696, 38.469597, 2179.8], [-120.039736, 38.46962, 2180.0], [-120.039753, 38.469632, 2180.0], [-120.039782, 38.46965, 2180.2], [-120.039799, 38.469674, 2180.3], [-120.039809, 38.469703, 2180.4], [-120.039819, 38.469712, 2180.4], [-120.039848, 38.469728, 2180.5], [-120.039887, 38.469746, 2180.6], [-120.039936, 38.469759, 2180.7], [-120.03995, 38.469761, 2180.8], [-120.039997, 38.469781, 2180.9], [-120.040053, 38.469812, 2181.1], [-120.04009, 38.469824, 2181.2], [-120.04013, 38.469833, 2181.3], [-120.040156, 38.46984, 2181.3], [-120.040176, 38.469855, 2181.4], [-120.040221, 38.469899, 2181.5], [-120.040251, 38.469937, 2181.6], [-120.040265, 38.469949, 2181.7], [-120.0403, 38.469982, 2181.8], [-120.040323, 38.470006, 2181.9], [-120.040355, 38.470046, 2182.0], [-120.04037, 38.470075, 2182.1], [-120.040377, 38.470094, 2182.1], [-120.040383, 38.470117, 2182.2], [-120.040391, 38.470155, 2182.3], [-120.040392, 38.470165, 2182.3], [-120.040403, 38.470211, 2182.4], [-120.040409, 38.47024, 2182.5], [-120.040414, 38.470281, 2182.6], [-120.040432, 38.470371, 2182.9], [-120.04044, 38.470404, 2182.9], [-120.040452, 38.470445, 2183.0], [-120.040473, 38.47051, 2183.2], [-120.040489, 38.47055, 2183.4], [-120.040508, 38.47061, 2183.6], [-120.040519, 38.470641, 2183.8], [-120.040539, 38.470714, 2184.2], [-120.040542, 38.470753, 2184.4], [-120.04055, 38.470782, 2184.6], [-120.040554, 38.470803, 2184.7], [-120.040562, 38.470827, 2184.9], [-120.040577, 38.470886, 2185.3], [-120.040593, 38.470936, 2185.7], [-120.040595, 38.470965, 2185.9], [-120.040593, 38.470975, 2186.0], [-120.040596, 38.470995, 2186.1], [-120.040601, 38.471011, 2186.3], [-120.04063, 38.471072, 2186.8], [-120.04065, 38.471108, 2187.2], [-120.040668, 38.471131, 2187.4], [-120.040702, 38.471169, 2187.8], [-120.040739, 38.471201, 2188.3], [-120.040747, 38.471209, 2188.4], [-120.040783, 38.471236, 2188.8], [-120.040822, 38.471262, 2189.2], [-120.040873, 38.471305, 2189.8], [-120.040908, 38.471338, 2190.3], [-120.040938, 38.471364, 2190.6], [-120.040961, 38.471389, 2190.9], [-120.040985, 38.471413, 2191.2], [-120.041012, 38.471436, 2191.5], [-120.041025, 38.471445, 2191.6], [-120.041063, 38.471477, 2191.9], [-120.041073, 38.471491, 2192.1], [-120.041109, 38.471525, 2192.4], [-120.041139, 38.471545, 2192.6], [-120.041151, 38.471549, 2192.7], [-120.041166, 38.471563, 2192.8], [-120.041212, 38.47161, 2193.3], [-120.041214, 38.471614, 2193.3], [-120.041163, 38.471606, 2193.6], [-120.041147, 38.471601, 2193.7], [-120.041143, 38.471603, 2193.7], [-120.04115, 38.471614, 2193.8], [-120.041178, 38.471614, 2193.9], [-120.041193, 38.471625, 2194.0], [-120.041191, 38.47163, 2194.0], [-120.041199, 38.47164, 2194.1], [-120.041209, 38.471658, 2194.2], [-120.041234, 38.471684, 2194.4], [-120.04125, 38.471697, 2194.5], [-120.041279, 38.471712, 2194.6], [-120.041337, 38.471736, 2194.9], [-120.041382, 38.471751, 2195.1], [-120.041423, 38.47176, 2195.2], [-120.041442, 38.471763, 2195.3], [-120.041457, 38.471763, 2195.4], [-120.041494, 38.471755, 2195.5], [-120.041506, 38.471746, 2195.6], [-120.041533, 38.471722, 2195.7], [-120.041557, 38.471711, 2195.8], [-120.041566, 38.471704, 2195.9], [-120.041598, 38.471694, 2196.0], [-120.041605, 38.471694, 2196.0], [-120.04164, 38.471706, 2196.2], [-120.041661, 38.471722, 2196.3], [-120.041675, 38.471736, 2196.4], [-120.041717, 38.47176, 2196.7], [-120.041739, 38.471771, 2196.8], [-120.041784, 38.471772, 2197.0], [-120.041843, 38.47177, 2197.2], [-120.041893, 38.47177, 2197.5], [-120.041929, 38.471773, 2197.7], [-120.041962, 38.471779, 2197.8], [-120.042031, 38.471788, 2198.2], [-120.042046, 38.471788, 2198.3], [-120.042124, 38.471782, 2198.7], [-120.042179, 38.471781, 2199.0], [-120.042215, 38.471779, 2199.2], [-120.042226, 38.471777, 2199.3], [-120.042273, 38.471763, 2199.6], [-120.042303, 38.471747, 2199.8], [-120.042333, 38.471735, 2200.0], [-120.04235, 38.47173, 2200.1], [-120.042369, 38.471727, 2200.2], [-120.042378, 38.471729, 2200.3], [-120.04239, 38.471744, 2200.4], [-120.042402, 38.47175, 2200.5], [-120.042427, 38.471782, 2200.8], [-120.042437, 38.471792, 2200.9], [-120.042488, 38.471851, 2201.4], [-120.042523, 38.471882, 2201.7], [-120.042546, 38.471908, 2201.9], [-120.042567, 38.47194, 2202.2], [-120.042576, 38.471976, 2202.5], [-120.042582, 38.472006, 2202.7], [-120.04259, 38.472066, 2203.1], [-120.042609, 38.472111, 2203.4], [-120.042619, 38.472129, 2203.6], [-120.042686, 38.47222, 2204.2], [-120.042714, 38.472263, 2204.5], [-120.042733, 38.472287, 2204.7], [-120.042777, 38.472331, 2205.1], [-120.042802, 38.472362, 2205.3], [-120.042816, 38.472376, 2205.4], [-120.042833, 38.472389, 2205.5], [-120.042846, 38.472408, 2205.7], [-120.042851, 38.472429, 2205.8], [-120.042852, 38.472458, 2206.0], [-120.042848, 38.472487, 2206.1], [-120.04285, 38.4725, 2206.2], [-120.042859, 38.472522, 2206.3], [-120.042879, 38.472549, 2206.5], [-120.042888, 38.472566, 2206.6], [-120.042897, 38.47259, 2206.8], [-120.042895, 38.472607, 2206.9], [-120.042904, 38.472637, 2207.0], [-120.042916, 38.472661, 2207.2], [-120.04293, 38.472679, 2207.3], [-120.042954, 38.472727, 2207.6], [-120.042961, 38.472736, 2207.7], [-120.042991, 38.47276, 2207.9], [-120.043017, 38.472774, 2208.0], [-120.043064, 38.472804, 2208.3], [-120.043106, 38.472835, 2208.6], [-120.043127, 38.472856, 2208.8], [-120.043158, 38.472891, 2209.0], [-120.043166, 38.472903, 2209.1], [-120.043176, 38.472926, 2209.3], [-120.043184, 38.472955, 2209.5], [-120.043186, 38.472968, 2209.5], [-120.043183, 38.472988, 2209.7], [-120.043183, 38.473032, 2209.9], [-120.043186, 38.473076, 2210.2], [-120.04319, 38.473108, 2210.5], [-120.043191, 38.473152, 2210.8], [-120.043188, 38.473182, 2211.0], [-120.043187, 38.473211, 2211.2], [-120.043188, 38.473241, 2211.4], [-120.043197, 38.4733, 2211.9], [-120.04319, 38.473381, 2212.5], [-120.043188, 38.47342, 2212.9], [-120.043178, 38.473458, 2213.2], [-120.043174, 38.473468, 2213.3], [-120.043171, 38.4735, 2213.6], [-120.043177, 38.473531, 2213.8], [-120.043199, 38.473566, 2214.2], [-120.0432, 38.473593, 2214.4], [-120.043194, 38.473613, 2214.6], [-120.043182, 38.473641, 2214.9], [-120.043172, 38.47365, 2215.0], [-120.043151, 38.473658, 2215.2], [-120.043138, 38.473669, 2215.3], [-120.043121, 38.473689, 2215.5], [-120.0431, 38.473727, 2215.9], [-120.043093, 38.473755, 2216.1], [-120.043087, 38.473801, 2216.5], [-120.043082, 38.473821, 2216.7], [-120.043076, 38.473853, 2217.0], [-120.043076, 38.473872, 2217.2], [-120.043073, 38.473914, 2217.5], [-120.043075, 38.473938, 2217.7], [-120.043083, 38.473968, 2218.0], [-120.043085, 38.473995, 2218.2], [-120.043085, 38.47403, 2218.5], [-120.04308, 38.47406, 2218.7], [-120.043066, 38.474092, 2219.0], [-120.043061, 38.4741, 2219.1], [-120.043026, 38.474173, 2219.6], [-120.043019, 38.474193, 2219.7], [-120.043007, 38.474215, 2219.8], [-120.042998, 38.474235, 2219.9], [-120.042991, 38.474263, 2220.1], [-120.042986, 38.474303, 2220.3], [-120.042969, 38.474337, 2220.4], [-120.042961, 38.474366, 2220.5], [-120.042954, 38.474408, 2220.7], [-120.042947, 38.474429, 2220.8], [-120.04294, 38.474496, 2221.1], [-120.04294, 38.474561, 2221.4], [-120.042946, 38.4746, 2221.6], [-120.04295, 38.474617, 2221.7], [-120.042951, 38.474668, 2221.9], [-120.042954, 38.474703, 2222.2], [-120.042973, 38.474764, 2222.5], [-120.042979, 38.474802, 2222.8], [-120.042976, 38.474826, 2223.0], [-120.042963, 38.474857, 2223.2], [-120.042951, 38.47489, 2223.5], [-120.042946, 38.474929, 2223.8], [-120.042952, 38.474967, 2224.1], [-120.042957, 38.474981, 2224.2], [-120.04296, 38.475001, 2224.3], [-120.042958, 38.475019, 2224.5], [-120.042951, 38.475046, 2224.7], [-120.042943, 38.47507, 2224.9], [-120.042941, 38.475094, 2226.0], [-120.042937, 38.475103, 2226.1], [-120.042927, 38.475091, 2226.3], [-120.042912, 38.475081, 2226.5], [-120.042909, 38.475072, 2226.7], [-120.042915, 38.47507, 2226.8], [-120.042915, 38.475042, 2227.2], [-120.042921, 38.47504, 2227.3], [-120.042942, 38.475057, 2227.6], [-120.042983, 38.475088, 2228.3], [-120.042987, 38.475101, 2228.5], [-120.042985, 38.475115, 2228.7], [-120.042972, 38.475131, 2229.0], [-120.042949, 38.475131, 2229.2], [-120.04293, 38.475133, 2229.5], [-120.042869, 38.475137, 2230.2], [-120.042842, 38.475136, 2230.5], [-120.0428, 38.475132, 2231.0], [-120.042778, 38.475133, 2231.2], [-120.042739, 38.475146, 2231.7], [-120.042726, 38.475154, 2231.8], [-120.04271, 38.475177, 2232.2], [-120.042696, 38.4752, 2232.6], [-120.042691, 38.475205, 2232.6], [-120.042643, 38.475234, 2233.2], [-120.042636, 38.475235, 2233.3], [-120.04262, 38.475248, 2233.5], [-120.042608, 38.475267, 2233.8], [-120.04261, 38.475274, 2233.9], [-120.042606, 38.475303, 2234.2], [-120.042592, 38.475322, 2234.5], [-120.042577, 38.475338, 2234.7], [-120.042571, 38.47535, 2234.9], [-120.042565, 38.475374, 2235.2], [-120.042555, 38.475383, 2235.3], [-120.042533, 38.475379, 2235.5], [-120.042519, 38.475413, 2235.9], [-120.042527, 38.475438, 2236.3], [-120.042537, 38.475454, 2236.5], [-120.042544, 38.475474, 2236.7], [-120.042557, 38.4755, 2237.0], [-120.042566, 38.475526, 2237.3], [-120.042567, 38.475553, 2237.6], [-120.04257, 38.475566, 2237.8], [-120.042584, 38.475605, 2238.2], [-120.042604, 38.475628, 2238.5], [-120.042615, 38.475637, 2238.6], [-120.042632, 38.475657, 2238.9], [-120.042642, 38.475689, 2239.2], [-120.042644, 38.475723, 2239.6], [-120.042621, 38.475751, 2239.9], [-120.042588, 38.475782, 2240.4], [-120.042587, 38.475795, 2240.5], [-120.042574, 38.475829, 2240.9], [-120.042571, 38.475856, 2241.2], [-120.042562, 38.47587, 2241.4], [-120.042544, 38.475879, 2241.6], [-120.04253, 38.475893, 2241.8], [-120.042517, 38.475926, 2242.2], [-120.042516, 38.475997, 2243.0], [-120.042525, 38.476022, 2243.3], [-120.042546, 38.476047, 2243.6], [-120.042551, 38.476058, 2243.7], [-120.042541, 38.476097, 2244.1], [-120.042525, 38.476116, 2244.4], [-120.042513, 38.476138, 2244.6], [-120.042505, 38.476157, 2244.9], [-120.042496, 38.476191, 2245.2], [-120.042494, 38.476204, 2245.4], [-120.042494, 38.476237, 2245.8], [-120.042497, 38.476268, 2246.1], [-120.042495, 38.476282, 2246.3], [-120.042484, 38.476325, 2246.8], [-120.042479, 38.476332, 2246.9], [-120.042479, 38.476341, 2247.0], [-120.042463, 38.476394, 2247.7], [-120.042453, 38.476415, 2248.0], [-120.042439, 38.476428, 2248.2], [-120.042402, 38.476445, 2248.6], [-120.042381, 38.476451, 2248.8], [-120.042379, 38.476466, 2249.0], [-120.042372, 38.476478, 2249.1], [-120.04235, 38.476501, 2249.4], [-120.042339, 38.476516, 2249.6], [-120.042335, 38.476526, 2249.7], [-120.042338, 38.476542, 2249.9], [-120.042354, 38.476555, 2250.2], [-120.042331, 38.476559, 2250.3], [-120.042322, 38.476538, 2250.6], [-120.04232, 38.476525, 2250.7], [-120.042311, 38.476524, 2250.8], [-120.042304, 38.476508, 2250.9], [-120.042303, 38.476496, 2251.0], [-120.042307, 38.476483, 2251.2], [-120.042312, 38.476478, 2251.2], [-120.042321, 38.476483, 2251.3], [-120.042333, 38.476482, 2251.4], [-120.042339, 38.476504, 2251.6], [-120.042333, 38.476518, 2251.8], [-120.042316, 38.476539, 2252.0], [-120.042262, 38.476571, 2252.5], [-120.042236, 38.47658, 2252.7], [-120.042214, 38.476586, 2252.9], [-120.04218, 38.476583, 2253.2], [-120.042154, 38.476583, 2253.3], [-120.042134, 38.476589, 2253.5], [-120.04212, 38.476599, 2253.6], [-120.042102, 38.476605, 2253.7], [-120.042077, 38.476609, 2253.9], [-120.042071, 38.476618, 2254.0], [-120.042048, 38.476641, 2254.9], [-120.042018, 38.476664, 2255.3], [-120.041992, 38.476669, 2255.3], [-120.041974, 38.476669, 2255.7], [-120.041956, 38.476666, 2255.7], [-120.041939, 38.476658, 2256.0], [-120.041925, 38.476643, 2256.0], [-120.041919, 38.476643, 2256.0], [-120.041888, 38.476672, 2256.2], [-120.04188, 38.476685, 2257.1], [-120.041865, 38.4767, 2257.1], [-120.041839, 38.476718, 2258.2], [-120.041821, 38.47672, 2258.2], [-120.041804, 38.476743, 2259.4], [-120.041796, 38.476747, 2259.4], [-120.041775, 38.476749, 2259.4], [-120.041746, 38.476742, 2259.8], [-120.041708, 38.476715, 2259.8], [-120.041695, 38.476701, 2259.0], [-120.041676, 38.476688, 2259.9], [-120.041653, 38.47668, 2259.9], [-120.041607, 38.47667, 2260.1], [-120.041578, 38.476665, 2261.1], [-120.041565, 38.476658, 2261.1], [-120.041566, 38.476653, 2261.1], [-120.041544, 38.476652, 2262.2], [-120.041528, 38.476654, 2262.2], [-120.041533, 38.476664, 2262.2], [-120.041535, 38.476651, 2262.2], [-120.041549, 38.476645, 2262.2], [-120.041538, 38.476645, 2262.2], [-120.041506, 38.47665, 2263.2], [-120.041511, 38.476691, 2263.4], [-120.041515, 38.476702, 2262.5], [-120.041521, 38.476706, 2262.5], [-120.041517, 38.476716, 2262.8], [-120.041508, 38.476721, 2263.5], [-120.041498, 38.476722, 2263.5], [-120.041496, 38.476742, 2263.7], [-120.041469, 38.476746, 2264.5], [-120.041452, 38.476753, 2264.5], [-120.041426, 38.47675, 2265.5], [-120.041414, 38.476743, 2265.5], [-120.041397, 38.476742, 2265.5], [-120.041376, 38.476731, 2266.5], [-120.041367, 38.476716, 2266.5], [-120.041367, 38.476701, 2266.4], [-120.04136, 38.476692, 2266.4], [-120.041357, 38.476682, 2266.4], [-120.041346, 38.476673, 2266.4], [-120.041326, 38.476679, 2267.7], [-120.041314, 38.476678, 2267.7], [-120.041308, 38.47669, 2267.7], [-120.041297, 38.476695, 2269.0], [-120.041305, 38.476705, 2267.7], [-120.041323, 38.476721, 2267.7], [-120.041307, 38.476719, 2267.7], [-120.041318, 38.476729, 2267.7], [-120.041306, 38.47673, 2267.7], [-120.041313, 38.476725, 2267.7], [-120.041306, 38.476718, 2267.7], [-120.041298, 38.476743, 2269.3], [-120.041288, 38.476749, 2269.3], [-120.041278, 38.47677, 2269.3], [-120.041264, 38.476792, 2269.5], [-120.041263, 38.476786, 2269.5], [-120.041247, 38.476734, 2270.6], [-120.041233, 38.476721, 2270.6], [-120.041219, 38.476711, 2270.6], [-120.041209, 38.476714, 2272.0], [-120.041189, 38.476742, 2272.2], [-120.04119, 38.476769, 2272.2], [-120.041194, 38.47678, 2272.4], [-120.041176, 38.476769, 2272.2], [-120.041164, 38.476758, 2273.6], [-120.041157, 38.476746, 2273.6], [-120.041153, 38.476745, 2273.6], [-120.041133, 38.476767, 2273.6], [-120.041121, 38.476774, 2274.8], [-120.041104, 38.476777, 2275.0], [-120.041104, 38.476756, 2274.8], [-120.041115, 38.476748, 2274.8], [-120.041128, 38.476745, 2273.6], [-120.041152, 38.476734, 2273.4], [-120.041151, 38.476747, 2273.6], [-120.041134, 38.476803, 2273.7], [-120.041116, 38.476828, 2275.2], [-120.041085, 38.476864, 2275.4], [-120.041073, 38.47686, 2276.5], [-120.041015, 38.476887, 2277.7], [-120.041008, 38.476912, 2277.9], [-120.041006, 38.476901, 2277.7], [-120.041021, 38.476882, 2277.7], [-120.041019, 38.476877, 2277.7], [-120.041005, 38.476885, 2277.7], [-120.041007, 38.476897, 2277.7], [-120.040999, 38.476914, 2277.9], [-120.040994, 38.476909, 2279.1], [-120.040994, 38.476892, 2278.9], [-120.040982, 38.476881, 2278.9], [-120.040979, 38.47687, 2278.7], [-120.040987, 38.476844, 2278.7], [-120.040989, 38.476825, 2278.5], [-120.040924, 38.476796, 2279.5], [-120.04088, 38.476778, 2280.7], [-120.040863, 38.476749, 2281.8], [-120.040852, 38.476736, 2281.7], [-120.040848, 38.476724, 2281.7], [-120.040847, 38.476701, 2281.6], [-120.040843, 38.476687, 2281.6], [-120.040836, 38.476673, 2281.6], [-120.040815, 38.47666, 2282.7], [-120.040781, 38.476643, 2283.8], [-120.040763, 38.47665, 2283.8], [-120.040758, 38.476658, 2283.8], [-120.04076, 38.476669, 2283.8], [-120.040783, 38.47669, 2283.9], [-120.040797, 38.476705, 2282.8], [-120.040796, 38.476726, 2282.9], [-120.040786, 38.476748, 2283.0], [-120.040771, 38.476762, 2284.1], [-120.040759, 38.476776, 2284.3], [-120.040748, 38.476779, 2284.3], [-120.040742, 38.476787, 2284.3], [-120.040721, 38.476797, 2285.5], [-120.040711, 38.476799, 2285.5], [-120.040695, 38.476812, 2286.8], [-120.040669, 38.476824, 2286.8], [-120.040656, 38.476846, 2287.0], [-120.040653, 38.476868, 2288.0], [-120.040622, 38.476915, 2288.4], [-120.040611, 38.476921, 2289.4], [-120.040589, 38.476925, 2289.4], [-120.040582, 38.47693, 2289.4], [-120.040571, 38.476928, 2289.4], [-120.040563, 38.476931, 2290.4], [-120.040545, 38.476922, 2290.4], [-120.040531, 38.476925, 2290.4], [-120.040515, 38.476932, 2291.3], [-120.040502, 38.476954, 2291.5], [-120.040477, 38.476969, 2292.4], [-120.040431, 38.476991, 2293.6], [-120.040395, 38.477, 2294.5], [-120.04038, 38.476999, 2294.5], [-120.040363, 38.476989, 2294.5], [-120.040343, 38.476988, 2295.4], [-120.040331, 38.476983, 2295.4], [-120.040305, 38.476966, 2295.8], [-120.040286, 38.476957, 2295.8], [-120.04028, 38.476952, 2295.8], [-120.040278, 38.476938, 2295.5], [-120.04026, 38.476918, 2296.4], [-120.040229, 38.476913, 2296.4], [-120.040195, 38.476911, 2297.2], [-120.040207, 38.476918, 2297.2], [-120.040227, 38.476925, 2296.4], [-120.04023, 38.476918, 2296.4], [-120.040239, 38.476913, 2296.4], [-120.040243, 38.476892, 2296.1], [-120.040248, 38.476907, 2296.1], [-120.040239, 38.47691, 2296.4], [-120.040237, 38.47692, 2296.4], [-120.040242, 38.476929, 2296.4], [-120.040255, 38.47694, 2296.4], [-120.040263, 38.476956, 2296.7], [-120.040247, 38.476972, 2296.7], [-120.040239, 38.476976, 2297.1], [-120.040214, 38.47698, 2297.9], [-120.040188, 38.476973, 2297.5], [-120.040175, 38.476978, 2298.6], [-120.040155, 38.476989, 2298.6], [-120.040145, 38.476992, 2298.6], [-120.040135, 38.477002, 2299.3], [-120.040126, 38.477018, 2299.8], [-120.040124, 38.477026, 2299.8], [-120.040116, 38.477036, 2299.8], [-120.04009, 38.477059, 2301.0], [-120.040081, 38.477074, 2301.0], [-120.040076, 38.477088, 2301.6], [-120.040079, 38.477097, 2301.6], [-120.040074, 38.477104, 2301.6], [-120.040059, 38.477109, 2301.6], [-120.040047, 38.477116, 2303.2], [-120.04004, 38.477124, 2303.2], [-120.040012, 38.477135, 2303.2], [-120.039979, 38.477139, 2304.2], [-120.039958, 38.477136, 2305.2], [-120.039945, 38.47713, 2305.2], [-120.039916, 38.477135, 2306.2], [-120.039899, 38.47714, 2306.2], [-120.039873, 38.477157, 2308.3], [-120.039838, 38.477163, 2309.1], [-120.039825, 38.477162, 2309.1], [-120.03982, 38.477173, 2309.1], [-120.039804, 38.477173, 2309.1], [-120.039791, 38.477176, 2309.8], [-120.039764, 38.477191, 2310.9], [-120.039737, 38.477214, 2312.6], [-120.039722, 38.477229, 2312.6], [-120.039706, 38.47725, 2314.1], [-120.03969, 38.477262, 2314.1], [-120.039627, 38.477298, 2315.6], [-120.039609, 38.477306, 2315.8], [-120.039586, 38.477313, 2316.9], [-120.039565, 38.477317, 2316.8], [-120.039533, 38.477317, 2316.6], [-120.039519, 38.47732, 2316.5], [-120.039502, 38.477327, 2316.4], [-120.039487, 38.477338, 2316.2], [-120.039477, 38.477352, 2317.2], [-120.039467, 38.477371, 2317.1], [-120.039464, 38.477385, 2318.1], [-120.039462, 38.477411, 2317.9], [-120.039455, 38.477421, 2318.9], [-120.039444, 38.477428, 2318.4], [-120.039433, 38.47743, 2318.3], [-120.039428, 38.477421, 2318.1], [-120.039413, 38.477423, 2317.9], [-120.039385, 38.477422, 2317.5], [-120.039322, 38.477426, 2316.4], [-120.0393, 38.477422, 2316.3], [-120.039282, 38.477421, 2316.2], [-120.039243, 38.477423, 2315.7], [-120.03923, 38.47743, 2315.1], [-120.039222, 38.477438, 2315.0], [-120.039222, 38.47745, 2315.8], [-120.039214, 38.477482, 2316.5], [-120.039195, 38.477494, 2315.6], [-120.039198, 38.477503, 2316.0], [-120.039206, 38.477481, 2315.8], [-120.039206, 38.477466, 2314.8], [-120.039212, 38.477455, 2314.6], [-120.03922, 38.47745, 2314.4], [-120.039215, 38.477446, 2313.2], [-120.0392, 38.477443, 2312.6], [-120.039189, 38.477451, 2311.7], [-120.039198, 38.47746, 2311.4], [-120.039207, 38.477461, 2311.4], [-120.03921, 38.477456, 2311.4], [-120.039188, 38.477457, 2310.8], [-120.039198, 38.477463, 2311.4], [-120.039197, 38.477451, 2311.4], [-120.039188, 38.477456, 2310.8], [-120.039176, 38.477468, 2310.8], [-120.039164, 38.477476, 2310.8], [-120.039127, 38.477492, 2311.1], [-120.039108, 38.477507, 2310.5], [-120.039093, 38.477516, 2311.2], [-120.039068, 38.477525, 2311.2], [-120.039055, 38.477528, 2310.6], [-120.039002, 38.477547, 2310.6], [-120.038995, 38.477552, 2310.6], [-120.038994, 38.477571, 2310.6], [-120.039002, 38.477603, 2311.3], [-120.039009, 38.477653, 2312.6], [-120.03901, 38.477685, 2313.3], [-120.039006, 38.477702, 2313.3], [-120.039, 38.477716, 2313.9], [-120.038973, 38.477761, 2313.8], [-120.038968, 38.477772, 2313.8], [-120.038952, 38.47782, 2315.2], [-120.038945, 38.477847, 2315.2], [-120.038937, 38.47787, 2315.0], [-120.038925, 38.477914, 2315.7], [-120.038917, 38.477933, 2316.4], [-120.038901, 38.477955, 2317.0], [-120.038891, 38.477976, 2316.1], [-120.038882, 38.478014, 2316.7], [-120.03887, 38.478046, 2317.3], [-120.038859, 38.478072, 2318.0], [-120.038845, 38.478099, 2317.5], [-120.038815, 38.478147, 2318.1], [-120.038807, 38.478164, 2317.6], [-120.0388, 38.478186, 2318.2], [-120.038793, 38.478221, 2318.9], [-120.038784, 38.478238, 2318.9], [-120.038762, 38.478266, 2318.4], [-120.038749, 38.478287, 2319.0], [-120.038737, 38.478288, 2319.0], [-120.038722, 38.478297, 2317.8], [-120.038708, 38.478309, 2317.8], [-120.0387, 38.478308, 2317.8], [-120.038696, 38.478323, 2318.4], [-120.038713, 38.478314, 2317.8], [-120.038721, 38.478321, 2318.4], [-120.03873, 38.478354, 2320.4], [-120.038697, 38.478389, 2319.5], [-120.038688, 38.478395, 2319.5], [-120.03864, 38.478445, 2318.6], [-120.038617, 38.478463, 2317.8], [-120.0386, 38.478482, 2317.8], [-120.038587, 38.4785, 2317.1], [-120.038563, 38.478542, 2317.6], [-120.038527, 38.478596, 2317.4], [-120.038508, 38.478622, 2316.5], [-120.0385, 38.478641, 2316.5], [-120.038489, 38.478655, 2316.5], [-120.038471, 38.478687, 2317.0], [-120.038463, 38.478716, 2316.1], [-120.038469, 38.478747, 2318.0], [-120.038482, 38.47877, 2318.4], [-120.038491, 38.478795, 2318.7], [-120.038489, 38.478818, 2318.7], [-120.038485, 38.478835, 2319.0], [-120.038477, 38.478856, 2319.0], [-120.038458, 38.478886, 2317.8], [-120.038444, 38.478924, 2318.1], [-120.038435, 38.478959, 2318.6], [-120.038424, 38.478981, 2318.6], [-120.038398, 38.479018, 2317.5], [-120.038382, 38.479036, 2317.7], [-120.038372, 38.479054, 2316.5], [-120.038355, 38.479079, 2316.8], [-120.038345, 38.4791, 2317.0], [-120.03834, 38.479133, 2317.3], [-120.038332, 38.479167, 2316.5], [-120.038325, 38.479187, 2316.5], [-120.038315, 38.479282, 2317.2], [-120.038305, 38.479318, 2317.4], [-120.038298, 38.479332, 2317.5], [-120.038292, 38.479355, 2317.7], [-120.038286, 38.479457, 2318.6], [-120.038285, 38.479489, 2318.8], [-120.03828, 38.479519, 2319.1], [-120.03828, 38.479548, 2319.4], [-120.038278, 38.479566, 2319.5], [-120.038279, 38.479594, 2319.8], [-120.038275, 38.479619, 2320.1], [-120.038266, 38.479649, 2320.4], [-120.038214, 38.479726, 2321.5], [-120.03818, 38.479787, 2322.4], [-120.03817, 38.479808, 2322.7], [-120.038161, 38.479836, 2323.1], [-120.038155, 38.479848, 2323.3], [-120.038153, 38.479859, 2323.4], [-120.038154, 38.479881, 2323.7], [-120.03815, 38.479912, 2324.1], [-120.038146, 38.479926, 2324.3], [-120.038144, 38.479951, 2324.6], [-120.03814, 38.479972, 2324.9], [-120.038137, 38.48, 2325.2], [-120.038138, 38.480013, 2325.4], [-120.038143, 38.48003, 2325.6], [-120.038155, 38.480049, 2325.8], [-120.038175, 38.480077, 2326.2], [-120.038182, 38.480084, 2326.3], [-120.0382, 38.480095, 2326.5], [-120.038209, 38.480106, 2326.6], [-120.038212, 38.480141, 2327.0], [-120.03822, 38.480164, 2327.3], [-120.038224, 38.480199, 2327.7], [-120.038232, 38.480227, 2328.0], [-120.038245, 38.480249, 2328.2], [-120.038278, 38.480296, 2328.8], [-120.038286, 38.480315, 2329.0], [-120.03829, 38.480336, 2329.3], [-120.038289, 38.48036, 2329.5], [-120.038293, 38.480388, 2329.9], [-120.038294, 38.480419, 2330.2], [-120.038298, 38.480454, 2330.6], [-120.038302, 38.480469, 2330.8], [-120.038311, 38.480522, 2331.3], [-120.038317, 38.480546, 2331.5], [-120.038324, 38.480564, 2331.7], [-120.038344, 38.480607, 2332.1], [-120.038346, 38.480625, 2332.3], [-120.038351, 38.480634, 2332.4], [-120.038371, 38.480691, 2332.9], [-120.038379, 38.480727, 2333.2], [-120.038384, 38.480758, 2333.4], [-120.038385, 38.48078, 2333.6], [-120.038382, 38.480802, 2333.8], [-120.038366, 38.480834, 2334.0], [-120.038339, 38.480902, 2334.6], [-120.0383, 38.48101, 2335.2], [-120.038291, 38.481029, 2335.3], [-120.038281, 38.481063, 2335.5], [-120.038279, 38.481091, 2335.6], [-120.038288, 38.48112, 2335.8], [-120.038314, 38.481164, 2336.0], [-120.038349, 38.481226, 2336.4], [-120.038355, 38.481232, 2336.5], [-120.038372, 38.481257, 2336.6], [-120.038393, 38.481293, 2336.9], [-120.038403, 38.481313, 2337.1], [-120.038427, 38.481378, 2337.6], [-120.038444, 38.481414, 2337.9], [-120.038451, 38.481442, 2338.1], [-120.038466, 38.481489, 2338.6], [-120.03847, 38.481507, 2338.8], [-120.038469, 38.481528, 2339.0], [-120.03847, 38.481554, 2339.3], [-120.038463, 38.481606, 2339.9], [-120.038461, 38.481682, 2340.7], [-120.038463, 38.481711, 2341.1], [-120.038466, 38.481724, 2341.2], [-120.038482, 38.481766, 2341.7], [-120.038506, 38.481799, 2342.1], [-120.038527, 38.481822, 2342.4], [-120.038549, 38.481837, 2342.6], [-120.038565, 38.481845, 2342.8], [-120.038639, 38.481876, 2343.4], [-120.038662, 38.481888, 2343.6], [-120.038686, 38.481907, 2343.8], [-120.038703, 38.481923, 2343.9], [-120.038743, 38.481967, 2344.3], [-120.038767, 38.481982, 2344.4], [-120.038805, 38.482011, 2344.6], [-120.038824, 38.482035, 2344.7], [-120.038841, 38.482054, 2344.8], [-120.038845, 38.482088, 2344.9], [-120.038839, 38.482119, 2345.0], [-120.038819, 38.482159, 2345.1], [-120.038822, 38.482169, 2345.1], [-120.038838, 38.48217, 2345.1], [-120.038848, 38.482162, 2345.1], [-120.038852, 38.482135, 2345.2], [-120.038859, 38.482125, 2345.2], [-120.038885, 38.482113, 2345.2], [-120.038942, 38.482113, 2345.1], [-120.038957, 38.482109, 2345.1], [-120.038955, 38.482103, 2345.1], [-120.038937, 38.482098, 2345.1], [-120.038942, 38.482105, 2345.1], [-120.038959, 38.482111, 2345.1], [-120.038975, 38.482131, 2345.0], [-120.038988, 38.48214, 2345.0], [-120.038997, 38.482151, 2345.0], [-120.039059, 38.482179, 2344.8], [-120.039072, 38.482196, 2344.8], [-120.039104, 38.482228, 2344.7], [-120.039118, 38.482251, 2344.7], [-120.039142, 38.482308, 2344.6], [-120.039159, 38.48233, 2344.6], [-120.039194, 38.482357, 2344.5], [-120.039217, 38.482379, 2344.5], [-120.039235, 38.482407, 2344.5], [-120.039247, 38.482422, 2344.5], [-120.039255, 38.482438, 2344.5], [-120.03926, 38.482466, 2344.6], [-120.039242, 38.482481, 2344.6], [-120.039237, 38.482491, 2344.6], [-120.039236, 38.482513, 2344.7], [-120.03924, 38.482539, 2344.8], [-120.039259, 38.482587, 2345.1], [-120.039286, 38.482622, 2345.3], [-120.039305, 38.48264, 2345.4], [-120.039317, 38.482644, 2345.5], [-120.039331, 38.482645, 2345.5], [-120.039339, 38.48264, 2345.6], [-120.039383, 38.482655, 2345.7], [-120.03944, 38.482672, 2346.0], [-120.039456, 38.482675, 2346.0], [-120.039479, 38.482683, 2346.1], [-120.039507, 38.482698, 2346.2], [-120.039518, 38.482708, 2346.2], [-120.03952, 38.482721, 2346.3], [-120.039529, 38.482733, 2346.3], [-120.039531, 38.482742, 2346.4], [-120.039552, 38.482778, 2346.5], [-120.039574, 38.482796, 2346.3], [-120.039586, 38.482792, 2346.9], [-120.039604, 38.482779, 2347.0], [-120.039621, 38.482769, 2347.0], [-120.039664, 38.482748, 2347.8], [-120.039673, 38.48274, 2348.5], [-120.039712, 38.482715, 2349.3], [-120.039744, 38.482696, 2349.3], [-120.039789, 38.482674, 2350.1], [-120.039813, 38.482667, 2350.7], [-120.039836, 38.48267, 2350.7], [-120.039904, 38.482664, 2352.0], [-120.039942, 38.48267, 2352.7], [-120.039977, 38.482674, 2353.4], [-120.040012, 38.482686, 2354.2], [-120.040027, 38.482695, 2354.1], [-120.040037, 38.482707, 2354.1], [-120.040035, 38.482714, 2354.1], [-120.040053, 38.48273, 2354.2], [-120.040054, 38.482734, 2354.2], [-120.040067, 38.482742, 2354.8], [-120.040083, 38.482739, 2354.8], [-120.040102, 38.482755, 2355.5], [-120.040119, 38.482762, 2355.5], [-120.040137, 38.482758, 2355.5], [-120.040148, 38.482747, 2356.1], [-120.040169, 38.482737, 2356.1], [-120.040186, 38.482726, 2356.7], [-120.040197, 38.482716, 2356.8], [-120.040209, 38.482711, 2356.8], [-120.040234, 38.482706, 2357.4], [-120.040251, 38.482708, 2357.4], [-120.040258, 38.482712, 2357.4], [-120.040275, 38.482711, 2358.0], [-120.040289, 38.482704, 2358.0], [-120.04031, 38.482704, 2358.0], [-120.040319, 38.48271, 2358.7], [-120.040324, 38.482722, 2358.6], [-120.040343, 38.482727, 2358.6], [-120.040376, 38.482751, 2359.1], [-120.040393, 38.48276, 2359.0], [-120.040396, 38.482764, 2359.0], [-120.040416, 38.482776, 2359.5], [-120.040439, 38.482786, 2359.5], [-120.040466, 38.482805, 2359.8], [-120.040478, 38.482815, 2359.8], [-120.040488, 38.482828, 2360.2], [-120.040501, 38.482857, 2360.0], [-120.040508, 38.482865, 2360.0], [-120.040546, 38.482893, 2360.4], [-120.040575, 38.482904, 2361.0], [-120.040583, 38.482904, 2361.0], [-120.040598, 38.482891, 2361.0], [-120.040611, 38.48289, 2361.0], [-120.040628, 38.482898, 2361.5], [-120.040634, 38.482913, 2361.5], [-120.040649, 38.48293, 2361.6], [-120.040678, 38.482984, 2362.3], [-120.040685, 38.482989, 2362.3], [-120.040701, 38.482964, 2362.9], [-120.040733, 38.482934, 2362.7], [-120.040759, 38.482931, 2363.3], [-120.040778, 38.482944, 2363.3], [-120.040784, 38.482967, 2364.0], [-120.040821, 38.483022, 2364.2], [-120.040832, 38.483051, 2365.0], [-120.040841, 38.483087, 2365.3], [-120.040845, 38.483111, 2365.5], [-120.040855, 38.483118, 2365.5], [-120.040865, 38.483118, 2365.5], [-120.040854, 38.483111, 2365.5], [-120.040813, 38.483105, 2364.9], [-120.040806, 38.483101, 2364.9], [-120.040795, 38.483074, 2364.7], [-120.0408, 38.483068, 2364.7], [-120.040817, 38.483088, 2364.7], [-120.040803, 38.483093, 2364.9], [-120.040817, 38.483092, 2364.9], [-120.040813, 38.483089, 2364.7], [-120.04082, 38.483071, 2364.7], [-120.040855, 38.483043, 2365.0], [-120.040887, 38.483022, 2365.4], [-120.040923, 38.482985, 2365.7], [-120.040938, 38.482979, 2365.7], [-120.040973, 38.482973, 2366.2], [-120.040989, 38.482976, 2366.2], [-120.041013, 38.483, 2366.9], [-120.041019, 38.483008, 2366.9], [-120.041023, 38.48303, 2367.2], [-120.041027, 38.48304, 2367.2], [-120.04103, 38.483058, 2367.4], [-120.041029, 38.483078, 2367.4], [-120.041018, 38.483093, 2367.6], [-120.041005, 38.483124, 2367.9], [-120.040999, 38.483143, 2367.9], [-120.041, 38.483172, 2368.2], [-120.041004, 38.483186, 2368.2], [-120.041023, 38.483229, 2368.7], [-120.041041, 38.483256, 2368.7], [-120.041067, 38.483279, 2369.5], [-120.041096, 38.483301, 2370.4], [-120.041119, 38.483313, 2370.4], [-120.041148, 38.483316, 2371.0], [-120.041173, 38.483329, 2372.2], [-120.041213, 38.483368, 2372.7], [-120.041259, 38.483404, 2375.6], [-120.041304, 38.483419, 2376.8], [-120.041303, 38.483415, 2376.8], [-120.041326, 38.483421, 2376.8], [-120.041341, 38.483427, 2377.6], [-120.041335, 38.483417, 2376.8], [-120.041367, 38.483392, 2377.3], [-120.041378, 38.483398, 2378.0], [-120.041393, 38.483385, 2378.5], [-120.04142, 38.483381, 2378.5], [-120.041425, 38.483385, 2378.5], [-120.041464, 38.483376, 2379.6], [-120.041481, 38.483378, 2380.8], [-120.041494, 38.483386, 2380.8], [-120.041495, 38.483393, 2381.6], [-120.041502, 38.483398, 2381.6], [-120.041498, 38.483413, 2381.6], [-120.041493, 38.483415, 2381.6], [-120.041486, 38.483409, 2381.6], [-120.041474, 38.483428, 2382.4], [-120.041472, 38.483425, 2381.6], [-120.041443, 38.48346, 2382.5], [-120.041432, 38.483464, 2382.7], [-120.041423, 38.483478, 2381.6], [-120.041423, 38.483484, 2381.7], [-120.041447, 38.483503, 2383.9], [-120.041469, 38.483513, 2384.2], [-120.041475, 38.483513, 2385.4], [-120.041503, 38.483543, 2386.8], [-120.041505, 38.483551, 2387.1], [-120.041495, 38.483556, 2387.4], [-120.041488, 38.483564, 2388.2], [-120.041482, 38.483565, 2388.3], [-120.041473, 38.483574, 2388.4], [-120.04145, 38.483584, 2387.7], [-120.041447, 38.483595, 2388.6], [-120.041455, 38.48361, 2388.8], [-120.041472, 38.483624, 2390.3], [-120.04149, 38.483634, 2391.3], [-120.041501, 38.483645, 2391.5], [-120.041506, 38.48366, 2391.7], [-120.041497, 38.48368, 2392.6], [-120.041488, 38.483684, 2392.7], [-120.041473, 38.483718, 2394.0], [-120.041483, 38.483753, 2395.2], [-120.041486, 38.483776, 2396.1], [-120.04149, 38.48379, 2396.2], [-120.041497, 38.483827, 2397.0], [-120.041492, 38.483845, 2397.9], [-120.041484, 38.483852, 2398.2], [-120.041485, 38.483857, 2398.3], [-120.041523, 38.483885, 2401.0], [-120.041538, 38.483899, 2401.8], [-120.041576, 38.483926, 2403.7], [-120.041584, 38.483943, 2404.1], [-120.041582, 38.483952, 2404.1], [-120.041585, 38.483967, 2404.5], [-120.041581, 38.483984, 2404.5], [-120.041595, 38.484007, 2404.7], [-120.0416, 38.484028, 2405.9], [-120.0416, 38.484038, 2406.0], [-120.041606, 38.484055, 2406.0], [-120.041622, 38.484073, 2406.0], [-120.041633, 38.484093, 2406.0], [-120.04163, 38.484123, 2406.1], [-120.04161, 38.484143, 2406.3], [-120.041607, 38.484164, 2406.3], [-120.04161, 38.484184, 2406.7], [-120.041623, 38.48419, 2406.7], [-120.041625, 38.484205, 2407.3], [-120.041641, 38.484228, 2407.3], [-120.041646, 38.484232, 2408.6], [-120.041658, 38.484253, 2409.2], [-120.041664, 38.484254, 2409.2], [-120.041676, 38.484269, 2409.9], [-120.04169, 38.484296, 2411.3], [-120.041708, 38.484315, 2411.9], [-120.041726, 38.484326, 2411.9], [-120.041741, 38.48436, 2413.5], [-120.041747, 38.484368, 2413.9], [-120.041772, 38.48438, 2414.8], [-120.041786, 38.484384, 2414.8], [-120.041803, 38.484397, 2414.8], [-120.041806, 38.484403, 2415.1], [-120.041805, 38.484418, 2415.1], [-120.041813, 38.484438, 2415.6], [-120.041815, 38.484449, 2416.4], [-120.041825, 38.484462, 2416.4], [-120.041837, 38.48449, 2417.1], [-120.041838, 38.484504, 2417.9], [-120.041851, 38.484547, 2418.9], [-120.041871, 38.484576, 2420.9], [-120.04188, 38.484597, 2420.9], [-120.041889, 38.484611, 2422.0], [-120.041898, 38.484636, 2423.0], [-120.041899, 38.484652, 2423.0], [-120.041903, 38.484662, 2424.0], [-120.041903, 38.484676, 2424.9], [-120.041896, 38.484684, 2424.0], [-120.041893, 38.484699, 2424.0], [-120.041898, 38.484707, 2424.9], [-120.041909, 38.484709, 2425.8], [-120.041924, 38.484708, 2425.8], [-120.041973, 38.484697, 2425.8], [-120.041981, 38.484693, 2425.8], [-120.041992, 38.484681, 2426.7], [-120.042018, 38.484667, 2425.9], [-120.042031, 38.484663, 2426.7], [-120.042067, 38.484639, 2426.7], [-120.042066, 38.484612, 2426.1], [-120.042069, 38.484597, 2425.5], [-120.042073, 38.484591, 2426.6], [-120.042077, 38.4846, 2426.6], [-120.042103, 38.484605, 2427.1], [-120.042109, 38.484614, 2427.1], [-120.042129, 38.484621, 2428.1], [-120.042149, 38.484639, 2428.6], [-120.042168, 38.484639, 2429.8], [-120.042166, 38.484649, 2429.8], [-120.04218, 38.48466, 2429.8], [-120.042184, 38.484669, 2430.5], [-120.042196, 38.484676, 2430.5], [-120.042196, 38.484687, 2430.5], [-120.042201, 38.484697, 2431.8], [-120.042194, 38.484697, 2430.5], [-120.0422, 38.484688, 2430.5], [-120.042208, 38.484683, 2431.8], [-120.042227, 38.484678, 2431.8], [-120.042212, 38.484687, 2431.8], [-120.042201, 38.4847, 2431.8], [-120.042193, 38.484735, 2431.3], [-120.042198, 38.484751, 2432.4], [-120.042208, 38.48477, 2434.6], [-120.042214, 38.484795, 2434.6], [-120.042206, 38.48481, 2435.7], [-120.042188, 38.484829, 2434.6], [-120.04219, 38.484835, 2434.6], [-120.042203, 38.484842, 2436.7], [-120.042196, 38.484856, 2435.7], [-120.042186, 38.484866, 2435.7], [-120.042197, 38.484872, 2436.8], [-120.042213, 38.484877, 2437.8], [-120.042219, 38.484886, 2437.8], [-120.042216, 38.484899, 2437.8], [-120.042202, 38.484918, 2438.9], [-120.042194, 38.484925, 2438.0], [-120.042176, 38.484947, 2439.1], [-120.042174, 38.484989, 2440.2], [-120.042179, 38.485006, 2441.3], [-120.042189, 38.485023, 2441.3], [-120.042195, 38.485044, 2442.5], [-120.042195, 38.485055, 2442.5], [-120.0422, 38.485074, 2443.7], [-120.042199, 38.485089, 2443.7], [-120.042187, 38.485112, 2445.0], [-120.042175, 38.485127, 2445.0], [-120.042161, 38.485152, 2446.4], [-120.042167, 38.485169, 2446.4], [-120.042172, 38.48517, 2446.4], [-120.042188, 38.485187, 2447.8], [-120.042189, 38.485199, 2447.8], [-120.042184, 38.485217, 2449.1], [-120.042186, 38.485222, 2449.1], [-120.04217, 38.485244, 2450.3], [-120.042158, 38.485287, 2451.4], [-120.042155, 38.485302, 2450.1], [-120.042157, 38.485317, 2451.1], [-120.042169, 38.485342, 2453.4], [-120.042166, 38.485376, 2454.4], [-120.042152, 38.485394, 2453.3], [-120.042128, 38.485441, 2454.3], [-120.042126, 38.485463, 2455.2], [-120.042122, 38.485478, 2456.1], [-120.042111, 38.485498, 2455.0], [-120.042111, 38.485523, 2455.9], [-120.042113, 38.485549, 2456.8], [-120.042117, 38.485574, 2457.9], [-120.042133, 38.485611, 2459.8], [-120.042124, 38.485631, 2459.8], [-120.042101, 38.485637, 2458.6], [-120.042046, 38.485619, 2457.5], [-120.042042, 38.485613, 2457.5], [-120.042024, 38.485623, 2456.3], [-120.042018, 38.485632, 2456.3], [-120.042018, 38.485648, 2457.2], [-120.042022, 38.485656, 2457.2], [-120.042014, 38.485667, 2457.2], [-120.042042, 38.485677, 2459.2], [-120.042056, 38.485674, 2458.4], [-120.042063, 38.485678, 2459.2], [-120.042086, 38.485717, 2461.3], [-120.042097, 38.485745, 2462.1], [-120.042097, 38.485762, 2462.1], [-120.042088, 38.48579, 2462.9], [-120.042087, 38.4858, 2462.9], [-120.042091, 38.485821, 2463.7], [-120.042099, 38.485837, 2463.7], [-120.042101, 38.485835, 2463.7], [-120.042107, 38.48585, 2464.5], [-120.042107, 38.48586, 2464.5], [-120.042111, 38.485875, 2464.5], [-120.042122, 38.48589, 2466.7], [-120.042124, 38.485914, 2467.6], [-120.042128, 38.485918, 2467.6], [-120.042117, 38.485937, 2467.6], [-120.042107, 38.485945, 2466.2], [-120.042102, 38.485959, 2467.1], [-120.042102, 38.48597, 2467.1], [-120.042114, 38.486, 2468.0], [-120.04214, 38.48604, 2470.3], [-120.042148, 38.486056, 2471.2], [-120.042148, 38.486069, 2471.2], [-120.042139, 38.486082, 2472.2], [-120.042124, 38.486091, 2472.2], [-120.042127, 38.486097, 2472.2], [-120.042122, 38.486111, 2472.2], [-120.042123, 38.486117, 2473.2], [-120.042117, 38.486128, 2473.2], [-120.042085, 38.486088, 2470.7], [-120.042093, 38.486094, 2470.7], [-120.042095, 38.486109, 2470.7], [-120.042102, 38.486114, 2471.8], [-120.042089, 38.486126, 2471.8], [-120.042063, 38.486143, 2470.3], [-120.042059, 38.486154, 2471.3], [-120.042067, 38.486167, 2471.3], [-120.042085, 38.486181, 2473.8], [-120.042094, 38.486185, 2473.8], [-120.04212, 38.486208, 2475.3], [-120.042126, 38.486209, 2475.3], [-120.042141, 38.486222, 2476.3], [-120.042152, 38.486247, 2476.3], [-120.042167, 38.486261, 2478.9], [-120.042171, 38.486273, 2478.9], [-120.042166, 38.486288, 2480.0], [-120.042145, 38.486299, 2478.4], [-120.04214, 38.48631, 2478.4], [-120.042142, 38.486323, 2479.5], [-120.042147, 38.486332, 2479.5], [-120.04215, 38.486346, 2479.5], [-120.042166, 38.486345, 2481.1], [-120.042192, 38.486333, 2481.1], [-120.042193, 38.486322, 2481.1], [-120.042205, 38.48631, 2481.6], [-120.042204, 38.486305, 2481.6], [-120.042237, 38.486285, 2481.6], [-120.042245, 38.486283, 2483.2], [-120.042265, 38.486283, 2483.2], [-120.04229, 38.486274, 2483.7], [-120.042293, 38.486268, 2483.7], [-120.042297, 38.486278, 2483.7], [-120.042306, 38.486283, 2484.9], [-120.042313, 38.486298, 2484.9], [-120.042323, 38.486351, 2487.2], [-120.042333, 38.486366, 2488.8], [-120.042344, 38.486372, 2488.8], [-120.042367, 38.486379, 2488.8], [-120.04239, 38.486376, 2490.3], [-120.042395, 38.486371, 2490.3], [-120.042436, 38.486367, 2491.7], [-120.042461, 38.486355, 2493.0], [-120.042474, 38.486347, 2491.9], [-120.04251, 38.486342, 2493.2], [-120.042539, 38.486328, 2493.2], [-120.04256, 38.486326, 2494.4], [-120.042572, 38.486331, 2494.4], [-120.042593, 38.486327, 2495.6], [-120.042633, 38.486309, 2495.8], [-120.042644, 38.486312, 2495.8], [-120.042677, 38.486309, 2497.1], [-120.042696, 38.486298, 2497.1], [-120.042704, 38.486291, 2497.1], [-120.042709, 38.486309, 2497.1], [-120.042721, 38.486306, 2498.4], [-120.042722, 38.486314, 2498.4], [-120.042743, 38.486325, 2499.4], [-120.042751, 38.486326, 2499.4], [-120.042765, 38.486334, 2500.9], [-120.042777, 38.486337, 2500.9], [-120.042776, 38.486341, 2500.9], [-120.042808, 38.48635, 2503.9], [-120.042809, 38.486354, 2503.9], [-120.04282, 38.486357, 2503.9], [-120.042817, 38.486365, 2503.9], [-120.042767, 38.486333, 2500.9], [-120.042744, 38.486305, 2498.4], [-120.04271, 38.486291, 2497.1], [-120.042694, 38.486287, 2497.1], [-120.042688, 38.486288, 2497.1], [-120.042674, 38.486301, 2497.1], [-120.042676, 38.486314, 2497.1], [-120.042672, 38.486321, 2496.8], [-120.042672, 38.486331, 2496.8], [-120.042681, 38.486359, 2499.1], [-120.042693, 38.486375, 2499.1], [-120.042715, 38.486408, 2500.2], [-120.042755, 38.486447, 2503.1], [-120.042798, 38.486487, 2508.5], [-120.042836, 38.486529, 2512.1], [-120.042844, 38.486542, 2513.7], [-120.042849, 38.48656, 2515.1], [-120.042845, 38.486586, 2516.4], [-120.042835, 38.4866, 2515.1], [-120.042816, 38.486611, 2515.1], [-120.042809, 38.486612, 2515.1], [-120.042801, 38.48662, 2516.4], [-120.042793, 38.486634, 2515.2], [-120.042784, 38.486644, 2515.2], [-120.042776, 38.486661, 2516.5], [-120.042774, 38.486679, 2516.5], [-120.042785, 38.486698, 2517.6], [-120.0428, 38.486704, 2517.6], [-120.042828, 38.486698, 2518.5], [-120.042877, 38.48669, 2519.2], [-120.042914, 38.486689, 2520.0], [-120.042937, 38.48669, 2520.1], [-120.042944, 38.486675, 2520.2], [-120.042935, 38.486661, 2520.3], [-120.042945, 38.486657, 2520.4], [-120.042939, 38.486667, 2520.4], [-120.042958, 38.486672, 2520.5], [-120.042975, 38.48667, 2520.6], [-120.04299, 38.486661, 2520.7], [-120.043011, 38.486645, 2520.8], [-120.043047, 38.486628, 2521.0], [-120.043053, 38.486622, 2521.0], [-120.043072, 38.486615, 2521.1], [-120.043078, 38.486615, 2521.1], [-120.043086, 38.486633, 2521.3], [-120.04308, 38.486644, 2521.3], [-120.043075, 38.486674, 2521.5], [-120.043069, 38.486697, 2521.6], [-120.043063, 38.486712, 2521.7], [-120.043052, 38.486726, 2521.8], [-120.043048, 38.486737, 2521.9], [-120.043039, 38.48675, 2522.0], [-120.043018, 38.486772, 2522.2], [-120.043007, 38.486792, 2522.4], [-120.043003, 38.48681, 2522.5], [-120.042997, 38.486824, 2522.6], [-120.043004, 38.486868, 2523.0], [-120.043015, 38.486887, 2523.1], [-120.04304, 38.486908, 2523.4], [-120.043004, 38.48693, 2523.7], [-120.043, 38.486938, 2523.7], [-120.042993, 38.486941, 2523.8], [-120.042988, 38.486951, 2523.9], [-120.042976, 38.486951, 2524.0], [-120.042977, 38.486957, 2524.0], [-120.042965, 38.486958, 2524.1], [-120.042972, 38.486952, 2524.2], [-120.042963, 38.486934, 2524.4], [-120.04294, 38.486912, 2524.6], [-120.042956, 38.486908, 2524.9], [-120.042978, 38.486908, 2525.1], [-120.042982, 38.486892, 2525.2], [-120.043021, 38.486884, 2525.5], [-120.043032, 38.486886, 2525.6], [-120.04307, 38.486901, 2525.9], [-120.043093, 38.486905, 2526.0], [-120.043106, 38.486897, 2526.2], [-120.043131, 38.486865, 2526.5], [-120.04316, 38.486837, 2526.8], [-120.043208, 38.486809, 2527.2], [-120.043226, 38.486797, 2527.4], [-120.043247, 38.486773, 2527.6], [-120.043276, 38.486749, 2527.9], [-120.043354, 38.486701, 2528.5], [-120.043379, 38.486691, 2528.7], [-120.043426, 38.486664, 2529.1], [-120.043474, 38.48664, 2529.6], [-120.043503, 38.486623, 2529.8], [-120.043525, 38.486604, 2530.1], [-120.043541, 38.486592, 2530.2], [-120.043583, 38.486552, 2530.7], [-120.0436, 38.486533, 2530.9], [-120.043635, 38.486503, 2531.3], [-120.043656, 38.486493, 2531.5], [-120.043686, 38.486476, 2531.7], [-120.043699, 38.486466, 2531.9], [-120.043736, 38.486451, 2532.1], [-120.043781, 38.486427, 2532.5], [-120.043839, 38.486395, 2532.9], [-120.043879, 38.486376, 2533.2], [-120.043902, 38.486368, 2533.3], [-120.043917, 38.48636, 2533.3], [-120.04394, 38.486355, 2533.5], [-120.043992, 38.486333, 2533.8], [-120.044036, 38.486322, 2534.1], [-120.044075, 38.486303, 2534.4], [-120.044089, 38.486292, 2534.5], [-120.044109, 38.486268, 2534.7], [-120.044124, 38.486253, 2534.8], [-120.044135, 38.486235, 2535.0], [-120.044161, 38.486204, 2535.3], [-120.044186, 38.486178, 2535.6], [-120.044196, 38.486171, 2535.7], [-120.044219, 38.48615, 2535.9], [-120.04424, 38.486124, 2536.2], [-120.044252, 38.486113, 2536.3], [-120.044284, 38.486076, 2536.7], [-120.044292, 38.486064, 2536.8], [-120.044316, 38.486014, 2537.3], [-120.044323, 38.485997, 2537.4], [-120.044364, 38.485925, 2538.1], [-120.044371, 38.485907, 2538.3], [-120.044404, 38.485849, 2538.8], [-120.044418, 38.485842, 2539.0], [-120.044434, 38.48583, 2539.1], [-120.044473, 38.485809, 2539.4], [-120.044516, 38.485776, 2539.8], [-120.044541, 38.485749, 2540.1], [-120.044574, 38.48572, 2540.4], [-120.044595, 38.485707, 2540.5], [-120.044624, 38.485693, 2540.8], [-120.04464, 38.485688, 2540.9], [-120.044655, 38.485686, 2540.9], [-120.044684, 38.48569, 2541.1], [-120.044694, 38.485699, 2541.2], [-120.04469, 38.485715, 2541.3], [-120.044683, 38.485726, 2541.4], [-120.044669, 38.485736, 2541.5], [-120.044656, 38.485733, 2541.7], [-120.04464, 38.48574, 2541.8], [-120.044633, 38.48574, 2541.9], [-120.044628, 38.485732, 2541.9], [-120.044634, 38.485716, 2542.1], [-120.044672, 38.485682, 2542.4], [-120.044722, 38.485666, 2542.8], [-120.044754, 38.485651, 2543.0], [-120.044796, 38.485624, 2543.4], [-120.044826, 38.485614, 2543.6], [-120.044872, 38.485627, 2543.9], [-120.044917, 38.485645, 2544.2], [-120.044937, 38.485652, 2544.3], [-120.044966, 38.485656, 2544.5], [-120.044999, 38.485657, 2544.7], [-120.045023, 38.485656, 2544.8], [-120.04511, 38.485666, 2545.3], [-120.045131, 38.485664, 2545.4], [-120.045165, 38.485652, 2545.6], [-120.045195, 38.485634, 2545.7], [-120.045214, 38.485625, 2545.8], [-120.045238, 38.485617, 2545.9], [-120.045314, 38.485583, 2546.2], [-120.045361, 38.485569, 2546.3], [-120.045416, 38.485562, 2546.4], [-120.045446, 38.485563, 2546.4], [-120.045481, 38.485568, 2546.5], [-120.045511, 38.485568, 2546.6], [-120.045576, 38.485574, 2546.7], [-120.045604, 38.485578, 2546.7], [-120.045649, 38.485579, 2546.8], [-120.045686, 38.485577, 2546.9], [-120.045729, 38.485572, 2547.0], [-120.045786, 38.48556, 2547.2], [-120.045824, 38.485556, 2547.3], [-120.045846, 38.485555, 2547.4], [-120.045921, 38.485542, 2547.7], [-120.045971, 38.485537, 2547.9], [-120.046002, 38.485532, 2548.0], [-120.046053, 38.485517, 2548.3], [-120.046136, 38.485487, 2548.7], [-120.046165, 38.485482, 2548.9], [-120.046189, 38.48548, 2549.0], [-120.046254, 38.485467, 2549.4], [-120.046326, 38.485456, 2549.8], [-120.046365, 38.485451, 2550.0], [-120.046396, 38.485449, 2550.1], [-120.046414, 38.485451, 2550.2], [-120.046446, 38.485451, 2550.4], [-120.046459, 38.485453, 2550.4], [-120.046524, 38.485457, 2550.8], [-120.046549, 38.485456, 2550.9], [-120.046582, 38.485451, 2551.0], [-120.046615, 38.485444, 2551.1], [-120.046655, 38.485433, 2551.3], [-120.046748, 38.485414, 2551.6], [-120.046801, 38.485402, 2551.8], [-120.046827, 38.485398, 2551.9], [-120.046874, 38.485398, 2552.0], [-120.046916, 38.4854, 2552.2], [-120.047012, 38.485408, 2552.5], [-120.04705, 38.485413, 2552.6], [-120.047079, 38.485418, 2552.8], [-120.047112, 38.485426, 2552.9], [-120.047132, 38.485434, 2553.0], [-120.047131, 38.48544, 2553.0], [-120.04714, 38.485451, 2553.0], [-120.047153, 38.485458, 2553.1], [-120.047177, 38.485466, 2553.2], [-120.047215, 38.485469, 2553.3], [-120.047251, 38.485468, 2553.5], [-120.047298, 38.485463, 2553.6], [-120.047367, 38.485459, 2553.9], [-120.047394, 38.485462, 2553.9], [-120.047424, 38.48547, 2554.0], [-120.047475, 38.485474, 2555.3], [-120.047469, 38.485486, 2555.4], [-120.047486, 38.485467, 2555.4], [-120.047489, 38.48552, 2558.7], [-120.047497, 38.485504, 2558.3], [-120.047516, 38.485498, 2558.3], [-120.047572, 38.48549, 2558.0], [-120.047607, 38.485491, 2558.0], [-120.047653, 38.485487, 2557.6], [-120.047667, 38.485487, 2557.6], [-120.047705, 38.485478, 2557.4], [-120.047747, 38.485466, 2556.8], [-120.047784, 38.485435, 2556.1], [-120.047798, 38.485422, 2556.1], [-120.047844, 38.485389, 2555.4], [-120.047891, 38.485364, 2554.7], [-120.047959, 38.485341, 2554.2], [-120.047991, 38.485329, 2553.7], [-120.048024, 38.485314, 2553.5], [-120.048065, 38.485299, 2552.7], [-120.048085, 38.485307, 2552.4], [-120.048106, 38.485305, 2552.4], [-120.048169, 38.485277, 2551.8], [-120.04823, 38.485247, 2551.0], [-120.048289, 38.485224, 2550.2], [-120.048341, 38.485195, 2549.0], [-120.048436, 38.485128, 2547.5], [-120.048473, 38.485085, 2546.6], [-120.048495, 38.485047, 2546.1], [-120.048503, 38.485011, 2545.5], [-120.048495, 38.484921, 2543.3], [-120.0485, 38.484873, 2542.5], [-120.048519, 38.484832, 2540.3], [-120.048495, 38.484787, 2540.1], [-120.048477, 38.484745, 2539.3], [-120.048477, 38.484711, 2538.5], [-120.048471, 38.48466, 2536.9], [-120.048492, 38.484619, 2536.0], [-120.048565, 38.484615, 2534.8], [-120.048562, 38.484646, 2535.6], [-120.048562, 38.484625, 2534.8], [-120.048555, 38.484605, 2534.8], [-120.04855, 38.484602, 2535.4], [-120.048553, 38.484623, 2534.8], [-120.048598, 38.484619, 2534.1], [-120.048632, 38.484609, 2534.1], [-120.048791, 38.484587, 2529.7], [-120.048873, 38.484566, 2526.7], [-120.048952, 38.484542, 2524.8], [-120.049028, 38.484526, 2521.9], [-120.049195, 38.484475, 2520.0], [-120.049287, 38.484439, 2519.8], [-120.04937, 38.484408, 2519.4], [-120.049446, 38.484377, 2518.6], [-120.049501, 38.484343, 2518.0], [-120.049538, 38.484304, 2516.7], [-120.049553, 38.484268, 2515.8], [-120.049541, 38.484229, 2513.1], [-120.049501, 38.484192, 2511.4], [-120.049517, 38.484163, 2510.1], [-120.049557, 38.484132, 2510.3], [-120.049629, 38.484099, 2509.3], [-120.049695, 38.484082, 2508.1], [-120.049794, 38.484042, 2507.1], [-120.049832, 38.483963, 2503.6], [-120.049853, 38.483807, 2498.5], [-120.049884, 38.483734, 2497.4], [-120.049914, 38.48366, 2494.5], [-120.049943, 38.483587, 2493.2], [-120.049988, 38.48349, 2491.2], [-120.050012, 38.483446, 2491.1], [-120.050037, 38.483397, 2490.0], [-120.050062, 38.48335, 2488.7], [-120.050088, 38.483305, 2487.6], [-120.050134, 38.483208, 2484.6], [-120.050156, 38.483156, 2482.6], [-120.05018, 38.483117, 2481.1], [-120.050197, 38.483085, 2480.6], [-120.05023, 38.482999, 2478.8], [-120.05023, 38.48298, 2477.3], [-120.050215, 38.482986, 2476.2], [-120.050196, 38.482986, 2476.2], [-120.050157, 38.482976, 2475.0], [-120.050139, 38.48297, 2473.8], [-120.050096, 38.482919, 2469.7], [-120.050095, 38.482868, 2468.2], [-120.050109, 38.482815, 2466.4], [-120.050156, 38.482768, 2466.2], [-120.0502, 38.482736, 2466.2], [-120.050236, 38.482704, 2466.1], [-120.050256, 38.482667, 2464.7], [-120.050285, 38.482645, 2464.5], [-120.050299, 38.482618, 2463.3], [-120.050239, 38.4826, 2462.3], [-120.050179, 38.482585, 2458.6], [-120.05015, 38.482544, 2457.4], [-120.05011, 38.48247, 2453.6], [-120.050098, 38.482434, 2452.2], [-120.050101, 38.482464, 2453.6], [-120.050107, 38.482481, 2453.6], [-120.050113, 38.482489, 2454.8], [-120.050126, 38.482498, 2454.8], [-120.050131, 38.482496, 2454.8], [-120.050112, 38.482488, 2454.8], [-120.050097, 38.482464, 2453.6], [-120.050083, 38.48245, 2451.1], [-120.050122, 38.482354, 2449.5], [-120.050159, 38.482266, 2445.6], [-120.050115, 38.482212, 2441.7], [-120.050059, 38.482209, 2441.1], [-120.049982, 38.482189, 2439.9], [-120.049913, 38.482162, 2436.9], [-120.04986, 38.482146, 2434.2], [-120.049776, 38.48213, 2430.7], [-120.049666, 38.48209, 2423.8], [-120.049614, 38.482069, 2421.7], [-120.049575, 38.482078, 2420.8], [-120.049484, 38.482083, 2420.9], [-120.049484, 38.482091, 2420.9], [-120.049494, 38.482106, 2420.9], [-120.049517, 38.482127, 2422.8], [-120.049522, 38.482134, 2422.8], [-120.049492, 38.482142, 2422.4], [-120.049447, 38.481998, 2416.0], [-120.049414, 38.481901, 2413.5], [-120.04939, 38.481815, 2410.3], [-120.04939, 38.481735, 2407.0], [-120.049404, 38.481658, 2404.6], [-120.049434, 38.481581, 2403.8], [-120.049459, 38.481513, 2403.1], [-120.049479, 38.481447, 2401.1], [-120.049502, 38.481383, 2400.2], [-120.049507, 38.481333, 2397.4], [-120.049502, 38.481296, 2395.5], [-120.049495, 38.481266, 2392.9], [-120.049449, 38.481239, 2390.7], [-120.049426, 38.481228, 2390.7], [-120.049374, 38.481216, 2389.8], [-120.04929, 38.481213, 2386.9], [-120.049258, 38.481141, 2380.8], [-120.049238, 38.481062, 2376.2], [-120.049225, 38.480995, 2373.9], [-120.049215, 38.48093, 2371.8], [-120.049219, 38.480884, 2370.9], [-120.049243, 38.480862, 2370.8], [-120.049268, 38.480848, 2370.8], [-120.049295, 38.480823, 2370.6], [-120.04934, 38.480793, 2370.1], [-120.049349, 38.480816, 2371.3], [-120.049359, 38.480823, 2371.3], [-120.04937, 38.480851, 2373.0], [-120.049383, 38.480872, 2373.0], [-120.049364, 38.480846, 2372.3], [-120.049322, 38.480847, 2371.6], [-120.049258, 38.480852, 2370.8], [-120.049218, 38.480847, 2370.0], [-120.049206, 38.480842, 2370.0], [-120.049191, 38.480832, 2368.3], [-120.049165, 38.480863, 2369.1], [-120.049077, 38.480827, 2366.5], [-120.048978, 38.480795, 2363.0], [-120.048864, 38.48077, 2360.9], [-120.048749, 38.480746, 2360.5], [-120.048667, 38.480727, 2360.0], [-120.048684, 38.480732, 2359.6], [-120.048719, 38.480733, 2359.6], [-120.048727, 38.480729, 2359.3], [-120.048747, 38.48073, 2359.3], [-120.048734, 38.480733, 2359.3], [-120.048743, 38.480744, 2360.5], [-120.048766, 38.480746, 2360.5], [-120.04878, 38.480745, 2360.4], [-120.04881, 38.480733, 2359.6], [-120.048814, 38.480724, 2359.6], [-120.048832, 38.480713, 2359.6], [-120.048792, 38.480685, 2358.4], [-120.048782, 38.480658, 2357.5], [-120.048708, 38.480629, 2356.4], [-120.048589, 38.480575, 2355.6], [-120.048509, 38.480525, 2353.3], [-120.048434, 38.480476, 2352.1], [-120.04844, 38.480476, 2352.1], [-120.048549, 38.480546, 2354.6], [-120.048546, 38.48055, 2354.6], [-120.048512, 38.480543, 2354.6], [-120.048473, 38.480541, 2354.6], [-120.048434, 38.480531, 2353.4], [-120.048342, 38.480496, 2352.0], [-120.048286, 38.480484, 2351.6], [-120.048224, 38.480479, 2351.3], [-120.048169, 38.480473, 2350.9], [-120.048134, 38.480467, 2349.2], [-120.048098, 38.480455, 2348.8], [-120.048058, 38.480431, 2347.3], [-120.04798, 38.480374, 2345.3], [-120.047915, 38.480318, 2342.7], [-120.047854, 38.480277, 2340.1], [-120.047796, 38.480242, 2338.3], [-120.047748, 38.480211, 2336.6], [-120.047687, 38.480186, 2334.3], [-120.04764, 38.480183, 2333.9], [-120.047685, 38.480205, 2335.7], [-120.047658, 38.480182, 2334.3], [-120.047643, 38.480172, 2333.9], [-120.047592, 38.480147, 2331.5], [-120.047562, 38.480128, 2328.8], [-120.047498, 38.480085, 2326.4], [-120.047459, 38.480057, 2324.5], [-120.047427, 38.480038, 2324.7], [-120.047391, 38.480022, 2323.3], [-120.047338, 38.480002, 2323.5], [-120.047302, 38.479998, 2321.8], [-120.04729, 38.479999, 2321.8], [-120.047271, 38.480004, 2323.7], [-120.047259, 38.480012, 2323.7], [-120.047265, 38.480029, 2323.7], [-120.047283, 38.480045, 2325.5], [-120.047282, 38.480055, 2325.5], [-120.047245, 38.480067, 2327.6], [-120.047221, 38.480076, 2327.3], [-120.047205, 38.480069, 2327.3], [-120.047173, 38.48005, 2325.1], [-120.047128, 38.480027, 2322.4], [-120.047115, 38.480019, 2322.4], [-120.047102, 38.479993, 2320.2], [-120.047096, 38.479965, 2318.0], [-120.047107, 38.479934, 2318.0], [-120.047097, 38.479891, 2314.8], [-120.047093, 38.47986, 2313.6], [-120.047129, 38.479754, 2310.5], [-120.04715, 38.479648, 2308.0], [-120.047145, 38.47956, 2305.5], [-120.04712, 38.479475, 2303.5], [-120.047088, 38.4794, 2302.4], [-120.047056, 38.479328, 2302.4], [-120.047021, 38.479257, 2300.5], [-120.046989, 38.479196, 2298.5], [-120.046952, 38.479146, 2296.5], [-120.046923, 38.479115, 2296.2], [-120.046904, 38.4791, 2295.0], [-120.046886, 38.479111, 2295.0], [-120.046906, 38.479138, 2295.1], [-120.046931, 38.479158, 2296.5], [-120.046953, 38.479169, 2296.6], [-120.046966, 38.479162, 2298.2], [-120.046971, 38.479112, 2297.4], [-120.046942, 38.479034, 2295.4], [-120.046932, 38.47899, 2294.4], [-120.046907, 38.478943, 2293.5], [-120.046865, 38.478896, 2292.8], [-120.046808, 38.4789, 2292.4], [-120.046773, 38.478908, 2291.9], [-120.046741, 38.4789, 2291.2], [-120.046668, 38.478895, 2290.1], [-120.046625, 38.478882, 2288.5], [-120.046577, 38.478833, 2284.7], [-120.04656, 38.478799, 2284.6], [-120.046479, 38.478709, 2280.8], [-120.046436, 38.478627, 2279.0], [-120.046398, 38.478568, 2277.1], [-120.046434, 38.478525, 2278.0], [-120.046475, 38.478493, 2278.4], [-120.046541, 38.478473, 2278.8], [-120.046565, 38.478431, 2277.8], [-120.04657, 38.478412, 2276.7], [-120.046562, 38.47842, 2276.7], [-120.046556, 38.478431, 2277.8], [-120.046555, 38.478445, 2277.8], [-120.046548, 38.478453, 2277.8], [-120.046534, 38.478458, 2278.3], [-120.046523, 38.478465, 2278.3], [-120.046519, 38.478475, 2278.3], [-120.046518, 38.478488, 2279.1], [-120.046512, 38.478502, 2279.1], [-120.046457, 38.478529, 2279.0], [-120.046419, 38.478539, 2278.0], [-120.046342, 38.478576, 2275.5], [-120.046249, 38.478609, 2272.2], [-120.046083, 38.478672, 2266.6], [-120.046005, 38.47867, 2264.5], [-120.046002, 38.478651, 2264.4], [-120.046013, 38.47861, 2264.2], [-120.046004, 38.478589, 2264.2], [-120.045989, 38.478585, 2264.1], [-120.045931, 38.478576, 2262.3], [-120.045882, 38.478539, 2261.2], [-120.045859, 38.478507, 2260.8], [-120.045857, 38.478417, 2259.4], [-120.045844, 38.47834, 2257.5], [-120.045832, 38.478295, 2257.1], [-120.045815, 38.478238, 2256.4], [-120.045783, 38.478144, 2254.8], [-120.04577, 38.478096, 2254.4], [-120.045764, 38.478031, 2253.5], [-120.045747, 38.47799, 2252.4], [-120.04573, 38.477944, 2251.3], [-120.045708, 38.477887, 2250.1], [-120.045693, 38.477846, 2248.3], [-120.045662, 38.477781, 2245.9], [-120.045648, 38.477727, 2244.9], [-120.045603, 38.477575, 2240.9], [-120.045554, 38.477487, 2240.1], [-120.045502, 38.477406, 2239.2], [-120.045492, 38.47741, 2239.2], [-120.045465, 38.477378, 2238.9], [-120.045437, 38.477342, 2238.6], [-120.045413, 38.477283, 2238.3], [-120.045402, 38.477262, 2237.9], [-120.045392, 38.477255, 2237.9], [-120.045377, 38.477258, 2237.9], [-120.045354, 38.477279, 2238.4], [-120.045334, 38.477292, 2238.4], [-120.045343, 38.477298, 2238.4], [-120.045357, 38.4773, 2238.4], [-120.045369, 38.477305, 2238.4], [-120.045373, 38.477319, 2238.8], [-120.045396, 38.477355, 2239.0], [-120.045364, 38.477356, 2239.2], [-120.04536, 38.477349, 2239.2], [-120.045349, 38.477317, 2238.8], [-120.045334, 38.477252, 2237.9], [-120.045325, 38.477191, 2236.8], [-120.045309, 38.477139, 2235.7], [-120.045297, 38.477105, 2235.1], [-120.045276, 38.477037, 2233.5], [-120.045258, 38.476968, 2232.2], [-120.045072, 38.476527, 2229.2], [-120.045004, 38.476554, 2229.3], [-120.044938, 38.476582, 2229.5], [-120.044929, 38.47661, 2229.5], [-120.044956, 38.476634, 2229.6], [-120.044946, 38.476648, 2229.6], [-120.044927, 38.476647, 2229.6], [-120.044921, 38.476639, 2229.7], [-120.044921, 38.476632, 2229.7], [-120.044934, 38.476626, 2229.7], [-120.04499, 38.476609, 2229.8], [-120.045041, 38.476603, 2229.9], [-120.045058, 38.476599, 2229.9], [-120.04508, 38.476591, 2229.9], [-120.045089, 38.476584, 2230.0], [-120.045099, 38.476571, 2230.0], [-120.045135, 38.476562, 2230.1], [-120.045189, 38.476564, 2230.1], [-120.045198, 38.476567, 2230.2], [-120.045211, 38.476578, 2230.2], [-120.045256, 38.476631, 2230.3], [-120.04525, 38.476636, 2230.3], [-120.045268, 38.476642, 2230.6], [-120.045286, 38.476633, 2230.3], [-120.045297, 38.476632, 2230.8], [-120.045331, 38.476652, 2231.0], [-120.045324, 38.476704, 2231.2], [-120.045327, 38.476727, 2231.4], [-120.045337, 38.47673, 2231.8], [-120.04534, 38.476758, 2232.1], [-120.045337, 38.476781, 2232.3], [-120.045338, 38.476811, 2232.6], [-120.045343, 38.476835, 2232.6], [-120.045352, 38.476868, 2232.9], [-120.045357, 38.476881, 2233.3], [-120.04537, 38.476926, 2233.7], [-120.045371, 38.47694, 2233.7], [-120.045369, 38.47696, 2234.2], [-120.045372, 38.476969, 2234.2], [-120.045382, 38.476973, 2234.6], [-120.045404, 38.477006, 2235.1], [-120.045412, 38.477029, 2235.6], [-120.045425, 38.47705, 2236.4], [-120.045447, 38.477075, 2236.4], [-120.045458, 38.47709, 2236.9], [-120.045475, 38.477108, 2237.2], [-120.04548, 38.477117, 2237.6], [-120.045482, 38.477136, 2237.6], [-120.045481, 38.477152, 2238.0], [-120.045495, 38.477174, 2238.0], [-120.045508, 38.477186, 2238.6], [-120.045519, 38.477203, 2238.6], [-120.04554, 38.477231, 2238.9], [-120.04557, 38.477266, 2239.5], [-120.04558, 38.477275, 2239.5], [-120.045641, 38.477336, 2240.6], [-120.045658, 38.477351, 2240.9], [-120.045674, 38.47737, 2240.9], [-120.045718, 38.477411, 2241.6], [-120.04574, 38.477443, 2242.1], [-120.045755, 38.477462, 2242.4], [-120.045763, 38.477478, 2242.9], [-120.045808, 38.477533, 2244.1], [-120.045845, 38.477568, 2244.5], [-120.045875, 38.477598, 2245.8], [-120.045898, 38.477613, 2246.6], [-120.045916, 38.477628, 2247.2], [-120.045961, 38.477675, 2248.9], [-120.045979, 38.47769, 2250.4], [-120.046015, 38.477717, 2251.1], [-120.04604, 38.477737, 2251.8], [-120.046074, 38.47777, 2253.0], [-120.046106, 38.477807, 2254.1], [-120.046143, 38.477841, 2254.5], [-120.046147, 38.477859, 2254.9], [-120.046146, 38.477869, 2255.0], [-120.04614, 38.47788, 2255.0], [-120.046139, 38.477892, 2255.5], [-120.046118, 38.47789, 2255.6], [-120.046119, 38.477906, 2255.7], [-120.046116, 38.47792, 2256.3], [-120.046104, 38.477927, 2256.0], [-120.046096, 38.477949, 2256.0], [-120.046089, 38.477958, 2256.8], [-120.046084, 38.477952, 2256.8], [-120.046076, 38.477934, 2256.0], [-120.046075, 38.477924, 2256.0], [-120.04607, 38.47793, 2256.0], [-120.046089, 38.477957, 2256.8], [-120.046127, 38.477974, 2257.2], [-120.046136, 38.477984, 2258.3], [-120.046138, 38.477991, 2258.3], [-120.046158, 38.478006, 2258.9], [-120.046165, 38.478016, 2258.9], [-120.046174, 38.478047, 2260.3], [-120.046169, 38.478058, 2261.8], [-120.046164, 38.47806, 2261.8], [-120.046156, 38.478097, 2263.2], [-120.046163, 38.478113, 2263.2], [-120.046184, 38.478139, 2264.5], [-120.046192, 38.478142, 2265.2], [-120.046205, 38.478158, 2266.4], [-120.046213, 38.478177, 2266.4], [-120.04622, 38.478205, 2267.4], [-120.046224, 38.478239, 2268.4], [-120.046228, 38.47825, 2268.4], [-120.046248, 38.478288, 2271.0], [-120.046268, 38.478347, 2271.9], [-120.046283, 38.478375, 2273.5], [-120.046297, 38.478385, 2273.5], [-120.046304, 38.478402, 2274.3], [-120.046295, 38.47843, 2274.9], [-120.046298, 38.478442, 2274.9], [-120.046306, 38.478447, 2274.9], [-120.046316, 38.478447, 2274.9], [-120.046333, 38.478461, 2277.0], [-120.046355, 38.478472, 2277.0], [-120.046363, 38.478484, 2278.4], [-120.046363, 38.478494, 2279.1], [-120.046368, 38.478505, 2279.1], [-120.046381, 38.478519, 2279.1], [-120.046388, 38.478535, 2279.7], [-120.046405, 38.47854, 2279.7], [-120.04642, 38.47854, 2281.0], [-120.046436, 38.478552, 2281.0], [-120.046435, 38.478574, 2281.5], [-120.046426, 38.478578, 2281.5], [-120.046424, 38.478594, 2281.8], [-120.046428, 38.478612, 2281.8], [-120.046438, 38.478627, 2282.1], [-120.046455, 38.478642, 2283.3], [-120.046459, 38.478653, 2283.3], [-120.046469, 38.478635, 2283.3], [-120.046465, 38.478633, 2283.3], [-120.046468, 38.478672, 2283.6], [-120.046474, 38.47869, 2283.9], [-120.046481, 38.478699, 2283.9], [-120.046522, 38.478729, 2285.6], [-120.046558, 38.478747, 2287.1], [-120.046589, 38.478766, 2289.0], [-120.046594, 38.478772, 2289.0], [-120.046603, 38.478796, 2289.3], [-120.046613, 38.478831, 2289.6], [-120.046613, 38.478837, 2289.6], [-120.046624, 38.478864, 2291.5], [-120.046621, 38.478891, 2291.7], [-120.046628, 38.478897, 2291.7], [-120.046643, 38.4789, 2291.7], [-120.046658, 38.478907, 2291.7], [-120.046681, 38.478906, 2293.2], [-120.046708, 38.478915, 2294.3], [-120.046724, 38.47893, 2294.4], [-120.046736, 38.478945, 2294.4], [-120.046752, 38.478951, 2295.1], [-120.046794, 38.478956, 2295.6], [-120.04681, 38.478963, 2295.8], [-120.046831, 38.478989, 2295.8], [-120.04685, 38.479003, 2296.6], [-120.046877, 38.479029, 2296.8], [-120.046876, 38.479022, 2296.6], [-120.046916, 38.479043, 2297.6], [-120.046938, 38.479041, 2298.4], [-120.046969, 38.479042, 2299.2], [-120.046995, 38.479047, 2299.2], [-120.047029, 38.479063, 2300.8], [-120.047036, 38.479065, 2300.8], [-120.047063, 38.479084, 2301.6], [-120.047083, 38.479109, 2302.5], [-120.0471, 38.479135, 2304.1], [-120.047119, 38.479161, 2304.9], [-120.047143, 38.479187, 2305.4], [-120.047162, 38.479198, 2306.0], [-120.047211, 38.479237, 2306.9], [-120.047223, 38.47925, 2307.0], [-120.04723, 38.479262, 2307.6], [-120.047238, 38.479285, 2307.6], [-120.047238, 38.479313, 2307.9], [-120.047243, 38.479325, 2307.9], [-120.047272, 38.479363, 2308.7], [-120.047282, 38.47938, 2308.7], [-120.047295, 38.479393, 2308.7], [-120.04732, 38.479414, 2309.7], [-120.047333, 38.479421, 2309.7], [-120.047349, 38.479434, 2310.4], [-120.047365, 38.479441, 2311.1], [-120.047391, 38.47946, 2311.1], [-120.047418, 38.479477, 2312.8], [-120.047432, 38.479484, 2312.8], [-120.047454, 38.479506, 2314.6], [-120.047463, 38.479521, 2314.6], [-120.047462, 38.479531, 2315.5], [-120.047468, 38.47955, 2315.5], [-120.047482, 38.479579, 2317.1], [-120.047491, 38.479602, 2317.8], [-120.047502, 38.479618, 2317.8], [-120.047516, 38.479629, 2317.8], [-120.047538, 38.479638, 2319.1], [-120.047521, 38.479638, 2318.3], [-120.047526, 38.479643, 2319.1], [-120.047552, 38.479651, 2319.1], [-120.047612, 38.479683, 2321.1], [-120.047629, 38.479698, 2322.0], [-120.047638, 38.479711, 2322.0], [-120.047639, 38.47972, 2322.0], [-120.047628, 38.479736, 2322.9], [-120.047615, 38.479759, 2322.9], [-120.047614, 38.479774, 2324.0], [-120.047608, 38.479788, 2324.0], [-120.047608, 38.479808, 2325.0], [-120.047625, 38.479831, 2325.0], [-120.04764, 38.479839, 2326.1], [-120.047653, 38.479851, 2327.1], [-120.047669, 38.47987, 2328.1], [-120.047675, 38.479874, 2328.1], [-120.0477, 38.479881, 2329.1], [-120.047719, 38.479881, 2329.1], [-120.047737, 38.479891, 2330.0], [-120.047743, 38.479917, 2330.9], [-120.047741, 38.479928, 2330.9], [-120.047727, 38.479955, 2330.7], [-120.047726, 38.479974, 2331.4], [-120.047735, 38.480024, 2332.1], [-120.04775, 38.480046, 2334.4], [-120.047758, 38.48007, 2335.5], [-120.047766, 38.480078, 2335.5], [-120.047763, 38.480082, 2335.5], [-120.047778, 38.480095, 2335.5], [-120.047808, 38.480099, 2336.8], [-120.047821, 38.480104, 2337.9], [-120.047826, 38.480113, 2339.1], [-120.047827, 38.480134, 2340.1], [-120.047824, 38.480154, 2340.1], [-120.047817, 38.480173, 2339.8], [-120.047823, 38.480221, 2341.6], [-120.047828, 38.480227, 2341.6], [-120.047841, 38.480251, 2342.3], [-120.047848, 38.480275, 2343.1], [-120.047859, 38.480297, 2343.1], [-120.047867, 38.480309, 2345.0], [-120.047885, 38.48033, 2345.0], [-120.047913, 38.480349, 2346.8], [-120.047914, 38.480358, 2346.8], [-120.047905, 38.480371, 2347.1], [-120.047895, 38.480394, 2347.1], [-120.047861, 38.480423, 2347.7], [-120.047853, 38.480418, 2347.7], [-120.04784, 38.480415, 2347.7], [-120.047858, 38.480437, 2349.0], [-120.047858, 38.480446, 2349.0], [-120.047871, 38.480465, 2349.5], [-120.047857, 38.480467, 2349.0], [-120.047836, 38.480457, 2349.0], [-120.047819, 38.480464, 2348.7], [-120.047813, 38.480474, 2349.8], [-120.047822, 38.48048, 2350.1], [-120.047832, 38.480501, 2350.1], [-120.047839, 38.480522, 2351.1], [-120.04784, 38.480541, 2352.0], [-120.047832, 38.480555, 2352.0], [-120.047823, 38.480551, 2352.0], [-120.047801, 38.480564, 2351.6], [-120.047794, 38.480563, 2351.6], [-120.04778, 38.480585, 2352.5], [-120.047758, 38.480629, 2353.3], [-120.047744, 38.480643, 2354.9], [-120.047739, 38.480638, 2354.9], [-120.047738, 38.480624, 2353.3], [-120.047745, 38.480623, 2353.3], [-120.047752, 38.480632, 2353.3], [-120.047744, 38.48064, 2354.9], [-120.047724, 38.480644, 2355.0], [-120.047712, 38.480644, 2355.0], [-120.047692, 38.480648, 2355.7], [-120.047675, 38.480656, 2355.7], [-120.047667, 38.480653, 2355.7], [-120.047654, 38.480664, 2355.7], [-120.047653, 38.480673, 2357.9], [-120.04766, 38.480684, 2357.9], [-120.047668, 38.480687, 2357.9], [-120.047694, 38.480687, 2357.1], [-120.047719, 38.480691, 2357.1], [-120.047733, 38.480689, 2357.1], [-120.047755, 38.480695, 2357.0], [-120.04779, 38.480714, 2359.6], [-120.047801, 38.480711, 2359.6], [-120.047823, 38.480715, 2360.4], [-120.047835, 38.480719, 2360.4], [-120.04787, 38.480719, 2361.4], [-120.047886, 38.480728, 2361.4], [-120.047879, 38.480728, 2361.4], [-120.047872, 38.480743, 2363.4], [-120.047858, 38.480742, 2362.4], [-120.047838, 38.480756, 2362.4], [-120.047832, 38.480755, 2362.4], [-120.047811, 38.480766, 2361.7], [-120.047804, 38.480775, 2363.5], [-120.047796, 38.480774, 2363.5], [-120.047789, 38.48076, 2361.7], [-120.047784, 38.480758, 2361.7], [-120.047755, 38.480778, 2363.2], [-120.047741, 38.480782, 2363.2], [-120.047711, 38.480795, 2363.5], [-120.047688, 38.480799, 2364.3], [-120.047676, 38.480791, 2364.3], [-120.047648, 38.480791, 2365.4], [-120.04763, 38.480779, 2365.4], [-120.047624, 38.480779, 2365.4], [-120.047616, 38.480787, 2365.4], [-120.047621, 38.480795, 2365.4], [-120.047613, 38.480823, 2366.7], [-120.047614, 38.480833, 2366.7], [-120.047637, 38.48086, 2368.0], [-120.047661, 38.480892, 2368.7], [-120.04769, 38.480913, 2370.6], [-120.047671, 38.480897, 2368.7], [-120.047659, 38.48089, 2368.7], [-120.047627, 38.480885, 2369.4], [-120.047616, 38.480876, 2369.4], [-120.047593, 38.480866, 2369.2], [-120.047561, 38.480868, 2370.0], [-120.047545, 38.480863, 2370.0], [-120.047528, 38.480868, 2370.0], [-120.047509, 38.480882, 2372.0], [-120.047486, 38.480893, 2372.0], [-120.047451, 38.480901, 2372.4], [-120.047447, 38.480891, 2372.4], [-120.047459, 38.480892, 2372.4], [-120.047467, 38.480889, 2372.4], [-120.047488, 38.48089, 2372.0], [-120.047495, 38.480897, 2372.0], [-120.047512, 38.480898, 2372.0], [-120.047517, 38.480901, 2372.0], [-120.047536, 38.480902, 2371.3], [-120.047543, 38.480923, 2373.0], [-120.047531, 38.480935, 2373.0], [-120.047537, 38.480935, 2373.0], [-120.047509, 38.480968, 2375.6], [-120.047503, 38.48098, 2377.3], [-120.047489, 38.480976, 2377.3], [-120.047476, 38.480979, 2377.8], [-120.047461, 38.480986, 2377.8], [-120.047458, 38.480997, 2377.8], [-120.047449, 38.481007, 2377.8], [-120.047435, 38.481013, 2379.3], [-120.047438, 38.48104, 2379.1], [-120.047426, 38.481079, 2381.1], [-120.047418, 38.48109, 2381.1], [-120.047413, 38.481091, 2381.1], [-120.047405, 38.481103, 2381.1], [-120.047406, 38.481118, 2382.0], [-120.047403, 38.481125, 2382.0], [-120.047387, 38.481138, 2382.0], [-120.047379, 38.481137, 2382.0], [-120.047373, 38.481142, 2383.1], [-120.047368, 38.481155, 2383.1], [-120.047371, 38.481167, 2383.1], [-120.047363, 38.481163, 2383.1], [-120.04737, 38.48115, 2383.1], [-120.047365, 38.481135, 2382.0], [-120.047347, 38.481119, 2381.9], [-120.047344, 38.481113, 2381.9], [-120.047327, 38.481104, 2380.9], [-120.047313, 38.481087, 2380.9], [-120.047314, 38.481078, 2380.9], [-120.047325, 38.481059, 2379.9], [-120.047338, 38.481062, 2379.9], [-120.047354, 38.481072, 2380.2], [-120.047374, 38.48108, 2381.1], [-120.047403, 38.481098, 2381.1], [-120.047401, 38.481104, 2381.1], [-120.047389, 38.481115, 2382.0], [-120.047387, 38.481121, 2382.0], [-120.047396, 38.481155, 2383.0], [-120.047392, 38.481177, 2384.3], [-120.047383, 38.481187, 2384.3], [-120.04736, 38.481191, 2384.3], [-120.047341, 38.481202, 2384.4], [-120.04732, 38.481201, 2384.4], [-120.047261, 38.481206, 2384.4], [-120.04725, 38.481202, 2384.4], [-120.047235, 38.481211, 2385.9], [-120.047231, 38.481218, 2385.9], [-120.047236, 38.481236, 2385.9], [-120.047247, 38.481237, 2385.9], [-120.047252, 38.481244, 2387.6], [-120.047283, 38.481249, 2387.4], [-120.047324, 38.481242, 2385.8], [-120.047322, 38.48125, 2387.2], [-120.047336, 38.481258, 2387.2], [-120.04734, 38.481275, 2387.2], [-120.047335, 38.481279, 2388.6], [-120.047331, 38.481291, 2388.6], [-120.047322, 38.481297, 2388.6], [-120.047323, 38.481302, 2388.6], [-120.047304, 38.481304, 2388.9], [-120.04729, 38.481298, 2388.9], [-120.047264, 38.481297, 2389.2], [-120.047241, 38.481286, 2389.2], [-120.047217, 38.481264, 2387.5], [-120.047202, 38.481255, 2387.5], [-120.047207, 38.481274, 2387.5], [-120.047214, 38.481271, 2387.5], [-120.047199, 38.481262, 2387.5], [-120.047175, 38.481253, 2387.3], [-120.047155, 38.481251, 2387.3], [-120.047139, 38.481258, 2387.3], [-120.047128, 38.481267, 2386.8], [-120.047128, 38.48129, 2388.2], [-120.047131, 38.481311, 2389.6], [-120.047139, 38.481323, 2390.3], [-120.047152, 38.481349, 2391.6], [-120.047164, 38.481377, 2393.0], [-120.047183, 38.481393, 2393.4], [-120.04721, 38.48139, 2393.4], [-120.047233, 38.481391, 2393.4], [-120.047256, 38.48139, 2393.4], [-120.047286, 38.481392, 2393.2], [-120.047289, 38.481389, 2393.2], [-120.047305, 38.48139, 2393.2], [-120.047312, 38.481383, 2393.0], [-120.047325, 38.481387, 2393.0], [-120.047324, 38.481381, 2393.0], [-120.047346, 38.481381, 2393.0], [-120.047358, 38.481365, 2391.1], [-120.047357, 38.48137, 2391.1], [-120.047364, 38.481381, 2392.9], [-120.047377, 38.481393, 2392.9], [-120.04738, 38.481399, 2392.9], [-120.047429, 38.481411, 2395.1], [-120.047467, 38.481427, 2394.8], [-120.047465, 38.481422, 2394.8], [-120.047474, 38.48142, 2394.8], [-120.047492, 38.481424, 2394.2], [-120.047503, 38.481422, 2394.2], [-120.047523, 38.481424, 2393.3], [-120.047527, 38.481432, 2393.3], [-120.047545, 38.481439, 2393.3], [-120.047558, 38.481439, 2393.3], [-120.047628, 38.481428, 2392.2], [-120.047716, 38.481425, 2393.4], [-120.047779, 38.481426, 2394.2], [-120.047827, 38.48143, 2395.7], [-120.047875, 38.481429, 2396.3], [-120.047905, 38.481426, 2396.3], [-120.047917, 38.481423, 2396.7], [-120.047868, 38.481428, 2396.3], [-120.047847, 38.481434, 2395.7], [-120.047819, 38.481448, 2396.8], [-120.047785, 38.481472, 2396.8], [-120.047764, 38.48149, 2398.0], [-120.04776, 38.481501, 2398.0], [-120.047736, 38.481524, 2398.9], [-120.047719, 38.481535, 2398.9], [-120.047692, 38.48154, 2398.4], [-120.047653, 38.48155, 2399.6], [-120.047613, 38.481563, 2399.6], [-120.047594, 38.481568, 2400.5], [-120.047545, 38.481575, 2401.6], [-120.047516, 38.481575, 2402.9], [-120.047485, 38.481584, 2404.1], [-120.047447, 38.4816, 2405.3], [-120.047399, 38.481613, 2407.6], [-120.047386, 38.481622, 2408.0], [-120.047362, 38.481643, 2408.0], [-120.047353, 38.481654, 2410.0], [-120.04734, 38.481664, 2410.1], [-120.047314, 38.481671, 2410.1], [-120.047292, 38.481674, 2409.9], [-120.047277, 38.481687, 2412.3], [-120.047266, 38.4817, 2412.3], [-120.047271, 38.481706, 2412.3], [-120.047277, 38.481697, 2412.3], [-120.047297, 38.481677, 2409.9], [-120.047314, 38.481656, 2410.1], [-120.047329, 38.481634, 2408.0], [-120.047325, 38.481631, 2408.0], [-120.047302, 38.481636, 2407.7], [-120.047301, 38.481633, 2407.7], [-120.047286, 38.481642, 2407.7], [-120.047264, 38.481662, 2409.3], [-120.047244, 38.481691, 2411.8], [-120.047224, 38.481698, 2411.8], [-120.047232, 38.481702, 2411.8], [-120.047234, 38.481709, 2411.8], [-120.047242, 38.481715, 2414.0], [-120.047237, 38.481735, 2414.0], [-120.047225, 38.481747, 2416.1], [-120.047209, 38.481772, 2415.3], [-120.047193, 38.48179, 2417.5], [-120.047171, 38.481804, 2416.7], [-120.047152, 38.481821, 2419.0], [-120.047149, 38.481827, 2419.0], [-120.047121, 38.481805, 2415.7], [-120.047109, 38.481806, 2415.7], [-120.047105, 38.481832, 2418.1], [-120.04712, 38.481842, 2418.1], [-120.04712, 38.481859, 2420.6], [-120.047111, 38.481867, 2420.6], [-120.047093, 38.481878, 2420.6], [-120.047071, 38.481879, 2419.6], [-120.047067, 38.48189, 2422.2], [-120.047051, 38.481887, 2422.2], [-120.047035, 38.481873, 2418.6], [-120.047032, 38.481885, 2421.1], [-120.047033, 38.4819, 2421.1], [-120.047025, 38.481918, 2423.7], [-120.047015, 38.481935, 2423.7], [-120.047005, 38.481967, 2425.3], [-120.047002, 38.481984, 2427.8], [-120.047006, 38.481985, 2427.8], [-120.047005, 38.482004, 2427.8], [-120.047002, 38.482011, 2427.8], [-120.047001, 38.482031, 2430.1], [-120.046996, 38.48203, 2430.1], [-120.046987, 38.482037, 2430.1], [-120.046982, 38.482046, 2430.1], [-120.046959, 38.482057, 2431.1], [-120.046951, 38.48207, 2431.1], [-120.046954, 38.482081, 2431.1], [-120.046964, 38.482097, 2434.3], [-120.046972, 38.482122, 2436.5], [-120.04698, 38.482138, 2436.5], [-120.046976, 38.48214, 2436.5], [-120.046965, 38.482123, 2436.5], [-120.046967, 38.482116, 2436.5], [-120.046973, 38.482129, 2436.5], [-120.046979, 38.482162, 2438.5], [-120.04699, 38.482189, 2440.2], [-120.04698, 38.482201, 2440.2], [-120.046982, 38.482215, 2440.2], [-120.046979, 38.482232, 2441.8], [-120.046959, 38.482242, 2440.7], [-120.046926, 38.482239, 2440.7], [-120.04691, 38.482229, 2439.5], [-120.046894, 38.482226, 2439.5], [-120.046857, 38.482229, 2438.4], [-120.046845, 38.482236, 2438.4], [-120.046846, 38.482239, 2438.4], [-120.046824, 38.482257, 2439.1], [-120.046813, 38.482277, 2439.1], [-120.046822, 38.482275, 2439.1], [-120.046843, 38.482287, 2441.6], [-120.046854, 38.48228, 2440.0], [-120.046856, 38.482286, 2441.6], [-120.046877, 38.482285, 2441.6], [-120.046909, 38.482268, 2441.1], [-120.046912, 38.48228, 2441.1], [-120.046921, 38.482282, 2442.2], [-120.046934, 38.482279, 2442.2], [-120.046957, 38.482269, 2442.2], [-120.046967, 38.482262, 2443.2], [-120.046969, 38.482255, 2443.2], [-120.046991, 38.482247, 2441.8], [-120.047001, 38.482247, 2441.8], [-120.046995, 38.482277, 2443.2], [-120.047, 38.482288, 2444.6], [-120.047038, 38.482283, 2443.9], [-120.047059, 38.482287, 2445.8], [-120.047078, 38.482293, 2445.8], [-120.0471, 38.482292, 2446.1], [-120.04714, 38.482302, 2446.2], [-120.047167, 38.482297, 2446.2], [-120.047182, 38.482289, 2446.1], [-120.047198, 38.482285, 2446.1], [-120.047226, 38.482288, 2445.8], [-120.047236, 38.482287, 2445.8], [-120.047252, 38.4823, 2445.8], [-120.047255, 38.482311, 2445.8], [-120.047268, 38.482324, 2446.8], [-120.047279, 38.482342, 2446.8], [-120.047278, 38.482352, 2448.5], [-120.047301, 38.482376, 2448.5], [-120.047318, 38.482378, 2447.7], [-120.047328, 38.482384, 2447.7], [-120.047344, 38.482401, 2449.3], [-120.04736, 38.482427, 2450.3], [-120.047357, 38.482434, 2450.3], [-120.047367, 38.482448, 2450.3], [-120.047394, 38.482442, 2450.0], [-120.047411, 38.482456, 2451.9], [-120.047429, 38.482464, 2451.9], [-120.047449, 38.482464, 2452.1], [-120.047476, 38.482472, 2452.1], [-120.047477, 38.482478, 2452.1], [-120.047447, 38.482491, 2454.2], [-120.047453, 38.482495, 2454.2], [-120.047436, 38.482499, 2454.2], [-120.04743, 38.482508, 2454.0], [-120.047416, 38.48252, 2456.1], [-120.047372, 38.482534, 2456.3], [-120.047351, 38.482551, 2456.3], [-120.047345, 38.482558, 2458.9], [-120.047312, 38.482558, 2458.9], [-120.04731, 38.48258, 2458.9], [-120.0473, 38.482601, 2461.6], [-120.047276, 38.482616, 2461.6], [-120.047259, 38.482634, 2464.0], [-120.04725, 38.482639, 2464.0], [-120.047238, 38.482663, 2465.6], [-120.047247, 38.482655, 2465.6], [-120.047248, 38.482677, 2465.6], [-120.047232, 38.482691, 2467.1], [-120.047225, 38.482702, 2467.1], [-120.047214, 38.482707, 2467.4], [-120.047203, 38.482702, 2467.4], [-120.047193, 38.482704, 2467.4], [-120.047177, 38.482715, 2467.6], [-120.047167, 38.482718, 2467.6], [-120.047127, 38.482738, 2469.1], [-120.047097, 38.482749, 2469.1], [-120.047067, 38.482746, 2469.0], [-120.047059, 38.482742, 2469.0], [-120.047049, 38.482743, 2468.8], [-120.047032, 38.482753, 2468.8], [-120.047023, 38.482749, 2468.8], [-120.047008, 38.482749, 2468.8], [-120.046999, 38.48276, 2470.1], [-120.046981, 38.482768, 2470.1], [-120.046993, 38.482777, 2470.1], [-120.047016, 38.482788, 2472.0], [-120.047032, 38.48279, 2472.0], [-120.047053, 38.48279, 2472.2], [-120.047103, 38.482785, 2470.6], [-120.047148, 38.482786, 2470.4], [-120.047188, 38.482793, 2471.7], [-120.047219, 38.482794, 2471.7], [-120.04725, 38.482788, 2471.4], [-120.047276, 38.482779, 2469.6], [-120.047339, 38.482754, 2467.8], [-120.047352, 38.482752, 2467.7], [-120.047373, 38.482755, 2469.2], [-120.04741, 38.482769, 2469.2], [-120.047392, 38.482782, 2469.2], [-120.047381, 38.482783, 2469.2], [-120.047379, 38.482787, 2469.2], [-120.047422, 38.482789, 2470.7], [-120.047444, 38.482792, 2470.7], [-120.047457, 38.482803, 2470.7], [-120.047499, 38.482816, 2470.8], [-120.047494, 38.482829, 2472.2], [-120.047518, 38.482832, 2472.2], [-120.047546, 38.48283, 2472.3], [-120.04756, 38.482823, 2472.3], [-120.047581, 38.482817, 2470.9], [-120.0476, 38.482821, 2470.9], [-120.047612, 38.482831, 2472.6], [-120.047626, 38.482849, 2472.6], [-120.047642, 38.482858, 2474.6], [-120.047678, 38.482871, 2474.8], [-120.047716, 38.482887, 2475.0], [-120.047741, 38.482896, 2477.7], [-120.047777, 38.482896, 2477.7], [-120.047811, 38.482906, 2477.9], [-120.04782, 38.482911, 2477.9], [-120.047844, 38.482931, 2480.9], [-120.047848, 38.482941, 2480.9], [-120.047812, 38.482955, 2480.8], [-120.047808, 38.48296, 2484.1], [-120.047801, 38.482957, 2484.1], [-120.04779, 38.482973, 2484.1], [-120.047795, 38.482994, 2487.7], [-120.047799, 38.483001, 2487.7], [-120.047795, 38.48301, 2487.7], [-120.047788, 38.483011, 2487.7], [-120.047761, 38.483021, 2487.7], [-120.047752, 38.483022, 2487.7], [-120.047737, 38.483029, 2491.4], [-120.047751, 38.483033, 2491.4], [-120.047776, 38.483036, 2491.4], [-120.047815, 38.483038, 2491.3], [-120.047827, 38.48304, 2491.1], [-120.047833, 38.483045, 2491.1], [-120.047847, 38.483067, 2494.4], [-120.04786, 38.483078, 2494.4], [-120.047872, 38.483093, 2496.8], [-120.047883, 38.483083, 2494.0], [-120.047897, 38.483081, 2494.0], [-120.047909, 38.483086, 2493.3], [-120.047932, 38.483123, 2496.1], [-120.047948, 38.48313, 2498.6], [-120.047957, 38.48313, 2497.7], [-120.047957, 38.483119, 2495.2], [-120.047962, 38.483116, 2495.2], [-120.047975, 38.48312, 2495.2], [-120.048014, 38.483127, 2496.7], [-120.048034, 38.483126, 2496.7], [-120.048049, 38.483128, 2495.5], [-120.048066, 38.483133, 2495.5], [-120.048093, 38.483153, 2494.3], [-120.048108, 38.483167, 2496.9], [-120.048143, 38.483183, 2495.7], [-120.048129, 38.483184, 2495.7], [-120.048163, 38.483189, 2495.7], [-120.048167, 38.483199, 2496.7], [-120.048189, 38.483211, 2496.7], [-120.04823, 38.483219, 2495.2], [-120.048244, 38.483227, 2497.5], [-120.048259, 38.48324, 2496.0], [-120.048265, 38.483262, 2498.0], [-120.048262, 38.483267, 2498.0], [-120.048257, 38.483305, 2499.6], [-120.048261, 38.483327, 2500.9], [-120.048266, 38.483334, 2500.9], [-120.04828, 38.48337, 2502.1], [-120.048288, 38.483385, 2502.1], [-120.048317, 38.483411, 2502.3], [-120.04832, 38.483422, 2502.3], [-120.048312, 38.483452, 2503.7], [-120.04828, 38.483519, 2507.6], [-120.048267, 38.483535, 2508.9], [-120.048255, 38.483545, 2508.9], [-120.048246, 38.483545, 2510.0], [-120.048244, 38.483532, 2510.0], [-120.048251, 38.483524, 2508.7], [-120.048265, 38.48354, 2508.9], [-120.048277, 38.483538, 2508.9], [-120.048288, 38.483531, 2508.9], [-120.0483, 38.483533, 2507.8], [-120.048325, 38.483546, 2507.8], [-120.048364, 38.483569, 2508.0], [-120.048372, 38.483577, 2508.0], [-120.048387, 38.483605, 2508.1], [-120.048405, 38.48362, 2508.1], [-120.048451, 38.483616, 2506.9], [-120.048475, 38.483613, 2505.7], [-120.048494, 38.483619, 2505.7], [-120.048483, 38.483622, 2505.7], [-120.048494, 38.483636, 2507.1], [-120.048504, 38.48364, 2507.1], [-120.048511, 38.483654, 2506.0], [-120.04852, 38.483666, 2507.4], [-120.048513, 38.483675, 2507.4], [-120.0485, 38.483685, 2508.5], [-120.048497, 38.483695, 2509.9], [-120.048479, 38.483712, 2509.9], [-120.048434, 38.483718, 2511.0], [-120.048405, 38.483719, 2512.0], [-120.048329, 38.483707, 2513.9], [-120.048309, 38.483708, 2513.9], [-120.048286, 38.483714, 2514.8], [-120.048276, 38.483719, 2514.8], [-120.048263, 38.483734, 2515.7], [-120.048221, 38.483775, 2517.5], [-120.04821, 38.483778, 2517.5], [-120.048189, 38.483775, 2518.3], [-120.048182, 38.483771, 2518.3], [-120.048175, 38.483757, 2517.3], [-120.048187, 38.483758, 2517.3], [-120.048181, 38.483751, 2517.3], [-120.048184, 38.483741, 2517.3], [-120.048158, 38.483738, 2518.0], [-120.048093, 38.48375, 2518.7], [-120.048067, 38.483752, 2519.4], [-120.048049, 38.483746, 2519.4], [-120.048031, 38.483735, 2520.0], [-120.04801, 38.483714, 2518.9], [-120.048042, 38.483717, 2518.3], [-120.048047, 38.48372, 2518.3], [-120.048048, 38.483748, 2519.4], [-120.048045, 38.483757, 2519.4], [-120.048049, 38.483765, 2520.4], [-120.048046, 38.483773, 2520.4], [-120.048052, 38.483796, 2521.4], [-120.048048, 38.483815, 2521.4], [-120.048032, 38.483832, 2523.1], [-120.048018, 38.483827, 2522.0], [-120.047998, 38.483828, 2522.0], [-120.047987, 38.483826, 2522.6], [-120.047945, 38.483844, 2524.3], [-120.047929, 38.483846, 2524.3], [-120.047922, 38.483854, 2524.3], [-120.047935, 38.483855, 2524.3], [-120.047934, 38.483864, 2525.4], [-120.047946, 38.483863, 2525.4], [-120.047956, 38.483873, 2524.8], [-120.04796, 38.483883, 2524.8], [-120.047961, 38.483902, 2526.0], [-120.047953, 38.483916, 2526.0], [-120.047923, 38.483924, 2526.7], [-120.047909, 38.483932, 2527.9], [-120.047906, 38.483938, 2528.6], [-120.047909, 38.483987, 2529.1], [-120.047918, 38.484006, 2530.3], [-120.047927, 38.484015, 2530.3], [-120.04794, 38.484023, 2530.3], [-120.047938, 38.484041, 2531.4], [-120.047933, 38.484051, 2531.4], [-120.047923, 38.484055, 2531.4], [-120.047919, 38.484061, 2531.4], [-120.047911, 38.484061, 2531.4], [-120.047896, 38.484069, 2533.3], [-120.047876, 38.484069, 2533.3], [-120.047841, 38.484056, 2532.9], [-120.047818, 38.484057, 2533.6], [-120.047805, 38.484062, 2533.6], [-120.04779, 38.484071, 2534.7], [-120.047771, 38.484067, 2535.3], [-120.047766, 38.484054, 2534.2], [-120.04775, 38.484052, 2534.2], [-120.047729, 38.484067, 2535.8], [-120.047716, 38.484088, 2535.8], [-120.047703, 38.484103, 2536.7], [-120.047689, 38.484105, 2537.2], [-120.047677, 38.48411, 2537.2], [-120.047663, 38.484122, 2537.2], [-120.047657, 38.484123, 2537.2], [-120.047643, 38.484133, 2538.3], [-120.047635, 38.484134, 2538.3], [-120.047643, 38.484144, 2538.3], [-120.047657, 38.484156, 2538.0], [-120.047656, 38.484166, 2538.8], [-120.047665, 38.484198, 2538.8], [-120.04766, 38.484219, 2539.5], [-120.047663, 38.484225, 2539.5], [-120.047657, 38.484236, 2540.3], [-120.047647, 38.484245, 2540.6], [-120.047647, 38.484269, 2541.3], [-120.047633, 38.484305, 2542.0], [-120.047612, 38.484337, 2542.7], [-120.047609, 38.484355, 2542.7], [-120.047612, 38.484367, 2543.5], [-120.047625, 38.484376, 2543.5], [-120.04763, 38.48439, 2543.5], [-120.047635, 38.484393, 2543.5], [-120.047645, 38.484415, 2544.3], [-120.047645, 38.484435, 2545.1], [-120.047637, 38.484434, 2545.1], [-120.047624, 38.48444, 2545.1], [-120.047601, 38.484445, 2545.5], [-120.047593, 38.484449, 2545.5], [-120.047588, 38.484466, 2545.5], [-120.047593, 38.48448, 2546.3], [-120.047574, 38.48449, 2546.3], [-120.04756, 38.484492, 2546.6], [-120.047535, 38.484487, 2546.6], [-120.047517, 38.484478, 2546.9], [-120.047486, 38.484456, 2546.1], [-120.047474, 38.484411, 2545.6], [-120.047473, 38.484424, 2545.6], [-120.047464, 38.484436, 2546.4], [-120.047472, 38.484439, 2546.4], [-120.047471, 38.484429, 2545.6], [-120.047481, 38.484431, 2545.3], [-120.047495, 38.484449, 2546.1], [-120.047491, 38.484436, 2546.1], [-120.04751, 38.48444, 2546.1], [-120.047506, 38.484444, 2546.1], [-120.047483, 38.484431, 2545.3], [-120.047476, 38.484414, 2545.6], [-120.047486, 38.4844, 2544.5], [-120.047503, 38.48441, 2545.3], [-120.04751, 38.484422, 2545.3], [-120.047529, 38.484424, 2545.1], [-120.047537, 38.484432, 2545.1], [-120.047535, 38.484439, 2545.9], [-120.047521, 38.484448, 2546.1], [-120.047513, 38.48445, 2546.1], [-120.047507, 38.48444, 2546.1], [-120.047505, 38.484429, 2545.3], [-120.047515, 38.484415, 2545.3], [-120.047513, 38.484403, 2545.3], [-120.04753, 38.484405, 2545.1], [-120.047534, 38.4844, 2544.2], [-120.047544, 38.484373, 2544.2], [-120.047552, 38.484334, 2543.4], [-120.047557, 38.48428, 2541.8], [-120.047558, 38.484246, 2541.1], [-120.047549, 38.484206, 2540.4], [-120.047538, 38.48418, 2539.7], [-120.047522, 38.484156, 2538.9], [-120.047492, 38.484119, 2538.3], [-120.047431, 38.48404, 2537.2], [-120.047374, 38.483972, 2535.2], [-120.047315, 38.483927, 2532.7], [-120.047284, 38.483896, 2531.4], [-120.047233, 38.483849, 2530.0], [-120.047198, 38.483818, 2528.8], [-120.047187, 38.483772, 2527.7], [-120.047123, 38.483752, 2526.8], [-120.047082, 38.483732, 2526.7], [-120.047071, 38.483757, 2526.7], [-120.047067, 38.48375, 2526.7], [-120.047074, 38.483709, 2525.6], [-120.047081, 38.483677, 2524.5], [-120.047046, 38.483628, 2523.2], [-120.047031, 38.483562, 2520.5], [-120.04702, 38.483517, 2517.7], [-120.046938, 38.483503, 2517.3], [-120.046877, 38.483497, 2516.6], [-120.046908, 38.483449, 2514.2], [-120.046939, 38.483407, 2513.2], [-120.046926, 38.483407, 2513.2], [-120.046909, 38.483384, 2511.4], [-120.046897, 38.483385, 2511.4], [-120.046888, 38.483378, 2511.4], [-120.046885, 38.483363, 2511.4], [-120.046902, 38.483351, 2510.1], [-120.046917, 38.483351, 2510.1], [-120.046885, 38.483338, 2510.1], [-120.046785, 38.483322, 2507.4], [-120.046726, 38.483317, 2506.8], [-120.046656, 38.483322, 2505.3], [-120.046614, 38.483346, 2505.9], [-120.046608, 38.483343, 2505.9], [-120.046606, 38.483299, 2504.4], [-120.046617, 38.483264, 2503.0], [-120.046617, 38.48325, 2501.4], [-120.046587, 38.483233, 2501.4], [-120.046598, 38.4832, 2499.6], [-120.046673, 38.483157, 2496.7], [-120.046688, 38.483126, 2496.7], [-120.046721, 38.483103, 2494.8], [-120.046737, 38.483104, 2494.8], [-120.046758, 38.48311, 2495.9], [-120.046765, 38.4831, 2495.9], [-120.046753, 38.483077, 2492.1], [-120.046742, 38.483046, 2487.7], [-120.046686, 38.483028, 2487.2], [-120.046639, 38.483024, 2486.8], [-120.046563, 38.482996, 2484.2], [-120.046515, 38.482966, 2482.1], [-120.046547, 38.482918, 2478.6], [-120.046585, 38.482834, 2475.2], [-120.046565, 38.482803, 2473.6], [-120.046576, 38.482766, 2471.4], [-120.046623, 38.482746, 2468.6], [-120.04666, 38.482727, 2468.6], [-120.04669, 38.482702, 2466.0], [-120.046676, 38.482658, 2463.7], [-120.046542, 38.482618, 2460.7], [-120.046459, 38.482583, 2459.5], [-120.0464, 38.482563, 2459.8], [-120.046365, 38.482558, 2459.8], [-120.046351, 38.482544, 2458.1], [-120.046352, 38.482538, 2458.1], [-120.046361, 38.482538, 2458.1], [-120.046361, 38.482532, 2458.1], [-120.046392, 38.482513, 2455.9], [-120.046452, 38.482502, 2455.3], [-120.046485, 38.48248, 2453.1], [-120.046426, 38.482375, 2448.7], [-120.046431, 38.482328, 2447.0], [-120.046441, 38.482275, 2443.1], [-120.046429, 38.48222, 2441.1], [-120.04644, 38.482191, 2439.2], [-120.046495, 38.482168, 2435.9], [-120.046602, 38.482028, 2428.2], [-120.046659, 38.481967, 2423.8], [-120.046734, 38.481944, 2419.6], [-120.046791, 38.481933, 2419.0], [-120.046825, 38.48191, 2416.7], [-120.046776, 38.481858, 2414.9], [-120.046717, 38.481802, 2411.9], [-120.046683, 38.481765, 2411.1], [-120.046652, 38.48175, 2412.1], [-120.046646, 38.481756, 2412.1], [-120.046641, 38.481779, 2412.1], [-120.046625, 38.481783, 2414.0], [-120.046613, 38.481776, 2413.0], [-120.046586, 38.481755, 2413.0], [-120.046547, 38.481733, 2411.9], [-120.046533, 38.481728, 2412.7], [-120.046534, 38.481725, 2412.7], [-120.04655, 38.481726, 2411.9], [-120.046566, 38.481731, 2411.9], [-120.046556, 38.481725, 2411.9], [-120.046502, 38.481707, 2410.8], [-120.046465, 38.481693, 2411.7], [-120.046415, 38.481667, 2411.2], [-120.046372, 38.481629, 2411.0], [-120.046333, 38.48158, 2410.5], [-120.046322, 38.48153, 2406.7], [-120.046339, 38.481479, 2404.9], [-120.046384, 38.481461, 2401.3], [-120.046425, 38.481432, 2396.6], [-120.046449, 38.481405, 2392.5], [-120.046435, 38.481398, 2394.5], [-120.046415, 38.481406, 2394.5], [-120.046389, 38.481406, 2396.8], [-120.046386, 38.481415, 2399.0], [-120.046377, 38.481426, 2399.0], [-120.046371, 38.481424, 2399.0], [-120.046358, 38.48143, 2401.1], [-120.046352, 38.481423, 2401.1], [-120.046356, 38.481419, 2401.1], [-120.046372, 38.481416, 2399.0], [-120.046398, 38.481419, 2399.0], [-120.046396, 38.481436, 2399.0], [-120.046438, 38.481429, 2396.6], [-120.046501, 38.481432, 2393.3], [-120.046574, 38.481443, 2392.7], [-120.046584, 38.48145, 2394.9], [-120.04659, 38.481442, 2392.4], [-120.046577, 38.48144, 2392.7], [-120.046575, 38.48143, 2392.7], [-120.046564, 38.48142, 2392.7], [-120.04655, 38.481418, 2392.7], [-120.046539, 38.481405, 2390.6], [-120.046553, 38.481382, 2390.6], [-120.046613, 38.481342, 2386.9], [-120.046714, 38.481316, 2386.1], [-120.046761, 38.481299, 2383.9], [-120.046772, 38.481276, 2383.9], [-120.046762, 38.481276, 2383.9], [-120.046715, 38.481272, 2382.3], [-120.04664, 38.481265, 2383.0], [-120.046578, 38.481233, 2381.8], [-120.046532, 38.481191, 2381.8], [-120.046491, 38.481143, 2381.5], [-120.04648, 38.481106, 2378.4], [-120.046452, 38.481117, 2379.9], [-120.04645, 38.48114, 2379.9], [-120.046446, 38.481139, 2381.4], [-120.046458, 38.481127, 2379.8], [-120.046472, 38.481119, 2379.8], [-120.046464, 38.481096, 2378.3], [-120.046474, 38.481086, 2378.3], [-120.046502, 38.481052, 2375.1], [-120.046536, 38.481041, 2373.6], [-120.046557, 38.481041, 2373.6], [-120.046579, 38.481014, 2370.5], [-120.046593, 38.480975, 2368.5], [-120.04663, 38.480947, 2365.4], [-120.046647, 38.480915, 2362.7], [-120.04671, 38.4809, 2358.0], [-120.046737, 38.480891, 2358.0], [-120.04677, 38.480889, 2358.0], [-120.046778, 38.480881, 2358.0], [-120.046786, 38.480861, 2355.2], [-120.046787, 38.480875, 2357.9], [-120.046746, 38.480865, 2355.4], [-120.046679, 38.480833, 2353.9], [-120.04657, 38.480718, 2350.4], [-120.046542, 38.480695, 2347.7], [-120.046504, 38.480653, 2346.0], [-120.046502, 38.480663, 2346.0], [-120.046518, 38.480679, 2349.1], [-120.046531, 38.480704, 2349.1], [-120.046529, 38.480721, 2351.8], [-120.046518, 38.480729, 2351.8], [-120.046513, 38.480737, 2351.8], [-120.046505, 38.480738, 2351.8], [-120.046492, 38.480726, 2351.7], [-120.046489, 38.480719, 2352.7], [-120.046479, 38.480717, 2352.7], [-120.046445, 38.4807, 2350.3], [-120.046415, 38.480676, 2350.3], [-120.046407, 38.480664, 2346.7], [-120.046395, 38.48062, 2342.8], [-120.046397, 38.480602, 2339.3], [-120.04642, 38.480572, 2339.5], [-120.046452, 38.480538, 2336.4], [-120.046472, 38.480525, 2333.7], [-120.046507, 38.48053, 2333.5], [-120.046521, 38.480534, 2333.5], [-120.046492, 38.480535, 2333.5], [-120.04647, 38.480533, 2333.7], [-120.046456, 38.480526, 2333.7], [-120.046447, 38.480511, 2333.5], [-120.046422, 38.480476, 2331.0], [-120.046387, 38.480437, 2328.3], [-120.046356, 38.480414, 2325.7], [-120.046293, 38.48042, 2325.2], [-120.046244, 38.480427, 2324.8], [-120.046212, 38.480417, 2324.4], [-120.046161, 38.480422, 2323.9], [-120.046149, 38.480425, 2323.9], [-120.04616, 38.480406, 2323.9], [-120.046181, 38.480399, 2321.9], [-120.046201, 38.480395, 2322.3], [-120.046211, 38.480398, 2322.3], [-120.046217, 38.480404, 2324.4], [-120.046231, 38.480391, 2322.3], [-120.046236, 38.480383, 2322.8], [-120.046233, 38.480375, 2322.3], [-120.04623, 38.480327, 2318.6], [-120.04624, 38.480301, 2317.4], [-120.046263, 38.480261, 2315.9], [-120.046311, 38.480144, 2312.6], [-120.046315, 38.480084, 2310.1], [-120.046321, 38.480043, 2309.4], [-120.046324, 38.480012, 2308.4], [-120.046327, 38.479951, 2306.7], [-120.046331, 38.479897, 2305.6], [-120.046342, 38.479862, 2305.1], [-120.046344, 38.479848, 2305.1], [-120.046325, 38.479831, 2304.7], [-120.046321, 38.479818, 2304.7], [-120.046295, 38.479819, 2303.7], [-120.046284, 38.479823, 2303.7], [-120.04621, 38.479831, 2301.7], [-120.046182, 38.479825, 2300.8], [-120.04617, 38.479819, 2300.8], [-120.046164, 38.479803, 2300.8], [-120.046154, 38.479788, 2300.1], [-120.046159, 38.479775, 2300.1], [-120.046152, 38.479754, 2299.2], [-120.046145, 38.479722, 2297.5], [-120.046138, 38.479708, 2297.5], [-120.046119, 38.479677, 2296.6], [-120.046092, 38.479636, 2295.0], [-120.046076, 38.479618, 2294.3], [-120.046062, 38.47961, 2293.4], [-120.046041, 38.479602, 2293.4], [-120.046019, 38.479599, 2292.5], [-120.045998, 38.479603, 2292.5], [-120.045981, 38.47961, 2292.5], [-120.045968, 38.479618, 2291.6], [-120.045943, 38.479625, 2291.6], [-120.045918, 38.479626, 2290.7], [-120.045884, 38.479631, 2290.6], [-120.045875, 38.479637, 2290.6], [-120.045863, 38.479637, 2290.6], [-120.045849, 38.479632, 2290.6], [-120.04584, 38.479632, 2290.0], [-120.045849, 38.479624, 2290.0], [-120.045837, 38.479604, 2289.3], [-120.045792, 38.479544, 2287.5], [-120.045785, 38.479509, 2286.7], [-120.045791, 38.479468, 2286.0], [-120.045808, 38.479416, 2285.3], [-120.045829, 38.479357, 2284.0], [-120.04583, 38.479301, 2283.4], [-120.045833, 38.479283, 2282.7], [-120.045842, 38.479266, 2282.7], [-120.045847, 38.479241, 2281.8], [-120.045847, 38.479231, 2281.8], [-120.045842, 38.479211, 2281.0], [-120.045831, 38.479214, 2281.0], [-120.045825, 38.479211, 2281.0], [-120.045791, 38.479165, 2279.8], [-120.045762, 38.479091, 2276.3], [-120.045758, 38.479052, 2275.0], [-120.045763, 38.479009, 2273.8], [-120.045801, 38.478933, 2270.7], [-120.045827, 38.478888, 2268.3], [-120.045854, 38.47885, 2267.4], [-120.045882, 38.478825, 2267.4], [-120.045887, 38.478808, 2266.7], [-120.04587, 38.478803, 2266.7], [-120.045861, 38.478738, 2265.7], [-120.045877, 38.478581, 2263.9], [-120.045864, 38.478505, 2263.2], [-120.045839, 38.478433, 2261.2], [-120.045808, 38.478357, 2260.3], [-120.045759, 38.478286, 2257.4], [-120.045724, 38.478224, 2257.1], [-120.045723, 38.478159, 2256.6], [-120.045737, 38.478105, 2256.1], [-120.045746, 38.478059, 2255.7], [-120.045783, 38.478013, 2255.3], [-120.045784, 38.47796, 2254.7], [-120.045787, 38.477889, 2253.3], [-120.045827, 38.477826, 2251.8], [-120.045844, 38.477782, 2249.7], [-120.045832, 38.477745, 2248.6], [-120.045817, 38.47771, 2247.6], [-120.045778, 38.477681, 2246.1], [-120.045761, 38.477649, 2245.7], [-120.045752, 38.477608, 2244.2], [-120.045734, 38.477576, 2243.6], [-120.045724, 38.477547, 2243.6], [-120.045708, 38.477512, 2242.7], [-120.045694, 38.477494, 2242.7], [-120.045642, 38.477457, 2242.2], [-120.045606, 38.477437, 2241.9], [-120.045561, 38.477425, 2241.8], [-120.045512, 38.477404, 2241.5], [-120.045476, 38.477375, 2241.3], [-120.045462, 38.47736, 2241.3], [-120.045433, 38.477324, 2241.0], [-120.045397, 38.477268, 2240.3], [-120.045374, 38.47723, 2239.8], [-120.045336, 38.477171, 2238.7], [-120.045304, 38.477107, 2237.4], [-120.045272, 38.477032, 2235.9], [-120.045235, 38.476964, 2234.2], [-120.045197, 38.476913, 2233.3], [-120.045164, 38.476861, 2232.4], [-120.045147, 38.476811, 2231.6], [-120.045138, 38.476766, 2231.1], [-120.045136, 38.476722, 2230.9], [-120.045138, 38.476685, 2230.6], [-120.045126, 38.476609, 2230.0], [-120.045131, 38.476571, 2229.5], [-120.045131, 38.476532, 2229.2], [-120.045141, 38.476501, 2229.0], [-120.045162, 38.476488, 2229.4], [-120.045168, 38.476482, 2229.4], [-120.045185, 38.476491, 2229.3], [-120.045199, 38.476492, 2229.2], [-120.045214, 38.476483, 2229.1], [-120.045231, 38.476465, 2228.9], [-120.045224, 38.476459, 2228.9], [-120.045215, 38.476458, 2228.8], [-120.045211, 38.476463, 2228.7], [-120.045138, 38.47645, 2228.3], [-120.045045, 38.476424, 2227.6], [-120.04498, 38.476399, 2227.1], [-120.044914, 38.476369, 2226.7], [-120.044831, 38.476339, 2226.1], [-120.044754, 38.476331, 2225.7], [-120.044674, 38.476322, 2225.6], [-120.044613, 38.476319, 2225.6], [-120.044571, 38.476335, 2225.7], [-120.044535, 38.47635, 2225.7], [-120.044493, 38.476371, 2225.7], [-120.0444, 38.476416, 2225.8], [-120.044357, 38.476427, 2225.8], [-120.044335, 38.47643, 2225.9], [-120.044321, 38.476442, 2225.9], [-120.04431, 38.476475, 2225.9], [-120.044315, 38.476513, 2226.0], [-120.044344, 38.476547, 2226.0], [-120.044361, 38.476562, 2226.1], [-120.044383, 38.476594, 2226.1], [-120.04439, 38.476601, 2226.2], [-120.044387, 38.476558, 2226.2], [-120.044363, 38.476613, 2226.4], [-120.044345, 38.476622, 2226.5], [-120.044302, 38.47663, 2226.5], [-120.044275, 38.476633, 2226.6], [-120.044234, 38.476647, 2226.6], [-120.044195, 38.476654, 2226.7], [-120.044183, 38.476655, 2226.7], [-120.044128, 38.476664, 2226.7], [-120.044105, 38.47667, 2226.7], [-120.044061, 38.47669, 2226.8], [-120.044046, 38.476698, 2226.8], [-120.04401, 38.476726, 2226.8], [-120.043953, 38.476781, 2226.8], [-120.043903, 38.47682, 2226.7], [-120.04386, 38.476835, 2226.7], [-120.043721, 38.476849, 2226.6], [-120.043671, 38.476851, 2226.6], [-120.04364, 38.476848, 2226.6], [-120.043595, 38.47683, 2226.6], [-120.043553, 38.47681, 2226.6], [-120.043537, 38.476799, 2226.6], [-120.043514, 38.476778, 2226.6], [-120.043491, 38.476755, 2226.6], [-120.043484, 38.476715, 2226.7], [-120.043476, 38.476688, 2226.7], [-120.043483, 38.476646, 2226.7], [-120.04347, 38.476616, 2226.8], [-120.043457, 38.476596, 2226.8], [-120.043438, 38.476577, 2226.8], [-120.043423, 38.476551, 2226.8], [-120.04342, 38.476536, 2226.8], [-120.043406, 38.476506, 2226.9], [-120.043397, 38.476491, 2226.9], [-120.043397, 38.476473, 2226.9], [-120.043406, 38.476436, 2227.0], [-120.043397, 38.476396, 2227.0], [-120.043383, 38.476353, 2227.1], [-120.043365, 38.476316, 2227.1], [-120.043356, 38.47628, 2227.2], [-120.043358, 38.476254, 2227.2], [-120.043357, 38.47624, 2227.3], [-120.043341, 38.476215, 2227.3], [-120.043314, 38.476144, 2227.4], [-120.043311, 38.476155, 2227.5], [-120.043304, 38.47615, 2227.5], [-120.043303, 38.47614, 2227.5], [-120.043297, 38.476152, 2227.5], [-120.043302, 38.476158, 2227.6], [-120.043307, 38.476154, 2227.6], [-120.043307, 38.476136, 2227.6], [-120.043299, 38.476114, 2227.7], [-120.043295, 38.476083, 2227.7], [-120.043282, 38.476065, 2227.8], [-120.043258, 38.476044, 2227.9], [-120.043245, 38.476013, 2227.9], [-120.04323, 38.475967, 2228.1], [-120.043223, 38.475951, 2228.1], [-120.043209, 38.47591, 2228.2], [-120.043206, 38.475894, 2228.3], [-120.043206, 38.475879, 2228.3], [-120.043215, 38.475868, 2228.3], [-120.043218, 38.475848, 2228.4], [-120.043225, 38.475824, 2228.4], [-120.043227, 38.47579, 2228.5], [-120.043229, 38.47578, 2228.5], [-120.043226, 38.475738, 2228.5], [-120.04323, 38.475676, 2228.5], [-120.04323, 38.475658, 2228.5], [-120.043217, 38.475619, 2228.4], [-120.043205, 38.475591, 2228.3], [-120.043177, 38.475532, 2228.1], [-120.043137, 38.475452, 2227.7], [-120.043118, 38.475419, 2227.5], [-120.043117, 38.475407, 2227.5], [-120.043098, 38.475363, 2227.2], [-120.043084, 38.475323, 2226.9], [-120.043054, 38.475259, 2226.5], [-120.043045, 38.475232, 2226.3], [-120.04304, 38.475205, 2226.2], [-120.043026, 38.475179, 2226.0], [-120.042991, 38.475138, 2225.7], [-120.042958, 38.475071, 2225.2], [-120.04294, 38.475031, 2224.9], [-120.042933, 38.474969, 2224.4], [-120.04292, 38.474899, 2223.8], [-120.042894, 38.47474, 2222.6], [-120.042891, 38.474709, 2222.4], [-120.042888, 38.474649, 2222.0], [-120.042897, 38.474611, 2221.8], [-120.042906, 38.474563, 2221.5], [-120.042898, 38.474522, 2221.3], [-120.042902, 38.474482, 2221.2], [-120.042915, 38.474415, 2220.9], [-120.042918, 38.474377, 2220.7], [-120.042932, 38.474344, 2220.5], [-120.042937, 38.474281, 2220.3], [-120.042934, 38.47425, 2220.1], [-120.042933, 38.474216, 2220.0], [-120.042944, 38.474172, 2219.7], [-120.042949, 38.474139, 2219.5], [-120.042961, 38.474103, 2219.3], [-120.042981, 38.474071, 2219.0], [-120.04302, 38.474021, 2218.6], [-120.043039, 38.473981, 2218.2], [-120.043048, 38.473967, 2218.1], [-120.043063, 38.473931, 2217.8], [-120.043084, 38.473897, 2217.4], [-120.043107, 38.473849, 2216.9], [-120.043139, 38.473811, 2216.4], [-120.043168, 38.473713, 2215.4], [-120.043179, 38.473663, 2214.8], [-120.043195, 38.473611, 2214.3], [-120.043208, 38.473558, 2213.7], [-120.043215, 38.473503, 2213.2], [-120.043215, 38.473445, 2212.6], [-120.043214, 38.47339, 2212.1], [-120.043203, 38.473325, 2211.5], [-120.043186, 38.473256, 2210.9], [-120.043156, 38.473183, 2210.3], [-120.043125, 38.473115, 2209.7], [-120.043098, 38.473051, 2209.3], [-120.043063, 38.472984, 2208.7], [-120.043028, 38.47292, 2208.3], [-120.043, 38.472858, 2207.8], [-120.04297, 38.472804, 2207.4], [-120.042935, 38.472744, 2206.9], [-120.042902, 38.472682, 2206.5], [-120.042872, 38.47262, 2206.0], [-120.042841, 38.47256, 2205.6], [-120.04276, 38.472423, 2204.5], [-120.042726, 38.472364, 2204.0], [-120.0427, 38.472313, 2203.6], [-120.042669, 38.472264, 2203.2], [-120.042632, 38.472211, 2202.7], [-120.042588, 38.472154, 2202.2], [-120.042493, 38.472049, 2201.1], [-120.042444, 38.471997, 2200.6], [-120.042398, 38.471962, 2200.1], [-120.042334, 38.471934, 2199.6], [-120.042269, 38.471909, 2199.1], [-120.042198, 38.471881, 2198.6], [-120.042114, 38.47185, 2198.0], [-120.042018, 38.471811, 2197.4], [-120.041934, 38.471787, 2196.9], [-120.041863, 38.471776, 2196.6], [-120.041722, 38.471737, 2195.9], [-120.041649, 38.471727, 2195.5], [-120.041584, 38.471715, 2195.2], [-120.041515, 38.471705, 2194.9], [-120.041456, 38.471694, 2194.7], [-120.041391, 38.471677, 2194.3], [-120.041323, 38.471653, 2193.9], [-120.041259, 38.471633, 2193.6], [-120.041204, 38.471611, 2193.2], [-120.041152, 38.471585, 2192.9], [-120.041101, 38.471555, 2192.6], [-120.041051, 38.47151, 2192.1], [-120.041013, 38.471474, 2191.8], [-120.040971, 38.471428, 2191.3], [-120.040926, 38.471382, 2190.7], [-120.040858, 38.471278, 2189.6], [-120.040813, 38.471232, 2188.9], [-120.04076, 38.471181, 2188.3], [-120.040719, 38.471137, 2187.7], [-120.040689, 38.471093, 2187.2], [-120.040647, 38.471035, 2186.6], [-120.040619, 38.470979, 2186.1], [-120.040595, 38.470918, 2185.6], [-120.040575, 38.470857, 2185.2], [-120.04055, 38.4708, 2184.8], [-120.040522, 38.470744, 2184.4], [-120.040494, 38.470675, 2184.0], [-120.040469, 38.470598, 2183.6], [-120.04044, 38.470534, 2183.3], [-120.040411, 38.470478, 2183.1], [-120.040394, 38.470425, 2183.0], [-120.040374, 38.470383, 2182.9], [-120.040346, 38.47033, 2182.7], [-120.04033, 38.470286, 2182.6], [-120.040319, 38.470245, 2182.5], [-120.040319, 38.470203, 2182.4], [-120.040312, 38.470159, 2182.3], [-120.040295, 38.470112, 2182.1], [-120.040305, 38.470079, 2182.0], [-120.040304, 38.470069, 2182.0], [-120.040285, 38.47004, 2181.9], [-120.040282, 38.470044, 2181.9], [-120.040278, 38.470064, 2181.9], [-120.04028, 38.470072, 2181.8], [-120.040287, 38.470071, 2181.8], [-120.04028, 38.470063, 2181.8], [-120.040296, 38.47006, 2181.8], [-120.040304, 38.470052, 2181.7], [-120.040301, 38.470047, 2181.7], [-120.040308, 38.470045, 2181.7], [-120.04032, 38.470008, 2181.6], [-120.040362, 38.470002, 2181.4], [-120.04043, 38.47, 2181.2], [-120.040481, 38.470012, 2181.0], [-120.040533, 38.470028, 2180.9], [-120.040576, 38.470046, 2180.8], [-120.040623, 38.470068, 2180.9], [-120.040673, 38.470083, 2180.8], [-120.040731, 38.470071, 2180.7], [-120.040792, 38.470057, 2180.7], [-120.04086, 38.470032, 2180.5], [-120.040902, 38.470018, 2180.3], [-120.040956, 38.470002, 2180.3], [-120.040996, 38.469989, 2180.3], [-120.041068, 38.469969, 2180.2], [-120.041103, 38.469953, 2180.0], [-120.041136, 38.469925, 2180.1], [-120.041177, 38.469911, 2179.9], [-120.041199, 38.469891, 2179.8], [-120.041231, 38.469886, 2179.7], [-120.041253, 38.46984, 2179.5], [-120.041279, 38.469802, 2179.3], [-120.041292, 38.469776, 2179.1], [-120.041311, 38.469723, 2178.9], [-120.041331, 38.469681, 2178.6], [-120.041345, 38.469642, 2178.4], [-120.041354, 38.469612, 2178.2], [-120.041351, 38.469584, 2178.0], [-120.041329, 38.469531, 2177.8], [-120.0413, 38.469511, 2177.6], [-120.041268, 38.469474, 2177.4], [-120.041186, 38.469454, 2177.3], [-120.041137, 38.46943, 2177.1], [-120.041043, 38.469395, 2176.9], [-120.041009, 38.469364, 2176.7], [-120.040986, 38.469337, 2176.5], [-120.040949, 38.469306, 2176.3], [-120.040911, 38.469283, 2176.3], [-120.040875, 38.469269, 2176.1], [-120.040783, 38.469244, 2175.8], [-120.040713, 38.469237, 2175.8], [-120.040671, 38.469236, 2175.7], [-120.040614, 38.469227, 2175.7], [-120.040596, 38.469221, 2175.6], [-120.040571, 38.469203, 2175.4], [-120.04056, 38.469162, 2175.2], [-120.04054, 38.469141, 2175.0], [-120.040489, 38.469097, 2174.8], [-120.040445, 38.469035, 2174.5], [-120.040413, 38.469016, 2174.4], [-120.040377, 38.469003, 2174.2], [-120.040315, 38.468959, 2174.0], [-120.040273, 38.468918, 2173.8], [-120.04024, 38.468871, 2173.5], [-120.040237, 38.468677, 2172.8], [-120.040233, 38.468614, 2172.6], [-120.040245, 38.468498, 2172.3], [-120.04023, 38.468459, 2172.2], [-120.040224, 38.468416, 2172.0], [-120.040194, 38.468389, 2171.9], [-120.040161, 38.468344, 2171.7], [-120.040151, 38.468309, 2171.6], [-120.04015, 38.468273, 2171.5], [-120.040148, 38.468255, 2171.5], [-120.04014, 38.468225, 2171.3], [-120.040132, 38.468188, 2171.2], [-120.040128, 38.468177, 2171.2], [-120.040114, 38.468149, 2171.1], [-120.040109, 38.468125, 2171.0], [-120.040105, 38.468095, 2170.9], [-120.040103, 38.468062, 2170.8], [-120.040105, 38.468046, 2170.8], [-120.040107, 38.467981, 2170.6], [-120.040159, 38.467912, 2170.5], [-120.040187, 38.467881, 2170.4], [-120.04024, 38.467859, 2170.4], [-120.04031, 38.467811, 2170.4], [-120.040339, 38.467784, 2170.5], [-120.040353, 38.467763, 2170.3], [-120.040359, 38.467744, 2170.5], [-120.040366, 38.467737, 2170.5], [-120.040369, 38.467718, 2170.4], [-120.040375, 38.467702, 2170.3], [-120.040377, 38.467688, 2170.3], [-120.040381, 38.467632, 2170.2], [-120.040382, 38.467594, 2170.2], [-120.040388, 38.46751, 2170.0], [-120.040383, 38.467472, 2169.9], [-120.040382, 38.467439, 2169.8], [-120.040378, 38.467393, 2169.7], [-120.040369, 38.46734, 2169.6], [-120.040376, 38.467305, 2169.5], [-120.040409, 38.467253, 2169.8], [-120.040443, 38.467203, 2170.2], [-120.040466, 38.467157, 2170.1], [-120.040467, 38.467126, 2170.1], [-120.040462, 38.467091, 2170.0], [-120.040478, 38.467015, 2169.9], [-120.040515, 38.466964, 2170.7], [-120.040537, 38.466937, 2171.4], [-120.040599, 38.466869, 2171.8], [-120.040626, 38.466837, 2172.1], [-120.040643, 38.466812, 2172.1], [-120.04066, 38.466775, 2172.3], [-120.040663, 38.466746, 2172.4], [-120.040653, 38.466719, 2172.1], [-120.040642, 38.466699, 2172.1], [-120.040632, 38.466667, 2172.2], [-120.040625, 38.466654, 2172.2], [-120.0406, 38.466621, 2172.0], [-120.040583, 38.466603, 2172.0], [-120.040561, 38.466573, 2171.7], [-120.040551, 38.466557, 2171.7], [-120.04053, 38.466528, 2171.7], [-120.040517, 38.466502, 2171.4], [-120.040513, 38.466489, 2171.5], [-120.040537, 38.466464, 2171.4], [-120.040528, 38.466438, 2171.5], [-120.040503, 38.466386, 2171.3], [-120.040488, 38.466341, 2171.3], [-120.040512, 38.466315, 2171.3], [-120.040543, 38.466277, 2171.5], [-120.040565, 38.466244, 2171.5], [-120.04059, 38.46621, 2171.7], [-120.040601, 38.466197, 2171.7], [-120.040601, 38.466168, 2171.7], [-120.040587, 38.466135, 2171.7], [-120.040543, 38.466067, 2171.5], [-120.040538, 38.466031, 2171.5], [-120.040538, 38.465992, 2171.4], [-120.040525, 38.465919, 2171.1], [-120.040519, 38.465877, 2171.0], [-120.040523, 38.465828, 2170.9], [-120.040547, 38.465779, 2170.9], [-120.040555, 38.465759, 2170.9], [-120.040562, 38.46575, 2170.8], [-120.040597, 38.465752, 2171.0], [-120.04061, 38.465744, 2170.9], [-120.040628, 38.465723, 2171.1], [-120.040615, 38.465723, 2170.9], [-120.040593, 38.465733, 2170.6], [-120.040586, 38.465725, 2170.6], [-120.040576, 38.465691, 2170.5], [-120.040583, 38.465668, 2170.4], [-120.0406, 38.465638, 2170.3], [-120.040627, 38.465606, 2170.3], [-120.04063, 38.465579, 2170.2], [-120.040618, 38.465504, 2169.9], [-120.040619, 38.465475, 2169.7], [-120.040612, 38.465434, 2169.3], [-120.040619, 38.465408, 2169.4], [-120.04063, 38.465373, 2169.5], [-120.040631, 38.465358, 2169.5], [-120.040636, 38.465361, 2169.5], [-120.040634, 38.465331, 2169.6], [-120.040638, 38.465298, 2169.6], [-120.040654, 38.46526, 2169.7], [-120.040658, 38.465245, 2169.7], [-120.040667, 38.465228, 2169.7], [-120.040713, 38.46522, 2169.8], [-120.040738, 38.465222, 2169.8], [-120.040767, 38.465203, 2169.8], [-120.040769, 38.465195, 2169.8], [-120.040783, 38.465166, 2169.8], [-120.040778, 38.46515, 2169.7], [-120.040784, 38.465122, 2169.5], [-120.040782, 38.465095, 2169.4], [-120.040777, 38.465054, 2169.2], [-120.040781, 38.465038, 2169.1], [-120.040789, 38.465026, 2169.0], [-120.040794, 38.465012, 2169.0], [-120.040794, 38.464997, 2168.9], [-120.040791, 38.464983, 2168.8], [-120.040785, 38.46497, 2168.8], [-120.040765, 38.464943, 2168.6], [-120.040749, 38.464928, 2168.5], [-120.040724, 38.464916, 2168.4], [-120.040709, 38.464899, 2168.4], [-120.040714, 38.464883, 2168.3], [-120.040727, 38.464865, 2168.2], [-120.040731, 38.464854, 2168.2], [-120.040721, 38.464813, 2168.1], [-120.040711, 38.464797, 2168.0], [-120.040699, 38.464785, 2168.0], [-120.040691, 38.464773, 2167.9], [-120.040678, 38.46474, 2167.8], [-120.040673, 38.46468, 2167.7], [-120.040666, 38.464654, 2167.6], [-120.040667, 38.46464, 2167.5], [-120.040651, 38.464633, 2167.5], [-120.040652, 38.464613, 2167.4], [-120.040624, 38.464586, 2167.3], [-120.040616, 38.464573, 2167.3], [-120.04061, 38.464527, 2167.2], [-120.040609, 38.464502, 2167.1], [-120.04061, 38.464457, 2167.0], [-120.040615, 38.464432, 2166.9], [-120.040624, 38.464415, 2166.9], [-120.04064, 38.464398, 2166.8], [-120.040651, 38.464375, 2166.8], [-120.040663, 38.464365, 2166.8], [-120.040695, 38.464348, 2166.7], [-120.040703, 38.464339, 2166.7], [-120.040742, 38.46432, 2166.6], [-120.040757, 38.464308, 2166.5], [-120.040764, 38.464292, 2166.5], [-120.040783, 38.464274, 2166.5], [-120.040792, 38.464262, 2166.4], [-120.040795, 38.464252, 2166.4], [-120.040806, 38.464244, 2166.4], [-120.040831, 38.464235, 2166.3], [-120.040847, 38.464231, 2166.3], [-120.040873, 38.464235, 2166.3], [-120.040899, 38.464254, 2166.2], [-120.040897, 38.464256, 2166.2], [-120.040919, 38.464275, 2166.2], [-120.040932, 38.464278, 2166.1], [-120.040926, 38.464256, 2166.0], [-120.040917, 38.464249, 2166.0], [-120.040906, 38.464249, 2166.0], [-120.040893, 38.464255, 2166.0], [-120.040883, 38.464252, 2165.9], [-120.040876, 38.464239, 2165.9], [-120.040863, 38.464226, 2165.9], [-120.040851, 38.46422, 2165.9], [-120.040843, 38.464222, 2165.9], [-120.040835, 38.464234, 2165.8], [-120.040837, 38.464257, 2165.8], [-120.04084, 38.464265, 2165.8], [-120.040865, 38.464262, 2165.8], [-120.040851, 38.46426, 2165.7], [-120.040863, 38.464252, 2165.7], [-120.040876, 38.46425, 2165.7], [-120.040881, 38.464246, 2165.7], [-120.040902, 38.464244, 2165.7], [-120.040917, 38.464238, 2165.7], [-120.040923, 38.464249, 2165.6], [-120.04094, 38.464268, 2165.6], [-120.040927, 38.464262, 2165.5]]}}