{"type": "Feature", "properties": {}, "geometry": {"type": "LineString", "coordinates": [[-121.287995, 48.058486, 687.6], [-121.288027, 48.058543, 674.6], [-121.287989, 48.058545, 671.8], [-121.28795, 48.058562, 665.5], [-121.287876, 48.058558, 666.1], [-121.287796, 48.058519, 658.8], [-121.28769, 48.058507, 651.9], [-121.287637, 48.058486, 655.0], [-121.287598, 48.058485, 653.5], [-121.287559, 48.058499, 648.7], [-121.28748, 48.058489, 644.7], [-121.287433, 48.058499, 643.4], [-121.287319, 48.058495, 639.5], [-121.287291, 48.058455, 632.0], [-121.287149, 48.058323, 629.0], [-121.286867, 48.058204, 622.8], [-121.286805, 48.058203, 623.0], [-121.286683, 48.058089, 619.9], [-121.286559, 48.058018, 621.4], [-121.286544, 48.057971, 615.6], [-121.286549, 48.057945, 616.5], [-121.286484, 48.057932, 614.5], [-121.286039, 48.057566, 615.5], [-121.286022, 48.057554, 616.6], [-121.285904, 48.057451, 618.4], [-121.285775, 48.057386, 619.7], [-121.285678, 48.057263, 619.7], [-121.285619, 48.057213, 619.0], [-121.285479, 48.057183, 618.3], [-121.285384, 48.057134, 615.0], [-121.2853, 48.057151, 613.2], [-121.285277, 48.057162, 611.1], [-121.285258, 48.057141, 611.5], [-121.285258, 48.057093, 613.2], [-121.285225, 48.057029, 612.7], [-121.285224, 48.05702, 612.6], [-121.285251, 48.05698, 611.3], [-121.285245, 48.056924, 615.1], [-121.285263, 48.056904, 614.7], [-121.285293, 48.056889, 614.0], [-121.285262, 48.05685, 613.3], [-121.285239, 48.056828, 612.3], [-121.285163, 48.056762, 617.0], [-121.285163, 48.056692, 617.5], [-121.285118, 48.05662, 618.4], [-121.285107, 48.056611, 617.7], [-121.285083, 48.056545, 614.7], [-121.285047, 48.056496, 612.8], [-121.284972, 48.056471, 613.9], [-121.284952, 48.056472, 615.0], [-121.28489, 48.056443, 613.4], [-121.284847, 48.056393, 613.0], [-121.284817, 48.056336, 613.6], [-121.284757, 48.056275, 612.9], [-121.284756, 48.056228, 610.8], [-121.284685, 48.056183, 609.9], [-121.284623, 48.056194, 609.4], [-121.284489, 48.056164, 611.3], [-121.284347, 48.05611, 611.3], [-121.284322, 48.056064, 610.3], [-121.284262, 48.056058, 613.3], [-121.28423, 48.056026, 613.4], [-121.284158, 48.055989, 613.2], [-121.283969, 48.055916, 618.3], [-121.283868, 48.055848, 616.8], [-121.283739, 48.055786, 616.7], [-121.283685, 48.055805, 617.2], [-121.283632, 48.055855, 615.1], [-121.283574, 48.055891, 614.3], [-121.283476, 48.055845, 614.2], [-121.283397, 48.055764, 616.1], [-121.283371, 48.055726, 619.5], [-121.283368, 48.055671, 622.6], [-121.283383, 48.055627, 620.4], [-121.283433, 48.055582, 618.6], [-121.283403, 48.055465, 611.8], [-121.283234, 48.055292, 615.4], [-121.283179, 48.055215, 618.4], [-121.283133, 48.055173, 622.7], [-121.283117, 48.055113, 624.6], [-121.283064, 48.055073, 626.4], [-121.28298, 48.055028, 627.1], [-121.282924, 48.055021, 625.4], [-121.28288, 48.05504, 626.3], [-121.282727, 48.055079, 626.5], [-121.282662, 48.055085, 628.5], [-121.282635, 48.055078, 630.2], [-121.282549, 48.055022, 630.4], [-121.282519, 48.055016, 629.9], [-121.282393, 48.055047, 627.9], [-121.282318, 48.05501, 625.1], [-121.282304, 48.055009, 624.1], [-121.282224, 48.055025, 624.9], [-121.282178, 48.05505, 629.2], [-121.282162, 48.055073, 629.0], [-121.281992, 48.054955, 624.5], [-121.28187, 48.054901, 624.9], [-121.281837, 48.05489, 625.8], [-121.281719, 48.054863, 623.9], [-121.281673, 48.054827, 620.2], [-121.281659, 48.054799, 622.7], [-121.281636, 48.054778, 623.3], [-121.281512, 48.054713, 625.8], [-121.281485, 48.054729, 625.7], [-121.281453, 48.054726, 626.6], [-121.281331, 48.05467, 624.6], [-121.281314, 48.05467, 624.0], [-121.281162, 48.054729, 627.4], [-121.281101, 48.054726, 630.2], [-121.281118, 48.054673, 634.5], [-121.281104, 48.054651, 633.8], [-121.281074, 48.054641, 633.6], [-121.28099, 48.054607, 635.3], [-121.28093, 48.054614, 636.5], [-121.280882, 48.054647, 639.1], [-121.280851, 48.054648, 638.4], [-121.2808, 48.054624, 636.6], [-121.28072, 48.054594, 629.8], [-121.280647, 48.054588, 627.8], [-121.280512, 48.05456, 628.6], [-121.280464, 48.054587, 630.2], [-121.280447, 48.054586, 629.3], [-121.280381, 48.054564, 631.2], [-121.28037, 48.054496, 633.7], [-121.280339, 48.054478, 634.0], [-121.280171, 48.054448, 629.8], [-121.280143, 48.054446, 627.9], [-121.280023, 48.05443, 626.7], [-121.279878, 48.054464, 627.2], [-121.279786, 48.0545, 627.1], [-121.279641, 48.054505, 628.9], [-121.279629, 48.054501, 629.7], [-121.279376, 48.054369, 632.4], [-121.27926, 48.054379, 630.9], [-121.27923, 48.054378, 630.1], [-121.279121, 48.054382, 628.5], [-121.279049, 48.054404, 630.7], [-121.278897, 48.054409, 630.8], [-121.278866, 48.054427, 629.0], [-121.278797, 48.054438, 629.2], [-121.278531, 48.054512, 637.0], [-121.278498, 48.054528, 636.9], [-121.27832, 48.054548, 643.0], [-121.27824, 48.054539, 643.2], [-121.278124, 48.054515, 645.7], [-121.278092, 48.054531, 646.4], [-121.278096, 48.054553, 648.9], [-121.27807, 48.054567, 646.6], [-121.277997, 48.054524, 647.1], [-121.277981, 48.054517, 647.7], [-121.277928, 48.054514, 650.1], [-121.277866, 48.054526, 651.4], [-121.277807, 48.054559, 653.3], [-121.277763, 48.054565, 656.2], [-121.277609, 48.05456, 658.8], [-121.277574, 48.054549, 658.8], [-121.2775, 48.054547, 658.9], [-121.277431, 48.054612, 660.5], [-121.277333, 48.054604, 661.1], [-121.277225, 48.054525, 663.0], [-121.27717, 48.054441, 666.1], [-121.277188, 48.054408, 663.9], [-121.277167, 48.05439, 658.6], [-121.277114, 48.054394, 660.6], [-121.277046, 48.054371, 657.5], [-121.276997, 48.054387, 660.7], [-121.276925, 48.054432, 661.0], [-121.276893, 48.054422, 661.2], [-121.276887, 48.054386, 659.0], [-121.276877, 48.054376, 658.8], [-121.276789, 48.054357, 657.8], [-121.276696, 48.054381, 658.1], [-121.276559, 48.05437, 648.3], [-121.276521, 48.054379, 646.7], [-121.276493, 48.054391, 644.7], [-121.276382, 48.054398, 647.0], [-121.276155, 48.05435, 650.5], [-121.27612, 48.054339, 651.4], [-121.275949, 48.054236, 652.9], [-121.275646, 48.054255, 651.4], [-121.275595, 48.054255, 655.2], [-121.275532, 48.054307, 658.4], [-121.275518, 48.054329, 659.2], [-121.275529, 48.054353, 660.0], [-121.275424, 48.054417, 661.3], [-121.27542, 48.054428, 659.6], [-121.275434, 48.054455, 660.6], [-121.275423, 48.054481, 661.2], [-121.275378, 48.054391, 662.1], [-121.275315, 48.054377, 659.5], [-121.275276, 48.054364, 658.5], [-121.275196, 48.054347, 658.6], [-121.275039, 48.054343, 660.4], [-121.274968, 48.054328, 663.1], [-121.274903, 48.054292, 663.1], [-121.274864, 48.054222, 657.3], [-121.274642, 48.054081, 661.0], [-121.274616, 48.054067, 661.4], [-121.27444, 48.053984, 660.6], [-121.274324, 48.053972, 662.6], [-121.274277, 48.05395, 658.9], [-121.274118, 48.053887, 665.0], [-121.273984, 48.053873, 676.9], [-121.273965, 48.053864, 672.8], [-121.273904, 48.053849, 672.5], [-121.273675, 48.053874, 673.3], [-121.273565, 48.053851, 674.2], [-121.273542, 48.053857, 674.3], [-121.273495, 48.053896, 675.2], [-121.273407, 48.053943, 677.8], [-121.273362, 48.05398, 679.7], [-121.273326, 48.053967, 676.9], [-121.273262, 48.053904, 673.6], [-121.273229, 48.053878, 674.6], [-121.273134, 48.05382, 674.2], [-121.273122, 48.053839, 675.6], [-121.27313, 48.053863, 675.4], [-121.273107, 48.053883, 676.0], [-121.273033, 48.053902, 673.8], [-121.272985, 48.053903, 673.8], [-121.272887, 48.053877, 675.4], [-121.272718, 48.053904, 674.1], [-121.272694, 48.053911, 672.0], [-121.272546, 48.053924, 669.2], [-121.272489, 48.053966, 671.2], [-121.272467, 48.054016, 673.6], [-121.272443, 48.054038, 675.0], [-121.272398, 48.054046, 677.5], [-121.272355, 48.054062, 679.9], [-121.272278, 48.054074, 683.6], [-121.272252, 48.054089, 683.7], [-121.272228, 48.054122, 686.2], [-121.272162, 48.054146, 687.4], [-121.272125, 48.054154, 689.4], [-121.271976, 48.054181, 689.8], [-121.271939, 48.05418, 691.4], [-121.271842, 48.054154, 691.2], [-121.271802, 48.054151, 692.7], [-121.271768, 48.054164, 692.8], [-121.271717, 48.054167, 693.8], [-121.271644, 48.054129, 692.4], [-121.271551, 48.054105, 696.4], [-121.27144, 48.054097, 701.0], [-121.271285, 48.054013, 705.2], [-121.271241, 48.054, 704.4], [-121.271127, 48.053958, 701.5], [-121.271075, 48.053896, 703.0], [-121.270871, 48.053865, 705.4], [-121.270832, 48.05387, 707.1], [-121.270815, 48.053892, 707.3], [-121.2708, 48.053899, 706.6], [-121.270745, 48.0539, 702.8], [-121.270725, 48.053878, 702.4], [-121.270694, 48.053889, 700.3], [-121.270657, 48.053886, 700.8], [-121.270629, 48.05382, 699.1], [-121.270617, 48.053798, 696.8], [-121.270547, 48.053735, 695.6], [-121.270533, 48.053708, 696.8], [-121.27048, 48.053654, 697.2], [-121.270437, 48.053625, 692.7], [-121.270404, 48.053561, 691.7], [-121.270276, 48.053437, 688.7], [-121.270213, 48.05332, 688.4], [-121.270199, 48.053272, 688.1], [-121.270175, 48.053241, 687.8], [-121.270136, 48.053212, 685.1], [-121.270109, 48.053211, 685.9], [-121.270085, 48.053225, 687.2], [-121.270055, 48.053227, 686.4], [-121.270021, 48.053214, 686.9], [-121.26997, 48.053164, 686.4], [-121.269879, 48.0531, 690.3], [-121.269867, 48.053061, 689.1], [-121.269803, 48.053018, 687.2], [-121.269733, 48.053016, 688.4], [-121.269716, 48.053041, 689.8], [-121.269605, 48.052955, 691.9], [-121.269597, 48.052954, 693.2], [-121.269505, 48.052911, 692.1], [-121.269469, 48.052915, 692.6], [-121.269447, 48.052935, 692.3], [-121.269407, 48.052949, 693.0], [-121.269384, 48.052949, 694.1], [-121.269336, 48.052971, 699.6], [-121.269195, 48.052997, 693.7], [-121.269206, 48.05291, 686.8], [-121.269205, 48.052893, 686.2], [-121.269164, 48.052854, 687.6], [-121.269098, 48.052892, 686.8], [-121.269076, 48.052901, 687.0], [-121.269057, 48.052896, 686.8], [-121.268972, 48.052847, 690.8], [-121.268949, 48.052803, 691.3], [-121.268894, 48.05274, 691.5], [-121.26881, 48.052666, 691.8], [-121.2688, 48.052661, 692.9], [-121.268728, 48.052643, 692.2], [-121.268674, 48.052615, 693.0], [-121.268576, 48.0526, 693.8], [-121.268496, 48.052625, 691.5], [-121.268401, 48.052624, 691.7], [-121.268317, 48.052605, 689.3], [-121.268306, 48.052619, 690.4], [-121.268323, 48.052647, 691.9], [-121.268356, 48.05264, 692.6], [-121.26835, 48.052622, 692.2], [-121.268328, 48.052598, 691.0], [-121.268205, 48.052557, 693.4], [-121.268156, 48.052508, 686.9], [-121.268063, 48.052452, 686.8], [-121.267925, 48.052371, 686.7], [-121.267736, 48.052313, 688.1], [-121.26771, 48.052306, 688.9], [-121.267417, 48.052265, 690.6], [-121.267368, 48.052245, 691.1], [-121.267306, 48.052239, 692.0], [-121.267271, 48.052225, 691.4], [-121.26721, 48.052187, 689.8], [-121.267145, 48.052173, 690.6], [-121.267079, 48.052169, 689.4], [-121.26702, 48.052181, 691.2], [-121.266982, 48.05217, 689.8], [-121.26692, 48.052119, 686.1], [-121.266916, 48.052077, 687.4], [-121.266905, 48.05206, 687.2], [-121.266854, 48.052032, 687.0], [-121.266638, 48.051997, 689.5], [-121.26661, 48.052014, 692.1], [-121.266576, 48.05202, 694.8], [-121.266549, 48.052017, 695.0], [-121.266531, 48.052001, 692.6], [-121.266498, 48.051991, 688.9], [-121.266426, 48.052002, 688.6], [-121.266308, 48.051959, 687.8], [-121.26618, 48.051937, 688.6], [-121.266057, 48.051919, 686.4], [-121.265982, 48.051895, 685.2], [-121.265952, 48.051835, 690.2], [-121.265847, 48.051743, 689.4], [-121.265714, 48.051657, 694.0], [-121.265635, 48.051587, 698.2], [-121.265571, 48.051564, 701.8], [-121.265559, 48.051495, 704.8], [-121.265526, 48.051455, 702.0], [-121.265474, 48.051421, 700.0], [-121.265438, 48.05139, 702.2], [-121.265412, 48.051325, 701.1], [-121.265228, 48.051285, 703.4], [-121.265181, 48.051263, 703.8], [-121.265168, 48.051253, 702.3], [-121.26507, 48.05119, 702.9], [-121.264996, 48.051163, 704.0], [-121.264863, 48.051166, 705.5], [-121.264808, 48.051145, 705.3], [-121.264779, 48.051118, 705.9], [-121.26476, 48.051106, 705.2], [-121.26466, 48.051079, 706.0], [-121.264539, 48.050987, 706.0], [-121.264422, 48.050953, 706.0], [-121.264353, 48.050965, 707.2], [-121.264238, 48.050904, 705.5], [-121.264085, 48.050796, 701.7], [-121.264039, 48.050767, 700.3], [-121.263994, 48.050694, 694.4], [-121.263999, 48.050656, 692.8], [-121.263964, 48.050609, 697.1], [-121.263967, 48.0506, 698.0], [-121.263947, 48.050548, 697.9], [-121.263917, 48.05053, 700.2], [-121.263679, 48.050483, 703.0], [-121.2636, 48.050411, 699.5], [-121.263463, 48.050336, 703.1], [-121.263414, 48.050298, 701.7], [-121.263289, 48.050256, 705.7], [-121.263245, 48.050228, 706.4], [-121.263216, 48.050214, 707.5], [-121.263199, 48.050186, 705.6], [-121.263186, 48.050096, 704.2], [-121.263138, 48.050039, 705.4], [-121.263098, 48.050009, 705.1], [-121.26308, 48.049965, 707.7], [-121.263039, 48.049916, 706.3], [-121.26303, 48.049899, 707.2], [-121.262998, 48.049857, 709.6], [-121.262927, 48.049793, 708.9], [-121.262886, 48.049726, 707.9], [-121.262873, 48.049712, 708.5], [-121.262833, 48.0497, 704.9], [-121.262759, 48.049698, 705.1], [-121.262723, 48.049717, 705.8], [-121.262681, 48.04972, 708.7], [-121.262709, 48.049726, 707.4], [-121.26273, 48.049702, 718.7], [-121.262768, 48.049709, 730.9], [-121.262756, 48.049754, 737.0], [-121.262789, 48.049738, 738.4], [-121.262745, 48.049696, 738.6], [-121.262733, 48.049692, 734.6], [-121.26265, 48.049679, 733.3], [-121.262563, 48.049641, 734.4], [-121.262487, 48.049658, 727.8], [-121.262331, 48.049594, 725.3], [-121.262253, 48.049583, 717.9], [-121.262221, 48.049585, 719.2], [-121.26214, 48.049581, 718.5], [-121.262086, 48.049596, 715.5], [-121.262006, 48.049598, 709.7], [-121.261911, 48.049593, 708.9], [-121.26188, 48.0496, 709.4], [-121.261731, 48.04956, 716.2], [-121.26168, 48.049522, 717.7], [-121.261579, 48.049492, 722.3], [-121.261467, 48.049483, 718.6], [-121.261409, 48.04946, 713.0], [-121.261393, 48.049444, 712.1], [-121.261362, 48.049439, 710.6], [-121.26133, 48.049439, 711.0], [-121.261268, 48.049433, 715.3], [-121.261188, 48.049394, 714.2], [-121.261098, 48.049368, 714.3], [-121.261006, 48.049298, 711.0], [-121.260978, 48.04927, 710.3], [-121.260932, 48.049207, 709.0], [-121.260842, 48.049191, 711.6], [-121.26053, 48.049243, 718.8], [-121.260514, 48.049241, 720.6], [-121.260433, 48.049217, 721.0], [-121.260338, 48.049203, 723.6], [-121.260298, 48.049201, 725.9], [-121.260229, 48.049226, 726.4], [-121.260218, 48.049204, 727.4], [-121.260099, 48.049115, 716.3], [-121.259957, 48.049122, 710.6], [-121.259895, 48.049088, 713.3], [-121.259774, 48.049028, 716.7], [-121.259702, 48.048964, 714.7], [-121.259634, 48.048944, 714.9], [-121.259401, 48.048948, 715.0], [-121.259385, 48.048942, 711.8], [-121.259363, 48.048913, 711.1], [-121.2593, 48.048865, 711.0], [-121.25924, 48.048849, 711.7], [-121.259105, 48.048783, 713.5], [-121.259081, 48.048778, 715.2], [-121.258992, 48.048792, 713.4], [-121.258936, 48.048782, 712.3], [-121.258883, 48.048751, 714.0], [-121.258849, 48.048723, 712.7], [-121.258843, 48.048702, 713.4], [-121.258669, 48.048698, 716.1], [-121.258641, 48.048694, 716.1], [-121.258599, 48.048669, 716.0], [-121.258436, 48.048638, 719.4], [-121.25839, 48.048641, 720.7], [-121.258299, 48.04864, 718.8], [-121.258293, 48.048621, 719.8], [-121.258254, 48.048604, 722.1], [-121.258115, 48.048662, 719.8], [-121.257981, 48.048611, 722.7], [-121.257951, 48.048581, 726.4], [-121.257898, 48.048593, 725.8], [-121.257842, 48.04851, 728.9], [-121.257768, 48.048463, 732.5], [-121.257684, 48.048426, 729.3], [-121.25766, 48.048411, 730.9], [-121.257563, 48.048385, 719.7], [-121.257427, 48.048394, 717.3], [-121.257334, 48.048368, 715.8], [-121.257257, 48.048377, 710.8], [-121.257242, 48.048372, 712.1], [-121.257163, 48.048385, 712.6], [-121.25712, 48.048383, 714.1], [-121.25704, 48.048251, 711.7], [-121.256899, 48.04816, 708.5], [-121.256873, 48.048135, 707.7], [-121.25676, 48.048055, 708.0], [-121.25654, 48.047997, 715.5], [-121.256438, 48.047986, 717.1], [-121.25631, 48.047991, 719.1], [-121.256189, 48.047973, 715.6], [-121.256145, 48.047975, 719.5], [-121.25598, 48.048036, 718.6], [-121.255853, 48.048017, 719.5], [-121.255707, 48.047972, 721.8], [-121.255686, 48.047973, 723.6], [-121.255565, 48.047946, 724.9], [-121.255458, 48.047887, 728.5], [-121.255445, 48.047883, 729.4], [-121.255411, 48.04784, 724.1], [-121.255331, 48.047805, 721.7], [-121.255285, 48.04776, 718.2], [-121.25526, 48.047745, 718.0], [-121.255135, 48.047688, 715.9], [-121.255109, 48.04764, 718.9], [-121.25512, 48.047584, 720.9], [-121.255063, 48.047511, 726.6], [-121.255003, 48.047466, 730.8], [-121.254974, 48.047456, 730.1], [-121.254929, 48.047433, 730.3], [-121.25482, 48.047408, 733.0], [-121.254757, 48.047353, 731.3], [-121.25472, 48.04734, 731.4], [-121.254623, 48.047348, 731.7], [-121.254556, 48.047332, 732.2], [-121.254541, 48.047326, 732.7], [-121.254438, 48.047301, 732.8], [-121.254366, 48.047264, 737.1], [-121.254298, 48.047271, 733.9], [-121.254183, 48.047306, 733.6], [-121.254079, 48.04731, 735.7], [-121.253975, 48.047341, 733.1], [-121.253885, 48.047389, 730.0], [-121.253822, 48.047381, 726.1], [-121.253798, 48.047373, 726.0], [-121.25371, 48.047362, 723.2], [-121.253689, 48.047369, 723.7], [-121.253649, 48.047419, 725.2], [-121.253616, 48.047432, 726.0], [-121.253584, 48.047416, 724.1], [-121.253534, 48.047363, 720.1], [-121.253492, 48.047357, 718.9], [-121.253321, 48.047345, 722.2], [-121.253252, 48.047313, 721.0], [-121.253195, 48.047315, 721.8], [-121.253171, 48.047319, 721.2], [-121.252994, 48.047305, 718.6], [-121.252719, 48.047314, 725.2], [-121.252594, 48.047328, 725.6], [-121.25241, 48.047301, 721.6], [-121.252296, 48.047307, 722.5], [-121.25226, 48.047295, 724.6], [-121.252201, 48.047308, 726.0], [-121.252143, 48.047276, 729.3], [-121.252059, 48.047257, 728.7], [-121.251969, 48.047177, 729.0], [-121.25197, 48.047171, 730.8], [-121.251933, 48.04712, 726.3], [-121.25179, 48.047065, 733.8], [-121.251656, 48.047058, 735.7], [-121.251573, 48.047036, 738.8], [-121.251494, 48.046981, 735.9], [-121.251476, 48.046972, 734.4], [-121.251409, 48.046912, 737.4], [-121.251395, 48.046827, 737.2], [-121.25138, 48.046778, 739.0], [-121.251362, 48.046756, 737.6], [-121.251093, 48.046721, 740.5], [-121.251063, 48.04672, 742.1], [-121.250913, 48.04672, 739.2], [-121.250825, 48.046703, 740.5], [-121.250799, 48.046701, 739.6], [-121.250666, 48.046718, 735.9], [-121.250648, 48.046699, 736.9], [-121.250621, 48.046694, 737.4], [-121.250585, 48.046703, 738.4], [-121.250569, 48.046678, 744.8], [-121.250553, 48.0467, 749.3], [-121.250494, 48.046716, 746.2], [-121.250461, 48.046716, 745.8], [-121.250407, 48.046697, 746.5], [-121.250368, 48.046697, 745.2], [-121.250362, 48.046688, 745.5], [-121.250346, 48.046623, 743.4], [-121.25033, 48.046613, 745.1], [-121.250252, 48.0466, 744.7], [-121.250224, 48.046579, 746.3], [-121.250172, 48.046576, 747.3], [-121.25019, 48.04664, 750.4], [-121.250207, 48.046663, 754.2], [-121.250206, 48.046575, 748.4], [-121.250163, 48.046546, 744.1], [-121.250141, 48.046539, 744.3], [-121.250028, 48.046485, 746.0], [-121.249991, 48.046453, 747.0], [-121.24996, 48.046452, 746.9], [-121.24981, 48.046489, 749.0], [-121.249756, 48.046476, 748.4], [-121.249688, 48.046433, 748.9], [-121.249643, 48.046395, 747.8], [-121.2496, 48.046345, 746.2], [-121.249585, 48.046286, 746.7], [-121.249582, 48.046249, 747.3], [-121.249421, 48.046214, 752.4], [-121.249394, 48.046164, 752.9], [-121.249337, 48.046135, 754.8], [-121.249294, 48.046132, 756.9], [-121.249248, 48.046102, 758.1], [-121.24915, 48.046072, 760.1], [-121.24912, 48.046075, 761.3], [-121.249039, 48.046078, 763.2], [-121.24881, 48.046042, 757.9], [-121.248694, 48.046017, 761.7], [-121.24853, 48.046036, 761.0], [-121.248592, 48.046043, 765.3], [-121.248607, 48.046054, 767.9], [-121.24866, 48.046026, 767.2], [-121.248739, 48.046016, 771.0], [-121.248742, 48.046023, 771.1], [-121.248733, 48.046068, 770.2], [-121.248701, 48.046079, 766.6], [-121.248666, 48.046069, 767.0], [-121.248602, 48.046072, 766.1], [-121.248538, 48.046049, 767.2], [-121.248521, 48.046047, 767.9], [-121.248468, 48.046057, 767.2], [-121.248379, 48.046055, 764.8], [-121.248325, 48.04607, 764.5], [-121.248268, 48.046063, 762.7], [-121.248192, 48.046014, 763.7], [-121.248175, 48.045991, 764.9], [-121.248143, 48.045983, 766.6], [-121.248096, 48.045985, 768.0], [-121.247929, 48.04603, 771.3], [-121.24789, 48.04603, 767.3], [-121.24783, 48.045992, 768.5], [-121.247763, 48.045954, 771.5], [-121.247712, 48.045944, 773.1], [-121.247712, 48.045919, 770.3], [-121.247692, 48.045912, 770.6], [-121.247624, 48.045939, 767.3], [-121.247597, 48.045944, 768.1], [-121.247432, 48.045946, 769.1], [-121.247406, 48.045955, 768.6], [-121.247339, 48.046004, 767.8], [-121.2473, 48.046018, 769.2], [-121.247177, 48.046019, 769.3], [-121.247119, 48.046038, 771.1], [-121.247034, 48.046025, 770.4], [-121.246908, 48.046014, 769.1], [-121.246805, 48.045981, 766.3], [-121.246775, 48.045967, 766.3], [-121.246735, 48.045836, 761.2], [-121.246667, 48.04582, 763.2], [-121.246409, 48.045791, 769.1], [-121.246348, 48.045749, 767.1], [-121.246215, 48.045717, 765.8], [-121.246195, 48.045704, 767.0], [-121.246182, 48.045686, 768.6], [-121.246128, 48.045665, 766.2], [-121.245987, 48.045639, 768.3], [-121.245956, 48.045606, 770.4], [-121.245938, 48.045594, 771.6], [-121.245886, 48.045531, 770.2], [-121.245814, 48.045513, 772.3], [-121.24575, 48.045507, 774.0], [-121.245578, 48.04548, 771.1], [-121.245542, 48.045415, 772.1], [-121.245532, 48.04541, 772.6], [-121.245468, 48.045408, 771.0], [-121.245399, 48.045383, 776.5], [-121.245304, 48.045375, 781.7], [-121.245259, 48.045357, 782.5], [-121.245225, 48.045267, 783.8], [-121.245208, 48.045253, 783.3], [-121.24507, 48.045238, 787.8], [-121.245032, 48.045243, 788.2], [-121.244895, 48.045187, 795.9], [-121.24488, 48.045185, 794.1], [-121.244696, 48.045082, 786.6], [-121.24466, 48.045057, 788.1], [-121.244554, 48.044939, 784.4], [-121.244539, 48.044934, 784.1], [-121.244463, 48.044896, 787.6], [-121.244392, 48.044874, 790.9], [-121.24435, 48.044823, 793.2], [-121.24429, 48.044772, 793.5], [-121.244121, 48.044778, 795.5], [-121.244105, 48.044767, 794.0], [-121.244022, 48.044737, 794.8], [-121.243971, 48.044704, 797.0], [-121.243921, 48.044698, 797.3], [-121.243904, 48.0447, 795.0], [-121.243777, 48.044665, 796.1], [-121.243653, 48.044572, 798.0], [-121.243624, 48.044566, 798.0], [-121.243486, 48.044566, 797.1], [-121.243436, 48.044527, 800.7], [-121.243391, 48.044508, 801.5], [-121.243376, 48.04449, 801.6], [-121.243368, 48.044466, 803.9], [-121.243383, 48.044401, 803.4], [-121.243358, 48.044342, 806.0], [-121.243342, 48.044339, 806.8], [-121.243316, 48.044308, 806.2], [-121.243234, 48.044277, 809.2], [-121.243064, 48.04428, 808.6], [-121.243031, 48.044271, 809.0], [-121.242955, 48.044228, 804.7], [-121.242928, 48.044173, 803.4], [-121.242908, 48.044171, 805.2], [-121.242885, 48.044184, 807.5], [-121.242765, 48.044182, 812.6], [-121.242613, 48.044218, 811.0], [-121.242493, 48.044244, 814.2], [-121.242448, 48.044268, 814.6], [-121.242377, 48.044283, 811.0], [-121.242292, 48.044292, 811.0], [-121.242228, 48.044332, 806.1], [-121.242135, 48.044349, 806.5], [-121.242044, 48.044304, 804.4], [-121.241929, 48.044297, 808.2], [-121.241912, 48.044299, 805.9], [-121.241699, 48.044294, 807.4], [-121.241614, 48.044324, 807.1], [-121.241499, 48.044339, 803.2], [-121.241404, 48.044293, 801.6], [-121.24139, 48.044295, 804.1], [-121.241352, 48.044312, 800.5], [-121.241306, 48.044364, 798.5], [-121.241234, 48.044407, 796.5], [-121.241224, 48.044419, 796.1], [-121.241168, 48.044573, 799.0], [-121.241167, 48.044583, 800.4], [-121.241148, 48.044608, 803.1], [-121.240949, 48.044654, 800.5], [-121.240921, 48.044655, 801.2], [-121.240656, 48.04473, 801.8], [-121.240596, 48.044714, 805.2], [-121.240573, 48.0447, 803.9], [-121.240484, 48.044701, 802.5], [-121.240328, 48.044671, 802.6], [-121.240301, 48.044671, 801.2], [-121.240113, 48.044684, 803.2], [-121.239931, 48.044623, 803.8], [-121.239756, 48.044497, 809.3], [-121.239744, 48.044479, 811.1], [-121.239649, 48.044464, 812.7], [-121.239536, 48.044496, 814.2], [-121.239461, 48.044466, 813.5], [-121.239342, 48.044439, 813.4], [-121.23924, 48.044397, 810.0], [-121.239222, 48.044392, 809.8], [-121.239185, 48.044372, 809.2], [-121.239119, 48.044394, 806.6], [-121.239031, 48.044352, 802.1], [-121.238973, 48.04434, 801.7], [-121.238782, 48.044395, 802.8], [-121.238705, 48.0444, 803.0], [-121.238691, 48.044397, 802.6], [-121.238639, 48.044363, 804.6], [-121.238567, 48.044387, 808.1], [-121.238468, 48.044369, 816.2], [-121.238445, 48.044363, 817.6], [-121.238383, 48.044324, 817.9], [-121.238352, 48.044315, 816.9], [-121.23828, 48.044317, 818.0], [-121.238237, 48.04433, 818.2], [-121.238198, 48.044361, 818.7], [-121.238062, 48.04443, 819.7], [-121.237966, 48.044445, 821.4], [-121.237925, 48.044351, 822.8], [-121.237906, 48.044328, 827.1], [-121.237886, 48.044272, 825.1], [-121.237844, 48.044255, 825.3], [-121.237793, 48.044249, 825.5], [-121.237754, 48.04422, 821.8], [-121.237632, 48.044262, 815.8], [-121.237482, 48.04427, 810.3], [-121.237471, 48.044273, 810.6], [-121.237361, 48.044274, 811.3], [-121.237284, 48.044299, 810.8], [-121.237211, 48.044304, 813.1], [-121.237058, 48.044268, 816.7], [-121.237005, 48.044227, 819.4], [-121.236909, 48.044167, 820.9], [-121.236842, 48.044183, 824.9], [-121.236741, 48.044165, 823.6], [-121.236692, 48.044164, 825.4], [-121.236655, 48.044178, 827.9], [-121.236632, 48.044192, 828.2], [-121.236614, 48.044239, 827.8], [-121.236569, 48.044257, 826.3], [-121.23647, 48.044275, 823.1], [-121.23635, 48.044345, 818.4], [-121.236298, 48.044337, 817.0], [-121.236285, 48.044327, 817.8], [-121.236265, 48.044257, 819.1], [-121.23625, 48.044243, 819.5], [-121.236193, 48.044242, 821.7], [-121.236174, 48.044259, 821.7], [-121.236165, 48.04429, 823.1], [-121.236175, 48.044289, 834.0], [-121.236154, 48.044269, 834.8], [-121.236141, 48.044247, 834.1], [-121.236139, 48.044221, 835.7], [-121.236098, 48.044164, 831.2], [-121.236059, 48.044154, 830.1], [-121.23585, 48.044165, 827.6], [-121.235685, 48.044203, 828.1], [-121.235628, 48.044238, 824.6], [-121.235505, 48.044195, 822.8], [-121.235361, 48.044181, 822.8], [-121.235223, 48.044134, 822.1], [-121.235026, 48.044023, 822.0], [-121.234982, 48.044019, 823.1], [-121.234881, 48.043932, 824.2], [-121.234867, 48.043923, 825.6], [-121.234754, 48.043796, 819.4], [-121.234743, 48.043786, 818.8], [-121.234727, 48.043706, 820.6], [-121.234694, 48.043633, 821.2], [-121.234604, 48.043589, 819.1], [-121.234507, 48.043582, 817.8], [-121.234347, 48.043617, 816.1], [-121.234321, 48.04362, 816.4], [-121.234256, 48.04362, 814.4], [-121.234202, 48.043598, 812.5], [-121.234026, 48.043591, 812.7], [-121.234005, 48.043592, 812.5], [-121.233908, 48.043567, 814.0], [-121.233837, 48.043482, 812.7], [-121.233819, 48.043468, 812.7], [-121.23377, 48.043448, 813.3], [-121.233741, 48.043448, 812.7], [-121.233719, 48.043429, 812.6], [-121.233656, 48.043415, 812.6], [-121.233589, 48.043378, 810.9], [-121.233401, 48.043302, 811.2], [-121.233342, 48.043264, 812.1], [-121.233138, 48.043222, 813.0], [-121.233081, 48.043195, 811.1], [-121.232909, 48.043188, 812.5], [-121.232835, 48.043172, 814.7], [-121.232731, 48.043172, 816.3], [-121.232626, 48.043146, 815.7], [-121.232607, 48.043134, 815.7], [-121.232565, 48.043097, 814.0], [-121.232546, 48.043028, 814.6], [-121.23247, 48.043071, 815.1], [-121.232398, 48.043077, 815.1], [-121.232251, 48.043072, 816.8], [-121.232138, 48.043045, 816.8], [-121.232079, 48.043021, 812.9], [-121.231933, 48.043013, 815.8], [-121.231903, 48.043, 815.2], [-121.231885, 48.042981, 815.3], [-121.231863, 48.042982, 815.4], [-121.231825, 48.042998, 815.1], [-121.231697, 48.043089, 817.9], [-121.231681, 48.043108, 816.9], [-121.231686, 48.043144, 814.9], [-121.231649, 48.04317, 813.9], [-121.23157, 48.043205, 816.7], [-121.231523, 48.043237, 814.2], [-121.231494, 48.0433, 810.0], [-121.231405, 48.043338, 814.1], [-121.231331, 48.043401, 818.2], [-121.231243, 48.043408, 817.8], [-121.23119, 48.043415, 820.5], [-121.231019, 48.043474, 821.8], [-121.23094, 48.043518, 828.8], [-121.230915, 48.043551, 829.9], [-121.230858, 48.043571, 830.3], [-121.230796, 48.043575, 830.1], [-121.230739, 48.043637, 834.4], [-121.230652, 48.043699, 838.1], [-121.230637, 48.043726, 837.2], [-121.230651, 48.04375, 837.9], [-121.230593, 48.043795, 840.0], [-121.230561, 48.043839, 842.0], [-121.230536, 48.043853, 843.5], [-121.230352, 48.043947, 846.8], [-121.230333, 48.043951, 846.9], [-121.230238, 48.043984, 845.0], [-121.230219, 48.044007, 846.9], [-121.2301, 48.044009, 844.4], [-121.230078, 48.044012, 844.5], [-121.229935, 48.044075, 842.9], [-121.229849, 48.044088, 848.8], [-121.229742, 48.044173, 851.7], [-121.22972, 48.044182, 849.0], [-121.229683, 48.044188, 846.2], [-121.229636, 48.044155, 844.5], [-121.229522, 48.044152, 847.4], [-121.229463, 48.04413, 843.2], [-121.229397, 48.044084, 840.4], [-121.229303, 48.044041, 838.6], [-121.229291, 48.04403, 839.0], [-121.229284, 48.043989, 837.3], [-121.229241, 48.043949, 837.8], [-121.229141, 48.043997, 840.8], [-121.229028, 48.044041, 841.1], [-121.228963, 48.044049, 840.0], [-121.228877, 48.044007, 836.9], [-121.22886, 48.044004, 837.5], [-121.228689, 48.044008, 838.0], [-121.228595, 48.044027, 837.2], [-121.22844, 48.044024, 837.0], [-121.228331, 48.044086, 834.4], [-121.228298, 48.044093, 834.9], [-121.228194, 48.044078, 833.2], [-121.228158, 48.044087, 834.1], [-121.228088, 48.044115, 833.5], [-121.228011, 48.0441, 830.5], [-121.227888, 48.044097, 827.7], [-121.227851, 48.044104, 827.8], [-121.227629, 48.044064, 835.7], [-121.227461, 48.044062, 838.4], [-121.227433, 48.044032, 839.0], [-121.227444, 48.044029, 839.4], [-121.227344, 48.043998, 837.7], [-121.227301, 48.044003, 839.1], [-121.227239, 48.044029, 837.8], [-121.227202, 48.04404, 837.0], [-121.226946, 48.04407, 839.4], [-121.226932, 48.044069, 840.3], [-121.226884, 48.044053, 834.3], [-121.226753, 48.044058, 833.8], [-121.226669, 48.044039, 831.9], [-121.226638, 48.044036, 831.9], [-121.226479, 48.04405, 830.2], [-121.226373, 48.044043, 830.2], [-121.226265, 48.044053, 828.0], [-121.226088, 48.044082, 832.4], [-121.226022, 48.044065, 834.1], [-121.226008, 48.044055, 833.5], [-121.225977, 48.044004, 834.8], [-121.2258, 48.043963, 836.5], [-121.225743, 48.043973, 836.4], [-121.225731, 48.043967, 837.2], [-121.225706, 48.043977, 837.1], [-121.225634, 48.044021, 839.4], [-121.225608, 48.044025, 841.4], [-121.225569, 48.044019, 841.7], [-121.225519, 48.043985, 840.2], [-121.225461, 48.043989, 843.7], [-121.225356, 48.044029, 835.5], [-121.225244, 48.044054, 831.0], [-121.22517, 48.044051, 833.0], [-121.225112, 48.044011, 834.4], [-121.225071, 48.04401, 835.3], [-121.224916, 48.04405, 839.6], [-121.224832, 48.044047, 840.2], [-121.224617, 48.044053, 846.3], [-121.224591, 48.044061, 845.7], [-121.224377, 48.044119, 845.6], [-121.224279, 48.044117, 842.1], [-121.224255, 48.044127, 841.2], [-121.224065, 48.044072, 848.2], [-121.224005, 48.044046, 847.1], [-121.223899, 48.044064, 845.3], [-121.223756, 48.044054, 846.3], [-121.223702, 48.044034, 843.6], [-121.223557, 48.044037, 840.3], [-121.223554, 48.044041, 840.3], [-121.223432, 48.044031, 839.8], [-121.223357, 48.044001, 841.2], [-121.223341, 48.043989, 841.7], [-121.22333, 48.043935, 844.8], [-121.223297, 48.043926, 845.3], [-121.223276, 48.043878, 841.7], [-121.223252, 48.043865, 843.5], [-121.22311, 48.043935, 839.5], [-121.223065, 48.043953, 839.8], [-121.223015, 48.043963, 838.8], [-121.222962, 48.043944, 838.5], [-121.222886, 48.043948, 837.5], [-121.222845, 48.043891, 841.3], [-121.222818, 48.043897, 841.4], [-121.222744, 48.043906, 841.4], [-121.222597, 48.043855, 843.2], [-121.222579, 48.043851, 842.7], [-121.22245, 48.043852, 834.9], [-121.222429, 48.04384, 835.5], [-121.222422, 48.043821, 836.8], [-121.222349, 48.043804, 835.2], [-121.222335, 48.043773, 835.8], [-121.222325, 48.043763, 834.6], [-121.222294, 48.043767, 837.0], [-121.222226, 48.043799, 837.0], [-121.222189, 48.04378, 837.9], [-121.222115, 48.043791, 834.7], [-121.222059, 48.043805, 835.6], [-121.221966, 48.043777, 834.0], [-121.221791, 48.043887, 833.6], [-121.221741, 48.043909, 831.3], [-121.221658, 48.043927, 831.9], [-121.221593, 48.043979, 834.3], [-121.221568, 48.043985, 835.5], [-121.221479, 48.043995, 832.5], [-121.221413, 48.043983, 833.5], [-121.221375, 48.043989, 835.3], [-121.221359, 48.043975, 837.2], [-121.221355, 48.043948, 837.3], [-121.221342, 48.043942, 837.2], [-121.221288, 48.043947, 840.9], [-121.22123, 48.044016, 844.8], [-121.22111, 48.044061, 842.6], [-121.221089, 48.044065, 842.9], [-121.221035, 48.044042, 851.0], [-121.221003, 48.043983, 855.4], [-121.220939, 48.043947, 857.1], [-121.220843, 48.043963, 852.3], [-121.220685, 48.043964, 849.9], [-121.220496, 48.0439, 850.0], [-121.220468, 48.043894, 850.7], [-121.220387, 48.04389, 852.5], [-121.220302, 48.043867, 848.1], [-121.220275, 48.043853, 848.0], [-121.220241, 48.043816, 846.8], [-121.220225, 48.043786, 846.7], [-121.220181, 48.043768, 848.4], [-121.220112, 48.043708, 851.0], [-121.220073, 48.043708, 851.1], [-121.220034, 48.04374, 849.2], [-121.219984, 48.043766, 847.4], [-121.219939, 48.043724, 846.2], [-121.219909, 48.043715, 846.5], [-121.219812, 48.043738, 850.0], [-121.219787, 48.043747, 849.6], [-121.219678, 48.043779, 849.8], [-121.21963, 48.043781, 851.2], [-121.219554, 48.043764, 850.2], [-121.219495, 48.043732, 852.5], [-121.219481, 48.043729, 854.1], [-121.219332, 48.043725, 849.9], [-121.21924, 48.043746, 848.4], [-121.219151, 48.043749, 852.1], [-121.219033, 48.043709, 851.4], [-121.218975, 48.043719, 852.3], [-121.218936, 48.043715, 850.8], [-121.218874, 48.0437, 849.7], [-121.218682, 48.043739, 846.2], [-121.218676, 48.043732, 846.6], [-121.218659, 48.043739, 844.7], [-121.218628, 48.043701, 846.5], [-121.218463, 48.043673, 843.5], [-121.218398, 48.04366, 843.5], [-121.218279, 48.043569, 839.9], [-121.218205, 48.043519, 835.5], [-121.218077, 48.04346, 831.4], [-121.217934, 48.043418, 829.5], [-121.217829, 48.043438, 825.3], [-121.217522, 48.043538, 828.3], [-121.217504, 48.04354, 827.9], [-121.217387, 48.043495, 832.8], [-121.217373, 48.043474, 834.6], [-121.21737, 48.043426, 834.6], [-121.217363, 48.043415, 833.4], [-121.2172, 48.043403, 836.3], [-121.217141, 48.043413, 840.1], [-121.217093, 48.043414, 836.0], [-121.216956, 48.043368, 839.1], [-121.216909, 48.04337, 839.0], [-121.216888, 48.043378, 838.4], [-121.216817, 48.043375, 837.0], [-121.216724, 48.043339, 832.9], [-121.216688, 48.043316, 834.7], [-121.216637, 48.043296, 832.1], [-121.216623, 48.043273, 833.6], [-121.21644, 48.043269, 834.4], [-121.216363, 48.043254, 836.0], [-121.216226, 48.043184, 837.8], [-121.216128, 48.043109, 837.3], [-121.216067, 48.043084, 835.2], [-121.216048, 48.043063, 835.1], [-121.216083, 48.043006, 837.2], [-121.216128, 48.042896, 835.9], [-121.216131, 48.042859, 838.0], [-121.216137, 48.042837, 838.1], [-121.216158, 48.042696, 839.7], [-121.21607, 48.0427, 841.4], [-121.216041, 48.042696, 840.2], [-121.215996, 48.042669, 839.7], [-121.215973, 48.042617, 840.3], [-121.215953, 48.042599, 836.5], [-121.215851, 48.042563, 838.8], [-121.215846, 48.042524, 838.5], [-121.21578, 48.042468, 839.0], [-121.215682, 48.042409, 835.7], [-121.215668, 48.042407, 837.4], [-121.215454, 48.042445, 833.6], [-121.215431, 48.042447, 833.9], [-121.215281, 48.042483, 836.1], [-121.21521, 48.042477, 834.2], [-121.215185, 48.042514, 835.2], [-121.215172, 48.042493, 842.7], [-121.215144, 48.042503, 841.9], [-121.21511, 48.042529, 840.3], [-121.215072, 48.042591, 839.9], [-121.215043, 48.042587, 839.1], [-121.214858, 48.042482, 838.8], [-121.214804, 48.042463, 841.1], [-121.21475, 48.042428, 845.5], [-121.214692, 48.042425, 843.5], [-121.21467, 48.042419, 843.8], [-121.21461, 48.042374, 848.1], [-121.214505, 48.042362, 845.6], [-121.214487, 48.042339, 844.5], [-121.214485, 48.0423, 844.1], [-121.214392, 48.042224, 841.2], [-121.214265, 48.042173, 841.2], [-121.214232, 48.042171, 841.0], [-121.214143, 48.042187, 840.1], [-121.214065, 48.042221, 842.4], [-121.214039, 48.042244, 841.8], [-121.214031, 48.042227, 842.0], [-121.214028, 48.042164, 842.4], [-121.213978, 48.042176, 839.3], [-121.213944, 48.042171, 835.6], [-121.213944, 48.042128, 832.6], [-121.213881, 48.042087, 830.9], [-121.213819, 48.042077, 837.2], [-121.213762, 48.042032, 844.1], [-121.213719, 48.042005, 840.3], [-121.213548, 48.042009, 840.3], [-121.213461, 48.04202, 841.3], [-121.213357, 48.042014, 840.9], [-121.213281, 48.042022, 843.9], [-121.213263, 48.042019, 844.8], [-121.213231, 48.04199, 845.6], [-121.213225, 48.041949, 845.3], [-121.213201, 48.041929, 846.1], [-121.213139, 48.04194, 848.8], [-121.213087, 48.041933, 849.7], [-121.212971, 48.041939, 852.2], [-121.212906, 48.041916, 853.5], [-121.212854, 48.041884, 855.2], [-121.212739, 48.041867, 853.8], [-121.212722, 48.041867, 854.1], [-121.212472, 48.041804, 851.1], [-121.212436, 48.041807, 852.9], [-121.212314, 48.041812, 856.2], [-121.212148, 48.041729, 855.7], [-121.21199, 48.041701, 855.2], [-121.21192, 48.041645, 855.7], [-121.211863, 48.041628, 855.0], [-121.211836, 48.041626, 851.6], [-121.211828, 48.0416, 852.7], [-121.211782, 48.04156, 854.0], [-121.211762, 48.041519, 852.9], [-121.211696, 48.041461, 854.8], [-121.211667, 48.041438, 855.1], [-121.211593, 48.041406, 853.2], [-121.211519, 48.041337, 853.2], [-121.211497, 48.041321, 853.4], [-121.211406, 48.041286, 853.7], [-121.211372, 48.041286, 853.5], [-121.211276, 48.04126, 849.3], [-121.211237, 48.041255, 850.2], [-121.211206, 48.041199, 850.3], [-121.211164, 48.041173, 852.1], [-121.21112, 48.04116, 854.9], [-121.211061, 48.041168, 853.8], [-121.211003, 48.041183, 853.6], [-121.210932, 48.041182, 849.6], [-121.210852, 48.04114, 848.4], [-121.210822, 48.041148, 849.5], [-121.210782, 48.041173, 848.6], [-121.210749, 48.041165, 848.8], [-121.210743, 48.041115, 851.3], [-121.210667, 48.041078, 854.0], [-121.210532, 48.041004, 856.2], [-121.210415, 48.040976, 857.3], [-121.210392, 48.040974, 854.9], [-121.2103, 48.040983, 857.4], [-121.210226, 48.040975, 857.5], [-121.210202, 48.040964, 861.2], [-121.210067, 48.040974, 863.5], [-121.210007, 48.040943, 862.5], [-121.209818, 48.040916, 864.1], [-121.209805, 48.040888, 865.5], [-121.20977, 48.040865, 866.9], [-121.209721, 48.040875, 865.9], [-121.20972, 48.040843, 865.0], [-121.209741, 48.040727, 865.2], [-121.209695, 48.040682, 869.5], [-121.209617, 48.040626, 867.2], [-121.209565, 48.040607, 863.9], [-121.209499, 48.040598, 863.2], [-121.209473, 48.040583, 861.1], [-121.209458, 48.040544, 862.1], [-121.209449, 48.040533, 862.9], [-121.209393, 48.040438, 867.4], [-121.20933, 48.040417, 867.9], [-121.209301, 48.040394, 866.6], [-121.209254, 48.040285, 866.6], [-121.20926, 48.04025, 867.9], [-121.209237, 48.040235, 869.3], [-121.209132, 48.040215, 871.0], [-121.209032, 48.040211, 873.7], [-121.209002, 48.040184, 875.7], [-121.208981, 48.040138, 873.9], [-121.208923, 48.040106, 873.5], [-121.208884, 48.040067, 874.9], [-121.20883, 48.039992, 871.4], [-121.208724, 48.040005, 874.9], [-121.208702, 48.039995, 874.4], [-121.208638, 48.039975, 871.7], [-121.208509, 48.039903, 870.5], [-121.208435, 48.039873, 875.8], [-121.208426, 48.039853, 875.5], [-121.208435, 48.039788, 877.0], [-121.208402, 48.039759, 877.0], [-121.20838, 48.03975, 876.6], [-121.208307, 48.039729, 878.4], [-121.208276, 48.03971, 879.7], [-121.208246, 48.039667, 880.3], [-121.208232, 48.039623, 880.4], [-121.208233, 48.039569, 879.8], [-121.208192, 48.039548, 878.6], [-121.208016, 48.03954, 880.2], [-121.207996, 48.039543, 879.8], [-121.20789, 48.039523, 877.7], [-121.20783, 48.039493, 878.1], [-121.207816, 48.039468, 877.3], [-121.207755, 48.039455, 877.1], [-121.207747, 48.039447, 876.1], [-121.207746, 48.039407, 869.3], [-121.207711, 48.039378, 870.8], [-121.207608, 48.039374, 866.2], [-121.207583, 48.039376, 865.3], [-121.207534, 48.039371, 866.0], [-121.207474, 48.039342, 865.7], [-121.207418, 48.039282, 866.7], [-121.207338, 48.039243, 864.9], [-121.207316, 48.039217, 866.1], [-121.207272, 48.039172, 864.1], [-121.207189, 48.039153, 864.3], [-121.207169, 48.039133, 865.9], [-121.207131, 48.039121, 867.6], [-121.207115, 48.039121, 866.7], [-121.207062, 48.039091, 866.2], [-121.207024, 48.039084, 864.8], [-121.206998, 48.039035, 860.3], [-121.207032, 48.039027, 866.3], [-121.207019, 48.039, 861.4], [-121.206989, 48.038994, 870.9], [-121.206952, 48.038967, 869.7], [-121.20686, 48.03896, 869.2], [-121.206836, 48.038961, 866.4], [-121.206794, 48.038943, 865.2], [-121.206723, 48.038873, 862.8], [-121.206717, 48.038836, 863.2], [-121.206721, 48.038816, 865.0], [-121.206683, 48.038756, 862.7], [-121.206694, 48.038646, 863.1], [-121.206719, 48.038604, 861.8], [-121.20669, 48.038462, 867.0], [-121.206681, 48.03844, 869.2], [-121.20661, 48.038397, 861.8], [-121.206531, 48.038337, 861.8], [-121.206431, 48.038296, 860.7], [-121.206414, 48.038292, 860.4], [-121.206311, 48.03824, 866.7], [-121.206285, 48.038203, 866.1], [-121.206086, 48.038168, 859.6], [-121.206067, 48.038121, 857.9], [-121.206077, 48.038099, 858.9], [-121.206069, 48.038021, 856.7], [-121.20604, 48.037975, 854.1], [-121.206, 48.037954, 854.2], [-121.205985, 48.037952, 854.1], [-121.205943, 48.03793, 855.9], [-121.205906, 48.037897, 857.4], [-121.205855, 48.037799, 857.4], [-121.205842, 48.037753, 859.3], [-121.205711, 48.037657, 855.5], [-121.205602, 48.037602, 857.2], [-121.205531, 48.037533, 862.2], [-121.205397, 48.037462, 871.9], [-121.205316, 48.037448, 872.4], [-121.205292, 48.037431, 873.2], [-121.205153, 48.037343, 878.2], [-121.205141, 48.037306, 878.7], [-121.205118, 48.03728, 878.5], [-121.205091, 48.037276, 878.4], [-121.204938, 48.037286, 877.2], [-121.204737, 48.037252, 873.4], [-121.204655, 48.037224, 871.1], [-121.204579, 48.03721, 868.5], [-121.20449, 48.037207, 869.6], [-121.204462, 48.037201, 869.3], [-121.204426, 48.037169, 864.9], [-121.204419, 48.037156, 864.4], [-121.204357, 48.037098, 865.7], [-121.204291, 48.037097, 865.0], [-121.204218, 48.037039, 864.4], [-121.204128, 48.037009, 864.2], [-121.204094, 48.036964, 864.3], [-121.204019, 48.036952, 859.8], [-121.203928, 48.036915, 861.3], [-121.203899, 48.036884, 863.3], [-121.203873, 48.036832, 862.2], [-121.203857, 48.036817, 861.8], [-121.203785, 48.036785, 865.3], [-121.203723, 48.036775, 865.5], [-121.203636, 48.036722, 874.8], [-121.20339, 48.036675, 873.4], [-121.203205, 48.036547, 872.8], [-121.203181, 48.036539, 872.0], [-121.203089, 48.036528, 873.0], [-121.202981, 48.036461, 875.1], [-121.202933, 48.036411, 875.8], [-121.202859, 48.036377, 873.4], [-121.202847, 48.036332, 872.6], [-121.202802, 48.036292, 875.7], [-121.202762, 48.036243, 879.5], [-121.20262, 48.036171, 883.5], [-121.202595, 48.03616, 883.1], [-121.202415, 48.036097, 884.6], [-121.20238, 48.036062, 886.4], [-121.202336, 48.03605, 885.0], [-121.202299, 48.036019, 883.2], [-121.202215, 48.036017, 882.3], [-121.202134, 48.03598, 879.1], [-121.202068, 48.035935, 876.9], [-121.20201, 48.035917, 877.1], [-121.201907, 48.035867, 876.2], [-121.201833, 48.035857, 873.0], [-121.201768, 48.035829, 872.4], [-121.201694, 48.035821, 873.9], [-121.201585, 48.035794, 877.2], [-121.201539, 48.035746, 882.6], [-121.201475, 48.035708, 880.8], [-121.201465, 48.035694, 878.8], [-121.20134, 48.035555, 876.9], [-121.201333, 48.03554, 877.1], [-121.201312, 48.035536, 876.9], [-121.201269, 48.035506, 877.3], [-121.201241, 48.035475, 878.7], [-121.201219, 48.035431, 879.3], [-121.201168, 48.0354, 878.6], [-121.201119, 48.035332, 876.1], [-121.201025, 48.035291, 878.0], [-121.200907, 48.035253, 882.3], [-121.200807, 48.035181, 881.6], [-121.20078, 48.035165, 882.1], [-121.200745, 48.035137, 884.0], [-121.200603, 48.035059, 891.2], [-121.200583, 48.035043, 889.8], [-121.200555, 48.035011, 888.6], [-121.200459, 48.034984, 886.3], [-121.200414, 48.035011, 884.8], [-121.200356, 48.035021, 885.6], [-121.200326, 48.035019, 886.6], [-121.200223, 48.035001, 885.0], [-121.200129, 48.034957, 887.4], [-121.200105, 48.034927, 885.8], [-121.200031, 48.034874, 884.4], [-121.200001, 48.034791, 883.2], [-121.199992, 48.034776, 883.0], [-121.199961, 48.034757, 882.1], [-121.199888, 48.034751, 883.5], [-121.199824, 48.034731, 886.4], [-121.199778, 48.034708, 885.3], [-121.199741, 48.034661, 884.6], [-121.199711, 48.034658, 887.0], [-121.19965, 48.034674, 890.2], [-121.199613, 48.034665, 888.1], [-121.199608, 48.034629, 888.1], [-121.19959, 48.034612, 888.2], [-121.199548, 48.034607, 889.7], [-121.199484, 48.034625, 889.2], [-121.199491, 48.034603, 886.9], [-121.199478, 48.034585, 883.7], [-121.199379, 48.034624, 885.7], [-121.199386, 48.034593, 884.8], [-121.199357, 48.034574, 886.9], [-121.199337, 48.034572, 885.9], [-121.199275, 48.034555, 885.6], [-121.199197, 48.034511, 888.4], [-121.199168, 48.034503, 890.3], [-121.199102, 48.034457, 892.2], [-121.19899, 48.03439, 899.8], [-121.198929, 48.034366, 898.6], [-121.198913, 48.034327, 900.2], [-121.198851, 48.034301, 900.6], [-121.198805, 48.034262, 897.5], [-121.198793, 48.034238, 895.2], [-121.198807, 48.034199, 891.9], [-121.198789, 48.034169, 893.1], [-121.198756, 48.034148, 892.9], [-121.198697, 48.034137, 891.9], [-121.198682, 48.034108, 894.0], [-121.198664, 48.034094, 894.9], [-121.198636, 48.034092, 893.7], [-121.198602, 48.03406, 889.4], [-121.198504, 48.034021, 890.8], [-121.198479, 48.034, 890.3], [-121.198368, 48.033951, 887.5], [-121.198358, 48.033926, 885.7], [-121.198283, 48.033876, 884.1], [-121.198215, 48.033858, 884.9], [-121.198201, 48.033851, 885.3], [-121.197913, 48.03378, 888.3], [-121.197853, 48.033752, 885.0], [-121.197638, 48.03368, 891.4], [-121.197553, 48.033665, 890.4], [-121.197464, 48.033624, 893.1], [-121.197434, 48.033599, 892.2], [-121.197425, 48.033586, 891.3], [-121.197372, 48.033544, 894.1], [-121.197312, 48.033466, 891.8], [-121.197284, 48.033457, 894.4], [-121.197191, 48.033435, 896.6], [-121.197049, 48.033348, 897.0], [-121.197033, 48.033336, 896.7], [-121.196994, 48.033292, 894.1], [-121.196973, 48.033243, 895.1], [-121.196927, 48.033231, 891.7], [-121.196931, 48.033198, 888.4], [-121.196794, 48.033102, 884.5], [-121.196774, 48.03306, 886.6], [-121.19669, 48.033003, 888.2], [-121.196673, 48.032969, 889.9], [-121.196675, 48.032913, 890.1], [-121.196647, 48.032845, 892.6], [-121.196609, 48.032801, 892.9], [-121.196576, 48.032739, 891.3], [-121.196546, 48.032708, 891.2], [-121.196491, 48.032624, 895.0], [-121.196422, 48.032577, 897.9], [-121.196353, 48.03251, 896.3], [-121.196339, 48.03249, 899.5], [-121.196338, 48.032458, 899.7], [-121.196313, 48.032434, 900.1], [-121.196258, 48.032408, 898.8], [-121.19619, 48.032351, 899.0], [-121.196114, 48.032309, 897.2], [-121.196032, 48.032285, 895.3], [-121.195961, 48.03223, 893.5], [-121.19591, 48.032205, 893.2], [-121.195752, 48.032103, 889.0], [-121.195735, 48.032094, 888.2], [-121.195655, 48.032063, 889.2], [-121.195535, 48.032049, 887.1], [-121.195514, 48.032041, 886.9], [-121.195421, 48.03203, 885.7], [-121.195312, 48.03198, 886.7], [-121.195252, 48.031969, 887.7], [-121.195196, 48.031954, 884.5], [-121.195113, 48.031913, 886.4], [-121.195022, 48.031901, 885.5], [-121.195008, 48.031895, 887.4], [-121.19493, 48.03185, 890.4], [-121.194828, 48.031816, 890.0], [-121.194756, 48.031797, 890.2], [-121.194689, 48.031761, 892.3], [-121.194575, 48.031743, 892.1], [-121.194507, 48.031752, 890.6], [-121.194404, 48.031744, 890.4], [-121.194289, 48.031763, 888.1], [-121.194209, 48.031769, 887.4], [-121.194034, 48.031748, 889.1], [-121.194024, 48.031739, 886.2], [-121.193956, 48.031711, 886.9], [-121.193887, 48.031705, 887.9], [-121.193853, 48.031666, 886.3], [-121.193649, 48.031677, 888.6], [-121.193579, 48.03166, 886.7], [-121.193485, 48.03168, 887.1], [-121.193432, 48.031561, 890.0], [-121.193402, 48.031524, 894.0], [-121.193367, 48.031502, 894.9], [-121.193354, 48.031503, 896.6], [-121.193362, 48.031435, 890.9], [-121.193341, 48.031326, 893.1], [-121.193361, 48.031287, 882.8], [-121.193395, 48.031274, 879.7], [-121.193404, 48.031235, 879.6], [-121.193454, 48.031166, 878.1], [-121.193504, 48.031101, 886.2], [-121.193534, 48.03109, 884.9], [-121.193592, 48.031096, 880.9], [-121.193664, 48.031071, 880.8], [-121.193702, 48.031054, 880.8], [-121.193802, 48.031045, 877.7], [-121.19383, 48.0311, 881.9], [-121.19386, 48.031117, 881.9], [-121.193868, 48.031135, 881.2], [-121.19386, 48.031175, 881.1], [-121.193876, 48.031196, 891.1], [-121.193947, 48.031211, 883.2], [-121.193886, 48.031206, 885.7], [-121.193867, 48.0312, 886.7], [-121.193796, 48.031191, 890.2], [-121.193843, 48.031226, 897.9], [-121.19385, 48.031209, 895.2], [-121.19379, 48.031245, 899.1], [-121.193764, 48.031243, 900.3], [-121.193726, 48.031212, 901.8], [-121.193717, 48.03119, 900.7], [-121.193688, 48.031151, 902.1], [-121.193649, 48.031134, 903.7], [-121.193622, 48.031145, 903.2], [-121.193544, 48.031212, 904.6], [-121.193473, 48.031312, 903.8], [-121.193433, 48.031315, 902.7], [-121.193414, 48.031298, 904.1], [-121.193403, 48.03127, 900.7], [-121.193387, 48.031255, 899.5], [-121.193311, 48.0312, 898.1], [-121.193202, 48.031179, 892.6], [-121.193152, 48.031129, 890.8], [-121.193073, 48.031082, 889.7], [-121.19299, 48.030958, 895.2], [-121.192985, 48.030931, 894.4], [-121.192971, 48.030922, 893.5], [-121.192903, 48.030896, 894.1], [-121.192829, 48.030901, 897.8], [-121.192818, 48.030904, 897.4], [-121.192698, 48.030913, 907.6], [-121.192584, 48.030875, 911.9], [-121.192565, 48.030872, 912.0], [-121.192349, 48.030816, 912.5], [-121.192246, 48.030732, 913.9], [-121.192179, 48.030631, 912.9], [-121.192137, 48.030593, 911.8], [-121.192079, 48.030512, 901.5], [-121.191946, 48.030491, 902.4], [-121.191924, 48.030493, 903.7], [-121.19188, 48.030517, 903.3], [-121.191741, 48.030524, 905.5], [-121.191686, 48.030508, 904.1], [-121.191664, 48.030506, 904.8], [-121.191541, 48.030476, 906.8], [-121.19144, 48.030432, 904.9], [-121.191325, 48.030426, 907.3], [-121.191215, 48.03039, 909.3], [-121.191056, 48.030353, 918.3], [-121.190974, 48.030348, 919.7], [-121.19092, 48.030325, 922.0], [-121.190831, 48.030331, 924.6], [-121.190735, 48.030267, 928.8], [-121.190679, 48.030216, 930.1], [-121.190553, 48.030177, 930.4], [-121.190534, 48.030176, 932.4], [-121.19042, 48.030135, 935.5], [-121.19032, 48.03015, 938.3], [-121.190203, 48.030171, 940.6], [-121.190155, 48.030131, 940.6], [-121.190071, 48.030157, 935.1], [-121.190059, 48.030166, 934.7], [-121.189959, 48.030192, 936.5], [-121.189927, 48.030224, 936.2], [-121.189787, 48.030237, 934.8], [-121.189593, 48.030142, 935.8], [-121.189559, 48.030148, 933.1], [-121.189449, 48.030101, 931.4], [-121.189435, 48.030098, 930.6], [-121.189396, 48.030075, 926.9], [-121.189383, 48.030052, 927.8], [-121.189329, 48.030019, 929.1], [-121.189255, 48.029945, 929.2], [-121.189228, 48.029925, 929.5], [-121.189179, 48.029895, 929.4], [-121.189167, 48.02986, 929.3], [-121.18911, 48.029825, 928.2], [-121.189072, 48.029822, 929.3], [-121.189047, 48.029804, 935.1], [-121.189047, 48.029781, 936.2], [-121.189029, 48.02975, 936.4], [-121.18901, 48.029741, 936.2], [-121.188982, 48.029756, 934.3], [-121.188956, 48.02975, 934.5], [-121.18891, 48.029694, 935.5], [-121.188877, 48.029675, 938.5], [-121.188811, 48.029691, 935.6], [-121.188707, 48.029691, 934.2], [-121.188684, 48.029651, 934.0], [-121.188665, 48.029666, 934.2], [-121.188606, 48.029656, 937.5], [-121.188584, 48.029635, 940.6], [-121.188435, 48.029591, 946.9], [-121.188416, 48.029576, 944.8], [-121.188414, 48.029584, 941.3], [-121.188291, 48.029617, 927.3], [-121.188261, 48.02962, 928.8], [-121.188189, 48.029603, 931.2], [-121.188077, 48.029597, 929.4], [-121.188049, 48.029612, 930.2], [-121.187934, 48.029586, 929.5], [-121.18788, 48.029559, 928.9], [-121.187815, 48.029552, 927.8], [-121.187765, 48.02953, 932.2], [-121.187742, 48.029526, 933.8], [-121.187705, 48.02954, 932.8], [-121.187688, 48.02954, 932.6], [-121.187543, 48.02956, 936.3], [-121.187461, 48.029541, 940.0], [-121.187375, 48.029515, 939.5], [-121.187311, 48.029476, 941.7], [-121.187267, 48.02942, 945.8], [-121.187244, 48.029378, 947.4], [-121.187106, 48.029297, 950.8], [-121.187093, 48.029267, 954.7], [-121.187033, 48.029237, 956.5], [-121.186967, 48.029229, 956.2], [-121.186921, 48.029258, 958.2], [-121.186866, 48.029275, 960.5], [-121.186838, 48.029266, 962.3], [-121.186798, 48.029243, 962.4], [-121.186752, 48.029276, 968.6], [-121.186712, 48.02928, 971.3], [-121.186647, 48.029305, 969.2], [-121.186637, 48.029305, 968.8], [-121.18654, 48.029345, 967.4], [-121.186436, 48.029358, 972.4], [-121.186415, 48.029398, 975.3], [-121.186343, 48.029375, 979.6], [-121.186311, 48.029387, 977.2], [-121.186296, 48.029373, 979.8], [-121.186295, 48.029351, 978.5], [-121.18621, 48.029296, 977.8], [-121.186322, 48.029352, 998.7], [-121.186338, 48.02937, 1001.0], [-121.186331, 48.029392, 996.9], [-121.186346, 48.029426, 998.4], [-121.186342, 48.029432, 999.3], [-121.186277, 48.029444, 996.4], [-121.186274, 48.029464, 996.4], [-121.186298, 48.029482, 997.4], [-121.186339, 48.029492, 998.1], [-121.186349, 48.029515, 994.4], [-121.186392, 48.029525, 994.8], [-121.186432, 48.029516, 996.8], [-121.186428, 48.029542, 999.7], [-121.186377, 48.029569, 1003.2], [-121.186281, 48.029643, 1004.0], [-121.186269, 48.029647, 1003.1], [-121.186206, 48.029629, 1002.6], [-121.186122, 48.029594, 1001.0], [-121.186061, 48.029551, 1002.4], [-121.185874, 48.029521, 1005.2], [-121.185809, 48.029493, 1016.2], [-121.185791, 48.029497, 1018.3], [-121.185876, 48.029546, 1018.4], [-121.18595, 48.029623, 1022.0], [-121.185992, 48.029699, 1021.7], [-121.18603, 48.029736, 1021.0], [-121.186093, 48.029778, 1026.9], [-121.186147, 48.029787, 1027.9], [-121.186173, 48.029799, 1029.5], [-121.186291, 48.029814, 1032.8], [-121.186384, 48.029885, 1034.6], [-121.186545, 48.029973, 1037.9], [-121.186585, 48.029986, 1039.3], [-121.186643, 48.03001, 1040.6], [-121.186645, 48.030061, 1042.2], [-121.186706, 48.030124, 1045.4], [-121.186721, 48.030127, 1045.8], [-121.186764, 48.030122, 1048.0], [-121.186811, 48.030156, 1053.4], [-121.186832, 48.030192, 1052.5], [-121.18684, 48.030246, 1050.9], [-121.186846, 48.030251, 1051.4], [-121.186827, 48.030262, 1048.7], [-121.18676, 48.030253, 1049.4], [-121.186669, 48.030224, 1051.2], [-121.186635, 48.030242, 1056.0], [-121.186471, 48.030213, 1057.2], [-121.186413, 48.030176, 1052.7], [-121.186365, 48.030154, 1054.0], [-121.18629, 48.030146, 1056.1], [-121.186265, 48.030157, 1054.9], [-121.186247, 48.030178, 1055.4], [-121.186171, 48.030187, 1055.2], [-121.186107, 48.030169, 1054.3], [-121.186072, 48.030178, 1054.0], [-121.185942, 48.030097, 1058.6], [-121.185925, 48.030093, 1059.2], [-121.185853, 48.030091, 1058.7], [-121.185798, 48.03012, 1056.2], [-121.185763, 48.030117, 1059.1], [-121.185685, 48.030141, 1065.4], [-121.185676, 48.030136, 1065.2], [-121.185636, 48.030139, 1063.8], [-121.185575, 48.030092, 1062.3], [-121.185483, 48.030056, 1060.5], [-121.185444, 48.030067, 1059.6], [-121.185412, 48.030062, 1058.9], [-121.185345, 48.030037, 1056.4], [-121.185217, 48.030042, 1057.4], [-121.185157, 48.030034, 1062.0], [-121.185098, 48.030046, 1061.9], [-121.18497, 48.03002, 1059.5], [-121.184917, 48.030012, 1058.1], [-121.184865, 48.029986, 1064.6], [-121.184829, 48.029992, 1067.2], [-121.184627, 48.030129, 1077.7], [-121.18457, 48.030151, 1078.7], [-121.184552, 48.030119, 1081.4], [-121.184563, 48.030112, 1082.9], [-121.18456, 48.030089, 1083.1], [-121.184571, 48.030087, 1085.4], [-121.184615, 48.030094, 1088.9], [-121.184661, 48.030163, 1088.0], [-121.184743, 48.030217, 1093.0], [-121.18482, 48.030262, 1096.9], [-121.184834, 48.030286, 1098.2], [-121.184886, 48.030316, 1103.4], [-121.184932, 48.030323, 1104.1], [-121.184944, 48.030352, 1106.9], [-121.184936, 48.030378, 1107.4], [-121.184966, 48.030462, 1105.9], [-121.184961, 48.030486, 1106.4], [-121.18498, 48.030519, 1105.7], [-121.184977, 48.030547, 1105.3], [-121.18503, 48.030633, 1107.4], [-121.185103, 48.030675, 1107.9], [-121.185106, 48.030702, 1105.2], [-121.185095, 48.030748, 1106.4], [-121.185134, 48.030791, 1109.5], [-121.185147, 48.030839, 1111.2], [-121.18515, 48.030919, 1110.4], [-121.185163, 48.030943, 1111.7], [-121.185205, 48.030971, 1115.3], [-121.185223, 48.030999, 1117.6], [-121.185218, 48.031004, 1116.6], [-121.185257, 48.031034, 1118.7], [-121.185306, 48.031148, 1121.2], [-121.185308, 48.031158, 1120.4], [-121.185297, 48.031178, 1119.7], [-121.18529, 48.031242, 1121.2], [-121.185318, 48.031302, 1121.8], [-121.18531, 48.031344, 1121.8], [-121.185287, 48.03137, 1119.7], [-121.185287, 48.031394, 1118.8], [-121.185371, 48.031458, 1122.2], [-121.185406, 48.031471, 1122.4], [-121.185469, 48.031476, 1126.4], [-121.185487, 48.031491, 1127.8], [-121.185519, 48.031477, 1130.7], [-121.185537, 48.031456, 1128.1], [-121.185563, 48.03145, 1130.7], [-121.1856, 48.031454, 1130.9], [-121.185625, 48.031474, 1131.2], [-121.185614, 48.031487, 1130.1], [-121.185664, 48.031545, 1133.8], [-121.185764, 48.031584, 1137.5], [-121.185778, 48.031584, 1136.9], [-121.185824, 48.031598, 1140.0], [-121.185854, 48.031637, 1143.5], [-121.185851, 48.031663, 1143.0], [-121.185783, 48.031682, 1144.8], [-121.185735, 48.031727, 1145.3], [-121.185647, 48.031749, 1144.8], [-121.185628, 48.031784, 1141.3], [-121.185602, 48.031784, 1141.3], [-121.185556, 48.031757, 1142.9], [-121.185507, 48.031755, 1144.4], [-121.185481, 48.031776, 1144.4], [-121.185379, 48.031778, 1145.3], [-121.185342, 48.031802, 1145.0], [-121.185323, 48.031808, 1145.0], [-121.185238, 48.031757, 1147.7], [-121.18517, 48.031757, 1146.9], [-121.185128, 48.031773, 1147.7], [-121.184972, 48.031716, 1150.3], [-121.18489, 48.031708, 1147.8], [-121.18485, 48.031691, 1148.7], [-121.18474, 48.031649, 1144.4], [-121.184714, 48.031628, 1146.4], [-121.184708, 48.031603, 1145.9], [-121.184686, 48.031587, 1147.6], [-121.184625, 48.031568, 1148.5], [-121.184616, 48.031559, 1147.8], [-121.184533, 48.03151, 1153.2], [-121.184471, 48.031451, 1152.1], [-121.18442, 48.031443, 1152.6], [-121.18437, 48.031431, 1154.0], [-121.184335, 48.031401, 1154.5], [-121.18431, 48.031354, 1155.7], [-121.184243, 48.031314, 1157.3], [-121.184167, 48.031288, 1158.2], [-121.184155, 48.031303, 1161.3], [-121.184182, 48.031315, 1161.0], [-121.184195, 48.031339, 1161.6], [-121.184179, 48.031361, 1163.3], [-121.184191, 48.031397, 1167.0], [-121.184187, 48.031429, 1168.3], [-121.184205, 48.031452, 1169.3], [-121.184195, 48.031497, 1171.4], [-121.184232, 48.031577, 1171.6], [-121.184238, 48.031583, 1170.3], [-121.184235, 48.031606, 1170.3], [-121.184264, 48.03164, 1172.2], [-121.184346, 48.031687, 1171.9], [-121.184402, 48.031707, 1174.9], [-121.184414, 48.031768, 1180.6], [-121.184405, 48.03183, 1180.2], [-121.184411, 48.031851, 1182.7], [-121.184438, 48.031874, 1183.8], [-121.184456, 48.03188, 1183.9], [-121.184479, 48.031902, 1183.4], [-121.184467, 48.03192, 1182.1], [-121.184379, 48.03197, 1176.9], [-121.184307, 48.031937, 1178.6], [-121.184287, 48.031887, 1178.5], [-121.184142, 48.031823, 1179.2], [-121.184119, 48.031819, 1178.0], [-121.184073, 48.031822, 1177.6], [-121.183976, 48.0318, 1178.8], [-121.183871, 48.031723, 1184.6], [-121.183865, 48.031715, 1185.2], [-121.183809, 48.031735, 1190.6], [-121.18378, 48.031759, 1192.4], [-121.183745, 48.031766, 1193.0], [-121.183681, 48.031756, 1192.9], [-121.183667, 48.031775, 1195.3], [-121.183685, 48.031799, 1195.6], [-121.183746, 48.031824, 1194.7], [-121.183862, 48.031833, 1200.9], [-121.183877, 48.031837, 1201.3], [-121.183982, 48.031905, 1202.7], [-121.184012, 48.031892, 1201.8], [-121.18404, 48.031902, 1202.6], [-121.184068, 48.031931, 1203.4], [-121.184068, 48.032015, 1203.3], [-121.184084, 48.032059, 1202.6], [-121.184082, 48.032101, 1202.7], [-121.184105, 48.032117, 1205.1], [-121.184124, 48.032121, 1207.0], [-121.184121, 48.032093, 1211.6], [-121.18409, 48.032077, 1205.4], [-121.184059, 48.03204, 1206.4], [-121.183944, 48.031989, 1203.8], [-121.18386, 48.031968, 1204.3], [-121.183747, 48.031902, 1203.6], [-121.18368, 48.031881, 1209.2], [-121.183604, 48.031876, 1211.4], [-121.183562, 48.031855, 1210.6], [-121.183522, 48.031852, 1213.9], [-121.183512, 48.031894, 1210.4], [-121.183514, 48.031906, 1209.9], [-121.183534, 48.031933, 1208.0], [-121.183701, 48.032029, 1210.9], [-121.183702, 48.032052, 1210.5], [-121.183727, 48.032091, 1214.5], [-121.183738, 48.032137, 1215.4], [-121.183801, 48.03217, 1215.6], [-121.183797, 48.032188, 1215.7], [-121.183875, 48.032293, 1213.7], [-121.183833, 48.032338, 1218.2], [-121.183817, 48.032346, 1217.1], [-121.183818, 48.032324, 1219.0], [-121.183799, 48.032306, 1219.3], [-121.183668, 48.032283, 1216.2], [-121.183629, 48.032269, 1219.2], [-121.183614, 48.03225, 1218.3], [-121.183581, 48.03226, 1220.5], [-121.183567, 48.03228, 1221.3], [-121.183635, 48.032342, 1227.6], [-121.183645, 48.032346, 1226.8], [-121.18366, 48.032375, 1224.5], [-121.183655, 48.032399, 1225.7], [-121.183726, 48.032473, 1231.1], [-121.183767, 48.032499, 1233.2], [-121.183798, 48.032512, 1234.9], [-121.183739, 48.032501, 1239.3], [-121.183676, 48.032465, 1235.0], [-121.183585, 48.032456, 1230.9], [-121.183482, 48.032434, 1228.1], [-121.183393, 48.032393, 1235.0], [-121.183409, 48.032374, 1234.8], [-121.183451, 48.03238, 1247.6], [-121.183478, 48.032359, 1259.0], [-121.183517, 48.032357, 1259.9], [-121.183497, 48.032339, 1258.4], [-121.18336, 48.032353, 1250.5], [-121.183349, 48.032348, 1251.8], [-121.183258, 48.032324, 1246.9], [-121.183204, 48.032293, 1250.9], [-121.183105, 48.032268, 1248.4], [-121.183048, 48.032218, 1249.3], [-121.18297, 48.032167, 1249.3], [-121.182935, 48.032156, 1250.5], [-121.182874, 48.03216, 1252.3], [-121.182805, 48.032131, 1251.6], [-121.182739, 48.032128, 1253.2], [-121.182684, 48.032103, 1254.4], [-121.182638, 48.032108, 1254.7], [-121.182606, 48.032093, 1258.3], [-121.182548, 48.032087, 1257.4], [-121.182418, 48.032052, 1258.8], [-121.182395, 48.032041, 1259.1], [-121.18239, 48.032054, 1262.0], [-121.182485, 48.032083, 1262.3], [-121.182503, 48.03213, 1267.4], [-121.182571, 48.032184, 1267.8], [-121.182594, 48.032215, 1267.6], [-121.182725, 48.032292, 1268.0], [-121.18276, 48.032332, 1267.4], [-121.182807, 48.032352, 1269.0], [-121.182842, 48.032351, 1270.0], [-121.182891, 48.032457, 1271.2], [-121.182957, 48.032508, 1271.1], [-121.182979, 48.03255, 1273.4], [-121.183152, 48.032639, 1276.5], [-121.183202, 48.032706, 1274.9], [-121.183207, 48.032716, 1274.7], [-121.183217, 48.032767, 1275.6], [-121.183239, 48.032779, 1275.3], [-121.183282, 48.032835, 1276.1], [-121.183319, 48.032854, 1275.9], [-121.18332, 48.032904, 1278.6], [-121.18336, 48.032946, 1283.5], [-121.183376, 48.032995, 1285.0], [-121.183343, 48.032988, 1286.2], [-121.183312, 48.032955, 1285.7], [-121.183305, 48.032939, 1286.7], [-121.183205, 48.032879, 1285.8], [-121.18316, 48.032866, 1285.0], [-121.183132, 48.032842, 1285.0], [-121.183074, 48.032774, 1290.4], [-121.183044, 48.032758, 1288.0], [-121.182923, 48.032749, 1288.3], [-121.182899, 48.032745, 1288.4], [-121.182702, 48.032692, 1289.9], [-121.182645, 48.032658, 1291.0], [-121.182561, 48.032619, 1295.1], [-121.182526, 48.032585, 1291.4], [-121.182458, 48.032544, 1291.8], [-121.18226, 48.032487, 1296.3], [-121.182212, 48.032462, 1298.6], [-121.182193, 48.032459, 1299.4], [-121.182015, 48.032418, 1304.2], [-121.181931, 48.032418, 1303.9], [-121.181916, 48.032423, 1303.4], [-121.181839, 48.032424, 1299.7], [-121.181803, 48.032469, 1299.9], [-121.181726, 48.032412, 1302.7], [-121.18166, 48.03234, 1301.6], [-121.181548, 48.032298, 1305.6], [-121.181527, 48.032287, 1305.9], [-121.18143, 48.032258, 1304.7], [-121.181361, 48.032264, 1304.9], [-121.181315, 48.032278, 1304.9], [-121.181244, 48.032292, 1304.0], [-121.181224, 48.032286, 1302.6], [-121.181093, 48.032215, 1304.0], [-121.18108, 48.032198, 1304.3], [-121.181013, 48.032192, 1304.0], [-121.180942, 48.032156, 1303.5], [-121.180871, 48.032147, 1302.1], [-121.180824, 48.032144, 1305.4], [-121.180799, 48.032129, 1306.8], [-121.180775, 48.032071, 1310.0], [-121.180742, 48.032058, 1311.1], [-121.180675, 48.032064, 1309.9], [-121.180583, 48.032045, 1310.3], [-121.180508, 48.032052, 1311.8], [-121.180463, 48.032033, 1311.4], [-121.180359, 48.032047, 1314.6], [-121.18031, 48.032064, 1313.7], [-121.180248, 48.032063, 1313.4], [-121.180187, 48.03208, 1316.2], [-121.180153, 48.032137, 1318.3], [-121.18012, 48.032167, 1320.3], [-121.180066, 48.032165, 1321.3], [-121.180006, 48.032172, 1324.6], [-121.17998, 48.032201, 1324.0], [-121.179947, 48.0322, 1325.2], [-121.1799, 48.032242, 1325.7], [-121.179811, 48.032253, 1330.0], [-121.179736, 48.032265, 1330.1], [-121.179584, 48.03225, 1336.5], [-121.179557, 48.032245, 1336.7], [-121.179584, 48.032261, 1331.3], [-121.179568, 48.032304, 1327.1], [-121.179464, 48.032298, 1324.1], [-121.179431, 48.032311, 1326.8], [-121.179405, 48.032362, 1329.4], [-121.179422, 48.032412, 1329.3], [-121.179384, 48.032412, 1329.9], [-121.179356, 48.0324, 1327.6], [-121.179356, 48.03238, 1327.7], [-121.179369, 48.032359, 1326.8], [-121.179335, 48.032325, 1327.9], [-121.179262, 48.032303, 1326.6], [-121.179119, 48.032305, 1329.7], [-121.179077, 48.032289, 1329.7], [-121.179068, 48.032291, 1329.3], [-121.179048, 48.032314, 1331.4], [-121.178899, 48.032333, 1335.9], [-121.178836, 48.032331, 1335.4], [-121.178621, 48.032342, 1338.7], [-121.17855, 48.032333, 1339.6], [-121.178501, 48.032356, 1337.6], [-121.178376, 48.032323, 1339.6], [-121.17836, 48.032322, 1339.3], [-121.178328, 48.032347, 1340.5], [-121.178294, 48.032359, 1344.7], [-121.17819, 48.032304, 1344.5], [-121.17814, 48.032317, 1344.4], [-121.17814, 48.03235, 1345.0], [-121.178124, 48.032394, 1344.8], [-121.178069, 48.032382, 1345.3], [-121.177996, 48.032395, 1346.6], [-121.177933, 48.032404, 1345.6], [-121.17783, 48.032382, 1350.4], [-121.177796, 48.032385, 1352.3], [-121.177774, 48.032412, 1353.8], [-121.177766, 48.032449, 1353.8], [-121.177766, 48.032476, 1354.4], [-121.177719, 48.032501, 1355.2], [-121.177614, 48.032486, 1355.2], [-121.177561, 48.032498, 1359.8], [-121.177463, 48.032475, 1362.3], [-121.177428, 48.032482, 1364.0], [-121.177357, 48.032525, 1365.2], [-121.177331, 48.032568, 1362.3], [-121.177335, 48.032589, 1361.9], [-121.177264, 48.032549, 1358.4], [-121.177234, 48.032547, 1357.0], [-121.177158, 48.032576, 1357.4], [-121.177096, 48.03258, 1359.9], [-121.177071, 48.032593, 1360.6], [-121.177046, 48.032629, 1357.6], [-121.177018, 48.032643, 1358.6], [-121.176981, 48.032653, 1359.8], [-121.176937, 48.032651, 1362.9], [-121.176917, 48.032646, 1363.2], [-121.176841, 48.032646, 1365.3], [-121.176817, 48.032661, 1365.9], [-121.176804, 48.032686, 1364.0], [-121.176775, 48.032699, 1364.7], [-121.176743, 48.032707, 1368.4], [-121.176687, 48.032698, 1366.6], [-121.176566, 48.032731, 1369.8], [-121.176539, 48.032754, 1370.6], [-121.176463, 48.032781, 1374.1], [-121.176447, 48.032782, 1374.4], [-121.176409, 48.032803, 1374.7], [-121.176371, 48.032811, 1373.8], [-121.176345, 48.032831, 1372.7], [-121.176314, 48.03282, 1373.5], [-121.176193, 48.032813, 1374.2], [-121.176187, 48.032809, 1378.4], [-121.176053, 48.032779, 1384.2], [-121.176084, 48.032767, 1384.3], [-121.176057, 48.032748, 1384.7], [-121.176005, 48.032735, 1386.0], [-121.175892, 48.032728, 1387.1], [-121.175801, 48.032759, 1385.2], [-121.175784, 48.032779, 1379.6], [-121.175743, 48.032776, 1379.5], [-121.175575, 48.0328, 1380.8], [-121.175555, 48.03282, 1379.1], [-121.175542, 48.03286, 1380.5], [-121.175489, 48.032894, 1383.8], [-121.17545, 48.032934, 1386.7], [-121.175345, 48.032961, 1385.0], [-121.175317, 48.032961, 1382.9], [-121.175323, 48.032946, 1382.8], [-121.175301, 48.032927, 1382.1], [-121.175279, 48.032932, 1383.2], [-121.175244, 48.032979, 1387.8], [-121.175236, 48.032998, 1388.3], [-121.175246, 48.033022, 1388.4], [-121.17528, 48.033043, 1388.2], [-121.175284, 48.033052, 1389.3], [-121.175279, 48.033111, 1389.1], [-121.175306, 48.033208, 1391.0], [-121.175294, 48.033235, 1391.3], [-121.175314, 48.033261, 1393.7], [-121.175338, 48.033362, 1394.6], [-121.175408, 48.033483, 1401.3], [-121.175504, 48.033509, 1401.8], [-121.175552, 48.033536, 1402.8], [-121.175663, 48.033573, 1402.5], [-121.175757, 48.033567, 1402.0], [-121.175805, 48.03358, 1401.4], [-121.175846, 48.033588, 1407.3], [-121.175873, 48.033606, 1410.1], [-121.175839, 48.0337, 1411.3], [-121.175814, 48.033727, 1412.8], [-121.175763, 48.033724, 1414.9], [-121.175609, 48.033762, 1417.9], [-121.175569, 48.033756, 1419.0], [-121.175554, 48.033761, 1419.4], [-121.175513, 48.03379, 1416.6], [-121.175507, 48.033813, 1416.6], [-121.175484, 48.03383, 1417.6], [-121.17547, 48.03387, 1416.5], [-121.175383, 48.033933, 1417.9], [-121.175375, 48.033954, 1418.9], [-121.175329, 48.033987, 1421.0], [-121.175277, 48.034009, 1422.3], [-121.175252, 48.034036, 1420.6], [-121.175305, 48.034069, 1420.6], [-121.175369, 48.034091, 1423.1], [-121.175396, 48.034091, 1423.5], [-121.175441, 48.034132, 1425.4], [-121.175458, 48.034138, 1426.5], [-121.175462, 48.034158, 1424.7], [-121.175532, 48.034218, 1423.4], [-121.175597, 48.034232, 1428.5], [-121.175654, 48.034214, 1432.0], [-121.175695, 48.034206, 1433.4], [-121.175733, 48.034211, 1434.8], [-121.175787, 48.034253, 1433.8], [-121.175837, 48.034312, 1437.0], [-121.17588, 48.034378, 1438.4], [-121.175906, 48.034394, 1440.9], [-121.176011, 48.034408, 1438.3], [-121.176015, 48.034407, 1438.9], [-121.176054, 48.034475, 1440.5], [-121.176087, 48.03449, 1440.6], [-121.17615, 48.034501, 1444.4], [-121.176201, 48.034489, 1443.8], [-121.176217, 48.034494, 1445.5], [-121.176274, 48.034567, 1440.9], [-121.176301, 48.034582, 1441.4], [-121.176333, 48.034643, 1441.9], [-121.176461, 48.034671, 1447.1], [-121.176505, 48.034707, 1449.5], [-121.17656, 48.034728, 1447.5], [-121.176567, 48.034746, 1446.9], [-121.176591, 48.034764, 1445.3], [-121.176733, 48.03477, 1451.4], [-121.17678, 48.034783, 1450.6], [-121.176789, 48.034795, 1451.1], [-121.176801, 48.034854, 1450.7], [-121.176868, 48.034864, 1450.9], [-121.176873, 48.034885, 1448.0], [-121.176932, 48.034923, 1448.4], [-121.176942, 48.034932, 1447.9], [-121.176952, 48.034959, 1445.9], [-121.176976, 48.034982, 1446.9], [-121.177062, 48.034987, 1446.8], [-121.177122, 48.035014, 1448.5], [-121.17714, 48.03504, 1450.1], [-121.177134, 48.035066, 1450.2], [-121.177178, 48.035092, 1447.6], [-121.17719, 48.035111, 1449.1], [-121.1772, 48.03516, 1446.9], [-121.177195, 48.035174, 1448.0], [-121.177297, 48.035189, 1450.0], [-121.177326, 48.035205, 1449.7], [-121.177361, 48.035194, 1450.3], [-121.177423, 48.035202, 1450.4], [-121.177488, 48.03525, 1452.1], [-121.177566, 48.035335, 1455.0], [-121.177601, 48.035362, 1457.5], [-121.177669, 48.035389, 1458.1], [-121.17773, 48.035449, 1459.4], [-121.177818, 48.035569, 1462.5], [-121.177854, 48.035589, 1466.1], [-121.177831, 48.035596, 1468.9], [-121.177644, 48.03556, 1471.3], [-121.177612, 48.035567, 1471.4], [-121.177419, 48.035535, 1475.1], [-121.177403, 48.035531, 1474.6], [-121.177253, 48.035563, 1472.2], [-121.177132, 48.035558, 1475.7], [-121.177109, 48.035552, 1474.5], [-121.177005, 48.035546, 1474.3], [-121.176978, 48.035552, 1472.8], [-121.176915, 48.03559, 1476.0], [-121.176874, 48.035598, 1476.0], [-121.176836, 48.035613, 1477.0], [-121.17667, 48.03561, 1479.8], [-121.176627, 48.035628, 1479.4], [-121.176526, 48.035632, 1476.7], [-121.176437, 48.0356, 1475.9], [-121.176372, 48.035606, 1476.7], [-121.176293, 48.035618, 1476.6], [-121.176238, 48.035605, 1478.8], [-121.176217, 48.035585, 1482.0], [-121.176146, 48.03559, 1483.9], [-121.176126, 48.035597, 1485.4], [-121.17604, 48.035639, 1486.2], [-121.175978, 48.035637, 1492.1], [-121.175906, 48.035658, 1489.2], [-121.175823, 48.035665, 1486.3], [-121.175764, 48.035654, 1487.1], [-121.175728, 48.035661, 1488.4], [-121.175706, 48.035678, 1489.2], [-121.175704, 48.035728, 1492.9], [-121.175719, 48.035758, 1492.3], [-121.17574, 48.035769, 1490.9], [-121.175798, 48.035769, 1492.5], [-121.175875, 48.035799, 1495.2], [-121.175884, 48.035828, 1491.5], [-121.175931, 48.035895, 1487.6], [-121.176004, 48.035915, 1487.5], [-121.176039, 48.035935, 1488.6], [-121.176081, 48.035934, 1491.0], [-121.176116, 48.035971, 1491.4], [-121.17626, 48.036015, 1492.0], [-121.17634, 48.036029, 1492.2], [-121.176451, 48.036025, 1499.4], [-121.176549, 48.036057, 1498.4], [-121.176701, 48.036043, 1498.7], [-121.176745, 48.036069, 1496.6], [-121.176776, 48.036097, 1495.5], [-121.17682, 48.036163, 1497.6], [-121.176864, 48.036169, 1497.8], [-121.176876, 48.036193, 1495.5], [-121.176862, 48.036214, 1495.5], [-121.176871, 48.036228, 1493.3], [-121.176939, 48.036253, 1493.1], [-121.176964, 48.036272, 1495.0], [-121.176994, 48.036359, 1498.5], [-121.176996, 48.036371, 1498.9], [-121.176987, 48.036405, 1499.9], [-121.17679, 48.03642, 1505.7], [-121.176584, 48.036422, 1509.8], [-121.176526, 48.036461, 1514.1], [-121.176513, 48.036464, 1514.9], [-121.176355, 48.036512, 1516.3], [-121.176272, 48.036498, 1520.4], [-121.176251, 48.036502, 1519.6], [-121.176174, 48.036506, 1524.1], [-121.176105, 48.036533, 1525.8], [-121.176024, 48.036586, 1521.6], [-121.175994, 48.036601, 1524.5], [-121.175958, 48.036624, 1524.0], [-121.175925, 48.036662, 1522.9], [-121.175891, 48.036656, 1523.6], [-121.175868, 48.036638, 1524.1], [-121.175901, 48.036682, 1526.8], [-121.175919, 48.036727, 1527.2], [-121.175898, 48.03675, 1527.2], [-121.175919, 48.036791, 1527.8], [-121.175979, 48.03686, 1532.5], [-121.176107, 48.036919, 1532.6], [-121.176162, 48.036955, 1533.3], [-121.176179, 48.036994, 1534.2], [-121.176209, 48.037013, 1533.2], [-121.176296, 48.037037, 1534.8], [-121.176308, 48.037058, 1536.1], [-121.176302, 48.037112, 1538.2], [-121.176304, 48.037124, 1538.3], [-121.176331, 48.037179, 1537.2], [-121.176462, 48.03726, 1537.9], [-121.176475, 48.037264, 1537.0], [-121.176513, 48.037302, 1538.9], [-121.176486, 48.037318, 1540.7], [-121.176332, 48.037326, 1545.9], [-121.176219, 48.037307, 1544.5], [-121.176096, 48.037338, 1552.0], [-121.176059, 48.037358, 1551.4], [-121.176059, 48.037374, 1550.6], [-121.176075, 48.037396, 1551.0], [-121.176201, 48.037437, 1549.1], [-121.176211, 48.037444, 1548.8], [-121.176248, 48.037518, 1548.2], [-121.176274, 48.037538, 1549.0], [-121.176344, 48.03756, 1549.6], [-121.176376, 48.037587, 1550.7], [-121.176388, 48.037621, 1550.1], [-121.176485, 48.037667, 1549.3], [-121.1765, 48.037691, 1552.0], [-121.176537, 48.037717, 1550.7], [-121.17656, 48.037721, 1550.4], [-121.176611, 48.037721, 1550.2], [-121.17664, 48.037733, 1549.8], [-121.176654, 48.037763, 1550.1], [-121.17673, 48.037788, 1551.1], [-121.176808, 48.037837, 1550.9], [-121.176949, 48.037862, 1551.4], [-121.176969, 48.037869, 1551.0], [-121.177025, 48.037943, 1552.3], [-121.177041, 48.037989, 1556.1], [-121.177114, 48.038056, 1558.1], [-121.177164, 48.038075, 1560.6], [-121.177179, 48.038098, 1560.2], [-121.177191, 48.038171, 1565.6], [-121.177183, 48.038202, 1566.9], [-121.177239, 48.038235, 1567.4], [-121.1773, 48.038251, 1567.8], [-121.177299, 48.038276, 1568.4], [-121.177323, 48.038333, 1568.5], [-121.17733, 48.038342, 1568.3], [-121.177341, 48.038403, 1570.3], [-121.177372, 48.038444, 1572.1], [-121.177348, 48.038494, 1572.9], [-121.177359, 48.038534, 1574.5], [-121.177387, 48.038538, 1573.4], [-121.177456, 48.038616, 1576.9], [-121.177415, 48.038618, 1574.4], [-121.177286, 48.038609, 1577.5], [-121.177261, 48.038603, 1577.1], [-121.177217, 48.038567, 1576.7], [-121.177172, 48.038567, 1576.3], [-121.177121, 48.038586, 1578.8], [-121.177055, 48.038581, 1581.5], [-121.177021, 48.038592, 1583.3], [-121.176967, 48.03859, 1583.4], [-121.176924, 48.03861, 1585.9], [-121.176877, 48.038615, 1587.2], [-121.176758, 48.038601, 1587.7], [-121.176721, 48.038607, 1587.6], [-121.176689, 48.038631, 1587.2], [-121.17664, 48.038632, 1588.6], [-121.176593, 48.038655, 1590.7], [-121.176454, 48.038634, 1589.7], [-121.176386, 48.038654, 1591.1], [-121.1762, 48.038652, 1596.5], [-121.17619, 48.038653, 1597.7], [-121.176109, 48.038644, 1598.1], [-121.176029, 48.038651, 1596.7], [-121.175944, 48.038637, 1596.0], [-121.175891, 48.038598, 1595.4], [-121.175772, 48.038582, 1602.5], [-121.175734, 48.038555, 1603.2], [-121.175603, 48.038534, 1605.3], [-121.175472, 48.038537, 1604.7], [-121.175371, 48.038556, 1603.1], [-121.175224, 48.038535, 1606.7], [-121.17512, 48.038496, 1607.9], [-121.174982, 48.038483, 1608.5], [-121.174961, 48.038455, 1609.6], [-121.174858, 48.038455, 1609.1], [-121.174826, 48.03847, 1607.7], [-121.174733, 48.038452, 1609.7], [-121.174715, 48.038426, 1608.9], [-121.17462, 48.038411, 1607.5], [-121.174517, 48.038436, 1611.8], [-121.174484, 48.038446, 1612.2], [-121.174212, 48.038453, 1615.4], [-121.174117, 48.038446, 1618.2], [-121.174118, 48.038419, 1616.4], [-121.174084, 48.03842, 1621.5], [-121.174064, 48.038434, 1620.9], [-121.173981, 48.03843, 1618.2], [-121.173867, 48.038466, 1624.2], [-121.173792, 48.038467, 1625.8], [-121.1737, 48.038487, 1628.4], [-121.173673, 48.038506, 1629.1], [-121.173539, 48.038526, 1627.8], [-121.173483, 48.038512, 1630.9], [-121.173387, 48.038519, 1630.0], [-121.173223, 48.03846, 1633.0], [-121.173133, 48.038471, 1633.7], [-121.17312, 48.038475, 1633.8], [-121.17304, 48.038467, 1632.7], [-121.172985, 48.038483, 1630.7], [-121.172917, 48.038482, 1632.2], [-121.172867, 48.038459, 1633.4], [-121.17276, 48.03843, 1635.0], [-121.172661, 48.03845, 1635.6], [-121.172555, 48.038417, 1635.1], [-121.172502, 48.038347, 1636.0], [-121.172463, 48.038335, 1635.1], [-121.172388, 48.038297, 1638.4], [-121.172283, 48.038209, 1641.9], [-121.1722, 48.038169, 1642.5], [-121.172029, 48.038147, 1643.2], [-121.171958, 48.038125, 1643.5], [-121.171895, 48.038122, 1642.2], [-121.171801, 48.038162, 1644.1], [-121.171787, 48.03817, 1644.7], [-121.171745, 48.038233, 1644.4], [-121.17171, 48.038244, 1644.4], [-121.171618, 48.038237, 1643.8], [-121.171573, 48.038204, 1644.0], [-121.171566, 48.038192, 1644.6], [-121.17151, 48.038156, 1646.1], [-121.171396, 48.038154, 1647.4], [-121.171341, 48.038137, 1648.4], [-121.171316, 48.038135, 1649.0], [-121.171231, 48.03814, 1648.6], [-121.171197, 48.038133, 1647.6], [-121.171102, 48.038069, 1649.2], [-121.171064, 48.038038, 1649.0], [-121.171034, 48.038037, 1648.5], [-121.170996, 48.038002, 1651.1], [-121.170944, 48.037977, 1649.2], [-121.17096, 48.037958, 1649.8], [-121.170847, 48.037924, 1651.7], [-121.170779, 48.037917, 1651.0], [-121.170734, 48.037944, 1652.5], [-121.170706, 48.037944, 1653.9], [-121.170639, 48.037957, 1654.1], [-121.170574, 48.037951, 1655.1], [-121.170545, 48.037944, 1655.1], [-121.170497, 48.037908, 1656.5], [-121.170484, 48.037893, 1656.5], [-121.170296, 48.037776, 1658.4], [-121.170247, 48.037762, 1659.5], [-121.170184, 48.037779, 1659.5], [-121.170152, 48.037778, 1659.8], [-121.170038, 48.03773, 1662.4], [-121.16992, 48.037733, 1663.2], [-121.169871, 48.037701, 1661.9], [-121.169824, 48.037688, 1661.4], [-121.169723, 48.037664, 1660.7], [-121.169574, 48.037656, 1661.3], [-121.169533, 48.037636, 1661.9], [-121.169511, 48.037614, 1661.5], [-121.169494, 48.037557, 1663.5], [-121.169347, 48.037476, 1664.2], [-121.169323, 48.037447, 1667.4], [-121.169314, 48.037405, 1666.9], [-121.169282, 48.037406, 1664.6], [-121.16923, 48.037424, 1665.5], [-121.169121, 48.037369, 1665.4], [-121.169055, 48.037353, 1664.4], [-121.169025, 48.037334, 1665.0], [-121.169, 48.037282, 1666.2], [-121.168954, 48.037256, 1666.1], [-121.168926, 48.037221, 1668.6], [-121.168898, 48.037206, 1668.7], [-121.168826, 48.037191, 1667.8], [-121.168754, 48.037132, 1673.2], [-121.168722, 48.037046, 1675.2], [-121.168709, 48.036986, 1676.2], [-121.16868, 48.036955, 1673.1], [-121.168579, 48.036941, 1673.0], [-121.16856, 48.036934, 1673.5], [-121.168428, 48.036813, 1677.4], [-121.168397, 48.036789, 1678.1], [-121.168368, 48.036799, 1678.3], [-121.168338, 48.036785, 1678.3], [-121.168286, 48.036738, 1678.3], [-121.1682, 48.036744, 1676.2], [-121.16812, 48.036746, 1676.7], [-121.168087, 48.03676, 1676.5], [-121.16802, 48.036735, 1676.7], [-121.167956, 48.036726, 1677.6], [-121.16783, 48.036718, 1677.6], [-121.167705, 48.036668, 1678.2], [-121.167688, 48.03666, 1678.7], [-121.167583, 48.036627, 1678.0], [-121.167544, 48.036592, 1679.1], [-121.167478, 48.036555, 1678.8], [-121.167464, 48.036539, 1680.0], [-121.167362, 48.03645, 1683.6], [-121.167278, 48.036419, 1684.8], [-121.167115, 48.036366, 1683.0], [-121.167091, 48.036353, 1682.7], [-121.167076, 48.036304, 1683.1], [-121.167039, 48.036228, 1683.8], [-121.167041, 48.03618, 1684.7], [-121.167006, 48.036109, 1686.1], [-121.166976, 48.03608, 1686.6], [-121.166907, 48.035959, 1688.5], [-121.166869, 48.035913, 1689.1], [-121.166851, 48.035872, 1690.0], [-121.166786, 48.03581, 1688.4], [-121.166715, 48.035765, 1691.9], [-121.166775, 48.035731, 1691.3], [-121.16671, 48.03573, 1689.2], [-121.166662, 48.035709, 1688.9], [-121.166622, 48.035668, 1689.7], [-121.166576, 48.035638, 1690.0], [-121.16654, 48.03563, 1690.7], [-121.166448, 48.035638, 1688.6], [-121.166422, 48.035618, 1690.2], [-121.166344, 48.035597, 1693.0], [-121.166269, 48.035516, 1693.0], [-121.166267, 48.035511, 1692.9], [-121.166218, 48.035474, 1694.9], [-121.166079, 48.035431, 1695.7], [-121.166031, 48.035398, 1696.5], [-121.16603, 48.035375, 1697.2], [-121.166008, 48.035356, 1696.2], [-121.165882, 48.035308, 1698.9], [-121.165704, 48.035309, 1701.3], [-121.165645, 48.035294, 1703.0], [-121.165563, 48.035266, 1706.2], [-121.165433, 48.035242, 1706.3], [-121.165347, 48.035251, 1707.1], [-121.165286, 48.035277, 1707.8], [-121.165213, 48.03529, 1708.9], [-121.165064, 48.035371, 1708.7], [-121.165028, 48.03537, 1711.6], [-121.164939, 48.0354, 1710.4], [-121.164918, 48.035409, 1710.9], [-121.164711, 48.035489, 1716.4], [-121.164619, 48.035479, 1717.9], [-121.164564, 48.035422, 1717.1], [-121.164523, 48.035413, 1716.7], [-121.16446, 48.03538, 1716.8], [-121.164395, 48.035368, 1715.6], [-121.164375, 48.035354, 1715.5], [-121.164339, 48.035279, 1714.6], [-121.164313, 48.035241, 1713.1], [-121.164284, 48.035252, 1711.4], [-121.16425, 48.035249, 1713.4], [-121.164191, 48.035225, 1718.5], [-121.164159, 48.035223, 1719.0], [-121.164136, 48.035253, 1720.7], [-121.164122, 48.035263, 1720.5], [-121.163903, 48.03536, 1724.0], [-121.163899, 48.035364, 1721.8], [-121.16378, 48.0354, 1725.7], [-121.163729, 48.03544, 1726.3], [-121.163664, 48.035471, 1723.6], [-121.163597, 48.035468, 1726.1], [-121.163567, 48.035478, 1725.3], [-121.16355, 48.035502, 1726.7], [-121.163545, 48.035536, 1725.0], [-121.163538, 48.035545, 1724.9], [-121.1635, 48.035563, 1724.3], [-121.16343, 48.035618, 1726.2], [-121.163402, 48.035617, 1726.8], [-121.163365, 48.035569, 1726.2], [-121.163352, 48.035563, 1726.0], [-121.163259, 48.035484, 1726.9], [-121.163187, 48.035447, 1726.8], [-121.163181, 48.035439, 1725.7], [-121.163091, 48.035366, 1727.0], [-121.163059, 48.035307, 1730.8], [-121.162984, 48.035295, 1728.9], [-121.162853, 48.035309, 1731.3], [-121.162759, 48.035306, 1732.3], [-121.162739, 48.03531, 1734.9], [-121.162604, 48.035347, 1738.5], [-121.162501, 48.035339, 1738.5], [-121.16244, 48.03536, 1740.9], [-121.162301, 48.035442, 1743.1], [-121.162238, 48.035505, 1742.5], [-121.162194, 48.035537, 1745.3], [-121.162153, 48.03555, 1744.4], [-121.16208, 48.035614, 1746.1], [-121.161976, 48.035664, 1748.9], [-121.161967, 48.035666, 1749.0], [-121.161947, 48.035691, 1745.7], [-121.161914, 48.03568, 1748.3], [-121.161845, 48.035685, 1751.8], [-121.161828, 48.03566, 1756.1], [-121.161688, 48.03571, 1759.3], [-121.161669, 48.035726, 1759.9], [-121.161617, 48.035735, 1760.3], [-121.161468, 48.035714, 1761.9], [-121.161364, 48.035745, 1766.1], [-121.161348, 48.035753, 1765.7], [-121.161084, 48.035709, 1766.9], [-121.161, 48.035704, 1764.9], [-121.160902, 48.035672, 1765.7], [-121.160816, 48.035667, 1767.6], [-121.160799, 48.035669, 1768.0], [-121.160718, 48.035669, 1767.1], [-121.160614, 48.035683, 1769.8], [-121.160543, 48.035673, 1770.7], [-121.160505, 48.03568, 1771.0], [-121.160252, 48.035703, 1777.2], [-121.160147, 48.035729, 1773.5], [-121.160022, 48.035732, 1777.2], [-121.159965, 48.035722, 1776.1], [-121.159834, 48.035717, 1774.2], [-121.159781, 48.035767, 1774.5], [-121.159737, 48.035776, 1773.2], [-121.159661, 48.035787, 1775.1], [-121.159641, 48.035772, 1775.5], [-121.159536, 48.035834, 1778.3], [-121.159456, 48.035859, 1778.3], [-121.159395, 48.035898, 1779.0], [-121.1593, 48.035924, 1781.1], [-121.159228, 48.035953, 1779.7], [-121.159142, 48.035962, 1780.5], [-121.159067, 48.03601, 1779.5], [-121.158886, 48.036008, 1781.9], [-121.158822, 48.036024, 1780.6], [-121.158795, 48.036018, 1779.9], [-121.158669, 48.036043, 1783.6], [-121.1586, 48.0361, 1782.0], [-121.158551, 48.036129, 1783.7], [-121.158544, 48.036155, 1782.9], [-121.158492, 48.036202, 1781.1], [-121.158428, 48.036234, 1780.3], [-121.158254, 48.036347, 1787.7], [-121.158208, 48.036362, 1789.5], [-121.158152, 48.036416, 1789.3], [-121.15813, 48.036425, 1789.2], [-121.158063, 48.03649, 1789.8], [-121.15801, 48.036517, 1791.9], [-121.15796, 48.036526, 1793.8], [-121.157915, 48.036555, 1792.0], [-121.157828, 48.036591, 1794.7], [-121.157756, 48.03658, 1795.8], [-121.157596, 48.03657, 1795.4], [-121.15754, 48.036581, 1796.8], [-121.157501, 48.036599, 1797.0], [-121.157461, 48.036635, 1798.3], [-121.157429, 48.036645, 1800.2], [-121.157246, 48.036606, 1799.3], [-121.157141, 48.03659, 1801.0], [-121.157001, 48.036614, 1801.0], [-121.156886, 48.036618, 1804.1], [-121.156805, 48.036539, 1802.4], [-121.156745, 48.036464, 1800.7], [-121.156647, 48.036415, 1802.2], [-121.156403, 48.036385, 1799.3], [-121.15638, 48.036387, 1799.3], [-121.156214, 48.036411, 1807.1], [-121.156182, 48.036423, 1804.2], [-121.156144, 48.036457, 1804.0], [-121.156122, 48.036466, 1805.3], [-121.15603, 48.036462, 1806.6], [-121.156002, 48.036447, 1804.7], [-121.155973, 48.036417, 1801.1], [-121.155967, 48.036369, 1794.0], [-121.155918, 48.036361, 1794.4], [-121.155784, 48.036365, 1792.6], [-121.155639, 48.036353, 1795.6], [-121.155523, 48.036351, 1798.2], [-121.155423, 48.036328, 1798.7], [-121.155402, 48.036327, 1798.3], [-121.155314, 48.036337, 1800.5], [-121.155172, 48.036329, 1801.7], [-121.154941, 48.036282, 1802.2], [-121.154801, 48.036277, 1801.6], [-121.154737, 48.036258, 1803.4], [-121.154674, 48.036256, 1804.2], [-121.154596, 48.036246, 1805.7], [-121.154539, 48.036186, 1803.9], [-121.154455, 48.036153, 1803.9], [-121.154345, 48.036116, 1803.7], [-121.154286, 48.036116, 1801.3], [-121.154229, 48.03609, 1801.1], [-121.154205, 48.036075, 1801.6], [-121.154124, 48.036047, 1802.1], [-121.154027, 48.036054, 1806.6], [-121.153954, 48.036044, 1808.0], [-121.153803, 48.036058, 1808.6], [-121.153705, 48.036038, 1811.5], [-121.153646, 48.036044, 1811.0], [-121.153583, 48.036068, 1808.2], [-121.153452, 48.036086, 1808.1], [-121.153323, 48.03608, 1808.9], [-121.153149, 48.036094, 1809.3], [-121.153136, 48.036093, 1810.4], [-121.153058, 48.036106, 1810.7], [-121.152902, 48.036092, 1811.1], [-121.152803, 48.036091, 1811.3], [-121.152688, 48.036136, 1812.0], [-121.152641, 48.03611, 1812.7], [-121.152575, 48.03608, 1812.8], [-121.152457, 48.036077, 1814.3], [-121.15239, 48.036084, 1813.4], [-121.152187, 48.036086, 1811.6], [-121.152151, 48.036062, 1808.6], [-121.152135, 48.036057, 1808.3], [-121.152026, 48.036039, 1806.9], [-121.151919, 48.035991, 1807.0], [-121.151902, 48.035981, 1806.2], [-121.151763, 48.035922, 1805.2], [-121.151692, 48.035902, 1804.2], [-121.151663, 48.035899, 1804.6], [-121.151528, 48.035904, 1804.1], [-121.151421, 48.035868, 1805.1], [-121.151298, 48.03584, 1805.0], [-121.151218, 48.035792, 1804.6], [-121.151099, 48.035759, 1803.9], [-121.151016, 48.035722, 1803.4], [-121.150954, 48.035707, 1801.6], [-121.15079, 48.035623, 1804.1], [-121.150725, 48.035607, 1805.1], [-121.150682, 48.03557, 1806.1], [-121.150652, 48.035558, 1806.3], [-121.150539, 48.03553, 1805.8], [-121.150347, 48.035421, 1805.4], [-121.150152, 48.035318, 1802.0], [-121.150132, 48.035309, 1801.4], [-121.150031, 48.035277, 1800.5], [-121.149938, 48.035229, 1801.0], [-121.149921, 48.035218, 1801.2], [-121.149783, 48.035177, 1801.1], [-121.149715, 48.035121, 1800.1], [-121.149705, 48.035107, 1799.9], [-121.149651, 48.035063, 1797.6], [-121.149571, 48.034969, 1799.4], [-121.149562, 48.034954, 1799.4], [-121.149522, 48.034909, 1799.6], [-121.149407, 48.034833, 1801.7], [-121.149214, 48.034782, 1805.0], [-121.149012, 48.034693, 1806.3], [-121.149026, 48.034667, 1805.9], [-121.149056, 48.034715, 1816.5], [-121.149051, 48.034697, 1812.8], [-121.149021, 48.034683, 1809.8], [-121.149016, 48.034657, 1806.4], [-121.149026, 48.034643, 1796.8], [-121.149105, 48.034649, 1795.2], [-121.149087, 48.03467, 1795.9], [-121.149046, 48.03468, 1802.3], [-121.149013, 48.034672, 1801.8], [-121.149039, 48.034693, 1802.1], [-121.149128, 48.034691, 1802.8], [-121.149049, 48.034703, 1799.6], [-121.149058, 48.034686, 1797.0], [-121.149052, 48.034661, 1799.0], [-121.149014, 48.034658, 1796.7], [-121.149048, 48.03467, 1799.3], [-121.148989, 48.034692, 1797.3], [-121.148989, 48.034657, 1795.5], [-121.148983, 48.034644, 1795.5], [-121.14898, 48.034578, 1794.8], [-121.148943, 48.034548, 1796.5], [-121.148923, 48.034499, 1798.3], [-121.148919, 48.034437, 1798.5], [-121.148895, 48.03447, 1796.1], [-121.148883, 48.03453, 1797.3], [-121.148896, 48.034553, 1798.4], [-121.148895, 48.034596, 1797.7], [-121.148882, 48.034653, 1795.0], [-121.148895, 48.034733, 1796.1], [-121.14889, 48.034778, 1796.4], [-121.148927, 48.034841, 1797.0], [-121.14893, 48.034867, 1797.3], [-121.148899, 48.034908, 1797.7], [-121.14884, 48.03496, 1798.2], [-121.148782, 48.035091, 1797.3], [-121.14876, 48.03515, 1797.4], [-121.148673, 48.035249, 1797.6], [-121.148626, 48.035305, 1797.7], [-121.148588, 48.035395, 1797.2], [-121.148553, 48.035431, 1798.0], [-121.148473, 48.035485, 1798.7], [-121.148441, 48.035525, 1799.1], [-121.148411, 48.035588, 1796.4], [-121.148398, 48.035685, 1798.4], [-121.148358, 48.035775, 1801.1], [-121.148333, 48.035874, 1801.2], [-121.148297, 48.035945, 1805.1], [-121.148303, 48.035997, 1805.3], [-121.148273, 48.036109, 1804.9], [-121.148272, 48.036125, 1804.6], [-121.148252, 48.036214, 1804.1], [-121.148219, 48.036253, 1803.2], [-121.148208, 48.036294, 1804.0], [-121.148182, 48.036318, 1804.7], [-121.148171, 48.03637, 1804.8], [-121.14812, 48.036434, 1805.3], [-121.148117, 48.036446, 1804.9], [-121.148119, 48.036547, 1804.3], [-121.148157, 48.036619, 1803.8], [-121.148171, 48.036674, 1804.6], [-121.14816, 48.03678, 1805.8], [-121.148128, 48.03681, 1803.4], [-121.148121, 48.036834, 1802.9], [-121.148084, 48.036873, 1802.5], [-121.148047, 48.036881, 1809.1], [-121.148073, 48.036865, 1806.1], [-121.148061, 48.036897, 1809.4], [-121.148064, 48.036922, 1809.8], [-121.148038, 48.036983, 1808.9], [-121.147975, 48.037067, 1805.2], [-121.147926, 48.037123, 1805.0], [-121.147908, 48.037172, 1805.1], [-121.147847, 48.037214, 1806.3], [-121.147842, 48.03722, 1806.8], [-121.147825, 48.037289, 1807.5], [-121.14786, 48.037356, 1804.3], [-121.147861, 48.037386, 1804.3], [-121.147867, 48.037395, 1804.3], [-121.147931, 48.037526, 1800.9], [-121.148017, 48.037598, 1802.9], [-121.148017, 48.03762, 1803.5], [-121.148043, 48.037659, 1803.0], [-121.148036, 48.037694, 1802.0], [-121.148059, 48.037763, 1799.3], [-121.148056, 48.037786, 1800.5], [-121.147986, 48.037856, 1804.3], [-121.147937, 48.037927, 1804.9], [-121.147845, 48.037994, 1806.8], [-121.147827, 48.038029, 1804.8], [-121.147654, 48.038118, 1809.0], [-121.147582, 48.038173, 1809.2], [-121.147536, 48.038193, 1808.5], [-121.14749, 48.03824, 1808.1], [-121.147438, 48.038308, 1807.4], [-121.147442, 48.038395, 1808.9], [-121.147432, 48.038535, 1806.5], [-121.147414, 48.038553, 1806.3], [-121.147317, 48.038617, 1808.5], [-121.147272, 48.038679, 1810.0], [-121.147261, 48.038714, 1807.8], [-121.147277, 48.038755, 1808.2], [-121.147269, 48.038781, 1807.5], [-121.147247, 48.038796, 1810.8], [-121.147182, 48.038808, 1813.2], [-121.147109, 48.038849, 1814.2], [-121.147069, 48.038887, 1815.0], [-121.147021, 48.039001, 1819.8], [-121.146983, 48.039025, 1819.6], [-121.146955, 48.039083, 1818.8], [-121.14684, 48.039144, 1816.6], [-121.146808, 48.039172, 1816.9], [-121.14677, 48.039238, 1816.4], [-121.146693, 48.039295, 1815.8], [-121.146638, 48.039329, 1817.8], [-121.146542, 48.03943, 1821.8], [-121.146501, 48.039483, 1821.3], [-121.146416, 48.039548, 1822.4], [-121.146399, 48.039572, 1821.9], [-121.146386, 48.039611, 1820.6], [-121.14634, 48.039644, 1821.3], [-121.146317, 48.039674, 1821.4], [-121.146239, 48.039696, 1823.3], [-121.146197, 48.03973, 1824.2], [-121.146137, 48.039753, 1824.0], [-121.146051, 48.039769, 1822.9], [-121.145928, 48.039823, 1824.5], [-121.145891, 48.039824, 1822.7], [-121.145786, 48.039894, 1821.5], [-121.145697, 48.039969, 1822.2], [-121.145593, 48.04001, 1824.8], [-121.145579, 48.040014, 1824.4], [-121.145539, 48.040041, 1824.5], [-121.145441, 48.040074, 1828.9], [-121.145378, 48.040075, 1829.3], [-121.145339, 48.040087, 1828.0], [-121.145256, 48.040124, 1826.4], [-121.145196, 48.0401, 1827.7], [-121.145156, 48.0401, 1829.1], [-121.145093, 48.040128, 1828.7], [-121.144996, 48.040194, 1830.4], [-121.144913, 48.040278, 1835.1], [-121.144841, 48.040292, 1838.1], [-121.144813, 48.040311, 1838.2], [-121.144775, 48.040373, 1837.2], [-121.144723, 48.040396, 1839.3], [-121.144557, 48.040449, 1840.4], [-121.144504, 48.040493, 1840.9], [-121.14448, 48.040521, 1842.0], [-121.144446, 48.040531, 1841.3], [-121.144359, 48.040542, 1841.9], [-121.144266, 48.040499, 1842.6], [-121.144216, 48.040493, 1843.7], [-121.144204, 48.040517, 1844.1], [-121.144215, 48.04054, 1846.1], [-121.144212, 48.040583, 1848.7], [-121.14414, 48.04063, 1848.6], [-121.143956, 48.040653, 1847.8], [-121.143895, 48.040692, 1849.7], [-121.143888, 48.0407, 1850.6], [-121.143785, 48.040712, 1850.8], [-121.143734, 48.040731, 1850.3], [-121.14365, 48.040712, 1848.9], [-121.14357, 48.040722, 1849.9], [-121.14349, 48.040755, 1849.0], [-121.14344, 48.040793, 1850.1], [-121.143437, 48.04083, 1848.3], [-121.14341, 48.040848, 1848.5], [-121.143327, 48.04087, 1850.4], [-121.143253, 48.040871, 1851.8], [-121.143241, 48.040869, 1852.0], [-121.14314, 48.040815, 1855.0], [-121.143054, 48.040793, 1855.1], [-121.142997, 48.040801, 1856.2], [-121.14296, 48.040821, 1856.5], [-121.142896, 48.040904, 1855.3], [-121.142842, 48.04093, 1855.9], [-121.142829, 48.040932, 1855.7], [-121.142719, 48.040934, 1856.0], [-121.142653, 48.04097, 1855.6], [-121.142584, 48.040978, 1855.9], [-121.142539, 48.040981, 1855.7], [-121.142513, 48.040994, 1855.0], [-121.142467, 48.041045, 1852.4], [-121.14238, 48.041082, 1852.8], [-121.142366, 48.041083, 1852.9], [-121.142315, 48.041074, 1854.1], [-121.142259, 48.041076, 1853.7], [-121.142225, 48.041087, 1851.9], [-121.142172, 48.041142, 1850.4], [-121.142144, 48.041177, 1848.0], [-121.142107, 48.041198, 1849.5], [-121.14204, 48.041205, 1849.9], [-121.141951, 48.041197, 1850.1], [-121.141819, 48.041168, 1852.1], [-121.1417, 48.041193, 1853.6], [-121.141642, 48.041191, 1856.3], [-121.141552, 48.041169, 1853.9], [-121.14148, 48.041177, 1854.3], [-121.14144, 48.041196, 1853.5], [-121.141429, 48.041205, 1854.7], [-121.14136, 48.041291, 1855.4], [-121.141325, 48.0413, 1859.9], [-121.14124, 48.041261, 1857.8], [-121.14109, 48.041206, 1855.0], [-121.141031, 48.041165, 1856.7], [-121.140979, 48.041146, 1859.5], [-121.140905, 48.041135, 1859.3], [-121.14078, 48.041174, 1857.0], [-121.140766, 48.041172, 1856.3], [-121.140623, 48.041165, 1857.3], [-121.140587, 48.041174, 1855.9], [-121.140518, 48.041214, 1857.2], [-121.140475, 48.041266, 1857.9], [-121.140467, 48.041315, 1856.0], [-121.140447, 48.041327, 1858.7], [-121.140368, 48.041333, 1859.8], [-121.140313, 48.041352, 1860.6], [-121.140209, 48.041343, 1865.0], [-121.140111, 48.041367, 1866.6], [-121.140086, 48.041424, 1868.0], [-121.140062, 48.041443, 1868.1], [-121.139992, 48.041446, 1867.0], [-121.139919, 48.04142, 1864.7], [-121.139907, 48.041419, 1864.8], [-121.139658, 48.041418, 1864.0], [-121.139571, 48.041398, 1866.7], [-121.139501, 48.041393, 1869.6], [-121.139393, 48.041416, 1871.0], [-121.139347, 48.041436, 1869.9], [-121.139298, 48.041491, 1871.6], [-121.139269, 48.041508, 1871.9], [-121.139232, 48.041513, 1874.3], [-121.139211, 48.041546, 1873.8], [-121.139195, 48.041556, 1874.4], [-121.139105, 48.041603, 1873.0], [-121.139086, 48.041622, 1874.1], [-121.139078, 48.041664, 1872.4], [-121.139037, 48.041687, 1871.3], [-121.139023, 48.041691, 1871.8], [-121.13897, 48.041694, 1872.1], [-121.13883, 48.041677, 1871.9], [-121.138736, 48.041686, 1872.4], [-121.138623, 48.04174, 1875.1], [-121.138517, 48.041753, 1877.8], [-121.13838, 48.041787, 1877.6], [-121.1383, 48.041848, 1875.0], [-121.138263, 48.04186, 1875.1], [-121.138079, 48.041926, 1866.9], [-121.138044, 48.041972, 1868.5], [-121.138007, 48.042015, 1870.5], [-121.137982, 48.042022, 1871.8], [-121.137959, 48.042043, 1871.1], [-121.137836, 48.042075, 1875.9], [-121.137761, 48.042075, 1876.4], [-121.137639, 48.042092, 1876.6], [-121.137575, 48.042076, 1877.6], [-121.137566, 48.042069, 1877.5], [-121.137501, 48.042058, 1877.4], [-121.137318, 48.042052, 1875.9], [-121.137275, 48.04201, 1877.8], [-121.137246, 48.041999, 1877.9], [-121.137144, 48.041988, 1875.8], [-121.137083, 48.041959, 1877.7], [-121.137032, 48.041915, 1876.4], [-121.136932, 48.041884, 1877.1], [-121.136855, 48.04184, 1876.4], [-121.136821, 48.041816, 1877.3], [-121.136756, 48.041788, 1879.9], [-121.136718, 48.04179, 1879.9], [-121.13667, 48.041829, 1882.3], [-121.136609, 48.041859, 1881.9], [-121.1366, 48.04187, 1880.7], [-121.136564, 48.041949, 1879.2], [-121.136576, 48.041994, 1879.2], [-121.136556, 48.042008, 1879.5], [-121.136507, 48.041997, 1878.9], [-121.13645, 48.041945, 1878.8], [-121.136378, 48.041898, 1878.9], [-121.136324, 48.041842, 1880.3], [-121.136311, 48.041832, 1880.6], [-121.136189, 48.041757, 1880.9], [-121.136101, 48.041734, 1880.2], [-121.136089, 48.041734, 1880.0], [-121.135952, 48.041777, 1877.9], [-121.135932, 48.041754, 1875.9], [-121.135896, 48.041763, 1875.9], [-121.135863, 48.041783, 1875.5], [-121.135845, 48.041787, 1875.1], [-121.135783, 48.041756, 1874.9], [-121.135763, 48.041719, 1874.4], [-121.135655, 48.041677, 1871.7], [-121.135635, 48.041672, 1870.7], [-121.135508, 48.041649, 1867.9], [-121.13543, 48.041621, 1867.9], [-121.135327, 48.041562, 1868.3], [-121.13524, 48.04153, 1869.8], [-121.135186, 48.041523, 1867.8], [-121.13503, 48.041442, 1866.0], [-121.134962, 48.041423, 1864.3], [-121.134883, 48.04138, 1866.2], [-121.134815, 48.041371, 1867.2], [-121.134745, 48.041387, 1866.5], [-121.134664, 48.041382, 1870.0], [-121.134571, 48.04141, 1869.2], [-121.134485, 48.041392, 1866.1], [-121.134398, 48.041347, 1866.6], [-121.134342, 48.04133, 1866.8], [-121.134274, 48.041321, 1865.4], [-121.13423, 48.041327, 1864.6], [-121.134214, 48.041333, 1864.7], [-121.134161, 48.041375, 1864.7], [-121.134122, 48.041377, 1863.6], [-121.13407, 48.041354, 1863.3], [-121.134029, 48.041353, 1865.1], [-121.134014, 48.041361, 1864.8], [-121.133961, 48.041408, 1864.5], [-121.133901, 48.041427, 1863.5], [-121.133881, 48.041447, 1861.1], [-121.133882, 48.04147, 1859.5], [-121.13385, 48.0415, 1857.7], [-121.133837, 48.041565, 1861.0], [-121.133806, 48.041602, 1862.8], [-121.133778, 48.041616, 1863.6], [-121.133746, 48.041618, 1864.4], [-121.133676, 48.041595, 1864.9], [-121.133617, 48.04156, 1864.8], [-121.133618, 48.041542, 1865.4], [-121.133556, 48.041505, 1866.1], [-121.13349, 48.041492, 1867.1], [-121.133363, 48.041516, 1868.9], [-121.13326, 48.041495, 1868.2], [-121.132959, 48.041413, 1866.0], [-121.132875, 48.041403, 1867.0], [-121.13274, 48.041442, 1864.5], [-121.1327, 48.041471, 1864.0], [-121.132695, 48.041486, 1863.2], [-121.132689, 48.041539, 1864.4], [-121.132674, 48.041558, 1864.1], [-121.132598, 48.041596, 1865.2], [-121.132548, 48.041579, 1865.2], [-121.132504, 48.041581, 1865.0], [-121.132409, 48.041565, 1864.7], [-121.132287, 48.041591, 1865.4], [-121.132246, 48.041595, 1864.4], [-121.13222, 48.041612, 1861.9], [-121.132188, 48.041641, 1862.5], [-121.132162, 48.041684, 1865.2], [-121.132125, 48.041696, 1864.8], [-121.132, 48.041701, 1867.5], [-121.131906, 48.041788, 1870.7], [-121.131861, 48.041801, 1871.7], [-121.131796, 48.041791, 1870.5], [-121.131689, 48.041803, 1869.2], [-121.131639, 48.041794, 1870.8], [-121.131552, 48.041775, 1871.3], [-121.131509, 48.041802, 1871.5], [-121.13136, 48.041807, 1871.7], [-121.131266, 48.041846, 1873.7], [-121.131148, 48.041823, 1874.2], [-121.131102, 48.041822, 1873.7], [-121.13105, 48.041854, 1875.7], [-121.13102, 48.041855, 1877.0], [-121.13096, 48.041834, 1881.7], [-121.130902, 48.041839, 1882.1], [-121.130861, 48.041832, 1879.3], [-121.130786, 48.041842, 1883.2], [-121.130751, 48.041851, 1885.7], [-121.130663, 48.041901, 1886.9], [-121.130612, 48.041897, 1888.0], [-121.130579, 48.041881, 1888.0], [-121.130551, 48.041894, 1890.5], [-121.13053, 48.041943, 1889.5], [-121.13051, 48.041963, 1889.3], [-121.130462, 48.041978, 1889.8], [-121.130253, 48.041977, 1891.8], [-121.130189, 48.041942, 1894.3], [-121.130065, 48.041923, 1897.3], [-121.130035, 48.041936, 1894.0], [-121.129924, 48.041944, 1891.6], [-121.129877, 48.041932, 1894.1], [-121.129839, 48.041936, 1893.6], [-121.129788, 48.041968, 1897.6], [-121.129755, 48.041975, 1899.7], [-121.129717, 48.041967, 1898.7], [-121.129665, 48.041972, 1899.1], [-121.129607, 48.041926, 1898.4], [-121.129452, 48.041895, 1900.7], [-121.129351, 48.041897, 1902.8], [-121.12924, 48.041941, 1903.1], [-121.129197, 48.041941, 1902.6], [-121.129158, 48.041965, 1902.9], [-121.129126, 48.041966, 1905.0], [-121.129062, 48.041915, 1904.2], [-121.129015, 48.041898, 1904.9], [-121.128945, 48.041887, 1904.8], [-121.128784, 48.041793, 1904.4], [-121.128768, 48.041785, 1905.0], [-121.128715, 48.041773, 1904.3], [-121.128614, 48.041775, 1903.8], [-121.128512, 48.041736, 1904.9], [-121.128427, 48.041693, 1906.4], [-121.128359, 48.041682, 1906.5], [-121.128291, 48.04169, 1904.4], [-121.12829, 48.041724, 1905.2], [-121.128255, 48.04175, 1904.9], [-121.128101, 48.041768, 1903.6], [-121.128082, 48.041763, 1903.6], [-121.128038, 48.04174, 1905.3], [-121.127949, 48.041775, 1907.0], [-121.127943, 48.041798, 1907.5], [-121.127989, 48.041842, 1909.3], [-121.127968, 48.041874, 1910.8], [-121.127983, 48.041918, 1911.4], [-121.127954, 48.041965, 1915.0], [-121.127956, 48.041989, 1918.0], [-121.127935, 48.042012, 1922.4], [-121.127909, 48.042081, 1924.7], [-121.127924, 48.042193, 1927.8], [-121.127915, 48.042242, 1926.9], [-121.127878, 48.042279, 1928.2], [-121.127872, 48.042324, 1930.4], [-121.127888, 48.042356, 1932.2], [-121.127895, 48.042359, 1932.3], [-121.127967, 48.042422, 1932.5], [-121.127974, 48.042446, 1932.2], [-121.128051, 48.042506, 1935.6], [-121.128067, 48.042515, 1935.5], [-121.128072, 48.042539, 1934.7], [-121.12811, 48.042546, 1934.1], [-121.128154, 48.042627, 1936.0], [-121.128156, 48.042655, 1937.3], [-121.12817, 48.042735, 1940.3], [-121.128085, 48.042778, 1945.1], [-121.128017, 48.042853, 1946.5], [-121.128012, 48.042879, 1945.0], [-121.127968, 48.042915, 1943.8], [-121.127939, 48.042924, 1943.6], [-121.127847, 48.042913, 1942.3], [-121.127809, 48.042914, 1943.4], [-121.127745, 48.042894, 1942.6], [-121.12764, 48.042889, 1943.5], [-121.127597, 48.042913, 1938.7], [-121.127565, 48.042966, 1938.6], [-121.127575, 48.042989, 1939.3], [-121.127566, 48.043013, 1939.5], [-121.127624, 48.043026, 1935.9], [-121.127657, 48.043067, 1935.5], [-121.127791, 48.043153, 1931.9], [-121.127867, 48.043168, 1927.7], [-121.127871, 48.043173, 1928.5], [-121.127842, 48.043221, 1926.5], [-121.127872, 48.043265, 1927.8], [-121.127904, 48.043344, 1917.8], [-121.128041, 48.04342, 1910.8], [-121.128058, 48.043537, 1912.2], [-121.128082, 48.043584, 1908.4], [-121.128123, 48.043626, 1904.3], [-121.128132, 48.043672, 1903.9], [-121.12812, 48.043681, 1904.2], [-121.12815, 48.04372, 1899.9], [-121.12817, 48.04374, 1899.1], [-121.128208, 48.043748, 1900.3], [-121.128218, 48.043773, 1899.2], [-121.12821, 48.043828, 1897.0], [-121.128213, 48.04384, 1898.8], [-121.128268, 48.043908, 1903.9], [-121.128302, 48.043992, 1904.9], [-121.128309, 48.044, 1903.9], [-121.128382, 48.044028, 1906.1], [-121.128387, 48.044077, 1905.0], [-121.12842, 48.044151, 1905.0], [-121.128462, 48.044237, 1905.1], [-121.128499, 48.044243, 1904.7], [-121.128511, 48.044262, 1903.3], [-121.128516, 48.044315, 1908.2], [-121.128514, 48.044408, 1907.1], [-121.128496, 48.044451, 1903.9], [-121.128499, 48.044496, 1902.9], [-121.128525, 48.044516, 1904.6], [-121.128562, 48.044586, 1907.3], [-121.128562, 48.044638, 1914.2], [-121.128547, 48.044639, 1910.5], [-121.12848, 48.044696, 1909.2], [-121.128512, 48.044778, 1905.7], [-121.128511, 48.044798, 1908.0], [-121.128492, 48.044979, 1912.5], [-121.12849, 48.04499, 1912.1], [-121.128463, 48.045035, 1912.1], [-121.128452, 48.045082, 1911.9], [-121.12846, 48.045109, 1911.0], [-121.128442, 48.045147, 1908.0], [-121.128448, 48.045167, 1907.6], [-121.128439, 48.045197, 1907.4], [-121.128469, 48.045349, 1915.7], [-121.128474, 48.045358, 1916.0], [-121.128465, 48.045457, 1916.6], [-121.128494, 48.045502, 1913.7], [-121.128485, 48.045543, 1914.3], [-121.12847, 48.04557, 1912.4], [-121.128438, 48.045594, 1909.5], [-121.128393, 48.045683, 1905.8], [-121.128352, 48.045716, 1904.9], [-121.128345, 48.045786, 1902.8], [-121.128322, 48.045811, 1904.4], [-121.128317, 48.045825, 1904.1], [-121.128272, 48.045873, 1906.8], [-121.128219, 48.045981, 1909.2], [-121.128209, 48.04599, 1908.6], [-121.128152, 48.045985, 1906.4], [-121.12812, 48.045996, 1906.8], [-121.128103, 48.046019, 1906.7], [-121.128119, 48.046091, 1904.4], [-121.128093, 48.046126, 1906.8], [-121.128058, 48.046197, 1910.9], [-121.127951, 48.046268, 1913.3], [-121.1278, 48.04639, 1914.4], [-121.127723, 48.046464, 1913.5], [-121.127712, 48.0465, 1912.2], [-121.127689, 48.046513, 1909.8], [-121.127651, 48.046512, 1911.2], [-121.127637, 48.046521, 1910.8], [-121.127601, 48.046557, 1908.3], [-121.12755, 48.046536, 1905.4], [-121.127527, 48.046538, 1906.4], [-121.127489, 48.046554, 1905.9], [-121.127456, 48.046583, 1905.3], [-121.127448, 48.046595, 1905.0], [-121.127329, 48.046664, 1904.5], [-121.127202, 48.046686, 1905.6], [-121.127086, 48.046725, 1902.4], [-121.127055, 48.046742, 1901.0], [-121.127044, 48.04676, 1900.6], [-121.126971, 48.04678, 1901.1], [-121.126865, 48.046821, 1900.8], [-121.126672, 48.046937, 1903.3], [-121.126548, 48.046957, 1902.1], [-121.126511, 48.046977, 1900.9], [-121.126508, 48.046986, 1900.1], [-121.126614, 48.047111, 1911.5], [-121.12665, 48.047136, 1911.4], [-121.126657, 48.047183, 1912.3], [-121.126636, 48.047231, 1914.6], [-121.126646, 48.047255, 1914.7], [-121.12664, 48.047309, 1917.8], [-121.126613, 48.047332, 1919.5], [-121.126595, 48.047377, 1918.9], [-121.126571, 48.047398, 1921.4], [-121.126605, 48.047411, 1921.4], [-121.12664, 48.047457, 1927.4], [-121.126642, 48.047491, 1927.3], [-121.126656, 48.047537, 1927.0], [-121.126653, 48.047585, 1928.9], [-121.126689, 48.047625, 1929.7], [-121.126687, 48.047655, 1929.1], [-121.126694, 48.047677, 1929.3], [-121.126733, 48.047685, 1930.9], [-121.126762, 48.04773, 1930.9], [-121.126832, 48.047738, 1934.3], [-121.126868, 48.047791, 1938.6], [-121.126892, 48.04781, 1940.6], [-121.126929, 48.047817, 1942.2], [-121.12694, 48.047842, 1945.3], [-121.12697, 48.047855, 1946.0], [-121.126975, 48.047881, 1947.5], [-121.126993, 48.047901, 1948.2], [-121.126961, 48.04793, 1948.1], [-121.126981, 48.047955, 1951.3], [-121.127014, 48.047958, 1954.8], [-121.127035, 48.048001, 1955.3], [-121.127066, 48.048016, 1955.9], [-121.127077, 48.048036, 1957.1], [-121.127069, 48.048066, 1959.2], [-121.12708, 48.048059, 1965.7], [-121.127118, 48.048062, 1964.6], [-121.12715, 48.048107, 1963.9], [-121.127135, 48.048183, 1967.9], [-121.12712, 48.048216, 1967.2], [-121.127136, 48.048238, 1970.0], [-121.127132, 48.048259, 1981.2], [-121.127117, 48.048284, 1981.1], [-121.127113, 48.048331, 1981.0], [-121.127088, 48.048354, 1980.7], [-121.127089, 48.048387, 1980.9], [-121.127145, 48.048419, 1981.0], [-121.127187, 48.048508, 1987.5], [-121.127226, 48.048605, 1989.7], [-121.127185, 48.048644, 1989.8], [-121.127192, 48.04868, 1990.1], [-121.12721, 48.048859, 1991.4], [-121.127231, 48.048924, 1994.5], [-121.127257, 48.048913, 1994.2], [-121.127224, 48.048892, 1994.0], [-121.127228, 48.048918, 1995.2], [-121.127244, 48.048935, 1989.6], [-121.127225, 48.048982, 1988.9], [-121.127112, 48.049139, 1988.8], [-121.127082, 48.049204, 1988.7], [-121.127113, 48.049263, 1987.7], [-121.127108, 48.049331, 1984.0], [-121.127088, 48.049365, 1982.8], [-121.127025, 48.049429, 1978.8], [-121.127007, 48.049472, 1976.6], [-121.126924, 48.049503, 1975.4], [-121.126886, 48.049551, 1976.1], [-121.126891, 48.049574, 1974.9], [-121.126937, 48.049608, 1976.1], [-121.126972, 48.049623, 1974.0], [-121.126975, 48.049629, 1973.1], [-121.126888, 48.04972, 1973.2], [-121.126872, 48.049759, 1972.4], [-121.126845, 48.04979, 1972.2], [-121.126793, 48.049841, 1972.1], [-121.126832, 48.049903, 1973.3], [-121.12682, 48.049927, 1973.5], [-121.126763, 48.049958, 1971.9], [-121.126708, 48.049975, 1968.3], [-121.126686, 48.049997, 1967.8], [-121.126612, 48.050034, 1964.7], [-121.126552, 48.050051, 1962.5], [-121.126537, 48.050063, 1962.4], [-121.126451, 48.050109, 1961.8], [-121.126427, 48.050155, 1963.7], [-121.126396, 48.050166, 1963.3], [-121.126374, 48.050193, 1960.2], [-121.126363, 48.050225, 1959.6], [-121.126362, 48.050268, 1959.3], [-121.126394, 48.050333, 1956.6], [-121.126391, 48.05035, 1955.4], [-121.12633, 48.05038, 1954.8], [-121.126345, 48.050408, 1956.2], [-121.12637, 48.050427, 1956.1], [-121.126366, 48.050446, 1954.6], [-121.12635, 48.05046, 1953.6], [-121.126305, 48.050468, 1952.4], [-121.12627, 48.05049, 1952.1], [-121.126244, 48.050552, 1951.1], [-121.12623, 48.05063, 1950.7], [-121.12621, 48.050664, 1949.3], [-121.126178, 48.050708, 1948.8], [-121.126195, 48.050727, 1946.9], [-121.126286, 48.050742, 1946.0], [-121.126314, 48.05076, 1944.4], [-121.126306, 48.050787, 1944.0], [-121.126278, 48.050829, 1943.3], [-121.126247, 48.050846, 1941.6], [-121.126239, 48.050864, 1942.7], [-121.12626, 48.050883, 1942.5], [-121.126256, 48.050908, 1941.8], [-121.126212, 48.050938, 1941.9], [-121.126203, 48.050948, 1942.4], [-121.126171, 48.050963, 1940.2], [-121.126067, 48.050982, 1942.1], [-121.126044, 48.051002, 1940.3], [-121.126027, 48.051042, 1939.3], [-121.125992, 48.051092, 1937.5], [-121.125981, 48.05116, 1937.3], [-121.12591, 48.051188, 1934.6], [-121.125918, 48.051197, 1934.8], [-121.125884, 48.051245, 1932.7], [-121.125844, 48.051281, 1928.4], [-121.12581, 48.051292, 1927.7], [-121.125735, 48.051342, 1928.6], [-121.125676, 48.051393, 1928.2], [-121.12565, 48.051456, 1928.9], [-121.12565, 48.051487, 1929.5], [-121.125661, 48.051501, 1929.4], [-121.125641, 48.051581, 1927.7], [-121.125576, 48.051641, 1926.9], [-121.12557, 48.051643, 1926.9], [-121.125579, 48.051691, 1927.0], [-121.12557, 48.051781, 1923.3], [-121.125575, 48.051812, 1922.9], [-121.125583, 48.051819, 1923.7], [-121.125598, 48.051888, 1923.1], [-121.125591, 48.051913, 1922.5], [-121.125601, 48.051948, 1921.8], [-121.125592, 48.051976, 1921.6], [-121.125564, 48.052012, 1919.8], [-121.125556, 48.052036, 1920.4], [-121.125583, 48.052082, 1921.7], [-121.125558, 48.052159, 1921.0], [-121.125536, 48.052195, 1921.3], [-121.12554, 48.052291, 1921.5], [-121.125551, 48.05231, 1920.9], [-121.125541, 48.052343, 1921.9], [-121.125503, 48.052407, 1920.7], [-121.125509, 48.05245, 1922.0], [-121.125525, 48.052467, 1924.1], [-121.125577, 48.052477, 1924.4], [-121.125645, 48.052475, 1924.8], [-121.12565, 48.052535, 1925.7], [-121.125641, 48.052572, 1924.9], [-121.125656, 48.052594, 1927.5], [-121.125657, 48.052627, 1926.7], [-121.125609, 48.052686, 1925.3], [-121.125612, 48.052698, 1925.1], [-121.125591, 48.052732, 1924.6], [-121.125594, 48.052755, 1925.8], [-121.125625, 48.052767, 1924.3], [-121.125661, 48.052786, 1923.5], [-121.125683, 48.052834, 1919.6], [-121.125646, 48.052899, 1918.2], [-121.125702, 48.052898, 1917.6], [-121.125694, 48.052961, 1922.8], [-121.125714, 48.053, 1923.3], [-121.125775, 48.053038, 1923.7], [-121.125787, 48.053043, 1924.6], [-121.125784, 48.053127, 1921.1], [-121.125768, 48.053148, 1919.9], [-121.12579, 48.053168, 1920.6], [-121.125771, 48.053212, 1918.5], [-121.125804, 48.053251, 1925.5], [-121.125809, 48.053272, 1924.5], [-121.125782, 48.053329, 1920.9], [-121.125801, 48.053371, 1920.0], [-121.125792, 48.053401, 1920.8], [-121.125744, 48.053423, 1922.1], [-121.125676, 48.053433, 1923.7], [-121.125645, 48.053484, 1926.7], [-121.125644, 48.053492, 1925.8], [-121.125602, 48.05353, 1926.8], [-121.125594, 48.053555, 1925.7], [-121.125575, 48.053573, 1926.0], [-121.12554, 48.053581, 1927.5], [-121.125548, 48.053599, 1927.1], [-121.125587, 48.053624, 1931.4], [-121.125618, 48.053648, 1933.7], [-121.12559, 48.053666, 1935.0], [-121.1256, 48.053691, 1942.3], [-121.125578, 48.053754, 1941.3], [-121.1256, 48.053783, 1941.2], [-121.1256, 48.053833, 1942.8], [-121.125653, 48.05388, 1943.0], [-121.125619, 48.053957, 1943.1], [-121.12562, 48.05399, 1945.2], [-121.125666, 48.054018, 1945.0], [-121.125689, 48.054087, 1944.6], [-121.125709, 48.054117, 1943.9], [-121.12572, 48.054123, 1942.8], [-121.125743, 48.05415, 1944.5], [-121.125741, 48.054169, 1945.9], [-121.125765, 48.054233, 1948.6], [-121.125761, 48.054259, 1947.9], [-121.125734, 48.054282, 1949.8], [-121.12568, 48.054279, 1950.0], [-121.125661, 48.054302, 1951.6], [-121.125653, 48.05435, 1952.0], [-121.125619, 48.054363, 1950.1], [-121.125561, 48.054468, 1953.7], [-121.125564, 48.054493, 1951.9], [-121.125461, 48.054546, 1956.6], [-121.125414, 48.054549, 1956.1], [-121.125363, 48.054608, 1963.7], [-121.125333, 48.054624, 1963.5], [-121.125259, 48.05464, 1967.0], [-121.125246, 48.054667, 1970.3], [-121.125283, 48.054733, 1973.1], [-121.125257, 48.054811, 1976.0], [-121.125248, 48.054864, 1978.7], [-121.12526, 48.054886, 1979.2], [-121.125247, 48.054907, 1979.9], [-121.125222, 48.054915, 1980.1], [-121.1252, 48.054937, 1980.3], [-121.1252, 48.05496, 1982.9], [-121.125215, 48.054967, 1983.8], [-121.125239, 48.054996, 1984.3], [-121.125235, 48.055021, 1984.1], [-121.125203, 48.055031, 1984.8], [-121.125186, 48.055054, 1985.7], [-121.125192, 48.055078, 1987.7], [-121.125173, 48.0551, 1989.1], [-121.125125, 48.055108, 1989.8], [-121.125103, 48.055133, 1988.9], [-121.125129, 48.055151, 1989.0], [-121.125125, 48.055173, 1988.6], [-121.12504, 48.055257, 1990.8], [-121.124976, 48.055353, 1994.3], [-121.124947, 48.055425, 1998.0], [-121.124946, 48.055435, 1998.4], [-121.124911, 48.055482, 1996.6], [-121.124916, 48.055534, 1997.1], [-121.124859, 48.05556, 1999.8], [-121.124861, 48.055599, 2000.3], [-121.124792, 48.055624, 1999.4], [-121.124761, 48.055664, 1998.3], [-121.124725, 48.055745, 1999.9], [-121.124696, 48.055759, 1997.0], [-121.124652, 48.05584, 2005.7], [-121.124596, 48.055875, 2004.9], [-121.124513, 48.055951, 2007.6], [-121.124493, 48.055995, 2008.7], [-121.124443, 48.056004, 2006.4], [-121.124423, 48.056027, 2006.5], [-121.124409, 48.056071, 2008.3], [-121.124329, 48.056125, 2007.1], [-121.12431, 48.056159, 2007.7], [-121.124177, 48.056254, 2009.5], [-121.124163, 48.056295, 2010.8], [-121.124092, 48.05641, 2011.1], [-121.124095, 48.056442, 2010.6], [-121.124091, 48.05645, 2010.7], [-121.124078, 48.056551, 2014.8], [-121.124028, 48.056591, 2014.6], [-121.124016, 48.056637, 2015.3], [-121.123977, 48.056687, 2016.7], [-121.1239, 48.056732, 2015.8], [-121.123893, 48.056758, 2015.1], [-121.123852, 48.056777, 2015.2], [-121.12383, 48.05678, 2015.7], [-121.123586, 48.056786, 2015.0], [-121.12357, 48.056789, 2015.3], [-121.123531, 48.056811, 2015.7], [-121.123495, 48.056879, 2015.6], [-121.123463, 48.056916, 2017.9], [-121.123461, 48.056943, 2018.3], [-121.123432, 48.056984, 2019.5], [-121.123415, 48.057056, 2019.9], [-121.123362, 48.057104, 2020.7], [-121.123302, 48.057173, 2019.6], [-121.123235, 48.057186, 2020.4], [-121.123164, 48.057218, 2020.5], [-121.123114, 48.057315, 2023.2], [-121.123056, 48.05733, 2022.0], [-121.123014, 48.057329, 2021.1], [-121.122986, 48.057355, 2024.1], [-121.122976, 48.05738, 2024.3], [-121.122976, 48.057406, 2024.7], [-121.122991, 48.057432, 2025.3], [-121.122987, 48.057459, 2025.4], [-121.122951, 48.057482, 2025.1], [-121.122874, 48.057525, 2025.4], [-121.122818, 48.05761, 2024.2], [-121.122796, 48.057629, 2021.6], [-121.122774, 48.057628, 2021.3], [-121.122738, 48.057635, 2022.1], [-121.122724, 48.05766, 2024.4], [-121.12269, 48.057671, 2024.6], [-121.122539, 48.057685, 2023.8], [-121.122439, 48.057716, 2021.7], [-121.122401, 48.057708, 2022.7], [-121.122253, 48.057745, 2025.0], [-121.122241, 48.057754, 2025.1], [-121.12219, 48.057819, 2027.8], [-121.122163, 48.057832, 2027.7], [-121.122093, 48.057897, 2028.2], [-121.122067, 48.057919, 2029.5], [-121.122039, 48.057971, 2029.9], [-121.121986, 48.058034, 2032.3], [-121.121876, 48.058065, 2034.8], [-121.121853, 48.0581, 2035.8], [-121.121868, 48.058122, 2041.1], [-121.121866, 48.058144, 2039.0], [-121.121838, 48.058161, 2038.2], [-121.121789, 48.058204, 2035.6], [-121.121689, 48.058214, 2033.6], [-121.12163, 48.058278, 2030.3], [-121.12153, 48.058392, 2031.8], [-121.121464, 48.058428, 2029.5], [-121.12142, 48.05843, 2026.8], [-121.121278, 48.058524, 2027.2], [-121.121239, 48.058559, 2028.0], [-121.121228, 48.058584, 2027.9], [-121.121197, 48.058595, 2027.5], [-121.121104, 48.058672, 2028.5], [-121.121078, 48.058716, 2027.4], [-121.121111, 48.058717, 2028.2], [-121.121177, 48.058694, 2028.6], [-121.121231, 48.058713, 2029.3], [-121.121248, 48.058716, 2029.2], [-121.121258, 48.05874, 2028.0], [-121.121278, 48.058752, 2028.8], [-121.121348, 48.058769, 2027.6], [-121.121362, 48.058811, 2026.9], [-121.121385, 48.058843, 2026.0], [-121.121439, 48.05893, 2023.9], [-121.121521, 48.058944, 2023.2], [-121.121636, 48.059001, 2024.2], [-121.121728, 48.059011, 2024.4], [-121.121778, 48.059025, 2024.3], [-121.121818, 48.059069, 2024.8], [-121.121862, 48.0591, 2024.7], [-121.121869, 48.059137, 2025.6], [-121.121865, 48.059144, 2025.5], [-121.121879, 48.059191, 2023.7], [-121.121854, 48.059234, 2023.6], [-121.121855, 48.059278, 2024.4], [-121.12181, 48.059326, 2024.3], [-121.1218, 48.059404, 2024.4], [-121.121759, 48.059446, 2024.6], [-121.121747, 48.059472, 2024.0], [-121.121728, 48.059497, 2022.5], [-121.121691, 48.059519, 2023.0], [-121.121633, 48.059516, 2022.9], [-121.121615, 48.059537, 2022.0], [-121.121629, 48.059573, 2021.6], [-121.121635, 48.059602, 2022.5], [-121.121673, 48.059611, 2021.7], [-121.121689, 48.059631, 2019.3], [-121.121691, 48.059653, 2019.6], [-121.121681, 48.059677, 2019.6], [-121.121638, 48.059718, 2019.0], [-121.121637, 48.059773, 2020.5], [-121.121612, 48.059852, 2021.3], [-121.12166, 48.059874, 2021.5], [-121.121679, 48.059878, 2020.8], [-121.121703, 48.059898, 2020.6], [-121.121702, 48.059939, 2020.7], [-121.12169, 48.059982, 2020.4], [-121.121669, 48.060013, 2019.0], [-121.121618, 48.060073, 2021.7], [-121.121598, 48.060083, 2021.0], [-121.121526, 48.060084, 2018.4], [-121.121459, 48.060122, 2016.6], [-121.121374, 48.060163, 2014.7], [-121.121313, 48.060243, 2019.1], [-121.121306, 48.060248, 2020.0], [-121.121188, 48.060299, 2016.3], [-121.121166, 48.060317, 2015.3], [-121.121166, 48.060333, 2014.4], [-121.121133, 48.060365, 2015.9], [-121.120942, 48.060464, 2018.4], [-121.120908, 48.060477, 2022.2], [-121.120904, 48.060542, 2021.2], [-121.120886, 48.060564, 2020.1], [-121.120902, 48.060631, 2018.0], [-121.120896, 48.060648, 2015.0], [-121.120871, 48.060658, 2015.1], [-121.120868, 48.06068, 2013.7], [-121.120883, 48.060706, 2013.7], [-121.120892, 48.060766, 2012.7], [-121.12089, 48.0608, 2012.8], [-121.120952, 48.060866, 2011.3], [-121.120951, 48.060922, 2010.2], [-121.12094, 48.060985, 2005.9], [-121.12091, 48.060999, 2003.9], [-121.120893, 48.061043, 2003.4], [-121.120834, 48.061076, 2004.5], [-121.120836, 48.061097, 2005.0], [-121.12076, 48.06115, 2007.9], [-121.120663, 48.061162, 2004.9], [-121.12062, 48.061193, 2005.5], [-121.120524, 48.061236, 2001.5], [-121.120422, 48.061243, 2000.3], [-121.120217, 48.061342, 2000.0], [-121.120143, 48.061397, 2003.5], [-121.120016, 48.061462, 2003.2], [-121.119948, 48.061502, 2004.3], [-121.119847, 48.061514, 2003.6], [-121.11976, 48.061537, 2003.8], [-121.119633, 48.061577, 2003.8], [-121.119586, 48.061618, 2003.1], [-121.119559, 48.061661, 2008.0], [-121.119523, 48.061726, 2012.2], [-121.119486, 48.061736, 2008.4], [-121.119524, 48.061738, 2010.8], [-121.119493, 48.061751, 2008.4], [-121.119467, 48.061777, 2008.9], [-121.119452, 48.0618, 2008.2], [-121.119442, 48.061828, 2005.7], [-121.119476, 48.06184, 2009.2], [-121.119398, 48.06188, 2009.1], [-121.119352, 48.061894, 2008.0], [-121.119287, 48.061949, 2008.8], [-121.119225, 48.062049, 2008.7], [-121.119204, 48.062118, 2006.7], [-121.119164, 48.062163, 2003.8], [-121.119158, 48.062165, 2002.1], [-121.119125, 48.062246, 2001.8], [-121.11913, 48.062328, 2002.2], [-121.119121, 48.062355, 2000.8], [-121.119149, 48.062401, 2002.1], [-121.119156, 48.062504, 2003.3], [-121.119192, 48.062577, 2005.0], [-121.119184, 48.062645, 2005.5], [-121.119217, 48.062688, 2005.3], [-121.119284, 48.062746, 2003.6], [-121.119311, 48.062835, 2002.1], [-121.119305, 48.062854, 1999.4], [-121.119305, 48.062898, 1997.5], [-121.119296, 48.062918, 1998.7], [-121.11925, 48.06295, 1998.5], [-121.119236, 48.062972, 1997.3], [-121.119248, 48.063017, 1998.5], [-121.119307, 48.063198, 2000.2], [-121.119299, 48.063247, 2001.8], [-121.119284, 48.063269, 2001.1], [-121.119246, 48.063305, 2005.0], [-121.119232, 48.06328, 2007.1], [-121.119191, 48.063331, 2004.7], [-121.119179, 48.063362, 2003.6], [-121.119185, 48.063437, 1997.7], [-121.119131, 48.063509, 1996.6], [-121.119087, 48.063524, 1997.8], [-121.119052, 48.063565, 1998.2], [-121.119046, 48.06359, 1999.1], [-121.11908, 48.063628, 2000.9], [-121.119077, 48.063656, 2004.3], [-121.119087, 48.063693, 2004.8], [-121.119046, 48.063733, 2004.2], [-121.11905, 48.063769, 2006.2], [-121.11904, 48.063794, 2006.6], [-121.11895, 48.063889, 2003.7], [-121.11893, 48.063918, 2004.5], [-121.11889, 48.064022, 2007.3], [-121.118858, 48.064046, 2007.6], [-121.118848, 48.064061, 2009.3], [-121.118833, 48.0641, 2009.0], [-121.118809, 48.064119, 2009.1], [-121.118788, 48.064157, 2005.4], [-121.118713, 48.064219, 2002.6], [-121.118702, 48.064255, 2004.7], [-121.118661, 48.064311, 2006.8], [-121.11861, 48.064341, 2004.5], [-121.118614, 48.06437, 2005.0], [-121.118605, 48.064428, 2006.8], [-121.118579, 48.064492, 2006.6], [-121.118544, 48.064546, 2009.8], [-121.118426, 48.064679, 2010.4], [-121.118398, 48.064743, 2012.0], [-121.118408, 48.064754, 2011.7], [-121.118413, 48.0648, 2012.2], [-121.118428, 48.064819, 2013.5], [-121.118427, 48.064856, 2013.2], [-121.118422, 48.064891, 2012.5], [-121.118405, 48.064915, 2010.7], [-121.11833, 48.064971, 2012.9], [-121.118317, 48.065022, 2013.0], [-121.118339, 48.06506, 2013.2], [-121.118322, 48.065103, 2011.7], [-121.118311, 48.065209, 2012.4], [-121.118298, 48.065305, 2010.2], [-121.11824, 48.06537, 2012.9], [-121.118239, 48.065383, 2012.4], [-121.118267, 48.065428, 2013.2], [-121.118188, 48.065532, 2017.3], [-121.118189, 48.065541, 2016.0], [-121.118215, 48.06557, 2015.6], [-121.118177, 48.065612, 2016.8], [-121.118179, 48.065631, 2014.7], [-121.118235, 48.065702, 2013.0], [-121.118202, 48.065738, 2012.6], [-121.118187, 48.065773, 2014.0], [-121.118231, 48.065859, 2013.4], [-121.118226, 48.065897, 2018.2], [-121.118236, 48.065923, 2021.1], [-121.11821, 48.065943, 2018.4], [-121.118114, 48.065989, 2016.3], [-121.118105, 48.065997, 2016.1], [-121.117914, 48.066122, 2015.0], [-121.117765, 48.066203, 2018.2], [-121.11768, 48.066169, 2016.9], [-121.117553, 48.06616, 2018.1], [-121.117521, 48.066174, 2017.9], [-121.117516, 48.066197, 2017.2], [-121.117534, 48.066254, 2015.6], [-121.117522, 48.066305, 2014.2], [-121.11748, 48.066382, 2013.2], [-121.117474, 48.066417, 2016.0], [-121.117449, 48.066456, 2016.1], [-121.117462, 48.066519, 2017.4], [-121.117429, 48.0666, 2013.3], [-121.11739, 48.066664, 2018.5], [-121.117368, 48.066729, 2016.4], [-121.117368, 48.066775, 2018.9], [-121.117408, 48.066805, 2018.8], [-121.117444, 48.066877, 2017.8], [-121.117433, 48.0669, 2016.7], [-121.117379, 48.066937, 2016.9], [-121.117347, 48.066997, 2014.7], [-121.117307, 48.067037, 2011.3], [-121.117293, 48.067085, 2012.3], [-121.117266, 48.067132, 2010.2], [-121.117248, 48.067176, 2011.8], [-121.117138, 48.067238, 2012.1], [-121.117098, 48.067288, 2011.2], [-121.117078, 48.067325, 2013.8], [-121.116997, 48.067371, 2014.6], [-121.116952, 48.067421, 2013.5], [-121.116902, 48.067485, 2014.2], [-121.116839, 48.067531, 2012.7], [-121.116825, 48.067562, 2013.7], [-121.116779, 48.0676, 2012.6], [-121.116769, 48.067612, 2012.2], [-121.11665, 48.06772, 2009.3], [-121.116637, 48.06775, 2006.7], [-121.116602, 48.067806, 2007.5], [-121.116462, 48.067888, 2017.7], [-121.116456, 48.067906, 2018.6], [-121.116345, 48.067932, 2011.4], [-121.116324, 48.067919, 2011.1], [-121.116314, 48.067895, 2012.3], [-121.116243, 48.067919, 2010.7], [-121.116237, 48.067928, 2010.2], [-121.116146, 48.067974, 2010.2], [-121.116138, 48.067956, 2009.2], [-121.116145, 48.067936, 2009.1], [-121.11611, 48.067948, 2011.7], [-121.116069, 48.067976, 2011.0], [-121.116077, 48.067963, 2005.9], [-121.115956, 48.068003, 2008.3], [-121.115926, 48.068044, 2007.1], [-121.115872, 48.068075, 2006.3], [-121.115831, 48.068118, 2014.1], [-121.115831, 48.068098, 2013.0], [-121.115847, 48.068074, 2010.4], [-121.11584, 48.068104, 2009.4], [-121.115784, 48.068148, 2007.2], [-121.11577, 48.068261, 2003.3], [-121.115753, 48.068276, 2002.2], [-121.115724, 48.068385, 1999.9], [-121.115699, 48.068401, 1999.4], [-121.115717, 48.068514, 2002.1], [-121.115668, 48.068578, 1999.9], [-121.11566, 48.068614, 1998.7], [-121.115651, 48.068682, 1998.9], [-121.115688, 48.068743, 2002.1], [-121.115731, 48.068775, 2004.1], [-121.11591, 48.068795, 2001.4], [-121.116009, 48.068855, 2002.5], [-121.115993, 48.068905, 2006.9], [-121.115932, 48.068954, 2005.2], [-121.115918, 48.068983, 2007.7], [-121.11596, 48.069027, 2010.5], [-121.115946, 48.069052, 2010.0], [-121.115953, 48.069078, 2009.7], [-121.115891, 48.06914, 2017.1], [-121.115876, 48.069167, 2018.1], [-121.11585, 48.069179, 2018.0], [-121.115836, 48.069204, 2016.2], [-121.115853, 48.069247, 2015.7], [-121.115846, 48.06927, 2016.5], [-121.115811, 48.069292, 2016.9], [-121.115756, 48.069288, 2016.1], [-121.115676, 48.069318, 2015.6], [-121.115644, 48.069399, 2016.3], [-121.115684, 48.069441, 2017.4], [-121.115692, 48.069463, 2017.6], [-121.115641, 48.069534, 2020.0], [-121.115639, 48.069544, 2020.6], [-121.115647, 48.069594, 2019.8], [-121.115641, 48.069636, 2019.7], [-121.115617, 48.069684, 2019.3], [-121.115619, 48.069715, 2021.5], [-121.115606, 48.069742, 2020.1], [-121.115577, 48.069759, 2020.3], [-121.115569, 48.069785, 2020.1], [-121.115529, 48.069821, 2021.5], [-121.115524, 48.069868, 2023.5], [-121.115494, 48.069882, 2022.3], [-121.115514, 48.069953, 2022.9], [-121.115591, 48.069989, 2025.2], [-121.115617, 48.070015, 2027.1], [-121.115687, 48.070035, 2029.5], [-121.115699, 48.070057, 2031.9], [-121.115689, 48.070125, 2034.1], [-121.115721, 48.070162, 2034.8], [-121.115708, 48.070189, 2036.1], [-121.115616, 48.070249, 2043.7], [-121.115578, 48.070253, 2044.5], [-121.11553, 48.070242, 2047.3], [-121.115437, 48.070303, 2053.2], [-121.115369, 48.070303, 2050.2], [-121.11536, 48.070328, 2056.8], [-121.115381, 48.070344, 2058.2], [-121.115378, 48.070357, 2057.7], [-121.115342, 48.070356, 2059.8], [-121.115334, 48.070381, 2060.5], [-121.115298, 48.070392, 2063.8], [-121.115277, 48.070437, 2066.1], [-121.115288, 48.070462, 2063.1], [-121.11532, 48.070478, 2063.6], [-121.115298, 48.070495, 2066.8], [-121.115292, 48.070518, 2067.8], [-121.115294, 48.07054, 2067.5], [-121.115319, 48.070584, 2070.1], [-121.115328, 48.070647, 2073.1], [-121.115292, 48.070738, 2071.9], [-121.115301, 48.07079, 2075.5], [-121.115256, 48.070821, 2073.2], [-121.115244, 48.070875, 2076.3], [-121.115204, 48.070877, 2080.4], [-121.115181, 48.070896, 2080.5], [-121.115177, 48.070917, 2082.8], [-121.115113, 48.070953, 2084.4], [-121.115109, 48.070958, 2084.7], [-121.115029, 48.071017, 2088.1], [-121.114966, 48.070999, 2090.2], [-121.114893, 48.071018, 2092.0], [-121.114844, 48.071054, 2094.0], [-121.114775, 48.071066, 2098.6], [-121.114695, 48.071121, 2099.1], [-121.114649, 48.071142, 2099.9], [-121.114641, 48.071183, 2103.0], [-121.114597, 48.071217, 2105.0], [-121.114621, 48.071272, 2105.2], [-121.114615, 48.071304, 2106.1], [-121.11464, 48.071339, 2107.1], [-121.114643, 48.071365, 2107.0], [-121.114633, 48.071388, 2106.7], [-121.11459, 48.071425, 2104.5], [-121.114592, 48.071436, 2105.0], [-121.11456, 48.071465, 2105.8], [-121.114527, 48.071526, 2110.7], [-121.114465, 48.071558, 2106.3], [-121.114452, 48.071596, 2105.9], [-121.114437, 48.071656, 2109.5], [-121.114405, 48.071718, 2110.9], [-121.114382, 48.071739, 2112.4], [-121.11438, 48.071773, 2113.8], [-121.114359, 48.071822, 2116.1], [-121.114366, 48.071846, 2117.3], [-121.114307, 48.071921, 2120.4], [-121.114297, 48.071931, 2120.9], [-121.114275, 48.071979, 2123.1], [-121.11425, 48.072, 2122.5], [-121.11412, 48.072054, 2126.3], [-121.114105, 48.072059, 2126.5], [-121.113996, 48.07214, 2128.2], [-121.11399, 48.072156, 2126.8], [-121.113997, 48.072179, 2126.9], [-121.114017, 48.072192, 2127.4], [-121.114023, 48.072209, 2128.0], [-121.114016, 48.072217, 2127.6], [-121.113827, 48.072327, 2127.8], [-121.113764, 48.072402, 2128.9], [-121.113677, 48.072459, 2129.8], [-121.113595, 48.072455, 2129.8], [-121.113421, 48.072486, 2132.1], [-121.113384, 48.072468, 2131.8], [-121.113361, 48.072483, 2133.8], [-121.113302, 48.072599, 2135.5], [-121.113253, 48.072629, 2136.2], [-121.113139, 48.072656, 2136.5], [-121.113061, 48.072661, 2136.9], [-121.113056, 48.072659, 2136.9], [-121.112977, 48.072735, 2135.1], [-121.112954, 48.072774, 2134.4], [-121.112917, 48.072788, 2134.8], [-121.112871, 48.072798, 2133.2], [-121.1127, 48.07288, 2136.7], [-121.112695, 48.072885, 2136.5], [-121.112635, 48.072906, 2133.1], [-121.112542, 48.072913, 2130.5], [-121.112505, 48.072923, 2128.6], [-121.112477, 48.072943, 2127.7], [-121.112396, 48.072948, 2127.6], [-121.112324, 48.072988, 2133.4], [-121.112239, 48.073008, 2134.9], [-121.112238, 48.072962, 2137.4], [-121.112251, 48.07298, 2136.1], [-121.112242, 48.073004, 2134.7], [-121.112236, 48.072978, 2138.0], [-121.112226, 48.073003, 2135.6], [-121.112193, 48.073019, 2134.3], [-121.112131, 48.073072, 2132.9], [-121.111989, 48.073103, 2130.0], [-121.111971, 48.073105, 2130.4], [-121.111929, 48.073131, 2130.5], [-121.111747, 48.073201, 2128.9], [-121.111713, 48.073217, 2129.0], [-121.111676, 48.073211, 2125.9], [-121.111586, 48.073185, 2124.7], [-121.111458, 48.073187, 2126.4], [-121.111365, 48.07316, 2122.9], [-121.11116, 48.073148, 2125.2], [-121.111095, 48.073147, 2124.6], [-121.110962, 48.073164, 2126.8], [-121.110887, 48.073183, 2126.2], [-121.110851, 48.073171, 2124.1], [-121.110745, 48.073106, 2121.2], [-121.110732, 48.073101, 2121.0], [-121.110558, 48.073118, 2123.6], [-121.110501, 48.073178, 2126.8], [-121.110406, 48.073229, 2126.1], [-121.110336, 48.073282, 2129.0], [-121.11032, 48.073288, 2128.7], [-121.110219, 48.073309, 2126.0], [-121.110074, 48.073322, 2123.9], [-121.109913, 48.073367, 2126.4], [-121.109819, 48.073357, 2125.2], [-121.109719, 48.073358, 2123.7], [-121.1096, 48.073433, 2124.0], [-121.109382, 48.073506, 2117.7], [-121.109368, 48.073512, 2118.0], [-121.109311, 48.07355, 2120.4], [-121.109274, 48.07355, 2118.1], [-121.109242, 48.073563, 2118.6], [-121.109167, 48.073616, 2121.9], [-121.10905, 48.073707, 2125.1], [-121.108977, 48.073745, 2127.0], [-121.108994, 48.073768, 2134.4], [-121.108971, 48.073812, 2132.4], [-121.108942, 48.073825, 2128.8], [-121.108871, 48.073888, 2131.2], [-121.108774, 48.073961, 2129.9], [-121.108706, 48.074028, 2130.0], [-121.108664, 48.074073, 2130.3], [-121.108583, 48.074116, 2130.0], [-121.108553, 48.074166, 2131.7], [-121.108542, 48.074174, 2132.1], [-121.108469, 48.074186, 2130.5], [-121.108408, 48.07424, 2130.6], [-121.108332, 48.07425, 2128.8], [-121.108252, 48.074315, 2129.5], [-121.108165, 48.074364, 2132.4], [-121.108153, 48.074368, 2132.3], [-121.108059, 48.074414, 2134.5], [-121.107963, 48.074436, 2127.9], [-121.107928, 48.074466, 2128.0], [-121.107907, 48.074492, 2128.1], [-121.107777, 48.074559, 2129.8], [-121.107766, 48.074582, 2129.0], [-121.107774, 48.07459, 2129.3], [-121.107738, 48.074587, 2128.5], [-121.107678, 48.074604, 2134.3], [-121.107546, 48.074672, 2138.6], [-121.107379, 48.07477, 2144.4], [-121.107334, 48.07478, 2147.0], [-121.107322, 48.074789, 2147.3], [-121.107272, 48.074803, 2149.3], [-121.107189, 48.074854, 2155.3], [-121.107098, 48.074891, 2158.2], [-121.107064, 48.074918, 2162.8], [-121.10703, 48.074905, 2161.8], [-121.106964, 48.07492, 2154.3], [-121.106935, 48.074937, 2155.3], [-121.106889, 48.074986, 2154.4], [-121.106817, 48.074985, 2157.1], [-121.10678, 48.075049, 2155.2], [-121.106757, 48.075064, 2157.3], [-121.106744, 48.075101, 2157.4], [-121.106671, 48.075117, 2161.3], [-121.106667, 48.075144, 2161.8], [-121.106589, 48.075225, 2162.4], [-121.106515, 48.075255, 2164.2], [-121.106457, 48.075366, 2167.5], [-121.106451, 48.075372, 2166.5], [-121.10631, 48.075438, 2169.7], [-121.106263, 48.075493, 2169.8], [-121.106241, 48.075559, 2172.7], [-121.106218, 48.075574, 2175.5], [-121.106183, 48.075583, 2176.8], [-121.106155, 48.075568, 2178.0], [-121.106121, 48.07558, 2175.8], [-121.106109, 48.075635, 2177.9], [-121.106092, 48.075659, 2180.6], [-121.105848, 48.07572, 2185.8], [-121.105811, 48.075744, 2185.5], [-121.105802, 48.075763, 2188.2], [-121.105803, 48.07579, 2189.9], [-121.10571, 48.075871, 2194.7], [-121.105654, 48.075932, 2193.0], [-121.105585, 48.075962, 2194.1], [-121.105541, 48.075998, 2196.3], [-121.105488, 48.076037, 2196.0], [-121.105398, 48.076127, 2192.1], [-121.105347, 48.076217, 2193.9], [-121.105293, 48.076274, 2193.9], [-121.105242, 48.076305, 2197.3], [-121.10512, 48.076314, 2193.2], [-121.105033, 48.076349, 2196.5], [-121.104948, 48.076371, 2199.7], [-121.104937, 48.076395, 2198.3], [-121.104953, 48.076389, 2197.3], [-121.105561, 48.076531, 2202.3], [-121.105622, 48.076512, 2198.7], [-121.105656, 48.076523, 2199.2], [-121.105638, 48.076623, 2200.3], [-121.105656, 48.076719, 2199.8], [-121.105621, 48.076806, 2199.7], [-121.105604, 48.076844, 2198.9], [-121.105621, 48.076909, 2203.0], [-121.105604, 48.076981, 2205.1], [-121.105596, 48.076999, 2206.5], [-121.105593, 48.07704, 2208.5], [-121.105631, 48.077163, 2210.2], [-121.105634, 48.077212, 2209.6], [-121.105706, 48.077284, 2210.2], [-121.105721, 48.07734, 2210.1], [-121.105721, 48.077351, 2209.8], [-121.105748, 48.077464, 2206.9], [-121.105824, 48.077553, 2208.5], [-121.105819, 48.077584, 2209.5], [-121.105841, 48.077648, 2212.0], [-121.105893, 48.077704, 2213.6], [-121.105901, 48.077746, 2213.5], [-121.105932, 48.077815, 2215.4], [-121.10597, 48.077868, 2214.9], [-121.106021, 48.077922, 2215.5], [-121.106018, 48.07797, 2216.0], [-121.106059, 48.078033, 2217.6], [-121.10606, 48.078105, 2219.1], [-121.10607, 48.078124, 2220.0], [-121.106143, 48.078187, 2217.3], [-121.10615, 48.0782, 2217.3], [-121.106238, 48.078308, 2219.0], [-121.106239, 48.078327, 2219.0], [-121.106258, 48.078353, 2219.6], [-121.106268, 48.078356, 2219.2], [-121.106297, 48.078382, 2220.1], [-121.106316, 48.078422, 2223.4], [-121.106355, 48.078464, 2224.2], [-121.106421, 48.078489, 2225.0], [-121.106432, 48.078519, 2225.9], [-121.106416, 48.078567, 2227.9], [-121.106449, 48.078612, 2230.2], [-121.106453, 48.078661, 2233.4], [-121.106457, 48.078672, 2233.5], [-121.106498, 48.078715, 2233.9], [-121.106501, 48.078761, 2232.5], [-121.106549, 48.07884, 2236.2], [-121.106587, 48.078883, 2239.1], [-121.106595, 48.078908, 2241.0], [-121.106637, 48.078946, 2242.4], [-121.106645, 48.078991, 2243.2], [-121.106697, 48.079068, 2247.0], [-121.106743, 48.079104, 2249.4], [-121.106784, 48.079168, 2251.0], [-121.106895, 48.079247, 2251.7], [-121.106956, 48.079271, 2253.1], [-121.106992, 48.079299, 2253.4], [-121.107086, 48.079325, 2257.1], [-121.107208, 48.0794, 2258.5], [-121.107238, 48.07941, 2258.9], [-121.10723, 48.079431, 2258.6], [-121.107245, 48.079454, 2260.4], [-121.107333, 48.079521, 2264.1], [-121.107344, 48.07955, 2264.0], [-121.107472, 48.079644, 2268.4], [-121.107496, 48.079677, 2270.4], [-121.107521, 48.079698, 2271.1], [-121.107605, 48.079735, 2271.6], [-121.107712, 48.079759, 2273.6], [-121.107724, 48.079765, 2273.8], [-121.107876, 48.079863, 2276.6], [-121.107904, 48.079896, 2278.0], [-121.107952, 48.079945, 2278.8], [-121.108115, 48.079992, 2280.4], [-121.108245, 48.080007, 2280.5], [-121.108336, 48.080039, 2280.7], [-121.108427, 48.080112, 2278.8], [-121.108398, 48.080116, 2276.8], [-121.108443, 48.080155, 2275.2], [-121.108456, 48.080181, 2277.1], [-121.108438, 48.080172, 2274.1], [-121.108484, 48.080205, 2273.4], [-121.108524, 48.080327, 2274.5], [-121.108525, 48.080337, 2274.7], [-121.108558, 48.080448, 2275.9], [-121.108548, 48.080508, 2273.8], [-121.108547, 48.080542, 2273.0], [-121.108565, 48.080564, 2272.6], [-121.108509, 48.080594, 2270.2], [-121.108482, 48.080636, 2267.6], [-121.108495, 48.080609, 2265.6], [-121.108519, 48.080582, 2267.4], [-121.108486, 48.080593, 2270.8], [-121.1085, 48.080549, 2269.8], [-121.108495, 48.08051, 2270.3], [-121.10853, 48.080499, 2272.9], [-121.108509, 48.080522, 2274.8], [-121.108417, 48.080522, 2271.6], [-121.108347, 48.080542, 2271.2], [-121.1083, 48.080544, 2268.4], [-121.108279, 48.08054, 2268.4], [-121.10818, 48.080555, 2266.0], [-121.108135, 48.080595, 2264.5], [-121.108093, 48.080611, 2262.6], [-121.108039, 48.080625, 2262.0], [-121.108039, 48.080674, 2260.0], [-121.108029, 48.080696, 2259.7], [-121.108034, 48.080722, 2260.0], [-121.10805, 48.080745, 2258.8], [-121.108054, 48.080776, 2258.7], [-121.108036, 48.08081, 2254.2], [-121.108083, 48.080866, 2250.0], [-121.108108, 48.080937, 2244.7], [-121.108144, 48.080981, 2245.0], [-121.108177, 48.081043, 2241.6], [-121.108177, 48.081104, 2238.7], [-121.108215, 48.081154, 2236.5], [-121.108209, 48.081193, 2233.9], [-121.108223, 48.081216, 2233.7], [-121.108272, 48.081246, 2234.7], [-121.108294, 48.081256, 2235.8], [-121.108351, 48.081292, 2232.5], [-121.108369, 48.081314, 2231.9], [-121.108406, 48.081325, 2231.1], [-121.10843, 48.081345, 2229.5], [-121.108434, 48.081396, 2230.2], [-121.108444, 48.081449, 2227.9], [-121.108492, 48.081507, 2225.0], [-121.108516, 48.081564, 2225.3], [-121.108536, 48.081594, 2225.3], [-121.108542, 48.081624, 2224.2], [-121.108613, 48.081709, 2224.5], [-121.10859, 48.081889, 2224.0], [-121.108568, 48.08191, 2225.1], [-121.108509, 48.081948, 2222.9], [-121.108532, 48.082009, 2223.0], [-121.108532, 48.082077, 2225.6], [-121.108473, 48.082254, 2225.3], [-121.108466, 48.082261, 2223.8], [-121.108404, 48.082286, 2223.7], [-121.108441, 48.082295, 2217.7], [-121.108469, 48.082278, 2216.8], [-121.10847, 48.082296, 2216.5], [-121.108452, 48.08232, 2216.6], [-121.108403, 48.082359, 2216.1], [-121.108382, 48.0824, 2218.1], [-121.108385, 48.082509, 2222.6], [-121.108401, 48.082565, 2223.9], [-121.108363, 48.082618, 2222.9], [-121.108358, 48.082691, 2223.3], [-121.108355, 48.0827, 2223.4], [-121.10833, 48.082725, 2222.2], [-121.108334, 48.082748, 2222.1], [-121.108416, 48.082808, 2221.1], [-121.108439, 48.082852, 2221.0], [-121.108478, 48.082969, 2217.8], [-121.10845, 48.083014, 2216.4], [-121.108404, 48.083058, 2219.2], [-121.108369, 48.083171, 2221.3], [-121.108371, 48.083187, 2221.8], [-121.108338, 48.083262, 2222.9], [-121.10829, 48.083302, 2222.0], [-121.108262, 48.083358, 2222.3], [-121.108251, 48.083368, 2221.8], [-121.108168, 48.083422, 2220.2], [-121.108103, 48.083521, 2222.4], [-121.10809, 48.083534, 2222.9], [-121.108075, 48.083566, 2222.9], [-121.108122, 48.083596, 2223.1], [-121.108112, 48.08362, 2223.7], [-121.108119, 48.083646, 2224.7], [-121.108064, 48.083692, 2223.8], [-121.10804, 48.083764, 2225.3], [-121.108013, 48.083783, 2225.2], [-121.108029, 48.083863, 2227.5], [-121.108031, 48.083884, 2227.7], [-121.108026, 48.083909, 2227.7], [-121.107878, 48.083615, 2220.4], [-121.10793, 48.083764, 2235.4], [-121.10797, 48.083946, 2240.5], [-121.107985, 48.084067, 2244.8], [-121.108012, 48.084121, 2246.1], [-121.108024, 48.084175, 2247.1], [-121.108004, 48.084215, 2248.8], [-121.107999, 48.084302, 2252.1], [-121.107978, 48.084346, 2253.1], [-121.107971, 48.084395, 2254.4], [-121.107941, 48.084428, 2255.4], [-121.107937, 48.08447, 2257.9], [-121.107924, 48.084552, 2258.9], [-121.107939, 48.084618, 2261.0], [-121.107923, 48.084647, 2262.1], [-121.107901, 48.084651, 2260.9], [-121.107893, 48.084674, 2260.8], [-121.107851, 48.084703, 2260.7], [-121.107833, 48.084755, 2264.4], [-121.107894, 48.08479, 2265.7], [-121.107901, 48.084797, 2265.8], [-121.107959, 48.084878, 2267.6], [-121.107993, 48.084891, 2267.8], [-121.108023, 48.084932, 2269.2], [-121.108006, 48.084995, 2272.9], [-121.108086, 48.085074, 2274.3], [-121.108088, 48.085114, 2275.0], [-121.108162, 48.085198, 2274.2], [-121.108181, 48.085242, 2274.8], [-121.108244, 48.085295, 2275.4], [-121.108287, 48.085403, 2280.3], [-121.108292, 48.085412, 2280.1], [-121.108266, 48.085438, 2280.7], [-121.108284, 48.08546, 2281.9], [-121.108352, 48.085448, 2279.4], [-121.108374, 48.085466, 2279.8], [-121.1084, 48.085514, 2281.0], [-121.108402, 48.085555, 2280.9], [-121.108437, 48.085592, 2281.2], [-121.108467, 48.08561, 2281.7], [-121.108508, 48.085683, 2283.5], [-121.108499, 48.085753, 2283.8], [-121.108529, 48.085774, 2284.6], [-121.108557, 48.085816, 2284.9], [-121.108603, 48.085853, 2286.0], [-121.108625, 48.085883, 2288.0], [-121.10863, 48.085936, 2289.3], [-121.108721, 48.086013, 2292.5], [-121.108728, 48.086025, 2292.1], [-121.108713, 48.08605, 2292.5], [-121.108738, 48.086081, 2294.4], [-121.108739, 48.086107, 2294.9], [-121.108804, 48.086117, 2296.7], [-121.108797, 48.08615, 2295.7], [-121.108845, 48.086188, 2297.4], [-121.10886, 48.086231, 2297.9], [-121.108926, 48.086239, 2298.3], [-121.108938, 48.086276, 2298.9], [-121.108964, 48.086301, 2299.3], [-121.109002, 48.086301, 2299.3], [-121.109026, 48.086337, 2301.3], [-121.109034, 48.086376, 2301.9], [-121.109064, 48.08641, 2301.8], [-121.109133, 48.086471, 2301.5], [-121.109207, 48.086504, 2304.4], [-121.109231, 48.086533, 2304.5], [-121.109245, 48.086539, 2305.0], [-121.109321, 48.086597, 2306.0], [-121.109434, 48.086651, 2307.1], [-121.109442, 48.086657, 2307.6], [-121.109454, 48.086687, 2309.5], [-121.10949, 48.086723, 2311.4], [-121.10961, 48.086696, 2312.4], [-121.109641, 48.086718, 2311.8], [-121.109649, 48.086741, 2313.1], [-121.109659, 48.086827, 2312.3], [-121.109681, 48.086865, 2312.6], [-121.109689, 48.08687, 2312.7], [-121.10978, 48.086948, 2316.1], [-121.109825, 48.087033, 2319.8], [-121.109897, 48.08709, 2320.5], [-121.109903, 48.087155, 2322.0], [-121.109932, 48.087191, 2325.3], [-121.109985, 48.087312, 2326.1], [-121.109984, 48.087369, 2327.4], [-121.109994, 48.087434, 2330.0], [-121.10997, 48.087542, 2332.2], [-121.109953, 48.087631, 2334.3], [-121.109914, 48.087696, 2336.2], [-121.109821, 48.087763, 2337.1], [-121.109802, 48.087784, 2339.0], [-121.109796, 48.087807, 2338.0], [-121.109774, 48.087821, 2337.9], [-121.109727, 48.087825, 2337.2], [-121.109689, 48.087837, 2337.9], [-121.109651, 48.087869, 2338.6], [-121.109609, 48.087938, 2340.6], [-121.109567, 48.087998, 2340.8], [-121.109553, 48.08804, 2341.6], [-121.109451, 48.088103, 2342.8], [-121.10941, 48.088139, 2344.1], [-121.109407, 48.088162, 2344.1], [-121.109441, 48.088199, 2345.3], [-121.109425, 48.088236, 2346.0], [-121.109434, 48.088261, 2346.3], [-121.109386, 48.088378, 2344.8], [-121.109358, 48.088414, 2346.9], [-121.109285, 48.088472, 2350.1], [-121.109235, 48.088492, 2352.0], [-121.109188, 48.088562, 2352.7], [-121.109088, 48.08867, 2354.9], [-121.109025, 48.088698, 2356.5], [-121.109012, 48.088708, 2357.1], [-121.108952, 48.088835, 2359.6], [-121.108936, 48.088851, 2359.0], [-121.108953, 48.08895, 2358.9], [-121.108933, 48.088989, 2360.1], [-121.108955, 48.089009, 2361.2], [-121.108996, 48.089024, 2361.1], [-121.109039, 48.089049, 2362.9], [-121.109109, 48.089061, 2361.8], [-121.109203, 48.089136, 2365.6], [-121.109251, 48.089162, 2365.3], [-121.10926, 48.089182, 2365.4], [-121.109284, 48.089199, 2366.5], [-121.109353, 48.089221, 2366.9], [-121.109381, 48.089277, 2367.7], [-121.109376, 48.089325, 2371.3], [-121.109406, 48.089335, 2370.7], [-121.109442, 48.089396, 2373.7], [-121.109471, 48.089416, 2374.5], [-121.109523, 48.089477, 2377.6], [-121.109596, 48.089522, 2377.8], [-121.109654, 48.089537, 2378.6], [-121.109742, 48.089586, 2378.8], [-121.109757, 48.089609, 2377.4], [-121.109759, 48.089626, 2378.5], [-121.109737, 48.089656, 2379.0], [-121.109737, 48.089691, 2381.2], [-121.109859, 48.089766, 2385.2], [-121.109905, 48.089831, 2386.2], [-121.109973, 48.089909, 2387.4], [-121.109973, 48.090003, 2389.2], [-121.109971, 48.090018, 2389.3], [-121.10998, 48.090108, 2388.6], [-121.109972, 48.090178, 2391.1], [-121.109979, 48.090199, 2391.4], [-121.10998, 48.090239, 2393.3], [-121.109951, 48.090274, 2392.2], [-121.109932, 48.090333, 2392.8], [-121.109944, 48.090357, 2390.1], [-121.109924, 48.090368, 2390.7], [-121.109923, 48.090377, 2387.8], [-121.10987, 48.090512, 2389.5], [-121.109866, 48.090586, 2387.0], [-121.109845, 48.090635, 2388.7], [-121.109869, 48.090656, 2390.1], [-121.109902, 48.090652, 2387.9], [-121.109923, 48.090641, 2382.7], [-121.109919, 48.090618, 2381.7], [-121.109852, 48.090611, 2384.2], [-121.109886, 48.090651, 2389.2], [-121.109884, 48.090749, 2386.8], [-121.109901, 48.09079, 2386.0], [-121.109878, 48.090811, 2382.7], [-121.109843, 48.090822, 2384.0], [-121.109826, 48.090862, 2385.4], [-121.109844, 48.090883, 2382.6], [-121.109811, 48.090896, 2382.4], [-121.1098, 48.090922, 2381.5], [-121.109783, 48.090935, 2381.9], [-121.10975, 48.090976, 2381.2], [-121.109745, 48.091039, 2382.1], [-121.109752, 48.091084, 2382.6], [-121.109731, 48.091125, 2383.3], [-121.109714, 48.091185, 2384.0], [-121.109716, 48.091212, 2382.3], [-121.109672, 48.091296, 2383.8], [-121.109656, 48.091301, 2383.9], [-121.109628, 48.091347, 2385.0], [-121.109605, 48.09136, 2385.7], [-121.109596, 48.091383, 2386.1], [-121.109604, 48.091451, 2387.0], [-121.109599, 48.091458, 2386.4], [-121.109488, 48.091509, 2390.2], [-121.109428, 48.091579, 2393.1], [-121.109374, 48.091625, 2392.3], [-121.109357, 48.091754, 2396.0], [-121.109351, 48.091785, 2397.4], [-121.109368, 48.091804, 2397.3], [-121.10938, 48.091853, 2398.9], [-121.109376, 48.091871, 2398.0], [-121.109337, 48.091909, 2397.8], [-121.109328, 48.091946, 2397.3], [-121.109323, 48.091949, 2397.0], [-121.109276, 48.092038, 2398.6], [-121.109222, 48.092105, 2401.3], [-121.10924, 48.092134, 2403.2], [-121.109183, 48.092175, 2402.3], [-121.109159, 48.092213, 2402.5], [-121.109159, 48.092248, 2402.3], [-121.109121, 48.092422, 2405.0], [-121.10903, 48.092572, 2406.3], [-121.109022, 48.092581, 2406.5], [-121.10901, 48.092693, 2408.8], [-121.109054, 48.092764, 2411.6], [-121.109052, 48.09279, 2412.5], [-121.109061, 48.092806, 2412.5], [-121.109091, 48.09282, 2412.3], [-121.109093, 48.092845, 2413.8], [-121.109026, 48.092885, 2413.8], [-121.109003, 48.092885, 2414.4], [-121.108995, 48.092896, 2414.9], [-121.108979, 48.092986, 2411.9], [-121.108955, 48.092999, 2411.4], [-121.108924, 48.093052, 2412.1], [-121.108917, 48.093232, 2414.8], [-121.108927, 48.093418, 2419.1], [-121.108938, 48.093496, 2421.0], [-121.108932, 48.093522, 2421.7], [-121.108949, 48.093596, 2422.3], [-121.108965, 48.093636, 2424.5], [-121.10899, 48.093644, 2424.5], [-121.108989, 48.09369, 2425.2], [-121.109007, 48.093708, 2425.6], [-121.109029, 48.09376, 2426.5], [-121.109032, 48.093804, 2428.1], [-121.109073, 48.093858, 2429.7], [-121.109089, 48.093905, 2429.9], [-121.109135, 48.093957, 2430.4], [-121.10915, 48.093983, 2431.4], [-121.109234, 48.094019, 2432.9], [-121.109311, 48.09409, 2435.4], [-121.109263, 48.094126, 2435.5], [-121.109248, 48.094148, 2436.5], [-121.109277, 48.094198, 2438.7], [-121.109356, 48.094239, 2440.7], [-121.109416, 48.094298, 2444.9], [-121.109453, 48.094364, 2443.9], [-121.109493, 48.094394, 2445.3], [-121.109592, 48.094462, 2450.3], [-121.109532, 48.094491, 2451.5], [-121.109518, 48.094494, 2451.5], [-121.109502, 48.094517, 2451.5], [-121.109539, 48.094525, 2449.1], [-121.10953, 48.09454, 2446.4], [-121.10958, 48.094549, 2441.2], [-121.109614, 48.094567, 2443.0], [-121.109654, 48.094609, 2443.9], [-121.109724, 48.094661, 2446.1], [-121.109745, 48.094698, 2441.5], [-121.109737, 48.094723, 2441.1], [-121.109757, 48.094742, 2444.4], [-121.109766, 48.094789, 2448.6], [-121.109787, 48.094809, 2450.3], [-121.109813, 48.094861, 2453.7], [-121.109808, 48.094861, 2454.6], [-121.109821, 48.094908, 2461.6], [-121.109881, 48.095025, 2465.4], [-121.109881, 48.09503, 2465.9], [-121.109933, 48.095075, 2469.2], [-121.109918, 48.095098, 2470.2], [-121.109914, 48.095174, 2477.6], [-121.109924, 48.095204, 2477.2], [-121.109924, 48.095239, 2479.3], [-121.109946, 48.09526, 2479.9], [-121.109949, 48.095281, 2480.3], [-121.109967, 48.095301, 2482.2], [-121.110067, 48.095345, 2486.2], [-121.110106, 48.095397, 2484.2], [-121.110137, 48.095411, 2483.2], [-121.110133, 48.095435, 2484.3], [-121.110158, 48.095451, 2486.7], [-121.110161, 48.095473, 2487.5], [-121.110132, 48.095509, 2488.0], [-121.110116, 48.095565, 2491.7], [-121.110125, 48.095614, 2496.7], [-121.110145, 48.095636, 2498.0], [-121.110129, 48.095654, 2498.3], [-121.110137, 48.095682, 2497.7], [-121.110178, 48.095694, 2501.0], [-121.110223, 48.095731, 2501.3], [-121.11029, 48.095751, 2503.2], [-121.110301, 48.095775, 2504.0], [-121.110282, 48.095807, 2504.8], [-121.110249, 48.095881, 2507.4], [-121.110281, 48.095928, 2512.6], [-121.110315, 48.095928, 2511.4], [-121.110354, 48.095941, 2511.7], [-121.110372, 48.095968, 2514.1], [-121.110374, 48.095994, 2514.6], [-121.110419, 48.096052, 2512.9], [-121.110425, 48.096102, 2512.5], [-121.11044, 48.096135, 2513.1], [-121.110482, 48.096178, 2516.5], [-121.11053, 48.096282, 2516.7], [-121.110568, 48.096377, 2515.6], [-121.110559, 48.096428, 2517.8], [-121.110578, 48.09646, 2518.2], [-121.110573, 48.096555, 2525.9], [-121.110563, 48.09658, 2527.1], [-121.110609, 48.096626, 2534.5], [-121.110603, 48.096626, 2534.6], [-121.110616, 48.096678, 2536.4], [-121.110611, 48.096791, 2539.6], [-121.110616, 48.096842, 2540.9], [-121.110602, 48.096862, 2540.0], [-121.1106, 48.096889, 2540.3], [-121.110614, 48.096914, 2541.5], [-121.110612, 48.096962, 2542.8], [-121.110599, 48.096993, 2546.2], [-121.110593, 48.09703, 2544.4], [-121.11061, 48.09716, 2543.7], [-121.110612, 48.097235, 2541.6], [-121.110602, 48.097301, 2542.5], [-121.110622, 48.097354, 2546.9], [-121.110632, 48.097444, 2547.8], [-121.110617, 48.097479, 2547.4], [-121.110625, 48.097526, 2547.9], [-121.110624, 48.097541, 2547.3], [-121.110653, 48.097704, 2549.8], [-121.110648, 48.097754, 2550.2], [-121.110667, 48.097803, 2549.6], [-121.110642, 48.097851, 2549.2], [-121.110629, 48.097912, 2550.5], [-121.110596, 48.097955, 2550.4], [-121.110566, 48.098033, 2553.9], [-121.110551, 48.098126, 2555.2], [-121.110528, 48.098142, 2551.8], [-121.110512, 48.098186, 2555.2], [-121.110496, 48.098256, 2557.8], [-121.110456, 48.098311, 2558.4], [-121.110445, 48.098368, 2560.8], [-121.110447, 48.098378, 2560.6], [-121.110399, 48.098512, 2567.8], [-121.110358, 48.098542, 2569.2], [-121.110317, 48.098617, 2570.5], [-121.11026, 48.098675, 2573.7], [-121.110246, 48.09871, 2574.5], [-121.110223, 48.098737, 2573.4], [-121.110192, 48.098748, 2572.8], [-121.110214, 48.09877, 2577.0], [-121.110216, 48.098794, 2577.5], [-121.110191, 48.098838, 2577.0], [-121.110201, 48.098877, 2576.8], [-121.110181, 48.098922, 2576.4], [-121.110103, 48.099032, 2580.9], [-121.11004, 48.09909, 2578.5], [-121.110009, 48.099105, 2580.2], [-121.10999, 48.099181, 2584.5], [-121.109964, 48.099213, 2584.9], [-121.109947, 48.09926, 2586.6], [-121.109913, 48.0993, 2590.9], [-121.109889, 48.099319, 2592.1], [-121.109845, 48.099315, 2591.9], [-121.109774, 48.09941, 2593.1], [-121.109706, 48.099476, 2595.5], [-121.109622, 48.099553, 2598.5], [-121.109558, 48.099574, 2599.4], [-121.109543, 48.099608, 2602.1], [-121.109493, 48.099645, 2602.2], [-121.109439, 48.099727, 2605.0], [-121.109399, 48.099749, 2603.4], [-121.109362, 48.099776, 2605.1], [-121.109299, 48.099785, 2604.6], [-121.109205, 48.099853, 2603.9], [-121.109121, 48.099949, 2607.1], [-121.109002, 48.100013, 2611.1], [-121.108869, 48.100125, 2611.0], [-121.108863, 48.100128, 2611.4], [-121.108806, 48.100195, 2610.7], [-121.108773, 48.100209, 2612.0], [-121.108755, 48.100232, 2613.5], [-121.108721, 48.100236, 2614.3], [-121.108642, 48.100361, 2615.3], [-121.108567, 48.100417, 2616.3], [-121.108518, 48.100426, 2616.3], [-121.108486, 48.100453, 2618.1], [-121.108452, 48.100519, 2618.9], [-121.108392, 48.10057, 2616.8], [-121.108252, 48.100718, 2618.0], [-121.108239, 48.100724, 2617.5], [-121.108195, 48.100769, 2619.4], [-121.108138, 48.100851, 2619.1], [-121.108107, 48.100871, 2617.6], [-121.108058, 48.100913, 2617.9], [-121.108057, 48.100949, 2617.0], [-121.108022, 48.101027, 2619.7], [-121.107982, 48.101098, 2620.3], [-121.107906, 48.101178, 2618.5], [-121.107903, 48.101188, 2618.2], [-121.107815, 48.10131, 2620.1], [-121.107805, 48.101361, 2623.8], [-121.107799, 48.101446, 2622.9], [-121.107749, 48.101513, 2620.6], [-121.107746, 48.101551, 2619.4], [-121.107723, 48.101616, 2616.4], [-121.107701, 48.101636, 2616.9], [-121.107677, 48.101682, 2615.3], [-121.10765, 48.101704, 2614.6], [-121.107644, 48.101703, 2616.7], [-121.107604, 48.101722, 2619.2], [-121.10754, 48.101773, 2623.3], [-121.107496, 48.101837, 2628.1], [-121.107476, 48.101844, 2627.3], [-121.107454, 48.101866, 2629.0], [-121.107424, 48.101945, 2624.5], [-121.107374, 48.101989, 2629.1], [-121.107306, 48.102079, 2628.9], [-121.107272, 48.102158, 2633.1], [-121.107245, 48.102186, 2635.6], [-121.107224, 48.102228, 2635.4], [-121.107167, 48.102262, 2633.4], [-121.107139, 48.102315, 2635.3], [-121.107114, 48.102347, 2636.1], [-121.107102, 48.102396, 2639.8], [-121.107026, 48.102476, 2642.3], [-121.106997, 48.102512, 2641.2], [-121.106958, 48.102606, 2645.3], [-121.106909, 48.102651, 2645.2], [-121.106896, 48.102686, 2647.2], [-121.106863, 48.102723, 2646.2], [-121.106844, 48.102794, 2648.3], [-121.106817, 48.102815, 2650.6], [-121.106815, 48.10283, 2651.0], [-121.10679, 48.102858, 2657.1], [-121.106765, 48.102906, 2658.0], [-121.106755, 48.102972, 2659.6], [-121.106772, 48.103002, 2661.5], [-121.106777, 48.103084, 2667.9], [-121.106806, 48.103119, 2665.2], [-121.106801, 48.103177, 2669.5], [-121.106754, 48.103219, 2670.6], [-121.106779, 48.103262, 2676.3], [-121.106768, 48.103343, 2676.6], [-121.106755, 48.103341, 2677.6], [-121.106756, 48.103388, 2678.3], [-121.106703, 48.10342, 2681.1], [-121.106724, 48.103497, 2685.4], [-121.1067, 48.103519, 2685.6], [-121.10671, 48.103588, 2688.8], [-121.10673, 48.103611, 2692.4], [-121.106702, 48.103666, 2696.2], [-121.106709, 48.103695, 2695.7], [-121.106696, 48.103742, 2694.9], [-121.106699, 48.103766, 2694.8], [-121.106736, 48.10381, 2696.2], [-121.106716, 48.103854, 2695.9], [-121.106686, 48.103868, 2697.6], [-121.10666, 48.103914, 2699.9], [-121.10667, 48.10394, 2699.5], [-121.106658, 48.103963, 2701.0], [-121.106681, 48.104013, 2705.4], [-121.106677, 48.104015, 2705.5], [-121.106655, 48.104087, 2712.4], [-121.106655, 48.104192, 2718.5], [-121.106647, 48.10422, 2719.8], [-121.106603, 48.104283, 2721.8], [-121.106602, 48.104364, 2726.9], [-121.106595, 48.104442, 2729.5], [-121.10662, 48.104552, 2729.7], [-121.106609, 48.104581, 2727.9], [-121.106618, 48.104607, 2730.1], [-121.106601, 48.104657, 2732.9], [-121.10662, 48.104737, 2734.0], [-121.106621, 48.104791, 2735.0], [-121.106635, 48.104837, 2736.7], [-121.106659, 48.104854, 2737.5], [-121.106668, 48.104912, 2738.5], [-121.106675, 48.104924, 2738.5], [-121.106649, 48.104944, 2740.9], [-121.106653, 48.104971, 2742.7], [-121.106643, 48.104995, 2745.0], [-121.106667, 48.105064, 2746.7], [-121.106668, 48.105092, 2747.1], [-121.10669, 48.105145, 2746.6], [-121.10668, 48.105168, 2746.2], [-121.106647, 48.105177, 2749.1], [-121.106661, 48.105253, 2752.7], [-121.106678, 48.105288, 2755.5], [-121.106659, 48.105331, 2757.6], [-121.10668, 48.105378, 2760.0], [-121.106679, 48.105399, 2759.8], [-121.106697, 48.105426, 2758.0], [-121.106731, 48.105447, 2762.8], [-121.106744, 48.105471, 2763.6], [-121.106777, 48.105486, 2766.7], [-121.106788, 48.105535, 2770.1], [-121.106776, 48.105559, 2769.2], [-121.106804, 48.105586, 2772.5], [-121.106889, 48.105755, 2778.6], [-121.106899, 48.105757, 2778.1], [-121.106894, 48.10578, 2779.2], [-121.10695, 48.105804, 2777.2], [-121.106957, 48.105826, 2779.5], [-121.106952, 48.105851, 2789.2], [-121.106918, 48.105861, 2795.5], [-121.10696, 48.105863, 2792.3], [-121.107013, 48.105892, 2783.9], [-121.107023, 48.105867, 2788.3], [-121.106991, 48.105854, 2790.0], [-121.10696, 48.10587, 2796.2], [-121.106941, 48.105847, 2798.7], [-121.106936, 48.105851, 2793.3], [-121.106927, 48.105906, 2790.5], [-121.106905, 48.105887, 2795.7], [-121.106944, 48.105893, 2798.8], [-121.106972, 48.105909, 2799.3], [-121.107001, 48.105957, 2805.9], [-121.106995, 48.105981, 2807.7], [-121.107024, 48.106008, 2806.1], [-121.107015, 48.106013, 2807.1], [-121.107095, 48.106046, 2806.6], [-121.107163, 48.106106, 2808.3], [-121.107201, 48.106113, 2809.4], [-121.107256, 48.106157, 2807.5], [-121.107294, 48.10617, 2807.9], [-121.107342, 48.106211, 2809.1], [-121.107484, 48.106244, 2810.3], [-121.107485, 48.106257, 2809.9], [-121.107582, 48.106294, 2816.8], [-121.107604, 48.106271, 2820.3], [-121.107586, 48.106249, 2822.3], [-121.107666, 48.106249, 2822.3], [-121.10767, 48.106247, 2822.0], [-121.107875, 48.106293, 2825.4], [-121.107918, 48.106292, 2828.9], [-121.10799, 48.106316, 2828.2], [-121.108184, 48.106334, 2829.3], [-121.108238, 48.106326, 2830.2], [-121.108316, 48.106332, 2831.3], [-121.108475, 48.106316, 2840.0], [-121.108551, 48.106292, 2843.8], [-121.108622, 48.106306, 2844.3], [-121.108738, 48.106305, 2848.2], [-121.108902, 48.106277, 2850.0], [-121.108962, 48.106242, 2853.7], [-121.108996, 48.10621, 2855.5], [-121.10903, 48.106191, 2856.7], [-121.109058, 48.106155, 2857.9], [-121.109093, 48.106162, 2859.3], [-121.109193, 48.106125, 2862.4], [-121.109313, 48.106078, 2866.2], [-121.109353, 48.106036, 2870.6], [-121.109362, 48.106012, 2872.0], [-121.109403, 48.105995, 2870.5], [-121.109415, 48.105959, 2875.3], [-121.109476, 48.105942, 2876.1], [-121.109531, 48.105886, 2879.0], [-121.109575, 48.105873, 2877.5], [-121.10958, 48.105876, 2877.1], [-121.109616, 48.105862, 2880.4], [-121.10966, 48.105818, 2883.6], [-121.109798, 48.105763, 2883.9], [-121.109827, 48.105736, 2885.1], [-121.110046, 48.105695, 2889.6], [-121.110055, 48.105694, 2890.0], [-121.110045, 48.105667, 2892.2], [-121.110028, 48.105654, 2895.5], [-121.109964, 48.105635, 2896.2], [-121.109883, 48.105586, 2895.6], [-121.109841, 48.105566, 2894.9], [-121.109722, 48.105474, 2890.9], [-121.109686, 48.105459, 2889.4], [-121.10965, 48.10542, 2888.0], [-121.109668, 48.105396, 2883.1], [-121.109766, 48.105392, 2883.7], [-121.109842, 48.10537, 2885.2], [-121.109901, 48.10536, 2887.3], [-121.10998, 48.105366, 2888.7], [-121.110048, 48.105345, 2890.7], [-121.110131, 48.105351, 2892.1], [-121.110389, 48.105317, 2902.1], [-121.110474, 48.105323, 2902.7], [-121.110546, 48.105309, 2904.4], [-121.110614, 48.105291, 2907.5], [-121.11064, 48.105263, 2909.9], [-121.110709, 48.105198, 2914.2], [-121.110781, 48.105209, 2914.0], [-121.11086, 48.105205, 2914.8], [-121.110932, 48.105233, 2916.7], [-121.111008, 48.105231, 2920.7], [-121.111068, 48.105252, 2919.5], [-121.111114, 48.105256, 2922.1], [-121.111269, 48.105255, 2927.1], [-121.111377, 48.105233, 2931.9], [-121.111406, 48.105247, 2931.1], [-121.111374, 48.105258, 2930.5], [-121.111351, 48.105279, 2931.8], [-121.111389, 48.105275, 2933.0], [-121.111434, 48.105313, 2929.3], [-121.11151, 48.105338, 2926.5], [-121.111539, 48.105361, 2923.4], [-121.111577, 48.105366, 2922.1], [-121.111599, 48.105385, 2922.3], [-121.11162, 48.105453, 2928.0], [-121.111638, 48.105482, 2928.3], [-121.11166, 48.105504, 2928.2], [-121.111673, 48.105545, 2933.8], [-121.111733, 48.105596, 2925.3], [-121.111726, 48.105626, 2922.9], [-121.111737, 48.105645, 2921.6], [-121.111708, 48.105662, 2920.5], [-121.111672, 48.105668, 2923.0], [-121.111681, 48.105711, 2930.7], [-121.111668, 48.105736, 2931.5], [-121.111631, 48.105685, 2929.6], [-121.111618, 48.105703, 2924.3], [-121.111687, 48.105757, 2920.5], [-121.111697, 48.105782, 2919.4], [-121.111759, 48.105805, 2914.5], [-121.111875, 48.105839, 2912.1], [-121.111934, 48.105869, 2911.2], [-121.111951, 48.105895, 2912.0], [-121.111952, 48.105922, 2915.1], [-121.111961, 48.105939, 2917.0], [-121.111993, 48.105958, 2918.6], [-121.112061, 48.105975, 2917.1], [-121.11207, 48.105998, 2914.3], [-121.112045, 48.106018, 2911.6], [-121.112063, 48.106062, 2912.1], [-121.112071, 48.106107, 2911.9], [-121.112117, 48.106144, 2915.7], [-121.112139, 48.106196, 2913.4], [-121.112146, 48.1062, 2912.5], [-121.112157, 48.106235, 2912.8], [-121.112244, 48.10627, 2918.7], [-121.11228, 48.10627, 2921.6], [-121.112329, 48.106242, 2923.6], [-121.112344, 48.106238, 2924.8], [-121.11249, 48.106243, 2926.0], [-121.112576, 48.106278, 2925.8], [-121.112633, 48.106328, 2926.2], [-121.112791, 48.1064, 2927.3], [-121.112819, 48.106424, 2926.8], [-121.112935, 48.106476, 2928.2], [-121.113019, 48.106474, 2926.3], [-121.113051, 48.106446, 2926.5], [-121.113077, 48.106436, 2926.6], [-121.113099, 48.106458, 2937.9], [-121.113029, 48.106445, 2953.5], [-121.113069, 48.106439, 2934.8], [-121.113067, 48.106447, 2932.9], [-121.113096, 48.106475, 2935.6], [-121.113131, 48.106497, 2935.9], [-121.113139, 48.106522, 2933.3], [-121.113193, 48.106551, 2930.6], [-121.113197, 48.106568, 2931.1], [-121.11324, 48.106618, 2931.0], [-121.113269, 48.106718, 2932.6], [-121.11333, 48.106786, 2931.1], [-121.113337, 48.106807, 2928.4], [-121.11337, 48.106847, 2931.6], [-121.113381, 48.106914, 2933.2], [-121.113351, 48.10696, 2935.2], [-121.113363, 48.106986, 2933.9], [-121.113351, 48.107011, 2933.3], [-121.113407, 48.107139, 2940.7], [-121.113558, 48.1073, 2946.9], [-121.113596, 48.107349, 2948.7], [-121.113613, 48.107392, 2951.6], [-121.11365, 48.107429, 2953.9], [-121.113657, 48.107467, 2955.4], [-121.113691, 48.107542, 2957.4], [-121.113696, 48.107592, 2957.9], [-121.11376, 48.107619, 2957.8], [-121.113779, 48.107638, 2957.9], [-121.11376, 48.107661, 2958.6], [-121.113768, 48.107682, 2960.7], [-121.113761, 48.107729, 2964.5], [-121.113779, 48.107751, 2966.6], [-121.113797, 48.107808, 2966.4], [-121.113847, 48.107875, 2970.5], [-121.113862, 48.10795, 2976.2], [-121.113852, 48.107983, 2978.0], [-121.11388, 48.108035, 2981.6], [-121.113854, 48.108054, 2982.5], [-121.113844, 48.108079, 2983.8], [-121.113903, 48.108112, 2986.1], [-121.113879, 48.10814, 2988.1], [-121.113841, 48.108165, 2990.5], [-121.113856, 48.108188, 2990.2], [-121.113916, 48.108214, 2990.6], [-121.113924, 48.108238, 2990.8], [-121.113901, 48.108256, 2992.2], [-121.113859, 48.108257, 2994.5], [-121.113848, 48.108267, 2995.8], [-121.113863, 48.10829, 2996.2], [-121.113913, 48.108325, 2997.7], [-121.113981, 48.108339, 2996.5], [-121.114007, 48.108355, 2997.2], [-121.113976, 48.10838, 2998.8], [-121.113943, 48.108419, 3003.2], [-121.113958, 48.108439, 3002.0], [-121.113952, 48.108465, 3003.3], [-121.113904, 48.108498, 3007.9], [-121.113927, 48.108526, 3008.6], [-121.113919, 48.108554, 3010.9], [-121.113943, 48.108574, 3010.2], [-121.113955, 48.108598, 3010.4], [-121.113936, 48.108616, 3012.6], [-121.113963, 48.108634, 3012.5], [-121.113945, 48.108693, 3015.9], [-121.113946, 48.108701, 3015.4], [-121.113985, 48.1087, 3017.3], [-121.114019, 48.108711, 3018.3], [-121.114038, 48.108733, 3019.5], [-121.113999, 48.108804, 3022.1], [-121.114002, 48.108836, 3023.1], [-121.113986, 48.108861, 3023.8], [-121.113984, 48.108887, 3024.2], [-121.114009, 48.108899, 3024.8], [-121.114025, 48.108919, 3025.9], [-121.11401, 48.108937, 3027.4], [-121.114026, 48.108959, 3028.3], [-121.114022, 48.108987, 3026.6], [-121.114038, 48.108995, 3027.7], [-121.114008, 48.109004, 3029.2], [-121.113993, 48.109027, 3029.3], [-121.114018, 48.109036, 3029.3], [-121.11399, 48.109083, 3034.1], [-121.114046, 48.109103, 3037.3], [-121.114038, 48.109123, 3037.1], [-121.113978, 48.109157, 3037.3], [-121.113968, 48.109181, 3039.5], [-121.113985, 48.1092, 3040.0], [-121.113983, 48.109225, 3039.8], [-121.114033, 48.109283, 3044.2], [-121.114038, 48.109316, 3045.8], [-121.113983, 48.109349, 3048.2], [-121.11395, 48.109354, 3046.6], [-121.113997, 48.109425, 3047.4], [-121.114007, 48.109434, 3048.4], [-121.113991, 48.109455, 3050.5], [-121.114, 48.109481, 3052.3], [-121.113959, 48.109519, 3053.9], [-121.113928, 48.109532, 3055.6], [-121.113922, 48.109581, 3056.6], [-121.113955, 48.109602, 3058.2], [-121.11397, 48.109625, 3058.1], [-121.114007, 48.109629, 3057.8], [-121.114021, 48.109679, 3058.5], [-121.114018, 48.109697, 3061.0], [-121.114053, 48.109714, 3063.6], [-121.114061, 48.109738, 3065.2], [-121.114084, 48.109758, 3062.7], [-121.114119, 48.109762, 3063.5], [-121.114141, 48.109782, 3065.6], [-121.114122, 48.109804, 3066.2], [-121.114134, 48.109826, 3067.2], [-121.11421, 48.10987, 3067.3], [-121.114216, 48.109893, 3067.1], [-121.114177, 48.109937, 3071.2], [-121.114152, 48.109986, 3073.2], [-121.114154, 48.110014, 3075.0], [-121.114198, 48.110036, 3076.6], [-121.114177, 48.110059, 3077.0], [-121.114161, 48.110132, 3082.8], [-121.114138, 48.110147, 3083.3], [-121.114139, 48.110172, 3084.5], [-121.114156, 48.110177, 3085.2], [-121.114138, 48.110195, 3085.1], [-121.114135, 48.110221, 3085.9], [-121.114181, 48.110282, 3088.0], [-121.114134, 48.110324, 3094.1], [-121.114161, 48.110311, 3095.9], [-121.114229, 48.110313, 3093.2], [-121.114257, 48.110329, 3093.4], [-121.114253, 48.110353, 3095.2], [-121.114269, 48.110375, 3097.9], [-121.114236, 48.110391, 3095.2], [-121.11422, 48.110406, 3094.7], [-121.114227, 48.110481, 3099.7], [-121.114222, 48.110529, 3101.7], [-121.114206, 48.110549, 3103.8], [-121.114205, 48.110577, 3102.4], [-121.11418, 48.110605, 3100.3], [-121.114235, 48.110639, 3102.2], [-121.114222, 48.110684, 3102.5], [-121.114233, 48.110708, 3104.5], [-121.114212, 48.110724, 3105.3], [-121.114207, 48.110753, 3106.1], [-121.114185, 48.110804, 3115.9], [-121.114161, 48.110824, 3116.7], [-121.114088, 48.110844, 3117.9], [-121.114147, 48.110888, 3121.9], [-121.114182, 48.110934, 3127.4], [-121.114212, 48.110949, 3128.2], [-121.114246, 48.110989, 3131.1], [-121.114228, 48.11101, 3131.1], [-121.114192, 48.111028, 3133.3], [-121.1142, 48.111049, 3134.6], [-121.114298, 48.111083, 3137.6], [-121.114415, 48.111092, 3141.3], [-121.11446, 48.111099, 3141.7], [-121.114481, 48.111121, 3141.9], [-121.114452, 48.111167, 3144.5], [-121.11447, 48.111189, 3145.3], [-121.11446, 48.111212, 3147.0], [-121.114473, 48.111243, 3148.8], [-121.11445, 48.111267, 3149.3], [-121.11438, 48.11126, 3151.0], [-121.114345, 48.111272, 3152.6], [-121.114316, 48.111289, 3154.4], [-121.114321, 48.111315, 3156.5], [-121.114291, 48.111338, 3158.3], [-121.11425, 48.11136, 3159.3], [-121.114218, 48.111406, 3162.6], [-121.114085, 48.111452, 3168.9], [-121.114087, 48.111476, 3172.1], [-121.114063, 48.111498, 3176.3], [-121.113938, 48.111552, 3180.7], [-121.113919, 48.111579, 3183.2], [-121.113887, 48.111595, 3187.2], [-121.113895, 48.111622, 3189.4], [-121.113864, 48.111638, 3188.8], [-121.11386, 48.111663, 3184.8], [-121.113841, 48.111684, 3191.3], [-121.113859, 48.111703, 3191.1], [-121.113828, 48.111732, 3196.5], [-121.113817, 48.111752, 3197.6], [-121.113787, 48.111765, 3198.3], [-121.113752, 48.111758, 3201.9], [-121.113724, 48.111766, 3202.7], [-121.113702, 48.111788, 3202.6], [-121.113636, 48.111816, 3205.3], [-121.113558, 48.111823, 3206.6], [-121.113379, 48.1118, 3209.1], [-121.113308, 48.111776, 3211.3], [-121.113271, 48.111776, 3211.2], [-121.113138, 48.111716, 3211.8], [-121.113058, 48.111658, 3213.2], [-121.113087, 48.111693, 3211.0], [-121.113136, 48.111722, 3211.5], [-121.113153, 48.111743, 3211.8], [-121.113276, 48.111786, 3210.4], [-121.113377, 48.111792, 3208.2], [-121.113391, 48.111791, 3207.2], [-121.113632, 48.11181, 3204.3], [-121.113703, 48.111798, 3201.4], [-121.113737, 48.111803, 3202.9], [-121.113774, 48.111814, 3201.2], [-121.113813, 48.111853, 3202.7], [-121.113868, 48.111865, 3206.1], [-121.114057, 48.111891, 3207.0], [-121.114151, 48.111883, 3211.3], [-121.114188, 48.11187, 3211.7], [-121.114166, 48.111847, 3213.7], [-121.11413, 48.111891, 3216.2], [-121.114024, 48.111891, 3212.1], [-121.113858, 48.111881, 3208.4], [-121.11373, 48.111831, 3209.2], [-121.113785, 48.111795, 3201.7], [-121.113763, 48.111844, 3204.2], [-121.113724, 48.111837, 3206.2], [-121.113753, 48.111796, 3206.3], [-121.113617, 48.111756, 3205.3], [-121.113566, 48.111733, 3205.1], [-121.113616, 48.111696, 3197.3], [-121.11365, 48.111682, 3193.0], [-121.113699, 48.111608, 3185.9], [-121.11373, 48.111587, 3182.6], [-121.11383, 48.111485, 3179.4], [-121.113867, 48.111462, 3178.7], [-121.113985, 48.111396, 3173.3], [-121.114093, 48.111354, 3168.5], [-121.114176, 48.111355, 3164.0], [-121.114199, 48.111334, 3160.9], [-121.114306, 48.111333, 3162.7], [-121.114319, 48.111313, 3157.3], [-121.114339, 48.11131, 3157.7], [-121.114352, 48.111295, 3157.5], [-121.114381, 48.111274, 3154.9], [-121.114452, 48.111266, 3154.6], [-121.114455, 48.111242, 3153.5], [-121.114435, 48.111225, 3151.1], [-121.114429, 48.111202, 3150.6], [-121.114454, 48.111171, 3150.3], [-121.114485, 48.111125, 3148.0], [-121.114459, 48.111082, 3138.1], [-121.114498, 48.111081, 3130.4], [-121.114518, 48.111014, 3133.9], [-121.114542, 48.110989, 3134.0], [-121.114506, 48.110985, 3129.4], [-121.114439, 48.110926, 3127.8], [-121.114441, 48.110901, 3125.9], [-121.114402, 48.110878, 3124.9], [-121.114331, 48.110855, 3122.5], [-121.114277, 48.110822, 3121.5], [-121.114249, 48.110775, 3120.9], [-121.114209, 48.110741, 3117.0], [-121.114152, 48.110697, 3114.9], [-121.114153, 48.110623, 3110.7], [-121.114189, 48.110571, 3105.0], [-121.114195, 48.110464, 3103.6], [-121.114231, 48.110408, 3100.5], [-121.114244, 48.110378, 3096.5], [-121.114217, 48.110334, 3091.2], [-121.114221, 48.110308, 3092.5], [-121.114167, 48.110272, 3091.6], [-121.11413, 48.110261, 3088.5], [-121.1141, 48.110235, 3089.6], [-121.114094, 48.110215, 3089.1], [-121.114123, 48.110199, 3088.2], [-121.114131, 48.110157, 3087.1], [-121.11416, 48.110138, 3085.1], [-121.114156, 48.110117, 3084.1], [-121.114144, 48.110102, 3083.9], [-121.114179, 48.110062, 3083.6], [-121.114184, 48.110044, 3084.2], [-121.114169, 48.110021, 3082.2], [-121.114208, 48.11002, 3081.9], [-121.114185, 48.110003, 3079.4], [-121.114163, 48.109956, 3076.2], [-121.114182, 48.109924, 3073.2], [-121.11421, 48.109906, 3071.8], [-121.114216, 48.109881, 3071.3], [-121.114138, 48.109839, 3068.4], [-121.114117, 48.109819, 3067.2], [-121.114117, 48.109806, 3068.1], [-121.114129, 48.109791, 3065.8], [-121.114108, 48.10977, 3065.3], [-121.114057, 48.109736, 3065.7], [-121.114038, 48.109666, 3063.2], [-121.114002, 48.109642, 3065.2], [-121.113982, 48.109622, 3064.1], [-121.113947, 48.109543, 3058.1], [-121.113998, 48.109502, 3054.8], [-121.113989, 48.109476, 3055.6], [-121.113992, 48.10945, 3054.9], [-121.114039, 48.109425, 3053.2], [-121.114034, 48.109402, 3053.1], [-121.113994, 48.109373, 3052.1], [-121.114037, 48.109329, 3048.9], [-121.114043, 48.109304, 3048.0], [-121.113989, 48.109256, 3046.3], [-121.113976, 48.10921, 3043.9], [-121.113949, 48.10919, 3043.3], [-121.114029, 48.109136, 3039.8], [-121.114042, 48.109073, 3038.3], [-121.114027, 48.109052, 3033.7], [-121.114005, 48.109045, 3032.3], [-121.113998, 48.109034, 3031.7], [-121.114035, 48.109021, 3031.1], [-121.114049, 48.109006, 3031.3], [-121.114045, 48.108985, 3030.4], [-121.114073, 48.108945, 3031.5], [-121.114076, 48.108923, 3029.8], [-121.114018, 48.108901, 3029.2], [-121.114003, 48.10887, 3027.5], [-121.113995, 48.108807, 3024.4], [-121.114042, 48.108775, 3021.2], [-121.114061, 48.108744, 3019.8], [-121.113985, 48.10872, 3019.7], [-121.113975, 48.108703, 3017.3], [-121.113989, 48.108665, 3018.3], [-121.113983, 48.108639, 3018.6], [-121.113917, 48.108618, 3018.0], [-121.113911, 48.108612, 3017.2], [-121.113941, 48.108558, 3018.2], [-121.113916, 48.108539, 3016.1], [-121.113932, 48.10849, 3005.7], [-121.113955, 48.10847, 3004.5], [-121.11396, 48.108428, 3004.2], [-121.113994, 48.108407, 3001.0], [-121.113981, 48.108387, 3000.6], [-121.113957, 48.108384, 3000.4], [-121.113943, 48.108365, 2998.3], [-121.113954, 48.108344, 2997.7], [-121.113887, 48.108324, 2997.0], [-121.113875, 48.108302, 2996.6], [-121.11394, 48.10825, 2995.6], [-121.113929, 48.108233, 2995.8], [-121.113827, 48.108197, 2994.1], [-121.113822, 48.108187, 2994.2], [-121.113897, 48.108146, 2992.1], [-121.113836, 48.108107, 2990.2], [-121.113832, 48.108087, 2988.4], [-121.113852, 48.108066, 2986.9], [-121.113891, 48.108042, 2983.1], [-121.113888, 48.108017, 2980.4], [-121.11386, 48.108006, 2979.9], [-121.113852, 48.107983, 2979.2], [-121.113863, 48.107963, 2977.6], [-121.113837, 48.107901, 2972.8], [-121.113814, 48.107869, 2971.9], [-121.113814, 48.107846, 2969.3], [-121.113782, 48.107813, 2966.0], [-121.113741, 48.107741, 2962.3], [-121.113732, 48.107731, 2961.5], [-121.113673, 48.107635, 2957.9], [-121.113651, 48.107616, 2957.7], [-121.11363, 48.107561, 2955.7], [-121.11362, 48.107549, 2955.0], [-121.113599, 48.107506, 2954.2], [-121.113499, 48.107397, 2953.1], [-121.113454, 48.107335, 2950.1], [-121.11337, 48.107267, 2950.5], [-121.113355, 48.107253, 2950.3], [-121.113241, 48.107135, 2947.5], [-121.11323, 48.107125, 2946.4], [-121.113218, 48.107095, 2945.9], [-121.113187, 48.107061, 2945.7], [-121.113224, 48.10703, 2940.6], [-121.11324, 48.106967, 2938.7], [-121.113244, 48.106908, 2938.5], [-121.113207, 48.106838, 2936.4], [-121.113162, 48.10678, 2937.1], [-121.113109, 48.106676, 2937.0], [-121.113093, 48.10662, 2937.0], [-121.113097, 48.10656, 2938.1], [-121.113065, 48.106454, 2936.4], [-121.113087, 48.106468, 2936.2], [-121.113074, 48.106493, 2934.1], [-121.112998, 48.106489, 2930.6], [-121.113034, 48.106498, 2930.4], [-121.113032, 48.106518, 2931.6], [-121.113021, 48.106497, 2927.2], [-121.113001, 48.106486, 2927.1], [-121.112894, 48.106473, 2928.6], [-121.112881, 48.106469, 2928.4], [-121.112697, 48.106344, 2928.5], [-121.112695, 48.10634, 2928.2], [-121.112604, 48.1063, 2932.4], [-121.112458, 48.106288, 2928.9], [-121.112215, 48.106303, 2928.4], [-121.112201, 48.106303, 2928.2], [-121.112119, 48.106288, 2921.7], [-121.112105, 48.106266, 2924.3], [-121.112035, 48.106212, 2921.7], [-121.112023, 48.106149, 2920.7], [-121.111929, 48.106024, 2926.0], [-121.111917, 48.106015, 2926.3], [-121.111842, 48.105975, 2926.7], [-121.111722, 48.105881, 2923.6], [-121.111676, 48.105842, 2922.5], [-121.11154, 48.10576, 2923.3], [-121.111467, 48.105694, 2922.2], [-121.111412, 48.10567, 2924.2], [-121.111395, 48.105648, 2924.2], [-121.111337, 48.105616, 2923.1], [-121.111318, 48.105609, 2922.8], [-121.111146, 48.10556, 2918.7], [-121.111062, 48.105545, 2916.8], [-121.111053, 48.105546, 2915.6], [-121.110805, 48.105522, 2909.1], [-121.110784, 48.105523, 2908.5], [-121.110657, 48.105521, 2905.9], [-121.110541, 48.105533, 2903.8], [-121.110532, 48.10553, 2903.1], [-121.110425, 48.105513, 2903.5], [-121.110349, 48.105479, 2903.1], [-121.110315, 48.10545, 2901.5], [-121.110176, 48.105415, 2899.9], [-121.110065, 48.105401, 2895.4], [-121.109965, 48.105383, 2894.0], [-121.109821, 48.105385, 2891.3], [-121.109783, 48.105383, 2891.4], [-121.109655, 48.105422, 2890.4], [-121.109652, 48.105444, 2888.6], [-121.109683, 48.10547, 2890.3], [-121.10971, 48.105499, 2894.6], [-121.10972, 48.105568, 2894.9], [-121.10971, 48.105592, 2895.8], [-121.109629, 48.105666, 2894.2], [-121.109603, 48.105679, 2891.3], [-121.109565, 48.105671, 2888.0], [-121.109509, 48.105706, 2883.9], [-121.10947, 48.105715, 2881.3], [-121.109422, 48.105709, 2881.4], [-121.109411, 48.105731, 2884.3], [-121.109363, 48.105761, 2880.1], [-121.109341, 48.105837, 2881.7], [-121.109332, 48.105969, 2881.7], [-121.10935, 48.106021, 2882.7], [-121.109394, 48.106113, 2882.0], [-121.109335, 48.106159, 2881.6], [-121.109276, 48.10619, 2877.0], [-121.109249, 48.106187, 2873.6], [-121.109221, 48.106168, 2872.8], [-121.109183, 48.106167, 2872.3], [-121.109154, 48.106179, 2871.4], [-121.109129, 48.106205, 2870.1], [-121.109092, 48.106236, 2870.0], [-121.109034, 48.106255, 2869.5], [-121.109007, 48.106294, 2870.7], [-121.108939, 48.106332, 2871.4], [-121.10893, 48.106332, 2869.6], [-121.108824, 48.106291, 2864.7], [-121.10872, 48.106287, 2856.3], [-121.108686, 48.106304, 2854.6], [-121.108669, 48.106304, 2853.7], [-121.108423, 48.106318, 2849.3], [-121.10829, 48.106338, 2846.7], [-121.108134, 48.106329, 2843.2], [-121.108127, 48.106333, 2842.3], [-121.107991, 48.106328, 2839.8], [-121.107959, 48.106317, 2839.3], [-121.107868, 48.10631, 2832.5], [-121.107755, 48.106284, 2831.9], [-121.107655, 48.106284, 2830.0], [-121.107611, 48.106258, 2828.4], [-121.107565, 48.10624, 2825.7], [-121.107494, 48.106259, 2823.1], [-121.10742, 48.106256, 2823.1], [-121.107325, 48.10622, 2819.6], [-121.10716, 48.106196, 2815.1], [-121.107081, 48.10617, 2812.5], [-121.107067, 48.10616, 2813.1], [-121.107071, 48.106143, 2811.8], [-121.107148, 48.10613, 2811.0], [-121.107113, 48.106144, 2809.4], [-121.107027, 48.106089, 2805.8], [-121.106971, 48.106061, 2804.8], [-121.106965, 48.106037, 2801.1], [-121.106898, 48.106006, 2799.5], [-121.106892, 48.105983, 2798.2], [-121.106912, 48.105972, 2797.7], [-121.106916, 48.105943, 2797.6], [-121.106896, 48.105924, 2797.2], [-121.106891, 48.1059, 2794.6], [-121.1069, 48.10584, 2790.8], [-121.10686, 48.105827, 2789.5], [-121.106877, 48.105805, 2786.4], [-121.106819, 48.105747, 2784.6], [-121.106779, 48.10567, 2775.5], [-121.106791, 48.10564, 2772.9], [-121.106743, 48.105583, 2772.9], [-121.10673, 48.105538, 2772.7], [-121.106774, 48.105528, 2771.5], [-121.106707, 48.105535, 2762.7], [-121.106739, 48.10552, 2768.6], [-121.106776, 48.105527, 2763.8], [-121.106755, 48.105507, 2767.9], [-121.10679, 48.105519, 2762.2], [-121.106819, 48.105501, 2763.8], [-121.106812, 48.105481, 2763.4], [-121.106765, 48.105424, 2762.2], [-121.106722, 48.105317, 2760.3], [-121.106669, 48.105149, 2756.0], [-121.106647, 48.105023, 2750.7], [-121.106617, 48.104962, 2748.3], [-121.106586, 48.10488, 2746.6], [-121.106588, 48.104807, 2743.5], [-121.106584, 48.104789, 2743.9], [-121.106541, 48.104682, 2739.5], [-121.106553, 48.104629, 2737.3], [-121.106559, 48.104578, 2735.4], [-121.106545, 48.104518, 2733.6], [-121.106551, 48.104446, 2730.8], [-121.106525, 48.104311, 2728.5], [-121.106551, 48.104252, 2726.6], [-121.106567, 48.104177, 2723.5], [-121.106554, 48.104139, 2721.2], [-121.106577, 48.104103, 2719.0], [-121.106584, 48.104059, 2717.1], [-121.106638, 48.103953, 2710.2], [-121.106654, 48.103895, 2707.0], [-121.106652, 48.103711, 2698.2], [-121.106685, 48.103546, 2691.9], [-121.106687, 48.103505, 2692.2], [-121.106665, 48.103432, 2688.4], [-121.106676, 48.103331, 2684.0], [-121.106696, 48.103277, 2680.8], [-121.1067, 48.103158, 2678.4], [-121.106705, 48.103113, 2675.6], [-121.106735, 48.103046, 2672.4], [-121.106729, 48.102995, 2670.3], [-121.106744, 48.102928, 2666.1], [-121.106741, 48.102805, 2664.3], [-121.106742, 48.102789, 2663.9], [-121.106757, 48.102749, 2662.5], [-121.106785, 48.102744, 2661.3], [-121.106812, 48.102724, 2658.5], [-121.106826, 48.102677, 2656.6], [-121.106855, 48.102645, 2656.4], [-121.106846, 48.102626, 2656.9], [-121.10685, 48.102602, 2655.5], [-121.106887, 48.102575, 2654.2], [-121.1069, 48.102534, 2649.2], [-121.106935, 48.102492, 2646.1], [-121.107053, 48.102341, 2643.5], [-121.107168, 48.102183, 2642.6], [-121.107182, 48.10217, 2642.6], [-121.107311, 48.101992, 2639.1], [-121.107317, 48.10198, 2638.6], [-121.107402, 48.101877, 2636.9], [-121.107424, 48.101837, 2636.5], [-121.107549, 48.101695, 2635.9], [-121.107645, 48.101541, 2633.6], [-121.107652, 48.101526, 2633.7], [-121.107754, 48.101375, 2632.2], [-121.107769, 48.10132, 2630.7], [-121.10784, 48.10123, 2630.8], [-121.107938, 48.101108, 2628.2], [-121.107955, 48.10107, 2627.1], [-121.107965, 48.101057, 2627.4], [-121.107999, 48.100993, 2626.0], [-121.108043, 48.100953, 2626.0], [-121.108074, 48.100887, 2624.3], [-121.108097, 48.100854, 2622.4], [-121.108394, 48.100564, 2616.9], [-121.108445, 48.100524, 2616.5], [-121.10853, 48.100424, 2615.4], [-121.108585, 48.100386, 2614.9], [-121.108689, 48.100282, 2611.4], [-121.108828, 48.100137, 2605.2], [-121.108838, 48.100128, 2605.9], [-121.108983, 48.100013, 2604.0], [-121.109156, 48.099895, 2597.8], [-121.109165, 48.099887, 2596.7], [-121.109273, 48.099812, 2595.8], [-121.109482, 48.099623, 2590.4], [-121.109493, 48.099618, 2589.0], [-121.109576, 48.09956, 2585.9], [-121.109638, 48.099503, 2588.6], [-121.109689, 48.099479, 2585.8], [-121.10977, 48.099418, 2583.6], [-121.109821, 48.099349, 2578.1], [-121.109943, 48.099225, 2577.9], [-121.109951, 48.099213, 2577.7], [-121.109968, 48.099114, 2576.0], [-121.110006, 48.099058, 2572.9], [-121.110054, 48.098919, 2569.6], [-121.110056, 48.098905, 2569.4], [-121.110156, 48.098775, 2567.9], [-121.110201, 48.09874, 2567.3], [-121.11024, 48.098673, 2565.2], [-121.11031, 48.098632, 2565.3], [-121.110351, 48.098602, 2565.8], [-121.110407, 48.098587, 2565.2], [-121.110397, 48.098612, 2563.7], [-121.110388, 48.098567, 2563.5], [-121.110465, 48.098348, 2557.5], [-121.110471, 48.098298, 2555.2], [-121.110563, 48.098164, 2554.3], [-121.110604, 48.098125, 2554.4], [-121.110608, 48.098085, 2553.9], [-121.110596, 48.098034, 2553.5], [-121.110566, 48.097994, 2552.5], [-121.110454, 48.097857, 2547.9], [-121.110442, 48.097823, 2546.2], [-121.110419, 48.09773, 2542.5], [-121.110372, 48.097668, 2542.0], [-121.110369, 48.097654, 2542.3], [-121.110376, 48.097619, 2541.6], [-121.110361, 48.097556, 2540.0], [-121.110381, 48.097513, 2539.2], [-121.110408, 48.097487, 2540.7], [-121.110468, 48.097443, 2541.0], [-121.110472, 48.097413, 2541.2], [-121.110488, 48.097389, 2541.8], [-121.110511, 48.097378, 2542.5], [-121.11053, 48.097342, 2544.3], [-121.110571, 48.097296, 2541.3], [-121.110577, 48.097249, 2542.2], [-121.110594, 48.097226, 2541.2], [-121.110581, 48.097169, 2539.5], [-121.110579, 48.097093, 2538.1], [-121.11057, 48.097072, 2536.7], [-121.110584, 48.097027, 2536.6], [-121.110581, 48.096995, 2536.7], [-121.110587, 48.096983, 2536.5], [-121.110601, 48.096912, 2534.8], [-121.110593, 48.09678, 2534.1], [-121.110556, 48.096675, 2535.3], [-121.110521, 48.096628, 2535.7], [-121.110466, 48.096535, 2536.6], [-121.110473, 48.096458, 2532.3], [-121.110363, 48.096348, 2521.3], [-121.1104, 48.096338, 2518.8], [-121.110418, 48.096315, 2517.0], [-121.110441, 48.096237, 2519.5], [-121.110378, 48.096155, 2518.2], [-121.110328, 48.096051, 2516.7], [-121.110269, 48.095981, 2512.6], [-121.110252, 48.09595, 2510.3], [-121.110215, 48.095927, 2507.4], [-121.110173, 48.095844, 2502.1], [-121.110163, 48.09583, 2501.7], [-121.110124, 48.095754, 2498.8], [-121.110086, 48.095717, 2498.3], [-121.109978, 48.095693, 2493.5], [-121.109898, 48.095654, 2489.2], [-121.10983, 48.095581, 2484.2], [-121.109814, 48.095546, 2481.7], [-121.109812, 48.095526, 2480.8], [-121.109778, 48.095517, 2474.9], [-121.109781, 48.095502, 2472.8], [-121.109752, 48.095484, 2474.4], [-121.109708, 48.095419, 2471.2], [-121.10971, 48.095365, 2470.2], [-121.109745, 48.095326, 2470.8], [-121.109766, 48.095273, 2470.3], [-121.109755, 48.095236, 2469.0], [-121.109741, 48.095217, 2468.2], [-121.109652, 48.09513, 2464.9], [-121.109608, 48.095072, 2462.7], [-121.109608, 48.095057, 2462.3], [-121.109596, 48.09501, 2461.3], [-121.109519, 48.094918, 2458.2], [-121.109463, 48.094838, 2454.7], [-121.109423, 48.094755, 2451.5], [-121.109358, 48.09467, 2448.2], [-121.10936, 48.094582, 2446.5], [-121.109348, 48.094534, 2444.5], [-121.109352, 48.094505, 2444.6], [-121.109317, 48.094404, 2442.9], [-121.109308, 48.09439, 2443.7], [-121.109236, 48.09434, 2440.3], [-121.10916, 48.094262, 2437.8], [-121.109125, 48.094215, 2434.5], [-121.109122, 48.094191, 2432.9], [-121.109037, 48.094104, 2430.7], [-121.109004, 48.094036, 2427.7], [-121.108987, 48.093937, 2424.0], [-121.108963, 48.093918, 2423.4], [-121.108898, 48.0938, 2422.4], [-121.108901, 48.093761, 2422.0], [-121.108859, 48.093669, 2420.8], [-121.108802, 48.093593, 2419.0], [-121.108791, 48.093555, 2417.5], [-121.108807, 48.093426, 2415.2], [-121.108811, 48.093408, 2414.8], [-121.108843, 48.093328, 2410.8], [-121.108841, 48.093248, 2410.5], [-121.108844, 48.093235, 2410.0], [-121.108855, 48.093138, 2408.3], [-121.108889, 48.093078, 2407.7], [-121.108889, 48.093051, 2407.5], [-121.108931, 48.093023, 2406.5], [-121.108914, 48.092952, 2405.6], [-121.108932, 48.092904, 2404.9], [-121.10893, 48.092868, 2402.9], [-121.108979, 48.092792, 2402.5], [-121.108968, 48.092717, 2399.7], [-121.108977, 48.092681, 2400.9], [-121.108966, 48.092644, 2400.0], [-121.109008, 48.092556, 2398.4], [-121.109013, 48.092527, 2398.7], [-121.109085, 48.092446, 2399.5], [-121.109096, 48.092424, 2398.8], [-121.109096, 48.09237, 2396.4], [-121.109092, 48.092358, 2396.7], [-121.109101, 48.0923, 2397.9], [-121.109126, 48.092263, 2398.4], [-121.10913, 48.092175, 2396.2], [-121.109177, 48.092034, 2394.7], [-121.109199, 48.091998, 2395.2], [-121.109233, 48.091959, 2393.6], [-121.109261, 48.091889, 2391.0], [-121.109309, 48.091839, 2392.2], [-121.109326, 48.091803, 2391.3], [-121.10932, 48.091758, 2389.2], [-121.109301, 48.091717, 2390.5], [-121.109334, 48.091647, 2388.7], [-121.109368, 48.091635, 2390.1], [-121.109402, 48.091595, 2389.1], [-121.109521, 48.091538, 2387.0], [-121.109567, 48.091489, 2388.3], [-121.109546, 48.091402, 2389.3], [-121.109547, 48.091393, 2389.3], [-121.109634, 48.091286, 2386.3], [-121.109666, 48.09126, 2384.9], [-121.109675, 48.091224, 2383.6], [-121.109659, 48.091201, 2382.5], [-121.109671, 48.091178, 2381.8], [-121.109696, 48.091161, 2381.7], [-121.109722, 48.091091, 2379.5], [-121.109738, 48.091042, 2378.6], [-121.109748, 48.090921, 2375.5], [-121.109774, 48.090936, 2375.2], [-121.109772, 48.090948, 2376.1], [-121.109841, 48.090958, 2378.7], [-121.109813, 48.090942, 2383.6], [-121.109822, 48.090917, 2382.7], [-121.109849, 48.09095, 2382.0], [-121.109823, 48.090924, 2380.2], [-121.109828, 48.090895, 2382.7], [-121.109852, 48.090914, 2381.0], [-121.10987, 48.090891, 2379.3], [-121.109865, 48.090835, 2378.1], [-121.10988, 48.090804, 2377.9], [-121.10989, 48.090742, 2380.4], [-121.109867, 48.090691, 2382.4], [-121.109875, 48.090605, 2383.6], [-121.109881, 48.0905, 2383.5], [-121.109896, 48.090419, 2383.5], [-121.109896, 48.090409, 2384.2], [-121.109913, 48.090338, 2382.1], [-121.109902, 48.090264, 2383.8], [-121.109927, 48.090228, 2382.5], [-121.109932, 48.090214, 2382.1], [-121.10996, 48.090045, 2384.8], [-121.109966, 48.089963, 2384.0], [-121.109953, 48.089889, 2386.1], [-121.109931, 48.089856, 2384.1], [-121.109861, 48.089762, 2382.4], [-121.109802, 48.089717, 2383.0], [-121.109792, 48.089704, 2383.4], [-121.109744, 48.089604, 2378.4], [-121.109707, 48.089599, 2378.1], [-121.109631, 48.089564, 2377.3], [-121.109465, 48.089469, 2373.9], [-121.109442, 48.089439, 2372.0], [-121.109444, 48.089428, 2371.7], [-121.109431, 48.089384, 2368.9], [-121.109442, 48.089344, 2368.1], [-121.109438, 48.089324, 2367.9], [-121.109366, 48.089333, 2367.9], [-121.109354, 48.089325, 2367.1], [-121.109376, 48.089292, 2365.5], [-121.109345, 48.089236, 2364.2], [-121.109265, 48.089217, 2363.7], [-121.109233, 48.089199, 2363.7], [-121.109225, 48.089187, 2362.6], [-121.109192, 48.089158, 2361.6], [-121.109137, 48.089135, 2360.2], [-121.10908, 48.089077, 2358.8], [-121.109063, 48.089067, 2359.2], [-121.108966, 48.089035, 2358.1], [-121.108905, 48.08898, 2357.1], [-121.108899, 48.088965, 2356.5], [-121.108911, 48.088887, 2356.4], [-121.108901, 48.088831, 2355.5], [-121.108911, 48.088798, 2354.6], [-121.108921, 48.088785, 2354.2], [-121.108973, 48.088681, 2352.4], [-121.109065, 48.088642, 2351.6], [-121.10917, 48.08858, 2349.3], [-121.109192, 48.088561, 2348.6], [-121.109207, 48.088526, 2348.3], [-121.109317, 48.088468, 2346.8], [-121.109387, 48.0884, 2345.7], [-121.109421, 48.088344, 2343.5], [-121.109423, 48.088275, 2342.5], [-121.109409, 48.088227, 2342.4], [-121.109434, 48.088175, 2341.7], [-121.109426, 48.088126, 2339.5], [-121.109466, 48.08809, 2338.7], [-121.109536, 48.088059, 2338.4], [-121.109604, 48.088007, 2336.3], [-121.109645, 48.08793, 2335.0], [-121.109732, 48.087817, 2332.6], [-121.109791, 48.087792, 2332.7], [-121.109805, 48.087783, 2331.9], [-121.109889, 48.087694, 2329.9], [-121.109952, 48.087652, 2329.7], [-121.109954, 48.087619, 2329.4], [-121.109971, 48.087557, 2328.5], [-121.109959, 48.08754, 2327.6], [-121.109962, 48.087527, 2327.7], [-121.109988, 48.087475, 2325.8], [-121.109987, 48.08746, 2325.6], [-121.109997, 48.087406, 2324.1], [-121.109967, 48.08731, 2322.1], [-121.109913, 48.087261, 2321.3], [-121.109857, 48.087151, 2318.5], [-121.109836, 48.087088, 2317.2], [-121.109775, 48.086979, 2315.9], [-121.109772, 48.086942, 2312.6], [-121.109632, 48.086827, 2309.3], [-121.109574, 48.086766, 2309.0], [-121.109443, 48.086721, 2309.4], [-121.109374, 48.086675, 2309.1], [-121.109333, 48.086631, 2307.2], [-121.109256, 48.086596, 2306.9], [-121.109201, 48.086546, 2303.7], [-121.109118, 48.086492, 2304.0], [-121.109022, 48.086404, 2299.7], [-121.108988, 48.086326, 2297.5], [-121.108915, 48.086276, 2296.2], [-121.108923, 48.086238, 2294.7], [-121.108905, 48.086221, 2293.7], [-121.108844, 48.086207, 2293.4], [-121.108727, 48.086097, 2288.5], [-121.10871, 48.086056, 2287.7], [-121.108711, 48.086039, 2287.0], [-121.108703, 48.085998, 2287.6], [-121.108664, 48.085969, 2286.4], [-121.108658, 48.08595, 2285.3], [-121.108616, 48.085922, 2284.6], [-121.1086, 48.085883, 2284.1], [-121.108546, 48.085831, 2282.3], [-121.108523, 48.085794, 2281.8], [-121.10846, 48.085741, 2280.6], [-121.108456, 48.085728, 2280.1], [-121.108472, 48.085688, 2280.8], [-121.108424, 48.085609, 2278.8], [-121.108386, 48.085576, 2278.4], [-121.108354, 48.085537, 2277.2], [-121.108346, 48.085493, 2275.5], [-121.108273, 48.085414, 2274.3], [-121.108236, 48.085368, 2274.0], [-121.108224, 48.085281, 2272.5], [-121.108212, 48.085256, 2271.8], [-121.108161, 48.085218, 2271.0], [-121.10814, 48.085176, 2270.2], [-121.108077, 48.085122, 2269.8], [-121.108088, 48.085062, 2268.6], [-121.108082, 48.085051, 2268.2], [-121.108001, 48.084971, 2267.4], [-121.107987, 48.084899, 2264.1], [-121.107933, 48.08486, 2264.4], [-121.107886, 48.084802, 2262.2], [-121.107828, 48.084774, 2262.5], [-121.107802, 48.084758, 2261.4], [-121.107801, 48.084741, 2261.5], [-121.107819, 48.084713, 2261.8], [-121.107864, 48.084677, 2260.5], [-121.107867, 48.084658, 2258.8], [-121.107914, 48.084625, 2257.6], [-121.107942, 48.084594, 2255.7], [-121.10792, 48.084548, 2253.2], [-121.107976, 48.084461, 2251.4], [-121.108001, 48.084435, 2251.0], [-121.108018, 48.084272, 2248.3], [-121.108038, 48.084196, 2247.6], [-121.10798, 48.084102, 2246.9], [-121.107969, 48.084041, 2247.0], [-121.107984, 48.084007, 2245.9], [-121.107994, 48.083948, 2243.8], [-121.108031, 48.083883, 2241.9], [-121.108029, 48.083795, 2239.4], [-121.108023, 48.08375, 2238.7], [-121.108035, 48.083696, 2239.7], [-121.108027, 48.083654, 2238.9], [-121.108036, 48.083627, 2239.8], [-121.108013, 48.08361, 2239.3], [-121.107994, 48.08358, 2238.1], [-121.108018, 48.083529, 2236.2], [-121.108091, 48.083474, 2234.6], [-121.108144, 48.083409, 2232.5], [-121.108199, 48.083372, 2232.8], [-121.108224, 48.08333, 2231.5], [-121.108276, 48.083296, 2232.1], [-121.108302, 48.083259, 2234.0], [-121.108394, 48.083188, 2232.5], [-121.108538, 48.083051, 2230.3], [-121.108547, 48.083037, 2229.9], [-121.108536, 48.082974, 2229.3], [-121.108561, 48.082909, 2229.1], [-121.108552, 48.082874, 2231.1], [-121.108534, 48.082834, 2231.2], [-121.108555, 48.08279, 2231.1], [-121.108511, 48.082739, 2232.0], [-121.10843, 48.082688, 2233.0], [-121.108343, 48.082639, 2233.5], [-121.108326, 48.082604, 2232.1], [-121.108331, 48.082582, 2230.7], [-121.108368, 48.082547, 2230.2], [-121.10838, 48.082526, 2229.8], [-121.10835, 48.082418, 2228.4], [-121.108325, 48.082364, 2228.7], [-121.108343, 48.082345, 2230.2], [-121.108399, 48.082325, 2228.6], [-121.108425, 48.082274, 2228.4], [-121.108496, 48.082202, 2229.7], [-121.108514, 48.082154, 2229.2], [-121.108518, 48.082114, 2230.8], [-121.108566, 48.081988, 2234.7], [-121.108555, 48.08194, 2233.6], [-121.108568, 48.081907, 2233.4], [-121.108562, 48.081856, 2232.6], [-121.108583, 48.081811, 2233.0], [-121.108584, 48.081774, 2233.4], [-121.108581, 48.081722, 2234.2], [-121.10856, 48.081678, 2235.0], [-121.108529, 48.081642, 2235.4], [-121.108481, 48.08161, 2237.9], [-121.108453, 48.081562, 2241.2], [-121.108454, 48.081529, 2239.8], [-121.108407, 48.081466, 2240.3], [-121.108375, 48.081443, 2240.4], [-121.108306, 48.081287, 2237.8], [-121.108289, 48.081263, 2239.9], [-121.108132, 48.081189, 2246.8], [-121.108118, 48.08118, 2247.5], [-121.108094, 48.08115, 2246.4], [-121.10812, 48.081102, 2247.8], [-121.10812, 48.081078, 2246.1], [-121.108069, 48.081014, 2250.5], [-121.108022, 48.080905, 2258.0], [-121.107964, 48.080829, 2260.5], [-121.107976, 48.080798, 2261.7], [-121.107948, 48.080756, 2261.7], [-121.107999, 48.080658, 2263.8], [-121.108007, 48.080623, 2266.0], [-121.108051, 48.080563, 2269.0], [-121.108054, 48.08054, 2269.7], [-121.108109, 48.080503, 2270.6], [-121.108201, 48.080394, 2276.9], [-121.108256, 48.080357, 2278.0], [-121.108345, 48.080253, 2280.2], [-121.108373, 48.080205, 2281.3], [-121.108372, 48.080198, 2281.3], [-121.108396, 48.080148, 2283.8], [-121.108395, 48.080127, 2283.8], [-121.10834, 48.080096, 2284.7], [-121.108333, 48.080072, 2285.6], [-121.108343, 48.080043, 2286.7], [-121.108338, 48.080038, 2287.0], [-121.108255, 48.07999, 2289.8], [-121.108179, 48.079965, 2290.6], [-121.108118, 48.079975, 2291.5], [-121.108061, 48.079953, 2292.1], [-121.108018, 48.079953, 2293.4], [-121.107874, 48.079915, 2292.1], [-121.107864, 48.07991, 2292.1], [-121.107772, 48.079835, 2289.1], [-121.107665, 48.079778, 2286.2], [-121.107631, 48.079735, 2284.8], [-121.107484, 48.079675, 2281.9], [-121.107468, 48.07967, 2281.3], [-121.107428, 48.079627, 2279.5], [-121.107372, 48.079598, 2278.2], [-121.107302, 48.079535, 2276.0], [-121.107292, 48.079529, 2275.2], [-121.107279, 48.079499, 2274.8], [-121.107207, 48.079481, 2272.2], [-121.107186, 48.079467, 2272.2], [-121.107154, 48.079425, 2270.5], [-121.107148, 48.079384, 2271.4], [-121.107097, 48.079342, 2270.4], [-121.106916, 48.079277, 2263.1], [-121.106806, 48.079229, 2259.9], [-121.106727, 48.079168, 2258.2], [-121.106714, 48.079161, 2257.9], [-121.106638, 48.079086, 2256.4], [-121.106551, 48.079029, 2255.0], [-121.106492, 48.07895, 2250.4], [-121.106454, 48.07892, 2249.8], [-121.106429, 48.078868, 2251.4], [-121.106337, 48.078776, 2250.6], [-121.106322, 48.078752, 2248.3], [-121.106331, 48.078709, 2245.0], [-121.106269, 48.078649, 2244.4], [-121.106278, 48.078609, 2243.1], [-121.106299, 48.078589, 2243.2], [-121.106344, 48.078581, 2243.3], [-121.106373, 48.078549, 2241.4], [-121.106394, 48.078485, 2237.8], [-121.106376, 48.078452, 2237.5], [-121.106341, 48.078436, 2236.9], [-121.106303, 48.078424, 2235.8], [-121.106275, 48.078336, 2229.7], [-121.106232, 48.078278, 2229.6], [-121.106104, 48.078141, 2226.8], [-121.106092, 48.078126, 2226.7], [-121.106033, 48.078077, 2225.3], [-121.106004, 48.077978, 2224.8], [-121.105971, 48.077932, 2223.7], [-121.105946, 48.077855, 2221.6], [-121.105912, 48.077817, 2221.3], [-121.10585, 48.077673, 2218.8], [-121.10579, 48.077606, 2218.5], [-121.105771, 48.077512, 2217.8], [-121.105763, 48.077503, 2217.8], [-121.105686, 48.07734, 2217.0], [-121.105676, 48.077323, 2216.6], [-121.105666, 48.077254, 2216.6], [-121.105589, 48.077175, 2215.3], [-121.105574, 48.077163, 2215.3], [-121.105489, 48.077084, 2216.4], [-121.105459, 48.07702, 2215.3], [-121.105423, 48.076998, 2216.4], [-121.105393, 48.076967, 2216.5], [-121.105325, 48.076855, 2215.4], [-121.105317, 48.076835, 2215.8], [-121.105354, 48.076709, 2212.6], [-121.105373, 48.076682, 2213.1], [-121.105436, 48.076661, 2212.5], [-121.105494, 48.076603, 2211.4], [-121.105512, 48.076565, 2211.5], [-121.105595, 48.07651, 2211.4], [-121.1056, 48.076494, 2211.7], [-121.105584, 48.076492, 2214.9], [-121.105583, 48.076466, 2214.1], [-121.105569, 48.076482, 2215.1], [-121.105581, 48.076507, 2215.4], [-121.10555, 48.076491, 2213.4], [-121.105573, 48.076469, 2208.0], [-121.105595, 48.076499, 2213.3], [-121.105635, 48.076493, 2208.9], [-121.105602, 48.076494, 2208.3], [-121.10557, 48.076524, 2210.5], [-121.105543, 48.076531, 2210.0], [-121.105503, 48.076516, 2209.8], [-121.105497, 48.076506, 2209.5], [-121.105511, 48.076474, 2207.8], [-121.105508, 48.07645, 2208.1], [-121.10548, 48.076414, 2209.7], [-121.105441, 48.076387, 2210.1], [-121.105427, 48.076358, 2210.7], [-121.105418, 48.07627, 2210.6], [-121.105386, 48.076209, 2209.2], [-121.105385, 48.076175, 2210.7], [-121.105415, 48.076122, 2210.5], [-121.105424, 48.076007, 2211.8], [-121.105405, 48.075904, 2211.8], [-121.105526, 48.075883, 2210.2], [-121.105546, 48.075873, 2209.6], [-121.105629, 48.075802, 2208.8], [-121.105738, 48.075764, 2205.1], [-121.105753, 48.075756, 2204.0], [-121.105838, 48.075682, 2198.2], [-121.105939, 48.075664, 2193.1], [-121.105951, 48.075664, 2192.8], [-121.106071, 48.075621, 2195.1], [-121.106108, 48.075575, 2194.9], [-121.106121, 48.075565, 2195.7], [-121.106245, 48.07551, 2193.8], [-121.10632, 48.075459, 2193.1], [-121.106349, 48.075418, 2191.1], [-121.106479, 48.075331, 2192.1], [-121.106487, 48.075301, 2190.9], [-121.106506, 48.075279, 2190.4], [-121.106583, 48.075229, 2192.4], [-121.106654, 48.075204, 2191.9], [-121.106666, 48.075196, 2191.6], [-121.106728, 48.075115, 2189.8], [-121.106813, 48.075055, 2185.6], [-121.106843, 48.07502, 2186.0], [-121.106855, 48.074969, 2184.1], [-121.106918, 48.074966, 2186.0], [-121.106965, 48.074927, 2187.0], [-121.107045, 48.07483, 2184.3], [-121.107102, 48.074786, 2180.0], [-121.107196, 48.074753, 2175.2], [-121.107335, 48.074725, 2174.2], [-121.107451, 48.074699, 2175.3], [-121.107542, 48.074651, 2170.8], [-121.10756, 48.074644, 2169.9], [-121.107611, 48.074611, 2168.4], [-121.107758, 48.074566, 2167.0], [-121.107774, 48.07456, 2167.2], [-121.107878, 48.07454, 2168.8], [-121.107964, 48.074478, 2166.4], [-121.107978, 48.074471, 2166.2], [-121.108108, 48.074366, 2162.2], [-121.108167, 48.074304, 2157.8], [-121.108199, 48.074243, 2155.3], [-121.108253, 48.074192, 2155.3], [-121.108259, 48.07418, 2154.6], [-121.108313, 48.074131, 2154.7], [-121.108406, 48.074079, 2154.3], [-121.108447, 48.07404, 2155.2], [-121.108531, 48.073969, 2155.5], [-121.108612, 48.073926, 2155.3], [-121.108677, 48.073877, 2154.2], [-121.108747, 48.073848, 2155.6], [-121.108789, 48.073796, 2148.9], [-121.108864, 48.073762, 2150.6], [-121.108925, 48.073724, 2149.4], [-121.109016, 48.073699, 2151.3], [-121.109158, 48.073624, 2150.5], [-121.109228, 48.073606, 2149.8], [-121.109289, 48.073598, 2148.8], [-121.109363, 48.073551, 2147.4], [-121.10947, 48.073502, 2148.6], [-121.109563, 48.073472, 2145.8], [-121.109643, 48.073421, 2146.5], [-121.109704, 48.073413, 2148.7], [-121.10984, 48.073387, 2151.0], [-121.109875, 48.073395, 2151.3], [-121.109956, 48.073386, 2149.4], [-121.11008, 48.073355, 2150.5], [-121.110155, 48.07335, 2152.1], [-121.110239, 48.073324, 2153.3], [-121.110321, 48.07331, 2158.0], [-121.110385, 48.073269, 2156.3], [-121.110453, 48.073245, 2156.3], [-121.110532, 48.073236, 2154.1], [-121.110648, 48.073277, 2151.8], [-121.110706, 48.073275, 2151.8], [-121.11079, 48.073278, 2150.1], [-121.110857, 48.073292, 2150.9], [-121.110972, 48.073282, 2149.6], [-121.11105, 48.073264, 2146.7], [-121.111207, 48.073188, 2148.7], [-121.111274, 48.073154, 2147.8], [-121.111442, 48.073096, 2150.1], [-121.111589, 48.073081, 2150.7], [-121.111624, 48.073069, 2150.2], [-121.111653, 48.073038, 2150.2], [-121.111704, 48.073003, 2149.8], [-121.111849, 48.072947, 2152.7], [-121.111886, 48.072924, 2151.9], [-121.111897, 48.072912, 2152.1], [-121.112011, 48.072841, 2147.8], [-121.112027, 48.072821, 2146.8], [-121.112026, 48.072763, 2144.4], [-121.112031, 48.072714, 2144.5], [-121.112065, 48.072704, 2144.6], [-121.112091, 48.07266, 2142.6], [-121.112117, 48.072646, 2142.7], [-121.112145, 48.072646, 2142.9], [-121.112196, 48.072664, 2145.9], [-121.112265, 48.072624, 2143.4], [-121.112477, 48.07257, 2147.6], [-121.112586, 48.072506, 2149.9], [-121.112687, 48.072466, 2152.6], [-121.112762, 48.072385, 2149.9], [-121.112777, 48.072373, 2150.7], [-121.112823, 48.072326, 2149.4], [-121.112894, 48.0723, 2148.5], [-121.112935, 48.07225, 2146.4], [-121.11302, 48.072233, 2145.0], [-121.113152, 48.072135, 2141.9], [-121.11317, 48.072125, 2142.8], [-121.113197, 48.072094, 2143.0], [-121.113211, 48.072052, 2142.4], [-121.113272, 48.071994, 2141.3], [-121.113287, 48.071987, 2141.2], [-121.113394, 48.071949, 2140.2], [-121.113467, 48.07191, 2140.9], [-121.113527, 48.071909, 2142.6], [-121.113567, 48.071904, 2143.8], [-121.113664, 48.071862, 2145.4], [-121.113723, 48.071807, 2144.8], [-121.113793, 48.071736, 2142.9], [-121.113877, 48.071704, 2142.4], [-121.113942, 48.071692, 2143.8], [-121.114015, 48.071638, 2144.3], [-121.114088, 48.071636, 2143.7], [-121.114154, 48.071607, 2144.0], [-121.114148, 48.071619, 2149.9], [-121.114204, 48.071592, 2147.5], [-121.11424, 48.071555, 2147.8], [-121.114251, 48.071531, 2147.6], [-121.114251, 48.071485, 2145.3], [-121.114342, 48.071446, 2146.3], [-121.114349, 48.071426, 2145.8], [-121.114378, 48.071409, 2146.3], [-121.114416, 48.071409, 2144.7], [-121.114454, 48.071423, 2139.4], [-121.114552, 48.071451, 2135.5], [-121.114591, 48.071446, 2135.5], [-121.114641, 48.07141, 2132.0], [-121.114635, 48.071362, 2132.3], [-121.114625, 48.071345, 2131.7], [-121.114618, 48.071306, 2130.7], [-121.114649, 48.071204, 2129.7], [-121.114651, 48.071169, 2128.3], [-121.114644, 48.071139, 2127.2], [-121.114675, 48.071128, 2126.2], [-121.114734, 48.071134, 2124.1], [-121.114761, 48.071122, 2123.5], [-121.114773, 48.0711, 2122.8], [-121.114822, 48.071058, 2119.4], [-121.114865, 48.071062, 2118.7], [-121.114917, 48.071036, 2117.5], [-121.114949, 48.071039, 2116.3], [-121.115019, 48.071021, 2114.8], [-121.115061, 48.071022, 2112.6], [-121.115065, 48.071018, 2112.5], [-121.115194, 48.070937, 2106.7], [-121.115275, 48.070908, 2104.9], [-121.115345, 48.070778, 2100.1], [-121.115353, 48.070739, 2097.4], [-121.115364, 48.070597, 2092.9], [-121.115338, 48.070561, 2091.0], [-121.115282, 48.070515, 2092.5], [-121.115273, 48.070491, 2091.8], [-121.115287, 48.070472, 2087.8], [-121.115323, 48.070466, 2085.9], [-121.115284, 48.07043, 2086.5], [-121.115269, 48.0704, 2082.5], [-121.115303, 48.070398, 2079.8], [-121.115326, 48.070378, 2078.0], [-121.115353, 48.070369, 2077.6], [-121.115365, 48.070348, 2074.8], [-121.115348, 48.070323, 2073.1], [-121.115383, 48.070306, 2070.9], [-121.115397, 48.070305, 2071.1], [-121.115498, 48.070275, 2073.5], [-121.115559, 48.070245, 2070.4], [-121.115643, 48.070239, 2070.5], [-121.115656, 48.07024, 2069.8], [-121.115769, 48.070215, 2066.6], [-121.115755, 48.070179, 2063.3], [-121.115715, 48.07014, 2061.9], [-121.115697, 48.070114, 2060.8], [-121.115736, 48.070111, 2060.9], [-121.115738, 48.070084, 2057.4], [-121.115722, 48.070052, 2055.5], [-121.115664, 48.069999, 2053.7], [-121.115614, 48.069979, 2051.9], [-121.115576, 48.069971, 2049.3], [-121.115556, 48.069951, 2047.9], [-121.115542, 48.069914, 2053.0], [-121.115485, 48.069885, 2051.3], [-121.115481, 48.069852, 2048.8], [-121.115495, 48.069872, 2049.0], [-121.115608, 48.06987, 2062.3], [-121.115599, 48.069896, 2060.7], [-121.115629, 48.069899, 2060.9], [-121.115653, 48.069874, 2064.9], [-121.11569, 48.069877, 2063.2], [-121.115662, 48.069858, 2063.6], [-121.115594, 48.069863, 2056.9], [-121.115566, 48.069876, 2057.3], [-121.115517, 48.069841, 2055.2], [-121.115499, 48.069822, 2055.4], [-121.1155, 48.06977, 2053.0], [-121.115465, 48.069729, 2051.9], [-121.115455, 48.069635, 2049.5], [-121.115422, 48.069556, 2042.4], [-121.115354, 48.069517, 2038.1], [-121.115292, 48.069434, 2035.0], [-121.115285, 48.069414, 2034.2], [-121.115302, 48.069373, 2034.0], [-121.115335, 48.069351, 2036.0], [-121.11533, 48.069326, 2034.8], [-121.115294, 48.06932, 2032.1], [-121.115269, 48.069302, 2031.7], [-121.115203, 48.06928, 2027.1], [-121.115171, 48.069217, 2027.8], [-121.115113, 48.069172, 2028.2], [-121.115145, 48.069142, 2028.6], [-121.115155, 48.069097, 2025.8], [-121.115138, 48.069055, 2023.8], [-121.115122, 48.069037, 2024.0], [-121.11509, 48.068985, 2019.8], [-121.114991, 48.06895, 2016.8], [-121.114933, 48.068907, 2014.5], [-121.114927, 48.068895, 2012.9], [-121.114926, 48.068832, 2011.9], [-121.114851, 48.068801, 2010.0], [-121.114841, 48.06876, 2012.1], [-121.114773, 48.068599, 2011.8], [-121.114791, 48.068591, 2014.4], [-121.114878, 48.068581, 2016.8], [-121.114883, 48.06854, 2015.7], [-121.114935, 48.06848, 2017.3], [-121.114955, 48.068466, 2018.4], [-121.115065, 48.068411, 2021.6], [-121.115182, 48.068374, 2027.0], [-121.11523, 48.068355, 2027.3], [-121.115267, 48.068315, 2025.5], [-121.115279, 48.068276, 2024.8], [-121.115295, 48.068257, 2023.6], [-121.115358, 48.068231, 2026.7], [-121.115487, 48.068112, 2032.9], [-121.115495, 48.068103, 2033.0], [-121.115584, 48.068071, 2034.9], [-121.115706, 48.068007, 2033.5], [-121.115738, 48.067965, 2036.0], [-121.115767, 48.067948, 2036.0], [-121.115777, 48.067926, 2037.5], [-121.11581, 48.067919, 2038.7], [-121.115871, 48.067882, 2041.2], [-121.115894, 48.067837, 2042.1], [-121.115888, 48.067793, 2044.3], [-121.115914, 48.067778, 2047.8], [-121.116, 48.067779, 2051.8], [-121.116024, 48.067782, 2050.9], [-121.116019, 48.067842, 2064.8], [-121.115907, 48.067875, 2067.2], [-121.115897, 48.067848, 2066.9], [-121.115869, 48.067861, 2076.1], [-121.115862, 48.067805, 2061.0], [-121.115918, 48.067735, 2048.8], [-121.115994, 48.06768, 2045.0], [-121.116043, 48.067635, 2043.6], [-121.11604, 48.067611, 2042.6], [-121.11605, 48.067569, 2044.7], [-121.116039, 48.067518, 2045.3], [-121.11604, 48.067509, 2045.6], [-121.116022, 48.06746, 2047.9], [-121.116023, 48.067439, 2049.4], [-121.116062, 48.067373, 2051.0], [-121.116089, 48.067351, 2051.8], [-121.116153, 48.067333, 2052.3], [-121.116206, 48.067251, 2054.0], [-121.116271, 48.067211, 2054.7], [-121.116402, 48.067191, 2056.2], [-121.11646, 48.067135, 2055.8], [-121.116507, 48.067106, 2055.5], [-121.116514, 48.067073, 2055.7], [-121.116531, 48.067054, 2054.4], [-121.116616, 48.06701, 2054.2], [-121.116627, 48.066989, 2054.3], [-121.11668, 48.066964, 2056.4], [-121.116702, 48.066938, 2056.6], [-121.116665, 48.0669, 2057.3], [-121.116647, 48.066833, 2057.4], [-121.116676, 48.066814, 2058.6], [-121.116623, 48.066702, 2061.5], [-121.116605, 48.066683, 2061.8], [-121.116612, 48.066651, 2063.4], [-121.116619, 48.066641, 2063.6], [-121.116588, 48.066574, 2069.6], [-121.116644, 48.066478, 2075.9], [-121.116635, 48.066449, 2073.1], [-121.116561, 48.066401, 2071.4], [-121.116541, 48.06636, 2066.2], [-121.11658, 48.066338, 2061.5], [-121.116607, 48.066315, 2060.1], [-121.116636, 48.066247, 2058.6], [-121.116636, 48.06618, 2059.4], [-121.116633, 48.06616, 2059.6], [-121.116597, 48.066109, 2057.0], [-121.11659, 48.066066, 2056.9], [-121.116613, 48.065994, 2053.3], [-121.116685, 48.065922, 2050.1], [-121.116698, 48.065898, 2049.4], [-121.116692, 48.065856, 2049.1], [-121.116639, 48.065831, 2048.9], [-121.116611, 48.065793, 2048.3], [-121.116623, 48.065773, 2048.9], [-121.116652, 48.065762, 2048.4], [-121.11669, 48.065767, 2052.0], [-121.116722, 48.065783, 2051.9], [-121.116802, 48.065785, 2052.7], [-121.116811, 48.065789, 2051.8], [-121.116928, 48.06579, 2052.8], [-121.117062, 48.065771, 2054.0], [-121.11715, 48.065745, 2053.4], [-121.117188, 48.065685, 2050.7], [-121.117256, 48.065657, 2050.3], [-121.117258, 48.06565, 2049.8], [-121.117369, 48.065528, 2050.4], [-121.117422, 48.065494, 2050.0], [-121.117435, 48.065437, 2050.3], [-121.117517, 48.065348, 2050.6], [-121.117553, 48.065322, 2050.0], [-121.117563, 48.065272, 2048.8], [-121.117641, 48.06523, 2048.3], [-121.117654, 48.065202, 2046.4], [-121.11767, 48.065179, 2046.6], [-121.117776, 48.065137, 2048.0], [-121.117786, 48.065121, 2047.2], [-121.117779, 48.065092, 2048.3], [-121.117791, 48.065037, 2047.7], [-121.117787, 48.064899, 2050.3], [-121.117797, 48.064869, 2049.9], [-121.117834, 48.064875, 2043.4], [-121.117872, 48.064867, 2042.7], [-121.117898, 48.064831, 2043.0], [-121.117917, 48.064766, 2042.8], [-121.117931, 48.064738, 2042.2], [-121.117921, 48.064712, 2041.0], [-121.117941, 48.064661, 2042.7], [-121.117921, 48.064641, 2039.4], [-121.117957, 48.064603, 2037.9], [-121.11797, 48.064561, 2038.3], [-121.118024, 48.064503, 2038.6], [-121.118053, 48.064435, 2037.0], [-121.118082, 48.064403, 2036.3], [-121.11809, 48.064337, 2034.4], [-121.118124, 48.064307, 2033.6], [-121.118139, 48.06428, 2033.1], [-121.118168, 48.064214, 2032.3], [-121.118175, 48.064167, 2033.3], [-121.118262, 48.064089, 2029.8], [-121.11827, 48.064085, 2029.9], [-121.118372, 48.064076, 2028.7], [-121.118434, 48.064058, 2026.9], [-121.118468, 48.064066, 2028.4], [-121.118619, 48.064046, 2029.5], [-121.118747, 48.063986, 2027.0], [-121.118842, 48.06396, 2025.4], [-121.118914, 48.063959, 2024.5], [-121.118943, 48.063931, 2024.5], [-121.118945, 48.063891, 2022.7], [-121.118968, 48.06386, 2020.5], [-121.119072, 48.063771, 2021.5], [-121.119072, 48.063733, 2017.6], [-121.119099, 48.063681, 2016.8], [-121.119155, 48.063652, 2014.8], [-121.119184, 48.063575, 2012.6], [-121.119191, 48.063513, 2010.9], [-121.11918, 48.063466, 2011.8], [-121.119188, 48.063447, 2011.3], [-121.11925, 48.0634, 2012.1], [-121.119273, 48.06337, 2014.0], [-121.119301, 48.063354, 2014.5], [-121.119306, 48.063319, 2015.2], [-121.119329, 48.063285, 2016.0], [-121.11936, 48.063266, 2017.4], [-121.119496, 48.06322, 2016.9], [-121.119515, 48.06316, 2017.1], [-121.119507, 48.063052, 2014.1], [-121.119538, 48.062974, 2013.9], [-121.11954, 48.062961, 2015.1], [-121.119598, 48.062879, 2014.6], [-121.119604, 48.062858, 2014.9], [-121.119585, 48.062805, 2015.8], [-121.119587, 48.062795, 2017.1], [-121.119634, 48.062773, 2017.8], [-121.119652, 48.062753, 2018.8], [-121.119656, 48.062728, 2018.9], [-121.119732, 48.062681, 2018.6], [-121.119733, 48.062634, 2018.1], [-121.119747, 48.06261, 2018.2], [-121.119738, 48.062568, 2017.1], [-121.119759, 48.062484, 2014.9], [-121.119686, 48.062414, 2012.2], [-121.119679, 48.062358, 2009.6], [-121.119667, 48.062342, 2011.0], [-121.119633, 48.062316, 2011.3], [-121.119586, 48.062257, 2012.7], [-121.119563, 48.062182, 2010.8], [-121.119564, 48.062169, 2012.0], [-121.119592, 48.062136, 2014.4], [-121.11967, 48.062116, 2014.2], [-121.119758, 48.062059, 2015.6], [-121.11982, 48.062, 2017.7], [-121.119963, 48.061954, 2018.2], [-121.120095, 48.061886, 2019.1], [-121.120142, 48.061843, 2020.4], [-121.120174, 48.061826, 2020.3], [-121.120188, 48.0618, 2019.4], [-121.120186, 48.061778, 2018.6], [-121.120223, 48.06177, 2014.4], [-121.120247, 48.061723, 2014.2], [-121.120245, 48.061706, 2013.1], [-121.120216, 48.061693, 2012.9], [-121.120037, 48.06169, 2014.3], [-121.120011, 48.061679, 2013.5], [-121.119992, 48.061646, 2013.9], [-121.119991, 48.061627, 2014.4], [-121.120007, 48.0616, 2015.6], [-121.120055, 48.061573, 2015.0], [-121.120111, 48.061503, 2016.3], [-121.120141, 48.061454, 2017.0], [-121.120164, 48.061437, 2017.2], [-121.1202, 48.061432, 2021.6], [-121.120177, 48.06145, 2018.8], [-121.120179, 48.061477, 2023.9], [-121.120191, 48.061451, 2021.7], [-121.120167, 48.061475, 2019.4], [-121.120099, 48.061477, 2022.3], [-121.120135, 48.061468, 2027.4], [-121.12015, 48.061443, 2022.7], [-121.120225, 48.061389, 2023.1], [-121.120238, 48.061384, 2023.7], [-121.120279, 48.061355, 2022.9], [-121.120289, 48.061331, 2021.0], [-121.120294, 48.061261, 2020.7], [-121.120345, 48.061223, 2021.3], [-121.120401, 48.061207, 2021.9], [-121.120562, 48.061113, 2024.5], [-121.120571, 48.061104, 2023.4], [-121.120685, 48.061039, 2022.5], [-121.120697, 48.060992, 2024.4], [-121.120729, 48.060965, 2024.4], [-121.120736, 48.060945, 2025.5], [-121.120702, 48.060887, 2024.3], [-121.120723, 48.06087, 2023.4], [-121.120746, 48.060821, 2023.0], [-121.120773, 48.060787, 2024.3], [-121.120785, 48.060779, 2024.7], [-121.120871, 48.060736, 2023.4], [-121.120889, 48.060687, 2027.0], [-121.120917, 48.06067, 2028.2], [-121.120962, 48.060658, 2031.0], [-121.120974, 48.060651, 2030.3], [-121.121035, 48.060587, 2029.2], [-121.121056, 48.060543, 2029.8], [-121.121122, 48.060516, 2027.9], [-121.121227, 48.060465, 2027.8], [-121.121294, 48.060411, 2031.4], [-121.121339, 48.060392, 2031.8], [-121.121306, 48.06037, 2033.1], [-121.121287, 48.060323, 2029.8], [-121.121321, 48.060311, 2029.9], [-121.121324, 48.060265, 2030.9], [-121.12137, 48.060255, 2029.2], [-121.121404, 48.060216, 2031.4], [-121.121408, 48.060177, 2031.5], [-121.121423, 48.060154, 2032.5], [-121.121445, 48.060133, 2033.5], [-121.121516, 48.060103, 2034.2], [-121.121526, 48.060089, 2033.7], [-121.121572, 48.06005, 2034.2], [-121.121699, 48.059996, 2031.8], [-121.121713, 48.059986, 2031.3], [-121.121767, 48.059935, 2032.1], [-121.121767, 48.059913, 2031.5], [-121.121752, 48.05989, 2035.2], [-121.121712, 48.059887, 2038.4], [-121.121753, 48.059845, 2018.5], [-121.121786, 48.059835, 2019.0], [-121.12182, 48.059799, 2030.2], [-121.121895, 48.059758, 2025.8], [-121.121909, 48.059744, 2024.2], [-121.1221, 48.05963, 2020.9], [-121.122159, 48.059613, 2022.4], [-121.122156, 48.059561, 2018.8], [-121.122179, 48.059519, 2018.4], [-121.12226, 48.059469, 2016.8], [-121.122272, 48.059448, 2014.8], [-121.122345, 48.059406, 2017.2], [-121.122405, 48.059409, 2018.0], [-121.122461, 48.059395, 2018.8], [-121.122505, 48.059399, 2016.1], [-121.122551, 48.059378, 2016.2], [-121.122578, 48.059348, 2016.6], [-121.122607, 48.05929, 2017.4], [-121.122622, 48.059245, 2015.8], [-121.122654, 48.059213, 2018.2], [-121.122642, 48.059178, 2016.3], [-121.122645, 48.059154, 2016.1], [-121.122666, 48.059129, 2015.4], [-121.122683, 48.059057, 2014.9], [-121.122639, 48.058992, 2013.6], [-121.122637, 48.058941, 2013.9], [-121.122645, 48.058911, 2014.1], [-121.122675, 48.058901, 2014.9], [-121.122696, 48.058868, 2014.1], [-121.122702, 48.058799, 2018.6], [-121.122698, 48.058764, 2018.0], [-121.122649, 48.058675, 2018.9], [-121.122679, 48.05869, 2025.0], [-121.122703, 48.058679, 2028.9], [-121.122701, 48.05865, 2029.1], [-121.122719, 48.058569, 2027.9], [-121.122755, 48.058505, 2024.6], [-121.122764, 48.058469, 2022.8], [-121.122817, 48.058461, 2021.4], [-121.122906, 48.058486, 2020.8], [-121.122934, 48.058485, 2020.7], [-121.122964, 48.058466, 2020.0], [-121.123127, 48.05833, 2017.8], [-121.123151, 48.05835, 2017.9], [-121.123316, 48.058259, 2019.8], [-121.12336, 48.058236, 2019.8], [-121.123466, 48.058231, 2019.2], [-121.123542, 48.058191, 2021.1], [-121.123554, 48.058181, 2020.6], [-121.123642, 48.058128, 2023.1], [-121.12366, 48.058106, 2022.1], [-121.123648, 48.058082, 2022.1], [-121.1236, 48.058048, 2021.8], [-121.123593, 48.058037, 2020.7], [-121.12359, 48.058002, 2019.5], [-121.123604, 48.057955, 2020.9], [-121.123597, 48.057929, 2020.5], [-121.123624, 48.057895, 2021.2], [-121.123627, 48.057848, 2017.6], [-121.123624, 48.057814, 2016.8], [-121.12365, 48.057769, 2014.1], [-121.123643, 48.05773, 2014.5], [-121.123649, 48.05767, 2015.4], [-121.123653, 48.057656, 2015.1], [-121.123681, 48.057607, 2013.6], [-121.123699, 48.05755, 2013.8], [-121.123769, 48.057522, 2015.1], [-121.123801, 48.057504, 2014.6], [-121.123811, 48.057479, 2015.2], [-121.123759, 48.057395, 2014.1], [-121.123754, 48.057355, 2014.2], [-121.123772, 48.057338, 2014.4], [-121.123819, 48.057318, 2014.2], [-121.123811, 48.057287, 2012.2], [-121.123773, 48.057272, 2012.3], [-121.123766, 48.057229, 2011.4], [-121.123779, 48.0572, 2013.9], [-121.123825, 48.05717, 2012.0], [-121.12387, 48.057119, 2011.0], [-121.123927, 48.057098, 2010.8], [-121.123948, 48.057069, 2012.2], [-121.123991, 48.057041, 2010.9], [-121.124009, 48.056992, 2010.9], [-121.124029, 48.056974, 2011.0], [-121.124095, 48.056938, 2008.7], [-121.12416, 48.056914, 2008.7], [-121.124199, 48.056876, 2009.7], [-121.124249, 48.056795, 2010.8], [-121.124297, 48.056787, 2010.8], [-121.124272, 48.056726, 2009.4], [-121.124263, 48.056638, 2009.2], [-121.124268, 48.056622, 2009.4], [-121.124311, 48.056577, 2013.6], [-121.124318, 48.056529, 2014.2], [-121.124374, 48.056479, 2010.0], [-121.124354, 48.056355, 2010.0], [-121.12436, 48.056315, 2010.1], [-121.124432, 48.056228, 2009.4], [-121.124439, 48.056203, 2011.1], [-121.124425, 48.056135, 2007.2], [-121.124428, 48.056124, 2007.7], [-121.124466, 48.056061, 2006.0], [-121.124476, 48.056016, 2005.8], [-121.124454, 48.05595, 2007.3], [-121.124471, 48.055895, 2008.4], [-121.124488, 48.055875, 2008.3], [-121.124539, 48.055863, 2007.5], [-121.124587, 48.055813, 2007.4], [-121.124658, 48.055769, 2003.9], [-121.124732, 48.055664, 2000.7], [-121.124735, 48.05565, 2000.1], [-121.124718, 48.05564, 2000.5], [-121.12475, 48.055518, 2001.3], [-121.124743, 48.055487, 2001.0], [-121.124773, 48.055455, 2000.3], [-121.124835, 48.055454, 1997.0], [-121.124899, 48.055423, 1996.1], [-121.124963, 48.055415, 1996.0], [-121.125004, 48.055415, 1996.3], [-121.125027, 48.0554, 1994.6], [-121.125016, 48.055331, 1993.8], [-121.125041, 48.055262, 1992.6], [-121.125047, 48.055254, 1992.6], [-121.125061, 48.055205, 1991.8], [-121.125108, 48.055173, 1991.7], [-121.125097, 48.055131, 1988.5], [-121.125134, 48.055111, 1987.8], [-121.125187, 48.05511, 1983.5], [-121.125207, 48.055098, 1983.9], [-121.125214, 48.055072, 1984.1], [-121.125202, 48.055047, 1984.0], [-121.125138, 48.054989, 1981.9], [-121.125141, 48.05495, 1982.4], [-121.125163, 48.054929, 1978.5], [-121.125198, 48.054919, 1977.5], [-121.125237, 48.054921, 1975.5], [-121.125245, 48.054894, 1977.5], [-121.125317, 48.054871, 1976.8], [-121.125323, 48.054867, 1976.3], [-121.125338, 48.054817, 1977.2], [-121.125336, 48.054797, 1977.0], [-121.125307, 48.054748, 1974.4], [-121.125315, 48.054708, 1974.5], [-121.125297, 48.054648, 1972.3], [-121.125261, 48.054584, 1972.8], [-121.125297, 48.054566, 1970.8], [-121.125317, 48.054569, 1969.0], [-121.125394, 48.054549, 1968.0], [-121.125458, 48.054518, 1961.9], [-121.125442, 48.05449, 1961.9], [-121.12546, 48.054469, 1960.1], [-121.12549, 48.05447, 1958.1], [-121.125531, 48.054483, 1957.7], [-121.1256, 48.054464, 1954.6], [-121.125648, 48.05441, 1954.5], [-121.125663, 48.05435, 1953.0], [-121.125694, 48.054263, 1948.8], [-121.125752, 48.054271, 1944.5], [-121.125797, 48.054258, 1944.1], [-121.125828, 48.054223, 1940.9], [-121.125823, 48.054199, 1940.6], [-121.125802, 48.054181, 1940.6], [-121.125792, 48.054134, 1940.8], [-121.125763, 48.054085, 1939.9], [-121.125751, 48.05407, 1939.7], [-121.125702, 48.054042, 1939.6], [-121.125671, 48.054006, 1938.2], [-121.125605, 48.053955, 1935.3], [-121.125603, 48.053945, 1935.9], [-121.125629, 48.053912, 1935.7], [-121.125613, 48.053825, 1933.7], [-121.125623, 48.053808, 1934.6], [-121.125719, 48.05376, 1932.6], [-121.125718, 48.053737, 1932.4], [-121.125663, 48.053675, 1932.0], [-121.125612, 48.053677, 1932.0], [-121.125597, 48.053672, 1931.6], [-121.125558, 48.053633, 1929.8], [-121.125498, 48.053602, 1929.8], [-121.125488, 48.053571, 1928.4], [-121.125503, 48.05356, 1927.7], [-121.125574, 48.053535, 1926.4], [-121.125593, 48.05352, 1926.0], [-121.125601, 48.053495, 1925.8], [-121.12564, 48.053492, 1923.8], [-121.125649, 48.053452, 1922.3], [-121.125686, 48.053437, 1922.1], [-121.125718, 48.053408, 1918.2], [-121.125753, 48.053396, 1919.5], [-121.1258, 48.053362, 1916.3], [-121.125774, 48.053269, 1917.3], [-121.125786, 48.053236, 1917.6], [-121.125744, 48.053174, 1914.7], [-121.125695, 48.053135, 1919.0], [-121.1257, 48.053104, 1914.1], [-121.125721, 48.053069, 1913.3], [-121.125716, 48.053022, 1916.4], [-121.1257, 48.053004, 1916.5], [-121.125612, 48.052965, 1915.3], [-121.125578, 48.052944, 1917.2], [-121.12559, 48.052921, 1914.9], [-121.125637, 48.05288, 1913.5], [-121.125653, 48.052823, 1914.0], [-121.125656, 48.052794, 1914.9], [-121.125646, 48.05277, 1915.8], [-121.125658, 48.052752, 1913.3], [-121.125691, 48.052741, 1912.1], [-121.125678, 48.052651, 1909.5], [-121.125658, 48.052608, 1908.2], [-121.125596, 48.052541, 1905.7], [-121.125602, 48.052487, 1906.7], [-121.1256, 48.05248, 1907.8], [-121.125609, 48.052431, 1909.7], [-121.125602, 48.052393, 1911.2], [-121.125643, 48.052359, 1911.9], [-121.125653, 48.052332, 1910.6], [-121.125646, 48.052315, 1910.4], [-121.125552, 48.052266, 1909.4], [-121.125538, 48.05225, 1909.4], [-121.12553, 48.052229, 1908.5], [-121.125546, 48.052176, 1908.3], [-121.125545, 48.052167, 1907.9], [-121.125598, 48.051986, 1915.5], [-121.125603, 48.051973, 1915.6], [-121.12562, 48.051874, 1917.4], [-121.125651, 48.051837, 1918.2], [-121.125648, 48.051795, 1919.3], [-121.125639, 48.051774, 1920.2], [-121.125618, 48.0517, 1918.4], [-121.125569, 48.051632, 1918.5], [-121.125571, 48.051603, 1919.2], [-121.125577, 48.051592, 1919.4], [-121.125614, 48.051556, 1919.8], [-121.125708, 48.051537, 1922.6], [-121.125721, 48.051514, 1920.2], [-121.125698, 48.051494, 1918.7], [-121.125717, 48.051461, 1918.5], [-121.125693, 48.051407, 1920.6], [-121.125719, 48.0514, 1920.8], [-121.125755, 48.051366, 1924.2], [-121.125809, 48.051335, 1925.1], [-121.125875, 48.051283, 1927.3], [-121.1259, 48.051235, 1929.7], [-121.125926, 48.051218, 1930.0], [-121.125938, 48.051195, 1930.1], [-121.125932, 48.05117, 1929.8], [-121.125957, 48.051143, 1928.1], [-121.125992, 48.051131, 1929.4], [-121.126017, 48.05111, 1929.6], [-121.126039, 48.051007, 1929.5], [-121.126109, 48.050951, 1933.0], [-121.12619, 48.050932, 1932.0], [-121.126227, 48.050907, 1932.6], [-121.126249, 48.050877, 1934.6], [-121.126244, 48.050809, 1937.1], [-121.126263, 48.050788, 1937.2], [-121.126273, 48.050724, 1938.7], [-121.126295, 48.050728, 1938.3], [-121.126265, 48.050712, 1941.6], [-121.126278, 48.050664, 1943.4], [-121.126243, 48.050634, 1942.7], [-121.126256, 48.050588, 1942.4], [-121.126336, 48.050458, 1945.9], [-121.12638, 48.050439, 1948.6], [-121.126432, 48.050423, 1949.1], [-121.126431, 48.050397, 1948.3], [-121.126451, 48.050354, 1951.9], [-121.126521, 48.050289, 1955.2], [-121.126554, 48.050247, 1952.6], [-121.126552, 48.050226, 1951.6], [-121.126568, 48.050185, 1954.5], [-121.126633, 48.050108, 1958.0], [-121.126615, 48.050072, 1956.8], [-121.126618, 48.05005, 1958.4], [-121.126683, 48.050001, 1964.1], [-121.126715, 48.049957, 1964.8], [-121.126716, 48.049929, 1965.3], [-121.126699, 48.049887, 1966.7], [-121.126704, 48.049862, 1965.8], [-121.126807, 48.049815, 1966.7], [-121.126842, 48.049713, 1965.6], [-121.126891, 48.049654, 1964.5], [-121.126903, 48.049644, 1963.6], [-121.126946, 48.049621, 1962.9], [-121.126951, 48.049597, 1965.4], [-121.126906, 48.049565, 1965.7], [-121.126921, 48.049529, 1965.9], [-121.126956, 48.049502, 1967.3], [-121.126976, 48.049474, 1968.3], [-121.127033, 48.049445, 1970.8], [-121.127041, 48.049402, 1972.6], [-121.127085, 48.049354, 1975.9], [-121.127089, 48.049273, 1978.8], [-121.127077, 48.049182, 1980.9], [-121.127077, 48.049165, 1981.3], [-121.12696, 48.049234, 1988.6], [-121.127013, 48.049209, 1985.4], [-121.127088, 48.049195, 1984.8], [-121.127132, 48.049164, 1985.7], [-121.127156, 48.0491, 1986.5], [-121.127212, 48.049017, 1988.9], [-121.127228, 48.048968, 1990.2], [-121.127217, 48.048922, 1991.5], [-121.127235, 48.048902, 1991.6], [-121.127206, 48.048888, 1991.1], [-121.127196, 48.048872, 1991.9], [-121.127224, 48.048853, 1992.3], [-121.127234, 48.048839, 1991.1], [-121.127217, 48.048794, 1991.4], [-121.127199, 48.048776, 1991.0], [-121.12717, 48.048769, 1991.5], [-121.127203, 48.048769, 1990.9], [-121.127216, 48.048755, 1989.8], [-121.127199, 48.048722, 1988.8], [-121.127184, 48.048723, 1988.8], [-121.127152, 48.048743, 1990.5], [-121.127173, 48.048753, 1990.6], [-121.127143, 48.048761, 1991.6], [-121.127124, 48.048778, 1992.5], [-121.127129, 48.048805, 1992.7], [-121.127173, 48.048754, 1991.6], [-121.127182, 48.048726, 1987.5], [-121.127125, 48.048683, 1987.0], [-121.127146, 48.048665, 1991.2], [-121.127133, 48.04869, 1989.1], [-121.127206, 48.048643, 1985.9], [-121.127236, 48.048639, 1986.1], [-121.127241, 48.048604, 1987.2], [-121.1272, 48.048527, 1987.4], [-121.127122, 48.048435, 1984.6], [-121.127094, 48.048426, 1985.0], [-121.127082, 48.048401, 1982.3], [-121.127091, 48.048366, 1980.4], [-121.127099, 48.048356, 1979.7], [-121.127164, 48.048301, 1975.1], [-121.127173, 48.048277, 1974.7], [-121.127159, 48.04826, 1973.0], [-121.127093, 48.04823, 1968.5], [-121.127122, 48.04815, 1966.4], [-121.127114, 48.048127, 1964.5], [-121.127124, 48.048078, 1962.0], [-121.127081, 48.048065, 1959.2], [-121.127063, 48.048074, 1957.1], [-121.127025, 48.048013, 1951.7], [-121.127019, 48.047921, 1949.5], [-121.127011, 48.047919, 1949.6], [-121.126971, 48.047934, 1947.0], [-121.126955, 48.047916, 1945.9], [-121.126921, 48.047794, 1941.9], [-121.126897, 48.047764, 1940.4], [-121.126865, 48.047777, 1939.9], [-121.12685, 48.047798, 1938.9], [-121.126819, 48.047788, 1938.3], [-121.126804, 48.047747, 1935.0], [-121.126774, 48.04773, 1934.7], [-121.126718, 48.047724, 1932.2], [-121.126696, 48.047693, 1930.4], [-121.126667, 48.047689, 1928.9], [-121.126646, 48.047672, 1927.4], [-121.126658, 48.047655, 1927.4], [-121.126653, 48.047618, 1924.9], [-121.126602, 48.047563, 1925.1], [-121.126574, 48.047522, 1925.1], [-121.126563, 48.047484, 1922.8], [-121.126593, 48.047416, 1921.0], [-121.126588, 48.047387, 1919.8], [-121.126563, 48.047376, 1920.1], [-121.126557, 48.047359, 1918.5], [-121.126629, 48.047288, 1916.0], [-121.126621, 48.047228, 1915.4], [-121.1266, 48.047196, 1915.4], [-121.126604, 48.047149, 1912.1], [-121.126578, 48.047095, 1911.2], [-121.126536, 48.047075, 1911.5], [-121.126469, 48.04703, 1912.2], [-121.126474, 48.047004, 1908.4], [-121.126497, 48.046969, 1907.8], [-121.126551, 48.046929, 1907.4], [-121.12657, 48.046924, 1907.3], [-121.126716, 48.046902, 1907.7], [-121.126753, 48.046888, 1904.2], [-121.126813, 48.04686, 1902.3], [-121.126848, 48.046857, 1901.8], [-121.126882, 48.046819, 1898.6], [-121.127004, 48.046772, 1897.1], [-121.127093, 48.046756, 1897.6], [-121.127156, 48.04673, 1897.6], [-121.127295, 48.046729, 1899.1], [-121.127314, 48.046706, 1900.8], [-121.127355, 48.046682, 1901.5], [-121.127463, 48.04665, 1900.7], [-121.127636, 48.046614, 1905.9], [-121.127685, 48.046564, 1905.6], [-121.127691, 48.046547, 1906.8], [-121.127719, 48.046518, 1908.3], [-121.127773, 48.046496, 1908.3], [-121.12779, 48.046466, 1908.2], [-121.127844, 48.046414, 1908.3], [-121.127935, 48.046293, 1908.8], [-121.127976, 48.046263, 1907.4], [-121.1281, 48.046148, 1909.9], [-121.12811, 48.046141, 1911.6], [-121.128147, 48.04601, 1910.0], [-121.128173, 48.045967, 1909.8], [-121.128292, 48.045831, 1909.6], [-121.128317, 48.04576, 1908.4], [-121.12836, 48.045696, 1907.7], [-121.128366, 48.045648, 1907.0], [-121.128387, 48.045614, 1906.6], [-121.128468, 48.04556, 1907.4], [-121.128507, 48.045517, 1908.4], [-121.128512, 48.045502, 1908.3], [-121.128504, 48.045471, 1908.5], [-121.128465, 48.045449, 1910.8], [-121.128456, 48.045434, 1910.5], [-121.128468, 48.045372, 1910.7], [-121.128468, 48.045357, 1910.8], [-121.128438, 48.045273, 1910.0], [-121.128437, 48.045233, 1910.0], [-121.128459, 48.045147, 1908.1], [-121.128437, 48.045104, 1906.7], [-121.128483, 48.045, 1902.9], [-121.128484, 48.044982, 1902.1], [-121.128509, 48.04484, 1901.6], [-121.1285, 48.044729, 1901.0], [-121.128509, 48.044695, 1900.7], [-121.128488, 48.044652, 1900.0], [-121.128508, 48.04451, 1902.3], [-121.128535, 48.044487, 1900.6], [-121.128541, 48.044476, 1902.0], [-121.128536, 48.044396, 1902.5], [-121.128489, 48.044303, 1904.6], [-121.128461, 48.04426, 1904.9], [-121.128457, 48.044235, 1904.0], [-121.128371, 48.044186, 1904.5], [-121.128374, 48.044143, 1903.5], [-121.128307, 48.044037, 1904.4], [-121.128267, 48.043998, 1901.7], [-121.12818, 48.043947, 1902.8], [-121.128163, 48.043901, 1902.4], [-121.128097, 48.043832, 1902.5], [-121.12807, 48.043796, 1903.2], [-121.128083, 48.043754, 1906.7], [-121.12805, 48.043718, 1904.2], [-121.128058, 48.043664, 1904.0], [-121.128047, 48.043615, 1906.7], [-121.128026, 48.043595, 1908.3], [-121.128, 48.043546, 1912.3], [-121.128015, 48.043487, 1911.9], [-121.128022, 48.043482, 1910.9], [-121.127937, 48.043428, 1919.0], [-121.127868, 48.043337, 1922.7], [-121.127825, 48.043327, 1924.5], [-121.127841, 48.043283, 1924.2], [-121.127808, 48.043237, 1926.8], [-121.127756, 48.043193, 1930.8], [-121.127626, 48.043097, 1935.2], [-121.127614, 48.043059, 1936.1], [-121.127566, 48.043016, 1936.9], [-121.127569, 48.04299, 1940.0], [-121.127555, 48.043, 1945.4], [-121.127527, 48.042986, 1944.7], [-121.127554, 48.042975, 1944.4], [-121.127541, 48.042949, 1943.8], [-121.127617, 48.042867, 1943.0], [-121.127638, 48.042858, 1942.9], [-121.127717, 48.042838, 1943.7], [-121.127811, 48.042854, 1943.1], [-121.12791, 48.042852, 1942.6], [-121.128022, 48.042843, 1943.8], [-121.128089, 48.042789, 1942.1], [-121.128108, 48.042753, 1941.6], [-121.12813, 48.042684, 1940.5], [-121.12812, 48.042628, 1938.9], [-121.128092, 48.042569, 1938.5], [-121.128077, 48.042509, 1935.2], [-121.127972, 48.042412, 1931.6], [-121.127916, 48.042345, 1928.8], [-121.127914, 48.04232, 1928.1], [-121.127888, 48.042301, 1927.3], [-121.127919, 48.0423, 1925.2], [-121.12793, 48.042275, 1923.4], [-121.12792, 48.042235, 1921.1], [-121.127904, 48.042208, 1920.2], [-121.127884, 48.042121, 1919.8], [-121.12789, 48.04209, 1918.2], [-121.127924, 48.04205, 1918.1], [-121.127893, 48.04198, 1917.0], [-121.127928, 48.041926, 1916.8], [-121.127959, 48.041914, 1916.0], [-121.12797, 48.041888, 1916.2], [-121.12796, 48.041863, 1915.7], [-121.127968, 48.041818, 1913.9], [-121.127946, 48.041796, 1912.8], [-121.127934, 48.041754, 1911.5], [-121.127984, 48.041744, 1911.7], [-121.128194, 48.041752, 1910.7], [-121.128252, 48.041743, 1911.6], [-121.128317, 48.041706, 1911.5], [-121.128384, 48.041704, 1911.8], [-121.128411, 48.041706, 1912.9], [-121.128492, 48.041703, 1913.9], [-121.128564, 48.041737, 1914.7], [-121.128644, 48.041757, 1915.0], [-121.12872, 48.041782, 1915.7], [-121.128814, 48.041787, 1915.5], [-121.128883, 48.041805, 1915.5], [-121.128897, 48.041813, 1915.3], [-121.128958, 48.041869, 1913.9], [-121.129065, 48.041915, 1914.8], [-121.129091, 48.041919, 1914.9], [-121.12919, 48.041967, 1915.9], [-121.129228, 48.041967, 1914.3], [-121.129341, 48.041909, 1912.9], [-121.129389, 48.041887, 1912.4], [-121.129565, 48.04189, 1908.2], [-121.129615, 48.041903, 1908.9], [-121.12967, 48.041938, 1908.7], [-121.12975, 48.041951, 1907.5], [-121.129807, 48.041944, 1907.2], [-121.129873, 48.041915, 1905.6], [-121.12991, 48.041906, 1905.5], [-121.130051, 48.041943, 1905.7], [-121.130086, 48.041916, 1902.6], [-121.130123, 48.041923, 1901.5], [-121.130151, 48.041913, 1901.3], [-121.130198, 48.041919, 1900.6], [-121.130232, 48.041937, 1899.8], [-121.130241, 48.041949, 1899.5], [-121.130278, 48.041969, 1897.3], [-121.13045, 48.042011, 1893.2], [-121.130473, 48.042012, 1894.1], [-121.130511, 48.041993, 1896.8], [-121.130574, 48.041885, 1894.7], [-121.130596, 48.041877, 1894.6], [-121.13062, 48.041877, 1894.0], [-121.130674, 48.041893, 1893.2], [-121.130704, 48.041889, 1893.0], [-121.130801, 48.041833, 1891.8], [-121.130822, 48.041827, 1890.6], [-121.130966, 48.041837, 1888.1], [-121.131011, 48.041861, 1885.8], [-121.131047, 48.041846, 1883.5], [-121.131063, 48.04183, 1884.4], [-121.131112, 48.041805, 1885.0], [-121.131215, 48.041816, 1883.7], [-121.131284, 48.041807, 1883.5], [-121.131336, 48.041791, 1880.7], [-121.131492, 48.041788, 1878.2], [-121.131678, 48.041799, 1876.7], [-121.131777, 48.041782, 1874.3], [-121.131838, 48.041783, 1873.9], [-121.131883, 48.041805, 1872.1], [-121.131913, 48.041806, 1871.4], [-121.131942, 48.041791, 1872.1], [-121.131965, 48.041752, 1871.8], [-121.131969, 48.041738, 1871.7], [-121.132007, 48.041712, 1871.1], [-121.132128, 48.041706, 1869.4], [-121.132183, 48.041652, 1868.5], [-121.132244, 48.041618, 1869.2], [-121.132364, 48.041585, 1871.2], [-121.132382, 48.041584, 1870.9], [-121.132438, 48.041591, 1870.3], [-121.132577, 48.041581, 1870.1], [-121.132642, 48.041541, 1870.9], [-121.132682, 48.04147, 1869.2], [-121.132692, 48.041417, 1869.4], [-121.132736, 48.041406, 1869.1], [-121.132883, 48.041375, 1868.2], [-121.13297, 48.041403, 1867.6], [-121.132981, 48.041409, 1867.3], [-121.133081, 48.041424, 1868.8], [-121.133329, 48.041495, 1873.9], [-121.133372, 48.04152, 1873.0], [-121.133462, 48.041484, 1872.7], [-121.133486, 48.041482, 1872.2], [-121.133533, 48.041495, 1870.9], [-121.133649, 48.041598, 1869.1], [-121.133668, 48.041607, 1868.9], [-121.133734, 48.04161, 1869.5], [-121.133797, 48.041592, 1867.8], [-121.133809, 48.04158, 1867.4], [-121.133825, 48.041511, 1866.3], [-121.133833, 48.041493, 1865.7], [-121.133883, 48.041436, 1867.0], [-121.133898, 48.041396, 1867.9], [-121.133923, 48.041377, 1865.7], [-121.133962, 48.041367, 1866.4], [-121.133982, 48.041357, 1867.0], [-121.134013, 48.041331, 1866.5], [-121.134044, 48.041322, 1866.5], [-121.134075, 48.041325, 1865.6], [-121.134114, 48.041342, 1865.4], [-121.134144, 48.04138, 1866.1], [-121.134153, 48.041384, 1866.6], [-121.134212, 48.041356, 1865.5], [-121.134233, 48.041355, 1865.6], [-121.134316, 48.041364, 1865.6], [-121.134375, 48.041383, 1866.7], [-121.134509, 48.041423, 1868.3], [-121.134593, 48.041405, 1870.4], [-121.134663, 48.041361, 1872.7], [-121.134774, 48.041381, 1873.2], [-121.134826, 48.041364, 1873.0], [-121.134866, 48.041362, 1872.1], [-121.134915, 48.041414, 1870.4], [-121.134933, 48.041421, 1871.1], [-121.135017, 48.041428, 1869.8], [-121.135027, 48.041431, 1869.5], [-121.135102, 48.041493, 1867.1], [-121.13521, 48.041553, 1866.7], [-121.135345, 48.041589, 1870.0], [-121.135434, 48.041638, 1869.5], [-121.135451, 48.041644, 1870.2], [-121.135583, 48.041662, 1872.0], [-121.135668, 48.04171, 1871.2], [-121.135752, 48.041743, 1873.2], [-121.135814, 48.041793, 1874.1], [-121.135847, 48.041802, 1875.2], [-121.135894, 48.041793, 1875.8], [-121.135913, 48.041779, 1874.8], [-121.135948, 48.041789, 1876.2], [-121.135971, 48.041786, 1877.8], [-121.13603, 48.041757, 1879.2], [-121.136108, 48.041741, 1878.9], [-121.13614, 48.041744, 1878.8], [-121.136197, 48.041766, 1878.1], [-121.136316, 48.04185, 1876.1], [-121.136331, 48.041859, 1876.3], [-121.136443, 48.041942, 1874.4], [-121.13647, 48.041987, 1873.0], [-121.136519, 48.041997, 1874.3], [-121.136553, 48.041978, 1875.8], [-121.136569, 48.041904, 1875.9], [-121.13662, 48.041844, 1876.0], [-121.136772, 48.041772, 1875.5], [-121.136852, 48.04178, 1873.9], [-121.136868, 48.04179, 1873.5], [-121.136917, 48.041855, 1870.8], [-121.136978, 48.041878, 1870.0], [-121.137015, 48.041905, 1869.2], [-121.13702, 48.041913, 1868.6], [-121.137067, 48.041953, 1868.7], [-121.137206, 48.042018, 1866.8], [-121.137239, 48.042054, 1866.8], [-121.137258, 48.04206, 1867.3], [-121.137359, 48.042048, 1872.0], [-121.137496, 48.042054, 1871.4], [-121.137613, 48.042082, 1870.4], [-121.137663, 48.042072, 1871.7], [-121.137758, 48.042044, 1874.6], [-121.137875, 48.042031, 1875.4], [-121.137936, 48.042011, 1874.2], [-121.137966, 48.041991, 1873.8], [-121.13802, 48.04194, 1874.0], [-121.138042, 48.041903, 1873.5], [-121.138052, 48.041855, 1874.6], [-121.138069, 48.041835, 1874.9], [-121.138152, 48.041813, 1874.4], [-121.138252, 48.041806, 1874.2], [-121.138319, 48.041784, 1874.5], [-121.138414, 48.041729, 1876.0], [-121.138485, 48.041733, 1876.5], [-121.138594, 48.041733, 1874.6], [-121.138647, 48.041715, 1873.9], [-121.138652, 48.041691, 1874.8], [-121.138702, 48.041665, 1874.6], [-121.138774, 48.04164, 1873.8], [-121.138912, 48.041661, 1873.2], [-121.138993, 48.04169, 1871.4], [-121.139026, 48.041681, 1871.0], [-121.139067, 48.041645, 1872.0], [-121.139085, 48.04159, 1873.1], [-121.139106, 48.041552, 1873.4], [-121.139213, 48.041508, 1874.6], [-121.139287, 48.041453, 1875.3], [-121.139322, 48.041373, 1871.0], [-121.13936, 48.041362, 1870.1], [-121.139417, 48.041372, 1869.3], [-121.139487, 48.041358, 1866.8], [-121.139564, 48.041356, 1866.2], [-121.139666, 48.041376, 1864.8], [-121.139786, 48.041397, 1864.8], [-121.139821, 48.041437, 1864.1], [-121.139855, 48.041446, 1863.9], [-121.139915, 48.041438, 1863.4], [-121.139992, 48.041439, 1864.1], [-121.140023, 48.04143, 1864.4], [-121.140076, 48.041397, 1865.5], [-121.140104, 48.041365, 1865.8], [-121.140133, 48.041315, 1864.7], [-121.140178, 48.041305, 1863.4], [-121.140254, 48.041303, 1862.7], [-121.14027, 48.041316, 1862.0], [-121.140312, 48.041318, 1861.4], [-121.140447, 48.041287, 1862.8], [-121.140472, 48.041267, 1861.7], [-121.140483, 48.041183, 1859.9], [-121.140507, 48.041153, 1861.6], [-121.140539, 48.041138, 1860.5], [-121.140637, 48.041113, 1860.0], [-121.140683, 48.04112, 1859.1], [-121.140791, 48.041154, 1854.8], [-121.140909, 48.041131, 1853.9], [-121.140987, 48.041145, 1852.1], [-121.141055, 48.041171, 1852.6], [-121.14109, 48.041218, 1853.3], [-121.141197, 48.041275, 1852.6], [-121.141292, 48.041303, 1852.5], [-121.141332, 48.041305, 1853.8], [-121.141374, 48.041276, 1855.1], [-121.141441, 48.041162, 1856.1], [-121.141467, 48.041141, 1854.9], [-121.141555, 48.04112, 1853.6], [-121.141645, 48.041145, 1852.7], [-121.141803, 48.041156, 1851.7], [-121.141826, 48.041161, 1852.2], [-121.141903, 48.041186, 1851.9], [-121.142049, 48.041198, 1851.4], [-121.14207, 48.041197, 1851.7], [-121.14215, 48.041169, 1852.4], [-121.142168, 48.041143, 1853.9], [-121.142162, 48.041121, 1853.8], [-121.142216, 48.041077, 1854.0], [-121.142234, 48.041066, 1853.3], [-121.142289, 48.041045, 1854.0], [-121.142394, 48.04106, 1855.3], [-121.142443, 48.041043, 1856.2], [-121.142459, 48.041029, 1856.3], [-121.142518, 48.040941, 1857.9], [-121.14258, 48.040926, 1858.2], [-121.142733, 48.040906, 1857.5], [-121.142816, 48.040917, 1856.9], [-121.142843, 48.040918, 1857.4], [-121.14289, 48.040888, 1857.7], [-121.14291, 48.040792, 1860.0], [-121.142916, 48.040779, 1861.8], [-121.142949, 48.040744, 1860.4], [-121.142999, 48.040739, 1860.0], [-121.143082, 48.040756, 1857.7], [-121.143104, 48.040791, 1858.1], [-121.143132, 48.040798, 1858.4], [-121.14321, 48.040827, 1857.9], [-121.143278, 48.040875, 1855.7], [-121.143378, 48.040866, 1853.9], [-121.143428, 48.040843, 1854.6], [-121.143445, 48.04082, 1854.1], [-121.143463, 48.040753, 1854.2], [-121.14349, 48.040727, 1853.6], [-121.143509, 48.040719, 1852.6], [-121.143619, 48.040692, 1851.8], [-121.143731, 48.040709, 1852.3], [-121.143777, 48.0407, 1853.1], [-121.14385, 48.040669, 1852.2], [-121.143887, 48.04067, 1851.4], [-121.143948, 48.040642, 1850.3], [-121.144095, 48.040617, 1849.2], [-121.144126, 48.040625, 1846.0], [-121.144183, 48.0406, 1844.7], [-121.144205, 48.040594, 1844.2], [-121.144284, 48.04058, 1845.0], [-121.144306, 48.040565, 1843.6], [-121.14433, 48.040521, 1842.6], [-121.144364, 48.040516, 1841.3], [-121.14444, 48.040541, 1840.6], [-121.144473, 48.040529, 1841.3], [-121.144559, 48.040451, 1842.6], [-121.144609, 48.040429, 1840.9], [-121.144713, 48.040359, 1841.7], [-121.144768, 48.040279, 1842.1], [-121.144805, 48.040246, 1841.9], [-121.144883, 48.040222, 1839.0], [-121.144933, 48.040186, 1837.5], [-121.144974, 48.040151, 1837.5], [-121.145003, 48.040114, 1836.7], [-121.145084, 48.040078, 1834.5], [-121.145093, 48.04007, 1834.3], [-121.14514, 48.040062, 1830.8], [-121.145172, 48.040073, 1830.1], [-121.145186, 48.040094, 1829.6], [-121.145222, 48.040099, 1828.7], [-121.145263, 48.040079, 1828.6], [-121.145329, 48.040068, 1827.4], [-121.145417, 48.040046, 1826.6], [-121.145533, 48.04, 1824.3], [-121.145594, 48.03997, 1825.3], [-121.145656, 48.039964, 1824.1], [-121.145764, 48.039872, 1823.8], [-121.145874, 48.039814, 1823.1], [-121.145897, 48.039805, 1823.2], [-121.14594, 48.039814, 1822.4], [-121.145962, 48.039804, 1822.5], [-121.146065, 48.039748, 1824.4], [-121.146164, 48.039712, 1824.5], [-121.146178, 48.039705, 1824.2], [-121.146253, 48.039648, 1822.4], [-121.146314, 48.039642, 1823.4], [-121.146326, 48.039594, 1824.5], [-121.146336, 48.039587, 1825.3], [-121.146378, 48.039516, 1826.6], [-121.14645, 48.039468, 1826.3], [-121.146468, 48.03946, 1825.4], [-121.146508, 48.039426, 1825.9], [-121.146556, 48.039333, 1827.4], [-121.146593, 48.039285, 1826.0], [-121.146697, 48.039212, 1825.8], [-121.146687, 48.039191, 1825.8], [-121.146742, 48.039148, 1825.2], [-121.146808, 48.039066, 1826.2], [-121.146819, 48.039055, 1826.2], [-121.146885, 48.039012, 1825.7], [-121.146905, 48.038959, 1824.8], [-121.146941, 48.038921, 1825.6], [-121.146949, 48.038904, 1825.9], [-121.146986, 48.038846, 1825.0], [-121.147044, 48.038814, 1822.3], [-121.147069, 48.038788, 1821.9], [-121.147123, 48.038766, 1820.7], [-121.14716, 48.038754, 1821.4], [-121.147218, 48.038757, 1819.3], [-121.147248, 48.038747, 1819.4], [-121.147246, 48.038721, 1818.5], [-121.147225, 48.038676, 1816.4], [-121.147224, 48.038664, 1815.7], [-121.147238, 48.038636, 1816.3], [-121.147303, 48.038596, 1815.4], [-121.147351, 48.038534, 1815.1], [-121.147395, 48.038501, 1815.7], [-121.147402, 48.038482, 1815.6], [-121.147387, 48.038421, 1817.0], [-121.147391, 48.038378, 1817.1], [-121.147395, 48.038265, 1816.9], [-121.147447, 48.038202, 1815.1], [-121.147494, 48.038177, 1813.8], [-121.147544, 48.038164, 1812.6], [-121.147627, 48.038109, 1812.3], [-121.147644, 48.0381, 1811.7], [-121.147745, 48.038036, 1810.9], [-121.147784, 48.038, 1811.0], [-121.147868, 48.037946, 1809.8], [-121.147944, 48.037861, 1811.5], [-121.147954, 48.037847, 1811.4], [-121.14804, 48.037764, 1809.4], [-121.148043, 48.037722, 1810.8], [-121.148019, 48.037676, 1811.5], [-121.148007, 48.037613, 1811.6], [-121.147961, 48.037561, 1810.9], [-121.14789, 48.037505, 1810.6], [-121.147837, 48.037425, 1810.7], [-121.147823, 48.037327, 1812.1], [-121.147778, 48.037252, 1814.4], [-121.147771, 48.037214, 1813.6], [-121.147782, 48.037191, 1814.4], [-121.147776, 48.037145, 1814.1], [-121.147792, 48.037123, 1814.2], [-121.147848, 48.037092, 1812.9], [-121.147851, 48.037077, 1813.8], [-121.147871, 48.037046, 1814.3], [-121.147983, 48.036965, 1813.9], [-121.148032, 48.036894, 1813.5], [-121.148114, 48.036822, 1811.8], [-121.148121, 48.036811, 1813.6], [-121.148121, 48.036763, 1813.1], [-121.148155, 48.036722, 1813.0], [-121.148135, 48.036671, 1813.2], [-121.148133, 48.036642, 1813.3], [-121.14807, 48.036544, 1813.1], [-121.148066, 48.036493, 1812.3], [-121.14807, 48.036484, 1811.5], [-121.148083, 48.036358, 1810.5], [-121.148136, 48.036304, 1810.2], [-121.148177, 48.036215, 1809.0], [-121.148211, 48.036166, 1809.0], [-121.14826, 48.036014, 1809.2], [-121.148267, 48.035936, 1809.7], [-121.14829, 48.035848, 1807.7], [-121.148347, 48.035779, 1807.4], [-121.148422, 48.035726, 1805.0], [-121.148435, 48.035668, 1805.3], [-121.148407, 48.035654, 1806.2], [-121.148417, 48.035558, 1806.1], [-121.148422, 48.035546, 1806.3], [-121.148488, 48.035442, 1803.7], [-121.148542, 48.035404, 1803.6], [-121.148576, 48.035367, 1804.1], [-121.148593, 48.035274, 1804.6], [-121.148587, 48.035239, 1804.4], [-121.148596, 48.035226, 1803.1], [-121.148659, 48.035184, 1801.2], [-121.148689, 48.035126, 1801.4], [-121.148707, 48.035041, 1799.9], [-121.148767, 48.034952, 1799.1], [-121.148818, 48.034903, 1798.6], [-121.148838, 48.034907, 1798.2], [-121.148861, 48.034889, 1798.5], [-121.148903, 48.034811, 1800.3], [-121.148882, 48.034718, 1798.3], [-121.148885, 48.034634, 1798.4], [-121.148889, 48.034618, 1797.7], [-121.148892, 48.034549, 1797.4], [-121.148854, 48.034484, 1797.8], [-121.148874, 48.034444, 1795.5], [-121.148919, 48.034422, 1793.2], [-121.148957, 48.034458, 1793.0], [-121.148973, 48.034516, 1795.4], [-121.148972, 48.034551, 1795.3], [-121.148978, 48.034559, 1795.0], [-121.148992, 48.034614, 1796.7], [-121.149048, 48.034668, 1798.8], [-121.149116, 48.034701, 1802.4], [-121.149352, 48.034776, 1801.3], [-121.149453, 48.03481, 1802.9], [-121.149457, 48.03479, 1802.8], [-121.14942, 48.034796, 1802.5], [-121.149428, 48.034815, 1801.8], [-121.149402, 48.034792, 1803.9], [-121.149439, 48.034786, 1804.5], [-121.149364, 48.03477, 1810.3], [-121.149336, 48.034789, 1811.7], [-121.149291, 48.034789, 1817.4], [-121.149246, 48.034793, 1821.4], [-121.149249, 48.034806, 1821.3], [-121.149316, 48.034801, 1818.1], [-121.149413, 48.034835, 1812.5], [-121.149435, 48.034848, 1811.6], [-121.149516, 48.034904, 1807.0], [-121.149598, 48.034944, 1806.7], [-121.149614, 48.034955, 1805.5], [-121.149645, 48.035006, 1804.5], [-121.149688, 48.035033, 1805.2], [-121.149752, 48.035054, 1806.0], [-121.149771, 48.035076, 1807.0], [-121.149814, 48.035067, 1808.2], [-121.149867, 48.035065, 1808.2], [-121.149996, 48.035138, 1808.7], [-121.150108, 48.035194, 1807.0], [-121.150113, 48.035212, 1806.1], [-121.150157, 48.035249, 1807.3], [-121.150231, 48.035302, 1806.9], [-121.150382, 48.035366, 1805.8], [-121.150435, 48.035399, 1804.5], [-121.150465, 48.035442, 1802.7], [-121.150512, 48.035465, 1802.6], [-121.15054, 48.035491, 1804.4], [-121.150672, 48.035525, 1803.9], [-121.150771, 48.035563, 1805.5], [-121.150965, 48.035616, 1804.9], [-121.151029, 48.035657, 1804.9], [-121.151049, 48.035666, 1804.7], [-121.151252, 48.035743, 1804.6], [-121.151263, 48.035748, 1804.5], [-121.15145, 48.035816, 1802.3], [-121.151531, 48.035839, 1802.5], [-121.151663, 48.035857, 1803.0], [-121.151705, 48.035884, 1803.3], [-121.151736, 48.035879, 1803.1], [-121.151868, 48.03589, 1804.8], [-121.151953, 48.035916, 1805.0], [-121.152015, 48.035952, 1804.3], [-121.152039, 48.035991, 1805.3], [-121.152138, 48.036024, 1807.4], [-121.152244, 48.036079, 1808.6], [-121.152361, 48.036077, 1809.9], [-121.152382, 48.036074, 1809.5], [-121.152488, 48.03605, 1809.2], [-121.152566, 48.036071, 1810.4], [-121.152633, 48.03606, 1809.5], [-121.152672, 48.036084, 1809.1], [-121.152702, 48.036129, 1809.0], [-121.152788, 48.036074, 1810.8], [-121.152801, 48.036062, 1811.3], [-121.152903, 48.035991, 1809.7], [-121.152939, 48.03599, 1809.6], [-121.153001, 48.036007, 1810.0], [-121.153131, 48.036006, 1812.2], [-121.153194, 48.035984, 1812.1], [-121.153222, 48.03596, 1811.6], [-121.153328, 48.035985, 1812.1], [-121.153446, 48.035993, 1811.0], [-121.153477, 48.035988, 1811.3], [-121.153512, 48.035965, 1812.1], [-121.153726, 48.035928, 1810.2], [-121.153798, 48.035899, 1810.3], [-121.153858, 48.035897, 1809.0], [-121.153902, 48.035912, 1808.1], [-121.153948, 48.03595, 1806.4], [-121.153998, 48.035962, 1807.0], [-121.154016, 48.035963, 1806.3], [-121.154087, 48.035977, 1805.1], [-121.154155, 48.035976, 1803.8], [-121.154189, 48.035993, 1801.8], [-121.154213, 48.036036, 1802.0], [-121.154246, 48.036061, 1801.5], [-121.154347, 48.036105, 1801.5], [-121.154381, 48.036135, 1798.2], [-121.154392, 48.036151, 1797.9], [-121.154483, 48.036216, 1793.9], [-121.154581, 48.036246, 1794.7], [-121.154609, 48.036248, 1796.0], [-121.154807, 48.036242, 1794.6], [-121.154832, 48.036237, 1794.5], [-121.154882, 48.03622, 1793.9], [-121.154953, 48.036214, 1795.0], [-121.155053, 48.036238, 1793.9], [-121.155077, 48.036241, 1793.8], [-121.155161, 48.036287, 1793.1], [-121.155256, 48.036286, 1793.3], [-121.155268, 48.036255, 1793.8], [-121.155302, 48.036266, 1793.1], [-121.15541, 48.036256, 1794.1], [-121.155476, 48.036262, 1795.6], [-121.15554, 48.036281, 1795.2], [-121.155766, 48.036309, 1792.6], [-121.155829, 48.036335, 1794.3], [-121.155951, 48.036322, 1793.2], [-121.156001, 48.036346, 1793.2], [-121.156008, 48.036361, 1790.6], [-121.155991, 48.036403, 1790.2], [-121.155994, 48.036427, 1790.3], [-121.156011, 48.036444, 1789.3], [-121.156043, 48.036451, 1790.2], [-121.156132, 48.036424, 1790.7], [-121.156209, 48.036388, 1790.6], [-121.156289, 48.036326, 1792.1], [-121.156347, 48.036311, 1792.8], [-121.156453, 48.0363, 1795.4], [-121.156539, 48.036335, 1794.2], [-121.156588, 48.036344, 1795.6], [-121.156686, 48.036357, 1797.9], [-121.156717, 48.03637, 1796.8], [-121.156775, 48.036425, 1797.0], [-121.156784, 48.036466, 1797.2], [-121.156852, 48.036551, 1794.2], [-121.156923, 48.036606, 1795.7], [-121.157024, 48.036607, 1795.9], [-121.157198, 48.036562, 1800.2], [-121.157293, 48.036563, 1801.4], [-121.157429, 48.036592, 1802.3], [-121.157531, 48.036555, 1802.2], [-121.157601, 48.036504, 1800.5], [-121.157673, 48.036512, 1799.9], [-121.157762, 48.036514, 1799.9], [-121.15791, 48.036493, 1799.1], [-121.157928, 48.036492, 1798.8], [-121.157965, 48.036476, 1797.3], [-121.15789, 48.036516, 1796.0], [-121.157779, 48.036533, 1794.5], [-121.157749, 48.036539, 1795.0], [-121.15778, 48.036555, 1793.1], [-121.157848, 48.036558, 1791.9], [-121.157948, 48.036525, 1789.4], [-121.158006, 48.036489, 1789.0], [-121.158068, 48.036454, 1788.6], [-121.158187, 48.036347, 1788.2], [-121.158361, 48.036216, 1783.3], [-121.158375, 48.036203, 1783.4], [-121.158502, 48.036136, 1780.9], [-121.158568, 48.036084, 1779.7], [-121.158794, 48.035999, 1776.8], [-121.158879, 48.035962, 1777.5], [-121.158977, 48.035955, 1777.6], [-121.159039, 48.035932, 1777.6], [-121.159182, 48.035872, 1777.0], [-121.159269, 48.035857, 1776.2], [-121.159294, 48.035856, 1776.2], [-121.159546, 48.035817, 1774.2], [-121.159567, 48.035812, 1774.2], [-121.159759, 48.035731, 1771.9], [-121.159781, 48.035724, 1771.8], [-121.159845, 48.035677, 1769.2], [-121.159869, 48.03569, 1768.9], [-121.159901, 48.035693, 1769.0], [-121.160017, 48.035688, 1770.6], [-121.160064, 48.035709, 1769.0], [-121.160101, 48.035709, 1768.9], [-121.160244, 48.035658, 1766.6], [-121.160267, 48.035646, 1766.2], [-121.160338, 48.035623, 1766.0], [-121.160499, 48.035608, 1767.4], [-121.160522, 48.035611, 1766.7], [-121.160577, 48.035607, 1764.9], [-121.160713, 48.035624, 1764.4], [-121.160808, 48.03561, 1763.2], [-121.16087, 48.035611, 1762.2], [-121.160928, 48.035645, 1762.4], [-121.160977, 48.035653, 1762.2], [-121.161047, 48.035682, 1760.9], [-121.16111, 48.035691, 1759.8], [-121.161191, 48.035681, 1758.3], [-121.161322, 48.035714, 1756.1], [-121.161418, 48.035731, 1755.3], [-121.161606, 48.03571, 1756.1], [-121.161721, 48.035702, 1755.1], [-121.161849, 48.035658, 1752.3], [-121.161871, 48.035655, 1751.7], [-121.161925, 48.035665, 1750.2], [-121.161978, 48.035651, 1749.6], [-121.162011, 48.035612, 1750.9], [-121.162023, 48.035576, 1748.1], [-121.162054, 48.035557, 1748.8], [-121.162123, 48.035522, 1745.3], [-121.162152, 48.035534, 1743.4], [-121.162272, 48.035472, 1740.0], [-121.162384, 48.035373, 1737.0], [-121.162433, 48.035345, 1737.4], [-121.162453, 48.03534, 1736.5], [-121.162522, 48.035314, 1736.3], [-121.162578, 48.035308, 1735.9], [-121.162679, 48.035277, 1734.2], [-121.162726, 48.035269, 1733.3], [-121.162799, 48.035283, 1733.8], [-121.16295, 48.035258, 1735.2], [-121.163062, 48.035254, 1732.8], [-121.163159, 48.035286, 1730.9], [-121.163169, 48.035302, 1730.0], [-121.163186, 48.035352, 1729.9], [-121.163295, 48.035458, 1725.3], [-121.163304, 48.035472, 1725.6], [-121.163377, 48.035557, 1725.7], [-121.163401, 48.035599, 1725.6], [-121.163398, 48.035613, 1725.7], [-121.163528, 48.035509, 1725.2], [-121.163578, 48.035453, 1722.3], [-121.16362, 48.035424, 1721.4], [-121.163714, 48.035395, 1720.8], [-121.163947, 48.035296, 1719.5], [-121.164095, 48.035217, 1718.3], [-121.164214, 48.035181, 1717.3], [-121.164281, 48.035187, 1716.3], [-121.164302, 48.035208, 1714.3], [-121.164346, 48.035367, 1712.4], [-121.164373, 48.035394, 1712.2], [-121.164425, 48.035416, 1712.3], [-121.164518, 48.035473, 1712.3], [-121.164639, 48.035506, 1711.2], [-121.164664, 48.035495, 1711.1], [-121.164695, 48.035497, 1711.1], [-121.164903, 48.035391, 1709.0], [-121.164978, 48.035344, 1707.3], [-121.165127, 48.035279, 1702.1], [-121.165199, 48.035243, 1699.9], [-121.165364, 48.035211, 1698.8], [-121.165631, 48.035194, 1699.4], [-121.165761, 48.035204, 1700.3], [-121.165799, 48.035229, 1697.6], [-121.16585, 48.035244, 1697.3], [-121.166018, 48.035246, 1696.0], [-121.166073, 48.035258, 1696.0], [-121.166089, 48.035271, 1696.6], [-121.166167, 48.035325, 1694.0], [-121.166222, 48.035401, 1693.0], [-121.166238, 48.035411, 1693.2], [-121.166362, 48.035444, 1693.4], [-121.166437, 48.035486, 1691.8], [-121.16651, 48.035545, 1691.2], [-121.16657, 48.035566, 1689.2], [-121.16664, 48.03561, 1690.3], [-121.166652, 48.035613, 1690.9], [-121.16667, 48.035666, 1690.3], [-121.166757, 48.035722, 1690.1], [-121.166771, 48.035736, 1690.3], [-121.166776, 48.035762, 1690.6], [-121.166794, 48.035783, 1690.5], [-121.166887, 48.035909, 1685.8], [-121.166925, 48.035954, 1685.5], [-121.166975, 48.036066, 1682.6], [-121.167034, 48.036142, 1682.6], [-121.167076, 48.036224, 1681.0], [-121.167066, 48.036259, 1680.0], [-121.16708, 48.036287, 1681.6], [-121.167183, 48.036345, 1681.4], [-121.167208, 48.036357, 1681.7], [-121.167288, 48.036409, 1682.2], [-121.167388, 48.036453, 1678.9], [-121.167403, 48.036463, 1679.1], [-121.167497, 48.036479, 1678.7], [-121.167566, 48.036555, 1679.7], [-121.167573, 48.036567, 1679.7], [-121.167609, 48.036606, 1677.8], [-121.167652, 48.036633, 1679.3], [-121.167765, 48.036656, 1678.4], [-121.167862, 48.03669, 1677.3], [-121.167999, 48.036717, 1676.2], [-121.168079, 48.036713, 1677.0], [-121.168261, 48.036746, 1674.5], [-121.168382, 48.03675, 1674.6], [-121.168439, 48.036778, 1675.6], [-121.16849, 48.036818, 1676.2], [-121.168549, 48.036855, 1675.2], [-121.168571, 48.036839, 1673.8], [-121.168635, 48.036836, 1673.3], [-121.16866, 48.036838, 1671.9], [-121.168736, 48.036901, 1672.2], [-121.168761, 48.03694, 1673.0], [-121.168744, 48.037002, 1671.1], [-121.168718, 48.037058, 1667.9], [-121.168835, 48.037144, 1669.4], [-121.168845, 48.037155, 1668.9], [-121.168921, 48.037208, 1668.3], [-121.168993, 48.037235, 1667.8], [-121.169118, 48.037321, 1668.8], [-121.169207, 48.037365, 1667.0], [-121.169229, 48.037406, 1665.8], [-121.169237, 48.037447, 1665.2], [-121.169262, 48.037462, 1665.1], [-121.169412, 48.037505, 1664.2], [-121.169429, 48.037517, 1664.9], [-121.169478, 48.037567, 1664.4], [-121.169525, 48.037645, 1659.9], [-121.169537, 48.037658, 1659.4], [-121.169593, 48.037674, 1657.3], [-121.169764, 48.037677, 1654.7], [-121.169855, 48.037689, 1653.7], [-121.169938, 48.037726, 1654.8], [-121.170006, 48.037735, 1653.3], [-121.170184, 48.037774, 1649.6], [-121.170261, 48.037774, 1648.5], [-121.170292, 48.037772, 1648.6], [-121.170337, 48.037776, 1649.4], [-121.170401, 48.037801, 1649.1], [-121.170463, 48.037852, 1650.4], [-121.170508, 48.037904, 1651.8], [-121.17054, 48.037924, 1651.9], [-121.170601, 48.037943, 1650.9], [-121.170673, 48.037948, 1650.6], [-121.170752, 48.037948, 1648.7], [-121.170872, 48.037929, 1646.5], [-121.170913, 48.037935, 1646.7], [-121.171131, 48.03804, 1642.3], [-121.171215, 48.038069, 1640.4], [-121.171265, 48.03814, 1639.1], [-121.171299, 48.038143, 1637.5], [-121.171362, 48.038126, 1636.5], [-121.171388, 48.03813, 1636.1], [-121.171488, 48.038115, 1632.9], [-121.171545, 48.03812, 1632.9], [-121.171566, 48.038128, 1632.9], [-121.17169, 48.0382, 1634.8], [-121.171753, 48.038192, 1635.6], [-121.171857, 48.038145, 1634.0], [-121.171906, 48.038133, 1633.9], [-121.171929, 48.038132, 1633.8], [-121.171983, 48.038163, 1635.0], [-121.172106, 48.038169, 1634.4], [-121.172192, 48.038185, 1634.9], [-121.172268, 48.038221, 1633.7], [-121.172298, 48.038255, 1632.0], [-121.172383, 48.038282, 1632.9], [-121.172403, 48.038286, 1633.0], [-121.17256, 48.038326, 1633.6], [-121.172611, 48.038366, 1634.8], [-121.172613, 48.038376, 1635.5], [-121.172704, 48.038429, 1634.0], [-121.1729, 48.038436, 1632.6], [-121.172963, 48.038456, 1633.4], [-121.173011, 48.038454, 1632.6], [-121.173102, 48.03848, 1631.3], [-121.173148, 48.038486, 1631.4], [-121.173281, 48.03848, 1627.9], [-121.173316, 48.038485, 1627.7], [-121.173353, 48.038507, 1627.6], [-121.173426, 48.03854, 1627.9], [-121.173465, 48.038547, 1626.6], [-121.173583, 48.038538, 1624.8], [-121.173609, 48.038533, 1624.5], [-121.173836, 48.038453, 1621.9], [-121.173861, 48.03844, 1622.3], [-121.173947, 48.038427, 1622.0], [-121.174036, 48.038453, 1622.1], [-121.174108, 48.038455, 1624.3], [-121.174359, 48.03839, 1619.3], [-121.174388, 48.038385, 1618.2], [-121.174425, 48.038393, 1616.2], [-121.174471, 48.038418, 1616.8], [-121.174628, 48.038428, 1613.8], [-121.17472, 48.038449, 1612.7], [-121.174834, 48.038451, 1609.2], [-121.174903, 48.038482, 1608.1], [-121.17513, 48.038515, 1606.2], [-121.175147, 48.038515, 1605.6], [-121.175357, 48.038524, 1602.5], [-121.175375, 48.038526, 1603.1], [-121.17554, 48.038515, 1598.8], [-121.175622, 48.03853, 1598.3], [-121.17567, 48.038564, 1597.0], [-121.175757, 48.038596, 1595.9], [-121.175838, 48.038595, 1594.4], [-121.176024, 48.038608, 1592.5], [-121.176093, 48.038638, 1593.0], [-121.176144, 48.038672, 1593.6], [-121.176165, 48.038673, 1593.1], [-121.176251, 48.038646, 1591.1], [-121.176326, 48.038645, 1590.8], [-121.176403, 48.03866, 1591.5], [-121.176543, 48.038638, 1591.0], [-121.176599, 48.038631, 1590.5], [-121.17662, 48.038607, 1589.2], [-121.176655, 48.038598, 1589.7], [-121.176742, 48.038588, 1588.0], [-121.17682, 48.038604, 1586.0], [-121.176882, 48.038611, 1584.8], [-121.177068, 48.038604, 1581.4], [-121.177181, 48.038607, 1581.0], [-121.177207, 48.038622, 1578.3], [-121.177289, 48.038636, 1574.6], [-121.177344, 48.038641, 1573.5], [-121.177386, 48.038664, 1572.3], [-121.177421, 48.038662, 1573.4], [-121.177432, 48.038653, 1573.6], [-121.177436, 48.038633, 1572.8], [-121.177383, 48.038602, 1570.8], [-121.177334, 48.038531, 1570.0], [-121.177332, 48.038479, 1569.9], [-121.177309, 48.038434, 1568.3], [-121.177314, 48.038347, 1567.3], [-121.177302, 48.038305, 1568.2], [-121.177306, 48.038267, 1569.5], [-121.1773, 48.038247, 1567.7], [-121.177273, 48.038209, 1568.9], [-121.177195, 48.038163, 1567.2], [-121.177147, 48.038103, 1565.0], [-121.177049, 48.038015, 1564.0], [-121.177026, 48.037969, 1561.0], [-121.17704, 48.037923, 1562.3], [-121.177023, 48.037883, 1560.3], [-121.176905, 48.037852, 1557.2], [-121.176884, 48.037848, 1557.1], [-121.176801, 48.03782, 1555.1], [-121.176766, 48.037798, 1556.7], [-121.176689, 48.037781, 1556.9], [-121.176595, 48.037727, 1555.5], [-121.176553, 48.037675, 1553.2], [-121.176495, 48.037643, 1552.4], [-121.17639, 48.037548, 1551.7], [-121.176293, 48.037535, 1552.0], [-121.176246, 48.037512, 1551.5], [-121.176199, 48.037463, 1548.6], [-121.176172, 48.037448, 1549.6], [-121.17612, 48.03744, 1545.8], [-121.176056, 48.037399, 1545.0], [-121.176047, 48.037377, 1545.4], [-121.176058, 48.037365, 1545.7], [-121.176202, 48.03735, 1544.4], [-121.176465, 48.037341, 1546.3], [-121.176547, 48.037333, 1543.7], [-121.176568, 48.037313, 1542.6], [-121.176525, 48.037264, 1542.7], [-121.17649, 48.0372, 1539.3], [-121.176437, 48.037132, 1538.1], [-121.176321, 48.037061, 1539.4], [-121.176307, 48.037054, 1539.1], [-121.176226, 48.037043, 1540.7], [-121.1762, 48.037055, 1533.9], [-121.176174, 48.03704, 1530.8], [-121.176103, 48.036965, 1532.4], [-121.176004, 48.036894, 1530.9], [-121.175983, 48.036874, 1532.8], [-121.175977, 48.03685, 1534.0], [-121.175935, 48.036821, 1533.9], [-121.175874, 48.036755, 1530.1], [-121.175886, 48.036725, 1529.5], [-121.17594, 48.036657, 1528.9], [-121.175998, 48.036609, 1518.3], [-121.17604, 48.036559, 1517.3], [-121.176118, 48.036527, 1515.9], [-121.176265, 48.036483, 1517.7], [-121.176291, 48.036483, 1518.2], [-121.176355, 48.036506, 1517.6], [-121.17651, 48.036456, 1516.3], [-121.176581, 48.03646, 1511.0], [-121.176605, 48.036459, 1511.3], [-121.176754, 48.036479, 1508.9], [-121.176796, 48.036506, 1508.8], [-121.176841, 48.036514, 1509.2], [-121.176865, 48.03651, 1507.5], [-121.176941, 48.036461, 1505.2], [-121.176989, 48.036375, 1505.1], [-121.176985, 48.036335, 1503.3], [-121.176962, 48.036294, 1501.4], [-121.176889, 48.036239, 1498.1], [-121.176825, 48.036179, 1499.2], [-121.176735, 48.03613, 1495.0], [-121.176679, 48.036132, 1494.9], [-121.176663, 48.036128, 1494.9], [-121.176601, 48.036099, 1492.2], [-121.176563, 48.036064, 1492.2], [-121.176486, 48.03602, 1491.5], [-121.176446, 48.036013, 1491.8], [-121.176397, 48.036012, 1491.8], [-121.176346, 48.035988, 1491.9], [-121.176277, 48.035988, 1491.5], [-121.1762, 48.035958, 1490.7], [-121.176092, 48.035968, 1488.5], [-121.175947, 48.035878, 1488.1], [-121.175821, 48.035865, 1488.7], [-121.175801, 48.035854, 1488.3], [-121.175792, 48.035818, 1487.9], [-121.175779, 48.035805, 1487.9], [-121.175702, 48.035809, 1487.3], [-121.175653, 48.0358, 1485.4], [-121.175647, 48.035781, 1485.0], [-121.175663, 48.035762, 1483.6], [-121.175714, 48.035763, 1479.5], [-121.175784, 48.035743, 1486.2], [-121.175812, 48.035731, 1489.0], [-121.175889, 48.03569, 1490.5], [-121.176029, 48.035643, 1483.6], [-121.176053, 48.035641, 1483.4], [-121.17612, 48.035645, 1482.8], [-121.176273, 48.035613, 1479.8], [-121.176327, 48.035613, 1479.0], [-121.176343, 48.035616, 1477.5], [-121.176373, 48.035642, 1478.0], [-121.176444, 48.035656, 1479.7], [-121.176585, 48.035634, 1481.4], [-121.17677, 48.035604, 1481.8], [-121.17682, 48.03561, 1480.2], [-121.176848, 48.035605, 1480.0], [-121.176895, 48.035608, 1479.5], [-121.177019, 48.035578, 1474.3], [-121.177095, 48.035588, 1471.7], [-121.177145, 48.0356, 1471.0], [-121.17726, 48.035573, 1469.3], [-121.177353, 48.035575, 1468.3], [-121.177434, 48.035587, 1468.7], [-121.177513, 48.035625, 1467.9], [-121.17762, 48.035611, 1466.4], [-121.177721, 48.035611, 1467.0], [-121.177758, 48.035621, 1466.3], [-121.177814, 48.035654, 1461.5], [-121.177835, 48.035688, 1458.1], [-121.177845, 48.035693, 1457.9], [-121.177876, 48.035667, 1458.6], [-121.177912, 48.035585, 1457.5], [-121.177901, 48.035547, 1458.0], [-121.17788, 48.03554, 1457.6], [-121.17782, 48.03547, 1459.8], [-121.177754, 48.03541, 1457.6], [-121.17774, 48.0354, 1456.6], [-121.177652, 48.035365, 1453.6], [-121.177637, 48.035353, 1453.6], [-121.177607, 48.035295, 1453.7], [-121.177594, 48.035279, 1453.7], [-121.177502, 48.035205, 1449.2], [-121.177452, 48.03519, 1448.6], [-121.177381, 48.035187, 1447.7], [-121.177283, 48.035168, 1447.1], [-121.177177, 48.035103, 1449.1], [-121.177139, 48.03504, 1448.7], [-121.177121, 48.035027, 1447.6], [-121.17704, 48.035009, 1444.5], [-121.177001, 48.034972, 1440.7], [-121.176969, 48.034955, 1441.3], [-121.176882, 48.034942, 1442.8], [-121.176818, 48.034919, 1444.4], [-121.176786, 48.034895, 1444.8], [-121.176777, 48.034881, 1444.4], [-121.176724, 48.034832, 1439.8], [-121.176575, 48.034812, 1440.2], [-121.176536, 48.03479, 1438.5], [-121.176526, 48.034754, 1438.6], [-121.176478, 48.034708, 1437.1], [-121.176355, 48.034666, 1437.8], [-121.176332, 48.034656, 1437.0], [-121.176251, 48.034604, 1436.6], [-121.17615, 48.034561, 1437.7], [-121.176072, 48.034558, 1438.5], [-121.176037, 48.034573, 1438.6], [-121.17603, 48.034541, 1434.0], [-121.176, 48.0345, 1433.4], [-121.175894, 48.034409, 1429.6], [-121.175843, 48.034389, 1431.7], [-121.175797, 48.034352, 1431.6], [-121.17576, 48.034286, 1427.4], [-121.175732, 48.034269, 1426.5], [-121.175656, 48.03425, 1421.2], [-121.175604, 48.034249, 1418.9], [-121.175492, 48.034224, 1417.4], [-121.17542, 48.034178, 1412.9], [-121.175364, 48.03418, 1412.0], [-121.175272, 48.034173, 1410.0], [-121.175254, 48.034136, 1410.3], [-121.175237, 48.034127, 1411.8], [-121.175279, 48.034076, 1408.6], [-121.175294, 48.034062, 1408.5], [-121.17534, 48.034008, 1409.1], [-121.175453, 48.033951, 1405.5], [-121.175488, 48.033907, 1407.6], [-121.175501, 48.033852, 1408.5], [-121.175537, 48.033819, 1407.5], [-121.17566, 48.033772, 1407.5], [-121.175718, 48.033744, 1405.3], [-121.175745, 48.033696, 1406.4], [-121.175782, 48.033668, 1407.0], [-121.175792, 48.033639, 1407.8], [-121.175789, 48.033628, 1408.5], [-121.175756, 48.0336, 1406.7], [-121.175715, 48.033542, 1405.0], [-121.175632, 48.033543, 1402.4], [-121.175596, 48.033564, 1401.3], [-121.17538, 48.033493, 1396.6], [-121.175353, 48.033443, 1394.5], [-121.175353, 48.033377, 1389.7], [-121.175332, 48.033317, 1390.1], [-121.175329, 48.033301, 1389.8], [-121.175284, 48.033225, 1391.2], [-121.175252, 48.033192, 1389.2], [-121.175261, 48.033151, 1387.3], [-121.175249, 48.033111, 1385.5], [-121.175228, 48.03309, 1384.3], [-121.175235, 48.033075, 1386.0], [-121.1753, 48.03303, 1383.7], [-121.175367, 48.033016, 1384.4], [-121.175483, 48.032981, 1383.8], [-121.175544, 48.032933, 1383.5], [-121.175637, 48.032894, 1380.7], [-121.175808, 48.032873, 1376.5], [-121.175821, 48.032869, 1375.9], [-121.175937, 48.032845, 1378.7], [-121.176033, 48.032861, 1379.8], [-121.176046, 48.032865, 1380.5], [-121.176159, 48.032867, 1377.9], [-121.176214, 48.032882, 1375.6], [-121.176285, 48.032857, 1372.2], [-121.176434, 48.032786, 1366.2], [-121.176498, 48.03277, 1364.1], [-121.176584, 48.032724, 1364.0], [-121.176721, 48.032674, 1361.3], [-121.176823, 48.032627, 1361.2], [-121.176915, 48.032604, 1361.1], [-121.176976, 48.032574, 1360.8], [-121.177129, 48.032552, 1359.9], [-121.177206, 48.032503, 1361.7], [-121.177232, 48.032498, 1360.7], [-121.177311, 48.032466, 1358.2], [-121.177349, 48.032479, 1357.9], [-121.177403, 48.032463, 1356.2], [-121.177454, 48.032474, 1355.5], [-121.177473, 48.032491, 1355.7], [-121.177497, 48.032491, 1355.3], [-121.177554, 48.032478, 1355.3], [-121.17761, 48.032498, 1355.4], [-121.17767, 48.032477, 1352.2], [-121.177707, 48.032485, 1349.9], [-121.177819, 48.032518, 1347.6], [-121.177866, 48.032512, 1346.6], [-121.177917, 48.032487, 1348.9], [-121.177931, 48.032477, 1350.3], [-121.178016, 48.032434, 1347.7], [-121.178092, 48.032419, 1347.5], [-121.178143, 48.032425, 1344.8], [-121.17818, 48.032444, 1345.8], [-121.178207, 48.032439, 1345.3], [-121.178396, 48.032347, 1346.9], [-121.178477, 48.032336, 1344.5], [-121.178568, 48.032352, 1342.2], [-121.178656, 48.032351, 1340.5], [-121.17883, 48.032366, 1339.2], [-121.178895, 48.032357, 1339.4], [-121.178915, 48.03235, 1338.7], [-121.179062, 48.032343, 1334.1], [-121.179154, 48.032314, 1333.1], [-121.179172, 48.032311, 1333.5], [-121.179302, 48.032408, 1328.5], [-121.179361, 48.032438, 1330.2], [-121.179413, 48.032452, 1330.4], [-121.179641, 48.032365, 1326.8], [-121.179652, 48.032357, 1326.2], [-121.179757, 48.032328, 1326.0], [-121.179917, 48.032328, 1326.3], [-121.179943, 48.032329, 1326.6], [-121.179987, 48.032318, 1325.9], [-121.179987, 48.032298, 1325.7], [-121.179975, 48.032282, 1324.6], [-121.179984, 48.032237, 1323.4], [-121.180043, 48.032191, 1319.4], [-121.180116, 48.032139, 1318.3], [-121.180264, 48.032137, 1315.2], [-121.18028, 48.032141, 1313.7], [-121.18041, 48.032133, 1312.1], [-121.180558, 48.03217, 1308.4], [-121.18061, 48.032173, 1307.8], [-121.180682, 48.032225, 1307.0], [-121.180771, 48.032243, 1310.4], [-121.180813, 48.032245, 1311.7], [-121.180914, 48.032234, 1307.7], [-121.18105, 48.032239, 1307.4], [-121.181093, 48.03226, 1304.7], [-121.181123, 48.032264, 1304.2], [-121.181267, 48.032261, 1304.8], [-121.181294, 48.032259, 1304.4], [-121.1814, 48.032273, 1304.2], [-121.181543, 48.032317, 1302.3], [-121.181592, 48.032338, 1301.9], [-121.181662, 48.032459, 1298.4], [-121.181665, 48.032474, 1297.4], [-121.181696, 48.0325, 1296.4], [-121.181715, 48.032501, 1297.6], [-121.181811, 48.03247, 1297.9], [-121.181882, 48.032471, 1297.7], [-121.181987, 48.032469, 1298.8], [-121.182098, 48.032496, 1297.2], [-121.182176, 48.032522, 1296.8], [-121.182314, 48.032531, 1294.9], [-121.18239, 48.032547, 1292.1], [-121.182419, 48.032566, 1290.2], [-121.182444, 48.032594, 1289.7], [-121.182491, 48.03262, 1288.2], [-121.182502, 48.032647, 1287.5], [-121.182565, 48.032686, 1287.6], [-121.182673, 48.032715, 1287.2], [-121.182709, 48.032744, 1283.8], [-121.182724, 48.032751, 1285.3], [-121.182814, 48.032759, 1284.7], [-121.182944, 48.032814, 1283.5], [-121.183001, 48.032818, 1285.0], [-121.183054, 48.032832, 1284.5], [-121.183148, 48.032891, 1282.4], [-121.183173, 48.032919, 1283.0], [-121.183171, 48.03295, 1282.6], [-121.183194, 48.033022, 1283.0], [-121.183233, 48.033021, 1284.0], [-121.183239, 48.032972, 1282.0], [-121.183231, 48.032966, 1281.5], [-121.18324, 48.032903, 1283.6], [-121.183252, 48.03288, 1275.5], [-121.183177, 48.032829, 1276.2], [-121.183168, 48.032814, 1276.5], [-121.183141, 48.032719, 1279.6], [-121.183042, 48.032651, 1273.0], [-121.182969, 48.032586, 1269.4], [-121.182867, 48.03253, 1269.6], [-121.182828, 48.032453, 1269.7], [-121.182804, 48.032368, 1271.4], [-121.182769, 48.032329, 1269.7], [-121.18271, 48.032289, 1270.6], [-121.182676, 48.032276, 1270.4], [-121.182652, 48.032239, 1269.0], [-121.18264, 48.032227, 1269.5], [-121.182559, 48.032189, 1264.0], [-121.182502, 48.032175, 1260.5], [-121.182451, 48.032103, 1259.9], [-121.182397, 48.032065, 1262.2], [-121.182411, 48.032044, 1263.5], [-121.182497, 48.032053, 1264.1], [-121.18273, 48.032122, 1257.2], [-121.182739, 48.032123, 1257.0], [-121.182835, 48.032173, 1257.2], [-121.182926, 48.032189, 1256.1], [-121.182949, 48.032191, 1256.2], [-121.183106, 48.032241, 1252.8], [-121.183159, 48.032278, 1250.4], [-121.183192, 48.032294, 1250.1], [-121.183216, 48.03234, 1248.4], [-121.183287, 48.032346, 1244.4], [-121.183381, 48.032381, 1244.7], [-121.183412, 48.032416, 1243.2], [-121.183494, 48.032414, 1244.1], [-121.183587, 48.032425, 1242.8], [-121.183607, 48.032424, 1242.2], [-121.183657, 48.032436, 1241.7], [-121.183775, 48.032506, 1240.4], [-121.183782, 48.032483, 1236.5], [-121.183728, 48.032467, 1233.6], [-121.183648, 48.032492, 1229.5], [-121.183584, 48.032401, 1226.5], [-121.183573, 48.032388, 1225.1], [-121.183486, 48.032324, 1225.0], [-121.183486, 48.032296, 1224.9], [-121.183536, 48.032266, 1225.7], [-121.183571, 48.032258, 1224.5], [-121.183688, 48.032275, 1226.3], [-121.18376, 48.032265, 1225.5], [-121.1838, 48.032272, 1223.2], [-121.18384, 48.032308, 1222.5], [-121.183837, 48.032324, 1219.5], [-121.183872, 48.032332, 1220.5], [-121.183882, 48.032314, 1219.5], [-121.183847, 48.032267, 1217.8], [-121.183796, 48.03226, 1215.1], [-121.183717, 48.032217, 1212.1], [-121.183683, 48.032107, 1210.7], [-121.18367, 48.032083, 1210.6], [-121.183628, 48.032047, 1211.6], [-121.183557, 48.03202, 1210.1], [-121.183482, 48.031965, 1213.3], [-121.183484, 48.03196, 1211.2], [-121.183628, 48.031946, 1206.2], [-121.183735, 48.031952, 1206.1], [-121.183759, 48.03196, 1205.2], [-121.183921, 48.032039, 1200.2], [-121.183933, 48.032053, 1199.5], [-121.183926, 48.032077, 1199.8], [-121.183989, 48.032174, 1199.2], [-121.184023, 48.032187, 1200.7], [-121.184049, 48.032184, 1200.8], [-121.184096, 48.032145, 1201.9], [-121.184124, 48.032118, 1202.4], [-121.184068, 48.032061, 1202.0], [-121.184047, 48.031988, 1198.9], [-121.184039, 48.031972, 1198.7], [-121.184036, 48.031937, 1196.3], [-121.18402, 48.031922, 1195.7], [-121.183872, 48.031871, 1195.2], [-121.183795, 48.031851, 1193.7], [-121.183645, 48.031785, 1192.1], [-121.183709, 48.031778, 1193.7], [-121.183772, 48.031763, 1194.8], [-121.183931, 48.031771, 1187.4], [-121.183996, 48.031811, 1187.9], [-121.184156, 48.03184, 1186.2], [-121.184188, 48.031863, 1186.4], [-121.184307, 48.03191, 1184.3], [-121.18438, 48.031964, 1182.2], [-121.184396, 48.031966, 1182.4], [-121.184422, 48.031949, 1181.9], [-121.184425, 48.031879, 1182.6], [-121.184444, 48.031818, 1184.5], [-121.184428, 48.031794, 1182.9], [-121.184415, 48.03175, 1181.8], [-121.184305, 48.031674, 1178.7], [-121.184294, 48.031663, 1177.3], [-121.184131, 48.031521, 1168.7], [-121.18411, 48.031509, 1165.8], [-121.184137, 48.031497, 1165.1], [-121.184132, 48.031426, 1168.8], [-121.184145, 48.031389, 1170.0], [-121.184129, 48.031352, 1166.5], [-121.184154, 48.031346, 1163.8], [-121.18424, 48.031354, 1163.0], [-121.184269, 48.031364, 1163.3], [-121.18429, 48.031415, 1161.3], [-121.184349, 48.031452, 1159.8], [-121.184417, 48.031458, 1158.5], [-121.184465, 48.03148, 1157.9], [-121.184515, 48.031489, 1157.4], [-121.184603, 48.031547, 1153.9], [-121.184676, 48.031566, 1154.0], [-121.184705, 48.031596, 1153.9], [-121.18474, 48.031642, 1152.5], [-121.18481, 48.031696, 1153.4], [-121.184838, 48.031742, 1152.0], [-121.184879, 48.031761, 1151.9], [-121.185093, 48.031746, 1149.5], [-121.185121, 48.031747, 1149.4], [-121.185277, 48.031763, 1148.1], [-121.185312, 48.031775, 1148.1], [-121.185338, 48.031803, 1147.5], [-121.185358, 48.03181, 1146.6], [-121.185419, 48.031812, 1146.8], [-121.185533, 48.031845, 1147.1], [-121.18562, 48.031846, 1146.2], [-121.185779, 48.031818, 1141.0], [-121.185753, 48.031804, 1139.9], [-121.185711, 48.031751, 1139.1], [-121.185699, 48.031775, 1136.3], [-121.18566, 48.03178, 1134.1], [-121.185666, 48.03176, 1136.1], [-121.185636, 48.031707, 1130.7], [-121.18564, 48.031657, 1131.2], [-121.185542, 48.031583, 1124.5], [-121.185458, 48.031538, 1121.8], [-121.185439, 48.031525, 1122.6], [-121.185385, 48.031476, 1122.7], [-121.185312, 48.031435, 1119.8], [-121.185291, 48.031386, 1120.5], [-121.185267, 48.031209, 1118.7], [-121.185262, 48.031199, 1118.5], [-121.185213, 48.031041, 1116.9], [-121.185174, 48.030993, 1116.2], [-121.185134, 48.030908, 1115.1], [-121.185113, 48.030839, 1113.2], [-121.185132, 48.03078, 1112.8], [-121.18511, 48.030724, 1109.3], [-121.185099, 48.030711, 1109.6], [-121.18497, 48.030575, 1108.6], [-121.184949, 48.030572, 1107.9], [-121.184916, 48.030524, 1099.4], [-121.184912, 48.030497, 1100.1], [-121.184864, 48.030408, 1097.3], [-121.184872, 48.030378, 1096.2], [-121.184865, 48.030352, 1095.4], [-121.184831, 48.030311, 1099.9], [-121.184739, 48.030281, 1096.5], [-121.184726, 48.030274, 1094.6], [-121.184648, 48.030174, 1096.8], [-121.184601, 48.030129, 1096.9], [-121.184554, 48.030072, 1098.2], [-121.18447, 48.030036, 1097.8], [-121.184473, 48.030012, 1098.2], [-121.184519, 48.029993, 1097.8], [-121.184537, 48.029989, 1098.1], [-121.18459, 48.029968, 1093.8], [-121.184623, 48.029967, 1092.2], [-121.184727, 48.029938, 1090.7], [-121.184763, 48.029953, 1087.7], [-121.184807, 48.02999, 1085.5], [-121.184869, 48.030003, 1084.7], [-121.184923, 48.030032, 1083.3], [-121.185017, 48.030032, 1081.2], [-121.185089, 48.030042, 1078.3], [-121.185115, 48.030059, 1077.8], [-121.18515, 48.030063, 1077.4], [-121.185246, 48.030049, 1075.3], [-121.185274, 48.030063, 1074.7], [-121.185289, 48.030097, 1074.0], [-121.185332, 48.030119, 1071.7], [-121.185485, 48.030145, 1066.3], [-121.185551, 48.030158, 1064.5], [-121.185642, 48.030134, 1065.4], [-121.18573, 48.030135, 1063.7], [-121.1858, 48.030147, 1062.1], [-121.185934, 48.03013, 1055.3], [-121.185966, 48.030133, 1054.5], [-121.18603, 48.030163, 1054.7], [-121.186106, 48.030169, 1053.4], [-121.186191, 48.030201, 1050.5], [-121.186268, 48.030213, 1050.6], [-121.186285, 48.030224, 1051.9], [-121.186309, 48.030251, 1052.5], [-121.186351, 48.030274, 1052.2], [-121.186518, 48.030302, 1050.1], [-121.186665, 48.0303, 1048.4], [-121.186764, 48.030315, 1047.4], [-121.18677, 48.030318, 1047.3], [-121.186785, 48.030298, 1043.7], [-121.186679, 48.03016, 1043.0], [-121.186671, 48.030152, 1042.5], [-121.186603, 48.030103, 1041.6], [-121.186581, 48.030066, 1041.1], [-121.186572, 48.030019, 1039.3], [-121.186544, 48.029995, 1038.7], [-121.186507, 48.029977, 1037.4], [-121.186454, 48.029905, 1037.6], [-121.186426, 48.029898, 1033.9], [-121.186357, 48.029902, 1034.6], [-121.186331, 48.029901, 1035.4], [-121.186244, 48.029884, 1033.4], [-121.186146, 48.029818, 1032.6], [-121.186132, 48.029811, 1033.4], [-121.186021, 48.029741, 1030.6], [-121.185962, 48.029683, 1031.2], [-121.185914, 48.029628, 1032.6], [-121.185878, 48.029475, 1034.1], [-121.185893, 48.029493, 1019.6], [-121.186054, 48.029534, 1015.2], [-121.186077, 48.029573, 1013.6], [-121.186139, 48.029614, 1011.7], [-121.18617, 48.029624, 1009.5], [-121.186249, 48.029612, 1010.2], [-121.186286, 48.029578, 1011.0], [-121.18633, 48.029564, 1008.7], [-121.186348, 48.029565, 1006.7], [-121.186435, 48.029591, 1006.6], [-121.186465, 48.029591, 1016.5], [-121.1865, 48.02955, 1012.8], [-121.186498, 48.029533, 1011.7], [-121.186459, 48.029509, 1010.8], [-121.186314, 48.029464, 1010.1], [-121.18629, 48.029449, 1007.6], [-121.186276, 48.029428, 1010.3], [-121.18631, 48.029391, 1007.2], [-121.186291, 48.029368, 1009.4], [-121.186224, 48.02934, 1003.2], [-121.186249, 48.02932, 1004.2], [-121.186222, 48.029305, 1004.3], [-121.186235, 48.029284, 1008.1], [-121.186209, 48.02926, 1002.6], [-121.186206, 48.029264, 999.6], [-121.186121, 48.029225, 1001.1], [-121.186117, 48.029208, 1001.1], [-121.186146, 48.029195, 999.9], [-121.186216, 48.029209, 997.9], [-121.186225, 48.029235, 996.5], [-121.186347, 48.029191, 995.6], [-121.186375, 48.0292, 991.1], [-121.186489, 48.02917, 990.6], [-121.186525, 48.029176, 989.6], [-121.186582, 48.029145, 991.4], [-121.18666, 48.029141, 987.3], [-121.186675, 48.029156, 987.8], [-121.186748, 48.029145, 987.6], [-121.186904, 48.029149, 990.0], [-121.186926, 48.029162, 989.1], [-121.186966, 48.029196, 988.9], [-121.187043, 48.029191, 987.8], [-121.18708, 48.0292, 986.8], [-121.187089, 48.029222, 979.8], [-121.187131, 48.029235, 974.8], [-121.187144, 48.029243, 974.2], [-121.187193, 48.029257, 973.9], [-121.187224, 48.029301, 971.9], [-121.18725, 48.029311, 969.1], [-121.187278, 48.029349, 968.3], [-121.187311, 48.029371, 968.1], [-121.187583, 48.029464, 971.4], [-121.187656, 48.029481, 968.2], [-121.187686, 48.029475, 967.3], [-121.187722, 48.029483, 967.8], [-121.187755, 48.029471, 965.4], [-121.187871, 48.02948, 961.9], [-121.187879, 48.029485, 961.5], [-121.187955, 48.029509, 959.1], [-121.188095, 48.029524, 959.1], [-121.188115, 48.029524, 958.3], [-121.188194, 48.029532, 958.5], [-121.18826, 48.029566, 957.3], [-121.188362, 48.029579, 956.4], [-121.188446, 48.029573, 954.8], [-121.188499, 48.029553, 953.4], [-121.188566, 48.029563, 949.4], [-121.188622, 48.029558, 949.8], [-121.188683, 48.029593, 948.4], [-121.188787, 48.029615, 945.5], [-121.188855, 48.029642, 943.7], [-121.189007, 48.029719, 942.2], [-121.189037, 48.029753, 943.5], [-121.189085, 48.029772, 946.3], [-121.189304, 48.029841, 949.9], [-121.189337, 48.029848, 950.4], [-121.189438, 48.029896, 954.2], [-121.1895, 48.029964, 957.5], [-121.189546, 48.029975, 958.7], [-121.189562, 48.029985, 958.9], [-121.189642, 48.030055, 951.4], [-121.189745, 48.030088, 946.8], [-121.189857, 48.030067, 940.5], [-121.189952, 48.030069, 936.7], [-121.190024, 48.030059, 935.9], [-121.190069, 48.030064, 931.4], [-121.190136, 48.030046, 930.1], [-121.190229, 48.030063, 928.9], [-121.190254, 48.030064, 928.6], [-121.190579, 48.030115, 920.5], [-121.190597, 48.030108, 920.7], [-121.190788, 48.030143, 921.5], [-121.190886, 48.030226, 920.6], [-121.190893, 48.030249, 919.5], [-121.190918, 48.030269, 919.8], [-121.191005, 48.030307, 921.0], [-121.19104, 48.030324, 921.9], [-121.1911, 48.030305, 922.9], [-121.191257, 48.030305, 921.2], [-121.191278, 48.030302, 920.9], [-121.191354, 48.030301, 919.0], [-121.191426, 48.03034, 911.5], [-121.191516, 48.030359, 909.6], [-121.191691, 48.03039, 908.5], [-121.19183, 48.030441, 907.5], [-121.191891, 48.030438, 907.8], [-121.19194, 48.030454, 906.3], [-121.192016, 48.030497, 907.1], [-121.192038, 48.030543, 905.0], [-121.192122, 48.030595, 905.4], [-121.192185, 48.030602, 906.4], [-121.192277, 48.030637, 902.3], [-121.192297, 48.030651, 902.9], [-121.192365, 48.030688, 903.5], [-121.192554, 48.030724, 907.7], [-121.192623, 48.030748, 908.3], [-121.192689, 48.030785, 908.5], [-121.19282, 48.030818, 908.8], [-121.192903, 48.030857, 907.6], [-121.193041, 48.030895, 905.3], [-121.193154, 48.030919, 907.9], [-121.193201, 48.030962, 908.4], [-121.19323, 48.031032, 902.3], [-121.193236, 48.031033, 901.7], [-121.193279, 48.031107, 897.6], [-121.19333, 48.031132, 895.6], [-121.193377, 48.031173, 897.0], [-121.193441, 48.031199, 897.7], [-121.193511, 48.031247, 898.5], [-121.193516, 48.031271, 896.1], [-121.193504, 48.031298, 893.1], [-121.193505, 48.03131, 892.3], [-121.193561, 48.031357, 888.7], [-121.19368, 48.031405, 891.2], [-121.193711, 48.031471, 890.8], [-121.193709, 48.031492, 890.9], [-121.193727, 48.031542, 888.6], [-121.193718, 48.031564, 886.7], [-121.193841, 48.031613, 882.4], [-121.193862, 48.031626, 882.4], [-121.193908, 48.031645, 882.4], [-121.194027, 48.031649, 886.5], [-121.194111, 48.031672, 885.8], [-121.19421, 48.031721, 889.4], [-121.194263, 48.03173, 886.1], [-121.194295, 48.031716, 885.2], [-121.194354, 48.031721, 886.7], [-121.194419, 48.031706, 885.9], [-121.194488, 48.031706, 883.2], [-121.19457, 48.031741, 883.7], [-121.194697, 48.031775, 881.0], [-121.194767, 48.031813, 878.4], [-121.194833, 48.03183, 879.3], [-121.19492, 48.031843, 877.5], [-121.195014, 48.03189, 877.6], [-121.195172, 48.031927, 877.4], [-121.1952, 48.031946, 876.0], [-121.195322, 48.031979, 875.1], [-121.195345, 48.031987, 876.3], [-121.19542, 48.032031, 875.3], [-121.195534, 48.032067, 877.1], [-121.195598, 48.032072, 875.8], [-121.195702, 48.032074, 876.0], [-121.195761, 48.032125, 874.7], [-121.195856, 48.032195, 876.1], [-121.195889, 48.032231, 878.0], [-121.19593, 48.032246, 878.8], [-121.196023, 48.032304, 875.9], [-121.196068, 48.032353, 879.2], [-121.196105, 48.03237, 879.0], [-121.196106, 48.032375, 879.3], [-121.196144, 48.032396, 879.4], [-121.196266, 48.032432, 880.2], [-121.196301, 48.032456, 879.8], [-121.196314, 48.032491, 878.0], [-121.196384, 48.032571, 879.8], [-121.196445, 48.032587, 878.1], [-121.196464, 48.032587, 878.0], [-121.196504, 48.032616, 880.0], [-121.196523, 48.032708, 881.6], [-121.196559, 48.032718, 883.5], [-121.196554, 48.032772, 884.1], [-121.196575, 48.032852, 884.4], [-121.196564, 48.032886, 883.6], [-121.196571, 48.032905, 884.0], [-121.1966, 48.032927, 881.8], [-121.196617, 48.032933, 881.9], [-121.196663, 48.032938, 882.6], [-121.196691, 48.033018, 875.0], [-121.196787, 48.033058, 872.7], [-121.196806, 48.033073, 872.8], [-121.196812, 48.033107, 873.5], [-121.196799, 48.033135, 874.1], [-121.196862, 48.033211, 874.2], [-121.196871, 48.033248, 876.0], [-121.196909, 48.033279, 879.5], [-121.197003, 48.033305, 880.4], [-121.197141, 48.033309, 880.0], [-121.197218, 48.033326, 881.2], [-121.197345, 48.0334, 879.9], [-121.197376, 48.033479, 885.0], [-121.19749, 48.033555, 885.9], [-121.197621, 48.033582, 884.0], [-121.197698, 48.033611, 884.2], [-121.197712, 48.033623, 885.3], [-121.197756, 48.033638, 888.9], [-121.197857, 48.033621, 889.4], [-121.197937, 48.033643, 887.6], [-121.197992, 48.033689, 890.1], [-121.198062, 48.03372, 893.5], [-121.198122, 48.033767, 893.5], [-121.198143, 48.033772, 894.3], [-121.198198, 48.033767, 893.7], [-121.198222, 48.033789, 892.3], [-121.198195, 48.033805, 891.9], [-121.198187, 48.03383, 891.0], [-121.198204, 48.033853, 891.8], [-121.19831, 48.033882, 888.6], [-121.198359, 48.033919, 889.9], [-121.198393, 48.033932, 890.9], [-121.198669, 48.033967, 882.7], [-121.198719, 48.034016, 882.3], [-121.19873, 48.034022, 883.1], [-121.198857, 48.03412, 883.1], [-121.198861, 48.034182, 882.8], [-121.198894, 48.034186, 891.0], [-121.198917, 48.034243, 893.2], [-121.198991, 48.034299, 890.3], [-121.19901, 48.034311, 890.4], [-121.199137, 48.034376, 889.5], [-121.199265, 48.034423, 889.2], [-121.199285, 48.034424, 889.1], [-121.199312, 48.034448, 889.0], [-121.199327, 48.034489, 890.4], [-121.199346, 48.034509, 886.1], [-121.199437, 48.034552, 883.4], [-121.199481, 48.034565, 882.6], [-121.199593, 48.034584, 885.4], [-121.19962, 48.034601, 885.6], [-121.199684, 48.034614, 882.9], [-121.199706, 48.034656, 883.9], [-121.199737, 48.034674, 885.1], [-121.199921, 48.034716, 884.1], [-121.20001, 48.034723, 881.4], [-121.200042, 48.034736, 880.6], [-121.200104, 48.034781, 883.5], [-121.200125, 48.034826, 883.1], [-121.200175, 48.034863, 882.1], [-121.200209, 48.034911, 881.8], [-121.200254, 48.034942, 878.9], [-121.200287, 48.034948, 879.3], [-121.200357, 48.034983, 878.9], [-121.200396, 48.035032, 874.6], [-121.200401, 48.035044, 872.8], [-121.200462, 48.0351, 871.5], [-121.200574, 48.035153, 870.9], [-121.200761, 48.035167, 868.3], [-121.200849, 48.03519, 870.9], [-121.200876, 48.035206, 872.1], [-121.201168, 48.035327, 876.2], [-121.201189, 48.035355, 879.8], [-121.201323, 48.035428, 877.5], [-121.20135, 48.03544, 877.0], [-121.201404, 48.035479, 877.1], [-121.201505, 48.035582, 883.7], [-121.20152, 48.035593, 884.3], [-121.201576, 48.03562, 888.2], [-121.201615, 48.035686, 888.7], [-121.201653, 48.035705, 889.2], [-121.201802, 48.035723, 890.0], [-121.201886, 48.035777, 888.0], [-121.201946, 48.035807, 887.7], [-121.202021, 48.035825, 882.7], [-121.2021, 48.035869, 883.6], [-121.20212, 48.035877, 882.8], [-121.202192, 48.035928, 881.9], [-121.202206, 48.035953, 880.5], [-121.202204, 48.036002, 883.8], [-121.202229, 48.03603, 879.3], [-121.202249, 48.036041, 879.3], [-121.20236, 48.036083, 876.3], [-121.202398, 48.036138, 878.3], [-121.202525, 48.036186, 869.4], [-121.202669, 48.036239, 868.6], [-121.20291, 48.036359, 874.5], [-121.203063, 48.036385, 876.3], [-121.203188, 48.036445, 877.6], [-121.203207, 48.036473, 879.9], [-121.203226, 48.036485, 880.0], [-121.203318, 48.036481, 880.0], [-121.203323, 48.03651, 882.3], [-121.203406, 48.03659, 877.6], [-121.203503, 48.03665, 879.5], [-121.203563, 48.036645, 878.2], [-121.203637, 48.036667, 880.1], [-121.203652, 48.036665, 880.0], [-121.203847, 48.036724, 877.7], [-121.203881, 48.036738, 878.3], [-121.203889, 48.036763, 878.4], [-121.203909, 48.036783, 879.5], [-121.203933, 48.036792, 878.8], [-121.204076, 48.036798, 880.6], [-121.204151, 48.036847, 871.1], [-121.204209, 48.036891, 874.9], [-121.204333, 48.036947, 872.9], [-121.204338, 48.036978, 872.3], [-121.204483, 48.037022, 872.2], [-121.204523, 48.037067, 874.5], [-121.204576, 48.037093, 872.6], [-121.204662, 48.037109, 871.3], [-121.204774, 48.037166, 870.6], [-121.204925, 48.037185, 873.0], [-121.205035, 48.037204, 873.8], [-121.205012, 48.037225, 874.3], [-121.205062, 48.037309, 862.2], [-121.205074, 48.037352, 860.8], [-121.205159, 48.037431, 857.7], [-121.205288, 48.037498, 857.8], [-121.20531, 48.037517, 857.4], [-121.205409, 48.037594, 854.8], [-121.205503, 48.037652, 857.5], [-121.205523, 48.037661, 857.7], [-121.205612, 48.037677, 858.3], [-121.205592, 48.037692, 857.2], [-121.205595, 48.037718, 856.9], [-121.205676, 48.037766, 858.8], [-121.205691, 48.037773, 860.5], [-121.205736, 48.037811, 857.1], [-121.205789, 48.037826, 857.5], [-121.20585, 48.037894, 857.8], [-121.205937, 48.037961, 856.3], [-121.205997, 48.038057, 856.3], [-121.206064, 48.038106, 860.7], [-121.206071, 48.03812, 860.3], [-121.20606, 48.038144, 860.9], [-121.206096, 48.03819, 857.3], [-121.206176, 48.038207, 856.7], [-121.206255, 48.038229, 857.2], [-121.20632, 48.03823, 859.5], [-121.206353, 48.038264, 857.4], [-121.206419, 48.038286, 856.8], [-121.20643, 48.038282, 856.6], [-121.206481, 48.038321, 856.7], [-121.206603, 48.038385, 860.1], [-121.206644, 48.038396, 859.8], [-121.206677, 48.038437, 859.8], [-121.206697, 48.038549, 854.8], [-121.206752, 48.038621, 857.2], [-121.206742, 48.038642, 857.6], [-121.206753, 48.038703, 856.2], [-121.206803, 48.038813, 858.4], [-121.206794, 48.038839, 857.3], [-121.206836, 48.038892, 859.8], [-121.206837, 48.038901, 859.5], [-121.206859, 48.038923, 861.2], [-121.206932, 48.038952, 862.2], [-121.207011, 48.039013, 865.8], [-121.207014, 48.039012, 865.9], [-121.207115, 48.039052, 867.9], [-121.207187, 48.039057, 868.1], [-121.207269, 48.039087, 869.3], [-121.207316, 48.039111, 868.3], [-121.207504, 48.039158, 870.0], [-121.20762, 48.039214, 871.9], [-121.207624, 48.039245, 872.2], [-121.207737, 48.039283, 871.6], [-121.207829, 48.039345, 873.8], [-121.207853, 48.039388, 872.3], [-121.207894, 48.039413, 869.8], [-121.207952, 48.03943, 866.2], [-121.208015, 48.039483, 869.2], [-121.208079, 48.0395, 871.2], [-121.208103, 48.039504, 871.5], [-121.208226, 48.039532, 875.9], [-121.208318, 48.039582, 874.6], [-121.20834, 48.039592, 875.8], [-121.208378, 48.039641, 877.4], [-121.208378, 48.039698, 874.2], [-121.208396, 48.039745, 872.5], [-121.208455, 48.039795, 868.9], [-121.20849, 48.039807, 866.0], [-121.20855, 48.039858, 867.7], [-121.208581, 48.039875, 866.4], [-121.208622, 48.039881, 867.1], [-121.208651, 48.039891, 870.1], [-121.20882, 48.04, 867.7], [-121.208876, 48.040055, 866.3], [-121.208889, 48.04009, 863.3], [-121.208944, 48.04012, 863.4], [-121.209024, 48.040153, 865.6], [-121.209127, 48.04016, 868.2], [-121.209204, 48.040183, 870.2], [-121.209288, 48.040221, 867.9], [-121.209292, 48.040248, 864.8], [-121.209316, 48.040268, 868.0], [-121.209342, 48.040264, 867.3], [-121.209397, 48.04028, 865.7], [-121.209417, 48.040292, 870.0], [-121.209447, 48.040339, 868.7], [-121.209425, 48.040437, 862.1], [-121.209433, 48.040487, 863.7], [-121.209464, 48.040534, 864.4], [-121.209535, 48.040602, 864.2], [-121.209563, 48.040647, 862.5], [-121.209604, 48.040658, 862.0], [-121.209641, 48.040739, 864.0], [-121.209688, 48.040786, 863.9], [-121.209769, 48.040804, 865.8], [-121.209876, 48.040811, 865.4], [-121.209925, 48.040845, 864.4], [-121.210083, 48.040916, 861.7], [-121.210145, 48.040922, 861.9], [-121.210264, 48.040914, 862.5], [-121.210395, 48.04093, 862.1], [-121.210437, 48.040949, 860.7], [-121.210464, 48.04098, 860.9], [-121.210496, 48.041004, 862.0], [-121.210587, 48.041014, 860.8], [-121.210691, 48.041047, 862.6], [-121.210714, 48.04105, 863.9], [-121.210945, 48.041003, 866.5], [-121.210994, 48.041025, 862.6], [-121.211037, 48.041062, 861.9], [-121.211103, 48.041089, 862.9], [-121.211166, 48.041143, 861.4], [-121.211183, 48.041155, 861.1], [-121.211276, 48.041178, 858.0], [-121.211403, 48.041243, 862.0], [-121.211511, 48.041264, 861.3], [-121.211557, 48.041289, 860.6], [-121.211611, 48.041339, 859.0], [-121.211651, 48.041371, 856.3], [-121.211699, 48.041433, 853.0], [-121.211766, 48.041462, 853.1], [-121.211786, 48.041475, 853.2], [-121.212042, 48.041562, 858.6], [-121.21208, 48.041555, 860.0], [-121.212123, 48.041575, 858.2], [-121.212157, 48.041604, 855.3], [-121.212163, 48.041632, 853.5], [-121.212206, 48.041655, 852.4], [-121.212225, 48.041659, 852.4], [-121.212335, 48.041712, 852.2], [-121.212469, 48.041723, 849.9], [-121.212522, 48.041726, 852.1], [-121.212602, 48.041766, 848.6], [-121.212713, 48.041779, 850.3], [-121.212736, 48.041777, 851.1], [-121.212857, 48.041789, 852.3], [-121.212927, 48.041828, 853.7], [-121.213024, 48.041874, 851.1], [-121.213059, 48.041875, 852.1], [-121.213081, 48.041855, 851.1], [-121.213105, 48.041875, 852.1], [-121.213211, 48.041889, 846.7], [-121.213251, 48.041919, 845.5], [-121.213376, 48.041951, 841.8], [-121.213421, 48.04196, 844.3], [-121.213532, 48.041954, 846.9], [-121.213619, 48.041987, 848.0], [-121.21374, 48.042012, 848.4], [-121.213835, 48.042002, 848.9], [-121.213862, 48.042005, 849.1], [-121.213939, 48.042027, 847.7], [-121.213985, 48.042053, 849.1], [-121.214079, 48.042057, 852.2], [-121.214113, 48.042084, 852.0], [-121.214134, 48.042119, 850.8], [-121.21418, 48.042144, 855.1], [-121.214249, 48.042137, 856.8], [-121.21419, 48.042181, 866.3], [-121.214183, 48.042155, 875.0], [-121.214221, 48.04216, 887.2], [-121.214238, 48.04215, 884.9], [-121.214383, 48.042166, 873.9], [-121.214431, 48.042207, 868.4], [-121.214492, 48.042231, 863.6], [-121.214571, 48.042274, 858.3], [-121.214677, 48.042417, 850.2], [-121.214638, 48.042403, 851.1], [-121.214498, 48.042392, 849.6], [-121.214471, 48.042381, 848.4], [-121.214479, 48.042368, 846.5], [-121.214561, 48.042344, 844.5], [-121.214621, 48.042351, 839.9], [-121.214668, 48.042387, 837.7], [-121.214762, 48.04242, 840.2], [-121.214813, 48.042444, 840.8], [-121.214905, 48.042458, 840.7], [-121.215011, 48.042492, 842.3], [-121.215091, 48.042458, 839.8], [-121.215157, 48.042406, 840.3], [-121.215191, 48.042402, 841.8], [-121.215211, 48.042423, 841.7], [-121.215181, 48.042443, 841.1], [-121.215145, 48.042443, 845.1], [-121.215132, 48.04242, 847.1], [-121.215149, 48.042376, 847.1], [-121.215173, 48.042377, 848.9], [-121.215226, 48.042357, 844.7], [-121.215315, 48.042451, 843.9], [-121.215405, 48.042506, 842.5], [-121.215595, 48.042592, 841.5], [-121.21573, 48.042656, 836.3], [-121.215784, 48.042707, 838.6], [-121.215847, 48.042724, 841.3], [-121.215858, 48.04274, 842.2], [-121.215828, 48.042808, 844.3], [-121.21583, 48.042852, 843.5], [-121.215836, 48.042861, 843.5], [-121.215849, 48.04291, 841.4], [-121.21587, 48.042945, 840.3], [-121.215973, 48.043004, 839.8], [-121.216092, 48.043083, 839.6], [-121.216105, 48.043115, 840.0], [-121.216184, 48.043188, 843.3], [-121.216199, 48.043205, 845.7], [-121.21641, 48.043297, 841.9], [-121.216436, 48.04331, 842.8], [-121.216547, 48.043376, 840.5], [-121.21658, 48.043383, 842.0], [-121.216638, 48.043359, 839.3], [-121.216676, 48.043361, 839.4], [-121.216716, 48.043394, 842.0], [-121.216781, 48.043423, 841.0], [-121.216875, 48.043423, 839.6], [-121.216893, 48.043421, 838.8], [-121.216973, 48.043441, 843.5], [-121.217078, 48.043443, 843.3], [-121.217117, 48.043437, 842.0], [-121.217153, 48.043408, 841.4], [-121.217168, 48.043407, 840.1], [-121.217233, 48.043436, 839.4], [-121.217347, 48.043511, 841.6], [-121.217506, 48.043563, 842.9], [-121.217547, 48.04355, 844.1], [-121.217625, 48.043531, 840.9], [-121.21766, 48.043541, 841.1], [-121.217743, 48.04348, 841.5], [-121.217813, 48.043471, 839.3], [-121.217824, 48.043464, 837.7], [-121.217873, 48.043458, 834.4], [-121.217891, 48.043439, 835.3], [-121.217894, 48.043419, 834.2], [-121.217923, 48.043428, 836.8], [-121.218008, 48.043512, 837.2], [-121.218068, 48.043545, 837.6], [-121.218155, 48.043572, 835.4], [-121.218264, 48.043578, 832.6], [-121.218292, 48.043588, 832.5], [-121.218393, 48.04367, 827.3], [-121.218435, 48.043688, 827.2], [-121.218495, 48.043636, 827.1], [-121.218631, 48.043663, 831.6], [-121.218735, 48.043666, 835.2], [-121.2188, 48.043686, 836.2], [-121.218902, 48.043693, 837.0], [-121.218963, 48.043736, 835.2], [-121.219086, 48.043794, 831.9], [-121.219192, 48.043832, 836.0], [-121.219255, 48.043812, 837.7], [-121.219386, 48.043805, 835.9], [-121.219427, 48.043815, 836.5], [-121.219452, 48.043835, 837.3], [-121.219552, 48.043835, 836.4], [-121.219637, 48.043843, 836.0], [-121.219694, 48.04383, 839.4], [-121.219784, 48.043847, 841.9], [-121.219897, 48.043851, 842.8], [-121.220109, 48.043842, 850.9], [-121.220214, 48.043858, 848.2], [-121.220237, 48.043866, 845.8], [-121.220278, 48.043911, 846.8], [-121.220405, 48.043943, 847.0], [-121.220455, 48.043948, 848.1], [-121.220556, 48.043935, 850.4], [-121.220563, 48.043938, 852.1], [-121.220584, 48.043975, 849.9], [-121.220655, 48.044023, 847.2], [-121.220745, 48.044055, 846.1], [-121.220797, 48.044055, 848.9], [-121.220897, 48.044051, 847.1], [-121.221005, 48.044079, 846.4], [-121.221065, 48.04408, 846.1], [-121.221144, 48.044065, 845.1], [-121.2212, 48.044034, 844.2], [-121.221299, 48.044024, 841.9], [-121.221411, 48.043968, 842.4], [-121.221424, 48.043956, 843.5], [-121.221463, 48.043906, 841.5], [-121.221491, 48.043908, 839.8], [-121.22159, 48.043986, 834.8], [-121.221678, 48.043979, 836.9], [-121.221706, 48.043956, 835.7], [-121.22178, 48.043879, 837.6], [-121.221881, 48.043859, 836.9], [-121.222067, 48.043771, 838.9], [-121.222205, 48.043753, 839.0], [-121.222212, 48.043763, 837.8], [-121.222265, 48.043759, 839.3], [-121.222352, 48.043809, 840.6], [-121.222363, 48.043805, 841.6], [-121.222425, 48.043888, 846.2], [-121.22244, 48.043901, 847.3], [-121.222464, 48.043894, 847.8], [-121.222486, 48.043865, 849.1], [-121.222526, 48.043864, 847.9], [-121.22254, 48.043885, 853.4], [-121.222524, 48.043911, 852.0], [-121.222483, 48.043924, 852.7], [-121.22256, 48.043912, 854.0], [-121.222609, 48.043911, 853.4], [-121.22279, 48.043933, 856.3], [-121.223091, 48.044009, 857.8], [-121.223106, 48.043936, 860.5], [-121.223133, 48.043914, 861.3], [-121.223165, 48.043913, 860.4], [-121.223219, 48.043943, 859.8], [-121.223315, 48.043935, 857.9], [-121.223353, 48.043943, 857.0], [-121.223413, 48.043983, 857.4], [-121.223436, 48.044026, 857.4], [-121.223448, 48.044034, 857.1], [-121.223524, 48.044037, 857.5], [-121.223596, 48.043995, 855.0], [-121.223682, 48.043997, 858.1], [-121.223733, 48.04403, 857.7], [-121.223758, 48.044035, 858.1], [-121.223807, 48.043994, 860.2], [-121.223859, 48.044026, 856.7], [-121.223919, 48.04404, 854.6], [-121.223951, 48.044028, 855.4], [-121.224106, 48.044051, 854.2], [-121.224146, 48.044047, 856.2], [-121.22424, 48.044073, 858.0], [-121.224265, 48.044057, 855.5], [-121.224377, 48.044039, 858.0], [-121.224526, 48.044042, 855.7], [-121.2246, 48.044016, 854.8], [-121.224704, 48.043996, 853.1], [-121.224717, 48.043992, 851.6], [-121.224761, 48.044004, 845.2], [-121.224782, 48.044024, 844.5], [-121.224845, 48.044021, 842.7], [-121.224891, 48.043999, 841.7], [-121.224972, 48.043986, 843.1], [-121.225103, 48.04392, 843.2], [-121.225135, 48.043942, 843.0], [-121.225308, 48.043955, 841.9], [-121.225275, 48.043922, 839.4], [-121.225308, 48.043897, 836.6], [-121.225367, 48.043932, 831.6], [-121.225372, 48.043978, 827.4], [-121.225507, 48.04403, 825.0], [-121.225575, 48.044097, 826.9], [-121.225685, 48.044118, 826.5], [-121.22578, 48.044041, 829.6], [-121.226002, 48.04401, 830.7], [-121.226018, 48.04401, 831.1], [-121.226111, 48.04404, 836.4], [-121.226198, 48.044084, 835.6], [-121.226483, 48.04408, 831.4], [-121.226586, 48.044106, 832.5], [-121.226708, 48.044111, 832.4], [-121.226855, 48.044028, 830.4], [-121.226882, 48.044022, 831.1], [-121.227019, 48.044012, 835.0], [-121.227277, 48.044083, 836.5], [-121.227304, 48.044064, 839.6], [-121.227306, 48.043962, 842.7], [-121.227356, 48.043959, 843.2], [-121.227456, 48.044065, 847.2], [-121.227538, 48.044083, 849.8], [-121.227608, 48.04405, 846.8], [-121.227625, 48.044028, 842.3], [-121.227701, 48.044009, 845.6], [-121.227761, 48.04401, 843.7], [-121.227774, 48.043961, 843.7], [-121.227849, 48.043963, 844.9], [-121.227853, 48.043971, 844.0], [-121.228102, 48.043983, 839.8], [-121.228294, 48.043973, 832.4], [-121.228379, 48.043947, 828.8], [-121.228411, 48.043949, 829.0], [-121.228474, 48.043974, 828.5], [-121.22862, 48.044083, 832.4], [-121.228738, 48.044109, 832.6], [-121.228791, 48.044095, 831.2], [-121.22881, 48.044083, 829.3], [-121.228912, 48.04403, 828.9], [-121.229074, 48.044013, 828.9], [-121.229161, 48.044021, 831.5], [-121.229184, 48.044165, 829.2], [-121.229199, 48.044184, 829.3], [-121.229376, 48.044178, 831.0], [-121.229477, 48.044149, 831.8], [-121.229554, 48.0442, 834.7], [-121.229563, 48.044209, 835.6], [-121.229604, 48.044232, 837.2], [-121.229661, 48.044245, 836.1], [-121.229748, 48.044252, 836.5], [-121.229825, 48.044184, 836.7], [-121.229887, 48.044103, 839.0], [-121.229931, 48.044054, 838.2], [-121.230054, 48.043859, 841.1], [-121.230148, 48.04394, 842.8], [-121.23021, 48.043981, 848.2], [-121.230244, 48.043989, 849.2], [-121.230232, 48.044112, 849.5], [-121.230344, 48.044006, 850.8], [-121.230514, 48.043937, 852.8], [-121.230557, 48.043895, 857.8], [-121.230586, 48.043894, 858.3], [-121.230607, 48.043863, 855.0], [-121.230661, 48.043887, 861.5], [-121.230674, 48.043821, 861.2], [-121.230694, 48.043801, 860.3], [-121.23069, 48.043764, 855.4], [-121.230724, 48.043707, 848.0], [-121.230821, 48.043614, 847.5], [-121.230846, 48.043601, 847.6], [-121.230874, 48.043577, 849.0], [-121.230902, 48.043546, 849.0], [-121.231173, 48.043394, 850.0], [-121.23126, 48.043417, 843.3], [-121.231284, 48.043414, 839.6], [-121.231317, 48.04339, 840.6], [-121.231313, 48.043367, 838.2], [-121.231332, 48.043328, 833.2], [-121.231377, 48.043288, 829.2], [-121.231449, 48.043284, 827.2], [-121.23148, 48.043268, 828.2], [-121.231494, 48.043244, 825.5], [-121.231564, 48.043231, 825.8], [-121.231655, 48.043222, 824.7], [-121.231682, 48.043181, 821.2], [-121.23173, 48.04316, 821.7], [-121.231775, 48.04315, 818.0], [-121.231859, 48.043155, 818.9], [-121.231884, 48.043146, 816.3], [-121.231946, 48.043131, 816.7], [-121.232119, 48.043128, 817.0], [-121.232165, 48.043146, 819.2], [-121.232356, 48.043134, 821.4], [-121.232376, 48.043135, 821.3], [-121.232549, 48.043119, 822.2], [-121.232621, 48.043123, 818.4], [-121.232638, 48.043142, 817.1], [-121.232707, 48.043173, 817.9], [-121.232823, 48.043175, 820.2], [-121.232872, 48.0432, 820.7], [-121.232915, 48.043235, 821.8], [-121.232991, 48.043224, 823.0], [-121.233043, 48.043194, 820.8], [-121.233078, 48.043191, 819.9], [-121.233147, 48.043222, 818.4], [-121.233167, 48.043223, 817.3], [-121.233196, 48.043247, 815.5], [-121.233217, 48.043299, 812.4], [-121.233306, 48.043336, 815.6], [-121.233459, 48.043384, 812.2], [-121.233559, 48.043401, 812.7], [-121.233585, 48.043413, 813.7], [-121.23373, 48.043507, 816.7], [-121.233754, 48.043515, 813.1], [-121.233827, 48.043514, 815.4], [-121.233898, 48.043539, 817.6], [-121.233961, 48.043565, 814.3], [-121.234013, 48.043551, 813.4], [-121.234177, 48.043561, 811.7], [-121.234289, 48.043559, 816.8], [-121.234386, 48.043632, 822.0], [-121.234406, 48.043644, 822.2], [-121.234464, 48.043703, 822.4], [-121.234559, 48.043722, 820.9], [-121.234575, 48.043757, 823.7], [-121.234606, 48.043781, 821.0], [-121.234636, 48.043846, 822.5], [-121.234676, 48.043874, 824.7], [-121.234705, 48.043913, 829.5], [-121.234741, 48.043932, 830.7], [-121.234793, 48.043984, 830.7], [-121.234845, 48.044005, 831.4], [-121.234901, 48.044114, 834.6], [-121.234927, 48.04411, 835.4], [-121.235002, 48.044138, 839.2], [-121.235016, 48.044183, 839.8], [-121.235, 48.04424, 839.9], [-121.235146, 48.044207, 839.1], [-121.235179, 48.04432, 839.1], [-121.235231, 48.044365, 838.1], [-121.235276, 48.044359, 839.4], [-121.235393, 48.044396, 837.7], [-121.235497, 48.0444, 842.3], [-121.235592, 48.044391, 842.0], [-121.235719, 48.044403, 840.8], [-121.235714, 48.044407, 840.7], [-121.235794, 48.044442, 826.8], [-121.236007, 48.044363, 827.9], [-121.236048, 48.044359, 829.0], [-121.236129, 48.044312, 828.6], [-121.236205, 48.044285, 828.3], [-121.236434, 48.044149, 827.5], [-121.236413, 48.044143, 827.8], [-121.236462, 48.044125, 828.9], [-121.236476, 48.044135, 828.9], [-121.236476, 48.044147, 828.3], [-121.236422, 48.044204, 831.1], [-121.23637, 48.044205, 824.5], [-121.236382, 48.044144, 823.5], [-121.236234, 48.04415, 820.8], [-121.235975, 48.044263, 818.7], [-121.235868, 48.044379, 818.1], [-121.235826, 48.044387, 818.4], [-121.235715, 48.044355, 817.8], [-121.236029, 48.044145, 819.4], [-121.236126, 48.043995, 813.5], [-121.236128, 48.043965, 813.5], [-121.236202, 48.043939, 815.5], [-121.236216, 48.043904, 816.8], [-121.236102, 48.044252, 820.0], [-121.236128, 48.044245, 821.5], [-121.2364, 48.044065, 827.9], [-121.236422, 48.044115, 826.6], [-121.236265, 48.044311, 828.0], [-121.236407, 48.044286, 824.2], [-121.236457, 48.044253, 818.2], [-121.236515, 48.044252, 820.9], [-121.236573, 48.044262, 823.1], [-121.236591, 48.044279, 822.4], [-121.236608, 48.044306, 820.7], [-121.236653, 48.044342, 821.2], [-121.236684, 48.044351, 820.9], [-121.236863, 48.044291, 820.2], [-121.237071, 48.044273, 825.6], [-121.2371, 48.044268, 826.3], [-121.237168, 48.044237, 825.2], [-121.237262, 48.044256, 825.5], [-121.237487, 48.044368, 827.7], [-121.23778, 48.044401, 828.9], [-121.237835, 48.044501, 829.6], [-121.237868, 48.044503, 823.6], [-121.237914, 48.044534, 819.9], [-121.237979, 48.044515, 814.2], [-121.238006, 48.044482, 814.3], [-121.238041, 48.044469, 813.6], [-121.238156, 48.044465, 814.4], [-121.238164, 48.044482, 816.0], [-121.238147, 48.044501, 815.2], [-121.238107, 48.044518, 812.7], [-121.238157, 48.044542, 818.0], [-121.238407, 48.044425, 819.2], [-121.238537, 48.044378, 818.4], [-121.238834, 48.044228, 818.0], [-121.238883, 48.044211, 819.3], [-121.238924, 48.044203, 819.3], [-121.239172, 48.044254, 816.7], [-121.239193, 48.044273, 817.0], [-121.239279, 48.044532, 816.9], [-121.239304, 48.044537, 819.9], [-121.239405, 48.044608, 823.3], [-121.239504, 48.044655, 824.2], [-121.239549, 48.044656, 825.0], [-121.239667, 48.04457, 821.2], [-121.239704, 48.044568, 821.9], [-121.239742, 48.044598, 822.0], [-121.240063, 48.044621, 823.1], [-121.240107, 48.044638, 823.7], [-121.240124, 48.044653, 823.8], [-121.240178, 48.044718, 823.8], [-121.240203, 48.044729, 820.4], [-121.240308, 48.044666, 817.6], [-121.240419, 48.044623, 817.1], [-121.240479, 48.044577, 813.7], [-121.240874, 48.044266, 810.4], [-121.240822, 48.044607, 811.1], [-121.240844, 48.044703, 813.5], [-121.240904, 48.044707, 811.5], [-121.240974, 48.044691, 810.3], [-121.241021, 48.044644, 807.3], [-121.241142, 48.044621, 805.8], [-121.241559, 48.044579, 810.6], [-121.241595, 48.04457, 807.5], [-121.241824, 48.044486, 803.0], [-121.241951, 48.044532, 790.5], [-121.242006, 48.044516, 791.2], [-121.242095, 48.044464, 791.7], [-121.242157, 48.044441, 790.5], [-121.24219, 48.044449, 790.5], [-121.242207, 48.044443, 790.2], [-121.242266, 48.044385, 789.8], [-121.242407, 48.044218, 794.0], [-121.242506, 48.044197, 793.4], [-121.242549, 48.044206, 792.9], [-121.242561, 48.044215, 792.9], [-121.242611, 48.044236, 791.3], [-121.242645, 48.044235, 791.5], [-121.242691, 48.044205, 792.9], [-121.242776, 48.044191, 792.1], [-121.242863, 48.044203, 794.7], [-121.242891, 48.044221, 795.4], [-121.243064, 48.044266, 783.8], [-121.243175, 48.044256, 781.6], [-121.243205, 48.044278, 780.6], [-121.243207, 48.044392, 782.4], [-121.243237, 48.044433, 784.0], [-121.243237, 48.044481, 785.7], [-121.243258, 48.044511, 786.9], [-121.243302, 48.044541, 788.1], [-121.243401, 48.044564, 788.3], [-121.243418, 48.04457, 788.0], [-121.243497, 48.044589, 785.3], [-121.243659, 48.044651, 795.9], [-121.243793, 48.044662, 794.1], [-121.243792, 48.044682, 795.3], [-121.243836, 48.044802, 794.2], [-121.243841, 48.044834, 794.9], [-121.24384, 48.044876, 795.0], [-121.243855, 48.044922, 795.5], [-121.243963, 48.044989, 795.7], [-121.244115, 48.044936, 797.7], [-121.244259, 48.044816, 797.1], [-121.24446, 48.044884, 797.0], [-121.244475, 48.044996, 795.8], [-121.2445, 48.045089, 796.4], [-121.244654, 48.045239, 793.6], [-121.244715, 48.045244, 790.7], [-121.244835, 48.045344, 794.0], [-121.244837, 48.04539, 797.5], [-121.244859, 48.045408, 798.6], [-121.244888, 48.045415, 798.4], [-121.24496, 48.04539, 801.0], [-121.245248, 48.045334, 799.1], [-121.245168, 48.045752, 793.5], [-121.245193, 48.045758, 795.8], [-121.245453, 48.045745, 791.0], [-121.245518, 48.045731, 789.1], [-121.245645, 48.045744, 780.5], [-121.245719, 48.045736, 783.3], [-121.245786, 48.045751, 783.2], [-121.24587, 48.045736, 780.4], [-121.245917, 48.045798, 777.5], [-121.245954, 48.045827, 776.1], [-121.245898, 48.04591, 776.9], [-121.245916, 48.045911, 777.8], [-121.245934, 48.045928, 776.8], [-121.245957, 48.045933, 777.8], [-121.246063, 48.045944, 773.5], [-121.246258, 48.04581, 770.8], [-121.246292, 48.045838, 770.2], [-121.24638, 48.045833, 770.5], [-121.246608, 48.045765, 766.8], [-121.246705, 48.04573, 769.2], [-121.246928, 48.04561, 766.7], [-121.246951, 48.04561, 768.4], [-121.247041, 48.045732, 760.2], [-121.247117, 48.045808, 757.5], [-121.247147, 48.045832, 758.6], [-121.247318, 48.045922, 760.0], [-121.247355, 48.04608, 756.2], [-121.247392, 48.046125, 755.7], [-121.24755, 48.046164, 756.5], [-121.247575, 48.046172, 755.3], [-121.247601, 48.046173, 753.2], [-121.247688, 48.046139, 751.1], [-121.247773, 48.04609, 753.5], [-121.247813, 48.046091, 757.1], [-121.247824, 48.04612, 757.4], [-121.247954, 48.046204, 759.1], [-121.247999, 48.046255, 764.9], [-121.248018, 48.046258, 764.1], [-121.24805, 48.046252, 764.6], [-121.248291, 48.04609, 764.7], [-121.248338, 48.046073, 767.3], [-121.248344, 48.046107, 766.6], [-121.248433, 48.046309, 771.1], [-121.248477, 48.046367, 770.5], [-121.248546, 48.046306, 767.8], [-121.24857, 48.046281, 764.6], [-121.24853, 48.046196, 764.8], [-121.248529, 48.046173, 763.9], [-121.248554, 48.046144, 764.3], [-121.248575, 48.046091, 764.3], [-121.248577, 48.046067, 764.2], [-121.248554, 48.046019, 758.1], [-121.248558, 48.046004, 757.5], [-121.248706, 48.045994, 748.8], [-121.248802, 48.045973, 742.9], [-121.248848, 48.046125, 747.0], [-121.248844, 48.046205, 745.7], [-121.248899, 48.046277, 747.9], [-121.249017, 48.046219, 747.8], [-121.249058, 48.046258, 748.3], [-121.249055, 48.046275, 750.1], [-121.249086, 48.046284, 751.9], [-121.249111, 48.046273, 751.8], [-121.249155, 48.04626, 753.0], [-121.249189, 48.046254, 753.6], [-121.249206, 48.046289, 756.5], [-121.249269, 48.046352, 755.9], [-121.249348, 48.046557, 753.6], [-121.249327, 48.046611, 753.2], [-121.249348, 48.046672, 751.6], [-121.2494, 48.046671, 749.8], [-121.249438, 48.046704, 750.1], [-121.249514, 48.04672, 756.0], [-121.249554, 48.046706, 755.9], [-121.249622, 48.046652, 754.9], [-121.249665, 48.046591, 755.3], [-121.249695, 48.046575, 755.8], [-121.249717, 48.046573, 755.6], [-121.249781, 48.046584, 755.6], [-121.249705, 48.046712, 761.2], [-121.249696, 48.046737, 760.2], [-121.249711, 48.046794, 759.9], [-121.249978, 48.046748, 764.8], [-121.249996, 48.046773, 765.5], [-121.250011, 48.046778, 767.3], [-121.250022, 48.04708, 769.4], [-121.250116, 48.04704, 771.3], [-121.250425, 48.046822, 775.3], [-121.250463, 48.046825, 761.9], [-121.250567, 48.046793, 757.1], [-121.250598, 48.046812, 755.9], [-121.25063, 48.046859, 752.1], [-121.250687, 48.046885, 751.1], [-121.250861, 48.046842, 743.6], [-121.250986, 48.046825, 738.2], [-121.251025, 48.046875, 739.3], [-121.251043, 48.046923, 736.0], [-121.251161, 48.047007, 727.3], [-121.251293, 48.047031, 724.5], [-121.251351, 48.047052, 723.0], [-121.251448, 48.047036, 722.3], [-121.25153, 48.047008, 724.2], [-121.251586, 48.047006, 724.1], [-121.251655, 48.047062, 723.3], [-121.251658, 48.047095, 723.7], [-121.251695, 48.047113, 723.5], [-121.251725, 48.04714, 723.6], [-121.251805, 48.047178, 721.4], [-121.251911, 48.047189, 717.8], [-121.252271, 48.047191, 719.4], [-121.252353, 48.047162, 719.9], [-121.252425, 48.047153, 717.7], [-121.252542, 48.047193, 714.4], [-121.252611, 48.047199, 715.9], [-121.25268, 48.047212, 716.5], [-121.25281, 48.047175, 720.7], [-121.252881, 48.047191, 720.9], [-121.252901, 48.047205, 720.0], [-121.252931, 48.047217, 720.4], [-121.253024, 48.047277, 723.7], [-121.253243, 48.047345, 724.3], [-121.253278, 48.047388, 725.7], [-121.253325, 48.047405, 727.0], [-121.25334, 48.047414, 727.7], [-121.253391, 48.047485, 732.1], [-121.253429, 48.047488, 730.0], [-121.253538, 48.047415, 730.1], [-121.253585, 48.047404, 731.1], [-121.253759, 48.047308, 731.7], [-121.253798, 48.047309, 728.6], [-121.253844, 48.04737, 729.2], [-121.254007, 48.047311, 724.3], [-121.254067, 48.0473, 723.3], [-121.254155, 48.047319, 722.1], [-121.254353, 48.047247, 726.4], [-121.254378, 48.047275, 728.2], [-121.254395, 48.04737, 730.3], [-121.254451, 48.047425, 727.7], [-121.25448, 48.047429, 728.3], [-121.254585, 48.047391, 728.1], [-121.254833, 48.047367, 726.5], [-121.254917, 48.047377, 725.7], [-121.254969, 48.047372, 725.6], [-121.254971, 48.047493, 721.1], [-121.254954, 48.047524, 719.9], [-121.254974, 48.047597, 726.3], [-121.255006, 48.047636, 725.6], [-121.255011, 48.047671, 723.6], [-121.255055, 48.047692, 723.0], [-121.255107, 48.047688, 724.4], [-121.25524, 48.047774, 725.7], [-121.255238, 48.047797, 723.1], [-121.255416, 48.047799, 730.3], [-121.255485, 48.047786, 731.5], [-121.255506, 48.047788, 733.1], [-121.255543, 48.04781, 730.4], [-121.255618, 48.047818, 729.6], [-121.255723, 48.047797, 729.7], [-121.255831, 48.047811, 728.2], [-121.255845, 48.04781, 726.9], [-121.255882, 48.047831, 726.9], [-121.256, 48.047859, 726.9], [-121.256084, 48.047844, 729.9], [-121.25621, 48.047886, 738.4], [-121.256272, 48.04789, 742.7], [-121.256285, 48.047897, 741.4], [-121.256367, 48.047966, 742.9], [-121.256385, 48.048028, 745.9], [-121.256366, 48.048137, 745.1], [-121.256364, 48.048226, 744.2], [-121.256456, 48.048212, 745.5], [-121.256483, 48.048206, 746.7], [-121.256623, 48.048207, 746.6], [-121.256735, 48.048192, 747.3], [-121.256779, 48.048212, 744.8], [-121.256828, 48.0482, 744.1], [-121.256941, 48.048156, 740.7], [-121.256959, 48.048174, 739.9], [-121.256979, 48.048254, 735.9], [-121.257161, 48.048169, 733.5], [-121.25722, 48.048136, 732.9], [-121.257243, 48.048142, 730.4], [-121.257287, 48.048166, 728.6], [-121.257362, 48.048234, 727.9], [-121.257378, 48.04824, 728.3], [-121.257531, 48.048244, 729.0], [-121.257601, 48.048257, 727.6], [-121.257695, 48.048376, 727.8], [-121.257888, 48.048503, 732.7], [-121.258174, 48.048417, 739.2], [-121.258361, 48.048406, 734.7], [-121.258359, 48.048425, 734.6], [-121.258389, 48.048511, 730.6], [-121.258463, 48.048574, 729.8], [-121.258557, 48.048624, 729.6], [-121.258588, 48.048629, 729.7], [-121.258643, 48.048612, 729.7], [-121.258688, 48.048581, 730.6], [-121.258722, 48.048566, 729.3], [-121.258854, 48.048672, 729.3], [-121.258877, 48.048708, 730.3], [-121.258961, 48.04876, 730.0], [-121.259052, 48.048749, 727.7], [-121.259117, 48.048694, 727.6], [-121.259157, 48.048682, 727.8], [-121.259202, 48.048756, 728.1], [-121.259222, 48.048838, 727.4], [-121.259217, 48.048895, 726.5], [-121.259262, 48.048885, 725.0], [-121.259395, 48.048911, 722.3], [-121.259411, 48.048926, 722.5], [-121.259455, 48.048933, 719.9], [-121.259588, 48.049106, 720.3], [-121.259808, 48.049144, 720.6], [-121.260123, 48.049158, 716.8], [-121.260156, 48.049175, 715.2], [-121.260181, 48.049173, 714.3], [-121.260418, 48.049132, 717.6], [-121.260439, 48.049154, 716.8], [-121.260437, 48.049172, 713.6], [-121.26047, 48.049187, 714.3], [-121.260484, 48.049213, 715.1], [-121.260493, 48.049216, 714.9], [-121.260603, 48.049223, 711.0], [-121.260749, 48.049271, 706.8], [-121.260858, 48.049297, 708.9], [-121.260964, 48.049359, 709.6], [-121.261016, 48.049376, 712.0], [-121.261124, 48.04935, 715.4], [-121.261151, 48.049337, 716.0], [-121.261243, 48.049401, 721.3], [-121.26131, 48.049409, 720.7], [-121.261489, 48.049538, 716.6], [-121.261608, 48.049516, 713.1], [-121.261661, 48.049517, 713.0], [-121.261677, 48.049521, 712.9], [-121.261832, 48.049594, 712.3], [-121.261978, 48.049555, 710.3], [-121.262065, 48.049519, 710.2], [-121.262111, 48.049524, 708.1], [-121.262124, 48.049532, 707.1], [-121.262196, 48.049601, 706.1], [-121.262285, 48.04961, 706.8], [-121.26246, 48.04959, 705.5], [-121.262475, 48.04959, 705.5], [-121.262592, 48.049751, 701.4], [-121.262598, 48.049772, 701.3], [-121.262659, 48.049782, 702.3], [-121.262739, 48.049834, 703.4], [-121.262772, 48.049907, 705.5], [-121.262757, 48.050069, 707.4], [-121.262864, 48.050048, 709.3], [-121.262992, 48.050153, 712.1], [-121.262987, 48.050279, 712.2], [-121.262994, 48.050294, 713.3], [-121.263033, 48.050332, 716.8], [-121.263041, 48.050378, 713.2], [-121.263068, 48.050391, 710.1], [-121.26323, 48.050436, 705.7], [-121.263253, 48.050456, 701.3], [-121.263349, 48.050455, 699.3], [-121.263516, 48.050424, 701.0], [-121.263592, 48.050426, 700.2], [-121.263612, 48.05042, 699.7], [-121.263706, 48.050373, 698.5], [-121.26377, 48.050323, 698.9], [-121.263874, 48.050315, 698.6], [-121.263911, 48.050349, 698.6], [-121.26398, 48.050539, 701.5], [-121.263984, 48.050575, 702.5], [-121.26401, 48.050593, 705.6], [-121.264086, 48.050596, 706.3], [-121.26406, 48.050648, 707.6], [-121.264062, 48.050676, 708.8], [-121.264088, 48.05069, 711.2], [-121.264299, 48.050705, 707.0], [-121.264337, 48.050812, 705.7], [-121.264344, 48.050876, 708.3], [-121.264422, 48.050927, 709.1], [-121.264465, 48.050937, 708.5], [-121.264533, 48.05099, 707.1], [-121.264636, 48.050986, 708.6], [-121.264797, 48.051071, 712.1], [-121.264819, 48.051096, 714.3], [-121.264867, 48.05111, 713.5], [-121.264949, 48.051067, 712.8], [-121.265009, 48.051044, 714.1], [-121.26516, 48.051119, 714.8], [-121.265314, 48.051159, 710.9], [-121.265355, 48.05118, 710.2], [-121.265414, 48.051136, 710.8], [-121.265434, 48.051143, 710.1], [-121.265453, 48.05117, 710.0], [-121.265411, 48.051427, 708.8], [-121.265482, 48.051482, 707.8], [-121.2655, 48.051508, 708.2], [-121.265531, 48.051644, 708.0], [-121.265528, 48.051684, 707.9], [-121.265639, 48.051754, 712.3], [-121.265616, 48.051842, 714.6], [-121.265605, 48.051893, 714.7], [-121.265624, 48.052018, 714.0], [-121.265664, 48.052059, 710.2], [-121.26572, 48.052086, 705.6], [-121.265815, 48.052097, 706.1], [-121.26592, 48.052081, 704.4], [-121.266007, 48.052041, 704.3], [-121.266115, 48.052008, 703.4], [-121.266163, 48.052015, 704.9], [-121.266372, 48.052022, 704.2], [-121.266399, 48.052015, 704.3], [-121.266569, 48.052026, 700.3], [-121.266584, 48.052051, 700.7], [-121.266643, 48.05208, 699.6], [-121.26669, 48.052077, 701.5], [-121.26681, 48.052047, 702.2], [-121.266974, 48.052083, 702.3], [-121.267221, 48.052205, 692.8], [-121.267356, 48.052286, 690.9], [-121.267422, 48.052304, 691.3], [-121.267455, 48.052331, 691.1], [-121.26746, 48.052354, 693.7], [-121.26749, 48.052365, 694.6], [-121.267509, 48.052397, 696.7], [-121.267558, 48.052406, 701.6], [-121.267611, 48.052389, 701.8], [-121.267673, 48.052356, 703.1], [-121.267721, 48.052353, 705.7], [-121.267734, 48.052548, 703.8], [-121.267717, 48.052592, 704.2], [-121.26776, 48.052624, 704.5], [-121.267819, 48.052634, 702.6], [-121.268028, 48.052624, 697.3], [-121.268091, 48.052588, 696.9], [-121.268149, 48.052578, 694.8], [-121.268157, 48.052587, 694.6], [-121.268159, 48.052629, 694.5], [-121.26817, 48.052646, 694.0], [-121.2682, 48.052652, 694.0], [-121.268335, 48.052603, 694.8], [-121.268442, 48.052537, 695.0], [-121.26847, 48.052525, 695.3], [-121.268515, 48.052546, 694.1], [-121.268562, 48.052585, 691.4], [-121.268615, 48.052633, 691.3], [-121.268646, 48.052681, 692.2], [-121.26875, 48.052771, 691.7], [-121.268792, 48.052774, 690.9], [-121.268784, 48.052831, 688.8], [-121.268863, 48.052919, 698.1], [-121.268912, 48.052919, 696.2], [-121.268923, 48.052969, 697.7], [-121.26898, 48.053038, 699.1], [-121.269012, 48.05305, 695.1], [-121.269035, 48.053028, 696.3], [-121.269165, 48.052984, 691.2], [-121.269227, 48.052969, 688.9], [-121.269305, 48.052996, 690.4], [-121.269348, 48.053036, 687.8], [-121.269587, 48.053113, 686.9], [-121.269772, 48.053144, 688.4], [-121.269791, 48.053142, 688.6], [-121.269903, 48.053175, 690.9], [-121.270024, 48.053187, 690.0], [-121.270047, 48.053226, 689.5], [-121.270054, 48.053311, 690.0], [-121.270007, 48.053355, 689.3], [-121.269982, 48.053392, 687.1], [-121.270021, 48.053457, 692.3], [-121.270058, 48.05346, 693.9], [-121.270118, 48.0535, 696.3], [-121.270024, 48.053726, 694.0], [-121.27004, 48.053756, 693.6], [-121.270082, 48.053769, 693.9], [-121.270157, 48.053776, 693.5], [-121.270343, 48.053743, 689.8], [-121.270498, 48.053882, 686.9], [-121.270553, 48.05388, 687.5], [-121.270597, 48.05389, 689.1], [-121.270646, 48.053994, 687.1], [-121.270658, 48.05401, 686.4], [-121.270772, 48.054052, 688.0], [-121.271, 48.054061, 692.8], [-121.271092, 48.05411, 693.2], [-121.271195, 48.054128, 692.4], [-121.27145, 48.05409, 691.6], [-121.271479, 48.054093, 691.6], [-121.271607, 48.054095, 691.1], [-121.271665, 48.054116, 689.5], [-121.271732, 48.054099, 689.5], [-121.271772, 48.054104, 689.1], [-121.271868, 48.054083, 690.7], [-121.271908, 48.054101, 688.9], [-121.271955, 48.054151, 685.0], [-121.272021, 48.054162, 683.4], [-121.272036, 48.054171, 684.1], [-121.272087, 48.054184, 685.8], [-121.272161, 48.05417, 686.1], [-121.272201, 48.05415, 685.8], [-121.27227, 48.054068, 683.8], [-121.272278, 48.054055, 684.0], [-121.272419, 48.054015, 684.6], [-121.27256, 48.053891, 684.1], [-121.272606, 48.053845, 682.4], [-121.272725, 48.053804, 683.8], [-121.27287, 48.053844, 678.2], [-121.272996, 48.053866, 670.5], [-121.273082, 48.053982, 671.8], [-121.273131, 48.053993, 673.4], [-121.273179, 48.053974, 673.4], [-121.273282, 48.053896, 674.3], [-121.273338, 48.053869, 674.1], [-121.2734, 48.053856, 673.6], [-121.273481, 48.053865, 676.1], [-121.273542, 48.053859, 676.9], [-121.27362, 48.053874, 674.6], [-121.273652, 48.053894, 674.3], [-121.273666, 48.053895, 675.4], [-121.273758, 48.053873, 676.8], [-121.273841, 48.053867, 675.7], [-121.273919, 48.053883, 674.1], [-121.274004, 48.053991, 669.7], [-121.274323, 48.054059, 667.8], [-121.274676, 48.054161, 665.6], [-121.274839, 48.05423, 668.2], [-121.274861, 48.054243, 668.4], [-121.275025, 48.054315, 666.7], [-121.275161, 48.054326, 666.8], [-121.275214, 48.054354, 666.4], [-121.27523, 48.054379, 665.6], [-121.275278, 48.054393, 662.4], [-121.27529, 48.054429, 662.0], [-121.275521, 48.054293, 664.3], [-121.275704, 48.054258, 665.7], [-121.275729, 48.054239, 665.0], [-121.275828, 48.054211, 667.8], [-121.275859, 48.05422, 664.0], [-121.27587, 48.054234, 664.1], [-121.275885, 48.054294, 664.4], [-121.275889, 48.054325, 664.2], [-121.275963, 48.054369, 658.4], [-121.275996, 48.054378, 659.4], [-121.276095, 48.054364, 661.2], [-121.276122, 48.054357, 660.6], [-121.276189, 48.054349, 663.3], [-121.276296, 48.054366, 666.3], [-121.276391, 48.054366, 667.5], [-121.276543, 48.054375, 667.4], [-121.276591, 48.054367, 667.8], [-121.276636, 48.054346, 668.2], [-121.276706, 48.054356, 665.3], [-121.276734, 48.054349, 665.8], [-121.276782, 48.054314, 664.2], [-121.276827, 48.054298, 664.7], [-121.276891, 48.054281, 664.9], [-121.276928, 48.054289, 666.2], [-121.276965, 48.054326, 666.4], [-121.277005, 48.054408, 660.5], [-121.277193, 48.054569, 654.5], [-121.277279, 48.054605, 651.2], [-121.277647, 48.054553, 664.5], [-121.277693, 48.054564, 664.2], [-121.277714, 48.054598, 664.2], [-121.277718, 48.054573, 664.1], [-121.277755, 48.054528, 664.3], [-121.277787, 48.054514, 664.1], [-121.277873, 48.054531, 659.0], [-121.277956, 48.054522, 656.8], [-121.278073, 48.054547, 655.2], [-121.27831, 48.05454, 655.5], [-121.278373, 48.054531, 655.6], [-121.278423, 48.054504, 653.9], [-121.278558, 48.054513, 653.9], [-121.278613, 48.054529, 655.9], [-121.278698, 48.054479, 655.1], [-121.278731, 48.054413, 654.0], [-121.278764, 48.054372, 652.3], [-121.278812, 48.054405, 647.8], [-121.278873, 48.054415, 647.2], [-121.278899, 48.054415, 646.1], [-121.279026, 48.054457, 643.2], [-121.279236, 48.05445, 647.8], [-121.279339, 48.054466, 642.9], [-121.279421, 48.05449, 642.5], [-121.279523, 48.054502, 638.8], [-121.279603, 48.054549, 637.8], [-121.279641, 48.054544, 638.3], [-121.279689, 48.054542, 635.5], [-121.279812, 48.054503, 634.0], [-121.279913, 48.054504, 633.2], [-121.28004, 48.054509, 634.6], [-121.280134, 48.054539, 637.6], [-121.280287, 48.054591, 637.1], [-121.280367, 48.054603, 637.3], [-121.280385, 48.054597, 637.8], [-121.280442, 48.054587, 638.3], [-121.280534, 48.054599, 637.0], [-121.280567, 48.054649, 637.1], [-121.280585, 48.054659, 637.6], [-121.280666, 48.054671, 637.8], [-121.280748, 48.054711, 635.6], [-121.280823, 48.054717, 634.5], [-121.280852, 48.05471, 634.7], [-121.280897, 48.054705, 634.1], [-121.281016, 48.054737, 629.9], [-121.281104, 48.054732, 626.8], [-121.281171, 48.054754, 625.0], [-121.281223, 48.054757, 625.3], [-121.281326, 48.054794, 626.7], [-121.281526, 48.054857, 629.5], [-121.281536, 48.054865, 628.8], [-121.28157, 48.054911, 630.2], [-121.28164, 48.05496, 628.3], [-121.281659, 48.054989, 628.8], [-121.281676, 48.055002, 628.4], [-121.281744, 48.055074, 625.1], [-121.281808, 48.05507, 625.0], [-121.281872, 48.055044, 624.4], [-121.281922, 48.055, 623.9], [-121.282012, 48.055025, 624.4], [-121.282107, 48.05502, 623.9], [-121.282169, 48.055023, 624.7], [-121.282362, 48.054992, 625.8], [-121.282387, 48.054993, 624.9], [-121.282491, 48.05501, 624.7], [-121.282538, 48.055038, 623.9], [-121.28264, 48.055009, 621.9], [-121.282721, 48.055005, 620.2], [-121.282828, 48.055048, 619.0], [-121.282835, 48.055063, 619.2], [-121.282831, 48.055101, 618.9], [-121.282879, 48.055156, 620.3], [-121.282969, 48.055205, 623.6], [-121.282978, 48.055284, 622.2], [-121.283019, 48.055333, 620.5], [-121.283049, 48.055408, 621.5], [-121.283094, 48.055442, 623.7], [-121.283094, 48.055465, 624.6], [-121.283068, 48.055486, 625.1], [-121.283053, 48.055533, 626.0], [-121.283088, 48.055742, 629.0], [-121.283105, 48.055774, 629.5], [-121.283116, 48.055783, 629.9], [-121.283252, 48.05584, 627.2], [-121.283379, 48.055834, 630.3], [-121.283396, 48.055838, 629.1], [-121.283559, 48.055844, 628.3], [-121.283641, 48.055869, 628.5], [-121.283728, 48.055862, 630.3], [-121.28376, 48.055882, 629.9], [-121.283803, 48.055954, 627.9], [-121.283823, 48.055964, 628.6], [-121.283892, 48.055984, 627.3], [-121.283954, 48.055989, 626.9], [-121.283974, 48.055996, 626.7], [-121.284002, 48.056032, 624.6], [-121.28405, 48.056068, 625.1], [-121.284279, 48.056093, 633.6], [-121.284368, 48.056094, 629.5], [-121.284562, 48.056153, 626.1], [-121.284575, 48.056206, 623.9], [-121.284668, 48.056242, 621.2], [-121.284707, 48.056282, 617.5], [-121.28473, 48.056344, 615.9], [-121.284801, 48.05642, 614.6], [-121.28484, 48.056459, 612.5], [-121.284875, 48.056518, 614.0], [-121.284995, 48.056546, 616.7], [-121.285005, 48.056556, 616.3], [-121.285008, 48.056634, 613.3], [-121.285043, 48.056636, 611.2], [-121.285061, 48.056659, 610.8], [-121.285029, 48.056835, 612.0], [-121.285032, 48.05685, 613.3], [-121.285032, 48.056905, 610.8], [-121.285061, 48.056968, 611.2], [-121.285074, 48.057049, 610.2], [-121.285134, 48.057123, 613.7], [-121.285147, 48.057173, 612.5], [-121.285175, 48.057205, 612.3], [-121.285278, 48.057211, 612.0], [-121.285338, 48.057226, 610.7], [-121.285384, 48.05726, 612.0], [-121.285481, 48.057277, 611.7], [-121.285646, 48.057361, 612.8], [-121.285726, 48.05745, 613.9], [-121.285822, 48.057559, 615.4], [-121.285915, 48.057584, 613.6], [-121.286053, 48.057639, 616.2], [-121.286144, 48.057706, 617.2], [-121.286165, 48.057707, 617.5], [-121.286222, 48.05774, 615.2], [-121.286325, 48.05783, 617.2], [-121.286402, 48.057882, 619.4], [-121.286438, 48.057904, 616.1], [-121.28647, 48.057951, 616.7], [-121.28649, 48.058012, 617.1], [-121.286547, 48.058057, 617.8], [-121.286595, 48.058099, 619.1], [-121.286683, 48.058097, 621.8], [-121.286746, 48.058123, 618.3], [-121.28684, 48.058194, 611.0], [-121.286895, 48.058212, 612.1], [-121.286927, 48.058243, 611.5], [-121.286978, 48.058277, 610.4], [-121.287009, 48.058352, 607.4], [-121.287041, 48.058389, 608.7], [-121.287144, 48.058442, 605.0], [-121.287184, 48.058475, 604.1], [-121.28721, 48.058525, 604.1], [-121.287222, 48.058537, 604.3], [-121.287476, 48.058526, 609.1], [-121.287529, 48.058522, 609.8], [-121.287604, 48.058478, 610.0], [-121.287645, 48.058428, 611.4], [-121.28779, 48.058355, 613.7], [-121.287989, 48.058274, 614.1], [-121.288007, 48.058271, 613.7], [-121.288117, 48.058243, 616.4], [-121.288147, 48.058261, 611.6], [-121.288256, 48.058278, 609.6], [-121.28831, 48.058297, 604.8], [-121.288311, 48.058323, 603.1], [-121.288328, 48.05834, 605.3], [-121.288425, 48.058372, 608.6], [-121.288446, 48.058377, 608.9], [-121.288577, 48.058429, 612.1], [-121.288626, 48.058477, 614.3], [-121.288641, 48.058486, 615.6], [-121.288638, 48.058507, 616.0], [-121.288652, 48.058551, 616.2], [-121.2887, 48.058588, 615.4], [-121.288693, 48.058562, 619.3], [-121.288712, 48.058532, 626.4], [-121.288672, 48.058522, 626.5], [-121.288705, 48.058548, 624.5]]}}