<?xml version="1.0" encoding="UTF-8"?>
<gpx xmlns="http://www.topografix.com/GPX/1/1" xmlns:xsi="http://www.w3.org/2001/XMLSchema-instance" xsi:schemaLocation="http://www.topografix.com/GPX/1/1 http://www.topografix.com/GPX/1/1/gpx.xsd" version="1.1" creator="gpx.py -- https://github.com/tkrajina/gpxpy">
  <metadata>
    <name>Mount Weird with some weirdos</name>
    <desc>https://www.strava.com/activities/13827904424</desc>
    <time>2025-03-08T20:31:48Z</time>
  </metadata>
  <trk>
    <name>Mount Weird with some weirdos</name>
    <trkseg>
      <trkpt lat="47.766502" lon="-121.077045">
        <ele>1098.2</ele>
        <time>2025-03-08T20:31:48Z</time>
      </trkpt>
      <trkpt lat="47.766573" lon="-121.077106">
        <ele>1098.2</ele>
        <time>2025-03-08T20:31:49Z</time>
      </trkpt>
      <trkpt lat="47.766594" lon="-121.077069">
        <ele>1098.1</ele>
        <time>2025-03-08T20:36:49Z</time>
      </trkpt>
      <trkpt lat="47.7666" lon="-121.07709">
        <ele>1098.1</ele>
        <time>2025-03-08T20:36:52Z</time>
      </trkpt>
      <trkpt lat="47.766616" lon="-121.077115">
        <ele>1098.1</ele>
        <time>2025-03-08T20:37:00Z</time>
      </trkpt>
      <trkpt lat="47.766631" lon="-121.077123">
        <ele>1098.1</ele>
        <time>2025-03-08T20:37:21Z</time>
      </trkpt>
      <trkpt lat="47.766614" lon="-121.077134">
        <ele>1098.1</ele>
        <time>2025-03-08T20:37:24Z</time>
      </trkpt>
      <trkpt lat="47.766603" lon="-121.077132">
        <ele>1098.0</ele>
        <time>2025-03-08T20:37:25Z</time>
      </trkpt>
      <trkpt lat="47.766559" lon="-121.077107">
        <ele>1098.0</ele>
        <time>2025-03-08T20:37:28Z</time>
      </trkpt>
      <trkpt lat="47.766534" lon="-121.077088">
        <ele>1098.0</ele>
        <time>2025-03-08T20:37:31Z</time>
      </trkpt>
      <trkpt lat="47.766504" lon="-121.077053">
        <ele>1098.0</ele>
        <time>2025-03-08T20:37:34Z</time>
      </trkpt>
      <trkpt lat="47.766479" lon="-121.077021">
        <ele>1098.0</ele>
        <time>2025-03-08T20:37:37Z</time>
      </trkpt>
      <trkpt lat="47.766444" lon="-121.076988">
        <ele>1098.0</ele>
        <time>2025-03-08T20:37:39Z</time>
      </trkpt>
      <trkpt lat="47.766423" lon="-121.07697">
        <ele>1098.0</ele>
        <time>2025-03-08T20:37:41Z</time>
      </trkpt>
      <trkpt lat="47.766412" lon="-121.076966">
        <ele>1098.0</ele>
        <time>2025-03-08T20:37:42Z</time>
      </trkpt>
      <trkpt lat="47.766393" lon="-121.076952">
        <ele>1098.0</ele>
        <time>2025-03-08T20:37:44Z</time>
      </trkpt>
      <trkpt lat="47.766356" lon="-121.076918">
        <ele>1097.9</ele>
        <time>2025-03-08T20:37:47Z</time>
      </trkpt>
      <trkpt lat="47.766329" lon="-121.076896">
        <ele>1097.9</ele>
        <time>2025-03-08T20:37:49Z</time>
      </trkpt>
      <trkpt lat="47.766307" lon="-121.07687">
        <ele>1097.9</ele>
        <time>2025-03-08T20:37:52Z</time>
      </trkpt>
      <trkpt lat="47.766284" lon="-121.076858">
        <ele>1097.9</ele>
        <time>2025-03-08T20:37:54Z</time>
      </trkpt>
      <trkpt lat="47.766257" lon="-121.07684">
        <ele>1097.9</ele>
        <time>2025-03-08T20:37:57Z</time>
      </trkpt>
      <trkpt lat="47.766237" lon="-121.076823">
        <ele>1097.9</ele>
        <time>2025-03-08T20:37:59Z</time>
      </trkpt>
      <trkpt lat="47.766218" lon="-121.07681">
        <ele>1098.0</ele>
        <time>2025-03-08T20:38:01Z</time>
      </trkpt>
      <trkpt lat="47.766191" lon="-121.076779">
        <ele>1098.3</ele>
        <time>2025-03-08T20:38:04Z</time>
      </trkpt>
      <trkpt lat="47.766166" lon="-121.07676">
        <ele>1098.5</ele>
        <time>2025-03-08T20:38:07Z</time>
      </trkpt>
      <trkpt lat="47.766149" lon="-121.076736">
        <ele>1098.7</ele>
        <time>2025-03-08T20:38:09Z</time>
      </trkpt>
      <trkpt lat="47.766141" lon="-121.076729">
        <ele>1098.8</ele>
        <time>2025-03-08T20:38:10Z</time>
      </trkpt>
      <trkpt lat="47.766123" lon="-121.076725">
        <ele>1099.0</ele>
        <time>2025-03-08T20:38:12Z</time>
      </trkpt>
      <trkpt lat="47.76612" lon="-121.076717">
        <ele>1099.0</ele>
        <time>2025-03-08T20:38:15Z</time>
      </trkpt>
      <trkpt lat="47.766109" lon="-121.076712">
        <ele>1099.1</ele>
        <time>2025-03-08T20:38:17Z</time>
      </trkpt>
      <trkpt lat="47.766094" lon="-121.076694">
        <ele>1099.3</ele>
        <time>2025-03-08T20:38:20Z</time>
      </trkpt>
      <trkpt lat="47.766074" lon="-121.076688">
        <ele>1099.5</ele>
        <time>2025-03-08T20:38:22Z</time>
      </trkpt>
      <trkpt lat="47.766065" lon="-121.076692">
        <ele>1099.6</ele>
        <time>2025-03-08T20:38:23Z</time>
      </trkpt>
      <trkpt lat="47.766031" lon="-121.076691">
        <ele>1099.9</ele>
        <time>2025-03-08T20:38:27Z</time>
      </trkpt>
      <trkpt lat="47.766021" lon="-121.076699">
        <ele>1100.1</ele>
        <time>2025-03-08T20:38:29Z</time>
      </trkpt>
      <trkpt lat="47.765993" lon="-121.076708">
        <ele>1100.4</ele>
        <time>2025-03-08T20:38:32Z</time>
      </trkpt>
      <trkpt lat="47.765987" lon="-121.076719">
        <ele>1100.5</ele>
        <time>2025-03-08T20:38:34Z</time>
      </trkpt>
      <trkpt lat="47.765958" lon="-121.076734">
        <ele>1100.8</ele>
        <time>2025-03-08T20:38:39Z</time>
      </trkpt>
      <trkpt lat="47.765928" lon="-121.076736">
        <ele>1101.2</ele>
        <time>2025-03-08T20:38:42Z</time>
      </trkpt>
      <trkpt lat="47.765913" lon="-121.076733">
        <ele>1101.3</ele>
        <time>2025-03-08T20:38:44Z</time>
      </trkpt>
      <trkpt lat="47.765899" lon="-121.076745">
        <ele>1101.5</ele>
        <time>2025-03-08T20:38:46Z</time>
      </trkpt>
      <trkpt lat="47.765891" lon="-121.076746">
        <ele>1101.6</ele>
        <time>2025-03-08T20:38:47Z</time>
      </trkpt>
      <trkpt lat="47.765876" lon="-121.076729">
        <ele>1101.9</ele>
        <time>2025-03-08T20:38:49Z</time>
      </trkpt>
      <trkpt lat="47.765867" lon="-121.076726">
        <ele>1102.0</ele>
        <time>2025-03-08T20:38:50Z</time>
      </trkpt>
      <trkpt lat="47.765846" lon="-121.076729">
        <ele>1102.3</ele>
        <time>2025-03-08T20:38:52Z</time>
      </trkpt>
      <trkpt lat="47.765785" lon="-121.076748">
        <ele>1103.1</ele>
        <time>2025-03-08T20:38:58Z</time>
      </trkpt>
      <trkpt lat="47.765777" lon="-121.076747">
        <ele>1103.2</ele>
        <time>2025-03-08T20:38:59Z</time>
      </trkpt>
      <trkpt lat="47.765756" lon="-121.076754">
        <ele>1103.5</ele>
        <time>2025-03-08T20:39:01Z</time>
      </trkpt>
      <trkpt lat="47.765736" lon="-121.076765">
        <ele>1103.8</ele>
        <time>2025-03-08T20:39:03Z</time>
      </trkpt>
      <trkpt lat="47.765705" lon="-121.076774">
        <ele>1104.2</ele>
        <time>2025-03-08T20:39:06Z</time>
      </trkpt>
      <trkpt lat="47.765684" lon="-121.076772">
        <ele>1104.5</ele>
        <time>2025-03-08T20:39:08Z</time>
      </trkpt>
      <trkpt lat="47.765682" lon="-121.076767">
        <ele>1104.6</ele>
        <time>2025-03-08T20:39:09Z</time>
      </trkpt>
      <trkpt lat="47.76566" lon="-121.076764">
        <ele>1104.8</ele>
        <time>2025-03-08T20:39:11Z</time>
      </trkpt>
      <trkpt lat="47.765622" lon="-121.076767">
        <ele>1105.3</ele>
        <time>2025-03-08T20:39:14Z</time>
      </trkpt>
      <trkpt lat="47.76561" lon="-121.076764">
        <ele>1105.5</ele>
        <time>2025-03-08T20:39:15Z</time>
      </trkpt>
      <trkpt lat="47.765591" lon="-121.076746">
        <ele>1105.8</ele>
        <time>2025-03-08T20:39:17Z</time>
      </trkpt>
      <trkpt lat="47.765581" lon="-121.076729">
        <ele>1106.0</ele>
        <time>2025-03-08T20:39:18Z</time>
      </trkpt>
      <trkpt lat="47.765577" lon="-121.076705">
        <ele>1106.2</ele>
        <time>2025-03-08T20:39:21Z</time>
      </trkpt>
      <trkpt lat="47.765582" lon="-121.076683">
        <ele>1106.3</ele>
        <time>2025-03-08T20:39:23Z</time>
      </trkpt>
      <trkpt lat="47.765592" lon="-121.076659">
        <ele>1106.6</ele>
        <time>2025-03-08T20:39:26Z</time>
      </trkpt>
      <trkpt lat="47.765602" lon="-121.076641">
        <ele>1106.8</ele>
        <time>2025-03-08T20:39:28Z</time>
      </trkpt>
      <trkpt lat="47.765609" lon="-121.076615">
        <ele>1107.0</ele>
        <time>2025-03-08T20:39:30Z</time>
      </trkpt>
      <trkpt lat="47.765622" lon="-121.076589">
        <ele>1107.3</ele>
        <time>2025-03-08T20:39:33Z</time>
      </trkpt>
      <trkpt lat="47.765628" lon="-121.076582">
        <ele>1107.3</ele>
        <time>2025-03-08T20:39:34Z</time>
      </trkpt>
      <trkpt lat="47.765638" lon="-121.076552">
        <ele>1107.6</ele>
        <time>2025-03-08T20:39:37Z</time>
      </trkpt>
      <trkpt lat="47.765643" lon="-121.076509">
        <ele>1108.0</ele>
        <time>2025-03-08T20:39:40Z</time>
      </trkpt>
      <trkpt lat="47.765646" lon="-121.076447">
        <ele>1108.5</ele>
        <time>2025-03-08T20:39:44Z</time>
      </trkpt>
      <trkpt lat="47.765657" lon="-121.076414">
        <ele>1108.8</ele>
        <time>2025-03-08T20:39:46Z</time>
      </trkpt>
      <trkpt lat="47.765664" lon="-121.076402">
        <ele>1109.0</ele>
        <time>2025-03-08T20:39:47Z</time>
      </trkpt>
      <trkpt lat="47.76568" lon="-121.076403">
        <ele>1109.2</ele>
        <time>2025-03-08T20:39:50Z</time>
      </trkpt>
      <trkpt lat="47.765678" lon="-121.076393">
        <ele>1109.3</ele>
        <time>2025-03-08T20:39:54Z</time>
      </trkpt>
      <trkpt lat="47.765672" lon="-121.076408">
        <ele>1109.9</ele>
        <time>2025-03-08T20:40:29Z</time>
      </trkpt>
      <trkpt lat="47.765682" lon="-121.076429">
        <ele>1110.2</ele>
        <time>2025-03-08T20:40:35Z</time>
      </trkpt>
      <trkpt lat="47.765692" lon="-121.076419">
        <ele>1111.1</ele>
        <time>2025-03-08T20:41:21Z</time>
      </trkpt>
      <trkpt lat="47.765697" lon="-121.076427">
        <ele>1111.3</ele>
        <time>2025-03-08T20:41:25Z</time>
      </trkpt>
      <trkpt lat="47.765694" lon="-121.07644">
        <ele>1111.6</ele>
        <time>2025-03-08T20:41:43Z</time>
      </trkpt>
      <trkpt lat="47.765706" lon="-121.076434">
        <ele>1112.0</ele>
        <time>2025-03-08T20:41:55Z</time>
      </trkpt>
      <trkpt lat="47.765717" lon="-121.076415">
        <ele>1112.2</ele>
        <time>2025-03-08T20:41:57Z</time>
      </trkpt>
      <trkpt lat="47.765734" lon="-121.076398">
        <ele>1112.5</ele>
        <time>2025-03-08T20:42:00Z</time>
      </trkpt>
      <trkpt lat="47.765766" lon="-121.076393">
        <ele>1113.1</ele>
        <time>2025-03-08T20:42:09Z</time>
      </trkpt>
      <trkpt lat="47.765801" lon="-121.076391">
        <ele>1113.6</ele>
        <time>2025-03-08T20:42:13Z</time>
      </trkpt>
      <trkpt lat="47.765807" lon="-121.076382">
        <ele>1113.8</ele>
        <time>2025-03-08T20:42:15Z</time>
      </trkpt>
      <trkpt lat="47.765803" lon="-121.076344">
        <ele>1114.2</ele>
        <time>2025-03-08T20:42:18Z</time>
      </trkpt>
      <trkpt lat="47.765803" lon="-121.076318">
        <ele>1114.4</ele>
        <time>2025-03-08T20:42:20Z</time>
      </trkpt>
      <trkpt lat="47.765811" lon="-121.076287">
        <ele>1114.8</ele>
        <time>2025-03-08T20:42:24Z</time>
      </trkpt>
      <trkpt lat="47.765826" lon="-121.076249">
        <ele>1115.3</ele>
        <time>2025-03-08T20:42:29Z</time>
      </trkpt>
      <trkpt lat="47.765839" lon="-121.07623">
        <ele>1115.6</ele>
        <time>2025-03-08T20:42:32Z</time>
      </trkpt>
      <trkpt lat="47.765855" lon="-121.076219">
        <ele>1115.8</ele>
        <time>2025-03-08T20:42:34Z</time>
      </trkpt>
      <trkpt lat="47.765898" lon="-121.076206">
        <ele>1116.5</ele>
        <time>2025-03-08T20:42:40Z</time>
      </trkpt>
      <trkpt lat="47.765916" lon="-121.076207">
        <ele>1116.8</ele>
        <time>2025-03-08T20:42:42Z</time>
      </trkpt>
      <trkpt lat="47.765932" lon="-121.076204">
        <ele>1117.0</ele>
        <time>2025-03-08T20:42:44Z</time>
      </trkpt>
      <trkpt lat="47.765974" lon="-121.076168">
        <ele>1117.7</ele>
        <time>2025-03-08T20:42:51Z</time>
      </trkpt>
      <trkpt lat="47.765979" lon="-121.076155">
        <ele>1117.9</ele>
        <time>2025-03-08T20:42:53Z</time>
      </trkpt>
      <trkpt lat="47.766001" lon="-121.076134">
        <ele>1118.3</ele>
        <time>2025-03-08T20:42:58Z</time>
      </trkpt>
      <trkpt lat="47.76603" lon="-121.076111">
        <ele>1118.8</ele>
        <time>2025-03-08T20:43:02Z</time>
      </trkpt>
      <trkpt lat="47.766063" lon="-121.076087">
        <ele>1119.3</ele>
        <time>2025-03-08T20:43:08Z</time>
      </trkpt>
      <trkpt lat="47.766101" lon="-121.076073">
        <ele>1119.9</ele>
        <time>2025-03-08T20:43:13Z</time>
      </trkpt>
      <trkpt lat="47.766126" lon="-121.076053">
        <ele>1120.4</ele>
        <time>2025-03-08T20:43:17Z</time>
      </trkpt>
      <trkpt lat="47.766142" lon="-121.076043">
        <ele>1120.7</ele>
        <time>2025-03-08T20:43:19Z</time>
      </trkpt>
      <trkpt lat="47.766169" lon="-121.076034">
        <ele>1121.1</ele>
        <time>2025-03-08T20:43:22Z</time>
      </trkpt>
      <trkpt lat="47.766193" lon="-121.076016">
        <ele>1121.5</ele>
        <time>2025-03-08T20:43:27Z</time>
      </trkpt>
      <trkpt lat="47.766209" lon="-121.076011">
        <ele>1121.6</ele>
        <time>2025-03-08T20:43:29Z</time>
      </trkpt>
      <trkpt lat="47.766248" lon="-121.076012">
        <ele>1121.6</ele>
        <time>2025-03-08T20:43:33Z</time>
      </trkpt>
      <trkpt lat="47.766276" lon="-121.076022">
        <ele>1121.6</ele>
        <time>2025-03-08T20:43:36Z</time>
      </trkpt>
      <trkpt lat="47.766295" lon="-121.076024">
        <ele>1121.5</ele>
        <time>2025-03-08T20:43:38Z</time>
      </trkpt>
      <trkpt lat="47.766329" lon="-121.076023">
        <ele>1121.4</ele>
        <time>2025-03-08T20:43:42Z</time>
      </trkpt>
      <trkpt lat="47.766339" lon="-121.076015">
        <ele>1121.4</ele>
        <time>2025-03-08T20:43:44Z</time>
      </trkpt>
      <trkpt lat="47.766352" lon="-121.076019">
        <ele>1121.3</ele>
        <time>2025-03-08T20:43:46Z</time>
      </trkpt>
      <trkpt lat="47.766371" lon="-121.07603">
        <ele>1121.2</ele>
        <time>2025-03-08T20:43:50Z</time>
      </trkpt>
      <trkpt lat="47.766414" lon="-121.076018">
        <ele>1121.1</ele>
        <time>2025-03-08T20:43:55Z</time>
      </trkpt>
      <trkpt lat="47.766464" lon="-121.076027">
        <ele>1120.9</ele>
        <time>2025-03-08T20:44:02Z</time>
      </trkpt>
      <trkpt lat="47.76649" lon="-121.07603">
        <ele>1120.8</ele>
        <time>2025-03-08T20:44:06Z</time>
      </trkpt>
      <trkpt lat="47.766522" lon="-121.076015">
        <ele>1120.7</ele>
        <time>2025-03-08T20:44:11Z</time>
      </trkpt>
      <trkpt lat="47.766581" lon="-121.076007">
        <ele>1120.6</ele>
        <time>2025-03-08T20:44:18Z</time>
      </trkpt>
      <trkpt lat="47.766613" lon="-121.075997">
        <ele>1120.7</ele>
        <time>2025-03-08T20:44:20Z</time>
      </trkpt>
      <trkpt lat="47.766661" lon="-121.075972">
        <ele>1121.8</ele>
        <time>2025-03-08T20:44:25Z</time>
      </trkpt>
      <trkpt lat="47.766671" lon="-121.075969">
        <ele>1121.8</ele>
        <time>2025-03-08T20:44:26Z</time>
      </trkpt>
      <trkpt lat="47.766706" lon="-121.075967">
        <ele>1121.9</ele>
        <time>2025-03-08T20:44:35Z</time>
      </trkpt>
      <trkpt lat="47.766722" lon="-121.075961">
        <ele>1121.8</ele>
        <time>2025-03-08T20:44:38Z</time>
      </trkpt>
      <trkpt lat="47.766745" lon="-121.075946">
        <ele>1121.8</ele>
        <time>2025-03-08T20:44:43Z</time>
      </trkpt>
      <trkpt lat="47.766764" lon="-121.075937">
        <ele>1123.4</ele>
        <time>2025-03-08T20:44:48Z</time>
      </trkpt>
      <trkpt lat="47.766779" lon="-121.07592">
        <ele>1123.3</ele>
        <time>2025-03-08T20:44:50Z</time>
      </trkpt>
      <trkpt lat="47.766793" lon="-121.075891">
        <ele>1125.3</ele>
        <time>2025-03-08T20:44:52Z</time>
      </trkpt>
      <trkpt lat="47.766815" lon="-121.075833">
        <ele>1127.1</ele>
        <time>2025-03-08T20:44:56Z</time>
      </trkpt>
      <trkpt lat="47.766818" lon="-121.075811">
        <ele>1128.9</ele>
        <time>2025-03-08T20:45:01Z</time>
      </trkpt>
      <trkpt lat="47.766834" lon="-121.075792">
        <ele>1129.1</ele>
        <time>2025-03-08T20:45:07Z</time>
      </trkpt>
      <trkpt lat="47.766835" lon="-121.075781">
        <ele>1129.0</ele>
        <time>2025-03-08T20:45:10Z</time>
      </trkpt>
      <trkpt lat="47.766821" lon="-121.075764">
        <ele>1130.8</ele>
        <time>2025-03-08T20:45:16Z</time>
      </trkpt>
      <trkpt lat="47.766812" lon="-121.075747">
        <ele>1130.3</ele>
        <time>2025-03-08T20:45:19Z</time>
      </trkpt>
      <trkpt lat="47.766804" lon="-121.075725">
        <ele>1132.1</ele>
        <time>2025-03-08T20:45:22Z</time>
      </trkpt>
      <trkpt lat="47.766804" lon="-121.075709">
        <ele>1132.0</ele>
        <time>2025-03-08T20:45:25Z</time>
      </trkpt>
      <trkpt lat="47.766815" lon="-121.075673">
        <ele>1133.5</ele>
        <time>2025-03-08T20:45:33Z</time>
      </trkpt>
      <trkpt lat="47.766821" lon="-121.075665">
        <ele>1133.7</ele>
        <time>2025-03-08T20:45:35Z</time>
      </trkpt>
      <trkpt lat="47.76685" lon="-121.075652">
        <ele>1133.8</ele>
        <time>2025-03-08T20:45:44Z</time>
      </trkpt>
      <trkpt lat="47.766858" lon="-121.075641">
        <ele>1135.1</ele>
        <time>2025-03-08T20:45:52Z</time>
      </trkpt>
      <trkpt lat="47.766878" lon="-121.075599">
        <ele>1136.4</ele>
        <time>2025-03-08T20:45:58Z</time>
      </trkpt>
      <trkpt lat="47.766888" lon="-121.075587">
        <ele>1136.6</ele>
        <time>2025-03-08T20:46:00Z</time>
      </trkpt>
      <trkpt lat="47.766908" lon="-121.075579">
        <ele>1136.6</ele>
        <time>2025-03-08T20:46:06Z</time>
      </trkpt>
      <trkpt lat="47.766926" lon="-121.075576">
        <ele>1136.6</ele>
        <time>2025-03-08T20:46:08Z</time>
      </trkpt>
      <trkpt lat="47.766943" lon="-121.075556">
        <ele>1138.1</ele>
        <time>2025-03-08T20:46:12Z</time>
      </trkpt>
      <trkpt lat="47.766961" lon="-121.075553">
        <ele>1138.1</ele>
        <time>2025-03-08T20:46:14Z</time>
      </trkpt>
      <trkpt lat="47.767009" lon="-121.075524">
        <ele>1138.3</ele>
        <time>2025-03-08T20:46:23Z</time>
      </trkpt>
      <trkpt lat="47.767041" lon="-121.075493">
        <ele>1139.8</ele>
        <time>2025-03-08T20:46:28Z</time>
      </trkpt>
      <trkpt lat="47.767056" lon="-121.075484">
        <ele>1139.9</ele>
        <time>2025-03-08T20:46:35Z</time>
      </trkpt>
      <trkpt lat="47.767067" lon="-121.075483">
        <ele>1139.7</ele>
        <time>2025-03-08T20:46:42Z</time>
      </trkpt>
      <trkpt lat="47.767058" lon="-121.075413">
        <ele>1142.1</ele>
        <time>2025-03-08T20:47:03Z</time>
      </trkpt>
      <trkpt lat="47.767054" lon="-121.075396">
        <ele>1142.0</ele>
        <time>2025-03-08T20:47:06Z</time>
      </trkpt>
      <trkpt lat="47.767037" lon="-121.075366">
        <ele>1143.2</ele>
        <time>2025-03-08T20:47:09Z</time>
      </trkpt>
      <trkpt lat="47.76703" lon="-121.075358">
        <ele>1143.2</ele>
        <time>2025-03-08T20:47:10Z</time>
      </trkpt>
      <trkpt lat="47.766989" lon="-121.075329">
        <ele>1144.1</ele>
        <time>2025-03-08T20:47:16Z</time>
      </trkpt>
      <trkpt lat="47.766967" lon="-121.07532">
        <ele>1144.1</ele>
        <time>2025-03-08T20:47:18Z</time>
      </trkpt>
      <trkpt lat="47.766953" lon="-121.075302">
        <ele>1143.7</ele>
        <time>2025-03-08T20:47:21Z</time>
      </trkpt>
      <trkpt lat="47.76694" lon="-121.07529">
        <ele>1145.3</ele>
        <time>2025-03-08T20:47:23Z</time>
      </trkpt>
      <trkpt lat="47.766913" lon="-121.075272">
        <ele>1145.0</ele>
        <time>2025-03-08T20:47:27Z</time>
      </trkpt>
      <trkpt lat="47.766901" lon="-121.07526">
        <ele>1144.8</ele>
        <time>2025-03-08T20:47:30Z</time>
      </trkpt>
      <trkpt lat="47.76689" lon="-121.075238">
        <ele>1146.3</ele>
        <time>2025-03-08T20:47:34Z</time>
      </trkpt>
      <trkpt lat="47.766884" lon="-121.075209">
        <ele>1147.8</ele>
        <time>2025-03-08T20:47:37Z</time>
      </trkpt>
      <trkpt lat="47.766871" lon="-121.075172">
        <ele>1149.1</ele>
        <time>2025-03-08T20:47:41Z</time>
      </trkpt>
      <trkpt lat="47.76687" lon="-121.075132">
        <ele>1149.0</ele>
        <time>2025-03-08T20:47:45Z</time>
      </trkpt>
      <trkpt lat="47.766866" lon="-121.075104">
        <ele>1150.5</ele>
        <time>2025-03-08T20:47:47Z</time>
      </trkpt>
      <trkpt lat="47.766861" lon="-121.075085">
        <ele>1151.9</ele>
        <time>2025-03-08T20:47:57Z</time>
      </trkpt>
      <trkpt lat="47.766874" lon="-121.075066">
        <ele>1151.6</ele>
        <time>2025-03-08T20:48:08Z</time>
      </trkpt>
      <trkpt lat="47.766889" lon="-121.075056">
        <ele>1151.9</ele>
        <time>2025-03-08T20:48:11Z</time>
      </trkpt>
      <trkpt lat="47.766884" lon="-121.075046">
        <ele>1151.8</ele>
        <time>2025-03-08T20:48:14Z</time>
      </trkpt>
      <trkpt lat="47.76687" lon="-121.075037">
        <ele>1152.9</ele>
        <time>2025-03-08T20:48:26Z</time>
      </trkpt>
      <trkpt lat="47.766872" lon="-121.075052">
        <ele>1151.1</ele>
        <time>2025-03-08T20:48:30Z</time>
      </trkpt>
      <trkpt lat="47.766847" lon="-121.07508">
        <ele>1150.7</ele>
        <time>2025-03-08T20:48:34Z</time>
      </trkpt>
      <trkpt lat="47.766833" lon="-121.075093">
        <ele>1149.0</ele>
        <time>2025-03-08T20:48:36Z</time>
      </trkpt>
      <trkpt lat="47.766827" lon="-121.075111">
        <ele>1148.8</ele>
        <time>2025-03-08T20:48:41Z</time>
      </trkpt>
      <trkpt lat="47.766835" lon="-121.075125">
        <ele>1148.7</ele>
        <time>2025-03-08T20:48:44Z</time>
      </trkpt>
      <trkpt lat="47.766848" lon="-121.075133">
        <ele>1147.1</ele>
        <time>2025-03-08T20:48:47Z</time>
      </trkpt>
      <trkpt lat="47.766853" lon="-121.075124">
        <ele>1148.8</ele>
        <time>2025-03-08T20:48:52Z</time>
      </trkpt>
      <trkpt lat="47.766847" lon="-121.075111">
        <ele>1148.4</ele>
        <time>2025-03-08T20:48:55Z</time>
      </trkpt>
      <trkpt lat="47.766835" lon="-121.075109">
        <ele>1148.4</ele>
        <time>2025-03-08T20:48:58Z</time>
      </trkpt>
      <trkpt lat="47.766829" lon="-121.075099">
        <ele>1148.3</ele>
        <time>2025-03-08T20:49:00Z</time>
      </trkpt>
      <trkpt lat="47.766822" lon="-121.075074">
        <ele>1149.8</ele>
        <time>2025-03-08T20:49:04Z</time>
      </trkpt>
      <trkpt lat="47.766813" lon="-121.075057">
        <ele>1149.5</ele>
        <time>2025-03-08T20:49:06Z</time>
      </trkpt>
      <trkpt lat="47.766803" lon="-121.075031">
        <ele>1151.2</ele>
        <time>2025-03-08T20:49:09Z</time>
      </trkpt>
      <trkpt lat="47.766798" lon="-121.075024">
        <ele>1151.1</ele>
        <time>2025-03-08T20:49:11Z</time>
      </trkpt>
      <trkpt lat="47.766767" lon="-121.074958">
        <ele>1152.5</ele>
        <time>2025-03-08T20:49:18Z</time>
      </trkpt>
      <trkpt lat="47.766747" lon="-121.074931">
        <ele>1154.2</ele>
        <time>2025-03-08T20:49:22Z</time>
      </trkpt>
      <trkpt lat="47.766727" lon="-121.074909">
        <ele>1156.0</ele>
        <time>2025-03-08T20:49:26Z</time>
      </trkpt>
      <trkpt lat="47.766695" lon="-121.074882">
        <ele>1155.8</ele>
        <time>2025-03-08T20:49:31Z</time>
      </trkpt>
      <trkpt lat="47.766659" lon="-121.074864">
        <ele>1157.7</ele>
        <time>2025-03-08T20:49:36Z</time>
      </trkpt>
      <trkpt lat="47.766652" lon="-121.074858">
        <ele>1157.6</ele>
        <time>2025-03-08T20:49:38Z</time>
      </trkpt>
      <trkpt lat="47.766621" lon="-121.074808">
        <ele>1159.4</ele>
        <time>2025-03-08T20:49:47Z</time>
      </trkpt>
      <trkpt lat="47.766601" lon="-121.074784">
        <ele>1161.1</ele>
        <time>2025-03-08T20:49:52Z</time>
      </trkpt>
      <trkpt lat="47.766574" lon="-121.074743">
        <ele>1162.7</ele>
        <time>2025-03-08T20:49:57Z</time>
      </trkpt>
      <trkpt lat="47.766548" lon="-121.074719">
        <ele>1163.5</ele>
        <time>2025-03-08T20:50:02Z</time>
      </trkpt>
      <trkpt lat="47.766522" lon="-121.074689">
        <ele>1164.3</ele>
        <time>2025-03-08T20:50:06Z</time>
      </trkpt>
      <trkpt lat="47.766492" lon="-121.074651">
        <ele>1165.3</ele>
        <time>2025-03-08T20:50:14Z</time>
      </trkpt>
      <trkpt lat="47.766445" lon="-121.074616">
        <ele>1166.6</ele>
        <time>2025-03-08T20:50:23Z</time>
      </trkpt>
      <trkpt lat="47.766433" lon="-121.07461">
        <ele>1167.0</ele>
        <time>2025-03-08T20:50:26Z</time>
      </trkpt>
      <trkpt lat="47.766393" lon="-121.074577">
        <ele>1168.1</ele>
        <time>2025-03-08T20:50:36Z</time>
      </trkpt>
      <trkpt lat="47.76635" lon="-121.074527">
        <ele>1169.4</ele>
        <time>2025-03-08T20:50:42Z</time>
      </trkpt>
      <trkpt lat="47.766329" lon="-121.074499">
        <ele>1170.1</ele>
        <time>2025-03-08T20:50:45Z</time>
      </trkpt>
      <trkpt lat="47.766302" lon="-121.074479">
        <ele>1170.8</ele>
        <time>2025-03-08T20:50:49Z</time>
      </trkpt>
      <trkpt lat="47.766286" lon="-121.074451">
        <ele>1171.4</ele>
        <time>2025-03-08T20:50:53Z</time>
      </trkpt>
      <trkpt lat="47.766256" lon="-121.074417">
        <ele>1172.3</ele>
        <time>2025-03-08T20:50:59Z</time>
      </trkpt>
      <trkpt lat="47.766237" lon="-121.074382">
        <ele>1173.0</ele>
        <time>2025-03-08T20:51:05Z</time>
      </trkpt>
      <trkpt lat="47.766213" lon="-121.074361">
        <ele>1173.7</ele>
        <time>2025-03-08T20:51:09Z</time>
      </trkpt>
      <trkpt lat="47.766181" lon="-121.074341">
        <ele>1174.5</ele>
        <time>2025-03-08T20:51:13Z</time>
      </trkpt>
      <trkpt lat="47.76614" lon="-121.074318">
        <ele>1175.5</ele>
        <time>2025-03-08T20:51:18Z</time>
      </trkpt>
      <trkpt lat="47.766108" lon="-121.074305">
        <ele>1176.3</ele>
        <time>2025-03-08T20:51:20Z</time>
      </trkpt>
      <trkpt lat="47.766076" lon="-121.074289">
        <ele>1177.1</ele>
        <time>2025-03-08T20:51:24Z</time>
      </trkpt>
      <trkpt lat="47.766065" lon="-121.074289">
        <ele>1177.4</ele>
        <time>2025-03-08T20:51:26Z</time>
      </trkpt>
      <trkpt lat="47.766048" lon="-121.074295">
        <ele>1177.8</ele>
        <time>2025-03-08T20:51:31Z</time>
      </trkpt>
      <trkpt lat="47.766032" lon="-121.074296">
        <ele>1178.2</ele>
        <time>2025-03-08T20:51:37Z</time>
      </trkpt>
      <trkpt lat="47.766008" lon="-121.074245">
        <ele>1179.3</ele>
        <time>2025-03-08T20:51:48Z</time>
      </trkpt>
      <trkpt lat="47.765997" lon="-121.074236">
        <ele>1179.6</ele>
        <time>2025-03-08T20:51:52Z</time>
      </trkpt>
      <trkpt lat="47.765986" lon="-121.074209">
        <ele>1180.1</ele>
        <time>2025-03-08T20:51:58Z</time>
      </trkpt>
      <trkpt lat="47.765983" lon="-121.074185">
        <ele>1180.6</ele>
        <time>2025-03-08T20:52:01Z</time>
      </trkpt>
      <trkpt lat="47.765991" lon="-121.074146">
        <ele>1181.3</ele>
        <time>2025-03-08T20:52:05Z</time>
      </trkpt>
      <trkpt lat="47.76599" lon="-121.074132">
        <ele>1181.6</ele>
        <time>2025-03-08T20:52:07Z</time>
      </trkpt>
      <trkpt lat="47.765974" lon="-121.074105">
        <ele>1182.2</ele>
        <time>2025-03-08T20:52:11Z</time>
      </trkpt>
      <trkpt lat="47.765947" lon="-121.074075">
        <ele>1183.1</ele>
        <time>2025-03-08T20:52:19Z</time>
      </trkpt>
      <trkpt lat="47.765932" lon="-121.074019">
        <ele>1184.2</ele>
        <time>2025-03-08T20:52:25Z</time>
      </trkpt>
      <trkpt lat="47.765923" lon="-121.07399">
        <ele>1184.8</ele>
        <time>2025-03-08T20:52:27Z</time>
      </trkpt>
      <trkpt lat="47.765914" lon="-121.073971">
        <ele>1185.2</ele>
        <time>2025-03-08T20:52:28Z</time>
      </trkpt>
      <trkpt lat="47.765873" lon="-121.073938">
        <ele>1186.4</ele>
        <time>2025-03-08T20:52:38Z</time>
      </trkpt>
      <trkpt lat="47.765857" lon="-121.073931">
        <ele>1186.7</ele>
        <time>2025-03-08T20:52:40Z</time>
      </trkpt>
      <trkpt lat="47.765818" lon="-121.073933">
        <ele>1187.6</ele>
        <time>2025-03-08T20:52:45Z</time>
      </trkpt>
      <trkpt lat="47.76579" lon="-121.073927">
        <ele>1188.3</ele>
        <time>2025-03-08T20:52:50Z</time>
      </trkpt>
      <trkpt lat="47.765765" lon="-121.073919">
        <ele>1188.8</ele>
        <time>2025-03-08T20:52:53Z</time>
      </trkpt>
      <trkpt lat="47.765742" lon="-121.073899">
        <ele>1189.3</ele>
        <time>2025-03-08T20:52:56Z</time>
      </trkpt>
      <trkpt lat="47.765713" lon="-121.073879">
        <ele>1190.0</ele>
        <time>2025-03-08T20:52:59Z</time>
      </trkpt>
      <trkpt lat="47.765699" lon="-121.073872">
        <ele>1190.3</ele>
        <time>2025-03-08T20:53:01Z</time>
      </trkpt>
      <trkpt lat="47.765677" lon="-121.073849">
        <ele>1190.9</ele>
        <time>2025-03-08T20:53:03Z</time>
      </trkpt>
      <trkpt lat="47.76565" lon="-121.073832">
        <ele>1191.5</ele>
        <time>2025-03-08T20:53:07Z</time>
      </trkpt>
      <trkpt lat="47.765634" lon="-121.073812">
        <ele>1191.9</ele>
        <time>2025-03-08T20:53:10Z</time>
      </trkpt>
      <trkpt lat="47.765632" lon="-121.073798">
        <ele>1192.1</ele>
        <time>2025-03-08T20:53:12Z</time>
      </trkpt>
      <trkpt lat="47.765653" lon="-121.073787">
        <ele>1192.6</ele>
        <time>2025-03-08T20:53:16Z</time>
      </trkpt>
      <trkpt lat="47.765667" lon="-121.07379">
        <ele>1192.8</ele>
        <time>2025-03-08T20:53:18Z</time>
      </trkpt>
      <trkpt lat="47.76568" lon="-121.073802">
        <ele>1193.2</ele>
        <time>2025-03-08T20:53:21Z</time>
      </trkpt>
      <trkpt lat="47.765696" lon="-121.073808">
        <ele>1193.4</ele>
        <time>2025-03-08T20:53:24Z</time>
      </trkpt>
      <trkpt lat="47.765717" lon="-121.07383">
        <ele>1193.9</ele>
        <time>2025-03-08T20:53:31Z</time>
      </trkpt>
      <trkpt lat="47.765771" lon="-121.073842">
        <ele>1194.9</ele>
        <time>2025-03-08T20:53:37Z</time>
      </trkpt>
      <trkpt lat="47.765847" lon="-121.073841">
        <ele>1196.2</ele>
        <time>2025-03-08T20:53:43Z</time>
      </trkpt>
      <trkpt lat="47.765856" lon="-121.073839">
        <ele>1196.4</ele>
        <time>2025-03-08T20:53:44Z</time>
      </trkpt>
      <trkpt lat="47.765879" lon="-121.073827">
        <ele>1196.8</ele>
        <time>2025-03-08T20:53:46Z</time>
      </trkpt>
      <trkpt lat="47.765903" lon="-121.073807">
        <ele>1197.3</ele>
        <time>2025-03-08T20:53:48Z</time>
      </trkpt>
      <trkpt lat="47.765931" lon="-121.073791">
        <ele>1197.8</ele>
        <time>2025-03-08T20:53:52Z</time>
      </trkpt>
      <trkpt lat="47.765958" lon="-121.073764">
        <ele>1198.4</ele>
        <time>2025-03-08T20:53:58Z</time>
      </trkpt>
      <trkpt lat="47.765978" lon="-121.073754">
        <ele>1198.8</ele>
        <time>2025-03-08T20:54:03Z</time>
      </trkpt>
      <trkpt lat="47.765985" lon="-121.073763">
        <ele>1198.9</ele>
        <time>2025-03-08T20:54:07Z</time>
      </trkpt>
      <trkpt lat="47.766008" lon="-121.073772">
        <ele>1199.4</ele>
        <time>2025-03-08T20:54:12Z</time>
      </trkpt>
      <trkpt lat="47.766034" lon="-121.073788">
        <ele>1199.9</ele>
        <time>2025-03-08T20:54:15Z</time>
      </trkpt>
      <trkpt lat="47.766071" lon="-121.073802">
        <ele>1200.5</ele>
        <time>2025-03-08T20:54:19Z</time>
      </trkpt>
      <trkpt lat="47.766085" lon="-121.073802">
        <ele>1200.7</ele>
        <time>2025-03-08T20:54:21Z</time>
      </trkpt>
      <trkpt lat="47.766111" lon="-121.073807">
        <ele>1201.1</ele>
        <time>2025-03-08T20:54:25Z</time>
      </trkpt>
      <trkpt lat="47.766154" lon="-121.0738">
        <ele>1201.8</ele>
        <time>2025-03-08T20:54:30Z</time>
      </trkpt>
      <trkpt lat="47.766169" lon="-121.073796">
        <ele>1202.0</ele>
        <time>2025-03-08T20:54:32Z</time>
      </trkpt>
      <trkpt lat="47.76621" lon="-121.073778">
        <ele>1202.6</ele>
        <time>2025-03-08T20:54:38Z</time>
      </trkpt>
      <trkpt lat="47.766245" lon="-121.073772">
        <ele>1203.2</ele>
        <time>2025-03-08T20:54:43Z</time>
      </trkpt>
      <trkpt lat="47.76627" lon="-121.073781">
        <ele>1203.6</ele>
        <time>2025-03-08T20:54:46Z</time>
      </trkpt>
      <trkpt lat="47.766295" lon="-121.073797">
        <ele>1204.0</ele>
        <time>2025-03-08T20:54:49Z</time>
      </trkpt>
      <trkpt lat="47.766308" lon="-121.073798">
        <ele>1204.2</ele>
        <time>2025-03-08T20:54:51Z</time>
      </trkpt>
      <trkpt lat="47.766332" lon="-121.073794">
        <ele>1204.5</ele>
        <time>2025-03-08T20:54:54Z</time>
      </trkpt>
      <trkpt lat="47.76637" lon="-121.073782">
        <ele>1205.1</ele>
        <time>2025-03-08T20:54:59Z</time>
      </trkpt>
      <trkpt lat="47.766382" lon="-121.073771">
        <ele>1205.4</ele>
        <time>2025-03-08T20:55:01Z</time>
      </trkpt>
      <trkpt lat="47.766399" lon="-121.07377">
        <ele>1205.6</ele>
        <time>2025-03-08T20:55:04Z</time>
      </trkpt>
      <trkpt lat="47.766409" lon="-121.073781">
        <ele>1205.8</ele>
        <time>2025-03-08T20:55:07Z</time>
      </trkpt>
      <trkpt lat="47.766425" lon="-121.073792">
        <ele>1206.1</ele>
        <time>2025-03-08T20:55:10Z</time>
      </trkpt>
      <trkpt lat="47.766454" lon="-121.073801">
        <ele>1206.6</ele>
        <time>2025-03-08T20:55:15Z</time>
      </trkpt>
      <trkpt lat="47.766475" lon="-121.073798">
        <ele>1207.0</ele>
        <time>2025-03-08T20:55:20Z</time>
      </trkpt>
      <trkpt lat="47.766492" lon="-121.073791">
        <ele>1207.3</ele>
        <time>2025-03-08T20:55:22Z</time>
      </trkpt>
      <trkpt lat="47.766521" lon="-121.073786">
        <ele>1207.9</ele>
        <time>2025-03-08T20:55:26Z</time>
      </trkpt>
      <trkpt lat="47.766537" lon="-121.073787">
        <ele>1208.1</ele>
        <time>2025-03-08T20:55:28Z</time>
      </trkpt>
      <trkpt lat="47.766597" lon="-121.073811">
        <ele>1209.3</ele>
        <time>2025-03-08T20:55:42Z</time>
      </trkpt>
      <trkpt lat="47.766614" lon="-121.073814">
        <ele>1209.6</ele>
        <time>2025-03-08T20:55:44Z</time>
      </trkpt>
      <trkpt lat="47.766648" lon="-121.073816">
        <ele>1210.3</ele>
        <time>2025-03-08T20:55:49Z</time>
      </trkpt>
      <trkpt lat="47.766673" lon="-121.073809">
        <ele>1210.7</ele>
        <time>2025-03-08T20:55:53Z</time>
      </trkpt>
      <trkpt lat="47.766685" lon="-121.073809">
        <ele>1211.0</ele>
        <time>2025-03-08T20:55:54Z</time>
      </trkpt>
      <trkpt lat="47.766718" lon="-121.073799">
        <ele>1211.6</ele>
        <time>2025-03-08T20:55:59Z</time>
      </trkpt>
      <trkpt lat="47.766731" lon="-121.0738">
        <ele>1211.9</ele>
        <time>2025-03-08T20:56:02Z</time>
      </trkpt>
      <trkpt lat="47.766739" lon="-121.073817">
        <ele>1212.1</ele>
        <time>2025-03-08T20:56:05Z</time>
      </trkpt>
      <trkpt lat="47.766744" lon="-121.07382">
        <ele>1212.2</ele>
        <time>2025-03-08T20:56:06Z</time>
      </trkpt>
      <trkpt lat="47.766769" lon="-121.073822">
        <ele>1212.7</ele>
        <time>2025-03-08T20:56:10Z</time>
      </trkpt>
      <trkpt lat="47.766792" lon="-121.073829">
        <ele>1213.2</ele>
        <time>2025-03-08T20:56:14Z</time>
      </trkpt>
      <trkpt lat="47.766817" lon="-121.073825">
        <ele>1213.7</ele>
        <time>2025-03-08T20:56:18Z</time>
      </trkpt>
      <trkpt lat="47.766849" lon="-121.073828">
        <ele>1214.3</ele>
        <time>2025-03-08T20:56:24Z</time>
      </trkpt>
      <trkpt lat="47.766858" lon="-121.073816">
        <ele>1214.5</ele>
        <time>2025-03-08T20:56:27Z</time>
      </trkpt>
      <trkpt lat="47.76687" lon="-121.073808">
        <ele>1214.8</ele>
        <time>2025-03-08T20:56:30Z</time>
      </trkpt>
      <trkpt lat="47.766888" lon="-121.073813">
        <ele>1215.1</ele>
        <time>2025-03-08T20:56:34Z</time>
      </trkpt>
      <trkpt lat="47.766897" lon="-121.073811">
        <ele>1215.3</ele>
        <time>2025-03-08T20:56:36Z</time>
      </trkpt>
      <trkpt lat="47.766939" lon="-121.073774">
        <ele>1216.2</ele>
        <time>2025-03-08T20:56:43Z</time>
      </trkpt>
      <trkpt lat="47.766946" lon="-121.073772">
        <ele>1216.4</ele>
        <time>2025-03-08T20:56:44Z</time>
      </trkpt>
      <trkpt lat="47.766981" lon="-121.073776">
        <ele>1217.0</ele>
        <time>2025-03-08T20:56:49Z</time>
      </trkpt>
      <trkpt lat="47.766998" lon="-121.073787">
        <ele>1217.4</ele>
        <time>2025-03-08T20:56:52Z</time>
      </trkpt>
      <trkpt lat="47.767015" lon="-121.073791">
        <ele>1217.7</ele>
        <time>2025-03-08T20:56:54Z</time>
      </trkpt>
      <trkpt lat="47.767065" lon="-121.073789">
        <ele>1218.6</ele>
        <time>2025-03-08T20:57:02Z</time>
      </trkpt>
      <trkpt lat="47.767099" lon="-121.073813">
        <ele>1219.2</ele>
        <time>2025-03-08T20:57:07Z</time>
      </trkpt>
      <trkpt lat="47.767115" lon="-121.073821">
        <ele>1219.5</ele>
        <time>2025-03-08T20:57:09Z</time>
      </trkpt>
      <trkpt lat="47.767137" lon="-121.073817">
        <ele>1219.9</ele>
        <time>2025-03-08T20:57:12Z</time>
      </trkpt>
      <trkpt lat="47.767159" lon="-121.073804">
        <ele>1220.3</ele>
        <time>2025-03-08T20:57:14Z</time>
      </trkpt>
      <trkpt lat="47.767173" lon="-121.073784">
        <ele>1220.6</ele>
        <time>2025-03-08T20:57:17Z</time>
      </trkpt>
      <trkpt lat="47.767186" lon="-121.073772">
        <ele>1220.9</ele>
        <time>2025-03-08T20:57:19Z</time>
      </trkpt>
      <trkpt lat="47.767198" lon="-121.07375">
        <ele>1221.2</ele>
        <time>2025-03-08T20:57:23Z</time>
      </trkpt>
      <trkpt lat="47.767211" lon="-121.073739">
        <ele>1221.4</ele>
        <time>2025-03-08T20:57:27Z</time>
      </trkpt>
      <trkpt lat="47.767237" lon="-121.073734">
        <ele>1221.9</ele>
        <time>2025-03-08T20:57:32Z</time>
      </trkpt>
      <trkpt lat="47.767245" lon="-121.073726">
        <ele>1222.0</ele>
        <time>2025-03-08T20:57:34Z</time>
      </trkpt>
      <trkpt lat="47.767261" lon="-121.07372">
        <ele>1222.3</ele>
        <time>2025-03-08T20:57:35Z</time>
      </trkpt>
      <trkpt lat="47.767289" lon="-121.0737">
        <ele>1222.9</ele>
        <time>2025-03-08T20:57:38Z</time>
      </trkpt>
      <trkpt lat="47.767321" lon="-121.073661">
        <ele>1223.7</ele>
        <time>2025-03-08T20:57:43Z</time>
      </trkpt>
      <trkpt lat="47.767338" lon="-121.073651">
        <ele>1224.0</ele>
        <time>2025-03-08T20:57:44Z</time>
      </trkpt>
      <trkpt lat="47.767357" lon="-121.073647">
        <ele>1224.4</ele>
        <time>2025-03-08T20:57:47Z</time>
      </trkpt>
      <trkpt lat="47.767388" lon="-121.073651">
        <ele>1225.0</ele>
        <time>2025-03-08T20:57:50Z</time>
      </trkpt>
      <trkpt lat="47.767396" lon="-121.073648">
        <ele>1225.2</ele>
        <time>2025-03-08T20:57:51Z</time>
      </trkpt>
      <trkpt lat="47.767453" lon="-121.073656">
        <ele>1226.3</ele>
        <time>2025-03-08T20:57:58Z</time>
      </trkpt>
      <trkpt lat="47.76746" lon="-121.073661">
        <ele>1226.4</ele>
        <time>2025-03-08T20:57:59Z</time>
      </trkpt>
      <trkpt lat="47.767465" lon="-121.073678">
        <ele>1226.7</ele>
        <time>2025-03-08T20:58:01Z</time>
      </trkpt>
      <trkpt lat="47.76748" lon="-121.073709">
        <ele>1227.1</ele>
        <time>2025-03-08T20:58:04Z</time>
      </trkpt>
      <trkpt lat="47.767499" lon="-121.073731">
        <ele>1227.6</ele>
        <time>2025-03-08T20:58:06Z</time>
      </trkpt>
      <trkpt lat="47.767514" lon="-121.073741">
        <ele>1227.8</ele>
        <time>2025-03-08T20:58:08Z</time>
      </trkpt>
      <trkpt lat="47.767527" lon="-121.073743">
        <ele>1228.1</ele>
        <time>2025-03-08T20:58:10Z</time>
      </trkpt>
      <trkpt lat="47.767546" lon="-121.073739">
        <ele>1228.4</ele>
        <time>2025-03-08T20:58:13Z</time>
      </trkpt>
      <trkpt lat="47.767578" lon="-121.073725">
        <ele>1228.9</ele>
        <time>2025-03-08T20:58:19Z</time>
      </trkpt>
      <trkpt lat="47.767597" lon="-121.073712">
        <ele>1229.3</ele>
        <time>2025-03-08T20:58:22Z</time>
      </trkpt>
      <trkpt lat="47.767607" lon="-121.07371">
        <ele>1229.4</ele>
        <time>2025-03-08T20:58:25Z</time>
      </trkpt>
      <trkpt lat="47.76762" lon="-121.0737">
        <ele>1229.7</ele>
        <time>2025-03-08T20:58:28Z</time>
      </trkpt>
      <trkpt lat="47.767637" lon="-121.073705">
        <ele>1230.0</ele>
        <time>2025-03-08T20:58:31Z</time>
      </trkpt>
      <trkpt lat="47.76766" lon="-121.073704">
        <ele>1230.3</ele>
        <time>2025-03-08T20:58:34Z</time>
      </trkpt>
      <trkpt lat="47.767704" lon="-121.073692">
        <ele>1231.1</ele>
        <time>2025-03-08T20:58:41Z</time>
      </trkpt>
      <trkpt lat="47.767735" lon="-121.073681">
        <ele>1231.6</ele>
        <time>2025-03-08T20:58:46Z</time>
      </trkpt>
      <trkpt lat="47.767752" lon="-121.073678">
        <ele>1231.9</ele>
        <time>2025-03-08T20:58:49Z</time>
      </trkpt>
      <trkpt lat="47.767768" lon="-121.07367">
        <ele>1232.2</ele>
        <time>2025-03-08T20:58:51Z</time>
      </trkpt>
      <trkpt lat="47.76778" lon="-121.073658">
        <ele>1232.4</ele>
        <time>2025-03-08T20:58:53Z</time>
      </trkpt>
      <trkpt lat="47.767828" lon="-121.073629">
        <ele>1233.3</ele>
        <time>2025-03-08T20:59:00Z</time>
      </trkpt>
      <trkpt lat="47.767848" lon="-121.073625">
        <ele>1233.7</ele>
        <time>2025-03-08T20:59:04Z</time>
      </trkpt>
      <trkpt lat="47.767868" lon="-121.073627">
        <ele>1234.0</ele>
        <time>2025-03-08T20:59:07Z</time>
      </trkpt>
      <trkpt lat="47.767893" lon="-121.073636">
        <ele>1234.5</ele>
        <time>2025-03-08T20:59:11Z</time>
      </trkpt>
      <trkpt lat="47.767906" lon="-121.073635">
        <ele>1234.7</ele>
        <time>2025-03-08T20:59:13Z</time>
      </trkpt>
      <trkpt lat="47.767974" lon="-121.073603">
        <ele>1236.0</ele>
        <time>2025-03-08T20:59:23Z</time>
      </trkpt>
      <trkpt lat="47.767995" lon="-121.073582">
        <ele>1236.4</ele>
        <time>2025-03-08T20:59:27Z</time>
      </trkpt>
      <trkpt lat="47.768016" lon="-121.073567">
        <ele>1236.9</ele>
        <time>2025-03-08T20:59:30Z</time>
      </trkpt>
      <trkpt lat="47.768037" lon="-121.073548">
        <ele>1237.3</ele>
        <time>2025-03-08T20:59:34Z</time>
      </trkpt>
      <trkpt lat="47.768051" lon="-121.073541">
        <ele>1237.6</ele>
        <time>2025-03-08T20:59:36Z</time>
      </trkpt>
      <trkpt lat="47.768067" lon="-121.073541">
        <ele>1237.9</ele>
        <time>2025-03-08T20:59:37Z</time>
      </trkpt>
      <trkpt lat="47.768095" lon="-121.073545">
        <ele>1238.4</ele>
        <time>2025-03-08T20:59:41Z</time>
      </trkpt>
      <trkpt lat="47.768121" lon="-121.073539">
        <ele>1238.9</ele>
        <time>2025-03-08T20:59:46Z</time>
      </trkpt>
      <trkpt lat="47.768135" lon="-121.073542">
        <ele>1239.2</ele>
        <time>2025-03-08T20:59:49Z</time>
      </trkpt>
      <trkpt lat="47.768157" lon="-121.073539">
        <ele>1239.6</ele>
        <time>2025-03-08T20:59:53Z</time>
      </trkpt>
      <trkpt lat="47.768176" lon="-121.073541">
        <ele>1239.9</ele>
        <time>2025-03-08T20:59:56Z</time>
      </trkpt>
      <trkpt lat="47.768212" lon="-121.073523">
        <ele>1240.7</ele>
        <time>2025-03-08T21:00:00Z</time>
      </trkpt>
      <trkpt lat="47.768224" lon="-121.073511">
        <ele>1241.0</ele>
        <time>2025-03-08T21:00:02Z</time>
      </trkpt>
      <trkpt lat="47.768256" lon="-121.073491">
        <ele>1241.7</ele>
        <time>2025-03-08T21:00:08Z</time>
      </trkpt>
      <trkpt lat="47.768278" lon="-121.073462">
        <ele>1242.3</ele>
        <time>2025-03-08T21:00:13Z</time>
      </trkpt>
      <trkpt lat="47.768316" lon="-121.073429">
        <ele>1243.2</ele>
        <time>2025-03-08T21:00:18Z</time>
      </trkpt>
      <trkpt lat="47.768336" lon="-121.073408">
        <ele>1243.7</ele>
        <time>2025-03-08T21:00:21Z</time>
      </trkpt>
      <trkpt lat="47.768357" lon="-121.073377">
        <ele>1244.3</ele>
        <time>2025-03-08T21:00:26Z</time>
      </trkpt>
      <trkpt lat="47.768385" lon="-121.073359">
        <ele>1244.9</ele>
        <time>2025-03-08T21:00:32Z</time>
      </trkpt>
      <trkpt lat="47.768387" lon="-121.073343">
        <ele>1245.2</ele>
        <time>2025-03-08T21:00:36Z</time>
      </trkpt>
      <trkpt lat="47.768399" lon="-121.07331">
        <ele>1245.7</ele>
        <time>2025-03-08T21:00:40Z</time>
      </trkpt>
      <trkpt lat="47.768422" lon="-121.07327">
        <ele>1246.5</ele>
        <time>2025-03-08T21:00:44Z</time>
      </trkpt>
      <trkpt lat="47.768431" lon="-121.073259">
        <ele>1246.7</ele>
        <time>2025-03-08T21:00:45Z</time>
      </trkpt>
      <trkpt lat="47.768455" lon="-121.073237">
        <ele>1247.3</ele>
        <time>2025-03-08T21:00:49Z</time>
      </trkpt>
      <trkpt lat="47.768501" lon="-121.073203">
        <ele>1248.4</ele>
        <time>2025-03-08T21:00:55Z</time>
      </trkpt>
      <trkpt lat="47.768537" lon="-121.073184">
        <ele>1249.2</ele>
        <time>2025-03-08T21:01:00Z</time>
      </trkpt>
      <trkpt lat="47.76857" lon="-121.073149">
        <ele>1250.1</ele>
        <time>2025-03-08T21:01:06Z</time>
      </trkpt>
      <trkpt lat="47.768613" lon="-121.073108">
        <ele>1251.1</ele>
        <time>2025-03-08T21:01:10Z</time>
      </trkpt>
      <trkpt lat="47.768629" lon="-121.073089">
        <ele>1251.6</ele>
        <time>2025-03-08T21:01:12Z</time>
      </trkpt>
      <trkpt lat="47.768652" lon="-121.073052">
        <ele>1252.3</ele>
        <time>2025-03-08T21:01:16Z</time>
      </trkpt>
      <trkpt lat="47.768672" lon="-121.073029">
        <ele>1252.8</ele>
        <time>2025-03-08T21:01:20Z</time>
      </trkpt>
      <trkpt lat="47.768684" lon="-121.073007">
        <ele>1253.2</ele>
        <time>2025-03-08T21:01:23Z</time>
      </trkpt>
      <trkpt lat="47.768716" lon="-121.072966">
        <ele>1254.1</ele>
        <time>2025-03-08T21:01:29Z</time>
      </trkpt>
      <trkpt lat="47.768731" lon="-121.072951">
        <ele>1254.5</ele>
        <time>2025-03-08T21:01:34Z</time>
      </trkpt>
      <trkpt lat="47.768753" lon="-121.072978">
        <ele>1255.9</ele>
        <time>2025-03-08T21:02:26Z</time>
      </trkpt>
      <trkpt lat="47.768769" lon="-121.07299">
        <ele>1256.3</ele>
        <time>2025-03-08T21:02:28Z</time>
      </trkpt>
      <trkpt lat="47.768787" lon="-121.072992">
        <ele>1256.6</ele>
        <time>2025-03-08T21:02:30Z</time>
      </trkpt>
      <trkpt lat="47.768814" lon="-121.072982">
        <ele>1257.2</ele>
        <time>2025-03-08T21:02:33Z</time>
      </trkpt>
      <trkpt lat="47.768852" lon="-121.072957">
        <ele>1258.0</ele>
        <time>2025-03-08T21:02:37Z</time>
      </trkpt>
      <trkpt lat="47.768862" lon="-121.072948">
        <ele>1258.3</ele>
        <time>2025-03-08T21:02:38Z</time>
      </trkpt>
      <trkpt lat="47.768892" lon="-121.072907">
        <ele>1259.1</ele>
        <time>2025-03-08T21:02:42Z</time>
      </trkpt>
      <trkpt lat="47.768906" lon="-121.072876">
        <ele>1259.6</ele>
        <time>2025-03-08T21:02:45Z</time>
      </trkpt>
      <trkpt lat="47.768916" lon="-121.072862">
        <ele>1259.9</ele>
        <time>2025-03-08T21:02:47Z</time>
      </trkpt>
      <trkpt lat="47.768921" lon="-121.072833">
        <ele>1260.3</ele>
        <time>2025-03-08T21:02:49Z</time>
      </trkpt>
      <trkpt lat="47.768931" lon="-121.072794">
        <ele>1260.9</ele>
        <time>2025-03-08T21:02:52Z</time>
      </trkpt>
      <trkpt lat="47.76894" lon="-121.072771">
        <ele>1261.3</ele>
        <time>2025-03-08T21:02:54Z</time>
      </trkpt>
      <trkpt lat="47.768968" lon="-121.072732">
        <ele>1262.2</ele>
        <time>2025-03-08T21:02:59Z</time>
      </trkpt>
      <trkpt lat="47.768989" lon="-121.072707">
        <ele>1262.8</ele>
        <time>2025-03-08T21:03:03Z</time>
      </trkpt>
      <trkpt lat="47.768986" lon="-121.072687">
        <ele>1264.5</ele>
        <time>2025-03-08T21:03:44Z</time>
      </trkpt>
      <trkpt lat="47.768982" lon="-121.072705">
        <ele>1264.8</ele>
        <time>2025-03-08T21:03:48Z</time>
      </trkpt>
      <trkpt lat="47.768977" lon="-121.072744">
        <ele>1265.4</ele>
        <time>2025-03-08T21:03:53Z</time>
      </trkpt>
      <trkpt lat="47.768995" lon="-121.072756">
        <ele>1265.9</ele>
        <time>2025-03-08T21:03:57Z</time>
      </trkpt>
      <trkpt lat="47.768992" lon="-121.072744">
        <ele>1266.4</ele>
        <time>2025-03-08T21:04:09Z</time>
      </trkpt>
      <trkpt lat="47.768975" lon="-121.072712">
        <ele>1267.1</ele>
        <time>2025-03-08T21:04:25Z</time>
      </trkpt>
      <trkpt lat="47.768974" lon="-121.072699">
        <ele>1268.0</ele>
        <time>2025-03-08T21:04:49Z</time>
      </trkpt>
      <trkpt lat="47.768968" lon="-121.072692">
        <ele>1268.2</ele>
        <time>2025-03-08T21:04:55Z</time>
      </trkpt>
      <trkpt lat="47.768967" lon="-121.072708">
        <ele>1269.0</ele>
        <time>2025-03-08T21:05:11Z</time>
      </trkpt>
      <trkpt lat="47.768974" lon="-121.072727">
        <ele>1269.4</ele>
        <time>2025-03-08T21:05:14Z</time>
      </trkpt>
      <trkpt lat="47.768968" lon="-121.072699">
        <ele>1269.9</ele>
        <time>2025-03-08T21:05:15Z</time>
      </trkpt>
      <trkpt lat="47.768973" lon="-121.072702">
        <ele>1270.0</ele>
        <time>2025-03-08T21:05:20Z</time>
      </trkpt>
      <trkpt lat="47.768963" lon="-121.072677">
        <ele>1270.5</ele>
        <time>2025-03-08T21:05:25Z</time>
      </trkpt>
      <trkpt lat="47.768952" lon="-121.072664">
        <ele>1270.9</ele>
        <time>2025-03-08T21:05:27Z</time>
      </trkpt>
      <trkpt lat="47.768938" lon="-121.072642">
        <ele>1271.4</ele>
        <time>2025-03-08T21:05:30Z</time>
      </trkpt>
      <trkpt lat="47.768924" lon="-121.072628">
        <ele>1271.8</ele>
        <time>2025-03-08T21:05:32Z</time>
      </trkpt>
      <trkpt lat="47.768909" lon="-121.072618">
        <ele>1272.2</ele>
        <time>2025-03-08T21:05:34Z</time>
      </trkpt>
      <trkpt lat="47.768893" lon="-121.0726">
        <ele>1272.7</ele>
        <time>2025-03-08T21:05:37Z</time>
      </trkpt>
      <trkpt lat="47.768878" lon="-121.072565">
        <ele>1273.4</ele>
        <time>2025-03-08T21:05:41Z</time>
      </trkpt>
      <trkpt lat="47.768862" lon="-121.072509">
        <ele>1274.4</ele>
        <time>2025-03-08T21:05:47Z</time>
      </trkpt>
      <trkpt lat="47.768853" lon="-121.072463">
        <ele>1275.2</ele>
        <time>2025-03-08T21:05:51Z</time>
      </trkpt>
      <trkpt lat="47.76885" lon="-121.072435">
        <ele>1275.7</ele>
        <time>2025-03-08T21:05:54Z</time>
      </trkpt>
      <trkpt lat="47.768851" lon="-121.072402">
        <ele>1276.2</ele>
        <time>2025-03-08T21:05:59Z</time>
      </trkpt>
      <trkpt lat="47.768855" lon="-121.072387">
        <ele>1276.4</ele>
        <time>2025-03-08T21:06:04Z</time>
      </trkpt>
      <trkpt lat="47.768833" lon="-121.072338">
        <ele>1277.3</ele>
        <time>2025-03-08T21:06:13Z</time>
      </trkpt>
      <trkpt lat="47.768825" lon="-121.072306">
        <ele>1277.8</ele>
        <time>2025-03-08T21:06:18Z</time>
      </trkpt>
      <trkpt lat="47.768816" lon="-121.072284">
        <ele>1278.2</ele>
        <time>2025-03-08T21:06:22Z</time>
      </trkpt>
      <trkpt lat="47.768791" lon="-121.072237">
        <ele>1279.0</ele>
        <time>2025-03-08T21:06:29Z</time>
      </trkpt>
      <trkpt lat="47.768782" lon="-121.072212">
        <ele>1279.4</ele>
        <time>2025-03-08T21:06:31Z</time>
      </trkpt>
      <trkpt lat="47.768774" lon="-121.07218">
        <ele>1279.8</ele>
        <time>2025-03-08T21:06:33Z</time>
      </trkpt>
      <trkpt lat="47.768765" lon="-121.072153">
        <ele>1280.2</ele>
        <time>2025-03-08T21:06:35Z</time>
      </trkpt>
      <trkpt lat="47.768734" lon="-121.072101">
        <ele>1281.1</ele>
        <time>2025-03-08T21:06:39Z</time>
      </trkpt>
      <trkpt lat="47.768726" lon="-121.072077">
        <ele>1281.4</ele>
        <time>2025-03-08T21:06:41Z</time>
      </trkpt>
      <trkpt lat="47.768727" lon="-121.07202">
        <ele>1282.0</ele>
        <time>2025-03-08T21:06:47Z</time>
      </trkpt>
      <trkpt lat="47.768715" lon="-121.071965">
        <ele>1282.7</ele>
        <time>2025-03-08T21:06:54Z</time>
      </trkpt>
      <trkpt lat="47.768721" lon="-121.071935">
        <ele>1283.0</ele>
        <time>2025-03-08T21:06:58Z</time>
      </trkpt>
      <trkpt lat="47.768733" lon="-121.071914">
        <ele>1283.3</ele>
        <time>2025-03-08T21:07:01Z</time>
      </trkpt>
      <trkpt lat="47.768749" lon="-121.071881">
        <ele>1283.7</ele>
        <time>2025-03-08T21:07:05Z</time>
      </trkpt>
      <trkpt lat="47.768754" lon="-121.071853">
        <ele>1284.0</ele>
        <time>2025-03-08T21:07:08Z</time>
      </trkpt>
      <trkpt lat="47.768753" lon="-121.071791">
        <ele>1284.6</ele>
        <time>2025-03-08T21:07:14Z</time>
      </trkpt>
      <trkpt lat="47.768749" lon="-121.071779">
        <ele>1284.7</ele>
        <time>2025-03-08T21:07:16Z</time>
      </trkpt>
      <trkpt lat="47.768757" lon="-121.07174">
        <ele>1285.1</ele>
        <time>2025-03-08T21:07:22Z</time>
      </trkpt>
      <trkpt lat="47.768759" lon="-121.071721">
        <ele>1285.2</ele>
        <time>2025-03-08T21:07:24Z</time>
      </trkpt>
      <trkpt lat="47.768755" lon="-121.071692">
        <ele>1285.5</ele>
        <time>2025-03-08T21:07:26Z</time>
      </trkpt>
      <trkpt lat="47.76875" lon="-121.071681">
        <ele>1285.6</ele>
        <time>2025-03-08T21:07:27Z</time>
      </trkpt>
      <trkpt lat="47.768732" lon="-121.071664">
        <ele>1285.9</ele>
        <time>2025-03-08T21:07:30Z</time>
      </trkpt>
      <trkpt lat="47.768717" lon="-121.071639">
        <ele>1286.2</ele>
        <time>2025-03-08T21:07:33Z</time>
      </trkpt>
      <trkpt lat="47.76871" lon="-121.071618">
        <ele>1286.4</ele>
        <time>2025-03-08T21:07:36Z</time>
      </trkpt>
      <trkpt lat="47.768706" lon="-121.071597">
        <ele>1286.6</ele>
        <time>2025-03-08T21:07:39Z</time>
      </trkpt>
      <trkpt lat="47.768695" lon="-121.071559">
        <ele>1287.0</ele>
        <time>2025-03-08T21:07:42Z</time>
      </trkpt>
      <trkpt lat="47.768689" lon="-121.071511">
        <ele>1287.4</ele>
        <time>2025-03-08T21:07:47Z</time>
      </trkpt>
      <trkpt lat="47.768684" lon="-121.071499">
        <ele>1287.6</ele>
        <time>2025-03-08T21:07:50Z</time>
      </trkpt>
      <trkpt lat="47.768679" lon="-121.071504">
        <ele>1287.7</ele>
        <time>2025-03-08T21:07:53Z</time>
      </trkpt>
      <trkpt lat="47.768661" lon="-121.071498">
        <ele>1287.9</ele>
        <time>2025-03-08T21:07:56Z</time>
      </trkpt>
      <trkpt lat="47.768638" lon="-121.071484">
        <ele>1288.2</ele>
        <time>2025-03-08T21:07:59Z</time>
      </trkpt>
      <trkpt lat="47.768624" lon="-121.071467">
        <ele>1288.5</ele>
        <time>2025-03-08T21:08:01Z</time>
      </trkpt>
      <trkpt lat="47.768608" lon="-121.071433">
        <ele>1288.8</ele>
        <time>2025-03-08T21:08:04Z</time>
      </trkpt>
      <trkpt lat="47.7686" lon="-121.071398">
        <ele>1289.2</ele>
        <time>2025-03-08T21:08:07Z</time>
      </trkpt>
      <trkpt lat="47.768597" lon="-121.071358">
        <ele>1289.5</ele>
        <time>2025-03-08T21:08:11Z</time>
      </trkpt>
      <trkpt lat="47.768597" lon="-121.071331">
        <ele>1289.8</ele>
        <time>2025-03-08T21:08:13Z</time>
      </trkpt>
      <trkpt lat="47.768594" lon="-121.071318">
        <ele>1289.9</ele>
        <time>2025-03-08T21:08:14Z</time>
      </trkpt>
      <trkpt lat="47.768584" lon="-121.071296">
        <ele>1290.1</ele>
        <time>2025-03-08T21:08:16Z</time>
      </trkpt>
      <trkpt lat="47.768573" lon="-121.071281">
        <ele>1290.3</ele>
        <time>2025-03-08T21:08:18Z</time>
      </trkpt>
      <trkpt lat="47.768566" lon="-121.071257">
        <ele>1290.6</ele>
        <time>2025-03-08T21:08:20Z</time>
      </trkpt>
      <trkpt lat="47.768565" lon="-121.07122">
        <ele>1290.9</ele>
        <time>2025-03-08T21:08:23Z</time>
      </trkpt>
      <trkpt lat="47.768554" lon="-121.071191">
        <ele>1291.2</ele>
        <time>2025-03-08T21:08:26Z</time>
      </trkpt>
      <trkpt lat="47.76855" lon="-121.071175">
        <ele>1291.4</ele>
        <time>2025-03-08T21:08:27Z</time>
      </trkpt>
      <trkpt lat="47.768537" lon="-121.071147">
        <ele>1291.7</ele>
        <time>2025-03-08T21:08:30Z</time>
      </trkpt>
      <trkpt lat="47.768521" lon="-121.071124">
        <ele>1292.0</ele>
        <time>2025-03-08T21:08:32Z</time>
      </trkpt>
      <trkpt lat="47.768513" lon="-121.071124">
        <ele>1292.2</ele>
        <time>2025-03-08T21:08:33Z</time>
      </trkpt>
      <trkpt lat="47.76849" lon="-121.071104">
        <ele>1292.6</ele>
        <time>2025-03-08T21:08:37Z</time>
      </trkpt>
      <trkpt lat="47.768465" lon="-121.071097">
        <ele>1292.9</ele>
        <time>2025-03-08T21:08:44Z</time>
      </trkpt>
      <trkpt lat="47.768444" lon="-121.071095">
        <ele>1293.2</ele>
        <time>2025-03-08T21:08:48Z</time>
      </trkpt>
      <trkpt lat="47.768431" lon="-121.071089">
        <ele>1293.4</ele>
        <time>2025-03-08T21:08:50Z</time>
      </trkpt>
      <trkpt lat="47.768408" lon="-121.071066">
        <ele>1293.9</ele>
        <time>2025-03-08T21:08:53Z</time>
      </trkpt>
      <trkpt lat="47.768382" lon="-121.071016">
        <ele>1294.5</ele>
        <time>2025-03-08T21:08:57Z</time>
      </trkpt>
      <trkpt lat="47.768371" lon="-121.071001">
        <ele>1294.7</ele>
        <time>2025-03-08T21:08:59Z</time>
      </trkpt>
      <trkpt lat="47.768353" lon="-121.070986">
        <ele>1295.0</ele>
        <time>2025-03-08T21:09:02Z</time>
      </trkpt>
      <trkpt lat="47.768349" lon="-121.070975">
        <ele>1295.1</ele>
        <time>2025-03-08T21:09:04Z</time>
      </trkpt>
      <trkpt lat="47.768331" lon="-121.07087">
        <ele>1296.2</ele>
        <time>2025-03-08T21:09:15Z</time>
      </trkpt>
      <trkpt lat="47.768321" lon="-121.070855">
        <ele>1296.4</ele>
        <time>2025-03-08T21:09:18Z</time>
      </trkpt>
      <trkpt lat="47.768308" lon="-121.070848">
        <ele>1296.6</ele>
        <time>2025-03-08T21:09:20Z</time>
      </trkpt>
      <trkpt lat="47.768269" lon="-121.070812">
        <ele>1297.2</ele>
        <time>2025-03-08T21:09:28Z</time>
      </trkpt>
      <trkpt lat="47.768233" lon="-121.07079">
        <ele>1297.8</ele>
        <time>2025-03-08T21:09:34Z</time>
      </trkpt>
      <trkpt lat="47.76821" lon="-121.070772">
        <ele>1298.3</ele>
        <time>2025-03-08T21:09:37Z</time>
      </trkpt>
      <trkpt lat="47.768192" lon="-121.07075">
        <ele>1298.6</ele>
        <time>2025-03-08T21:09:41Z</time>
      </trkpt>
      <trkpt lat="47.768177" lon="-121.070739">
        <ele>1298.9</ele>
        <time>2025-03-08T21:09:43Z</time>
      </trkpt>
      <trkpt lat="47.768164" lon="-121.070735">
        <ele>1299.2</ele>
        <time>2025-03-08T21:09:45Z</time>
      </trkpt>
      <trkpt lat="47.768133" lon="-121.070735">
        <ele>1299.8</ele>
        <time>2025-03-08T21:09:50Z</time>
      </trkpt>
      <trkpt lat="47.768119" lon="-121.070729">
        <ele>1300.1</ele>
        <time>2025-03-08T21:09:52Z</time>
      </trkpt>
      <trkpt lat="47.768094" lon="-121.070728">
        <ele>1300.6</ele>
        <time>2025-03-08T21:10:00Z</time>
      </trkpt>
      <trkpt lat="47.768057" lon="-121.070697">
        <ele>1301.6</ele>
        <time>2025-03-08T21:10:06Z</time>
      </trkpt>
      <trkpt lat="47.768049" lon="-121.070681">
        <ele>1301.9</ele>
        <time>2025-03-08T21:10:10Z</time>
      </trkpt>
      <trkpt lat="47.768036" lon="-121.070621">
        <ele>1302.9</ele>
        <time>2025-03-08T21:10:18Z</time>
      </trkpt>
      <trkpt lat="47.768012" lon="-121.070587">
        <ele>1303.7</ele>
        <time>2025-03-08T21:10:24Z</time>
      </trkpt>
      <trkpt lat="47.767979" lon="-121.070562">
        <ele>1304.6</ele>
        <time>2025-03-08T21:10:34Z</time>
      </trkpt>
      <trkpt lat="47.767956" lon="-121.070561">
        <ele>1305.2</ele>
        <time>2025-03-08T21:10:38Z</time>
      </trkpt>
      <trkpt lat="47.767936" lon="-121.070569">
        <ele>1305.7</ele>
        <time>2025-03-08T21:10:41Z</time>
      </trkpt>
      <trkpt lat="47.767901" lon="-121.070599">
        <ele>1306.7</ele>
        <time>2025-03-08T21:10:49Z</time>
      </trkpt>
      <trkpt lat="47.767888" lon="-121.070604">
        <ele>1307.0</ele>
        <time>2025-03-08T21:10:52Z</time>
      </trkpt>
      <trkpt lat="47.767868" lon="-121.07062">
        <ele>1307.6</ele>
        <time>2025-03-08T21:10:55Z</time>
      </trkpt>
      <trkpt lat="47.767842" lon="-121.070635">
        <ele>1308.2</ele>
        <time>2025-03-08T21:10:58Z</time>
      </trkpt>
      <trkpt lat="47.767813" lon="-121.070643">
        <ele>1309.0</ele>
        <time>2025-03-08T21:11:02Z</time>
      </trkpt>
      <trkpt lat="47.767798" lon="-121.070639">
        <ele>1309.3</ele>
        <time>2025-03-08T21:11:04Z</time>
      </trkpt>
      <trkpt lat="47.767759" lon="-121.070616">
        <ele>1310.4</ele>
        <time>2025-03-08T21:11:11Z</time>
      </trkpt>
      <trkpt lat="47.767734" lon="-121.07058">
        <ele>1311.2</ele>
        <time>2025-03-08T21:11:17Z</time>
      </trkpt>
      <trkpt lat="47.767727" lon="-121.070562">
        <ele>1311.6</ele>
        <time>2025-03-08T21:11:20Z</time>
      </trkpt>
      <trkpt lat="47.767721" lon="-121.070515">
        <ele>1312.4</ele>
        <time>2025-03-08T21:11:26Z</time>
      </trkpt>
      <trkpt lat="47.767719" lon="-121.070467">
        <ele>1313.2</ele>
        <time>2025-03-08T21:11:31Z</time>
      </trkpt>
      <trkpt lat="47.767713" lon="-121.070449">
        <ele>1313.5</ele>
        <time>2025-03-08T21:11:37Z</time>
      </trkpt>
      <trkpt lat="47.767717" lon="-121.070426">
        <ele>1313.9</ele>
        <time>2025-03-08T21:11:42Z</time>
      </trkpt>
      <trkpt lat="47.767707" lon="-121.070407">
        <ele>1314.3</ele>
        <time>2025-03-08T21:11:45Z</time>
      </trkpt>
      <trkpt lat="47.767661" lon="-121.070405">
        <ele>1315.5</ele>
        <time>2025-03-08T21:11:52Z</time>
      </trkpt>
      <trkpt lat="47.767639" lon="-121.070388">
        <ele>1316.0</ele>
        <time>2025-03-08T21:11:57Z</time>
      </trkpt>
      <trkpt lat="47.767625" lon="-121.070385">
        <ele>1316.4</ele>
        <time>2025-03-08T21:12:00Z</time>
      </trkpt>
      <trkpt lat="47.767603" lon="-121.070394">
        <ele>1316.9</ele>
        <time>2025-03-08T21:12:07Z</time>
      </trkpt>
      <trkpt lat="47.767559" lon="-121.070435">
        <ele>1318.1</ele>
        <time>2025-03-08T21:12:16Z</time>
      </trkpt>
      <trkpt lat="47.767534" lon="-121.070461">
        <ele>1318.9</ele>
        <time>2025-03-08T21:12:21Z</time>
      </trkpt>
      <trkpt lat="47.767506" lon="-121.070501">
        <ele>1319.8</ele>
        <time>2025-03-08T21:12:26Z</time>
      </trkpt>
      <trkpt lat="47.767492" lon="-121.070517">
        <ele>1320.2</ele>
        <time>2025-03-08T21:12:28Z</time>
      </trkpt>
      <trkpt lat="47.76745" lon="-121.07055">
        <ele>1321.3</ele>
        <time>2025-03-08T21:12:37Z</time>
      </trkpt>
      <trkpt lat="47.767445" lon="-121.070562">
        <ele>1321.5</ele>
        <time>2025-03-08T21:12:39Z</time>
      </trkpt>
      <trkpt lat="47.767417" lon="-121.070591">
        <ele>1322.3</ele>
        <time>2025-03-08T21:12:45Z</time>
      </trkpt>
      <trkpt lat="47.767391" lon="-121.070594">
        <ele>1323.0</ele>
        <time>2025-03-08T21:12:52Z</time>
      </trkpt>
      <trkpt lat="47.767366" lon="-121.070587">
        <ele>1323.6</ele>
        <time>2025-03-08T21:12:59Z</time>
      </trkpt>
      <trkpt lat="47.767337" lon="-121.070586">
        <ele>1324.3</ele>
        <time>2025-03-08T21:13:03Z</time>
      </trkpt>
      <trkpt lat="47.767308" lon="-121.070594">
        <ele>1325.0</ele>
        <time>2025-03-08T21:13:09Z</time>
      </trkpt>
      <trkpt lat="47.767316" lon="-121.070615">
        <ele>1325.4</ele>
        <time>2025-03-08T21:13:16Z</time>
      </trkpt>
      <trkpt lat="47.767331" lon="-121.070629">
        <ele>1325.8</ele>
        <time>2025-03-08T21:13:20Z</time>
      </trkpt>
      <trkpt lat="47.767333" lon="-121.070635">
        <ele>1325.9</ele>
        <time>2025-03-08T21:13:22Z</time>
      </trkpt>
      <trkpt lat="47.767319" lon="-121.070661">
        <ele>1326.5</ele>
        <time>2025-03-08T21:13:26Z</time>
      </trkpt>
      <trkpt lat="47.767312" lon="-121.070692">
        <ele>1327.0</ele>
        <time>2025-03-08T21:13:28Z</time>
      </trkpt>
      <trkpt lat="47.767317" lon="-121.070733">
        <ele>1327.8</ele>
        <time>2025-03-08T21:13:31Z</time>
      </trkpt>
      <trkpt lat="47.767326" lon="-121.070769">
        <ele>1328.4</ele>
        <time>2025-03-08T21:13:37Z</time>
      </trkpt>
      <trkpt lat="47.767334" lon="-121.070792">
        <ele>1329.4</ele>
        <time>2025-03-08T21:13:57Z</time>
      </trkpt>
      <trkpt lat="47.767309" lon="-121.070807">
        <ele>1330.1</ele>
        <time>2025-03-08T21:14:03Z</time>
      </trkpt>
      <trkpt lat="47.767283" lon="-121.070799">
        <ele>1330.7</ele>
        <time>2025-03-08T21:14:06Z</time>
      </trkpt>
      <trkpt lat="47.76726" lon="-121.070784">
        <ele>1331.4</ele>
        <time>2025-03-08T21:14:08Z</time>
      </trkpt>
      <trkpt lat="47.767234" lon="-121.07077">
        <ele>1332.1</ele>
        <time>2025-03-08T21:14:11Z</time>
      </trkpt>
      <trkpt lat="47.767186" lon="-121.070747">
        <ele>1333.4</ele>
        <time>2025-03-08T21:14:16Z</time>
      </trkpt>
      <trkpt lat="47.76716" lon="-121.070737">
        <ele>1334.1</ele>
        <time>2025-03-08T21:14:20Z</time>
      </trkpt>
      <trkpt lat="47.767119" lon="-121.070731">
        <ele>1335.1</ele>
        <time>2025-03-08T21:14:27Z</time>
      </trkpt>
      <trkpt lat="47.767094" lon="-121.070724">
        <ele>1335.8</ele>
        <time>2025-03-08T21:14:31Z</time>
      </trkpt>
      <trkpt lat="47.767058" lon="-121.070723">
        <ele>1336.8</ele>
        <time>2025-03-08T21:14:37Z</time>
      </trkpt>
      <trkpt lat="47.767044" lon="-121.070728">
        <ele>1337.1</ele>
        <time>2025-03-08T21:14:39Z</time>
      </trkpt>
      <trkpt lat="47.767027" lon="-121.070739">
        <ele>1337.6</ele>
        <time>2025-03-08T21:14:42Z</time>
      </trkpt>
      <trkpt lat="47.767014" lon="-121.070741">
        <ele>1338.0</ele>
        <time>2025-03-08T21:14:44Z</time>
      </trkpt>
      <trkpt lat="47.767" lon="-121.070734">
        <ele>1338.3</ele>
        <time>2025-03-08T21:14:46Z</time>
      </trkpt>
      <trkpt lat="47.766985" lon="-121.070719">
        <ele>1338.8</ele>
        <time>2025-03-08T21:14:48Z</time>
      </trkpt>
      <trkpt lat="47.766962" lon="-121.070684">
        <ele>1339.6</ele>
        <time>2025-03-08T21:14:51Z</time>
      </trkpt>
      <trkpt lat="47.766938" lon="-121.070661">
        <ele>1340.3</ele>
        <time>2025-03-08T21:14:55Z</time>
      </trkpt>
      <trkpt lat="47.766915" lon="-121.070651">
        <ele>1340.9</ele>
        <time>2025-03-08T21:15:00Z</time>
      </trkpt>
      <trkpt lat="47.766905" lon="-121.07065">
        <ele>1341.2</ele>
        <time>2025-03-08T21:15:02Z</time>
      </trkpt>
      <trkpt lat="47.766886" lon="-121.070657">
        <ele>1341.6</ele>
        <time>2025-03-08T21:15:08Z</time>
      </trkpt>
      <trkpt lat="47.766854" lon="-121.070643">
        <ele>1342.4</ele>
        <time>2025-03-08T21:15:15Z</time>
      </trkpt>
      <trkpt lat="47.766831" lon="-121.070637">
        <ele>1343.0</ele>
        <time>2025-03-08T21:15:19Z</time>
      </trkpt>
      <trkpt lat="47.7668" lon="-121.070609">
        <ele>1343.8</ele>
        <time>2025-03-08T21:15:24Z</time>
      </trkpt>
      <trkpt lat="47.766777" lon="-121.070583">
        <ele>1344.4</ele>
        <time>2025-03-08T21:15:28Z</time>
      </trkpt>
      <trkpt lat="47.766762" lon="-121.070573">
        <ele>1344.8</ele>
        <time>2025-03-08T21:15:30Z</time>
      </trkpt>
      <trkpt lat="47.766739" lon="-121.070569">
        <ele>1345.3</ele>
        <time>2025-03-08T21:15:33Z</time>
      </trkpt>
      <trkpt lat="47.766723" lon="-121.070571">
        <ele>1345.7</ele>
        <time>2025-03-08T21:15:35Z</time>
      </trkpt>
      <trkpt lat="47.766715" lon="-121.070568">
        <ele>1345.9</ele>
        <time>2025-03-08T21:15:37Z</time>
      </trkpt>
      <trkpt lat="47.766683" lon="-121.07057">
        <ele>1346.6</ele>
        <time>2025-03-08T21:15:45Z</time>
      </trkpt>
      <trkpt lat="47.766668" lon="-121.070568">
        <ele>1346.9</ele>
        <time>2025-03-08T21:15:47Z</time>
      </trkpt>
      <trkpt lat="47.766626" lon="-121.070557">
        <ele>1347.9</ele>
        <time>2025-03-08T21:15:54Z</time>
      </trkpt>
      <trkpt lat="47.7666" lon="-121.07057">
        <ele>1348.6</ele>
        <time>2025-03-08T21:16:02Z</time>
      </trkpt>
      <trkpt lat="47.766588" lon="-121.070557">
        <ele>1349.1</ele>
        <time>2025-03-08T21:16:12Z</time>
      </trkpt>
      <trkpt lat="47.766545" lon="-121.070472">
        <ele>1350.7</ele>
        <time>2025-03-08T21:16:20Z</time>
      </trkpt>
      <trkpt lat="47.766513" lon="-121.070436">
        <ele>1351.6</ele>
        <time>2025-03-08T21:16:25Z</time>
      </trkpt>
      <trkpt lat="47.766492" lon="-121.070406">
        <ele>1352.2</ele>
        <time>2025-03-08T21:16:28Z</time>
      </trkpt>
      <trkpt lat="47.766488" lon="-121.070388">
        <ele>1352.5</ele>
        <time>2025-03-08T21:16:30Z</time>
      </trkpt>
      <trkpt lat="47.766492" lon="-121.07038">
        <ele>1352.9</ele>
        <time>2025-03-08T21:16:40Z</time>
      </trkpt>
      <trkpt lat="47.766487" lon="-121.070357">
        <ele>1353.2</ele>
        <time>2025-03-08T21:16:43Z</time>
      </trkpt>
      <trkpt lat="47.766487" lon="-121.070343">
        <ele>1353.4</ele>
        <time>2025-03-08T21:16:45Z</time>
      </trkpt>
      <trkpt lat="47.766492" lon="-121.070321">
        <ele>1353.7</ele>
        <time>2025-03-08T21:16:48Z</time>
      </trkpt>
      <trkpt lat="47.766506" lon="-121.070294">
        <ele>1354.1</ele>
        <time>2025-03-08T21:16:53Z</time>
      </trkpt>
      <trkpt lat="47.766526" lon="-121.070261">
        <ele>1354.7</ele>
        <time>2025-03-08T21:16:57Z</time>
      </trkpt>
      <trkpt lat="47.766537" lon="-121.070249">
        <ele>1355.0</ele>
        <time>2025-03-08T21:16:59Z</time>
      </trkpt>
      <trkpt lat="47.76656" lon="-121.070236">
        <ele>1355.5</ele>
        <time>2025-03-08T21:17:05Z</time>
      </trkpt>
      <trkpt lat="47.766584" lon="-121.070219">
        <ele>1356.0</ele>
        <time>2025-03-08T21:17:09Z</time>
      </trkpt>
      <trkpt lat="47.766607" lon="-121.070206">
        <ele>1356.5</ele>
        <time>2025-03-08T21:17:11Z</time>
      </trkpt>
      <trkpt lat="47.766626" lon="-121.070192">
        <ele>1356.9</ele>
        <time>2025-03-08T21:17:14Z</time>
      </trkpt>
      <trkpt lat="47.766651" lon="-121.070181">
        <ele>1357.4</ele>
        <time>2025-03-08T21:17:20Z</time>
      </trkpt>
      <trkpt lat="47.766675" lon="-121.070135">
        <ele>1358.2</ele>
        <time>2025-03-08T21:17:26Z</time>
      </trkpt>
      <trkpt lat="47.766687" lon="-121.070115">
        <ele>1358.6</ele>
        <time>2025-03-08T21:17:28Z</time>
      </trkpt>
      <trkpt lat="47.766699" lon="-121.070087">
        <ele>1359.1</ele>
        <time>2025-03-08T21:17:31Z</time>
      </trkpt>
      <trkpt lat="47.76671" lon="-121.070047">
        <ele>1359.7</ele>
        <time>2025-03-08T21:17:37Z</time>
      </trkpt>
      <trkpt lat="47.766708" lon="-121.070035">
        <ele>1359.9</ele>
        <time>2025-03-08T21:17:39Z</time>
      </trkpt>
      <trkpt lat="47.7667" lon="-121.070042">
        <ele>1360.1</ele>
        <time>2025-03-08T21:17:46Z</time>
      </trkpt>
      <trkpt lat="47.766701" lon="-121.070013">
        <ele>1360.5</ele>
        <time>2025-03-08T21:17:54Z</time>
      </trkpt>
      <trkpt lat="47.766699" lon="-121.069998">
        <ele>1361.2</ele>
        <time>2025-03-08T21:18:20Z</time>
      </trkpt>
      <trkpt lat="47.766707" lon="-121.06999">
        <ele>1362.6</ele>
        <time>2025-03-08T21:18:46Z</time>
      </trkpt>
      <trkpt lat="47.766716" lon="-121.069999">
        <ele>1362.8</ele>
        <time>2025-03-08T21:18:48Z</time>
      </trkpt>
      <trkpt lat="47.766693" lon="-121.070006">
        <ele>1363.4</ele>
        <time>2025-03-08T21:18:54Z</time>
      </trkpt>
      <trkpt lat="47.766695" lon="-121.06999">
        <ele>1363.6</ele>
        <time>2025-03-08T21:18:58Z</time>
      </trkpt>
      <trkpt lat="47.7667" lon="-121.069986">
        <ele>1364.1</ele>
        <time>2025-03-08T21:19:11Z</time>
      </trkpt>
      <trkpt lat="47.766701" lon="-121.069967">
        <ele>1364.4</ele>
        <time>2025-03-08T21:19:16Z</time>
      </trkpt>
      <trkpt lat="47.766691" lon="-121.069916">
        <ele>1365.2</ele>
        <time>2025-03-08T21:19:23Z</time>
      </trkpt>
      <trkpt lat="47.766685" lon="-121.069897">
        <ele>1365.5</ele>
        <time>2025-03-08T21:19:26Z</time>
      </trkpt>
      <trkpt lat="47.766672" lon="-121.069882">
        <ele>1365.9</ele>
        <time>2025-03-08T21:19:30Z</time>
      </trkpt>
      <trkpt lat="47.766631" lon="-121.069871">
        <ele>1366.8</ele>
        <time>2025-03-08T21:19:38Z</time>
      </trkpt>
      <trkpt lat="47.766616" lon="-121.069875">
        <ele>1367.2</ele>
        <time>2025-03-08T21:19:41Z</time>
      </trkpt>
      <trkpt lat="47.766604" lon="-121.069889">
        <ele>1367.5</ele>
        <time>2025-03-08T21:19:44Z</time>
      </trkpt>
      <trkpt lat="47.766579" lon="-121.069905">
        <ele>1368.2</ele>
        <time>2025-03-08T21:19:49Z</time>
      </trkpt>
      <trkpt lat="47.766565" lon="-121.069909">
        <ele>1368.5</ele>
        <time>2025-03-08T21:19:52Z</time>
      </trkpt>
      <trkpt lat="47.76653" lon="-121.069899">
        <ele>1369.4</ele>
        <time>2025-03-08T21:19:59Z</time>
      </trkpt>
      <trkpt lat="47.766502" lon="-121.069886">
        <ele>1370.1</ele>
        <time>2025-03-08T21:20:04Z</time>
      </trkpt>
      <trkpt lat="47.766479" lon="-121.069866">
        <ele>1370.7</ele>
        <time>2025-03-08T21:20:10Z</time>
      </trkpt>
      <trkpt lat="47.766463" lon="-121.069865">
        <ele>1371.1</ele>
        <time>2025-03-08T21:20:14Z</time>
      </trkpt>
      <trkpt lat="47.766449" lon="-121.069858">
        <ele>1371.4</ele>
        <time>2025-03-08T21:20:18Z</time>
      </trkpt>
      <trkpt lat="47.766441" lon="-121.069849">
        <ele>1371.7</ele>
        <time>2025-03-08T21:20:20Z</time>
      </trkpt>
      <trkpt lat="47.766402" lon="-121.069828">
        <ele>1372.6</ele>
        <time>2025-03-08T21:20:26Z</time>
      </trkpt>
      <trkpt lat="47.766372" lon="-121.069819">
        <ele>1373.2</ele>
        <time>2025-03-08T21:20:30Z</time>
      </trkpt>
      <trkpt lat="47.766356" lon="-121.069798">
        <ele>1373.6</ele>
        <time>2025-03-08T21:20:36Z</time>
      </trkpt>
      <trkpt lat="47.766345" lon="-121.069778">
        <ele>1374.0</ele>
        <time>2025-03-08T21:20:40Z</time>
      </trkpt>
      <trkpt lat="47.766325" lon="-121.06976">
        <ele>1374.5</ele>
        <time>2025-03-08T21:20:51Z</time>
      </trkpt>
      <trkpt lat="47.7663" lon="-121.069755">
        <ele>1374.9</ele>
        <time>2025-03-08T21:20:59Z</time>
      </trkpt>
      <trkpt lat="47.766269" lon="-121.069746">
        <ele>1375.5</ele>
        <time>2025-03-08T21:21:03Z</time>
      </trkpt>
      <trkpt lat="47.766241" lon="-121.069735">
        <ele>1376.0</ele>
        <time>2025-03-08T21:21:06Z</time>
      </trkpt>
      <trkpt lat="47.766215" lon="-121.069715">
        <ele>1376.5</ele>
        <time>2025-03-08T21:21:10Z</time>
      </trkpt>
      <trkpt lat="47.766196" lon="-121.069703">
        <ele>1376.8</ele>
        <time>2025-03-08T21:21:12Z</time>
      </trkpt>
      <trkpt lat="47.766154" lon="-121.069655">
        <ele>1377.5</ele>
        <time>2025-03-08T21:21:20Z</time>
      </trkpt>
      <trkpt lat="47.766148" lon="-121.069634">
        <ele>1377.7</ele>
        <time>2025-03-08T21:21:23Z</time>
      </trkpt>
      <trkpt lat="47.766144" lon="-121.069608">
        <ele>1377.9</ele>
        <time>2025-03-08T21:21:26Z</time>
      </trkpt>
      <trkpt lat="47.76613" lon="-121.069549">
        <ele>1378.4</ele>
        <time>2025-03-08T21:21:33Z</time>
      </trkpt>
      <trkpt lat="47.766131" lon="-121.069529">
        <ele>1378.5</ele>
        <time>2025-03-08T21:21:36Z</time>
      </trkpt>
      <trkpt lat="47.766129" lon="-121.069507">
        <ele>1378.6</ele>
        <time>2025-03-08T21:21:41Z</time>
      </trkpt>
      <trkpt lat="47.76616" lon="-121.069485">
        <ele>1378.9</ele>
        <time>2025-03-08T21:21:50Z</time>
      </trkpt>
      <trkpt lat="47.766178" lon="-121.069466">
        <ele>1379.1</ele>
        <time>2025-03-08T21:21:52Z</time>
      </trkpt>
      <trkpt lat="47.766197" lon="-121.069422">
        <ele>1379.4</ele>
        <time>2025-03-08T21:21:57Z</time>
      </trkpt>
      <trkpt lat="47.766204" lon="-121.069412">
        <ele>1379.5</ele>
        <time>2025-03-08T21:21:59Z</time>
      </trkpt>
      <trkpt lat="47.766223" lon="-121.069395">
        <ele>1379.7</ele>
        <time>2025-03-08T21:22:02Z</time>
      </trkpt>
      <trkpt lat="47.766253" lon="-121.069384">
        <ele>1380.0</ele>
        <time>2025-03-08T21:22:05Z</time>
      </trkpt>
      <trkpt lat="47.766272" lon="-121.069382">
        <ele>1380.2</ele>
        <time>2025-03-08T21:22:07Z</time>
      </trkpt>
      <trkpt lat="47.766305" lon="-121.069371">
        <ele>1380.6</ele>
        <time>2025-03-08T21:22:10Z</time>
      </trkpt>
      <trkpt lat="47.766315" lon="-121.069364">
        <ele>1380.7</ele>
        <time>2025-03-08T21:22:12Z</time>
      </trkpt>
      <trkpt lat="47.766355" lon="-121.069345">
        <ele>1381.1</ele>
        <time>2025-03-08T21:22:20Z</time>
      </trkpt>
      <trkpt lat="47.766396" lon="-121.069311">
        <ele>1381.7</ele>
        <time>2025-03-08T21:22:30Z</time>
      </trkpt>
      <trkpt lat="47.766416" lon="-121.069297">
        <ele>1382.0</ele>
        <time>2025-03-08T21:22:36Z</time>
      </trkpt>
      <trkpt lat="47.76643" lon="-121.069274">
        <ele>1382.2</ele>
        <time>2025-03-08T21:22:39Z</time>
      </trkpt>
      <trkpt lat="47.766445" lon="-121.06924">
        <ele>1382.6</ele>
        <time>2025-03-08T21:22:42Z</time>
      </trkpt>
      <trkpt lat="47.766459" lon="-121.069218">
        <ele>1382.9</ele>
        <time>2025-03-08T21:22:44Z</time>
      </trkpt>
      <trkpt lat="47.766472" lon="-121.069203">
        <ele>1383.1</ele>
        <time>2025-03-08T21:22:46Z</time>
      </trkpt>
      <trkpt lat="47.766496" lon="-121.06916">
        <ele>1383.7</ele>
        <time>2025-03-08T21:22:51Z</time>
      </trkpt>
      <trkpt lat="47.766516" lon="-121.069135">
        <ele>1384.2</ele>
        <time>2025-03-08T21:22:54Z</time>
      </trkpt>
      <trkpt lat="47.766531" lon="-121.069111">
        <ele>1384.5</ele>
        <time>2025-03-08T21:22:57Z</time>
      </trkpt>
      <trkpt lat="47.766556" lon="-121.069033">
        <ele>1385.7</ele>
        <time>2025-03-08T21:23:10Z</time>
      </trkpt>
      <trkpt lat="47.766566" lon="-121.069018">
        <ele>1386.0</ele>
        <time>2025-03-08T21:23:15Z</time>
      </trkpt>
      <trkpt lat="47.766586" lon="-121.068945">
        <ele>1387.1</ele>
        <time>2025-03-08T21:23:22Z</time>
      </trkpt>
      <trkpt lat="47.76659" lon="-121.068899">
        <ele>1387.8</ele>
        <time>2025-03-08T21:23:26Z</time>
      </trkpt>
      <trkpt lat="47.76659" lon="-121.068854">
        <ele>1388.5</ele>
        <time>2025-03-08T21:23:31Z</time>
      </trkpt>
      <trkpt lat="47.766588" lon="-121.068834">
        <ele>1388.8</ele>
        <time>2025-03-08T21:23:35Z</time>
      </trkpt>
      <trkpt lat="47.766555" lon="-121.068713">
        <ele>1390.6</ele>
        <time>2025-03-08T21:23:51Z</time>
      </trkpt>
      <trkpt lat="47.766556" lon="-121.068705">
        <ele>1390.7</ele>
        <time>2025-03-08T21:23:53Z</time>
      </trkpt>
      <trkpt lat="47.766552" lon="-121.068663">
        <ele>1391.2</ele>
        <time>2025-03-08T21:23:58Z</time>
      </trkpt>
      <trkpt lat="47.766555" lon="-121.068606">
        <ele>1392.0</ele>
        <time>2025-03-08T21:24:02Z</time>
      </trkpt>
      <trkpt lat="47.766555" lon="-121.068533">
        <ele>1392.9</ele>
        <time>2025-03-08T21:24:11Z</time>
      </trkpt>
      <trkpt lat="47.766551" lon="-121.0685">
        <ele>1393.3</ele>
        <time>2025-03-08T21:24:15Z</time>
      </trkpt>
      <trkpt lat="47.766548" lon="-121.068452">
        <ele>1393.9</ele>
        <time>2025-03-08T21:24:19Z</time>
      </trkpt>
      <trkpt lat="47.766549" lon="-121.068421">
        <ele>1394.2</ele>
        <time>2025-03-08T21:24:21Z</time>
      </trkpt>
      <trkpt lat="47.766558" lon="-121.068381">
        <ele>1394.7</ele>
        <time>2025-03-08T21:24:25Z</time>
      </trkpt>
      <trkpt lat="47.766562" lon="-121.068371">
        <ele>1394.9</ele>
        <time>2025-03-08T21:24:29Z</time>
      </trkpt>
      <trkpt lat="47.766561" lon="-121.068354">
        <ele>1395.1</ele>
        <time>2025-03-08T21:24:32Z</time>
      </trkpt>
      <trkpt lat="47.766552" lon="-121.068335">
        <ele>1395.3</ele>
        <time>2025-03-08T21:24:35Z</time>
      </trkpt>
      <trkpt lat="47.766538" lon="-121.068291">
        <ele>1395.9</ele>
        <time>2025-03-08T21:24:40Z</time>
      </trkpt>
      <trkpt lat="47.766519" lon="-121.068261">
        <ele>1396.3</ele>
        <time>2025-03-08T21:24:44Z</time>
      </trkpt>
      <trkpt lat="47.766507" lon="-121.06823">
        <ele>1396.5</ele>
        <time>2025-03-08T21:24:48Z</time>
      </trkpt>
      <trkpt lat="47.766482" lon="-121.068175">
        <ele>1397.1</ele>
        <time>2025-03-08T21:24:55Z</time>
      </trkpt>
      <trkpt lat="47.76647" lon="-121.068145">
        <ele>1397.3</ele>
        <time>2025-03-08T21:24:59Z</time>
      </trkpt>
      <trkpt lat="47.766464" lon="-121.068116">
        <ele>1397.6</ele>
        <time>2025-03-08T21:25:02Z</time>
      </trkpt>
      <trkpt lat="47.766453" lon="-121.068086">
        <ele>1397.9</ele>
        <time>2025-03-08T21:25:06Z</time>
      </trkpt>
      <trkpt lat="47.766451" lon="-121.068067">
        <ele>1398.0</ele>
        <time>2025-03-08T21:25:08Z</time>
      </trkpt>
      <trkpt lat="47.766437" lon="-121.068017">
        <ele>1398.5</ele>
        <time>2025-03-08T21:25:14Z</time>
      </trkpt>
      <trkpt lat="47.766425" lon="-121.067993">
        <ele>1398.8</ele>
        <time>2025-03-08T21:25:16Z</time>
      </trkpt>
      <trkpt lat="47.766407" lon="-121.067952">
        <ele>1399.2</ele>
        <time>2025-03-08T21:25:20Z</time>
      </trkpt>
      <trkpt lat="47.766403" lon="-121.067933">
        <ele>1399.4</ele>
        <time>2025-03-08T21:25:22Z</time>
      </trkpt>
      <trkpt lat="47.766399" lon="-121.067885">
        <ele>1399.9</ele>
        <time>2025-03-08T21:25:26Z</time>
      </trkpt>
      <trkpt lat="47.766396" lon="-121.067876">
        <ele>1400.0</ele>
        <time>2025-03-08T21:25:27Z</time>
      </trkpt>
      <trkpt lat="47.766363" lon="-121.067837">
        <ele>1400.5</ele>
        <time>2025-03-08T21:25:32Z</time>
      </trkpt>
      <trkpt lat="47.766323" lon="-121.067816">
        <ele>1401.1</ele>
        <time>2025-03-08T21:25:36Z</time>
      </trkpt>
      <trkpt lat="47.766306" lon="-121.067813">
        <ele>1401.4</ele>
        <time>2025-03-08T21:25:39Z</time>
      </trkpt>
      <trkpt lat="47.766282" lon="-121.067796">
        <ele>1401.7</ele>
        <time>2025-03-08T21:25:43Z</time>
      </trkpt>
      <trkpt lat="47.766274" lon="-121.067784">
        <ele>1401.9</ele>
        <time>2025-03-08T21:25:45Z</time>
      </trkpt>
      <trkpt lat="47.766262" lon="-121.067776">
        <ele>1402.1</ele>
        <time>2025-03-08T21:25:48Z</time>
      </trkpt>
      <trkpt lat="47.766231" lon="-121.067772">
        <ele>1402.5</ele>
        <time>2025-03-08T21:25:53Z</time>
      </trkpt>
      <trkpt lat="47.766208" lon="-121.067767">
        <ele>1402.9</ele>
        <time>2025-03-08T21:25:56Z</time>
      </trkpt>
      <trkpt lat="47.766184" lon="-121.067766">
        <ele>1403.2</ele>
        <time>2025-03-08T21:26:00Z</time>
      </trkpt>
      <trkpt lat="47.76616" lon="-121.067784">
        <ele>1403.7</ele>
        <time>2025-03-08T21:26:03Z</time>
      </trkpt>
      <trkpt lat="47.76615" lon="-121.067796">
        <ele>1403.9</ele>
        <time>2025-03-08T21:26:04Z</time>
      </trkpt>
      <trkpt lat="47.76614" lon="-121.067802">
        <ele>1404.0</ele>
        <time>2025-03-08T21:26:05Z</time>
      </trkpt>
      <trkpt lat="47.766119" lon="-121.067842">
        <ele>1404.7</ele>
        <time>2025-03-08T21:26:09Z</time>
      </trkpt>
      <trkpt lat="47.7661" lon="-121.067873">
        <ele>1405.2</ele>
        <time>2025-03-08T21:26:15Z</time>
      </trkpt>
      <trkpt lat="47.766083" lon="-121.067879">
        <ele>1405.6</ele>
        <time>2025-03-08T21:26:19Z</time>
      </trkpt>
      <trkpt lat="47.766051" lon="-121.067884">
        <ele>1406.2</ele>
        <time>2025-03-08T21:26:25Z</time>
      </trkpt>
      <trkpt lat="47.766029" lon="-121.067881">
        <ele>1406.7</ele>
        <time>2025-03-08T21:26:30Z</time>
      </trkpt>
      <trkpt lat="47.766006" lon="-121.067872">
        <ele>1407.2</ele>
        <time>2025-03-08T21:26:34Z</time>
      </trkpt>
      <trkpt lat="47.765981" lon="-121.067857">
        <ele>1407.8</ele>
        <time>2025-03-08T21:26:37Z</time>
      </trkpt>
      <trkpt lat="47.76595" lon="-121.067844">
        <ele>1408.5</ele>
        <time>2025-03-08T21:26:44Z</time>
      </trkpt>
      <trkpt lat="47.765936" lon="-121.067852">
        <ele>1409.1</ele>
        <time>2025-03-08T21:27:00Z</time>
      </trkpt>
      <trkpt lat="47.765928" lon="-121.067861">
        <ele>1409.4</ele>
        <time>2025-03-08T21:27:04Z</time>
      </trkpt>
      <trkpt lat="47.765914" lon="-121.067864">
        <ele>1409.7</ele>
        <time>2025-03-08T21:27:06Z</time>
      </trkpt>
      <trkpt lat="47.765909" lon="-121.067873">
        <ele>1409.9</ele>
        <time>2025-03-08T21:27:08Z</time>
      </trkpt>
      <trkpt lat="47.765886" lon="-121.067879">
        <ele>1410.4</ele>
        <time>2025-03-08T21:27:15Z</time>
      </trkpt>
      <trkpt lat="47.76587" lon="-121.067873">
        <ele>1410.8</ele>
        <time>2025-03-08T21:27:18Z</time>
      </trkpt>
      <trkpt lat="47.765863" lon="-121.067824">
        <ele>1411.5</ele>
        <time>2025-03-08T21:27:26Z</time>
      </trkpt>
      <trkpt lat="47.765854" lon="-121.067795">
        <ele>1411.9</ele>
        <time>2025-03-08T21:27:28Z</time>
      </trkpt>
      <trkpt lat="47.765835" lon="-121.067757">
        <ele>1412.6</ele>
        <time>2025-03-08T21:27:31Z</time>
      </trkpt>
      <trkpt lat="47.76582" lon="-121.06774">
        <ele>1413.0</ele>
        <time>2025-03-08T21:27:33Z</time>
      </trkpt>
      <trkpt lat="47.765789" lon="-121.067723">
        <ele>1413.6</ele>
        <time>2025-03-08T21:27:37Z</time>
      </trkpt>
      <trkpt lat="47.765774" lon="-121.067723">
        <ele>1413.9</ele>
        <time>2025-03-08T21:27:40Z</time>
      </trkpt>
      <trkpt lat="47.765758" lon="-121.067731">
        <ele>1414.3</ele>
        <time>2025-03-08T21:27:45Z</time>
      </trkpt>
      <trkpt lat="47.765753" lon="-121.067738">
        <ele>1414.4</ele>
        <time>2025-03-08T21:27:50Z</time>
      </trkpt>
      <trkpt lat="47.765738" lon="-121.067746">
        <ele>1414.7</ele>
        <time>2025-03-08T21:27:55Z</time>
      </trkpt>
      <trkpt lat="47.765722" lon="-121.067739">
        <ele>1415.0</ele>
        <time>2025-03-08T21:28:00Z</time>
      </trkpt>
      <trkpt lat="47.765708" lon="-121.067727">
        <ele>1415.4</ele>
        <time>2025-03-08T21:28:03Z</time>
      </trkpt>
      <trkpt lat="47.765687" lon="-121.067719">
        <ele>1415.8</ele>
        <time>2025-03-08T21:28:06Z</time>
      </trkpt>
      <trkpt lat="47.765669" lon="-121.067718">
        <ele>1416.1</ele>
        <time>2025-03-08T21:28:09Z</time>
      </trkpt>
      <trkpt lat="47.765645" lon="-121.067743">
        <ele>1416.7</ele>
        <time>2025-03-08T21:28:13Z</time>
      </trkpt>
      <trkpt lat="47.765602" lon="-121.067798">
        <ele>1417.8</ele>
        <time>2025-03-08T21:28:20Z</time>
      </trkpt>
      <trkpt lat="47.765569" lon="-121.067826">
        <ele>1418.5</ele>
        <time>2025-03-08T21:28:25Z</time>
      </trkpt>
      <trkpt lat="47.765557" lon="-121.067826">
        <ele>1418.7</ele>
        <time>2025-03-08T21:28:27Z</time>
      </trkpt>
      <trkpt lat="47.765549" lon="-121.067818">
        <ele>1418.9</ele>
        <time>2025-03-08T21:28:29Z</time>
      </trkpt>
      <trkpt lat="47.765537" lon="-121.067798">
        <ele>1419.2</ele>
        <time>2025-03-08T21:28:31Z</time>
      </trkpt>
      <trkpt lat="47.765525" lon="-121.06777">
        <ele>1419.6</ele>
        <time>2025-03-08T21:28:33Z</time>
      </trkpt>
      <trkpt lat="47.765517" lon="-121.067741">
        <ele>1420.0</ele>
        <time>2025-03-08T21:28:35Z</time>
      </trkpt>
      <trkpt lat="47.765515" lon="-121.067701">
        <ele>1420.4</ele>
        <time>2025-03-08T21:28:38Z</time>
      </trkpt>
      <trkpt lat="47.765521" lon="-121.067663">
        <ele>1420.9</ele>
        <time>2025-03-08T21:28:41Z</time>
      </trkpt>
      <trkpt lat="47.76553" lon="-121.067632">
        <ele>1421.3</ele>
        <time>2025-03-08T21:28:45Z</time>
      </trkpt>
      <trkpt lat="47.765536" lon="-121.06763">
        <ele>1421.4</ele>
        <time>2025-03-08T21:28:46Z</time>
      </trkpt>
      <trkpt lat="47.765555" lon="-121.067605">
        <ele>1421.8</ele>
        <time>2025-03-08T21:28:49Z</time>
      </trkpt>
      <trkpt lat="47.765598" lon="-121.06754">
        <ele>1422.8</ele>
        <time>2025-03-08T21:28:55Z</time>
      </trkpt>
      <trkpt lat="47.765606" lon="-121.067524">
        <ele>1423.0</ele>
        <time>2025-03-08T21:28:57Z</time>
      </trkpt>
      <trkpt lat="47.765618" lon="-121.067508">
        <ele>1423.3</ele>
        <time>2025-03-08T21:28:59Z</time>
      </trkpt>
      <trkpt lat="47.765629" lon="-121.067488">
        <ele>1423.6</ele>
        <time>2025-03-08T21:29:02Z</time>
      </trkpt>
      <trkpt lat="47.765658" lon="-121.067452">
        <ele>1424.2</ele>
        <time>2025-03-08T21:29:10Z</time>
      </trkpt>
      <trkpt lat="47.765671" lon="-121.06743">
        <ele>1424.5</ele>
        <time>2025-03-08T21:29:13Z</time>
      </trkpt>
      <trkpt lat="47.765684" lon="-121.067417">
        <ele>1424.8</ele>
        <time>2025-03-08T21:29:16Z</time>
      </trkpt>
      <trkpt lat="47.765705" lon="-121.067384">
        <ele>1425.2</ele>
        <time>2025-03-08T21:29:21Z</time>
      </trkpt>
      <trkpt lat="47.765714" lon="-121.067363">
        <ele>1425.5</ele>
        <time>2025-03-08T21:29:24Z</time>
      </trkpt>
      <trkpt lat="47.765728" lon="-121.067343">
        <ele>1425.8</ele>
        <time>2025-03-08T21:29:29Z</time>
      </trkpt>
      <trkpt lat="47.76573" lon="-121.06732">
        <ele>1426.1</ele>
        <time>2025-03-08T21:29:35Z</time>
      </trkpt>
      <trkpt lat="47.765735" lon="-121.067311">
        <ele>1426.2</ele>
        <time>2025-03-08T21:29:36Z</time>
      </trkpt>
      <trkpt lat="47.765755" lon="-121.067289">
        <ele>1426.6</ele>
        <time>2025-03-08T21:29:38Z</time>
      </trkpt>
      <trkpt lat="47.765778" lon="-121.067277">
        <ele>1427.0</ele>
        <time>2025-03-08T21:29:42Z</time>
      </trkpt>
      <trkpt lat="47.765778" lon="-121.067246">
        <ele>1427.8</ele>
        <time>2025-03-08T21:29:45Z</time>
      </trkpt>
      <trkpt lat="47.765768" lon="-121.067197">
        <ele>1428.6</ele>
        <time>2025-03-08T21:29:48Z</time>
      </trkpt>
      <trkpt lat="47.765761" lon="-121.067184">
        <ele>1429.5</ele>
        <time>2025-03-08T21:29:49Z</time>
      </trkpt>
      <trkpt lat="47.765741" lon="-121.067163">
        <ele>1430.2</ele>
        <time>2025-03-08T21:29:52Z</time>
      </trkpt>
      <trkpt lat="47.765729" lon="-121.067158">
        <ele>1430.2</ele>
        <time>2025-03-08T21:29:53Z</time>
      </trkpt>
      <trkpt lat="47.765709" lon="-121.067138">
        <ele>1431.6</ele>
        <time>2025-03-08T21:29:56Z</time>
      </trkpt>
      <trkpt lat="47.765698" lon="-121.067123">
        <ele>1431.6</ele>
        <time>2025-03-08T21:29:58Z</time>
      </trkpt>
      <trkpt lat="47.765692" lon="-121.067109">
        <ele>1432.1</ele>
        <time>2025-03-08T21:30:01Z</time>
      </trkpt>
      <trkpt lat="47.76569" lon="-121.067092">
        <ele>1432.9</ele>
        <time>2025-03-08T21:30:05Z</time>
      </trkpt>
      <trkpt lat="47.765702" lon="-121.067065">
        <ele>1432.4</ele>
        <time>2025-03-08T21:30:09Z</time>
      </trkpt>
      <trkpt lat="47.765713" lon="-121.067033">
        <ele>1433.2</ele>
        <time>2025-03-08T21:30:13Z</time>
      </trkpt>
      <trkpt lat="47.765729" lon="-121.067015">
        <ele>1433.3</ele>
        <time>2025-03-08T21:30:16Z</time>
      </trkpt>
      <trkpt lat="47.765763" lon="-121.066963">
        <ele>1433.4</ele>
        <time>2025-03-08T21:30:23Z</time>
      </trkpt>
      <trkpt lat="47.765776" lon="-121.066934">
        <ele>1433.4</ele>
        <time>2025-03-08T21:30:26Z</time>
      </trkpt>
      <trkpt lat="47.765791" lon="-121.066866">
        <ele>1434.2</ele>
        <time>2025-03-08T21:30:30Z</time>
      </trkpt>
      <trkpt lat="47.765795" lon="-121.066822">
        <ele>1434.9</ele>
        <time>2025-03-08T21:30:32Z</time>
      </trkpt>
      <trkpt lat="47.765792" lon="-121.066704">
        <ele>1437.0</ele>
        <time>2025-03-08T21:30:44Z</time>
      </trkpt>
      <trkpt lat="47.765785" lon="-121.066673">
        <ele>1437.7</ele>
        <time>2025-03-08T21:30:52Z</time>
      </trkpt>
      <trkpt lat="47.765787" lon="-121.066659">
        <ele>1437.7</ele>
        <time>2025-03-08T21:30:57Z</time>
      </trkpt>
      <trkpt lat="47.765782" lon="-121.066628">
        <ele>1438.4</ele>
        <time>2025-03-08T21:31:02Z</time>
      </trkpt>
      <trkpt lat="47.76577" lon="-121.06659">
        <ele>1439.2</ele>
        <time>2025-03-08T21:31:07Z</time>
      </trkpt>
      <trkpt lat="47.76577" lon="-121.066551">
        <ele>1440.0</ele>
        <time>2025-03-08T21:31:11Z</time>
      </trkpt>
      <trkpt lat="47.765779" lon="-121.06652">
        <ele>1440.7</ele>
        <time>2025-03-08T21:31:14Z</time>
      </trkpt>
      <trkpt lat="47.765785" lon="-121.066507">
        <ele>1439.9</ele>
        <time>2025-03-08T21:31:16Z</time>
      </trkpt>
      <trkpt lat="47.765806" lon="-121.066474">
        <ele>1440.6</ele>
        <time>2025-03-08T21:31:20Z</time>
      </trkpt>
      <trkpt lat="47.765813" lon="-121.066456">
        <ele>1440.4</ele>
        <time>2025-03-08T21:31:22Z</time>
      </trkpt>
      <trkpt lat="47.765817" lon="-121.066428">
        <ele>1440.4</ele>
        <time>2025-03-08T21:31:25Z</time>
      </trkpt>
      <trkpt lat="47.765817" lon="-121.066389">
        <ele>1441.2</ele>
        <time>2025-03-08T21:31:28Z</time>
      </trkpt>
      <trkpt lat="47.765819" lon="-121.066375">
        <ele>1441.2</ele>
        <time>2025-03-08T21:31:29Z</time>
      </trkpt>
      <trkpt lat="47.76582" lon="-121.066334">
        <ele>1441.9</ele>
        <time>2025-03-08T21:31:32Z</time>
      </trkpt>
      <trkpt lat="47.765815" lon="-121.066269">
        <ele>1443.3</ele>
        <time>2025-03-08T21:31:37Z</time>
      </trkpt>
      <trkpt lat="47.765816" lon="-121.066258">
        <ele>1443.3</ele>
        <time>2025-03-08T21:31:38Z</time>
      </trkpt>
      <trkpt lat="47.765811" lon="-121.066226">
        <ele>1443.9</ele>
        <time>2025-03-08T21:31:41Z</time>
      </trkpt>
      <trkpt lat="47.765803" lon="-121.066206">
        <ele>1444.6</ele>
        <time>2025-03-08T21:31:43Z</time>
      </trkpt>
      <trkpt lat="47.765794" lon="-121.066192">
        <ele>1445.2</ele>
        <time>2025-03-08T21:31:44Z</time>
      </trkpt>
      <trkpt lat="47.765772" lon="-121.066177">
        <ele>1445.9</ele>
        <time>2025-03-08T21:31:47Z</time>
      </trkpt>
      <trkpt lat="47.76576" lon="-121.066163">
        <ele>1445.9</ele>
        <time>2025-03-08T21:31:49Z</time>
      </trkpt>
      <trkpt lat="47.765758" lon="-121.066155">
        <ele>1446.5</ele>
        <time>2025-03-08T21:31:50Z</time>
      </trkpt>
      <trkpt lat="47.76574" lon="-121.066138">
        <ele>1447.2</ele>
        <time>2025-03-08T21:31:55Z</time>
      </trkpt>
      <trkpt lat="47.765719" lon="-121.066132">
        <ele>1447.8</ele>
        <time>2025-03-08T21:31:59Z</time>
      </trkpt>
      <trkpt lat="47.765702" lon="-121.066107">
        <ele>1448.4</ele>
        <time>2025-03-08T21:32:03Z</time>
      </trkpt>
      <trkpt lat="47.765693" lon="-121.06609">
        <ele>1449.0</ele>
        <time>2025-03-08T21:32:05Z</time>
      </trkpt>
      <trkpt lat="47.765683" lon="-121.066083">
        <ele>1449.0</ele>
        <time>2025-03-08T21:32:07Z</time>
      </trkpt>
      <trkpt lat="47.765666" lon="-121.06608">
        <ele>1449.6</ele>
        <time>2025-03-08T21:32:09Z</time>
      </trkpt>
      <trkpt lat="47.765641" lon="-121.066085">
        <ele>1449.6</ele>
        <time>2025-03-08T21:32:13Z</time>
      </trkpt>
      <trkpt lat="47.765627" lon="-121.066085">
        <ele>1450.2</ele>
        <time>2025-03-08T21:32:14Z</time>
      </trkpt>
      <trkpt lat="47.765612" lon="-121.066091">
        <ele>1450.2</ele>
        <time>2025-03-08T21:32:17Z</time>
      </trkpt>
      <trkpt lat="47.765576" lon="-121.066116">
        <ele>1451.5</ele>
        <time>2025-03-08T21:32:22Z</time>
      </trkpt>
      <trkpt lat="47.765534" lon="-121.066109">
        <ele>1452.0</ele>
        <time>2025-03-08T21:32:30Z</time>
      </trkpt>
      <trkpt lat="47.765514" lon="-121.066099">
        <ele>1452.5</ele>
        <time>2025-03-08T21:32:33Z</time>
      </trkpt>
      <trkpt lat="47.765497" lon="-121.066082">
        <ele>1452.5</ele>
        <time>2025-03-08T21:32:36Z</time>
      </trkpt>
      <trkpt lat="47.765453" lon="-121.066045">
        <ele>1454.2</ele>
        <time>2025-03-08T21:32:44Z</time>
      </trkpt>
      <trkpt lat="47.765443" lon="-121.066034">
        <ele>1454.2</ele>
        <time>2025-03-08T21:32:45Z</time>
      </trkpt>
      <trkpt lat="47.765442" lon="-121.066016">
        <ele>1454.9</ele>
        <time>2025-03-08T21:32:47Z</time>
      </trkpt>
      <trkpt lat="47.76543" lon="-121.066001">
        <ele>1455.3</ele>
        <time>2025-03-08T21:32:50Z</time>
      </trkpt>
      <trkpt lat="47.76539" lon="-121.065968">
        <ele>1456.4</ele>
        <time>2025-03-08T21:32:55Z</time>
      </trkpt>
      <trkpt lat="47.765374" lon="-121.06596">
        <ele>1456.7</ele>
        <time>2025-03-08T21:32:57Z</time>
      </trkpt>
      <trkpt lat="47.765339" lon="-121.065952">
        <ele>1457.1</ele>
        <time>2025-03-08T21:33:05Z</time>
      </trkpt>
      <trkpt lat="47.765313" lon="-121.065944">
        <ele>1458.2</ele>
        <time>2025-03-08T21:33:09Z</time>
      </trkpt>
      <trkpt lat="47.765296" lon="-121.06595">
        <ele>1457.4</ele>
        <time>2025-03-08T21:33:11Z</time>
      </trkpt>
      <trkpt lat="47.765271" lon="-121.065965">
        <ele>1457.8</ele>
        <time>2025-03-08T21:33:14Z</time>
      </trkpt>
      <trkpt lat="47.765268" lon="-121.065971">
        <ele>1457.8</ele>
        <time>2025-03-08T21:33:16Z</time>
      </trkpt>
      <trkpt lat="47.765276" lon="-121.065982">
        <ele>1457.8</ele>
        <time>2025-03-08T21:33:21Z</time>
      </trkpt>
      <trkpt lat="47.765283" lon="-121.065977">
        <ele>1457.8</ele>
        <time>2025-03-08T21:33:26Z</time>
      </trkpt>
      <trkpt lat="47.765273" lon="-121.065949">
        <ele>1457.8</ele>
        <time>2025-03-08T21:33:34Z</time>
      </trkpt>
      <trkpt lat="47.765265" lon="-121.065945">
        <ele>1458.6</ele>
        <time>2025-03-08T21:33:36Z</time>
      </trkpt>
      <trkpt lat="47.765255" lon="-121.065951">
        <ele>1458.1</ele>
        <time>2025-03-08T21:33:38Z</time>
      </trkpt>
      <trkpt lat="47.765213" lon="-121.065959">
        <ele>1458.4</ele>
        <time>2025-03-08T21:33:43Z</time>
      </trkpt>
      <trkpt lat="47.765193" lon="-121.065956">
        <ele>1458.7</ele>
        <time>2025-03-08T21:33:46Z</time>
      </trkpt>
      <trkpt lat="47.765158" lon="-121.065964">
        <ele>1459.1</ele>
        <time>2025-03-08T21:33:50Z</time>
      </trkpt>
      <trkpt lat="47.765155" lon="-121.065974">
        <ele>1459.1</ele>
        <time>2025-03-08T21:33:51Z</time>
      </trkpt>
      <trkpt lat="47.765152" lon="-121.066015">
        <ele>1458.3</ele>
        <time>2025-03-08T21:33:54Z</time>
      </trkpt>
      <trkpt lat="47.765146" lon="-121.066043">
        <ele>1457.9</ele>
        <time>2025-03-08T21:34:02Z</time>
      </trkpt>
      <trkpt lat="47.765128" lon="-121.066044">
        <ele>1457.9</ele>
        <time>2025-03-08T21:34:05Z</time>
      </trkpt>
      <trkpt lat="47.765111" lon="-121.066037">
        <ele>1458.3</ele>
        <time>2025-03-08T21:34:09Z</time>
      </trkpt>
      <trkpt lat="47.765066" lon="-121.065991">
        <ele>1459.6</ele>
        <time>2025-03-08T21:34:14Z</time>
      </trkpt>
      <trkpt lat="47.76504" lon="-121.065939">
        <ele>1461.8</ele>
        <time>2025-03-08T21:34:16Z</time>
      </trkpt>
      <trkpt lat="47.76502" lon="-121.065893">
        <ele>1463.1</ele>
        <time>2025-03-08T21:34:18Z</time>
      </trkpt>
      <trkpt lat="47.765002" lon="-121.065872">
        <ele>1463.6</ele>
        <time>2025-03-08T21:34:20Z</time>
      </trkpt>
      <trkpt lat="47.764977" lon="-121.065852">
        <ele>1464.4</ele>
        <time>2025-03-08T21:34:23Z</time>
      </trkpt>
      <trkpt lat="47.764955" lon="-121.065843">
        <ele>1464.8</ele>
        <time>2025-03-08T21:34:26Z</time>
      </trkpt>
      <trkpt lat="47.764936" lon="-121.065818">
        <ele>1465.2</ele>
        <time>2025-03-08T21:34:30Z</time>
      </trkpt>
      <trkpt lat="47.764913" lon="-121.065808">
        <ele>1466.4</ele>
        <time>2025-03-08T21:34:33Z</time>
      </trkpt>
      <trkpt lat="47.764895" lon="-121.065792">
        <ele>1466.4</ele>
        <time>2025-03-08T21:34:36Z</time>
      </trkpt>
      <trkpt lat="47.764877" lon="-121.065783">
        <ele>1466.9</ele>
        <time>2025-03-08T21:34:39Z</time>
      </trkpt>
      <trkpt lat="47.764855" lon="-121.065782">
        <ele>1467.5</ele>
        <time>2025-03-08T21:34:42Z</time>
      </trkpt>
      <trkpt lat="47.764838" lon="-121.06577">
        <ele>1468.3</ele>
        <time>2025-03-08T21:34:45Z</time>
      </trkpt>
      <trkpt lat="47.764834" lon="-121.06576">
        <ele>1468.3</ele>
        <time>2025-03-08T21:34:47Z</time>
      </trkpt>
      <trkpt lat="47.764825" lon="-121.065753">
        <ele>1468.8</ele>
        <time>2025-03-08T21:34:54Z</time>
      </trkpt>
      <trkpt lat="47.764825" lon="-121.06574">
        <ele>1468.8</ele>
        <time>2025-03-08T21:34:59Z</time>
      </trkpt>
      <trkpt lat="47.764839" lon="-121.065696">
        <ele>1469.1</ele>
        <time>2025-03-08T21:35:05Z</time>
      </trkpt>
      <trkpt lat="47.764837" lon="-121.065683">
        <ele>1470.0</ele>
        <time>2025-03-08T21:35:07Z</time>
      </trkpt>
      <trkpt lat="47.764829" lon="-121.065677">
        <ele>1470.6</ele>
        <time>2025-03-08T21:35:09Z</time>
      </trkpt>
      <trkpt lat="47.76482" lon="-121.06566">
        <ele>1470.6</ele>
        <time>2025-03-08T21:35:12Z</time>
      </trkpt>
      <trkpt lat="47.7648" lon="-121.065653">
        <ele>1471.2</ele>
        <time>2025-03-08T21:35:16Z</time>
      </trkpt>
      <trkpt lat="47.764789" lon="-121.065645">
        <ele>1472.2</ele>
        <time>2025-03-08T21:35:18Z</time>
      </trkpt>
      <trkpt lat="47.764777" lon="-121.065643">
        <ele>1472.2</ele>
        <time>2025-03-08T21:35:20Z</time>
      </trkpt>
      <trkpt lat="47.76476" lon="-121.065657">
        <ele>1471.8</ele>
        <time>2025-03-08T21:35:27Z</time>
      </trkpt>
      <trkpt lat="47.764738" lon="-121.065658">
        <ele>1472.4</ele>
        <time>2025-03-08T21:35:31Z</time>
      </trkpt>
      <trkpt lat="47.764723" lon="-121.065663">
        <ele>1472.4</ele>
        <time>2025-03-08T21:35:33Z</time>
      </trkpt>
      <trkpt lat="47.764701" lon="-121.065681">
        <ele>1473.1</ele>
        <time>2025-03-08T21:35:36Z</time>
      </trkpt>
      <trkpt lat="47.764684" lon="-121.065709">
        <ele>1472.8</ele>
        <time>2025-03-08T21:35:40Z</time>
      </trkpt>
      <trkpt lat="47.764683" lon="-121.065724">
        <ele>1472.8</ele>
        <time>2025-03-08T21:35:42Z</time>
      </trkpt>
      <trkpt lat="47.764695" lon="-121.065767">
        <ele>1471.2</ele>
        <time>2025-03-08T21:35:47Z</time>
      </trkpt>
      <trkpt lat="47.764712" lon="-121.0658">
        <ele>1470.3</ele>
        <time>2025-03-08T21:35:52Z</time>
      </trkpt>
      <trkpt lat="47.764708" lon="-121.065817">
        <ele>1469.5</ele>
        <time>2025-03-08T21:35:58Z</time>
      </trkpt>
      <trkpt lat="47.764702" lon="-121.065812">
        <ele>1470.3</ele>
        <time>2025-03-08T21:36:01Z</time>
      </trkpt>
      <trkpt lat="47.76469" lon="-121.065792">
        <ele>1470.3</ele>
        <time>2025-03-08T21:36:05Z</time>
      </trkpt>
      <trkpt lat="47.764672" lon="-121.065779">
        <ele>1471.0</ele>
        <time>2025-03-08T21:36:11Z</time>
      </trkpt>
      <trkpt lat="47.764632" lon="-121.06572">
        <ele>1473.5</ele>
        <time>2025-03-08T21:36:24Z</time>
      </trkpt>
      <trkpt lat="47.764605" lon="-121.065687">
        <ele>1475.0</ele>
        <time>2025-03-08T21:36:29Z</time>
      </trkpt>
      <trkpt lat="47.764569" lon="-121.065668">
        <ele>1476.2</ele>
        <time>2025-03-08T21:36:35Z</time>
      </trkpt>
      <trkpt lat="47.764556" lon="-121.065671">
        <ele>1476.2</ele>
        <time>2025-03-08T21:36:39Z</time>
      </trkpt>
      <trkpt lat="47.764548" lon="-121.065645">
        <ele>1477.1</ele>
        <time>2025-03-08T21:36:44Z</time>
      </trkpt>
      <trkpt lat="47.764544" lon="-121.065605">
        <ele>1477.1</ele>
        <time>2025-03-08T21:36:49Z</time>
      </trkpt>
      <trkpt lat="47.764547" lon="-121.065546">
        <ele>1478.9</ele>
        <time>2025-03-08T21:36:53Z</time>
      </trkpt>
      <trkpt lat="47.764551" lon="-121.065526">
        <ele>1478.9</ele>
        <time>2025-03-08T21:36:55Z</time>
      </trkpt>
      <trkpt lat="47.764568" lon="-121.065483">
        <ele>1479.8</ele>
        <time>2025-03-08T21:36:58Z</time>
      </trkpt>
      <trkpt lat="47.764587" lon="-121.065448">
        <ele>1480.2</ele>
        <time>2025-03-08T21:37:03Z</time>
      </trkpt>
      <trkpt lat="47.764606" lon="-121.065399">
        <ele>1480.6</ele>
        <time>2025-03-08T21:37:11Z</time>
      </trkpt>
      <trkpt lat="47.764616" lon="-121.065383">
        <ele>1481.5</ele>
        <time>2025-03-08T21:37:13Z</time>
      </trkpt>
      <trkpt lat="47.764627" lon="-121.065354">
        <ele>1481.5</ele>
        <time>2025-03-08T21:37:16Z</time>
      </trkpt>
      <trkpt lat="47.764624" lon="-121.065325">
        <ele>1482.5</ele>
        <time>2025-03-08T21:37:20Z</time>
      </trkpt>
      <trkpt lat="47.764618" lon="-121.06529">
        <ele>1483.4</ele>
        <time>2025-03-08T21:37:25Z</time>
      </trkpt>
      <trkpt lat="47.764619" lon="-121.065273">
        <ele>1483.4</ele>
        <time>2025-03-08T21:37:27Z</time>
      </trkpt>
      <trkpt lat="47.764625" lon="-121.065241">
        <ele>1484.3</ele>
        <time>2025-03-08T21:37:30Z</time>
      </trkpt>
      <trkpt lat="47.764631" lon="-121.065223">
        <ele>1483.8</ele>
        <time>2025-03-08T21:37:32Z</time>
      </trkpt>
      <trkpt lat="47.764641" lon="-121.065203">
        <ele>1484.7</ele>
        <time>2025-03-08T21:37:34Z</time>
      </trkpt>
      <trkpt lat="47.764661" lon="-121.065172">
        <ele>1485.1</ele>
        <time>2025-03-08T21:37:38Z</time>
      </trkpt>
      <trkpt lat="47.76469" lon="-121.06512">
        <ele>1485.4</ele>
        <time>2025-03-08T21:37:44Z</time>
      </trkpt>
      <trkpt lat="47.764709" lon="-121.065075">
        <ele>1486.2</ele>
        <time>2025-03-08T21:37:49Z</time>
      </trkpt>
      <trkpt lat="47.764715" lon="-121.065045">
        <ele>1485.6</ele>
        <time>2025-03-08T21:37:56Z</time>
      </trkpt>
      <trkpt lat="47.764714" lon="-121.065029">
        <ele>1487.1</ele>
        <time>2025-03-08T21:37:58Z</time>
      </trkpt>
      <trkpt lat="47.764699" lon="-121.064993">
        <ele>1487.9</ele>
        <time>2025-03-08T21:38:02Z</time>
      </trkpt>
      <trkpt lat="47.764693" lon="-121.064973">
        <ele>1488.0</ele>
        <time>2025-03-08T21:38:08Z</time>
      </trkpt>
      <trkpt lat="47.764676" lon="-121.064979">
        <ele>1488.5</ele>
        <time>2025-03-08T21:38:19Z</time>
      </trkpt>
      <trkpt lat="47.764667" lon="-121.064975">
        <ele>1488.5</ele>
        <time>2025-03-08T21:38:24Z</time>
      </trkpt>
      <trkpt lat="47.764647" lon="-121.064951">
        <ele>1489.8</ele>
        <time>2025-03-08T21:38:31Z</time>
      </trkpt>
      <trkpt lat="47.764619" lon="-121.064895">
        <ele>1491.1</ele>
        <time>2025-03-08T21:38:42Z</time>
      </trkpt>
      <trkpt lat="47.7646" lon="-121.064866">
        <ele>1491.9</ele>
        <time>2025-03-08T21:38:49Z</time>
      </trkpt>
      <trkpt lat="47.764604" lon="-121.064824">
        <ele>1492.6</ele>
        <time>2025-03-08T21:38:59Z</time>
      </trkpt>
      <trkpt lat="47.764611" lon="-121.064805">
        <ele>1492.6</ele>
        <time>2025-03-08T21:39:02Z</time>
      </trkpt>
      <trkpt lat="47.764615" lon="-121.064775">
        <ele>1493.4</ele>
        <time>2025-03-08T21:39:06Z</time>
      </trkpt>
      <trkpt lat="47.764615" lon="-121.064742">
        <ele>1494.1</ele>
        <time>2025-03-08T21:39:09Z</time>
      </trkpt>
      <trkpt lat="47.764613" lon="-121.064707">
        <ele>1494.1</ele>
        <time>2025-03-08T21:39:11Z</time>
      </trkpt>
      <trkpt lat="47.764616" lon="-121.064663">
        <ele>1494.9</ele>
        <time>2025-03-08T21:39:15Z</time>
      </trkpt>
      <trkpt lat="47.764615" lon="-121.064643">
        <ele>1495.6</ele>
        <time>2025-03-08T21:39:17Z</time>
      </trkpt>
      <trkpt lat="47.764606" lon="-121.064613">
        <ele>1496.2</ele>
        <time>2025-03-08T21:39:20Z</time>
      </trkpt>
      <trkpt lat="47.764605" lon="-121.064601">
        <ele>1496.2</ele>
        <time>2025-03-08T21:39:22Z</time>
      </trkpt>
      <trkpt lat="47.76461" lon="-121.064593">
        <ele>1496.2</ele>
        <time>2025-03-08T21:39:25Z</time>
      </trkpt>
      <trkpt lat="47.7646" lon="-121.064557">
        <ele>1496.9</ele>
        <time>2025-03-08T21:39:30Z</time>
      </trkpt>
      <trkpt lat="47.764584" lon="-121.064519">
        <ele>1497.9</ele>
        <time>2025-03-08T21:39:34Z</time>
      </trkpt>
      <trkpt lat="47.764574" lon="-121.064506">
        <ele>1498.0</ele>
        <time>2025-03-08T21:39:36Z</time>
      </trkpt>
      <trkpt lat="47.764567" lon="-121.064504">
        <ele>1498.4</ele>
        <time>2025-03-08T21:39:39Z</time>
      </trkpt>
      <trkpt lat="47.764548" lon="-121.064532">
        <ele>1497.8</ele>
        <time>2025-03-08T21:40:03Z</time>
      </trkpt>
      <trkpt lat="47.764555" lon="-121.064525">
        <ele>1498.5</ele>
        <time>2025-03-08T21:40:18Z</time>
      </trkpt>
      <trkpt lat="47.764543" lon="-121.064521">
        <ele>1498.5</ele>
        <time>2025-03-08T21:40:25Z</time>
      </trkpt>
      <trkpt lat="47.764535" lon="-121.064531">
        <ele>1498.3</ele>
        <time>2025-03-08T21:40:44Z</time>
      </trkpt>
      <trkpt lat="47.764529" lon="-121.06453">
        <ele>1498.3</ele>
        <time>2025-03-08T21:41:05Z</time>
      </trkpt>
      <trkpt lat="47.764505" lon="-121.064512">
        <ele>1499.5</ele>
        <time>2025-03-08T21:41:06Z</time>
      </trkpt>
      <trkpt lat="47.764487" lon="-121.064503">
        <ele>1499.5</ele>
        <time>2025-03-08T21:41:08Z</time>
      </trkpt>
      <trkpt lat="47.764467" lon="-121.064505">
        <ele>1500.0</ele>
        <time>2025-03-08T21:41:13Z</time>
      </trkpt>
      <trkpt lat="47.764493" lon="-121.064499">
        <ele>1499.5</ele>
        <time>2025-03-08T21:41:29Z</time>
      </trkpt>
      <trkpt lat="47.764502" lon="-121.064465">
        <ele>1500.2</ele>
        <time>2025-03-08T21:41:33Z</time>
      </trkpt>
      <trkpt lat="47.764521" lon="-121.064422">
        <ele>1500.3</ele>
        <time>2025-03-08T21:41:37Z</time>
      </trkpt>
      <trkpt lat="47.764526" lon="-121.064396">
        <ele>1500.8</ele>
        <time>2025-03-08T21:41:40Z</time>
      </trkpt>
      <trkpt lat="47.764542" lon="-121.064367">
        <ele>1500.3</ele>
        <time>2025-03-08T21:41:44Z</time>
      </trkpt>
      <trkpt lat="47.764553" lon="-121.064342">
        <ele>1500.8</ele>
        <time>2025-03-08T21:41:47Z</time>
      </trkpt>
      <trkpt lat="47.764567" lon="-121.06432">
        <ele>1500.8</ele>
        <time>2025-03-08T21:41:51Z</time>
      </trkpt>
      <trkpt lat="47.764586" lon="-121.064303">
        <ele>1500.7</ele>
        <time>2025-03-08T21:41:54Z</time>
      </trkpt>
      <trkpt lat="47.764605" lon="-121.064277">
        <ele>1500.2</ele>
        <time>2025-03-08T21:41:56Z</time>
      </trkpt>
      <trkpt lat="47.764611" lon="-121.064263">
        <ele>1500.6</ele>
        <time>2025-03-08T21:41:57Z</time>
      </trkpt>
      <trkpt lat="47.764616" lon="-121.064233">
        <ele>1500.6</ele>
        <time>2025-03-08T21:41:59Z</time>
      </trkpt>
      <trkpt lat="47.764614" lon="-121.064187">
        <ele>1500.9</ele>
        <time>2025-03-08T21:42:04Z</time>
      </trkpt>
      <trkpt lat="47.764609" lon="-121.064167">
        <ele>1501.3</ele>
        <time>2025-03-08T21:42:09Z</time>
      </trkpt>
      <trkpt lat="47.764613" lon="-121.064157">
        <ele>1501.3</ele>
        <time>2025-03-08T21:42:13Z</time>
      </trkpt>
      <trkpt lat="47.764615" lon="-121.064124">
        <ele>1501.6</ele>
        <time>2025-03-08T21:42:16Z</time>
      </trkpt>
      <trkpt lat="47.764609" lon="-121.064103">
        <ele>1501.6</ele>
        <time>2025-03-08T21:42:18Z</time>
      </trkpt>
      <trkpt lat="47.7646" lon="-121.064091">
        <ele>1501.8</ele>
        <time>2025-03-08T21:42:19Z</time>
      </trkpt>
      <trkpt lat="47.764577" lon="-121.064078">
        <ele>1502.4</ele>
        <time>2025-03-08T21:42:22Z</time>
      </trkpt>
      <trkpt lat="47.764547" lon="-121.064075">
        <ele>1502.9</ele>
        <time>2025-03-08T21:42:25Z</time>
      </trkpt>
      <trkpt lat="47.764533" lon="-121.064077">
        <ele>1503.5</ele>
        <time>2025-03-08T21:42:26Z</time>
      </trkpt>
      <trkpt lat="47.764496" lon="-121.064087">
        <ele>1504.1</ele>
        <time>2025-03-08T21:42:32Z</time>
      </trkpt>
      <trkpt lat="47.76448" lon="-121.064089">
        <ele>1504.7</ele>
        <time>2025-03-08T21:42:37Z</time>
      </trkpt>
      <trkpt lat="47.76446" lon="-121.064099">
        <ele>1504.7</ele>
        <time>2025-03-08T21:42:41Z</time>
      </trkpt>
      <trkpt lat="47.764397" lon="-121.064102">
        <ele>1506.2</ele>
        <time>2025-03-08T21:42:55Z</time>
      </trkpt>
      <trkpt lat="47.764364" lon="-121.064117">
        <ele>1506.7</ele>
        <time>2025-03-08T21:42:58Z</time>
      </trkpt>
      <trkpt lat="47.764329" lon="-121.064144">
        <ele>1506.8</ele>
        <time>2025-03-08T21:43:02Z</time>
      </trkpt>
      <trkpt lat="47.764311" lon="-121.064163">
        <ele>1506.8</ele>
        <time>2025-03-08T21:43:05Z</time>
      </trkpt>
      <trkpt lat="47.764285" lon="-121.064171">
        <ele>1507.2</ele>
        <time>2025-03-08T21:43:08Z</time>
      </trkpt>
      <trkpt lat="47.764269" lon="-121.06417">
        <ele>1507.6</ele>
        <time>2025-03-08T21:43:10Z</time>
      </trkpt>
      <trkpt lat="47.764238" lon="-121.064176">
        <ele>1508.0</ele>
        <time>2025-03-08T21:43:15Z</time>
      </trkpt>
      <trkpt lat="47.764211" lon="-121.064187">
        <ele>1508.3</ele>
        <time>2025-03-08T21:43:19Z</time>
      </trkpt>
      <trkpt lat="47.764188" lon="-121.06421">
        <ele>1508.6</ele>
        <time>2025-03-08T21:43:24Z</time>
      </trkpt>
      <trkpt lat="47.764176" lon="-121.064215">
        <ele>1508.6</ele>
        <time>2025-03-08T21:43:26Z</time>
      </trkpt>
      <trkpt lat="47.764148" lon="-121.064234">
        <ele>1508.7</ele>
        <time>2025-03-08T21:43:30Z</time>
      </trkpt>
      <trkpt lat="47.76411" lon="-121.064256">
        <ele>1509.1</ele>
        <time>2025-03-08T21:43:35Z</time>
      </trkpt>
      <trkpt lat="47.764099" lon="-121.06426">
        <ele>1509.7</ele>
        <time>2025-03-08T21:43:37Z</time>
      </trkpt>
      <trkpt lat="47.764055" lon="-121.064268">
        <ele>1510.3</ele>
        <time>2025-03-08T21:43:43Z</time>
      </trkpt>
      <trkpt lat="47.764025" lon="-121.06427">
        <ele>1511.0</ele>
        <time>2025-03-08T21:43:48Z</time>
      </trkpt>
      <trkpt lat="47.764011" lon="-121.064274">
        <ele>1511.5</ele>
        <time>2025-03-08T21:43:50Z</time>
      </trkpt>
      <trkpt lat="47.763962" lon="-121.064304">
        <ele>1513.1</ele>
        <time>2025-03-08T21:43:57Z</time>
      </trkpt>
      <trkpt lat="47.763949" lon="-121.064316">
        <ele>1513.0</ele>
        <time>2025-03-08T21:44:01Z</time>
      </trkpt>
      <trkpt lat="47.763935" lon="-121.064323">
        <ele>1513.8</ele>
        <time>2025-03-08T21:44:03Z</time>
      </trkpt>
      <trkpt lat="47.763918" lon="-121.064311">
        <ele>1514.0</ele>
        <time>2025-03-08T21:44:10Z</time>
      </trkpt>
      <trkpt lat="47.763901" lon="-121.064305">
        <ele>1514.8</ele>
        <time>2025-03-08T21:44:17Z</time>
      </trkpt>
      <trkpt lat="47.76387" lon="-121.064282">
        <ele>1515.6</ele>
        <time>2025-03-08T21:44:22Z</time>
      </trkpt>
      <trkpt lat="47.76385" lon="-121.06427">
        <ele>1515.6</ele>
        <time>2025-03-08T21:44:24Z</time>
      </trkpt>
      <trkpt lat="47.763834" lon="-121.064265">
        <ele>1516.4</ele>
        <time>2025-03-08T21:44:26Z</time>
      </trkpt>
      <trkpt lat="47.763806" lon="-121.064263">
        <ele>1517.1</ele>
        <time>2025-03-08T21:44:31Z</time>
      </trkpt>
      <trkpt lat="47.763802" lon="-121.064271">
        <ele>1517.1</ele>
        <time>2025-03-08T21:44:33Z</time>
      </trkpt>
      <trkpt lat="47.763777" lon="-121.064257">
        <ele>1517.8</ele>
        <time>2025-03-08T21:44:39Z</time>
      </trkpt>
      <trkpt lat="47.76375" lon="-121.064261">
        <ele>1518.4</ele>
        <time>2025-03-08T21:44:43Z</time>
      </trkpt>
      <trkpt lat="47.76373" lon="-121.064269">
        <ele>1518.9</ele>
        <time>2025-03-08T21:44:45Z</time>
      </trkpt>
      <trkpt lat="47.76371" lon="-121.064287">
        <ele>1519.0</ele>
        <time>2025-03-08T21:44:47Z</time>
      </trkpt>
      <trkpt lat="47.763706" lon="-121.064313">
        <ele>1519.0</ele>
        <time>2025-03-08T21:44:50Z</time>
      </trkpt>
      <trkpt lat="47.763702" lon="-121.064323">
        <ele>1519.5</ele>
        <time>2025-03-08T21:44:52Z</time>
      </trkpt>
      <trkpt lat="47.763673" lon="-121.06431">
        <ele>1519.8</ele>
        <time>2025-03-08T21:44:58Z</time>
      </trkpt>
      <trkpt lat="47.763651" lon="-121.06431">
        <ele>1519.8</ele>
        <time>2025-03-08T21:45:02Z</time>
      </trkpt>
      <trkpt lat="47.763639" lon="-121.064315">
        <ele>1520.4</ele>
        <time>2025-03-08T21:45:04Z</time>
      </trkpt>
      <trkpt lat="47.76359" lon="-121.064349">
        <ele>1520.9</ele>
        <time>2025-03-08T21:45:10Z</time>
      </trkpt>
      <trkpt lat="47.763576" lon="-121.064362">
        <ele>1521.5</ele>
        <time>2025-03-08T21:45:12Z</time>
      </trkpt>
      <trkpt lat="47.763559" lon="-121.06439">
        <ele>1521.9</ele>
        <time>2025-03-08T21:45:20Z</time>
      </trkpt>
      <trkpt lat="47.763543" lon="-121.064406">
        <ele>1521.8</ele>
        <time>2025-03-08T21:45:25Z</time>
      </trkpt>
      <trkpt lat="47.763527" lon="-121.0644">
        <ele>1522.3</ele>
        <time>2025-03-08T21:45:30Z</time>
      </trkpt>
      <trkpt lat="47.763514" lon="-121.06441">
        <ele>1522.2</ele>
        <time>2025-03-08T21:45:32Z</time>
      </trkpt>
      <trkpt lat="47.763492" lon="-121.064432">
        <ele>1522.8</ele>
        <time>2025-03-08T21:45:36Z</time>
      </trkpt>
      <trkpt lat="47.763478" lon="-121.064437">
        <ele>1522.8</ele>
        <time>2025-03-08T21:45:39Z</time>
      </trkpt>
      <trkpt lat="47.763461" lon="-121.064433">
        <ele>1523.4</ele>
        <time>2025-03-08T21:45:42Z</time>
      </trkpt>
      <trkpt lat="47.763445" lon="-121.064421">
        <ele>1524.1</ele>
        <time>2025-03-08T21:45:45Z</time>
      </trkpt>
      <trkpt lat="47.763434" lon="-121.064407">
        <ele>1524.1</ele>
        <time>2025-03-08T21:45:47Z</time>
      </trkpt>
      <trkpt lat="47.763418" lon="-121.064361">
        <ele>1524.4</ele>
        <time>2025-03-08T21:45:54Z</time>
      </trkpt>
      <trkpt lat="47.763409" lon="-121.064351">
        <ele>1525.3</ele>
        <time>2025-03-08T21:45:56Z</time>
      </trkpt>
      <trkpt lat="47.76338" lon="-121.064331">
        <ele>1526.1</ele>
        <time>2025-03-08T21:46:02Z</time>
      </trkpt>
      <trkpt lat="47.763368" lon="-121.064309">
        <ele>1526.2</ele>
        <time>2025-03-08T21:46:06Z</time>
      </trkpt>
      <trkpt lat="47.763347" lon="-121.064276">
        <ele>1527.0</ele>
        <time>2025-03-08T21:46:09Z</time>
      </trkpt>
      <trkpt lat="47.763333" lon="-121.06426">
        <ele>1527.0</ele>
        <time>2025-03-08T21:46:11Z</time>
      </trkpt>
      <trkpt lat="47.763318" lon="-121.064253">
        <ele>1527.8</ele>
        <time>2025-03-08T21:46:13Z</time>
      </trkpt>
      <trkpt lat="47.763292" lon="-121.064231">
        <ele>1528.6</ele>
        <time>2025-03-08T21:46:21Z</time>
      </trkpt>
      <trkpt lat="47.763257" lon="-121.06425">
        <ele>1529.4</ele>
        <time>2025-03-08T21:46:31Z</time>
      </trkpt>
      <trkpt lat="47.763249" lon="-121.064251">
        <ele>1529.4</ele>
        <time>2025-03-08T21:46:35Z</time>
      </trkpt>
      <trkpt lat="47.763239" lon="-121.064267">
        <ele>1530.3</ele>
        <time>2025-03-08T21:46:44Z</time>
      </trkpt>
      <trkpt lat="47.763228" lon="-121.06426">
        <ele>1530.3</ele>
        <time>2025-03-08T21:46:49Z</time>
      </trkpt>
      <trkpt lat="47.763207" lon="-121.064258">
        <ele>1531.1</ele>
        <time>2025-03-08T21:47:03Z</time>
      </trkpt>
      <trkpt lat="47.763208" lon="-121.064274">
        <ele>1530.8</ele>
        <time>2025-03-08T21:47:08Z</time>
      </trkpt>
      <trkpt lat="47.763184" lon="-121.064262">
        <ele>1531.7</ele>
        <time>2025-03-08T21:47:19Z</time>
      </trkpt>
      <trkpt lat="47.763179" lon="-121.064264">
        <ele>1531.7</ele>
        <time>2025-03-08T21:47:20Z</time>
      </trkpt>
      <trkpt lat="47.763147" lon="-121.064309">
        <ele>1532.0</ele>
        <time>2025-03-08T21:47:25Z</time>
      </trkpt>
      <trkpt lat="47.763125" lon="-121.064324">
        <ele>1532.0</ele>
        <time>2025-03-08T21:47:27Z</time>
      </trkpt>
      <trkpt lat="47.76311" lon="-121.064337">
        <ele>1532.0</ele>
        <time>2025-03-08T21:47:29Z</time>
      </trkpt>
      <trkpt lat="47.763098" lon="-121.06436">
        <ele>1531.9</ele>
        <time>2025-03-08T21:47:31Z</time>
      </trkpt>
      <trkpt lat="47.763093" lon="-121.064393">
        <ele>1532.0</ele>
        <time>2025-03-08T21:47:34Z</time>
      </trkpt>
      <trkpt lat="47.763084" lon="-121.064411">
        <ele>1531.7</ele>
        <time>2025-03-08T21:47:39Z</time>
      </trkpt>
      <trkpt lat="47.763086" lon="-121.064369">
        <ele>1532.0</ele>
        <time>2025-03-08T21:47:48Z</time>
      </trkpt>
      <trkpt lat="47.763073" lon="-121.064355">
        <ele>1532.2</ele>
        <time>2025-03-08T21:47:56Z</time>
      </trkpt>
      <trkpt lat="47.763075" lon="-121.064339">
        <ele>1532.2</ele>
        <time>2025-03-08T21:48:04Z</time>
      </trkpt>
      <trkpt lat="47.763062" lon="-121.064337">
        <ele>1532.4</ele>
        <time>2025-03-08T21:48:16Z</time>
      </trkpt>
      <trkpt lat="47.76303" lon="-121.064241">
        <ele>1533.2</ele>
        <time>2025-03-08T21:53:36Z</time>
      </trkpt>
      <trkpt lat="47.762987" lon="-121.064312">
        <ele>1533.3</ele>
        <time>2025-03-08T21:58:41Z</time>
      </trkpt>
      <trkpt lat="47.763007" lon="-121.06432">
        <ele>1533.1</ele>
        <time>2025-03-08T21:59:08Z</time>
      </trkpt>
      <trkpt lat="47.763014" lon="-121.064312">
        <ele>1533.2</ele>
        <time>2025-03-08T21:59:18Z</time>
      </trkpt>
      <trkpt lat="47.763015" lon="-121.064301">
        <ele>1533.2</ele>
        <time>2025-03-08T21:59:52Z</time>
      </trkpt>
      <trkpt lat="47.763043" lon="-121.064238">
        <ele>1533.6</ele>
        <time>2025-03-08T22:04:52Z</time>
      </trkpt>
      <trkpt lat="47.763033" lon="-121.064265">
        <ele>1533.9</ele>
        <time>2025-03-08T22:09:52Z</time>
      </trkpt>
      <trkpt lat="47.763056" lon="-121.064282">
        <ele>1533.9</ele>
        <time>2025-03-08T22:14:52Z</time>
      </trkpt>
      <trkpt lat="47.763056" lon="-121.064291">
        <ele>1533.9</ele>
        <time>2025-03-08T22:15:11Z</time>
      </trkpt>
      <trkpt lat="47.763048" lon="-121.064315">
        <ele>1533.7</ele>
        <time>2025-03-08T22:15:14Z</time>
      </trkpt>
      <trkpt lat="47.763045" lon="-121.06435">
        <ele>1533.7</ele>
        <time>2025-03-08T22:15:16Z</time>
      </trkpt>
      <trkpt lat="47.763042" lon="-121.06436">
        <ele>1533.4</ele>
        <time>2025-03-08T22:15:17Z</time>
      </trkpt>
      <trkpt lat="47.763052" lon="-121.064379">
        <ele>1533.4</ele>
        <time>2025-03-08T22:15:19Z</time>
      </trkpt>
      <trkpt lat="47.763072" lon="-121.064395">
        <ele>1533.3</ele>
        <time>2025-03-08T22:15:29Z</time>
      </trkpt>
      <trkpt lat="47.76306" lon="-121.064361">
        <ele>1533.5</ele>
        <time>2025-03-08T22:15:39Z</time>
      </trkpt>
      <trkpt lat="47.763042" lon="-121.064342">
        <ele>1533.7</ele>
        <time>2025-03-08T22:15:45Z</time>
      </trkpt>
      <trkpt lat="47.763045" lon="-121.064327">
        <ele>1533.7</ele>
        <time>2025-03-08T22:15:47Z</time>
      </trkpt>
      <trkpt lat="47.763052" lon="-121.064323">
        <ele>1533.7</ele>
        <time>2025-03-08T22:15:50Z</time>
      </trkpt>
      <trkpt lat="47.763054" lon="-121.064301">
        <ele>1533.9</ele>
        <time>2025-03-08T22:15:55Z</time>
      </trkpt>
      <trkpt lat="47.763054" lon="-121.064244">
        <ele>1534.1</ele>
        <time>2025-03-08T22:16:02Z</time>
      </trkpt>
      <trkpt lat="47.763046" lon="-121.064264">
        <ele>1534.2</ele>
        <time>2025-03-08T22:16:34Z</time>
      </trkpt>
      <trkpt lat="47.763048" lon="-121.064286">
        <ele>1534.0</ele>
        <time>2025-03-08T22:17:19Z</time>
      </trkpt>
      <trkpt lat="47.763036" lon="-121.064308">
        <ele>1534.1</ele>
        <time>2025-03-08T22:17:53Z</time>
      </trkpt>
      <trkpt lat="47.763037" lon="-121.064314">
        <ele>1534.1</ele>
        <time>2025-03-08T22:17:56Z</time>
      </trkpt>
      <trkpt lat="47.763045" lon="-121.064284">
        <ele>1534.0</ele>
        <time>2025-03-08T22:18:02Z</time>
      </trkpt>
      <trkpt lat="47.763038" lon="-121.064283">
        <ele>1534.1</ele>
        <time>2025-03-08T22:18:52Z</time>
      </trkpt>
      <trkpt lat="47.763041" lon="-121.064294">
        <ele>1534.1</ele>
        <time>2025-03-08T22:19:07Z</time>
      </trkpt>
      <trkpt lat="47.763059" lon="-121.064308">
        <ele>1534.1</ele>
        <time>2025-03-08T22:19:12Z</time>
      </trkpt>
      <trkpt lat="47.76308" lon="-121.06434">
        <ele>1533.7</ele>
        <time>2025-03-08T22:19:19Z</time>
      </trkpt>
      <trkpt lat="47.763096" lon="-121.064361">
        <ele>1533.4</ele>
        <time>2025-03-08T22:19:21Z</time>
      </trkpt>
      <trkpt lat="47.763121" lon="-121.064382">
        <ele>1533.2</ele>
        <time>2025-03-08T22:19:23Z</time>
      </trkpt>
      <trkpt lat="47.763135" lon="-121.064399">
        <ele>1532.8</ele>
        <time>2025-03-08T22:19:25Z</time>
      </trkpt>
      <trkpt lat="47.763143" lon="-121.06442">
        <ele>1532.4</ele>
        <time>2025-03-08T22:19:28Z</time>
      </trkpt>
      <trkpt lat="47.763149" lon="-121.064427">
        <ele>1532.4</ele>
        <time>2025-03-08T22:19:29Z</time>
      </trkpt>
      <trkpt lat="47.763168" lon="-121.064429">
        <ele>1531.9</ele>
        <time>2025-03-08T22:19:31Z</time>
      </trkpt>
      <trkpt lat="47.76319" lon="-121.064419">
        <ele>1531.3</ele>
        <time>2025-03-08T22:19:33Z</time>
      </trkpt>
      <trkpt lat="47.763202" lon="-121.064432">
        <ele>1531.3</ele>
        <time>2025-03-08T22:19:39Z</time>
      </trkpt>
      <trkpt lat="47.763215" lon="-121.064437">
        <ele>1530.6</ele>
        <time>2025-03-08T22:19:41Z</time>
      </trkpt>
      <trkpt lat="47.763222" lon="-121.064445">
        <ele>1530.2</ele>
        <time>2025-03-08T22:19:42Z</time>
      </trkpt>
      <trkpt lat="47.763247" lon="-121.0645">
        <ele>1529.1</ele>
        <time>2025-03-08T22:19:45Z</time>
      </trkpt>
      <trkpt lat="47.763259" lon="-121.064519">
        <ele>1529.1</ele>
        <time>2025-03-08T22:19:46Z</time>
      </trkpt>
      <trkpt lat="47.763284" lon="-121.064537">
        <ele>1527.9</ele>
        <time>2025-03-08T22:19:47Z</time>
      </trkpt>
      <trkpt lat="47.763294" lon="-121.064541">
        <ele>1527.9</ele>
        <time>2025-03-08T22:19:48Z</time>
      </trkpt>
      <trkpt lat="47.763351" lon="-121.064553">
        <ele>1526.4</ele>
        <time>2025-03-08T22:19:50Z</time>
      </trkpt>
      <trkpt lat="47.763401" lon="-121.064558">
        <ele>1525.1</ele>
        <time>2025-03-08T22:19:52Z</time>
      </trkpt>
      <trkpt lat="47.76342" lon="-121.064553">
        <ele>1524.5</ele>
        <time>2025-03-08T22:19:55Z</time>
      </trkpt>
      <trkpt lat="47.763439" lon="-121.06451">
        <ele>1525.0</ele>
        <time>2025-03-08T22:20:12Z</time>
      </trkpt>
      <trkpt lat="47.763463" lon="-121.064488">
        <ele>1524.4</ele>
        <time>2025-03-08T22:20:14Z</time>
      </trkpt>
      <trkpt lat="47.763487" lon="-121.064427">
        <ele>1524.4</ele>
        <time>2025-03-08T22:20:16Z</time>
      </trkpt>
      <trkpt lat="47.763513" lon="-121.0644">
        <ele>1524.0</ele>
        <time>2025-03-08T22:20:17Z</time>
      </trkpt>
      <trkpt lat="47.763522" lon="-121.064395">
        <ele>1524.0</ele>
        <time>2025-03-08T22:20:18Z</time>
      </trkpt>
      <trkpt lat="47.763558" lon="-121.064393">
        <ele>1523.5</ele>
        <time>2025-03-08T22:20:19Z</time>
      </trkpt>
      <trkpt lat="47.76359" lon="-121.064389">
        <ele>1522.6</ele>
        <time>2025-03-08T22:20:21Z</time>
      </trkpt>
      <trkpt lat="47.763604" lon="-121.064397">
        <ele>1522.6</ele>
        <time>2025-03-08T22:20:22Z</time>
      </trkpt>
      <trkpt lat="47.76363" lon="-121.064427">
        <ele>1521.8</ele>
        <time>2025-03-08T22:20:24Z</time>
      </trkpt>
      <trkpt lat="47.763644" lon="-121.064435">
        <ele>1521.8</ele>
        <time>2025-03-08T22:20:25Z</time>
      </trkpt>
      <trkpt lat="47.763657" lon="-121.064432">
        <ele>1521.3</ele>
        <time>2025-03-08T22:20:26Z</time>
      </trkpt>
      <trkpt lat="47.763698" lon="-121.064415">
        <ele>1520.7</ele>
        <time>2025-03-08T22:20:28Z</time>
      </trkpt>
      <trkpt lat="47.763752" lon="-121.064398">
        <ele>1519.9</ele>
        <time>2025-03-08T22:20:30Z</time>
      </trkpt>
      <trkpt lat="47.763779" lon="-121.064386">
        <ele>1519.2</ele>
        <time>2025-03-08T22:20:31Z</time>
      </trkpt>
      <trkpt lat="47.763813" lon="-121.064359">
        <ele>1518.3</ele>
        <time>2025-03-08T22:20:33Z</time>
      </trkpt>
      <trkpt lat="47.763824" lon="-121.06434">
        <ele>1517.8</ele>
        <time>2025-03-08T22:20:41Z</time>
      </trkpt>
      <trkpt lat="47.763824" lon="-121.064348">
        <ele>1517.8</ele>
        <time>2025-03-08T22:20:44Z</time>
      </trkpt>
      <trkpt lat="47.763838" lon="-121.064352">
        <ele>1517.8</ele>
        <time>2025-03-08T22:20:47Z</time>
      </trkpt>
      <trkpt lat="47.763842" lon="-121.06436">
        <ele>1517.5</ele>
        <time>2025-03-08T22:20:50Z</time>
      </trkpt>
      <trkpt lat="47.763857" lon="-121.064351">
        <ele>1517.1</ele>
        <time>2025-03-08T22:20:54Z</time>
      </trkpt>
      <trkpt lat="47.763869" lon="-121.06435">
        <ele>1517.1</ele>
        <time>2025-03-08T22:20:57Z</time>
      </trkpt>
      <trkpt lat="47.763882" lon="-121.064364">
        <ele>1516.1</ele>
        <time>2025-03-08T22:20:59Z</time>
      </trkpt>
      <trkpt lat="47.763927" lon="-121.064379">
        <ele>1515.3</ele>
        <time>2025-03-08T22:21:02Z</time>
      </trkpt>
      <trkpt lat="47.76397" lon="-121.064387">
        <ele>1513.5</ele>
        <time>2025-03-08T22:21:04Z</time>
      </trkpt>
      <trkpt lat="47.763985" lon="-121.064379">
        <ele>1513.5</ele>
        <time>2025-03-08T22:21:05Z</time>
      </trkpt>
      <trkpt lat="47.764005" lon="-121.064377">
        <ele>1512.6</ele>
        <time>2025-03-08T22:21:07Z</time>
      </trkpt>
      <trkpt lat="47.76402" lon="-121.064361">
        <ele>1512.6</ele>
        <time>2025-03-08T22:21:11Z</time>
      </trkpt>
      <trkpt lat="47.764022" lon="-121.064381">
        <ele>1512.7</ele>
        <time>2025-03-08T22:21:17Z</time>
      </trkpt>
      <trkpt lat="47.764033" lon="-121.064404">
        <ele>1511.5</ele>
        <time>2025-03-08T22:21:30Z</time>
      </trkpt>
      <trkpt lat="47.764034" lon="-121.064426">
        <ele>1511.5</ele>
        <time>2025-03-08T22:21:45Z</time>
      </trkpt>
      <trkpt lat="47.764073" lon="-121.064474">
        <ele>1510.3</ele>
        <time>2025-03-08T22:21:48Z</time>
      </trkpt>
      <trkpt lat="47.764106" lon="-121.064511">
        <ele>1509.2</ele>
        <time>2025-03-08T22:21:50Z</time>
      </trkpt>
      <trkpt lat="47.764122" lon="-121.064517">
        <ele>1508.6</ele>
        <time>2025-03-08T22:21:51Z</time>
      </trkpt>
      <trkpt lat="47.764139" lon="-121.064517">
        <ele>1508.1</ele>
        <time>2025-03-08T22:21:52Z</time>
      </trkpt>
      <trkpt lat="47.764162" lon="-121.064511">
        <ele>1508.1</ele>
        <time>2025-03-08T22:21:53Z</time>
      </trkpt>
      <trkpt lat="47.764199" lon="-121.064513">
        <ele>1507.0</ele>
        <time>2025-03-08T22:21:56Z</time>
      </trkpt>
      <trkpt lat="47.764223" lon="-121.064503">
        <ele>1507.0</ele>
        <time>2025-03-08T22:21:58Z</time>
      </trkpt>
      <trkpt lat="47.764228" lon="-121.064489">
        <ele>1506.4</ele>
        <time>2025-03-08T22:22:14Z</time>
      </trkpt>
      <trkpt lat="47.764239" lon="-121.064498">
        <ele>1506.4</ele>
        <time>2025-03-08T22:22:21Z</time>
      </trkpt>
      <trkpt lat="47.764268" lon="-121.06451">
        <ele>1505.8</ele>
        <time>2025-03-08T22:22:26Z</time>
      </trkpt>
      <trkpt lat="47.764277" lon="-121.06451">
        <ele>1505.8</ele>
        <time>2025-03-08T22:22:28Z</time>
      </trkpt>
      <trkpt lat="47.764308" lon="-121.064518">
        <ele>1505.2</ele>
        <time>2025-03-08T22:22:32Z</time>
      </trkpt>
      <trkpt lat="47.764339" lon="-121.064519">
        <ele>1504.7</ele>
        <time>2025-03-08T22:22:35Z</time>
      </trkpt>
      <trkpt lat="47.764394" lon="-121.064515">
        <ele>1503.6</ele>
        <time>2025-03-08T22:22:37Z</time>
      </trkpt>
      <trkpt lat="47.764424" lon="-121.06451">
        <ele>1503.0</ele>
        <time>2025-03-08T22:22:38Z</time>
      </trkpt>
      <trkpt lat="47.764455" lon="-121.064511">
        <ele>1502.4</ele>
        <time>2025-03-08T22:22:39Z</time>
      </trkpt>
      <trkpt lat="47.764486" lon="-121.064523">
        <ele>1501.4</ele>
        <time>2025-03-08T22:22:40Z</time>
      </trkpt>
      <trkpt lat="47.764518" lon="-121.064542">
        <ele>1500.3</ele>
        <time>2025-03-08T22:22:41Z</time>
      </trkpt>
      <trkpt lat="47.764552" lon="-121.064565">
        <ele>1499.8</ele>
        <time>2025-03-08T22:22:42Z</time>
      </trkpt>
      <trkpt lat="47.764586" lon="-121.064601">
        <ele>1498.7</ele>
        <time>2025-03-08T22:22:43Z</time>
      </trkpt>
      <trkpt lat="47.764617" lon="-121.064642">
        <ele>1497.6</ele>
        <time>2025-03-08T22:22:44Z</time>
      </trkpt>
      <trkpt lat="47.764645" lon="-121.064683">
        <ele>1496.4</ele>
        <time>2025-03-08T22:22:45Z</time>
      </trkpt>
      <trkpt lat="47.764665" lon="-121.064722">
        <ele>1495.3</ele>
        <time>2025-03-08T22:22:46Z</time>
      </trkpt>
      <trkpt lat="47.764678" lon="-121.064767">
        <ele>1494.5</ele>
        <time>2025-03-08T22:22:47Z</time>
      </trkpt>
      <trkpt lat="47.764677" lon="-121.064799">
        <ele>1493.8</ele>
        <time>2025-03-08T22:22:50Z</time>
      </trkpt>
      <trkpt lat="47.764665" lon="-121.064816">
        <ele>1493.8</ele>
        <time>2025-03-08T22:22:52Z</time>
      </trkpt>
      <trkpt lat="47.764656" lon="-121.064819">
        <ele>1494.2</ele>
        <time>2025-03-08T22:22:53Z</time>
      </trkpt>
      <trkpt lat="47.764646" lon="-121.064812">
        <ele>1494.2</ele>
        <time>2025-03-08T22:22:54Z</time>
      </trkpt>
      <trkpt lat="47.764633" lon="-121.064796">
        <ele>1494.2</ele>
        <time>2025-03-08T22:22:56Z</time>
      </trkpt>
      <trkpt lat="47.764624" lon="-121.064779">
        <ele>1495.4</ele>
        <time>2025-03-08T22:22:57Z</time>
      </trkpt>
      <trkpt lat="47.764615" lon="-121.064754">
        <ele>1495.4</ele>
        <time>2025-03-08T22:22:59Z</time>
      </trkpt>
      <trkpt lat="47.764663" lon="-121.064753">
        <ele>1494.6</ele>
        <time>2025-03-08T22:23:48Z</time>
      </trkpt>
      <trkpt lat="47.764694" lon="-121.06475">
        <ele>1494.1</ele>
        <time>2025-03-08T22:23:49Z</time>
      </trkpt>
      <trkpt lat="47.764731" lon="-121.06474">
        <ele>1494.3</ele>
        <time>2025-03-08T22:23:50Z</time>
      </trkpt>
      <trkpt lat="47.764765" lon="-121.064728">
        <ele>1493.9</ele>
        <time>2025-03-08T22:23:51Z</time>
      </trkpt>
      <trkpt lat="47.764801" lon="-121.064718">
        <ele>1493.4</ele>
        <time>2025-03-08T22:23:52Z</time>
      </trkpt>
      <trkpt lat="47.764811" lon="-121.06472">
        <ele>1492.9</ele>
        <time>2025-03-08T22:23:53Z</time>
      </trkpt>
      <trkpt lat="47.764828" lon="-121.064739">
        <ele>1492.9</ele>
        <time>2025-03-08T22:23:54Z</time>
      </trkpt>
      <trkpt lat="47.764835" lon="-121.064761">
        <ele>1491.5</ele>
        <time>2025-03-08T22:23:56Z</time>
      </trkpt>
      <trkpt lat="47.764854" lon="-121.064794">
        <ele>1490.7</ele>
        <time>2025-03-08T22:23:58Z</time>
      </trkpt>
      <trkpt lat="47.764893" lon="-121.064805">
        <ele>1489.5</ele>
        <time>2025-03-08T22:23:59Z</time>
      </trkpt>
      <trkpt lat="47.764942" lon="-121.064817">
        <ele>1488.9</ele>
        <time>2025-03-08T22:24:01Z</time>
      </trkpt>
      <trkpt lat="47.764999" lon="-121.064846">
        <ele>1486.9</ele>
        <time>2025-03-08T22:24:03Z</time>
      </trkpt>
      <trkpt lat="47.765031" lon="-121.064859">
        <ele>1486.2</ele>
        <time>2025-03-08T22:24:04Z</time>
      </trkpt>
      <trkpt lat="47.765066" lon="-121.064882">
        <ele>1484.2</ele>
        <time>2025-03-08T22:24:05Z</time>
      </trkpt>
      <trkpt lat="47.765117" lon="-121.064951">
        <ele>1482.8</ele>
        <time>2025-03-08T22:24:07Z</time>
      </trkpt>
      <trkpt lat="47.765139" lon="-121.064986">
        <ele>1481.2</ele>
        <time>2025-03-08T22:24:08Z</time>
      </trkpt>
      <trkpt lat="47.765143" lon="-121.064997">
        <ele>1481.2</ele>
        <time>2025-03-08T22:24:09Z</time>
      </trkpt>
      <trkpt lat="47.765158" lon="-121.06501">
        <ele>1479.5</ele>
        <time>2025-03-08T22:24:11Z</time>
      </trkpt>
      <trkpt lat="47.76516" lon="-121.065017">
        <ele>1479.5</ele>
        <time>2025-03-08T22:24:12Z</time>
      </trkpt>
      <trkpt lat="47.765179" lon="-121.065033">
        <ele>1478.6</ele>
        <time>2025-03-08T22:24:16Z</time>
      </trkpt>
      <trkpt lat="47.765183" lon="-121.065066">
        <ele>1477.7</ele>
        <time>2025-03-08T22:24:24Z</time>
      </trkpt>
      <trkpt lat="47.765156" lon="-121.065064">
        <ele>1478.7</ele>
        <time>2025-03-08T22:24:27Z</time>
      </trkpt>
      <trkpt lat="47.765115" lon="-121.065049">
        <ele>1480.3</ele>
        <time>2025-03-08T22:24:34Z</time>
      </trkpt>
      <trkpt lat="47.765107" lon="-121.065063">
        <ele>1480.3</ele>
        <time>2025-03-08T22:24:39Z</time>
      </trkpt>
      <trkpt lat="47.765097" lon="-121.065064">
        <ele>1480.3</ele>
        <time>2025-03-08T22:24:41Z</time>
      </trkpt>
      <trkpt lat="47.765097" lon="-121.065076">
        <ele>1480.3</ele>
        <time>2025-03-08T22:24:43Z</time>
      </trkpt>
      <trkpt lat="47.76511" lon="-121.065083">
        <ele>1480.3</ele>
        <time>2025-03-08T22:24:45Z</time>
      </trkpt>
      <trkpt lat="47.765122" lon="-121.065107">
        <ele>1478.7</ele>
        <time>2025-03-08T22:24:47Z</time>
      </trkpt>
      <trkpt lat="47.765125" lon="-121.06513">
        <ele>1478.7</ele>
        <time>2025-03-08T22:24:48Z</time>
      </trkpt>
      <trkpt lat="47.765124" lon="-121.065158">
        <ele>1477.8</ele>
        <time>2025-03-08T22:24:49Z</time>
      </trkpt>
      <trkpt lat="47.76513" lon="-121.065198">
        <ele>1476.9</ele>
        <time>2025-03-08T22:24:50Z</time>
      </trkpt>
      <trkpt lat="47.765145" lon="-121.065261">
        <ele>1475.2</ele>
        <time>2025-03-08T22:24:52Z</time>
      </trkpt>
      <trkpt lat="47.765146" lon="-121.065335">
        <ele>1474.3</ele>
        <time>2025-03-08T22:24:54Z</time>
      </trkpt>
      <trkpt lat="47.765139" lon="-121.065377">
        <ele>1473.5</ele>
        <time>2025-03-08T22:24:56Z</time>
      </trkpt>
      <trkpt lat="47.765132" lon="-121.0654">
        <ele>1472.7</ele>
        <time>2025-03-08T22:24:57Z</time>
      </trkpt>
      <trkpt lat="47.765123" lon="-121.065419">
        <ele>1472.7</ele>
        <time>2025-03-08T22:24:58Z</time>
      </trkpt>
      <trkpt lat="47.765104" lon="-121.065446">
        <ele>1472.4</ele>
        <time>2025-03-08T22:25:01Z</time>
      </trkpt>
      <trkpt lat="47.765095" lon="-121.065448">
        <ele>1472.4</ele>
        <time>2025-03-08T22:25:04Z</time>
      </trkpt>
      <trkpt lat="47.765092" lon="-121.065442">
        <ele>1472.4</ele>
        <time>2025-03-08T22:25:09Z</time>
      </trkpt>
      <trkpt lat="47.765077" lon="-121.065447">
        <ele>1473.0</ele>
        <time>2025-03-08T22:25:13Z</time>
      </trkpt>
      <trkpt lat="47.765066" lon="-121.065428">
        <ele>1473.8</ele>
        <time>2025-03-08T22:25:16Z</time>
      </trkpt>
      <trkpt lat="47.765056" lon="-121.065421">
        <ele>1474.4</ele>
        <time>2025-03-08T22:25:18Z</time>
      </trkpt>
      <trkpt lat="47.765057" lon="-121.065431">
        <ele>1473.5</ele>
        <time>2025-03-08T22:25:19Z</time>
      </trkpt>
      <trkpt lat="47.765068" lon="-121.065474">
        <ele>1472.1</ele>
        <time>2025-03-08T22:25:21Z</time>
      </trkpt>
      <trkpt lat="47.765075" lon="-121.065519">
        <ele>1471.2</ele>
        <time>2025-03-08T22:25:22Z</time>
      </trkpt>
      <trkpt lat="47.765079" lon="-121.065579">
        <ele>1470.4</ele>
        <time>2025-03-08T22:25:24Z</time>
      </trkpt>
      <trkpt lat="47.765077" lon="-121.065627">
        <ele>1469.6</ele>
        <time>2025-03-08T22:25:25Z</time>
      </trkpt>
      <trkpt lat="47.765052" lon="-121.065764">
        <ele>1467.5</ele>
        <time>2025-03-08T22:25:28Z</time>
      </trkpt>
      <trkpt lat="47.765053" lon="-121.065837">
        <ele>1465.9</ele>
        <time>2025-03-08T22:25:30Z</time>
      </trkpt>
      <trkpt lat="47.765065" lon="-121.065883">
        <ele>1464.6</ele>
        <time>2025-03-08T22:25:32Z</time>
      </trkpt>
      <trkpt lat="47.765091" lon="-121.065931">
        <ele>1463.3</ele>
        <time>2025-03-08T22:25:35Z</time>
      </trkpt>
      <trkpt lat="47.765108" lon="-121.065943">
        <ele>1463.3</ele>
        <time>2025-03-08T22:25:36Z</time>
      </trkpt>
      <trkpt lat="47.765127" lon="-121.065966">
        <ele>1462.0</ele>
        <time>2025-03-08T22:25:38Z</time>
      </trkpt>
      <trkpt lat="47.765123" lon="-121.065977">
        <ele>1462.0</ele>
        <time>2025-03-08T22:25:41Z</time>
      </trkpt>
      <trkpt lat="47.765115" lon="-121.065979">
        <ele>1462.4</ele>
        <time>2025-03-08T22:25:44Z</time>
      </trkpt>
      <trkpt lat="47.765116" lon="-121.066014">
        <ele>1461.6</ele>
        <time>2025-03-08T22:25:48Z</time>
      </trkpt>
      <trkpt lat="47.765134" lon="-121.066023">
        <ele>1461.1</ele>
        <time>2025-03-08T22:25:51Z</time>
      </trkpt>
      <trkpt lat="47.765143" lon="-121.066021">
        <ele>1461.1</ele>
        <time>2025-03-08T22:25:55Z</time>
      </trkpt>
      <trkpt lat="47.76515" lon="-121.065999">
        <ele>1460.7</ele>
        <time>2025-03-08T22:26:00Z</time>
      </trkpt>
      <trkpt lat="47.765155" lon="-121.065966">
        <ele>1461.6</ele>
        <time>2025-03-08T22:26:04Z</time>
      </trkpt>
      <trkpt lat="47.765155" lon="-121.065951">
        <ele>1461.6</ele>
        <time>2025-03-08T22:26:06Z</time>
      </trkpt>
      <trkpt lat="47.765146" lon="-121.065924">
        <ele>1462.9</ele>
        <time>2025-03-08T22:26:11Z</time>
      </trkpt>
      <trkpt lat="47.765157" lon="-121.065924">
        <ele>1462.4</ele>
        <time>2025-03-08T22:26:14Z</time>
      </trkpt>
      <trkpt lat="47.765169" lon="-121.06594">
        <ele>1462.4</ele>
        <time>2025-03-08T22:26:16Z</time>
      </trkpt>
      <trkpt lat="47.76519" lon="-121.06596">
        <ele>1461.2</ele>
        <time>2025-03-08T22:26:19Z</time>
      </trkpt>
      <trkpt lat="47.765196" lon="-121.06597">
        <ele>1461.2</ele>
        <time>2025-03-08T22:26:21Z</time>
      </trkpt>
      <trkpt lat="47.765192" lon="-121.065975">
        <ele>1461.2</ele>
        <time>2025-03-08T22:26:26Z</time>
      </trkpt>
      <trkpt lat="47.765183" lon="-121.066029">
        <ele>1460.4</ele>
        <time>2025-03-08T22:26:31Z</time>
      </trkpt>
      <trkpt lat="47.765181" lon="-121.066049">
        <ele>1459.6</ele>
        <time>2025-03-08T22:26:32Z</time>
      </trkpt>
      <trkpt lat="47.765183" lon="-121.066071">
        <ele>1459.6</ele>
        <time>2025-03-08T22:26:33Z</time>
      </trkpt>
      <trkpt lat="47.765188" lon="-121.066093">
        <ele>1458.8</ele>
        <time>2025-03-08T22:26:34Z</time>
      </trkpt>
      <trkpt lat="47.765208" lon="-121.066144">
        <ele>1457.8</ele>
        <time>2025-03-08T22:26:36Z</time>
      </trkpt>
      <trkpt lat="47.765243" lon="-121.066182">
        <ele>1456.9</ele>
        <time>2025-03-08T22:26:38Z</time>
      </trkpt>
      <trkpt lat="47.765279" lon="-121.066211">
        <ele>1456.1</ele>
        <time>2025-03-08T22:26:44Z</time>
      </trkpt>
      <trkpt lat="47.765287" lon="-121.066193">
        <ele>1456.7</ele>
        <time>2025-03-08T22:26:47Z</time>
      </trkpt>
      <trkpt lat="47.765303" lon="-121.066187">
        <ele>1456.4</ele>
        <time>2025-03-08T22:26:48Z</time>
      </trkpt>
      <trkpt lat="47.765353" lon="-121.066178">
        <ele>1455.8</ele>
        <time>2025-03-08T22:26:50Z</time>
      </trkpt>
      <trkpt lat="47.765381" lon="-121.066177">
        <ele>1455.5</ele>
        <time>2025-03-08T22:26:51Z</time>
      </trkpt>
      <trkpt lat="47.765408" lon="-121.066179">
        <ele>1455.1</ele>
        <time>2025-03-08T22:26:52Z</time>
      </trkpt>
      <trkpt lat="47.76544" lon="-121.066195">
        <ele>1454.7</ele>
        <time>2025-03-08T22:26:53Z</time>
      </trkpt>
      <trkpt lat="47.765465" lon="-121.066214">
        <ele>1453.6</ele>
        <time>2025-03-08T22:26:55Z</time>
      </trkpt>
      <trkpt lat="47.76549" lon="-121.066242">
        <ele>1453.6</ele>
        <time>2025-03-08T22:26:57Z</time>
      </trkpt>
      <trkpt lat="47.765561" lon="-121.066297">
        <ele>1450.8</ele>
        <time>2025-03-08T22:27:02Z</time>
      </trkpt>
      <trkpt lat="47.765574" lon="-121.066316">
        <ele>1450.8</ele>
        <time>2025-03-08T22:27:03Z</time>
      </trkpt>
      <trkpt lat="47.765582" lon="-121.066339">
        <ele>1449.7</ele>
        <time>2025-03-08T22:27:04Z</time>
      </trkpt>
      <trkpt lat="47.765586" lon="-121.066364">
        <ele>1449.7</ele>
        <time>2025-03-08T22:27:05Z</time>
      </trkpt>
      <trkpt lat="47.765592" lon="-121.066384">
        <ele>1449.1</ele>
        <time>2025-03-08T22:27:06Z</time>
      </trkpt>
      <trkpt lat="47.765601" lon="-121.066398">
        <ele>1449.1</ele>
        <time>2025-03-08T22:27:07Z</time>
      </trkpt>
      <trkpt lat="47.765617" lon="-121.066416">
        <ele>1448.6</ele>
        <time>2025-03-08T22:27:08Z</time>
      </trkpt>
      <trkpt lat="47.765658" lon="-121.066452">
        <ele>1447.4</ele>
        <time>2025-03-08T22:27:10Z</time>
      </trkpt>
      <trkpt lat="47.765695" lon="-121.066482">
        <ele>1446.2</ele>
        <time>2025-03-08T22:27:11Z</time>
      </trkpt>
      <trkpt lat="47.765767" lon="-121.066535">
        <ele>1443.3</ele>
        <time>2025-03-08T22:27:14Z</time>
      </trkpt>
      <trkpt lat="47.765793" lon="-121.06655">
        <ele>1441.7</ele>
        <time>2025-03-08T22:27:15Z</time>
      </trkpt>
      <trkpt lat="47.765813" lon="-121.066557">
        <ele>1440.9</ele>
        <time>2025-03-08T22:27:16Z</time>
      </trkpt>
      <trkpt lat="47.765827" lon="-121.066556">
        <ele>1440.9</ele>
        <time>2025-03-08T22:27:18Z</time>
      </trkpt>
      <trkpt lat="47.765826" lon="-121.06655">
        <ele>1440.9</ele>
        <time>2025-03-08T22:27:19Z</time>
      </trkpt>
      <trkpt lat="47.765815" lon="-121.066546">
        <ele>1441.6</ele>
        <time>2025-03-08T22:27:21Z</time>
      </trkpt>
      <trkpt lat="47.76581" lon="-121.06655">
        <ele>1441.8</ele>
        <time>2025-03-08T22:27:23Z</time>
      </trkpt>
      <trkpt lat="47.765802" lon="-121.066542">
        <ele>1442.5</ele>
        <time>2025-03-08T22:28:03Z</time>
      </trkpt>
      <trkpt lat="47.765816" lon="-121.066521">
        <ele>1441.7</ele>
        <time>2025-03-08T22:28:08Z</time>
      </trkpt>
      <trkpt lat="47.765824" lon="-121.066518">
        <ele>1441.7</ele>
        <time>2025-03-08T22:28:11Z</time>
      </trkpt>
      <trkpt lat="47.765824" lon="-121.066504">
        <ele>1441.7</ele>
        <time>2025-03-08T22:28:24Z</time>
      </trkpt>
      <trkpt lat="47.765833" lon="-121.066505">
        <ele>1441.7</ele>
        <time>2025-03-08T22:28:27Z</time>
      </trkpt>
      <trkpt lat="47.765837" lon="-121.066533">
        <ele>1441.7</ele>
        <time>2025-03-08T22:28:41Z</time>
      </trkpt>
      <trkpt lat="47.765835" lon="-121.066543">
        <ele>1441.7</ele>
        <time>2025-03-08T22:28:47Z</time>
      </trkpt>
      <trkpt lat="47.765825" lon="-121.066556">
        <ele>1441.0</ele>
        <time>2025-03-08T22:28:57Z</time>
      </trkpt>
      <trkpt lat="47.765803" lon="-121.066564">
        <ele>1441.8</ele>
        <time>2025-03-08T22:29:03Z</time>
      </trkpt>
      <trkpt lat="47.765792" lon="-121.066582">
        <ele>1441.8</ele>
        <time>2025-03-08T22:29:07Z</time>
      </trkpt>
      <trkpt lat="47.765775" lon="-121.066598">
        <ele>1441.9</ele>
        <time>2025-03-08T22:29:11Z</time>
      </trkpt>
      <trkpt lat="47.765768" lon="-121.066587">
        <ele>1442.7</ele>
        <time>2025-03-08T22:29:14Z</time>
      </trkpt>
      <trkpt lat="47.765778" lon="-121.066578">
        <ele>1442.7</ele>
        <time>2025-03-08T22:29:17Z</time>
      </trkpt>
      <trkpt lat="47.765778" lon="-121.066572">
        <ele>1442.7</ele>
        <time>2025-03-08T22:29:20Z</time>
      </trkpt>
      <trkpt lat="47.765793" lon="-121.066552">
        <ele>1441.9</ele>
        <time>2025-03-08T22:29:24Z</time>
      </trkpt>
      <trkpt lat="47.765803" lon="-121.066547">
        <ele>1441.9</ele>
        <time>2025-03-08T22:29:27Z</time>
      </trkpt>
      <trkpt lat="47.765818" lon="-121.066519">
        <ele>1441.7</ele>
        <time>2025-03-08T22:29:44Z</time>
      </trkpt>
      <trkpt lat="47.765825" lon="-121.066528">
        <ele>1441.7</ele>
        <time>2025-03-08T22:29:48Z</time>
      </trkpt>
      <trkpt lat="47.765833" lon="-121.066574">
        <ele>1441.1</ele>
        <time>2025-03-08T22:30:24Z</time>
      </trkpt>
      <trkpt lat="47.765853" lon="-121.066595">
        <ele>1439.6</ele>
        <time>2025-03-08T22:30:28Z</time>
      </trkpt>
      <trkpt lat="47.765874" lon="-121.066603">
        <ele>1438.7</ele>
        <time>2025-03-08T22:30:30Z</time>
      </trkpt>
      <trkpt lat="47.765897" lon="-121.066624">
        <ele>1438.7</ele>
        <time>2025-03-08T22:30:31Z</time>
      </trkpt>
      <trkpt lat="47.765905" lon="-121.066635">
        <ele>1437.2</ele>
        <time>2025-03-08T22:30:32Z</time>
      </trkpt>
      <trkpt lat="47.765916" lon="-121.066689">
        <ele>1436.6</ele>
        <time>2025-03-08T22:30:33Z</time>
      </trkpt>
      <trkpt lat="47.765918" lon="-121.066711">
        <ele>1436.6</ele>
        <time>2025-03-08T22:30:34Z</time>
      </trkpt>
      <trkpt lat="47.765908" lon="-121.066818">
        <ele>1434.6</ele>
        <time>2025-03-08T22:30:36Z</time>
      </trkpt>
      <trkpt lat="47.765904" lon="-121.066942">
        <ele>1432.3</ele>
        <time>2025-03-08T22:30:38Z</time>
      </trkpt>
      <trkpt lat="47.765905" lon="-121.06702">
        <ele>1430.5</ele>
        <time>2025-03-08T22:30:39Z</time>
      </trkpt>
      <trkpt lat="47.765902" lon="-121.067096">
        <ele>1429.7</ele>
        <time>2025-03-08T22:30:40Z</time>
      </trkpt>
      <trkpt lat="47.765891" lon="-121.067172">
        <ele>1429.1</ele>
        <time>2025-03-08T22:30:41Z</time>
      </trkpt>
      <trkpt lat="47.765876" lon="-121.06724">
        <ele>1427.7</ele>
        <time>2025-03-08T22:30:42Z</time>
      </trkpt>
      <trkpt lat="47.765846" lon="-121.067343">
        <ele>1427.0</ele>
        <time>2025-03-08T22:30:44Z</time>
      </trkpt>
      <trkpt lat="47.765827" lon="-121.067379">
        <ele>1426.6</ele>
        <time>2025-03-08T22:30:46Z</time>
      </trkpt>
      <trkpt lat="47.765802" lon="-121.067393">
        <ele>1426.3</ele>
        <time>2025-03-08T22:30:48Z</time>
      </trkpt>
      <trkpt lat="47.765795" lon="-121.067391">
        <ele>1426.2</ele>
        <time>2025-03-08T22:30:49Z</time>
      </trkpt>
      <trkpt lat="47.765783" lon="-121.067377">
        <ele>1426.0</ele>
        <time>2025-03-08T22:30:51Z</time>
      </trkpt>
      <trkpt lat="47.765768" lon="-121.06738">
        <ele>1425.8</ele>
        <time>2025-03-08T22:30:52Z</time>
      </trkpt>
      <trkpt lat="47.765748" lon="-121.067391">
        <ele>1425.5</ele>
        <time>2025-03-08T22:30:53Z</time>
      </trkpt>
      <trkpt lat="47.765725" lon="-121.067413">
        <ele>1425.1</ele>
        <time>2025-03-08T22:30:54Z</time>
      </trkpt>
      <trkpt lat="47.7657" lon="-121.06744">
        <ele>1424.7</ele>
        <time>2025-03-08T22:30:55Z</time>
      </trkpt>
      <trkpt lat="47.765675" lon="-121.06747">
        <ele>1424.3</ele>
        <time>2025-03-08T22:30:56Z</time>
      </trkpt>
      <trkpt lat="47.765652" lon="-121.067507">
        <ele>1423.9</ele>
        <time>2025-03-08T22:30:57Z</time>
      </trkpt>
      <trkpt lat="47.765603" lon="-121.067614">
        <ele>1422.7</ele>
        <time>2025-03-08T22:30:59Z</time>
      </trkpt>
      <trkpt lat="47.765576" lon="-121.067683">
        <ele>1422.0</ele>
        <time>2025-03-08T22:31:00Z</time>
      </trkpt>
      <trkpt lat="47.765553" lon="-121.067756">
        <ele>1421.3</ele>
        <time>2025-03-08T22:31:01Z</time>
      </trkpt>
      <trkpt lat="47.765538" lon="-121.067819">
        <ele>1420.6</ele>
        <time>2025-03-08T22:31:02Z</time>
      </trkpt>
      <trkpt lat="47.765526" lon="-121.067861">
        <ele>1420.2</ele>
        <time>2025-03-08T22:31:03Z</time>
      </trkpt>
      <trkpt lat="47.765524" lon="-121.067878">
        <ele>1420.1</ele>
        <time>2025-03-08T22:31:04Z</time>
      </trkpt>
      <trkpt lat="47.765535" lon="-121.067888">
        <ele>1419.9</ele>
        <time>2025-03-08T22:31:05Z</time>
      </trkpt>
      <trkpt lat="47.765562" lon="-121.067884">
        <ele>1419.5</ele>
        <time>2025-03-08T22:31:07Z</time>
      </trkpt>
      <trkpt lat="47.76558" lon="-121.067891">
        <ele>1419.2</ele>
        <time>2025-03-08T22:31:10Z</time>
      </trkpt>
      <trkpt lat="47.765584" lon="-121.06787">
        <ele>1419.0</ele>
        <time>2025-03-08T22:31:13Z</time>
      </trkpt>
      <trkpt lat="47.765592" lon="-121.067854">
        <ele>1418.8</ele>
        <time>2025-03-08T22:31:14Z</time>
      </trkpt>
      <trkpt lat="47.765626" lon="-121.067839">
        <ele>1418.2</ele>
        <time>2025-03-08T22:31:15Z</time>
      </trkpt>
      <trkpt lat="47.765684" lon="-121.067805">
        <ele>1417.3</ele>
        <time>2025-03-08T22:31:17Z</time>
      </trkpt>
      <trkpt lat="47.765734" lon="-121.067783">
        <ele>1416.5</ele>
        <time>2025-03-08T22:31:18Z</time>
      </trkpt>
      <trkpt lat="47.76579" lon="-121.067771">
        <ele>1415.6</ele>
        <time>2025-03-08T22:31:19Z</time>
      </trkpt>
      <trkpt lat="47.765846" lon="-121.067776">
        <ele>1414.7</ele>
        <time>2025-03-08T22:31:20Z</time>
      </trkpt>
      <trkpt lat="47.765892" lon="-121.067778">
        <ele>1414.0</ele>
        <time>2025-03-08T22:31:21Z</time>
      </trkpt>
      <trkpt lat="47.76593" lon="-121.067787">
        <ele>1413.3</ele>
        <time>2025-03-08T22:31:22Z</time>
      </trkpt>
      <trkpt lat="47.765957" lon="-121.067791">
        <ele>1412.9</ele>
        <time>2025-03-08T22:31:23Z</time>
      </trkpt>
      <trkpt lat="47.765985" lon="-121.067798">
        <ele>1412.4</ele>
        <time>2025-03-08T22:31:25Z</time>
      </trkpt>
      <trkpt lat="47.765986" lon="-121.067802">
        <ele>1412.4</ele>
        <time>2025-03-08T22:31:26Z</time>
      </trkpt>
      <trkpt lat="47.765943" lon="-121.0678">
        <ele>1411.7</ele>
        <time>2025-03-08T22:31:31Z</time>
      </trkpt>
      <trkpt lat="47.765914" lon="-121.067794">
        <ele>1411.2</ele>
        <time>2025-03-08T22:31:40Z</time>
      </trkpt>
      <trkpt lat="47.765884" lon="-121.067792">
        <ele>1410.6</ele>
        <time>2025-03-08T22:31:44Z</time>
      </trkpt>
      <trkpt lat="47.765838" lon="-121.067812">
        <ele>1409.7</ele>
        <time>2025-03-08T22:31:46Z</time>
      </trkpt>
      <trkpt lat="47.765825" lon="-121.06782">
        <ele>1409.5</ele>
        <time>2025-03-08T22:31:47Z</time>
      </trkpt>
      <trkpt lat="47.765809" lon="-121.067821">
        <ele>1409.2</ele>
        <time>2025-03-08T22:31:50Z</time>
      </trkpt>
      <trkpt lat="47.765842" lon="-121.067863">
        <ele>1408.4</ele>
        <time>2025-03-08T22:31:58Z</time>
      </trkpt>
      <trkpt lat="47.765894" lon="-121.067915">
        <ele>1407.2</ele>
        <time>2025-03-08T22:32:00Z</time>
      </trkpt>
      <trkpt lat="47.765935" lon="-121.067935">
        <ele>1406.5</ele>
        <time>2025-03-08T22:32:01Z</time>
      </trkpt>
      <trkpt lat="47.765991" lon="-121.067943">
        <ele>1405.5</ele>
        <time>2025-03-08T22:32:02Z</time>
      </trkpt>
      <trkpt lat="47.766051" lon="-121.067942">
        <ele>1404.6</ele>
        <time>2025-03-08T22:32:03Z</time>
      </trkpt>
      <trkpt lat="47.76613" lon="-121.067918">
        <ele>1403.5</ele>
        <time>2025-03-08T22:32:04Z</time>
      </trkpt>
      <trkpt lat="47.766191" lon="-121.06788">
        <ele>1402.6</ele>
        <time>2025-03-08T22:32:05Z</time>
      </trkpt>
      <trkpt lat="47.766237" lon="-121.067834">
        <ele>1402.0</ele>
        <time>2025-03-08T22:32:06Z</time>
      </trkpt>
      <trkpt lat="47.766296" lon="-121.067773">
        <ele>1401.2</ele>
        <time>2025-03-08T22:32:08Z</time>
      </trkpt>
      <trkpt lat="47.766312" lon="-121.06777">
        <ele>1401.0</ele>
        <time>2025-03-08T22:32:09Z</time>
      </trkpt>
      <trkpt lat="47.766324" lon="-121.067774">
        <ele>1400.9</ele>
        <time>2025-03-08T22:32:10Z</time>
      </trkpt>
      <trkpt lat="47.766357" lon="-121.067797">
        <ele>1400.5</ele>
        <time>2025-03-08T22:32:15Z</time>
      </trkpt>
      <trkpt lat="47.766434" lon="-121.067891">
        <ele>1399.3</ele>
        <time>2025-03-08T22:32:18Z</time>
      </trkpt>
      <trkpt lat="47.766452" lon="-121.067908">
        <ele>1399.1</ele>
        <time>2025-03-08T22:32:19Z</time>
      </trkpt>
      <trkpt lat="47.766459" lon="-121.06792">
        <ele>1399.0</ele>
        <time>2025-03-08T22:32:20Z</time>
      </trkpt>
      <trkpt lat="47.766461" lon="-121.067939">
        <ele>1398.8</ele>
        <time>2025-03-08T22:32:21Z</time>
      </trkpt>
      <trkpt lat="47.766477" lon="-121.067998">
        <ele>1398.4</ele>
        <time>2025-03-08T22:32:23Z</time>
      </trkpt>
      <trkpt lat="47.766484" lon="-121.068038">
        <ele>1398.1</ele>
        <time>2025-03-08T22:32:25Z</time>
      </trkpt>
      <trkpt lat="47.766477" lon="-121.068083">
        <ele>1397.8</ele>
        <time>2025-03-08T22:32:27Z</time>
      </trkpt>
      <trkpt lat="47.766477" lon="-121.068134">
        <ele>1397.4</ele>
        <time>2025-03-08T22:32:33Z</time>
      </trkpt>
      <trkpt lat="47.766488" lon="-121.06822">
        <ele>1396.8</ele>
        <time>2025-03-08T22:32:36Z</time>
      </trkpt>
      <trkpt lat="47.766475" lon="-121.068228">
        <ele>1396.7</ele>
        <time>2025-03-08T22:32:50Z</time>
      </trkpt>
      <trkpt lat="47.766503" lon="-121.068262">
        <ele>1396.3</ele>
        <time>2025-03-08T22:33:01Z</time>
      </trkpt>
      <trkpt lat="47.766525" lon="-121.06831">
        <ele>1396.0</ele>
        <time>2025-03-08T22:33:03Z</time>
      </trkpt>
      <trkpt lat="47.766535" lon="-121.068364">
        <ele>1395.2</ele>
        <time>2025-03-08T22:33:05Z</time>
      </trkpt>
      <trkpt lat="47.766554" lon="-121.068414">
        <ele>1394.5</ele>
        <time>2025-03-08T22:33:07Z</time>
      </trkpt>
      <trkpt lat="47.766571" lon="-121.068471">
        <ele>1393.8</ele>
        <time>2025-03-08T22:33:09Z</time>
      </trkpt>
      <trkpt lat="47.766576" lon="-121.068533">
        <ele>1393.0</ele>
        <time>2025-03-08T22:33:10Z</time>
      </trkpt>
      <trkpt lat="47.766576" lon="-121.068557">
        <ele>1392.7</ele>
        <time>2025-03-08T22:33:11Z</time>
      </trkpt>
      <trkpt lat="47.766582" lon="-121.068613">
        <ele>1392.0</ele>
        <time>2025-03-08T22:33:12Z</time>
      </trkpt>
      <trkpt lat="47.766593" lon="-121.068666">
        <ele>1391.3</ele>
        <time>2025-03-08T22:33:13Z</time>
      </trkpt>
      <trkpt lat="47.766608" lon="-121.068717">
        <ele>1390.6</ele>
        <time>2025-03-08T22:33:14Z</time>
      </trkpt>
      <trkpt lat="47.766619" lon="-121.068765">
        <ele>1389.9</ele>
        <time>2025-03-08T22:33:15Z</time>
      </trkpt>
      <trkpt lat="47.766631" lon="-121.068808">
        <ele>1389.3</ele>
        <time>2025-03-08T22:33:16Z</time>
      </trkpt>
      <trkpt lat="47.766655" lon="-121.068859">
        <ele>1388.3</ele>
        <time>2025-03-08T22:33:18Z</time>
      </trkpt>
      <trkpt lat="47.766658" lon="-121.068882">
        <ele>1388.0</ele>
        <time>2025-03-08T22:33:19Z</time>
      </trkpt>
      <trkpt lat="47.766659" lon="-121.068923">
        <ele>1387.4</ele>
        <time>2025-03-08T22:33:21Z</time>
      </trkpt>
      <trkpt lat="47.766668" lon="-121.068947">
        <ele>1387.0</ele>
        <time>2025-03-08T22:33:22Z</time>
      </trkpt>
      <trkpt lat="47.766677" lon="-121.068992">
        <ele>1386.3</ele>
        <time>2025-03-08T22:33:23Z</time>
      </trkpt>
      <trkpt lat="47.766677" lon="-121.069011">
        <ele>1386.0</ele>
        <time>2025-03-08T22:33:24Z</time>
      </trkpt>
      <trkpt lat="47.766673" lon="-121.069058">
        <ele>1385.4</ele>
        <time>2025-03-08T22:33:25Z</time>
      </trkpt>
      <trkpt lat="47.766661" lon="-121.069103">
        <ele>1384.8</ele>
        <time>2025-03-08T22:33:26Z</time>
      </trkpt>
      <trkpt lat="47.766645" lon="-121.069152">
        <ele>1384.1</ele>
        <time>2025-03-08T22:33:27Z</time>
      </trkpt>
      <trkpt lat="47.76663" lon="-121.069194">
        <ele>1383.6</ele>
        <time>2025-03-08T22:33:28Z</time>
      </trkpt>
      <trkpt lat="47.766605" lon="-121.069243">
        <ele>1382.9</ele>
        <time>2025-03-08T22:33:29Z</time>
      </trkpt>
      <trkpt lat="47.766593" lon="-121.069259">
        <ele>1382.7</ele>
        <time>2025-03-08T22:33:30Z</time>
      </trkpt>
      <trkpt lat="47.766574" lon="-121.069273">
        <ele>1382.4</ele>
        <time>2025-03-08T22:33:31Z</time>
      </trkpt>
      <trkpt lat="47.76656" lon="-121.069277">
        <ele>1382.2</ele>
        <time>2025-03-08T22:33:32Z</time>
      </trkpt>
      <trkpt lat="47.766555" lon="-121.069274">
        <ele>1382.1</ele>
        <time>2025-03-08T22:33:33Z</time>
      </trkpt>
      <trkpt lat="47.76655" lon="-121.069285">
        <ele>1382.0</ele>
        <time>2025-03-08T22:33:40Z</time>
      </trkpt>
      <trkpt lat="47.76653" lon="-121.069285">
        <ele>1381.8</ele>
        <time>2025-03-08T22:33:46Z</time>
      </trkpt>
      <trkpt lat="47.766525" lon="-121.069291">
        <ele>1381.7</ele>
        <time>2025-03-08T22:33:47Z</time>
      </trkpt>
      <trkpt lat="47.766509" lon="-121.069334">
        <ele>1381.1</ele>
        <time>2025-03-08T22:33:58Z</time>
      </trkpt>
      <trkpt lat="47.766504" lon="-121.069391">
        <ele>1378.4</ele>
        <time>2025-03-08T22:34:00Z</time>
      </trkpt>
      <trkpt lat="47.766496" lon="-121.06943">
        <ele>1377.6</ele>
        <time>2025-03-08T22:34:01Z</time>
      </trkpt>
      <trkpt lat="47.766481" lon="-121.069469">
        <ele>1376.4</ele>
        <time>2025-03-08T22:34:02Z</time>
      </trkpt>
      <trkpt lat="47.766463" lon="-121.069506">
        <ele>1376.7</ele>
        <time>2025-03-08T22:34:03Z</time>
      </trkpt>
      <trkpt lat="47.766435" lon="-121.069558">
        <ele>1374.9</ele>
        <time>2025-03-08T22:34:05Z</time>
      </trkpt>
      <trkpt lat="47.76643" lon="-121.06958">
        <ele>1374.8</ele>
        <time>2025-03-08T22:34:06Z</time>
      </trkpt>
      <trkpt lat="47.76643" lon="-121.069604">
        <ele>1373.7</ele>
        <time>2025-03-08T22:34:07Z</time>
      </trkpt>
      <trkpt lat="47.766438" lon="-121.069652">
        <ele>1372.6</ele>
        <time>2025-03-08T22:34:09Z</time>
      </trkpt>
      <trkpt lat="47.766438" lon="-121.069674">
        <ele>1372.6</ele>
        <time>2025-03-08T22:34:10Z</time>
      </trkpt>
      <trkpt lat="47.766424" lon="-121.069694">
        <ele>1371.5</ele>
        <time>2025-03-08T22:34:12Z</time>
      </trkpt>
      <trkpt lat="47.766428" lon="-121.069709">
        <ele>1371.4</ele>
        <time>2025-03-08T22:34:13Z</time>
      </trkpt>
      <trkpt lat="47.766454" lon="-121.069747">
        <ele>1369.8</ele>
        <time>2025-03-08T22:34:17Z</time>
      </trkpt>
      <trkpt lat="47.766479" lon="-121.069813">
        <ele>1367.4</ele>
        <time>2025-03-08T22:34:19Z</time>
      </trkpt>
      <trkpt lat="47.766495" lon="-121.069846">
        <ele>1367.4</ele>
        <time>2025-03-08T22:34:20Z</time>
      </trkpt>
      <trkpt lat="47.766524" lon="-121.069882">
        <ele>1366.0</ele>
        <time>2025-03-08T22:34:21Z</time>
      </trkpt>
      <trkpt lat="47.76656" lon="-121.069918">
        <ele>1364.6</ele>
        <time>2025-03-08T22:34:22Z</time>
      </trkpt>
      <trkpt lat="47.766598" lon="-121.069936">
        <ele>1363.8</ele>
        <time>2025-03-08T22:34:23Z</time>
      </trkpt>
      <trkpt lat="47.766634" lon="-121.069958">
        <ele>1362.6</ele>
        <time>2025-03-08T22:34:24Z</time>
      </trkpt>
      <trkpt lat="47.766668" lon="-121.069985">
        <ele>1361.3</ele>
        <time>2025-03-08T22:34:25Z</time>
      </trkpt>
      <trkpt lat="47.766699" lon="-121.070005">
        <ele>1360.8</ele>
        <time>2025-03-08T22:34:26Z</time>
      </trkpt>
      <trkpt lat="47.766719" lon="-121.07002">
        <ele>1360.3</ele>
        <time>2025-03-08T22:34:27Z</time>
      </trkpt>
      <trkpt lat="47.76673" lon="-121.070025">
        <ele>1359.3</ele>
        <time>2025-03-08T22:34:28Z</time>
      </trkpt>
      <trkpt lat="47.766736" lon="-121.069967">
        <ele>1360.1</ele>
        <time>2025-03-08T22:34:39Z</time>
      </trkpt>
      <trkpt lat="47.766731" lon="-121.069954">
        <ele>1359.5</ele>
        <time>2025-03-08T22:34:56Z</time>
      </trkpt>
      <trkpt lat="47.766724" lon="-121.069959">
        <ele>1359.1</ele>
        <time>2025-03-08T22:35:04Z</time>
      </trkpt>
      <trkpt lat="47.76673" lon="-121.069966">
        <ele>1358.7</ele>
        <time>2025-03-08T22:35:11Z</time>
      </trkpt>
      <trkpt lat="47.766734" lon="-121.06995">
        <ele>1356.1</ele>
        <time>2025-03-08T22:35:46Z</time>
      </trkpt>
      <trkpt lat="47.766722" lon="-121.069965">
        <ele>1356.5</ele>
        <time>2025-03-08T22:35:48Z</time>
      </trkpt>
      <trkpt lat="47.76671" lon="-121.069987">
        <ele>1355.5</ele>
        <time>2025-03-08T22:35:49Z</time>
      </trkpt>
      <trkpt lat="47.766694" lon="-121.070065">
        <ele>1354.9</ele>
        <time>2025-03-08T22:35:51Z</time>
      </trkpt>
      <trkpt lat="47.766695" lon="-121.070106">
        <ele>1353.8</ele>
        <time>2025-03-08T22:35:52Z</time>
      </trkpt>
      <trkpt lat="47.7667" lon="-121.070149">
        <ele>1352.7</ele>
        <time>2025-03-08T22:35:53Z</time>
      </trkpt>
      <trkpt lat="47.7667" lon="-121.070191">
        <ele>1351.5</ele>
        <time>2025-03-08T22:35:54Z</time>
      </trkpt>
      <trkpt lat="47.766694" lon="-121.070245">
        <ele>1349.1</ele>
        <time>2025-03-08T22:35:55Z</time>
      </trkpt>
      <trkpt lat="47.76669" lon="-121.070262">
        <ele>1349.1</ele>
        <time>2025-03-08T22:35:56Z</time>
      </trkpt>
      <trkpt lat="47.766673" lon="-121.0703">
        <ele>1348.4</ele>
        <time>2025-03-08T22:35:57Z</time>
      </trkpt>
      <trkpt lat="47.766666" lon="-121.07031">
        <ele>1348.3</ele>
        <time>2025-03-08T22:35:58Z</time>
      </trkpt>
      <trkpt lat="47.766647" lon="-121.070352">
        <ele>1347.5</ele>
        <time>2025-03-08T22:35:59Z</time>
      </trkpt>
      <trkpt lat="47.766635" lon="-121.070405">
        <ele>1346.3</ele>
        <time>2025-03-08T22:36:01Z</time>
      </trkpt>
      <trkpt lat="47.766614" lon="-121.070448">
        <ele>1345.5</ele>
        <time>2025-03-08T22:36:03Z</time>
      </trkpt>
      <trkpt lat="47.766613" lon="-121.07046">
        <ele>1344.4</ele>
        <time>2025-03-08T22:36:04Z</time>
      </trkpt>
      <trkpt lat="47.766618" lon="-121.070472">
        <ele>1344.2</ele>
        <time>2025-03-08T22:36:05Z</time>
      </trkpt>
      <trkpt lat="47.766632" lon="-121.070489">
        <ele>1343.8</ele>
        <time>2025-03-08T22:36:06Z</time>
      </trkpt>
      <trkpt lat="47.766657" lon="-121.070513">
        <ele>1343.2</ele>
        <time>2025-03-08T22:36:07Z</time>
      </trkpt>
      <trkpt lat="47.766693" lon="-121.070542">
        <ele>1342.4</ele>
        <time>2025-03-08T22:36:08Z</time>
      </trkpt>
      <trkpt lat="47.766733" lon="-121.070566">
        <ele>1341.5</ele>
        <time>2025-03-08T22:36:09Z</time>
      </trkpt>
      <trkpt lat="47.766779" lon="-121.070578">
        <ele>1340.5</ele>
        <time>2025-03-08T22:36:10Z</time>
      </trkpt>
      <trkpt lat="47.766821" lon="-121.070591">
        <ele>1339.5</ele>
        <time>2025-03-08T22:36:11Z</time>
      </trkpt>
      <trkpt lat="47.766852" lon="-121.070595">
        <ele>1338.9</ele>
        <time>2025-03-08T22:36:12Z</time>
      </trkpt>
      <trkpt lat="47.766866" lon="-121.070589">
        <ele>1338.5</ele>
        <time>2025-03-08T22:36:13Z</time>
      </trkpt>
      <trkpt lat="47.766861" lon="-121.070577">
        <ele>1338.3</ele>
        <time>2025-03-08T22:36:14Z</time>
      </trkpt>
      <trkpt lat="47.766849" lon="-121.07057">
        <ele>1338.0</ele>
        <time>2025-03-08T22:36:15Z</time>
      </trkpt>
      <trkpt lat="47.766836" lon="-121.070556">
        <ele>1337.6</ele>
        <time>2025-03-08T22:36:17Z</time>
      </trkpt>
      <trkpt lat="47.766814" lon="-121.070573">
        <ele>1336.9</ele>
        <time>2025-03-08T22:36:33Z</time>
      </trkpt>
      <trkpt lat="47.766788" lon="-121.070583">
        <ele>1336.3</ele>
        <time>2025-03-08T22:36:55Z</time>
      </trkpt>
      <trkpt lat="47.766772" lon="-121.070607">
        <ele>1335.8</ele>
        <time>2025-03-08T22:36:58Z</time>
      </trkpt>
      <trkpt lat="47.766769" lon="-121.070617">
        <ele>1335.6</ele>
        <time>2025-03-08T22:36:59Z</time>
      </trkpt>
      <trkpt lat="47.766773" lon="-121.070625">
        <ele>1335.4</ele>
        <time>2025-03-08T22:37:00Z</time>
      </trkpt>
      <trkpt lat="47.766786" lon="-121.070632">
        <ele>1335.1</ele>
        <time>2025-03-08T22:37:02Z</time>
      </trkpt>
      <trkpt lat="47.766786" lon="-121.070657">
        <ele>1334.7</ele>
        <time>2025-03-08T22:37:05Z</time>
      </trkpt>
      <trkpt lat="47.766768" lon="-121.07066">
        <ele>1334.3</ele>
        <time>2025-03-08T22:37:06Z</time>
      </trkpt>
      <trkpt lat="47.76675" lon="-121.070672">
        <ele>1333.8</ele>
        <time>2025-03-08T22:37:08Z</time>
      </trkpt>
      <trkpt lat="47.766744" lon="-121.070688">
        <ele>1333.6</ele>
        <time>2025-03-08T22:37:11Z</time>
      </trkpt>
      <trkpt lat="47.766737" lon="-121.070689">
        <ele>1333.4</ele>
        <time>2025-03-08T22:37:14Z</time>
      </trkpt>
      <trkpt lat="47.766728" lon="-121.07067">
        <ele>1333.0</ele>
        <time>2025-03-08T22:37:18Z</time>
      </trkpt>
      <trkpt lat="47.766711" lon="-121.070661">
        <ele>1332.6</ele>
        <time>2025-03-08T22:37:21Z</time>
      </trkpt>
      <trkpt lat="47.766707" lon="-121.07065">
        <ele>1332.4</ele>
        <time>2025-03-08T22:37:23Z</time>
      </trkpt>
      <trkpt lat="47.766744" lon="-121.070664">
        <ele>1331.5</ele>
        <time>2025-03-08T22:37:38Z</time>
      </trkpt>
      <trkpt lat="47.766778" lon="-121.070663">
        <ele>1330.7</ele>
        <time>2025-03-08T22:37:39Z</time>
      </trkpt>
      <trkpt lat="47.766866" lon="-121.070652">
        <ele>1328.7</ele>
        <time>2025-03-08T22:37:41Z</time>
      </trkpt>
      <trkpt lat="47.766916" lon="-121.070644">
        <ele>1327.6</ele>
        <time>2025-03-08T22:37:42Z</time>
      </trkpt>
      <trkpt lat="47.766958" lon="-121.070651">
        <ele>1326.6</ele>
        <time>2025-03-08T22:37:43Z</time>
      </trkpt>
      <trkpt lat="47.766989" lon="-121.07067">
        <ele>1325.9</ele>
        <time>2025-03-08T22:37:44Z</time>
      </trkpt>
      <trkpt lat="47.767017" lon="-121.070684">
        <ele>1325.2</ele>
        <time>2025-03-08T22:37:45Z</time>
      </trkpt>
      <trkpt lat="47.767047" lon="-121.070684">
        <ele>1324.6</ele>
        <time>2025-03-08T22:37:46Z</time>
      </trkpt>
      <trkpt lat="47.767076" lon="-121.07068">
        <ele>1324.0</ele>
        <time>2025-03-08T22:37:47Z</time>
      </trkpt>
      <trkpt lat="47.767122" lon="-121.070665">
        <ele>1323.0</ele>
        <time>2025-03-08T22:37:49Z</time>
      </trkpt>
      <trkpt lat="47.767214" lon="-121.070655">
        <ele>1321.1</ele>
        <time>2025-03-08T22:37:52Z</time>
      </trkpt>
      <trkpt lat="47.767247" lon="-121.070638">
        <ele>1320.3</ele>
        <time>2025-03-08T22:37:53Z</time>
      </trkpt>
      <trkpt lat="47.767319" lon="-121.070576">
        <ele>1318.6</ele>
        <time>2025-03-08T22:37:55Z</time>
      </trkpt>
      <trkpt lat="47.767364" lon="-121.070554">
        <ele>1317.6</ele>
        <time>2025-03-08T22:37:56Z</time>
      </trkpt>
      <trkpt lat="47.767414" lon="-121.070532">
        <ele>1316.5</ele>
        <time>2025-03-08T22:37:57Z</time>
      </trkpt>
      <trkpt lat="47.767468" lon="-121.070506">
        <ele>1315.3</ele>
        <time>2025-03-08T22:37:58Z</time>
      </trkpt>
      <trkpt lat="47.767527" lon="-121.070496">
        <ele>1314.0</ele>
        <time>2025-03-08T22:37:59Z</time>
      </trkpt>
      <trkpt lat="47.767582" lon="-121.070488">
        <ele>1312.8</ele>
        <time>2025-03-08T22:38:00Z</time>
      </trkpt>
      <trkpt lat="47.767625" lon="-121.070468">
        <ele>1311.8</ele>
        <time>2025-03-08T22:38:01Z</time>
      </trkpt>
      <trkpt lat="47.767656" lon="-121.070434">
        <ele>1311.0</ele>
        <time>2025-03-08T22:38:02Z</time>
      </trkpt>
      <trkpt lat="47.767639" lon="-121.07048">
        <ele>1310.2</ele>
        <time>2025-03-08T22:38:03Z</time>
      </trkpt>
      <trkpt lat="47.767649" lon="-121.070544">
        <ele>1309.3</ele>
        <time>2025-03-08T22:38:04Z</time>
      </trkpt>
      <trkpt lat="47.767681" lon="-121.070582">
        <ele>1308.4</ele>
        <time>2025-03-08T22:38:05Z</time>
      </trkpt>
      <trkpt lat="47.767718" lon="-121.070599">
        <ele>1307.5</ele>
        <time>2025-03-08T22:38:06Z</time>
      </trkpt>
      <trkpt lat="47.767732" lon="-121.07061">
        <ele>1307.2</ele>
        <time>2025-03-08T22:38:07Z</time>
      </trkpt>
      <trkpt lat="47.767754" lon="-121.070645">
        <ele>1306.5</ele>
        <time>2025-03-08T22:38:09Z</time>
      </trkpt>
      <trkpt lat="47.767777" lon="-121.070676">
        <ele>1305.8</ele>
        <time>2025-03-08T22:38:13Z</time>
      </trkpt>
      <trkpt lat="47.767764" lon="-121.07065">
        <ele>1305.2</ele>
        <time>2025-03-08T22:38:22Z</time>
      </trkpt>
      <trkpt lat="47.767732" lon="-121.070594">
        <ele>1304.1</ele>
        <time>2025-03-08T22:38:25Z</time>
      </trkpt>
      <trkpt lat="47.767726" lon="-121.070581">
        <ele>1303.9</ele>
        <time>2025-03-08T22:38:27Z</time>
      </trkpt>
      <trkpt lat="47.767717" lon="-121.070549">
        <ele>1303.4</ele>
        <time>2025-03-08T22:38:31Z</time>
      </trkpt>
      <trkpt lat="47.767697" lon="-121.070509">
        <ele>1302.7</ele>
        <time>2025-03-08T22:38:36Z</time>
      </trkpt>
      <trkpt lat="47.767694" lon="-121.070494">
        <ele>1302.4</ele>
        <time>2025-03-08T22:38:39Z</time>
      </trkpt>
      <trkpt lat="47.767707" lon="-121.070497">
        <ele>1302.2</ele>
        <time>2025-03-08T22:38:41Z</time>
      </trkpt>
      <trkpt lat="47.767724" lon="-121.070514">
        <ele>1301.8</ele>
        <time>2025-03-08T22:38:42Z</time>
      </trkpt>
      <trkpt lat="47.767803" lon="-121.070575">
        <ele>1300.0</ele>
        <time>2025-03-08T22:38:45Z</time>
      </trkpt>
      <trkpt lat="47.767815" lon="-121.070581">
        <ele>1299.8</ele>
        <time>2025-03-08T22:38:46Z</time>
      </trkpt>
      <trkpt lat="47.767838" lon="-121.070603">
        <ele>1299.4</ele>
        <time>2025-03-08T22:38:47Z</time>
      </trkpt>
      <trkpt lat="47.767856" lon="-121.070638">
        <ele>1298.9</ele>
        <time>2025-03-08T22:38:48Z</time>
      </trkpt>
      <trkpt lat="47.767876" lon="-121.070672">
        <ele>1298.4</ele>
        <time>2025-03-08T22:38:49Z</time>
      </trkpt>
      <trkpt lat="47.76789" lon="-121.070718">
        <ele>1297.9</ele>
        <time>2025-03-08T22:38:50Z</time>
      </trkpt>
      <trkpt lat="47.767991" lon="-121.070709">
        <ele>1296.5</ele>
        <time>2025-03-08T22:38:51Z</time>
      </trkpt>
      <trkpt lat="47.768178" lon="-121.070683">
        <ele>1294.2</ele>
        <time>2025-03-08T22:38:52Z</time>
      </trkpt>
      <trkpt lat="47.768278" lon="-121.070691">
        <ele>1292.8</ele>
        <time>2025-03-08T22:38:53Z</time>
      </trkpt>
      <trkpt lat="47.768334" lon="-121.070713">
        <ele>1292.1</ele>
        <time>2025-03-08T22:38:54Z</time>
      </trkpt>
      <trkpt lat="47.768408" lon="-121.070779">
        <ele>1291.0</ele>
        <time>2025-03-08T22:38:56Z</time>
      </trkpt>
      <trkpt lat="47.768434" lon="-121.070816">
        <ele>1290.5</ele>
        <time>2025-03-08T22:38:57Z</time>
      </trkpt>
      <trkpt lat="47.768462" lon="-121.070843">
        <ele>1290.1</ele>
        <time>2025-03-08T22:38:58Z</time>
      </trkpt>
      <trkpt lat="47.768503" lon="-121.070819">
        <ele>1289.6</ele>
        <time>2025-03-08T22:38:59Z</time>
      </trkpt>
      <trkpt lat="47.768532" lon="-121.070777">
        <ele>1289.1</ele>
        <time>2025-03-08T22:39:00Z</time>
      </trkpt>
      <trkpt lat="47.768553" lon="-121.070741">
        <ele>1288.8</ele>
        <time>2025-03-08T22:39:01Z</time>
      </trkpt>
      <trkpt lat="47.76854" lon="-121.070685">
        <ele>1288.3</ele>
        <time>2025-03-08T22:39:02Z</time>
      </trkpt>
      <trkpt lat="47.768527" lon="-121.07067">
        <ele>1288.1</ele>
        <time>2025-03-08T22:39:03Z</time>
      </trkpt>
      <trkpt lat="47.76856" lon="-121.070695">
        <ele>1287.7</ele>
        <time>2025-03-08T22:39:07Z</time>
      </trkpt>
      <trkpt lat="47.768576" lon="-121.070731">
        <ele>1287.3</ele>
        <time>2025-03-08T22:39:08Z</time>
      </trkpt>
      <trkpt lat="47.768579" lon="-121.070745">
        <ele>1287.2</ele>
        <time>2025-03-08T22:39:09Z</time>
      </trkpt>
      <trkpt lat="47.768605" lon="-121.070807">
        <ele>1286.6</ele>
        <time>2025-03-08T22:39:11Z</time>
      </trkpt>
      <trkpt lat="47.76862" lon="-121.07084">
        <ele>1286.3</ele>
        <time>2025-03-08T22:39:12Z</time>
      </trkpt>
      <trkpt lat="47.768642" lon="-121.070883">
        <ele>1285.9</ele>
        <time>2025-03-08T22:39:13Z</time>
      </trkpt>
      <trkpt lat="47.768648" lon="-121.070898">
        <ele>1285.7</ele>
        <time>2025-03-08T22:39:14Z</time>
      </trkpt>
      <trkpt lat="47.768671" lon="-121.07094">
        <ele>1285.3</ele>
        <time>2025-03-08T22:39:15Z</time>
      </trkpt>
      <trkpt lat="47.768692" lon="-121.070988">
        <ele>1284.8</ele>
        <time>2025-03-08T22:39:17Z</time>
      </trkpt>
      <trkpt lat="47.768705" lon="-121.071006">
        <ele>1284.6</ele>
        <time>2025-03-08T22:39:19Z</time>
      </trkpt>
      <trkpt lat="47.768718" lon="-121.071048">
        <ele>1284.2</ele>
        <time>2025-03-08T22:39:20Z</time>
      </trkpt>
      <trkpt lat="47.768722" lon="-121.071068">
        <ele>1284.0</ele>
        <time>2025-03-08T22:39:21Z</time>
      </trkpt>
      <trkpt lat="47.768731" lon="-121.071131">
        <ele>1283.5</ele>
        <time>2025-03-08T22:39:22Z</time>
      </trkpt>
      <trkpt lat="47.768737" lon="-121.071163">
        <ele>1283.2</ele>
        <time>2025-03-08T22:39:23Z</time>
      </trkpt>
      <trkpt lat="47.768868" lon="-121.071515">
        <ele>1278.9</ele>
        <time>2025-03-08T22:39:24Z</time>
      </trkpt>
      <trkpt lat="47.768876" lon="-121.071566">
        <ele>1278.3</ele>
        <time>2025-03-08T22:39:25Z</time>
      </trkpt>
      <trkpt lat="47.768866" lon="-121.071616">
        <ele>1277.6</ele>
        <time>2025-03-08T22:39:26Z</time>
      </trkpt>
      <trkpt lat="47.768844" lon="-121.071646">
        <ele>1277.1</ele>
        <time>2025-03-08T22:39:27Z</time>
      </trkpt>
      <trkpt lat="47.768831" lon="-121.071658">
        <ele>1276.8</ele>
        <time>2025-03-08T22:39:28Z</time>
      </trkpt>
      <trkpt lat="47.768837" lon="-121.071675">
        <ele>1276.5</ele>
        <time>2025-03-08T22:39:31Z</time>
      </trkpt>
      <trkpt lat="47.768822" lon="-121.071684">
        <ele>1276.1</ele>
        <time>2025-03-08T22:39:33Z</time>
      </trkpt>
      <trkpt lat="47.768824" lon="-121.071697">
        <ele>1275.9</ele>
        <time>2025-03-08T22:39:37Z</time>
      </trkpt>
      <trkpt lat="47.768818" lon="-121.071714">
        <ele>1275.6</ele>
        <time>2025-03-08T22:39:40Z</time>
      </trkpt>
      <trkpt lat="47.768799" lon="-121.071731">
        <ele>1275.1</ele>
        <time>2025-03-08T22:39:42Z</time>
      </trkpt>
      <trkpt lat="47.768784" lon="-121.071758">
        <ele>1274.6</ele>
        <time>2025-03-08T22:39:44Z</time>
      </trkpt>
      <trkpt lat="47.768773" lon="-121.071804">
        <ele>1273.9</ele>
        <time>2025-03-08T22:39:45Z</time>
      </trkpt>
      <trkpt lat="47.768767" lon="-121.071817">
        <ele>1273.6</ele>
        <time>2025-03-08T22:39:46Z</time>
      </trkpt>
      <trkpt lat="47.768742" lon="-121.071859">
        <ele>1272.8</ele>
        <time>2025-03-08T22:39:47Z</time>
      </trkpt>
      <trkpt lat="47.768725" lon="-121.071879">
        <ele>1272.3</ele>
        <time>2025-03-08T22:39:49Z</time>
      </trkpt>
      <trkpt lat="47.768728" lon="-121.071907">
        <ele>1271.9</ele>
        <time>2025-03-08T22:39:53Z</time>
      </trkpt>
      <trkpt lat="47.768724" lon="-121.071926">
        <ele>1271.6</ele>
        <time>2025-03-08T22:39:55Z</time>
      </trkpt>
      <trkpt lat="47.768737" lon="-121.071974">
        <ele>1270.8</ele>
        <time>2025-03-08T22:40:07Z</time>
      </trkpt>
      <trkpt lat="47.768743" lon="-121.072077">
        <ele>1269.3</ele>
        <time>2025-03-08T22:40:09Z</time>
      </trkpt>
      <trkpt lat="47.768752" lon="-121.072129">
        <ele>1268.5</ele>
        <time>2025-03-08T22:40:10Z</time>
      </trkpt>
      <trkpt lat="47.768763" lon="-121.072178">
        <ele>1267.8</ele>
        <time>2025-03-08T22:40:11Z</time>
      </trkpt>
      <trkpt lat="47.768777" lon="-121.072232">
        <ele>1267.0</ele>
        <time>2025-03-08T22:40:12Z</time>
      </trkpt>
      <trkpt lat="47.76882" lon="-121.072343">
        <ele>1265.1</ele>
        <time>2025-03-08T22:40:14Z</time>
      </trkpt>
      <trkpt lat="47.768819" lon="-121.072405">
        <ele>1264.2</ele>
        <time>2025-03-08T22:40:15Z</time>
      </trkpt>
      <trkpt lat="47.768796" lon="-121.072462">
        <ele>1263.3</ele>
        <time>2025-03-08T22:40:16Z</time>
      </trkpt>
      <trkpt lat="47.768727" lon="-121.072561">
        <ele>1261.3</ele>
        <time>2025-03-08T22:40:18Z</time>
      </trkpt>
      <trkpt lat="47.768691" lon="-121.072624">
        <ele>1260.3</ele>
        <time>2025-03-08T22:40:19Z</time>
      </trkpt>
      <trkpt lat="47.76866" lon="-121.072681">
        <ele>1259.4</ele>
        <time>2025-03-08T22:40:20Z</time>
      </trkpt>
      <trkpt lat="47.768632" lon="-121.072718">
        <ele>1258.7</ele>
        <time>2025-03-08T22:40:21Z</time>
      </trkpt>
      <trkpt lat="47.768608" lon="-121.072742">
        <ele>1258.2</ele>
        <time>2025-03-08T22:40:22Z</time>
      </trkpt>
      <trkpt lat="47.768583" lon="-121.072783">
        <ele>1257.5</ele>
        <time>2025-03-08T22:40:23Z</time>
      </trkpt>
      <trkpt lat="47.768576" lon="-121.0728">
        <ele>1257.2</ele>
        <time>2025-03-08T22:40:24Z</time>
      </trkpt>
      <trkpt lat="47.768564" lon="-121.072843">
        <ele>1256.7</ele>
        <time>2025-03-08T22:40:25Z</time>
      </trkpt>
      <trkpt lat="47.76853" lon="-121.072958">
        <ele>1255.1</ele>
        <time>2025-03-08T22:40:27Z</time>
      </trkpt>
      <trkpt lat="47.768512" lon="-121.073028">
        <ele>1254.2</ele>
        <time>2025-03-08T22:40:28Z</time>
      </trkpt>
      <trkpt lat="47.768492" lon="-121.073091">
        <ele>1253.4</ele>
        <time>2025-03-08T22:40:29Z</time>
      </trkpt>
      <trkpt lat="47.768479" lon="-121.073151">
        <ele>1252.6</ele>
        <time>2025-03-08T22:40:30Z</time>
      </trkpt>
      <trkpt lat="47.768466" lon="-121.07323">
        <ele>1251.6</ele>
        <time>2025-03-08T22:40:32Z</time>
      </trkpt>
      <trkpt lat="47.768474" lon="-121.073243">
        <ele>1251.2</ele>
        <time>2025-03-08T22:40:37Z</time>
      </trkpt>
      <trkpt lat="47.768483" lon="-121.073221">
        <ele>1250.9</ele>
        <time>2025-03-08T22:40:46Z</time>
      </trkpt>
      <trkpt lat="47.768496" lon="-121.073199">
        <ele>1250.5</ele>
        <time>2025-03-08T22:40:51Z</time>
      </trkpt>
      <trkpt lat="47.768453" lon="-121.073197">
        <ele>1249.7</ele>
        <time>2025-03-08T22:41:01Z</time>
      </trkpt>
      <trkpt lat="47.768435" lon="-121.073255">
        <ele>1248.9</ele>
        <time>2025-03-08T22:41:02Z</time>
      </trkpt>
      <trkpt lat="47.768419" lon="-121.073323">
        <ele>1247.9</ele>
        <time>2025-03-08T22:41:04Z</time>
      </trkpt>
      <trkpt lat="47.768395" lon="-121.073371">
        <ele>1247.2</ele>
        <time>2025-03-08T22:41:05Z</time>
      </trkpt>
      <trkpt lat="47.768358" lon="-121.073407">
        <ele>1246.3</ele>
        <time>2025-03-08T22:41:06Z</time>
      </trkpt>
      <trkpt lat="47.768316" lon="-121.073436">
        <ele>1245.5</ele>
        <time>2025-03-08T22:41:07Z</time>
      </trkpt>
      <trkpt lat="47.768275" lon="-121.07346">
        <ele>1244.6</ele>
        <time>2025-03-08T22:41:08Z</time>
      </trkpt>
      <trkpt lat="47.768233" lon="-121.073481">
        <ele>1243.8</ele>
        <time>2025-03-08T22:41:09Z</time>
      </trkpt>
      <trkpt lat="47.768193" lon="-121.073503">
        <ele>1243.0</ele>
        <time>2025-03-08T22:41:10Z</time>
      </trkpt>
      <trkpt lat="47.768154" lon="-121.073527">
        <ele>1242.3</ele>
        <time>2025-03-08T22:41:11Z</time>
      </trkpt>
      <trkpt lat="47.768118" lon="-121.073551">
        <ele>1241.6</ele>
        <time>2025-03-08T22:41:12Z</time>
      </trkpt>
      <trkpt lat="47.768084" lon="-121.073576">
        <ele>1240.9</ele>
        <time>2025-03-08T22:41:13Z</time>
      </trkpt>
      <trkpt lat="47.76805" lon="-121.073604">
        <ele>1240.2</ele>
        <time>2025-03-08T22:41:14Z</time>
      </trkpt>
      <trkpt lat="47.767974" lon="-121.073658">
        <ele>1238.8</ele>
        <time>2025-03-08T22:41:16Z</time>
      </trkpt>
      <trkpt lat="47.767934" lon="-121.073683">
        <ele>1238.0</ele>
        <time>2025-03-08T22:41:17Z</time>
      </trkpt>
      <trkpt lat="47.767852" lon="-121.073728">
        <ele>1236.6</ele>
        <time>2025-03-08T22:41:19Z</time>
      </trkpt>
      <trkpt lat="47.767811" lon="-121.073749">
        <ele>1235.9</ele>
        <time>2025-03-08T22:41:20Z</time>
      </trkpt>
      <trkpt lat="47.767767" lon="-121.073756">
        <ele>1235.2</ele>
        <time>2025-03-08T22:41:21Z</time>
      </trkpt>
      <trkpt lat="47.767687" lon="-121.07376">
        <ele>1234.0</ele>
        <time>2025-03-08T22:41:23Z</time>
      </trkpt>
      <trkpt lat="47.767641" lon="-121.073772">
        <ele>1233.2</ele>
        <time>2025-03-08T22:41:24Z</time>
      </trkpt>
      <trkpt lat="47.767595" lon="-121.073793">
        <ele>1232.5</ele>
        <time>2025-03-08T22:41:25Z</time>
      </trkpt>
      <trkpt lat="47.767551" lon="-121.073807">
        <ele>1231.8</ele>
        <time>2025-03-08T22:41:26Z</time>
      </trkpt>
      <trkpt lat="47.767511" lon="-121.073812">
        <ele>1231.2</ele>
        <time>2025-03-08T22:41:27Z</time>
      </trkpt>
      <trkpt lat="47.767474" lon="-121.073803">
        <ele>1230.7</ele>
        <time>2025-03-08T22:41:28Z</time>
      </trkpt>
      <trkpt lat="47.767431" lon="-121.073777">
        <ele>1230.0</ele>
        <time>2025-03-08T22:41:29Z</time>
      </trkpt>
      <trkpt lat="47.767388" lon="-121.073745">
        <ele>1229.3</ele>
        <time>2025-03-08T22:41:30Z</time>
      </trkpt>
      <trkpt lat="47.767349" lon="-121.073712">
        <ele>1228.6</ele>
        <time>2025-03-08T22:41:31Z</time>
      </trkpt>
      <trkpt lat="47.767312" lon="-121.073692">
        <ele>1228.1</ele>
        <time>2025-03-08T22:41:32Z</time>
      </trkpt>
      <trkpt lat="47.767278" lon="-121.07368">
        <ele>1227.5</ele>
        <time>2025-03-08T22:41:33Z</time>
      </trkpt>
      <trkpt lat="47.767243" lon="-121.073683">
        <ele>1227.0</ele>
        <time>2025-03-08T22:41:34Z</time>
      </trkpt>
      <trkpt lat="47.767164" lon="-121.073714">
        <ele>1225.6</ele>
        <time>2025-03-08T22:41:36Z</time>
      </trkpt>
      <trkpt lat="47.767122" lon="-121.073723">
        <ele>1224.9</ele>
        <time>2025-03-08T22:41:37Z</time>
      </trkpt>
      <trkpt lat="47.767078" lon="-121.073727">
        <ele>1224.1</ele>
        <time>2025-03-08T22:41:38Z</time>
      </trkpt>
      <trkpt lat="47.767011" lon="-121.073743">
        <ele>1223.0</ele>
        <time>2025-03-08T22:41:40Z</time>
      </trkpt>
      <trkpt lat="47.766982" lon="-121.073745">
        <ele>1222.5</ele>
        <time>2025-03-08T22:41:41Z</time>
      </trkpt>
      <trkpt lat="47.766952" lon="-121.073753">
        <ele>1222.0</ele>
        <time>2025-03-08T22:41:42Z</time>
      </trkpt>
      <trkpt lat="47.766917" lon="-121.073758">
        <ele>1221.5</ele>
        <time>2025-03-08T22:41:43Z</time>
      </trkpt>
      <trkpt lat="47.766877" lon="-121.073771">
        <ele>1220.9</ele>
        <time>2025-03-08T22:41:44Z</time>
      </trkpt>
      <trkpt lat="47.766803" lon="-121.073815">
        <ele>1219.7</ele>
        <time>2025-03-08T22:41:46Z</time>
      </trkpt>
      <trkpt lat="47.766767" lon="-121.07383">
        <ele>1219.1</ele>
        <time>2025-03-08T22:41:47Z</time>
      </trkpt>
      <trkpt lat="47.766728" lon="-121.073835">
        <ele>1218.5</ele>
        <time>2025-03-08T22:41:48Z</time>
      </trkpt>
      <trkpt lat="47.766688" lon="-121.073831">
        <ele>1217.9</ele>
        <time>2025-03-08T22:41:49Z</time>
      </trkpt>
      <trkpt lat="47.766616" lon="-121.073811">
        <ele>1216.7</ele>
        <time>2025-03-08T22:41:51Z</time>
      </trkpt>
      <trkpt lat="47.766588" lon="-121.073795">
        <ele>1216.2</ele>
        <time>2025-03-08T22:41:52Z</time>
      </trkpt>
      <trkpt lat="47.766557" lon="-121.073786">
        <ele>1215.6</ele>
        <time>2025-03-08T22:41:53Z</time>
      </trkpt>
      <trkpt lat="47.766519" lon="-121.073793">
        <ele>1215.0</ele>
        <time>2025-03-08T22:41:54Z</time>
      </trkpt>
      <trkpt lat="47.766474" lon="-121.073809">
        <ele>1214.2</ele>
        <time>2025-03-08T22:41:55Z</time>
      </trkpt>
      <trkpt lat="47.766421" lon="-121.073824">
        <ele>1213.3</ele>
        <time>2025-03-08T22:41:56Z</time>
      </trkpt>
      <trkpt lat="47.766377" lon="-121.073825">
        <ele>1212.5</ele>
        <time>2025-03-08T22:41:57Z</time>
      </trkpt>
      <trkpt lat="47.766342" lon="-121.073828">
        <ele>1211.9</ele>
        <time>2025-03-08T22:41:58Z</time>
      </trkpt>
      <trkpt lat="47.766332" lon="-121.073827">
        <ele>1211.8</ele>
        <time>2025-03-08T22:41:59Z</time>
      </trkpt>
      <trkpt lat="47.766339" lon="-121.073818">
        <ele>1211.6</ele>
        <time>2025-03-08T22:42:00Z</time>
      </trkpt>
      <trkpt lat="47.76635" lon="-121.073814">
        <ele>1211.4</ele>
        <time>2025-03-08T22:42:01Z</time>
      </trkpt>
      <trkpt lat="47.766364" lon="-121.073817">
        <ele>1211.2</ele>
        <time>2025-03-08T22:42:02Z</time>
      </trkpt>
      <trkpt lat="47.766389" lon="-121.073834">
        <ele>1210.7</ele>
        <time>2025-03-08T22:42:06Z</time>
      </trkpt>
      <trkpt lat="47.766369" lon="-121.073831">
        <ele>1210.3</ele>
        <time>2025-03-08T22:42:10Z</time>
      </trkpt>
      <trkpt lat="47.766325" lon="-121.073846">
        <ele>1209.6</ele>
        <time>2025-03-08T22:42:14Z</time>
      </trkpt>
      <trkpt lat="47.766314" lon="-121.073847">
        <ele>1209.4</ele>
        <time>2025-03-08T22:42:29Z</time>
      </trkpt>
      <trkpt lat="47.766311" lon="-121.07384">
        <ele>1209.3</ele>
        <time>2025-03-08T22:42:33Z</time>
      </trkpt>
      <trkpt lat="47.766326" lon="-121.073824">
        <ele>1208.8</ele>
        <time>2025-03-08T22:42:45Z</time>
      </trkpt>
      <trkpt lat="47.766309" lon="-121.073849">
        <ele>1208.4</ele>
        <time>2025-03-08T22:42:47Z</time>
      </trkpt>
      <trkpt lat="47.766286" lon="-121.073876">
        <ele>1207.9</ele>
        <time>2025-03-08T22:43:05Z</time>
      </trkpt>
      <trkpt lat="47.766292" lon="-121.073884">
        <ele>1207.8</ele>
        <time>2025-03-08T22:43:11Z</time>
      </trkpt>
      <trkpt lat="47.76632" lon="-121.073892">
        <ele>1207.3</ele>
        <time>2025-03-08T22:43:13Z</time>
      </trkpt>
      <trkpt lat="47.766349" lon="-121.073904">
        <ele>1206.8</ele>
        <time>2025-03-08T22:43:14Z</time>
      </trkpt>
      <trkpt lat="47.766378" lon="-121.073923">
        <ele>1206.3</ele>
        <time>2025-03-08T22:43:15Z</time>
      </trkpt>
      <trkpt lat="47.7664" lon="-121.073951">
        <ele>1205.9</ele>
        <time>2025-03-08T22:43:16Z</time>
      </trkpt>
      <trkpt lat="47.766396" lon="-121.073964">
        <ele>1205.8</ele>
        <time>2025-03-08T22:43:17Z</time>
      </trkpt>
      <trkpt lat="47.766372" lon="-121.073973">
        <ele>1205.4</ele>
        <time>2025-03-08T22:43:20Z</time>
      </trkpt>
      <trkpt lat="47.766373" lon="-121.073964">
        <ele>1205.3</ele>
        <time>2025-03-08T22:43:22Z</time>
      </trkpt>
      <trkpt lat="47.766369" lon="-121.073933">
        <ele>1205.0</ele>
        <time>2025-03-08T22:43:26Z</time>
      </trkpt>
      <trkpt lat="47.766359" lon="-121.073931">
        <ele>1204.9</ele>
        <time>2025-03-08T22:43:27Z</time>
      </trkpt>
      <trkpt lat="47.766297" lon="-121.073935">
        <ele>1204.0</ele>
        <time>2025-03-08T22:43:29Z</time>
      </trkpt>
      <trkpt lat="47.766203" lon="-121.073936">
        <ele>1202.8</ele>
        <time>2025-03-08T22:43:32Z</time>
      </trkpt>
      <trkpt lat="47.766196" lon="-121.073949">
        <ele>1202.7</ele>
        <time>2025-03-08T22:43:34Z</time>
      </trkpt>
      <trkpt lat="47.766201" lon="-121.073997">
        <ele>1201.2</ele>
        <time>2025-03-08T22:43:36Z</time>
      </trkpt>
      <trkpt lat="47.766202" lon="-121.074055">
        <ele>1199.7</ele>
        <time>2025-03-08T22:43:37Z</time>
      </trkpt>
      <trkpt lat="47.766194" lon="-121.074134">
        <ele>1196.3</ele>
        <time>2025-03-08T22:43:39Z</time>
      </trkpt>
      <trkpt lat="47.766193" lon="-121.074236">
        <ele>1191.3</ele>
        <time>2025-03-08T22:43:41Z</time>
      </trkpt>
      <trkpt lat="47.766194" lon="-121.074252">
        <ele>1191.3</ele>
        <time>2025-03-08T22:43:46Z</time>
      </trkpt>
      <trkpt lat="47.766175" lon="-121.074253">
        <ele>1190.9</ele>
        <time>2025-03-08T22:43:49Z</time>
      </trkpt>
      <trkpt lat="47.766169" lon="-121.074249">
        <ele>1190.9</ele>
        <time>2025-03-08T22:43:51Z</time>
      </trkpt>
      <trkpt lat="47.766176" lon="-121.074289">
        <ele>1189.2</ele>
        <time>2025-03-08T22:43:53Z</time>
      </trkpt>
      <trkpt lat="47.766189" lon="-121.074335">
        <ele>1188.0</ele>
        <time>2025-03-08T22:43:55Z</time>
      </trkpt>
      <trkpt lat="47.766196" lon="-121.074351">
        <ele>1188.0</ele>
        <time>2025-03-08T22:43:56Z</time>
      </trkpt>
      <trkpt lat="47.766182" lon="-121.074359">
        <ele>1186.0</ele>
        <time>2025-03-08T22:43:58Z</time>
      </trkpt>
      <trkpt lat="47.766163" lon="-121.074359">
        <ele>1186.0</ele>
        <time>2025-03-08T22:43:59Z</time>
      </trkpt>
      <trkpt lat="47.766161" lon="-121.074349">
        <ele>1187.6</ele>
        <time>2025-03-08T22:44:01Z</time>
      </trkpt>
      <trkpt lat="47.766165" lon="-121.07432">
        <ele>1187.6</ele>
        <time>2025-03-08T22:44:06Z</time>
      </trkpt>
      <trkpt lat="47.766163" lon="-121.074308">
        <ele>1189.2</ele>
        <time>2025-03-08T22:44:08Z</time>
      </trkpt>
      <trkpt lat="47.766131" lon="-121.074339">
        <ele>1186.9</ele>
        <time>2025-03-08T22:45:18Z</time>
      </trkpt>
      <trkpt lat="47.766119" lon="-121.074384">
        <ele>1184.8</ele>
        <time>2025-03-08T22:45:19Z</time>
      </trkpt>
      <trkpt lat="47.766118" lon="-121.074398">
        <ele>1184.8</ele>
        <time>2025-03-08T22:45:20Z</time>
      </trkpt>
      <trkpt lat="47.766142" lon="-121.07443">
        <ele>1183.7</ele>
        <time>2025-03-08T22:45:21Z</time>
      </trkpt>
      <trkpt lat="47.766152" lon="-121.074438">
        <ele>1183.7</ele>
        <time>2025-03-08T22:45:22Z</time>
      </trkpt>
      <trkpt lat="47.766202" lon="-121.074447">
        <ele>1182.9</ele>
        <time>2025-03-08T22:45:24Z</time>
      </trkpt>
      <trkpt lat="47.766233" lon="-121.074466">
        <ele>1183.3</ele>
        <time>2025-03-08T22:45:25Z</time>
      </trkpt>
      <trkpt lat="47.766245" lon="-121.074478">
        <ele>1183.7</ele>
        <time>2025-03-08T22:45:26Z</time>
      </trkpt>
      <trkpt lat="47.76627" lon="-121.074511">
        <ele>1182.1</ele>
        <time>2025-03-08T22:45:27Z</time>
      </trkpt>
      <trkpt lat="47.766306" lon="-121.074553">
        <ele>1180.9</ele>
        <time>2025-03-08T22:45:28Z</time>
      </trkpt>
      <trkpt lat="47.766344" lon="-121.074601">
        <ele>1179.5</ele>
        <time>2025-03-08T22:45:29Z</time>
      </trkpt>
      <trkpt lat="47.766377" lon="-121.074655">
        <ele>1178.1</ele>
        <time>2025-03-08T22:45:30Z</time>
      </trkpt>
      <trkpt lat="47.766414" lon="-121.07471">
        <ele>1174.7</ele>
        <time>2025-03-08T22:45:31Z</time>
      </trkpt>
      <trkpt lat="47.76645" lon="-121.074754">
        <ele>1173.0</ele>
        <time>2025-03-08T22:45:32Z</time>
      </trkpt>
      <trkpt lat="47.766534" lon="-121.074805">
        <ele>1171.3</ele>
        <time>2025-03-08T22:45:34Z</time>
      </trkpt>
      <trkpt lat="47.766571" lon="-121.074847">
        <ele>1169.3</ele>
        <time>2025-03-08T22:45:35Z</time>
      </trkpt>
      <trkpt lat="47.766608" lon="-121.074887">
        <ele>1167.3</ele>
        <time>2025-03-08T22:45:36Z</time>
      </trkpt>
      <trkpt lat="47.766643" lon="-121.074912">
        <ele>1167.4</ele>
        <time>2025-03-08T22:45:37Z</time>
      </trkpt>
      <trkpt lat="47.76671" lon="-121.074949">
        <ele>1165.6</ele>
        <time>2025-03-08T22:45:39Z</time>
      </trkpt>
      <trkpt lat="47.766742" lon="-121.074974">
        <ele>1163.7</ele>
        <time>2025-03-08T22:45:40Z</time>
      </trkpt>
      <trkpt lat="47.766772" lon="-121.075025">
        <ele>1162.1</ele>
        <time>2025-03-08T22:45:41Z</time>
      </trkpt>
      <trkpt lat="47.766834" lon="-121.075169">
        <ele>1157.6</ele>
        <time>2025-03-08T22:45:43Z</time>
      </trkpt>
      <trkpt lat="47.766867" lon="-121.07522">
        <ele>1154.7</ele>
        <time>2025-03-08T22:45:44Z</time>
      </trkpt>
      <trkpt lat="47.766905" lon="-121.075248">
        <ele>1154.9</ele>
        <time>2025-03-08T22:45:45Z</time>
      </trkpt>
      <trkpt lat="47.766949" lon="-121.075266">
        <ele>1153.6</ele>
        <time>2025-03-08T22:45:46Z</time>
      </trkpt>
      <trkpt lat="47.766994" lon="-121.075291">
        <ele>1154.1</ele>
        <time>2025-03-08T22:45:47Z</time>
      </trkpt>
      <trkpt lat="47.767038" lon="-121.075318">
        <ele>1152.8</ele>
        <time>2025-03-08T22:45:48Z</time>
      </trkpt>
      <trkpt lat="47.767086" lon="-121.07534">
        <ele>1153.3</ele>
        <time>2025-03-08T22:45:50Z</time>
      </trkpt>
      <trkpt lat="47.76709" lon="-121.075335">
        <ele>1153.3</ele>
        <time>2025-03-08T22:45:51Z</time>
      </trkpt>
      <trkpt lat="47.767077" lon="-121.075316">
        <ele>1153.0</ele>
        <time>2025-03-08T22:45:52Z</time>
      </trkpt>
      <trkpt lat="47.767059" lon="-121.0753">
        <ele>1154.7</ele>
        <time>2025-03-08T22:45:53Z</time>
      </trkpt>
      <trkpt lat="47.767044" lon="-121.075292">
        <ele>1154.4</ele>
        <time>2025-03-08T22:45:54Z</time>
      </trkpt>
      <trkpt lat="47.767017" lon="-121.075288">
        <ele>1154.1</ele>
        <time>2025-03-08T22:45:56Z</time>
      </trkpt>
      <trkpt lat="47.766998" lon="-121.075279">
        <ele>1154.1</ele>
        <time>2025-03-08T22:45:58Z</time>
      </trkpt>
      <trkpt lat="47.766993" lon="-121.07528">
        <ele>1153.8</ele>
        <time>2025-03-08T22:46:10Z</time>
      </trkpt>
      <trkpt lat="47.767001" lon="-121.075292">
        <ele>1154.0</ele>
        <time>2025-03-08T22:46:11Z</time>
      </trkpt>
      <trkpt lat="47.767006" lon="-121.075336">
        <ele>1152.3</ele>
        <time>2025-03-08T22:46:19Z</time>
      </trkpt>
      <trkpt lat="47.767028" lon="-121.075317">
        <ele>1152.6</ele>
        <time>2025-03-08T22:46:21Z</time>
      </trkpt>
      <trkpt lat="47.767044" lon="-121.075288">
        <ele>1154.3</ele>
        <time>2025-03-08T22:46:23Z</time>
      </trkpt>
      <trkpt lat="47.767059" lon="-121.075268">
        <ele>1154.6</ele>
        <time>2025-03-08T22:46:24Z</time>
      </trkpt>
      <trkpt lat="47.767074" lon="-121.075254">
        <ele>1156.3</ele>
        <time>2025-03-08T22:46:25Z</time>
      </trkpt>
      <trkpt lat="47.767098" lon="-121.075241">
        <ele>1156.5</ele>
        <time>2025-03-08T22:46:27Z</time>
      </trkpt>
      <trkpt lat="47.767108" lon="-121.075241">
        <ele>1156.5</ele>
        <time>2025-03-08T22:46:29Z</time>
      </trkpt>
      <trkpt lat="47.767104" lon="-121.075229">
        <ele>1156.5</ele>
        <time>2025-03-08T22:46:31Z</time>
      </trkpt>
      <trkpt lat="47.767112" lon="-121.075224">
        <ele>1156.8</ele>
        <time>2025-03-08T22:46:32Z</time>
      </trkpt>
      <trkpt lat="47.767139" lon="-121.075217">
        <ele>1157.1</ele>
        <time>2025-03-08T22:46:33Z</time>
      </trkpt>
      <trkpt lat="47.767153" lon="-121.075289">
        <ele>1155.5</ele>
        <time>2025-03-08T22:46:34Z</time>
      </trkpt>
      <trkpt lat="47.767149" lon="-121.075395">
        <ele>1150.6</ele>
        <time>2025-03-08T22:46:36Z</time>
      </trkpt>
      <trkpt lat="47.767135" lon="-121.075447">
        <ele>1148.7</ele>
        <time>2025-03-08T22:46:37Z</time>
      </trkpt>
      <trkpt lat="47.767072" lon="-121.07553">
        <ele>1145.2</ele>
        <time>2025-03-08T22:46:38Z</time>
      </trkpt>
      <trkpt lat="47.767011" lon="-121.0756">
        <ele>1143.4</ele>
        <time>2025-03-08T22:46:39Z</time>
      </trkpt>
      <trkpt lat="47.766961" lon="-121.075666">
        <ele>1140.0</ele>
        <time>2025-03-08T22:46:40Z</time>
      </trkpt>
      <trkpt lat="47.766913" lon="-121.075717">
        <ele>1138.2</ele>
        <time>2025-03-08T22:46:41Z</time>
      </trkpt>
      <trkpt lat="47.766878" lon="-121.075741">
        <ele>1135.8</ele>
        <time>2025-03-08T22:46:42Z</time>
      </trkpt>
      <trkpt lat="47.766845" lon="-121.075779">
        <ele>1133.5</ele>
        <time>2025-03-08T22:46:43Z</time>
      </trkpt>
      <trkpt lat="47.766808" lon="-121.075836">
        <ele>1131.2</ele>
        <time>2025-03-08T22:46:45Z</time>
      </trkpt>
      <trkpt lat="47.766784" lon="-121.075866">
        <ele>1129.0</ele>
        <time>2025-03-08T22:46:46Z</time>
      </trkpt>
      <trkpt lat="47.766778" lon="-121.075867">
        <ele>1129.0</ele>
        <time>2025-03-08T22:46:47Z</time>
      </trkpt>
      <trkpt lat="47.76676" lon="-121.075844">
        <ele>1130.5</ele>
        <time>2025-03-08T22:46:48Z</time>
      </trkpt>
      <trkpt lat="47.766756" lon="-121.075823">
        <ele>1130.5</ele>
        <time>2025-03-08T22:46:50Z</time>
      </trkpt>
      <trkpt lat="47.766758" lon="-121.075808">
        <ele>1132.5</ele>
        <time>2025-03-08T22:46:51Z</time>
      </trkpt>
      <trkpt lat="47.766751" lon="-121.075821">
        <ele>1130.5</ele>
        <time>2025-03-08T22:46:52Z</time>
      </trkpt>
      <trkpt lat="47.766745" lon="-121.075821">
        <ele>1130.5</ele>
        <time>2025-03-08T22:46:53Z</time>
      </trkpt>
      <trkpt lat="47.766737" lon="-121.075807">
        <ele>1132.4</ele>
        <time>2025-03-08T22:46:57Z</time>
      </trkpt>
      <trkpt lat="47.766765" lon="-121.075848">
        <ele>1130.8</ele>
        <time>2025-03-08T22:47:00Z</time>
      </trkpt>
      <trkpt lat="47.766769" lon="-121.075868">
        <ele>1128.9</ele>
        <time>2025-03-08T22:47:02Z</time>
      </trkpt>
      <trkpt lat="47.766775" lon="-121.075871">
        <ele>1128.9</ele>
        <time>2025-03-08T22:47:13Z</time>
      </trkpt>
      <trkpt lat="47.766765" lon="-121.075903">
        <ele>1127.2</ele>
        <time>2025-03-08T22:47:14Z</time>
      </trkpt>
      <trkpt lat="47.766739" lon="-121.075925">
        <ele>1126.9</ele>
        <time>2025-03-08T22:47:15Z</time>
      </trkpt>
      <trkpt lat="47.766727" lon="-121.075927">
        <ele>1126.7</ele>
        <time>2025-03-08T22:47:16Z</time>
      </trkpt>
      <trkpt lat="47.766669" lon="-121.075922">
        <ele>1126.2</ele>
        <time>2025-03-08T22:47:18Z</time>
      </trkpt>
      <trkpt lat="47.766607" lon="-121.075921">
        <ele>1125.9</ele>
        <time>2025-03-08T22:47:20Z</time>
      </trkpt>
      <trkpt lat="47.766575" lon="-121.075924">
        <ele>1125.8</ele>
        <time>2025-03-08T22:47:21Z</time>
      </trkpt>
      <trkpt lat="47.76654" lon="-121.075931">
        <ele>1125.7</ele>
        <time>2025-03-08T22:47:22Z</time>
      </trkpt>
      <trkpt lat="47.76651" lon="-121.075944">
        <ele>1125.6</ele>
        <time>2025-03-08T22:47:23Z</time>
      </trkpt>
      <trkpt lat="47.766471" lon="-121.075968">
        <ele>1124.4</ele>
        <time>2025-03-08T22:47:25Z</time>
      </trkpt>
      <trkpt lat="47.76644" lon="-121.075978">
        <ele>1124.4</ele>
        <time>2025-03-08T22:47:27Z</time>
      </trkpt>
      <trkpt lat="47.766391" lon="-121.076001">
        <ele>1123.4</ele>
        <time>2025-03-08T22:47:29Z</time>
      </trkpt>
      <trkpt lat="47.766322" lon="-121.07605">
        <ele>1122.2</ele>
        <time>2025-03-08T22:47:31Z</time>
      </trkpt>
      <trkpt lat="47.766251" lon="-121.076094">
        <ele>1121.1</ele>
        <time>2025-03-08T22:47:33Z</time>
      </trkpt>
      <trkpt lat="47.766218" lon="-121.076112">
        <ele>1120.5</ele>
        <time>2025-03-08T22:47:34Z</time>
      </trkpt>
      <trkpt lat="47.766155" lon="-121.076138">
        <ele>1119.6</ele>
        <time>2025-03-08T22:47:36Z</time>
      </trkpt>
      <trkpt lat="47.766118" lon="-121.076164">
        <ele>1118.9</ele>
        <time>2025-03-08T22:47:37Z</time>
      </trkpt>
      <trkpt lat="47.766084" lon="-121.076197">
        <ele>1118.3</ele>
        <time>2025-03-08T22:47:38Z</time>
      </trkpt>
      <trkpt lat="47.766051" lon="-121.07622">
        <ele>1117.8</ele>
        <time>2025-03-08T22:47:39Z</time>
      </trkpt>
      <trkpt lat="47.765988" lon="-121.07626">
        <ele>1116.8</ele>
        <time>2025-03-08T22:47:41Z</time>
      </trkpt>
      <trkpt lat="47.765903" lon="-121.076324">
        <ele>1115.4</ele>
        <time>2025-03-08T22:47:43Z</time>
      </trkpt>
      <trkpt lat="47.765855" lon="-121.076353">
        <ele>1114.6</ele>
        <time>2025-03-08T22:47:44Z</time>
      </trkpt>
      <trkpt lat="47.765814" lon="-121.07639">
        <ele>1113.9</ele>
        <time>2025-03-08T22:47:45Z</time>
      </trkpt>
      <trkpt lat="47.765779" lon="-121.076431">
        <ele>1113.2</ele>
        <time>2025-03-08T22:47:46Z</time>
      </trkpt>
      <trkpt lat="47.765727" lon="-121.076484">
        <ele>1112.2</ele>
        <time>2025-03-08T22:47:48Z</time>
      </trkpt>
      <trkpt lat="47.765721" lon="-121.07647">
        <ele>1112.1</ele>
        <time>2025-03-08T22:47:49Z</time>
      </trkpt>
      <trkpt lat="47.765723" lon="-121.076441">
        <ele>1111.8</ele>
        <time>2025-03-08T22:47:51Z</time>
      </trkpt>
      <trkpt lat="47.765744" lon="-121.076377">
        <ele>1111.1</ele>
        <time>2025-03-08T22:47:55Z</time>
      </trkpt>
      <trkpt lat="47.765751" lon="-121.076383">
        <ele>1110.9</ele>
        <time>2025-03-08T22:47:57Z</time>
      </trkpt>
      <trkpt lat="47.765748" lon="-121.076401">
        <ele>1110.7</ele>
        <time>2025-03-08T22:47:58Z</time>
      </trkpt>
      <trkpt lat="47.765739" lon="-121.076412">
        <ele>1110.5</ele>
        <time>2025-03-08T22:47:59Z</time>
      </trkpt>
      <trkpt lat="47.765723" lon="-121.076408">
        <ele>1110.3</ele>
        <time>2025-03-08T22:48:00Z</time>
      </trkpt>
      <trkpt lat="47.765696" lon="-121.076376">
        <ele>1109.8</ele>
        <time>2025-03-08T22:48:02Z</time>
      </trkpt>
      <trkpt lat="47.765688" lon="-121.076357">
        <ele>1109.6</ele>
        <time>2025-03-08T22:48:05Z</time>
      </trkpt>
      <trkpt lat="47.765666" lon="-121.076353">
        <ele>1109.3</ele>
        <time>2025-03-08T22:48:07Z</time>
      </trkpt>
      <trkpt lat="47.765657" lon="-121.076361">
        <ele>1109.2</ele>
        <time>2025-03-08T22:48:08Z</time>
      </trkpt>
      <trkpt lat="47.765652" lon="-121.076392">
        <ele>1108.9</ele>
        <time>2025-03-08T22:48:09Z</time>
      </trkpt>
      <trkpt lat="47.765649" lon="-121.076427">
        <ele>1108.6</ele>
        <time>2025-03-08T22:48:11Z</time>
      </trkpt>
      <trkpt lat="47.765639" lon="-121.076471">
        <ele>1108.2</ele>
        <time>2025-03-08T22:48:12Z</time>
      </trkpt>
      <trkpt lat="47.765617" lon="-121.076522">
        <ele>1107.7</ele>
        <time>2025-03-08T22:48:15Z</time>
      </trkpt>
      <trkpt lat="47.765603" lon="-121.076658">
        <ele>1106.6</ele>
        <time>2025-03-08T22:48:21Z</time>
      </trkpt>
      <trkpt lat="47.765605" lon="-121.0767">
        <ele>1106.3</ele>
        <time>2025-03-08T22:48:23Z</time>
      </trkpt>
      <trkpt lat="47.765605" lon="-121.076744">
        <ele>1105.9</ele>
        <time>2025-03-08T22:48:25Z</time>
      </trkpt>
      <trkpt lat="47.765609" lon="-121.076772">
        <ele>1105.7</ele>
        <time>2025-03-08T22:48:26Z</time>
      </trkpt>
      <trkpt lat="47.765622" lon="-121.076828">
        <ele>1105.2</ele>
        <time>2025-03-08T22:48:28Z</time>
      </trkpt>
      <trkpt lat="47.765635" lon="-121.076846">
        <ele>1105.0</ele>
        <time>2025-03-08T22:48:29Z</time>
      </trkpt>
      <trkpt lat="47.765649" lon="-121.076855">
        <ele>1104.8</ele>
        <time>2025-03-08T22:48:30Z</time>
      </trkpt>
      <trkpt lat="47.765664" lon="-121.07686">
        <ele>1104.6</ele>
        <time>2025-03-08T22:48:31Z</time>
      </trkpt>
      <trkpt lat="47.765723" lon="-121.076865">
        <ele>1103.8</ele>
        <time>2025-03-08T22:48:33Z</time>
      </trkpt>
      <trkpt lat="47.765736" lon="-121.076864">
        <ele>1103.7</ele>
        <time>2025-03-08T22:48:34Z</time>
      </trkpt>
      <trkpt lat="47.765769" lon="-121.076854">
        <ele>1103.2</ele>
        <time>2025-03-08T22:48:35Z</time>
      </trkpt>
      <trkpt lat="47.765838" lon="-121.076831">
        <ele>1102.3</ele>
        <time>2025-03-08T22:48:37Z</time>
      </trkpt>
      <trkpt lat="47.765897" lon="-121.076806">
        <ele>1101.5</ele>
        <time>2025-03-08T22:48:39Z</time>
      </trkpt>
      <trkpt lat="47.765936" lon="-121.076799">
        <ele>1101.1</ele>
        <time>2025-03-08T22:48:41Z</time>
      </trkpt>
      <trkpt lat="47.765969" lon="-121.076803">
        <ele>1100.7</ele>
        <time>2025-03-08T22:48:44Z</time>
      </trkpt>
      <trkpt lat="47.765976" lon="-121.076793">
        <ele>1100.6</ele>
        <time>2025-03-08T22:48:46Z</time>
      </trkpt>
      <trkpt lat="47.765966" lon="-121.076784">
        <ele>1100.5</ele>
        <time>2025-03-08T22:48:47Z</time>
      </trkpt>
      <trkpt lat="47.765951" lon="-121.07678">
        <ele>1100.3</ele>
        <time>2025-03-08T22:48:58Z</time>
      </trkpt>
      <trkpt lat="47.765944" lon="-121.076802">
        <ele>1100.1</ele>
        <time>2025-03-08T22:49:02Z</time>
      </trkpt>
      <trkpt lat="47.765963" lon="-121.076799">
        <ele>1099.9</ele>
        <time>2025-03-08T22:49:12Z</time>
      </trkpt>
      <trkpt lat="47.765999" lon="-121.076803">
        <ele>1099.6</ele>
        <time>2025-03-08T22:49:14Z</time>
      </trkpt>
      <trkpt lat="47.766012" lon="-121.076801">
        <ele>1099.4</ele>
        <time>2025-03-08T22:49:15Z</time>
      </trkpt>
      <trkpt lat="47.766034" lon="-121.076807">
        <ele>1099.2</ele>
        <time>2025-03-08T22:49:18Z</time>
      </trkpt>
      <trkpt lat="47.766061" lon="-121.076809">
        <ele>1099.0</ele>
        <time>2025-03-08T22:49:19Z</time>
      </trkpt>
      <trkpt lat="47.766109" lon="-121.076824">
        <ele>1098.6</ele>
        <time>2025-03-08T22:49:22Z</time>
      </trkpt>
      <trkpt lat="47.766145" lon="-121.076828">
        <ele>1098.3</ele>
        <time>2025-03-08T22:49:25Z</time>
      </trkpt>
      <trkpt lat="47.766167" lon="-121.076839">
        <ele>1098.1</ele>
        <time>2025-03-08T22:49:27Z</time>
      </trkpt>
      <trkpt lat="47.766178" lon="-121.076849">
        <ele>1098.0</ele>
        <time>2025-03-08T22:49:28Z</time>
      </trkpt>
      <trkpt lat="47.766204" lon="-121.076879">
        <ele>1097.9</ele>
        <time>2025-03-08T22:49:31Z</time>
      </trkpt>
      <trkpt lat="47.766246" lon="-121.076907">
        <ele>1097.9</ele>
        <time>2025-03-08T22:49:35Z</time>
      </trkpt>
      <trkpt lat="47.766279" lon="-121.076932">
        <ele>1098.0</ele>
        <time>2025-03-08T22:49:37Z</time>
      </trkpt>
      <trkpt lat="47.766297" lon="-121.076951">
        <ele>1098.0</ele>
        <time>2025-03-08T22:49:39Z</time>
      </trkpt>
      <trkpt lat="47.766313" lon="-121.076981">
        <ele>1098.0</ele>
        <time>2025-03-08T22:49:42Z</time>
      </trkpt>
      <trkpt lat="47.766337" lon="-121.077009">
        <ele>1098.0</ele>
        <time>2025-03-08T22:49:44Z</time>
      </trkpt>
      <trkpt lat="47.766354" lon="-121.077022">
        <ele>1098.0</ele>
        <time>2025-03-08T22:49:45Z</time>
      </trkpt>
      <trkpt lat="47.766369" lon="-121.076991">
        <ele>1098.1</ele>
        <time>2025-03-08T22:49:46Z</time>
      </trkpt>
      <trkpt lat="47.76639" lon="-121.076997">
        <ele>1098.1</ele>
        <time>2025-03-08T22:49:47Z</time>
      </trkpt>
      <trkpt lat="47.766418" lon="-121.077023">
        <ele>1098.1</ele>
        <time>2025-03-08T22:49:50Z</time>
      </trkpt>
      <trkpt lat="47.766445" lon="-121.077053">
        <ele>1098.1</ele>
        <time>2025-03-08T22:49:52Z</time>
      </trkpt>
      <trkpt lat="47.766464" lon="-121.077067">
        <ele>1098.1</ele>
        <time>2025-03-08T22:49:55Z</time>
      </trkpt>
      <trkpt lat="47.766478" lon="-121.077085">
        <ele>1098.1</ele>
        <time>2025-03-08T22:49:56Z</time>
      </trkpt>
      <trkpt lat="47.766509" lon="-121.077105">
        <ele>1098.1</ele>
        <time>2025-03-08T22:49:58Z</time>
      </trkpt>
      <trkpt lat="47.766523" lon="-121.07711">
        <ele>1098.1</ele>
        <time>2025-03-08T22:49:59Z</time>
      </trkpt>
      <trkpt lat="47.766554" lon="-121.077105">
        <ele>1098.1</ele>
        <time>2025-03-08T22:50:01Z</time>
      </trkpt>
      <trkpt lat="47.766582" lon="-121.077095">
        <ele>1098.1</ele>
        <time>2025-03-08T22:50:03Z</time>
      </trkpt>
      <trkpt lat="47.766622" lon="-121.077093">
        <ele>1098.1</ele>
        <time>2025-03-08T22:50:06Z</time>
      </trkpt>
      <trkpt lat="47.766635" lon="-121.077104">
        <ele>1098.1</ele>
        <time>2025-03-08T22:50:07Z</time>
      </trkpt>
      <trkpt lat="47.766646" lon="-121.077139">
        <ele>1098.1</ele>
        <time>2025-03-08T22:50:10Z</time>
      </trkpt>
      <trkpt lat="47.766653" lon="-121.077155">
        <ele>1098.2</ele>
        <time>2025-03-08T22:50:12Z</time>
      </trkpt>
      <trkpt lat="47.766648" lon="-121.077163">
        <ele>1098.2</ele>
        <time>2025-03-08T22:50:13Z</time>
      </trkpt>
      <trkpt lat="47.766637" lon="-121.077166">
        <ele>1098.2</ele>
        <time>2025-03-08T22:50:15Z</time>
      </trkpt>
      <trkpt lat="47.766625" lon="-121.077161">
        <ele>1098.2</ele>
        <time>2025-03-08T22:50:20Z</time>
      </trkpt>
      <trkpt lat="47.766617" lon="-121.077167">
        <ele>1098.2</ele>
        <time>2025-03-08T22:50:33Z</time>
      </trkpt>
      <trkpt lat="47.766611" lon="-121.07716">
        <ele>1098.2</ele>
        <time>2025-03-08T22:50:42Z</time>
      </trkpt>
      <trkpt lat="47.766606" lon="-121.077126">
        <ele>1098.2</ele>
        <time>2025-03-08T22:50:57Z</time>
      </trkpt>
      <trkpt lat="47.766589" lon="-121.077106">
        <ele>1098.2</ele>
        <time>2025-03-08T22:51:15Z</time>
      </trkpt>
      <trkpt lat="47.766585" lon="-121.077096">
        <ele>1098.2</ele>
        <time>2025-03-08T22:51:20Z</time>
      </trkpt>
      <trkpt lat="47.766576" lon="-121.07705">
        <ele>1098.2</ele>
        <time>2025-03-08T22:51:39Z</time>
      </trkpt>
      <trkpt lat="47.766578" lon="-121.07704">
        <ele>1098.3</ele>
        <time>2025-03-08T22:52:22Z</time>
      </trkpt>
      <trkpt lat="47.766577" lon="-121.077079">
        <ele>1098.3</ele>
        <time>2025-03-08T22:52:29Z</time>
      </trkpt>
      <trkpt lat="47.766579" lon="-121.077089">
        <ele>1098.3</ele>
        <time>2025-03-08T22:52:33Z</time>
      </trkpt>
      <trkpt lat="47.766567" lon="-121.077095">
        <ele>1098.4</ele>
        <time>2025-03-08T22:52:52Z</time>
      </trkpt>
      <trkpt lat="47.766574" lon="-121.077106">
        <ele>1098.4</ele>
        <time>2025-03-08T22:53:11Z</time>
      </trkpt>
      <trkpt lat="47.766596" lon="-121.077117">
        <ele>1098.5</ele>
        <time>2025-03-08T22:53:16Z</time>
      </trkpt>
      <trkpt lat="47.766602" lon="-121.077116">
        <ele>1098.5</ele>
        <time>2025-03-08T22:53:20Z</time>
      </trkpt>
      <trkpt lat="47.766609" lon="-121.077082">
        <ele>1098.6</ele>
        <time>2025-03-08T22:53:38Z</time>
      </trkpt>
      <trkpt lat="47.766615" lon="-121.077064">
        <ele>1098.6</ele>
        <time>2025-03-08T22:53:48Z</time>
      </trkpt>
      <trkpt lat="47.766623" lon="-121.077058">
        <ele>1098.6</ele>
        <time>2025-03-08T22:54:00Z</time>
      </trkpt>
    </trkseg>
  </trk>
</gpx>