{"type": "Feature", "properties": {}, "geometry": {"type": "LineString", "coordinates": [[-121.64233013056219, 46.90208734944463, 1300.8], [-121.64236156269908, 46.902122888714075, 1298.88], [-121.64232644252479, 46.902179634198546, 1302.24], [-121.64252459071577, 46.902196649461985, 1304.65], [-121.6426399257034, 46.90219254232943, 1305.13], [-121.64279205724597, 46.9022667221725, 1310.41], [-121.64300755597651, 46.902344757691026, 1316.18], [-121.643225569278, 46.90234643407166, 1324.35], [-121.64336672052741, 46.902328832075, 1331.08], [-121.64339513517916, 46.90231433138251, 1332.04], [-121.64356830529869, 46.90228935331106, 1335.89], [-121.64373133331537, 46.90227418206632, 1339.25], [-121.64384691976011, 46.90226906910539, 1339.73], [-121.64389595389366, 46.90225934609771, 1339.73], [-121.64401195943356, 46.902264626696706, 1337.33], [-121.64426232688129, 46.902226405218244, 1333.01], [-121.64450573734939, 46.90217720344663, 1329.16], [-121.64467505179346, 46.90220075659454, 1329.16], [-121.64489792659879, 46.90215155482292, 1328.68], [-121.64520881138742, 46.90204627811909, 1322.43], [-121.64552539587021, 46.901966482400894, 1323.39], [-121.64574005641043, 46.90195927396417, 1326.76], [-121.64581574499607, 46.90196614712477, 1331.08], [-121.64599486626685, 46.90194971859455, 1336.37], [-121.64601950906217, 46.90193203277886, 1336.37], [-121.64622813463211, 46.901971343904734, 1335.89], [-121.64650540798903, 46.9016710203141, 1334.93], [-121.64676734246314, 46.901542861014605, 1333.49], [-121.6470193862915, 46.901497431099415, 1336.37], [-121.64735181257129, 46.901389975100756, 1341.66], [-121.64769010618329, 46.90128545276821, 1337.33], [-121.64789806120098, 46.90119048580527, 1337.81], [-121.6481698025018, 46.90114505589008, 1339.73], [-121.64842830039561, 46.90116550773382, 1343.58], [-121.64871772751212, 46.901168106123805, 1344.06], [-121.64885980077088, 46.90119853243232, 1346.46], [-121.64901277050376, 46.90125008113682, 1350.31], [-121.64919516071677, 46.90126064233482, 1355.6], [-121.64964116178453, 46.90132333897054, 1357.52], [-121.64986629970372, 46.90129819326103, 1358.48], [-121.64992053061724, 46.90128327347338, 1359.44], [-121.65003871545196, 46.9013446290046, 1363.77], [-121.65021574124694, 46.90140548162162, 1367.13], [-121.6504418849945, 46.9014704413712, 1369.54], [-121.65062628686428, 46.901569766923785, 1374.82], [-121.6507463157177, 46.90149617381394, 1379.15], [-121.65093993768096, 46.90144965425134, 1386.84], [-121.65108745917678, 46.90141151659191, 1393.57], [-121.65112760849297, 46.901342114433646, 1397.89], [-121.65121930651367, 46.901207668706775, 1404.62], [-121.65129658766091, 46.90121613442898, 1405.58], [-121.65155642665923, 46.90121638588607, 1401.74], [-121.65181442163885, 46.90124111250043, 1396.93], [-121.65199421346188, 46.90122937783599, 1392.61], [-121.65243912488222, 46.90128302201629, 1384.44], [-121.652702819556, 46.90125628374517, 1383.96], [-121.652972381562, 46.90128402784467, 1385.4], [-121.65306994691491, 46.90124999731779, 1385.88], [-121.65340304374695, 46.9013134483248, 1382.51], [-121.65359482169151, 46.90123105421662, 1384.44], [-121.65384393185377, 46.901338677853346, 1387.32], [-121.6540097258985, 46.90135560929775, 1390.2], [-121.65429538115859, 46.90117129124701, 1395.49], [-121.65452186018229, 46.90112938173115, 1399.82], [-121.65466426871717, 46.90116014331579, 1401.26], [-121.6547787655145, 46.90113415941596, 1400.78], [-121.65497297421098, 46.90101354382932, 1403.66], [-121.65514782071114, 46.90100273117423, 1407.03], [-121.65533163584769, 46.90096752718091, 1413.28], [-121.65558133274317, 46.90094565041363, 1413.76], [-121.6556329652667, 46.90095344558358, 1414.24], [-121.65570823475718, 46.900900388136506, 1416.16], [-121.65583455003798, 46.9008728954941, 1420.0], [-121.65584561415017, 46.90086535178125, 1420.97], [-121.65603856556118, 46.90081648528576, 1420.0], [-121.65620788000524, 46.90079469233751, 1417.6], [-121.6565642785281, 46.90082428045571, 1408.95], [-121.65678639896214, 46.90078421495855, 1409.43], [-121.65712175890803, 46.90084406174719, 1408.95], [-121.65746650658548, 46.90080726519227, 1401.26], [-121.65764831006527, 46.900767367333174, 1398.86], [-121.65784603916109, 46.90071967430413, 1397.89], [-121.65808827616274, 46.9007399585098, 1398.86], [-121.65826220065355, 46.90072814002633, 1403.18], [-121.65838113985956, 46.90065203234553, 1408.95], [-121.65851172991097, 46.90063585527241, 1415.2], [-121.65862052701414, 46.900604255497456, 1417.6], [-121.65874139405787, 46.90062998794019, 1418.56], [-121.65872949175537, 46.90062093548477, 1419.04], [-121.65857752785087, 46.90063753165305, 1424.81], [-121.65852857753634, 46.900657480582595, 1429.62], [-121.65853830054402, 46.900674412027, 1432.5], [-121.65845691226423, 46.90071095712483, 1431.06], [-121.65845615789294, 46.90075202845037, 1430.58], [-121.65844148956239, 46.900777174159884, 1430.58], [-121.6583754401654, 46.90081832930446, 1429.62], [-121.65830251760781, 46.90084179863334, 1427.21], [-121.6582668107003, 46.90088303759694, 1427.21], [-121.65841315872967, 46.90098571591079, 1425.29], [-121.65853972546756, 46.901032235473394, 1424.81], [-121.65861256420612, 46.90097632817924, 1429.14], [-121.65871541015804, 46.90092050470412, 1436.35], [-121.65884113870561, 46.90090122632682, 1443.08], [-121.65898044593632, 46.9008728954941, 1447.4], [-121.65918764658272, 46.90088722854853, 1446.44], [-121.65936509147286, 46.90086769871414, 1450.77], [-121.65953499265015, 46.900793770328164, 1453.65], [-121.6596466396004, 46.90083526074886, 1454.61], [-121.65988535620272, 46.90086375921965, 1456.05], [-121.6599794011563, 46.90082578919828, 1458.94], [-121.66019548662007, 46.90078346058726, 1463.74], [-121.6604318562895, 46.9007920101285, 1463.74], [-121.66078347712755, 46.90088043920696, 1462.78], [-121.66100492700934, 46.90092553384602, 1463.74], [-121.66108732111752, 46.900847582146525, 1463.74], [-121.6612162347883, 46.900801146402955, 1470.95], [-121.66138102300465, 46.90072017721832, 1477.68], [-121.6613988764584, 46.900679944083095, 1477.2], [-121.6615531872958, 46.9005517847836, 1475.28], [-121.66164312511683, 46.90054717473686, 1475.76], [-121.6619538422674, 46.90062051638961, 1475.28], [-121.66219800710678, 46.90059796907008, 1475.76], [-121.66265373118222, 46.90060995519161, 1482.97], [-121.66295807808638, 46.90065186470747, 1479.13], [-121.6631965432316, 46.90060257911682, 1478.65], [-121.66334263980389, 46.900468384847045, 1480.57], [-121.66344422847033, 46.900426810607314, 1481.53], [-121.66384345851839, 46.90043016336858, 1475.28], [-121.66390355676413, 46.90039546228945, 1471.92], [-121.66387287899852, 46.900332514196634, 1470.47], [-121.66391529142857, 46.90038666129112, 1469.51], [-121.66404068470001, 46.90046033822, 1469.03], [-121.66384865529835, 46.90032094717026, 1463.26], [-121.66376533918083, 46.90029370598495, 1457.98], [-121.66369124315679, 46.900277277454734, 1456.05], [-121.66372225619853, 46.90026889555156, 1462.78], [-121.66390229947865, 46.900254897773266, 1472.4], [-121.66414252482355, 46.90031952224672, 1472.4], [-121.6643416788429, 46.90028289332986, 1473.84], [-121.6646146774292, 46.90028096549213, 1476.72], [-121.66482120752335, 46.90021407790482, 1476.72], [-121.66496789082885, 46.900248946622014, 1475.76], [-121.66526234708726, 46.900224052369595, 1473.36], [-121.66536410339177, 46.90017971210182, 1472.88], [-121.66554431430995, 46.90014366991818, 1471.44], [-121.66559343226254, 46.900151716545224, 1470.95], [-121.66586106643081, 46.90014040097594, 1466.15], [-121.66612853296101, 46.90011248923838, 1464.71], [-121.66649549268186, 46.900148782879114, 1467.59], [-121.66655919514596, 46.90012271516025, 1466.63], [-121.66665474884212, 46.90009237267077, 1467.11], [-121.66687150485814, 46.90012766048312, 1467.59], [-121.66715179570019, 46.900120954960585, 1469.03], [-121.66723720729351, 46.900139981880784, 1469.99], [-121.6673952061683, 46.900104861706495, 1472.88], [-121.66755982674658, 46.90011282451451, 1472.88], [-121.6675744112581, 46.90008248202503, 1473.36], [-121.66776208207011, 46.9000253174454, 1474.32], [-121.66783299297094, 46.90002582035959, 1474.8], [-121.66797045618296, 46.89999531023204, 1475.76], [-121.66799576953053, 46.90000494942069, 1475.28], [-121.66806274093688, 46.899993382394314, 1476.24], [-121.66808478534222, 46.90000377595425, 1476.72], [-121.66816198267043, 46.89996010623872, 1479.13], [-121.66810146532953, 46.89993848092854, 1479.61], [-121.66800373233855, 46.89995566383004, 1479.61], [-121.66785201989114, 46.89999086782336, 1479.13], [-121.66768111288548, 46.90009572543204, 1478.16], [-121.66760131716728, 46.90011693164706, 1479.13], [-121.66757734492421, 46.90016278065741, 1479.61], [-121.66753090918064, 46.900189435109496, 1480.57], [-121.66738062165678, 46.90023360773921, 1482.49], [-121.66726922616363, 46.90024643205106, 1486.82], [-121.66730258613825, 46.900264620780945, 1489.22], [-121.66742135770619, 46.90035657025874, 1490.66], [-121.6676195897162, 46.900381464511156, 1495.95], [-121.6678196657449, 46.90038506872952, 1496.91], [-121.66796551086009, 46.90039252862334, 1497.87], [-121.66805285029113, 46.90038993023336, 1497.87], [-121.66824219748378, 46.90030099824071, 1498.83], [-121.66854704730213, 46.90029655583203, 1498.35], [-121.66870295070112, 46.900266548618674, 1501.24], [-121.66885281912982, 46.90021709538996, 1503.64], [-121.66916772723198, 46.90022522583604, 1506.04], [-121.66932949796319, 46.90020024776459, 1509.89], [-121.66939973831177, 46.900223549455404, 1510.37], [-121.66972696781158, 46.90025087445974, 1511.81], [-121.67000474408269, 46.90022732131183, 1511.81], [-121.6700573824346, 46.9000805541873, 1515.18], [-121.67020817287266, 46.899968488141894, 1522.87], [-121.6704857815057, 46.900023221969604, 1522.87], [-121.6706739552319, 46.90004543401301, 1519.98], [-121.67089850641787, 46.89997863024473, 1517.1], [-121.67103412561119, 46.89981233328581, 1518.54], [-121.67119262740016, 46.89970680512488, 1518.54], [-121.67128122411668, 46.89968786202371, 1519.02], [-121.6713148355484, 46.8995985109359, 1515.18], [-121.6713528893888, 46.89955450594425, 1515.66], [-121.67136588133872, 46.8995588645339, 1511.81], [-121.67136261239648, 46.89951385371387, 1509.41], [-121.6716409754008, 46.899504382163286, 1510.85], [-121.67165061458945, 46.89947881735861, 1511.81], [-121.67174809612334, 46.89941595308483, 1513.73], [-121.67192688211799, 46.899413438513875, 1515.18], [-121.67205713689327, 46.899395417422056, 1516.62], [-121.67209401726723, 46.899374127388, 1517.1], [-121.67221773415804, 46.899252170696855, 1518.54], [-121.67234388180077, 46.89919861033559, 1518.54], [-121.67249182239175, 46.89923347905278, 1519.02], [-121.67266013100743, 46.899173045530915, 1522.39], [-121.67292717844248, 46.89911420457065, 1524.79], [-121.67308081872761, 46.89907539635897, 1525.27], [-121.67321836575866, 46.89887557178736, 1526.23], [-121.67355104349554, 46.89869946800172, 1532.96], [-121.67367300018668, 46.898584216833115, 1534.4], [-121.6737840604037, 46.898535853251815, 1537.29], [-121.67424187995493, 46.89848522655666, 1538.73], [-121.6745058260858, 46.898412136361, 1539.21], [-121.67462174780667, 46.89830543473363, 1539.69], [-121.67480732314289, 46.89816176891327, 1545.46], [-121.67494185268879, 46.89800318330526, 1549.3], [-121.67507202364504, 46.89790327101946, 1551.71], [-121.67526598088443, 46.897884495556355, 1556.03], [-121.67534946464002, 46.8978354614228, 1556.51], [-121.6755425836891, 46.8977976590395, 1556.51], [-121.67575221508741, 46.89773412421346, 1558.43], [-121.67592253535986, 46.89762935042381, 1558.43], [-121.67608480900526, 46.89750605262816, 1559.4], [-121.67611330747604, 46.897497503086925, 1559.88], [-121.67628614231944, 46.89740438014269, 1560.36], [-121.67655277065933, 46.897326931357384, 1560.36], [-121.67672091163695, 46.89722961746156, 1556.99], [-121.67674027383327, 46.89721059054136, 1556.51], [-121.67690573260188, 46.897187707945704, 1558.43], [-121.67715635150671, 46.89713330939412, 1557.47], [-121.67742230929434, 46.89714361913502, 1556.03], [-121.67767284438014, 46.89716884866357, 1554.59], [-121.67789513245225, 46.897156443446875, 1553.15], [-121.67795891873538, 46.89717169851065, 1553.63], [-121.67805103585124, 46.89709911122918, 1554.11], [-121.67814172804356, 46.89709609374404, 1551.71], [-121.67823133058846, 46.89710405655205, 1551.22], [-121.67842235416174, 46.897060219198465, 1551.22], [-121.67859887704253, 46.89702392555773, 1551.71], [-121.67871052399278, 46.89702627249062, 1551.22], [-121.67880423367023, 46.896997187286615, 1550.74], [-121.67886592447758, 46.8969461414963, 1551.22], [-121.67900347150862, 46.89694412983954, 1551.22], [-121.67913909070194, 46.896893084049225, 1552.19], [-121.67920371517539, 46.89687933772802, 1552.67], [-121.67928854003549, 46.89687833189964, 1552.67], [-121.67935039848089, 46.89686693251133, 1553.63], [-121.67940680868924, 46.89687145873904, 1554.11], [-121.67947880923748, 46.896866764873266, 1554.59], [-121.67958819307387, 46.89684773795307, 1555.55], [-121.679718028754, 46.896842205896974, 1556.99], [-121.67988742701709, 46.89675319008529, 1557.47], [-121.67995548807085, 46.89676006324589, 1557.47], [-121.68020585551858, 46.89677556976676, 1558.43], [-121.68039972893894, 46.896701557561755, 1562.76], [-121.6806208435446, 46.89669443294406, 1566.61], [-121.68078554794192, 46.89673600718379, 1569.01], [-121.68098428286612, 46.896731313318014, 1572.37], [-121.68104639276862, 46.89670164138079, 1572.37], [-121.68122568167746, 46.8967215064913, 1573.82], [-121.68151804246008, 46.896798787638545, 1576.7], [-121.68167470023036, 46.89680725336075, 1578.14], [-121.68190059252083, 46.896808091551065, 1584.39], [-121.68195675127208, 46.8968182336539, 1585.83], [-121.6820889338851, 46.896820245310664, 1586.79], [-121.68232966214418, 46.89686173573136, 1589.68], [-121.68260391801596, 46.89699006266892, 1592.56], [-121.68267575092614, 46.896998696029186, 1592.56], [-121.68286082334816, 46.89710087142885, 1593.52], [-121.68290181085467, 46.89707958139479, 1594.48], [-121.68310507200658, 46.89706524834037, 1599.29], [-121.68321378529072, 46.897103721275926, 1602.17], [-121.68338980525732, 46.89708192832768, 1603.14], [-121.68357982300222, 46.897021159529686, 1600.25], [-121.68369348160923, 46.89695351757109, 1599.29], [-121.68371921405196, 46.896912110969424, 1599.77], [-121.6838900372386, 46.89693197607994, 1603.14], [-121.68395072221756, 46.89696919173002, 1605.06], [-121.6841197013855, 46.89699358306825, 1612.27], [-121.6842698212713, 46.89693683758378, 1619.96], [-121.68431332334876, 46.89684832468629, 1621.88], [-121.68435154482722, 46.89682477153838, 1622.84], [-121.68449738994241, 46.89670189283788, 1622.84], [-121.68458053842187, 46.896700635552406, 1623.8], [-121.68479670770466, 46.89662058837712, 1619.0], [-121.68487692251801, 46.89661958254874, 1618.52], [-121.68501539155841, 46.89659737050533, 1618.04], [-121.68517909012735, 46.89660592004657, 1619.48], [-121.68519996106625, 46.89661279320717, 1619.48], [-121.68543482199311, 46.89658957533538, 1619.48], [-121.68555384501815, 46.89658412709832, 1618.52], [-121.68570497073233, 46.89649502746761, 1618.52], [-121.68573682196438, 46.896485136821866, 1619.0], [-121.68582231737673, 46.89649645239115, 1619.48], [-121.68598517775536, 46.8964799400419, 1620.44], [-121.6861314419657, 46.89639109186828, 1622.36], [-121.68630804866552, 46.89635932445526, 1622.84], [-121.6863959748298, 46.896301321685314, 1622.36], [-121.6864805482328, 46.89631917513907, 1621.88], [-121.68653829954565, 46.89629964530468, 1622.36], [-121.68659563176334, 46.89631666056812, 1622.36], [-121.68677123263478, 46.89639972522855, 1623.8], [-121.68693359009922, 46.89643308520317, 1625.73], [-121.6869898326695, 46.89642637968063, 1627.17], [-121.68714263476431, 46.89642906188965, 1629.09], [-121.68724975548685, 46.89644071273506, 1629.57], [-121.68744656257331, 46.89640374854207, 1629.57], [-121.68759659864008, 46.89633887261152, 1631.49], [-121.68776566162705, 46.89635496586561, 1633.42], [-121.68787932023406, 46.89633971080184, 1632.94], [-121.6880586091429, 46.896237283945084, 1632.46], [-121.68817922472954, 46.89603921957314, 1637.74], [-121.68847007676959, 46.89601960591972, 1639.67], [-121.68873025104403, 46.896015498787165, 1640.63], [-121.68895605951548, 46.896066796034575, 1641.11], [-121.68942192569375, 46.89590678550303, 1641.11], [-121.68954094871879, 46.89586831256747, 1641.59], [-121.6897732950747, 46.895802514627576, 1643.03], [-121.69006037525833, 46.89581743441522, 1644.47], [-121.6902915481478, 46.89585900865495, 1645.91], [-121.69052246958017, 46.895744847133756, 1646.88], [-121.69058508239686, 46.895667649805546, 1647.84], [-121.6907804645598, 46.895513171330094, 1648.32], [-121.6909113060683, 46.895382246002555, 1649.28], [-121.6909892577678, 46.895328518003225, 1650.24], [-121.6911998949945, 46.895275292918086, 1651.2], [-121.69142813421786, 46.895292392000556, 1652.16], [-121.69148739427328, 46.89525978639722, 1652.16], [-121.69169979169965, 46.89497144892812, 1653.6], [-121.69184521771967, 46.89484312199056, 1654.09], [-121.69204738922417, 46.894600968807936, 1662.74], [-121.69208904728293, 46.89459325745702, 1664.18], [-121.69240613467991, 46.894646817818284, 1670.91], [-121.69261207804084, 46.89467146061361, 1670.91], [-121.69269195757806, 46.89454539678991, 1671.39], [-121.69274694286287, 46.89450935460627, 1669.47], [-121.69274115934968, 46.8944438919425, 1668.51], [-121.69269589707255, 46.89436954446137, 1686.29], [-121.69282170943916, 46.894323443993926, 1686.77], [-121.69301382265985, 46.894147926941514, 1692.54], [-121.69331615790725, 46.89403007738292, 1700.71], [-121.69335773214698, 46.893977941945195, 1701.19], [-121.69372812844813, 46.89360192976892, 1707.92], [-121.69422006234527, 46.89375959336758, 1704.55], [-121.69455416500568, 46.893689688295126, 1704.07], [-121.69474929571152, 46.89333815127611, 1704.55], [-121.69489136897027, 46.89311737194657, 1706.48], [-121.69483269564807, 46.892937663942575, 1709.84], [-121.69475776143372, 46.89314293675125, 1714.17], [-121.69498600065708, 46.89338098280132, 1715.61], [-121.69531976804137, 46.89359572716057, 1713.69], [-121.69554683379829, 46.89363964833319, 1720.42], [-121.69575973413885, 46.89352029003203, 1724.26], [-121.69600456953049, 46.89319892786443, 1726.18], [-121.69633297249675, 46.893031457439065, 1728.59], [-121.69653304852545, 46.89287228509784, 1730.99], [-121.69665223918855, 46.89280254766345, 1733.39], [-121.69675190001726, 46.892655696719885, 1743.97], [-121.69689749367535, 46.892505744472146, 1754.06], [-121.69712933711708, 46.892511527985334, 1752.14], [-121.6972734220326, 46.89253038726747, 1756.95], [-121.69753275811672, 46.892371298745275, 1760.31], [-121.69766561128199, 46.892303405329585, 1760.31], [-121.69786937534809, 46.89205085858703, 1760.79], [-121.69807531870902, 46.891780542209744, 1761.27], [-121.69817741028965, 46.89159018918872, 1764.16], [-121.69816123321652, 46.89155029132962, 1765.12], [-121.69820565730333, 46.89141634851694, 1767.04], [-121.69827774167061, 46.89117067493498, 1766.56], [-121.69833591207862, 46.8909331317991, 1769.92], [-121.69839944690466, 46.890705144032836, 1773.29], [-121.69847094453871, 46.89062518067658, 1780.98], [-121.69862994924188, 46.89054555259645, 1781.46], [-121.69882801361382, 46.89051286317408, 1777.13], [-121.6989537421614, 46.89033332280815, 1779.54], [-121.69911299832165, 46.89014255069196, 1781.46], [-121.6992640402168, 46.89002025872469, 1784.34], [-121.6993179358542, 46.88995814882219, 1784.82], [-121.69943419285119, 46.88987474888563, 1787.23], [-121.69959286227822, 46.889849016442895, 1791.55], [-121.6997495200485, 46.88980878330767, 1794.44], [-121.69982361607254, 46.88973736949265, 1798.76], [-121.69993886724114, 46.889540646225214, 1806.94], [-121.6999789327383, 46.88945095986128, 1810.3], [-121.70004372484982, 46.88935247249901, 1812.7], [-121.70014581643045, 46.889162957668304, 1813.66], [-121.70023944228888, 46.88907444477081, 1812.7], [-121.7003383487463, 46.88904502429068, 1811.74], [-121.70046608895063, 46.88900093548, 1813.66], [-121.70074252411723, 46.88895852304995, 1813.18], [-121.70090571977198, 46.888968497514725, 1814.15], [-121.70110202394426, 46.888962714001536, 1812.22], [-121.70127460733056, 46.8889715988189, 1811.74], [-121.70130821876228, 46.88898039981723, 1811.26], [-121.70141492038965, 46.88897646032274, 1811.74], [-121.70170292258263, 46.88899280503392, 1812.22], [-121.70172513462603, 46.88899959437549, 1812.7], [-121.70189855620265, 46.889026165008545, 1811.74], [-121.70216619037092, 46.88895860686898, 1807.9], [-121.7022914160043, 46.88896355219185, 1806.45], [-121.70249501243234, 46.88898299820721, 1807.42], [-121.70259970240295, 46.88893832266331, 1807.9], [-121.7027010396123, 46.88896883279085, 1808.38], [-121.7028887104243, 46.88891493715346, 1809.34], [-121.7029772233218, 46.888942681252956, 1809.34], [-121.70317034237087, 46.88894812949002, 1810.3], [-121.70327235013247, 46.888968581333756, 1810.3], [-121.70342842116952, 46.88904016278684, 1810.3], [-121.70351106673479, 46.88897327519953, 1809.82], [-121.7035385593772, 46.888942178338766, 1809.82], [-121.70366738922894, 46.888864394277334, 1810.3], [-121.70380334369838, 46.888797925785184, 1813.66], [-121.70401188544929, 46.88874889165163, 1817.51], [-121.70406469143927, 46.8887572735548, 1817.99], [-121.70420793816447, 46.88864830881357, 1818.95], [-121.70427482575178, 46.8886105902493, 1820.39], [-121.70430148020387, 46.888580583035946, 1821.35], [-121.70443416573107, 46.88846583478153, 1822.32], [-121.7046139575541, 46.88842778094113, 1824.24], [-121.70465880073607, 46.88844873569906, 1825.2], [-121.70472694560885, 46.888422667980194, 1825.68], [-121.70485862530768, 46.8883153796196, 1828.08], [-121.70493599027395, 46.88822661526501, 1830.49], [-121.70498477295041, 46.88823566772044, 1830.97], [-121.7050907202065, 46.888318564742804, 1833.37], [-121.70523891225457, 46.888319151476026, 1834.81], [-121.70524285174906, 46.888310853391886, 1834.81], [-121.70531250536442, 46.888305991888046, 1837.22], [-121.70543337240815, 46.88820566050708, 1838.66], [-121.70551895163953, 46.888208175078034, 1840.1], [-121.7056314367801, 46.88805880956352, 1842.02], [-121.70564912259579, 46.88806090503931, 1842.02], [-121.70575096271932, 46.888034753501415, 1842.5], [-121.70582237653434, 46.88802813179791, 1844.91], [-121.70595657080412, 46.88804388977587, 1849.23], [-121.70600669458508, 46.888102730736136, 1852.6], [-121.70608632266521, 46.88811899162829, 1854.52], [-121.70615798793733, 46.88814388588071, 1855.48], [-121.70620165765285, 46.888147573918104, 1856.92], [-121.70623493380845, 46.88816701993346, 1857.89], [-121.70625329017639, 46.888130055740476, 1858.85], [-121.70628748834133, 46.88812913373113, 1861.25], [-121.70644012279809, 46.888245809823275, 1863.65], [-121.70650030486286, 46.88826056197286, 1864.13], [-121.70656342059374, 46.88824203796685, 1862.21], [-121.7066000495106, 46.888197949156165, 1864.13], [-121.706722676754, 46.88817087560892, 1865.09], [-121.70686868950725, 46.888199457898736, 1867.98], [-121.70704345218837, 46.888156374916434, 1870.86], [-121.70713322237134, 46.888150004670024, 1871.82], [-121.70719013549387, 46.88821823336184, 1873.75], [-121.70723078772426, 46.88824865967035, 1873.75], [-121.70725107192993, 46.888224855065346, 1876.63], [-121.70730496756732, 46.888231644406915, 1875.67], [-121.70735693536699, 46.88820607960224, 1875.19], [-121.70744561590254, 46.88824446871877, 1876.63], [-121.70752524398267, 46.88824346289039, 1879.03], [-121.70759590342641, 46.888253688812256, 1881.44], [-121.70762968249619, 46.88828134909272, 1884.32], [-121.70771760866046, 46.88821957446635, 1882.88], [-121.7078160122037, 46.88823876902461, 1883.36], [-121.70792673714459, 46.8882305547595, 1884.32], [-121.7080295830965, 46.88827288337052, 1885.28], [-121.7080681398511, 46.88830071128905, 1886.24], [-121.70813175849617, 46.88830909319222, 1887.21], [-121.7082299105823, 46.88828067854047, 1888.65], [-121.70829604379833, 46.888251760974526, 1890.57], [-121.70852629467845, 46.888248324394226, 1895.38], [-121.70859628356993, 46.88821613788605, 1895.38], [-121.70871446840465, 46.88822259195149, 1896.82], [-121.70877951197326, 46.888231225311756, 1898.26], [-121.70885159634054, 46.888210689648986, 1901.63], [-121.70884078368545, 46.888158805668354, 1903.55], [-121.70897112227976, 46.88810382038355, 1906.91], [-121.70905443839729, 46.888092840090394, 1909.32], [-121.70911696739495, 46.8881044909358, 1909.8], [-121.70931017026305, 46.888087475672364, 1911.72], [-121.7095233220607, 46.888125110417604, 1913.16], [-121.70963874086738, 46.88813449814916, 1914.6], [-121.70974837616086, 46.888095354661345, 1916.53], [-121.709796320647, 46.888098288327456, 1917.97], [-121.70994501560926, 46.888138353824615, 1918.93], [-121.71000519767404, 46.8881597276777, 1921.81], [-121.71013209968805, 46.88813433051109, 1924.7], [-121.71032245270908, 46.88816593028605, 1931.43], [-121.71046578325331, 46.88825092278421, 1935.27], [-121.71051037497818, 46.88830624334514, 1937.67], [-121.71057575382292, 46.88833826221526, 1939.12], [-121.71063300222158, 46.8883309699595, 1942.0], [-121.71074565500021, 46.88837355002761, 1943.92], [-121.71081891283393, 46.88838494941592, 1944.88], [-121.71096073463559, 46.88836726360023, 1947.29], [-121.71105829998851, 46.8884086702019, 1949.69], [-121.7111465614289, 46.888457452878356, 1950.65], [-121.71124127693474, 46.88845435157418, 1951.61], [-121.71141017228365, 46.88850305043161, 1954.5], [-121.71145157888532, 46.888521406799555, 1954.98], [-121.71158568933606, 46.88851126469672, 1956.42], [-121.71170529909432, 46.88856314867735, 1958.82], [-121.71174821443856, 46.88859743066132, 1960.75], [-121.71183991245925, 46.888645458966494, 1962.19], [-121.71189246699214, 46.888647051528096, 1963.15], [-121.71196304261684, 46.888676304370165, 1965.07], [-121.71209656633437, 46.888686027377844, 1967.96], [-121.71212196350098, 46.88870153389871, 1968.44], [-121.71221248805523, 46.888720309361815, 1968.92], [-121.7123852390796, 46.88872240483761, 1971.32], [-121.71246143057942, 46.88870974816382, 1972.28], [-121.71251742169261, 46.888761883601546, 1972.28], [-121.7126024980098, 46.888774540275335, 1973.24], [-121.7127200961113, 46.888842433691025, 1977.09], [-121.71275923959911, 46.88888023607433, 1978.53], [-121.71288438141346, 46.88891007564962, 1984.3], [-121.71297130174935, 46.88894586637616, 1985.26], [-121.71306274831295, 46.88892541453242, 1987.18], [-121.71309535391629, 46.88893807120621, 1988.14], [-121.71312695369124, 46.88888375647366, 1985.74], [-121.7131826095283, 46.88886070623994, 1984.78], [-121.71326726675034, 46.88884084112942, 1982.38], [-121.71333993785083, 46.88880689442158, 1981.9], [-121.71354588121176, 46.88876314088702, 1983.34], [-121.71359424479306, 46.888726595789194, 1983.82], [-121.7136165406555, 46.88867965713143, 1984.78], [-121.7136678379029, 46.888608913868666, 1985.74], [-121.71374478377402, 46.88856951892376, 1985.74], [-121.71381896361709, 46.88856113702059, 1986.22], [-121.71393832191825, 46.8885934073478, 1989.59], [-121.71395215205848, 46.888620564714074, 1990.07], [-121.7140251584351, 46.888599107041955, 1991.51], [-121.71405784785748, 46.88860422000289, 1992.47], [-121.71415708959103, 46.88857681117952, 1995.35], [-121.71422213315964, 46.888565411791205, 1999.68], [-121.71430276706815, 46.888542361557484, 2000.64], [-121.71441122889519, 46.888539008796215, 2004.01], [-121.71453109011054, 46.88849978148937, 2006.89], [-121.71455732546747, 46.8885085824877, 2007.37], [-121.71459672041237, 46.88849659636617, 2007.85], [-121.71462588943541, 46.88850204460323, 2008.81], [-121.71468271873891, 46.88848142512143, 2009.77], [-121.71475673094392, 46.88848645426333, 2010.73], [-121.71484591439366, 46.88846466131508, 2012.18], [-121.71491514891386, 46.88843767158687, 2012.18], [-121.71500885859132, 46.888325018808246, 2014.58], [-121.71508840285242, 46.888237511739135, 2014.1], [-121.71517691574991, 46.888261483982205, 2013.62], [-121.71519870869815, 46.88821882009506, 2014.58], [-121.71525956131518, 46.8881686963141, 2014.58], [-121.71535377390683, 46.88805470243096, 2016.5], [-121.71537196263671, 46.887987898662686, 2017.46], [-121.71549894846976, 46.88790014013648, 2021.79], [-121.71555334702134, 46.88782822340727, 2026.12], [-121.71556793153286, 46.88774080015719, 2025.64], [-121.71560062095523, 46.88770769163966, 2024.19], [-121.7156335618347, 46.887640384957194, 2025.15], [-121.7157054785639, 46.887591518461704, 2024.67], [-121.71571427956223, 46.88757291063666, 2024.19], [-121.71570807695389, 46.88765287399292, 2023.23], [-121.71576172113419, 46.88777005299926, 2020.35], [-121.71573012135923, 46.88771632499993, 2020.83], [-121.71574118547142, 46.887613981962204, 2021.31], [-121.7158265132457, 46.8875571526587, 2022.27], [-121.71582919545472, 46.887474758550525, 2025.64], [-121.71588191762567, 46.88745849765837, 2025.64], [-121.7159388307482, 46.88747199252248, 2026.12], [-121.71597604639828, 46.88745631836355, 2024.19], [-121.71606187708676, 46.88745606690645, 2023.71], [-121.71609708108008, 46.88744064420462, 2024.19], [-121.7162546608597, 46.88734006136656, 2027.08], [-121.71629489399493, 46.88727971166372, 2030.44], [-121.71636060811579, 46.887268144637346, 2032.36], [-121.7164002545178, 46.88726973719895, 2031.88], [-121.7164399009198, 46.88720863312483, 2035.25], [-121.71647678129375, 46.88722430728376, 2034.77], [-121.71644208021462, 46.8872479442507, 2035.25], [-121.71649631112814, 46.88725557178259, 2038.61], [-121.71657275408506, 46.887247022241354, 2042.94], [-121.71659672632813, 46.887276945635676, 2044.38], [-121.71665355563164, 46.887223636731505, 2046.78], [-121.71668565832078, 46.887222127988935, 2048.23], [-121.71668456867337, 46.88720494508743, 2050.63], [-121.71672253869474, 46.887205112725496, 2055.92], [-121.7167554795742, 46.887206956744194, 2051.11], [-121.7168366163969, 46.88725020736456, 2051.59], [-121.71682429499924, 46.88720880076289, 2053.51], [-121.71677702106535, 46.8872014246881, 2052.55], [-121.71673628501594, 46.88716538250446, 2054.47], [-121.71672941185534, 46.88719371333718, 2053.99], [-121.71670267358422, 46.88717007637024, 2053.99], [-121.7167369555682, 46.887152725830674, 2055.44], [-121.71674466691911, 46.88717795535922, 2054.47], [-121.71678934246302, 46.88720963895321, 2052.07], [-121.71679160557687, 46.88715415075421, 2050.63], [-121.71685027889907, 46.88707686960697, 2050.15], [-121.71684617176652, 46.887054992839694, 2051.59], [-121.71693082898855, 46.88701920211315, 2056.88], [-121.71698061749339, 46.88698877580464, 2054.47], [-121.71691733412445, 46.88700780272484, 2057.84], [-121.71689352951944, 46.88704552128911, 2057.84], [-121.71692932024598, 46.887060860171914, 2059.76], [-121.71697173267603, 46.88699824735522, 2060.24], [-121.71709980815649, 46.88693261705339, 2065.53], [-121.71714909374714, 46.88687059096992, 2066.01], [-121.71723081730306, 46.88682599924505, 2066.97], [-121.71728638932109, 46.886831279844046, 2068.89], [-121.71733634546399, 46.88681401312351, 2070.34], [-121.7173876427114, 46.8867819942534, 2071.78], [-121.71741362661123, 46.88674318604171, 2072.26], [-121.71745025552809, 46.88673329539597, 2073.7], [-121.71749685890973, 46.88665945082903, 2076.59], [-121.71757774427533, 46.8865816667676, 2080.43], [-121.71758989803493, 46.88659549690783, 2078.99], [-121.71763222664595, 46.88658770173788, 2080.43], [-121.71768687665462, 46.8865348957479, 2085.24], [-121.71776273287833, 46.886536069214344, 2086.68], [-121.71781176701188, 46.8865261785686, 2089.56], [-121.71786792576313, 46.88650220632553, 2090.04], [-121.71795140951872, 46.886480413377285, 2092.93], [-121.71800530515611, 46.886485358700156, 2093.89], [-121.71813304536045, 46.88640497624874, 2095.81], [-121.71816129237413, 46.886380249634385, 2098.7], [-121.71823647804558, 46.88635619357228, 2103.02], [-121.71826489269733, 46.886354852467775, 2103.02], [-121.71833454631269, 46.88628234900534, 2105.42], [-121.7183874361217, 46.88619970344007, 2109.75], [-121.71848349273205, 46.88609518110752, 2113.12], [-121.718520373106, 46.88601831905544, 2117.92], [-121.71855415217578, 46.88600331544876, 2119.36], [-121.71869932673872, 46.885821595788, 2128.02], [-121.71877476386726, 46.88571061939001, 2130.9], [-121.71885271556675, 46.88563669100404, 2133.78], [-121.71891717240214, 46.88559629023075, 2134.74], [-121.71903192065656, 46.88548288308084, 2138.59], [-121.71915262006223, 46.8853519577533, 2141.95], [-121.71914130449295, 46.885344414040446, 2145.32], [-121.71917072497308, 46.88528884202242, 2142.92], [-121.71921322122216, 46.88526704907417, 2144.84], [-121.71939234249294, 46.88508918508887, 2150.13], [-121.71941254287958, 46.88503663055599, 2152.05], [-121.71953064389527, 46.88493604771793, 2154.45], [-121.71958847902715, 46.88486656174064, 2156.86], [-121.71968746930361, 46.88477134332061, 2160.22], [-121.71975745819509, 46.884672436863184, 2164.06], [-121.71982099302113, 46.884621726348996, 2166.47], [-121.71985468827188, 46.88449817709625, 2169.83], [-121.71988419257104, 46.8844245839864, 2170.79], [-121.71989274211228, 46.884356858208776, 2172.24], [-121.71988712623715, 46.88420958817005, 2175.12], [-121.71990145929158, 46.88415317796171, 2177.52], [-121.71989969909191, 46.88407271169126, 2179.45], [-121.71988913789392, 46.88393793068826, 2181.85], [-121.71987279318273, 46.88387691043317, 2182.33], [-121.71988779678941, 46.8837477453053, 2186.18], [-121.71997002325952, 46.88360961154103, 2191.46], [-121.7200053948909, 46.88357298262417, 2193.87], [-121.72005157917738, 46.883462173864245, 2198.19], [-121.72005384229124, 46.883427472785115, 2201.08], [-121.7200939077884, 46.88338866457343, 2202.52], [-121.72011444345117, 46.88332370482385, 2203.0], [-121.7201142758131, 46.88325086608529, 2205.4], [-121.72013749368489, 46.883210465312004, 2206.36], [-121.72018585726619, 46.883087335154414, 2210.69], [-121.72019046731293, 46.88300762325525, 2214.05], [-121.72018426470459, 46.88297409564257, 2216.46], [-121.72015836462379, 46.882919780910015, 2218.86], [-121.7200939077884, 46.88283193856478, 2223.19], [-121.72005727887154, 46.88275834545493, 2226.55], [-121.72012517228723, 46.882671006023884, 2230.4], [-121.72017185948789, 46.88259665854275, 2237.61], [-121.72015434131026, 46.882584085687995, 2237.13], [-121.72018099576235, 46.88256237655878, 2239.05], [-121.72024461440742, 46.88246950507164, 2243.37], [-121.72025308012962, 46.882435977458954, 2246.74], [-121.72029834240675, 46.88235324807465, 2248.66], [-121.72039708122611, 46.88221829943359, 2259.72], [-121.72039523720741, 46.88219927251339, 2261.16], [-121.72042071819305, 46.88217571936548, 2263.08], [-121.7204271722585, 46.88214755617082, 2267.41], [-121.72045843675733, 46.88212945125997, 2268.85], [-121.72050353139639, 46.88207530416548, 2271.73], [-121.72055784612894, 46.881989976391196, 2278.46], [-121.72057896852493, 46.88194421119988, 2283.75], [-121.72063060104847, 46.88186307437718, 2290.0], [-121.72065516002476, 46.881837425753474, 2291.92], [-121.72067829407752, 46.88177598640323, 2294.8], [-121.72070578671992, 46.88173273578286, 2298.17], [-121.72077359631658, 46.881582951173186, 2310.19], [-121.72087132930756, 46.881440207362175, 2318.84], [-121.72088901512325, 46.8813958670944, 2321.72], [-121.72088373452425, 46.88137264922261, 2323.16], [-121.72091701067984, 46.88135655596852, 2325.09], [-121.7209346126765, 46.8813094496727, 2327.97], [-121.72098356299102, 46.88125488348305, 2331.33], [-121.72103729099035, 46.88123669475317, 2334.22], [-121.72109805978835, 46.88115740194917, 2339.99], [-121.72119939699769, 46.88105430454016, 2345.75], [-121.72120635397732, 46.88102354295552, 2347.68], [-121.72126796096563, 46.88094709999859, 2353.93], [-121.72131154686213, 46.88092589378357, 2355.85], [-121.72132797539234, 46.88087996095419, 2360.17], [-121.72136862762272, 46.88085456378758, 2362.1], [-121.72141028568149, 46.88079899176955, 2364.02], [-121.72143819741905, 46.88078474253416, 2364.98], [-121.72147147357464, 46.880731182172894, 2369.31], [-121.72150659374893, 46.8806912843138, 2371.71], [-121.72158915549517, 46.88063864596188, 2375.55], [-121.72161924652755, 46.8805773742497, 2378.92], [-121.72166769392788, 46.88051702454686, 2382.76], [-121.72176802530885, 46.880372604355216, 2390.94], [-121.72178193926811, 46.88033999875188, 2392.86], [-121.72185863368213, 46.88024871982634, 2400.55], [-121.72198243439198, 46.880127768963575, 2404.39], [-121.7219967674464, 46.88008300960064, 2406.8], [-121.72205292619765, 46.880014864727855, 2410.64], [-121.7221157066524, 46.87990573234856, 2415.45], [-121.72215267084539, 46.879880083724856, 2417.85], [-121.72220455482602, 46.879819398745894, 2421.22], [-121.72223405912519, 46.87975510954857, 2424.1], [-121.72232165001333, 46.87965544871986, 2433.23], [-121.72238292172551, 46.879604402929544, 2436.6], [-121.72241678461432, 46.879531145095825, 2440.92], [-121.7224698420614, 46.87949292361736, 2445.25], [-121.72250269912183, 46.87944917008281, 2446.69], [-121.72251074574888, 46.87939544208348, 2447.65], [-121.72258953563869, 46.879304414615035, 2452.46], [-121.7226014379412, 46.879254039376974, 2456.79], [-121.72268743626773, 46.879186648875475, 2460.15], [-121.72268098220229, 46.879095286130905, 2470.24], [-121.72268567606807, 46.87907516956329, 2468.32], [-121.72271065413952, 46.87910291366279, 2467.36], [-121.72271585091949, 46.878995625302196, 2465.92], [-121.72265700995922, 46.879061171785, 2468.32], [-121.7226788867265, 46.8790870718658, 2466.4], [-121.72266631387174, 46.87898808158934, 2469.28], [-121.72277469187975, 46.87899453565478, 2471.21], [-121.72266581095755, 46.8789575714618, 2476.01], [-121.72273504547775, 46.878941897302866, 2480.34], [-121.72292422503233, 46.878932509571314, 2482.26], [-121.72294232994318, 46.878893449902534, 2483.22], [-121.72303318977356, 46.87886444851756, 2490.91], [-121.72307878732681, 46.878841733559966, 2493.32], [-121.72305699437857, 46.87876822426915, 2495.24], [-121.72308834269643, 46.87869010493159, 2496.2], [-121.72315212897956, 46.87869111075997, 2497.64], [-121.72323510982096, 46.87867417931557, 2501.97], [-121.72329294495285, 46.87865272164345, 2503.41], [-121.72335815615952, 46.87849220819771, 2500.05], [-121.72343049198389, 46.878477204591036, 2500.53], [-121.7234712280333, 46.87842272222042, 2503.89], [-121.72347885556519, 46.878389278426766, 2503.41], [-121.72353970818222, 46.878327671438456, 2506.77], [-121.72356233932078, 46.878276374191046, 2508.7], [-121.72354222275317, 46.87826933339238, 2509.66], [-121.72356594353914, 46.87822574749589, 2511.58], [-121.72359687276185, 46.878197249025106, 2514.47], [-121.72363207675517, 46.87814519740641, 2517.83], [-121.72364255413413, 46.878113681450486, 2517.83], [-121.72368546947837, 46.878056433051825, 2521.68], [-121.72368773259223, 46.877990551292896, 2522.16], [-121.72372612170875, 46.87794185243547, 2522.16], [-121.72380030155182, 46.87788133509457, 2526.96], [-121.72386442311108, 46.8778021261096, 2535.61], [-121.7239028122276, 46.87777572311461, 2537.06], [-121.72393801622093, 46.87771160155535, 2544.75], [-121.72397875227034, 46.877680253237486, 2545.71], [-121.72399492934346, 46.87759819440544, 2550.03], [-121.72407045029104, 46.87748696655035, 2559.17], [-121.72408704645932, 46.877428041771054, 2560.13], [-121.72412786632776, 46.87737364321947, 2563.49], [-121.72411931678653, 46.877355789765716, 2564.93], [-121.72417597845197, 46.877332739531994, 2569.26], [-121.72418410889804, 46.877311784774065, 2570.7], [-121.7241861205548, 46.87721715308726, 2575.99], [-121.72417111694813, 46.877187397331, 2577.43], [-121.72422182746232, 46.877150014042854, 2581.28], [-121.72417036257684, 46.877150516957045, 2580.8], [-121.72421260736883, 46.877138279378414, 2576.95], [-121.72425334341824, 46.87707809731364, 2579.84], [-121.72422710806131, 46.87696720473468, 2587.04], [-121.72422979027033, 46.87686234712601, 2592.33], [-121.72422006726265, 46.87680434435606, 2595.22], [-121.72422249801457, 46.876708874478936, 2599.54], [-121.72420405782759, 46.876653051003814, 2603.39], [-121.72422559931874, 46.87661617062986, 2604.83], [-121.72423322685063, 46.876576943323016, 2606.27], [-121.72420799732208, 46.87651474960148, 2608.19], [-121.72423305921257, 46.87645398080349, 2609.64], [-121.72423213720322, 46.87641534022987, 2609.64], [-121.72430522739887, 46.87630268745124, 2617.33], [-121.72433733008802, 46.87627309933305, 2618.29], [-121.72430807724595, 46.87621811404824, 2624.06], [-121.72430497594178, 46.87617980875075, 2624.54], [-121.72426843084395, 46.87611878849566, 2627.42], [-121.72420933842659, 46.876050643622875, 2632.23], [-121.72419944778085, 46.87601963058114, 2633.19], [-121.72422367148101, 46.876005716621876, 2632.71], [-121.72419056296349, 46.875937320291996, 2634.15], [-121.72416172921658, 46.87575493007898, 2641.84], [-121.72412367537618, 46.875672955065966, 2645.21], [-121.72411085106432, 46.87567211687565, 2650.01], [-121.72408419661224, 46.87557388097048, 2652.42], [-121.72408545389771, 46.875542448833585, 2654.82], [-121.72406835481524, 46.8755157943815, 2656.74], [-121.72406818717718, 46.87548251822591, 2657.7], [-121.72403834760189, 46.87540825456381, 2659.14], [-121.72404966317117, 46.875343546271324, 2660.11], [-121.72405268065631, 46.87521195039153, 2666.83], [-121.724102050066, 46.87509359791875, 2672.6], [-121.72412577085197, 46.87506183050573, 2673.56], [-121.72409065067768, 46.874996200203896, 2677.41], [-121.72406064346433, 46.87496451660991, 2677.41], [-121.72403105534613, 46.87491204589605, 2678.85], [-121.72399174422026, 46.87481456436217, 2682.22], [-121.72396500594914, 46.874722111970186, 2684.62], [-121.7239374294877, 46.87467886134982, 2685.58], [-121.72383173368871, 46.874462524428964, 2690.39], [-121.72379108145833, 46.874420531094074, 2689.91], [-121.72375872731209, 46.87433143146336, 2692.31], [-121.72373525798321, 46.874312572181225, 2692.31], [-121.72368664294481, 46.8742118217051, 2694.71], [-121.72363182529807, 46.874116603285074, 2695.19], [-121.72361992299557, 46.874075615778565, 2695.67], [-121.72355244867504, 46.87399095855653, 2699.04], [-121.72352210618556, 46.87390051782131, 2700.96], [-121.72354674898088, 46.8738822452724, 2700.96], [-121.7235558014363, 46.873775124549866, 2701.92], [-121.72358773648739, 46.87357697635889, 2711.54], [-121.72361757606268, 46.87350078485906, 2713.46], [-121.72364464960992, 46.87345485202968, 2714.9], [-121.72370265237987, 46.87342895194888, 2715.86], [-121.72371623106301, 46.87339073047042, 2717.3], [-121.72375679947436, 46.873376816511154, 2719.23], [-121.7237733118236, 46.873272294178605, 2720.19], [-121.72375772148371, 46.87325938604772, 2718.75], [-121.72379024326801, 46.87323641963303, 2723.55], [-121.72383802011609, 46.87322560697794, 2724.99], [-121.72384212724864, 46.87319291755557, 2724.51], [-121.72393307089806, 46.87317498028278, 2725.48], [-121.72398042865098, 46.87315201386809, 2727.88], [-121.72403398901224, 46.87315436080098, 2728.84], [-121.72406106255949, 46.873132567852736, 2731.72], [-121.72415795736015, 46.87312837690115, 2732.68], [-121.72419274225831, 46.87311312183738, 2733.65], [-121.72431888990104, 46.87310063280165, 2736.05], [-121.72438276000321, 46.873103650286794, 2737.97], [-121.72446004115045, 46.87309216707945, 2741.34], [-121.72449180856347, 46.87312209047377, 2743.26], [-121.72453966923058, 46.873121336102486, 2744.7], [-121.7246840056032, 46.87308847904205, 2748.07], [-121.72477553598583, 46.873107170686126, 2749.99], [-121.72486983239651, 46.87308738939464, 2752.87], [-121.72492104582489, 46.873090574517846, 2754.8], [-121.7249620333314, 46.87311278656125, 2758.64], [-121.72498256899416, 46.87310390174389, 2759.6], [-121.72503428533673, 46.873108176514506, 2760.56], [-121.72508189454675, 46.87312871217728, 2762.97], [-121.72516772523522, 46.873133070766926, 2765.85], [-121.7253193538636, 46.87311219982803, 2770.66], [-121.72545690089464, 46.87313047237694, 2773.54], [-121.72549000941217, 46.873129131272435, 2774.02], [-121.72561381012201, 46.87305620871484, 2778.35], [-121.72564616426826, 46.873042630031705, 2778.83], [-121.7257419694215, 46.872969875112176, 2784.6], [-121.72580399550498, 46.87290986068547, 2788.44], [-121.72581841237843, 46.87297121621668, 2797.57], [-121.72582989558578, 46.872941544279456, 2797.57], [-121.72587683424354, 46.87289678491652, 2796.13], [-121.72594665549695, 46.87286350876093, 2798.05], [-121.7259927559644, 46.87282830476761, 2796.61], [-121.7260324023664, 46.87278136610985, 2793.25], [-121.72620289027691, 46.87269997783005, 2785.56], [-121.72631101682782, 46.872631749138236, 2784.6], [-121.72637547366321, 46.87260207720101, 2784.12], [-121.72644697129726, 46.87257911078632, 2785.56], [-121.7265451233834, 46.87253267504275, 2786.04], [-121.72662324272096, 46.87250434421003, 2784.6], [-121.72667596489191, 46.87243904918432, 2783.63], [-121.72677244059741, 46.87238565646112, 2781.23], [-121.72688148915768, 46.872343411669135, 2782.19], [-121.72694770619273, 46.87228926457465, 2780.27], [-121.72703152522445, 46.87224199064076, 2777.39], [-121.7270287591964, 46.87222497537732, 2783.63], [-121.72698760405183, 46.872190525755286, 2782.67], [-121.72704325988889, 46.87217116355896, 2778.83], [-121.72712473198771, 46.872160183265805, 2775.46], [-121.72713168896735, 46.87219019047916, 2775.94], [-121.72714987769723, 46.87215079553425, 2774.98], [-121.72714702785015, 46.8721258174628, 2771.62], [-121.72717368230224, 46.87208969146013, 2772.1], [-121.72707997262478, 46.872072257101536, 2772.58], [-121.72719396650791, 46.87206764705479, 2775.94], [-121.72720704227686, 46.872026240453124, 2775.46], [-121.72727040946484, 46.87202397733927, 2774.02], [-121.72723185271025, 46.87196069397032, 2772.58], [-121.72724006697536, 46.87191165983677, 2770.66], [-121.72720888629556, 46.87183949165046, 2767.77], [-121.7274069506675, 46.87175340950489, 2763.45], [-121.7274986486882, 46.871705297380686, 2762.97], [-121.727543072775, 46.87163220718503, 2760.08], [-121.72760618850589, 46.87157202512026, 2757.68], [-121.72769537195563, 46.87154335901141, 2756.72], [-121.72776284627616, 46.87146062962711, 2756.72], [-121.7278440669179, 46.87142643146217, 2758.16], [-121.7278889939189, 46.87138259410858, 2759.12], [-121.72798974439502, 46.871367171406746, 2761.52], [-121.7280922550708, 46.871328949928284, 2760.56], [-121.72810457646847, 46.871276730671525, 2760.56], [-121.72816785983741, 46.87127362936735, 2761.52], [-121.72823055647314, 46.87125108204782, 2761.52], [-121.72831563279033, 46.871244544163346, 2764.89], [-121.72834564000368, 46.871213195845485, 2766.81], [-121.72836592420936, 46.87115469016135, 2766.33], [-121.72841789200902, 46.871050503104925, 2763.93], [-121.72849542461336, 46.87098663300276, 2768.25], [-121.7285280302167, 46.87093407846987, 2768.73], [-121.72857714816928, 46.8708807695657, 2769.7], [-121.72861679457128, 46.87080206349492, 2771.14], [-121.72876649536192, 46.870624870061874, 2774.98], [-121.72880991362035, 46.87053627334535, 2779.79], [-121.72887177206576, 46.87045941129327, 2785.56], [-121.72892482951283, 46.87042613513768, 2786.04], [-121.7289752047509, 46.87036075629294, 2789.4], [-121.72906204126775, 46.87029370106757, 2794.21], [-121.7291115783155, 46.87023025006056, 2799.02], [-121.72915583476424, 46.87020342797041, 2801.9], [-121.7292527295649, 46.870083482936025, 2803.82], [-121.72930587083101, 46.87002866528928, 2803.82], [-121.72934015281498, 46.87000553123653, 2804.78], [-121.72938767820597, 46.86994794756174, 2808.63], [-121.72943461686373, 46.86991651542485, 2811.03], [-121.72949035651982, 46.869897823780775, 2812.96], [-121.72957308590412, 46.8698413297534, 2817.76], [-121.72962974756956, 46.8698241468519, 2819.68], [-121.72964793629944, 46.869832361117005, 2821.13], [-121.72970317304134, 46.86981417238712, 2823.53], [-121.72978095710278, 46.869800593703985, 2824.97], [-121.72996200621128, 46.869741501286626, 2830.74], [-121.7300320789218, 46.869697496294975, 2833.14], [-121.730103995651, 46.8696719314903, 2833.62], [-121.73018974252045, 46.86966405250132, 2836.51], [-121.73023911193013, 46.86965273693204, 2837.95], [-121.73028613440692, 46.86966053210199, 2838.43], [-121.73031236976385, 46.869640750810504, 2839.39], [-121.73041957430542, 46.86961267143488, 2844.2], [-121.73054429702461, 46.86958794482052, 2847.56], [-121.73082668334246, 46.869546538218856, 2858.62], [-121.73097697086632, 46.869538743048906, 2863.9], [-121.73109666444361, 46.869517201557755, 2864.87], [-121.731200767681, 46.86950915493071, 2865.35], [-121.73131006769836, 46.86954905278981, 2871.11], [-121.73137620091438, 46.86956472694874, 2870.63], [-121.73143738880754, 46.869588531553745, 2872.56], [-121.73164618201554, 46.869657430797815, 2875.92], [-121.73174609430134, 46.869712583720684, 2877.84], [-121.73187400214374, 46.8697945587337, 2877.36], [-121.73198196105659, 46.869843592867255, 2876.4], [-121.7321302369237, 46.86991961672902, 2880.73], [-121.73219813033938, 46.869977451860905, 2881.21], [-121.73228630796075, 46.87008608132601, 2884.57], [-121.7323546204716, 46.8701505381614, 2886.02], [-121.73245746642351, 46.87027006410062, 2885.53], [-121.73248378559947, 46.87034407630563, 2886.02], [-121.73253927379847, 46.870443066582084, 2887.94], [-121.7325478233397, 46.870519425719976, 2889.86], [-121.73252552747726, 46.870576590299606, 2889.38], [-121.7325343284756, 46.87063719145954, 2890.82], [-121.73250985331833, 46.8706373590976, 2896.59], [-121.73428229056299, 46.868245834484696, 2963.4], [-121.73421448096633, 46.86828992329538, 2973.01], [-121.73420811071992, 46.86830651946366, 2973.01], [-121.7342146486044, 46.86856895685196, 3013.39], [-121.73416838049889, 46.868305345997214, 2974.46], [-121.73419260419905, 46.868281876668334, 2971.09], [-121.73413837328553, 46.86829796992242, 2970.13], [-121.73409805633128, 46.86828372068703, 2969.65], [-121.73410819843411, 46.86830207705498, 2973.01], [-121.7341625969857, 46.86827667988837, 2972.53], [-121.73426401801407, 46.86826670542359, 2975.9], [-121.73430592752993, 46.868253545835614, 2977.34], [-121.73435831442475, 46.868220856413245, 2978.3], [-121.73440273851156, 46.8681351095438, 2981.67], [-121.73446769826114, 46.86806092970073, 2986.95], [-121.73449988476932, 46.86803259886801, 2988.4], [-121.73451136797667, 46.868002926930785, 2989.36], [-121.73454573377967, 46.86797275207937, 2991.76], [-121.73457758501172, 46.86790351755917, 2995.6], [-121.73460071906447, 46.867884658277035, 2998.01], [-121.73463474959135, 46.8678277451545, 2998.97], [-121.73467967659235, 46.86777678318322, 3001.85], [-121.73471949063241, 46.86770277097821, 3004.74], [-121.73471454530954, 46.86762892641127, 3005.7], [-121.73473700881004, 46.86757234856486, 3008.58], [-121.73473851755261, 46.867487858980894, 3013.39], [-121.7348412796855, 46.86742080375552, 3017.23], [-121.73485879786313, 46.86738509684801, 3016.75], [-121.73494068905711, 46.86731670051813, 3020.6], [-121.7349776532501, 46.86725593172014, 3023.0], [-121.73502450808883, 46.867215698584914, 3025.89], [-121.73506298102438, 46.86715786345303, 3029.25], [-121.73515627160668, 46.86704772524536, 3035.5], [-121.73520530574024, 46.867013946175575, 3039.35], [-121.73523774370551, 46.86696675606072, 3043.19], [-121.73526213504374, 46.86695418320596, 3045.11], [-121.73531921580434, 46.86687916517258, 3049.44], [-121.73538090661168, 46.866782354190946, 3056.17], [-121.73541141673923, 46.86675603501499, 3057.61], [-121.73550747334957, 46.86662653461099, 3061.94], [-121.73555424436927, 46.86658060178161, 3064.34], [-121.73563747666776, 46.866529723629355, 3071.07], [-121.73566530458629, 46.86649049632251, 3072.99], [-121.73576345667243, 46.86639695428312, 3081.16], [-121.73580025322735, 46.866303915157914, 3083.57], [-121.73581626266241, 46.866283966228366, 3084.05], [-121.7358735948801, 46.86644682660699, 3125.86], [-121.73582648858428, 46.86638077721, 3121.54], [-121.73580821603537, 46.866259071975946, 3114.33], [-121.73581257462502, 46.86620509251952, 3111.44], [-121.73578751273453, 46.86614943668246, 3110.0], [-121.73574375919998, 46.86608179472387, 3108.56], [-121.73569556325674, 46.866027396172285, 3106.64], [-121.7356005962938, 46.86593770980835, 3104.71], [-121.73557729460299, 46.865910133346915, 3105.2], [-121.73551560379565, 46.86587719246745, 3106.64], [-121.73546908423305, 46.86583754606545, 3106.64], [-121.73535810783505, 46.8657554872334, 3107.12], [-121.73531234264374, 46.86573235318065, 3108.56], [-121.73527420498431, 46.86570134013891, 3109.04], [-121.73521745949984, 46.865636548027396, 3103.75], [-121.73519709147513, 46.86559027992189, 3101.83], [-121.73515400849283, 46.865552477538586, 3099.91], [-121.73514001071453, 46.865558847784996, 3101.35], [-121.73510966822505, 46.86553227715194, 3101.35], [-121.73503674566746, 46.86551098711789, 3102.31], [-121.73498301766813, 46.865477627143264, 3102.31], [-121.73498779535294, 46.865453319624066, 3101.83], [-121.73505334183574, 46.8654013518244, 3108.08], [-121.73509365878999, 46.86535147950053, 3110.96], [-121.735117463395, 46.8653529882431, 3113.37], [-121.73519340343773, 46.865272521972656, 3116.25], [-121.73523405566812, 46.86525131575763, 3120.1], [-121.73528023995459, 46.86520513147116, 3122.5], [-121.73529826104641, 46.865199180319905, 3124.42], [-121.73537076450884, 46.86514226719737, 3128.75], [-121.73545978032053, 46.86508124694228, 3132.11], [-121.73548995517194, 46.86507571488619, 3133.55], [-121.73553924076259, 46.86502140015364, 3136.44], [-121.73559430986643, 46.864985106512904, 3139.32], [-121.73561861738563, 46.86494193971157, 3140.76], [-121.73572062514722, 46.86486993916333, 3145.57], [-121.73582187853754, 46.86480958946049, 3152.78], [-121.73589739948511, 46.86477136798203, 3155.18], [-121.73594861291349, 46.864721244201064, 3158.07], [-121.73599706031382, 46.86470087617636, 3160.95], [-121.73603947274387, 46.86467221006751, 3164.32], [-121.73606193624437, 46.86463926918805, 3164.8], [-121.7361103836447, 46.86462099663913, 3167.2], [-121.73619193956256, 46.86456995084882, 3170.08], [-121.73625497147441, 46.86454614624381, 3172.01], [-121.73647793009877, 46.8643896561116, 3185.47], [-121.73653559759259, 46.86436593532562, 3187.87], [-121.73658144660294, 46.86435839161277, 3191.23], [-121.7366299778223, 46.86432763002813, 3191.71], [-121.73665906302631, 46.86433165334165, 3192.68], [-121.73680415377021, 46.86425244435668, 3201.81], [-121.73690104857087, 46.864185808226466, 3205.17], [-121.73694195225835, 46.864172564819455, 3206.61], [-121.73699207603931, 46.864134930074215, 3209.5], [-121.73703792504966, 46.86408983543515, 3211.9], [-121.73710313625634, 46.863969303667545, 3219.11], [-121.73713490366936, 46.863884730264544, 3223.44], [-121.7371738795191, 46.86382840387523, 3224.4], [-121.73722819425166, 46.86378029175103, 3227.28], [-121.73734654672444, 46.86369773000479, 3234.49], [-121.73740857280791, 46.86368272639811, 3236.9], [-121.73748300410807, 46.863632686436176, 3240.26], [-121.73754611983895, 46.863581808283925, 3244.59], [-121.73762247897685, 46.863498743623495, 3248.43], [-121.73765684477985, 46.86349111609161, 3249.87], [-121.73770713619888, 46.863449877128005, 3251.8], [-121.73774166963995, 46.86344627290964, 3254.2], [-121.7377661447972, 46.86342171393335, 3255.64], [-121.73791500739753, 46.86335817910731, 3264.77], [-121.73802212812006, 46.863272935152054, 3270.06], [-121.73813528381288, 46.86322499066591, 3276.79], [-121.73819513060153, 46.86318224295974, 3279.67], [-121.73830166459084, 46.86312943696976, 3285.92], [-121.73834659159184, 46.863086270168424, 3288.33], [-121.7384466715157, 46.86302793212235, 3294.58], [-121.73847609199584, 46.8629976734519, 3296.5], [-121.73860265873373, 46.86291737481952, 3302.27], [-121.7386850528419, 46.86290664598346, 3309.0], [-121.73874548636377, 46.86286616139114, 3309.96], [-121.73880700953305, 46.86284453608096, 3313.8], [-121.73884875141084, 46.862802458927035, 3315.72], [-121.73883659765124, 46.862800447270274, 3315.72], [-121.73896023072302, 46.86277136206627, 3320.53], [-121.73905561678112, 46.86269852332771, 3324.38], [-121.73911294899881, 46.86266994103789, 3327.74], [-121.73919626511633, 46.86267086304724, 3334.47], [-121.73923985101283, 46.86263356357813, 3337.83], [-121.73933800309896, 46.86262493021786, 3344.08], [-121.73939617350698, 46.862589893862605, 3346.01], [-121.73951771110296, 46.86253842897713, 3350.33], [-121.73956532031298, 46.862537171691656, 3352.74], [-121.73970479518175, 46.86250666156411, 3357.06], [-121.73991744406521, 46.86236676760018, 3360.91], [-121.73996035940945, 46.86235553584993, 3362.35], [-121.74001157283783, 46.862300131469965, 3363.31], [-121.74020402133465, 46.862242966890335, 3371.96], [-121.74025598913431, 46.86221279203892, 3376.29], [-121.74029387533665, 46.86216409318149, 3378.21], [-121.74034911207855, 46.86216560192406, 3379.65], [-121.74046117812395, 46.86208781786263, 3385.9], [-121.74051113426685, 46.862081196159124, 3388.78], [-121.74052680842578, 46.862044567242265, 3389.75], [-121.7405675444752, 46.86205697245896, 3389.75], [-121.74063049256802, 46.8619891628623, 3391.67], [-121.74070148728788, 46.861972315236926, 3397.44], [-121.74078430049121, 46.86192763969302, 3401.76], [-121.74080190248787, 46.86193157918751, 3405.61], [-121.74089980311692, 46.86187474988401, 3408.49], [-121.74095495603979, 46.86182948760688, 3411.86], [-121.74101865850389, 46.86182311736047, 3415.22], [-121.74106584861875, 46.86178841628134, 3414.74], [-121.7410937603563, 46.86179805546999, 3419.55], [-121.74114011228085, 46.861773915588856, 3422.91], [-121.74118218943477, 46.86176486313343, 3424.35], [-121.74131931737065, 46.86165799386799, 3428.2], [-121.74141772091389, 46.861642403528094, 3434.45], [-121.7414637375623, 46.861591944471, 3434.93], [-121.74150807783008, 46.861587166786194, 3434.93], [-121.7416069842875, 46.861515333876014, 3441.18], [-121.74166515469551, 46.86149136163294, 3444.54], [-121.74170915968716, 46.86148742213845, 3445.02], [-121.74173262901604, 46.86151323840022, 3447.43], [-121.74181091599166, 46.861498821526766, 3450.79], [-121.7419560905546, 46.86151717789471, 3455.6], [-121.74202633090317, 46.86154793947935, 3458.0], [-121.74210813827813, 46.86148155480623, 3456.08], [-121.74228793010116, 46.86151374131441, 3464.25], [-121.74232992343605, 46.86154089868069, 3467.61], [-121.74254885874689, 46.86160007491708, 3468.09], [-121.7425980605185, 46.86158590950072, 3470.02], [-121.74264843575656, 46.86159571632743, 3472.9], [-121.74266771413386, 46.86157149262726, 3474.34], [-121.74272135831416, 46.86156646348536, 3475.78], [-121.74276142381132, 46.86157953925431, 3477.71], [-121.7427724879235, 46.86153067275882, 3479.15], [-121.74291305243969, 46.86151064001024, 3485.4], [-121.74300600774586, 46.861504102125764, 3487.32], [-121.74308739602566, 46.86148934997618, 3489.24], [-121.74316643737257, 46.8615089636296, 3491.17], [-121.74325176514685, 46.861515417695045, 3491.65], [-121.7433111090213, 46.86153955757618, 3495.97], [-121.74338998273015, 46.8615454249084, 3496.93], [-121.74345091916621, 46.86155824922025, 3497.89], [-121.74350221641362, 46.86157870106399, 3499.34], [-121.74355049617589, 46.86156847514212, 3501.74], [-121.74362702295184, 46.86156855896115, 3502.22], [-121.7436707764864, 46.86157752759755, 3503.66], [-121.74375266768038, 46.86156512238085, 3505.1], [-121.7438105866313, 46.861586244776845, 3503.66], [-121.7438534181565, 46.86155606992543, 3505.1], [-121.74391888082027, 46.86153369024396, 3509.43], [-121.74399280920625, 46.86156244017184, 3512.31], [-121.74404268153012, 46.861570570617914, 3516.16], [-121.74416027963161, 46.86155514791608, 3521.45], [-121.74421677365899, 46.86153218150139, 3524.33], [-121.74427687190473, 46.8615316785872, 3527.69], [-121.74432733096182, 46.861515417695045, 3527.21], [-121.74438340589404, 46.86152430251241, 3528.66], [-121.74445716664195, 46.861501671373844, 3532.02], [-121.74452438950539, 46.861467054113746, 3533.46], [-121.74457434564829, 46.86146713793278, 3535.39], [-121.74469973891973, 46.86143159866333, 3536.83], [-121.74481599591672, 46.861416175961494, 3541.63], [-121.7448653653264, 46.86145506799221, 3543.56], [-121.7449708096683, 46.86140276491642, 3546.92], [-121.74501305446029, 46.861468059942126, 3549.81], [-121.7450952809304, 46.86146529391408, 3558.94], [-121.74519955180585, 46.86144777573645, 3561.34], [-121.74525327980518, 46.86145104467869, 3562.78], [-121.74531404860318, 46.861470490694046, 3563.74], [-121.74535620957613, 46.8614471051842, 3567.11], [-121.7454319819808, 46.8614539783448, 3569.03], [-121.7455025576055, 46.861433777958155, 3571.92], [-121.74558243714273, 46.861461102962494, 3574.8], [-121.74563264474273, 46.86146143823862, 3577.68], [-121.74571068026125, 46.86149136163294, 3580.57], [-121.74580455757678, 46.86149127781391, 3585.37], [-121.74588368274271, 46.861472921445966, 3586.34], [-121.74595073796809, 46.86147518455982, 3589.22], [-121.74607085064054, 46.86149563640356, 3592.58], [-121.74613832496107, 46.86152103357017, 3594.99], [-121.74622591584921, 46.86153067275882, 3598.83], [-121.74627888947725, 46.86150301247835, 3603.16], [-121.74638860858977, 46.86149915680289, 3604.6], [-121.74647653475404, 46.86147937551141, 3606.52], [-121.7465665563941, 46.86146906577051, 3611.33], [-121.74663159996271, 46.86150376684964, 3613.25], [-121.74670494161546, 46.86149169690907, 3617.1], [-121.7467636987567, 46.86147132888436, 3619.98], [-121.74683477729559, 46.86151759698987, 3622.38], [-121.74689931795001, 46.86148633249104, 3622.87], [-121.74701565876603, 46.861505107954144, 3626.71], [-121.74707843922079, 46.86152866110206, 3629.11], [-121.74711951054633, 46.86150929890573, 3634.4], [-121.74717382527888, 46.86153771355748, 3636.81], [-121.74726099707186, 46.86154291033745, 3642.57], [-121.74733551219106, 46.861537378281355, 3644.01], [-121.74738328903913, 46.861557411029935, 3646.9], [-121.74749837256968, 46.86157585121691, 3651.71], [-121.74752871505916, 46.86156839132309, 3653.63], [-121.74760230816901, 46.86158339492977, 3656.03], [-121.7476509232074, 46.86157098971307, 3656.51], [-121.7476807627827, 46.861612144857645, 3658.92], [-121.74773055128753, 46.86162170022726, 3661.8], [-121.74775653518736, 46.86161474324763, 3665.16], [-121.74779358319938, 46.86164106242359, 3667.09], [-121.74783213995397, 46.861645923927426, 3668.05], [-121.7479271069169, 46.86163594946265, 3668.53], [-121.74797454848886, 46.86161734163761, 3667.09], [-121.74806867726147, 46.86159529723227, 3666.12], [-121.74812936224043, 46.86157325282693, 3665.16], [-121.74818568862975, 46.861581802368164, 3664.68], [-121.74824553541839, 46.861567720770836, 3665.16], [-121.74834821373224, 46.86157719232142, 3668.53], [-121.74847897142172, 46.86155783012509, 3669.97], [-121.74853831529617, 46.86157710850239, 3674.3], [-121.74864627420902, 46.8615713249892, 3677.18], [-121.7487080488354, 46.86160451732576, 3680.06], [-121.74876445904374, 46.86161918565631, 3683.43], [-121.74882598221302, 46.861602924764156, 3686.31], [-121.74887618981302, 46.86158113181591, 3689.68], [-121.7489649541676, 46.86158356256783, 3694.48], [-121.74903988838196, 46.8616212811321, 3697.85], [-121.74910803325474, 46.861666878685355, 3700.73], [-121.74917441792786, 46.86167207546532, 3702.66], [-121.74925362691283, 46.861700573936105, 3702.17], [-121.74930324777961, 46.861710799857974, 3704.1], [-121.74935773015022, 46.86173586174846, 3705.54], [-121.74943794496357, 46.86172286979854, 3707.94], [-121.74950625747442, 46.86174952425063, 3710.83], [-121.74961815588176, 46.861753882840276, 3712.27], [-121.74966341815889, 46.86172806657851, 3713.71], [-121.74979845061898, 46.861727479845285, 3715.15], [-121.74981714226305, 46.86171121895313, 3713.23], [-121.74983985722065, 46.8616558983922, 3710.35], [-121.74987589940429, 46.861655563116074, 3711.31], [-121.74993256106973, 46.86168129555881, 3716.11], [-121.74998042173684, 46.86167626641691, 3718.04], [-121.75001772120595, 46.86165782622993, 3719.0], [-121.75004906952381, 46.861657155677676, 3720.92], [-121.75010430626571, 46.86168649233878, 3723.8], [-121.75006658770144, 46.8616989813745, 3723.8], [-121.75012970343232, 46.86170862056315, 3728.61], [-121.75020162016153, 46.86169110238552, 3730.05], [-121.75021461211145, 46.86165153980255, 3731.49], [-121.75019499845803, 46.86161960475147, 3732.94], [-121.75018544308841, 46.86155129224062, 3734.38], [-121.75015074200928, 46.86151809990406, 3735.34], [-121.75010975450277, 46.861452804878354, 3738.7], [-121.75009810365736, 46.861411314457655, 3740.63], [-121.75006113946438, 46.86138306744397, 3741.59], [-121.74999978393316, 46.86131819151342, 3746.88], [-121.74998494796455, 46.861266223713756, 3748.32], [-121.74999827519059, 46.8612224701792, 3752.16], [-121.74999148584902, 46.861205119639635, 3754.57], [-121.75000472925603, 46.86107930727303, 3757.93], [-121.74998871982098, 46.86102893203497, 3762.74], [-121.74998595379293, 46.86095483601093, 3764.18], [-121.75001244060695, 46.86092876829207, 3765.14], [-121.74999685026705, 46.860905634239316, 3766.1], [-121.75002467818558, 46.86085249297321, 3768.02], [-121.75000548362732, 46.86083095148206, 3770.43], [-121.75005468539894, 46.860776636749506, 3772.35], [-121.75004806369543, 46.86074637807906, 3773.79], [-121.7500043939799, 46.86070731841028, 3778.6], [-121.75000640563667, 46.86067161150277, 3779.56], [-121.74997338093817, 46.86061209999025, 3781.96], [-121.74997497349977, 46.86055107973516, 3783.89], [-121.74991085194051, 46.86050908640027, 3787.73], [-121.74984161742032, 46.860497519373894, 3789.17], [-121.74984010867774, 46.86046055518091, 3790.13], [-121.7498613987118, 46.860453095287085, 3792.54], [-121.74987623468041, 46.86040095984936, 3795.9], [-121.74986223690212, 46.86035653576255, 3797.35], [-121.7500009573996, 46.86032979749143, 3803.59], [-121.7500477284193, 46.860333904623985, 3805.04], [-121.75009617581964, 46.860323594883084, 3806.0], [-121.75019089132547, 46.86034404672682, 3809.36], [-121.75019063986838, 46.86035695485771, 3811.28], [-121.75030396319926, 46.860360726714134, 3808.88], [-121.7503363173455, 46.86034781858325, 3807.44], [-121.75038275308907, 46.860358295962214, 3808.4], [-121.75041284412146, 46.86039274558425, 3812.73], [-121.75044930540025, 46.860375478863716, 3812.25], [-121.75058014690876, 46.860335832461715, 3818.49], [-121.75068751908839, 46.86026567593217, 3822.34], [-121.75073085352778, 46.860264502465725, 3823.78], [-121.75075532868505, 46.86024555936456, 3826.18], [-121.75079924985766, 46.86023918911815, 3830.99], [-121.75087770447135, 46.86019585467875, 3833.39], [-121.75095800310373, 46.8601637519896, 3836.76], [-121.75099773332477, 46.860131062567234, 3837.72], [-121.75106084905565, 46.860145227983594, 3842.53], [-121.75109739415348, 46.86016802676022, 3845.41], [-121.75112932920456, 46.86017096042633, 3846.85], [-121.75130073912442, 46.86011857353151, 3853.1], [-121.75136963836849, 46.860105749219656, 3855.5], [-121.75138187594712, 46.860087560489774, 3856.47], [-121.75142479129136, 46.860086219385266, 3857.91], [-121.75153258256614, 46.860032407566905, 3862.23], [-121.75155311822891, 46.86001304537058, 3863.68], [-121.75160533748567, 46.85999209061265, 3865.6], [-121.75163811072707, 46.85999468900263, 3868.48], [-121.75175218842924, 46.85996090993285, 3875.69], [-121.75177523866296, 46.859937524423, 3876.65], [-121.75189199857414, 46.85988052748144, 3881.94], [-121.75194161944091, 46.85984842479229, 3882.9], [-121.751957712695, 46.85982554219663, 3883.86], [-121.75203784368932, 46.85978103429079, 3886.27], [-121.75211093388498, 46.85975714586675, 3891.07], [-121.75214102491736, 46.859732838347554, 3891.55], [-121.75221361219883, 46.859701154753566, 3894.44], [-121.75224957056344, 46.85966041870415, 3893.48], [-121.7523063160479, 46.85962521471083, 3895.88], [-121.75232157111168, 46.859598057344556, 3897.8], [-121.75241050310433, 46.85956000350416, 3901.65], [-121.75243875011802, 46.85954013839364, 3903.09], [-121.75251485779881, 46.859550615772605, 3907.42], [-121.75255400128663, 46.85953703708947, 3908.38], [-121.75259431824088, 46.85955522581935, 3911.74], [-121.75269858911633, 46.859557991847396, 3910.3], [-121.75272574648261, 46.85951557941735, 3910.3], [-121.75280277617276, 46.85946009121835, 3909.82], [-121.75284611061215, 46.859421115368605, 3910.3], [-121.75285633653402, 46.85947953723371, 3911.74], [-121.752895899117, 46.859424132853746, 3906.94], [-121.75287930294871, 46.859353724867105, 3908.38], [-121.75293923355639, 46.85930301435292, 3915.59], [-121.75295675173402, 46.859305780380964, 3918.95], [-121.75305004231632, 46.85924752615392, 3924.72], [-121.75303411670029, 46.85919111594558, 3921.84], [-121.75306756049395, 46.85916622169316, 3923.28], [-121.75306940451264, 46.85914074070752, 3926.16], [-121.75310477614403, 46.85913495719433, 3928.08], [-121.75311567261815, 46.8590933829546, 3930.49], [-121.75313796848059, 46.859063878655434, 3933.85], [-121.75320074893534, 46.859042923897505, 3934.81], [-121.75326235592365, 46.859004283323884, 3939.14], [-121.75327710807323, 46.85901987366378, 3941.54], [-121.75332505255938, 46.85902121476829, 3945.39], [-121.75334248691797, 46.85895374044776, 3951.16], [-121.75340317189693, 46.85898215509951, 3952.6], [-121.75337802618742, 46.85891141183674, 3956.92], [-121.7533771879971, 46.85887997969985, 3959.33], [-121.7534102126956, 46.858813259750605, 3958.85], [-121.75332983024418, 46.85885164886713, 3961.73], [-121.75342127680779, 46.858844105154276, 3958.37], [-121.75342907197773, 46.858808398246765, 3956.92], [-121.75340526737273, 46.85876556672156, 3963.17], [-121.75346980802715, 46.85873329639435, 3963.65], [-121.75340325571597, 46.858645621687174, 3969.42], [-121.7534345202148, 46.85861561447382, 3972.3], [-121.75342806614935, 46.858677892014384, 3971.34], [-121.75346234813333, 46.858636904507875, 3976.15], [-121.75343485549092, 46.85856280848384, 3980.0], [-121.75347902812064, 46.85852081514895, 3979.03], [-121.75340778194368, 46.8584887124598, 3981.92], [-121.75340375863016, 46.85840983875096, 3986.24], [-121.75341960042715, 46.85840833000839, 3991.53], [-121.75337576307356, 46.858319230377674, 3995.86], [-121.75336168147624, 46.858242116868496, 4003.07], [-121.75338758155704, 46.858322750777006, 4004.51], [-121.75341909751296, 46.858396427705884, 4001.14], [-121.7534223664552, 46.85829249210656, 3998.26], [-121.75343493930995, 46.85826416127384, 4007.87], [-121.75336570478976, 46.85818604193628, 4017.01], [-121.75340694375336, 46.85807137750089, 4013.64], [-121.75338137894869, 46.8581779114902, 4014.6], [-121.75344650633633, 46.85817732475698, 4007.87], [-121.75339227542281, 46.85809828341007, 4007.39], [-121.7533895932138, 46.85813055373728, 4009.8], [-121.75337526015937, 46.858049081638455, 4009.32], [-121.75336394459009, 46.858076406642795, 4012.2], [-121.75340426154435, 46.85805947519839, 4012.68], [-121.75347508862615, 46.858103731647134, 4011.24], [-121.75341909751296, 46.85799937695265, 4013.64], [-121.75346561707556, 46.85800826177001, 4017.01], [-121.75347701646388, 46.85799225233495, 4019.89], [-121.75347014330328, 46.857939530164, 4025.18], [-121.75353183411062, 46.857910277321935, 4030.46], [-121.75358111970127, 46.857912205159664, 4032.39], [-121.75355362705886, 46.857878006994724, 4029.02], [-121.75359914079309, 46.85787641443312, 4027.58], [-121.75360467284918, 46.857808185741305, 4028.54], [-121.75361649133265, 46.8577635101974, 4040.08], [-121.75364750437438, 46.85777960345149, 4041.52], [-121.75363912247121, 46.857691844925284, 4042.96], [-121.75362948328257, 46.85769947245717, 4042.0], [-121.75359964370728, 46.8576564732939, 4042.48], [-121.7536171618849, 46.85759578831494, 4044.4], [-121.75366401672363, 46.857608780264854, 4055.46], [-121.75372092984617, 46.85757642611861, 4053.54], [-121.75368606112897, 46.85752923600376, 4055.46], [-121.75369905307889, 46.8574545532465, 4058.34], [-121.75374045968056, 46.85742957517505, 4058.82], [-121.75376443192363, 46.857443656772375, 4066.51], [-121.75373937003314, 46.8573887553066, 4066.99], [-121.7537432257086, 46.857323460280895, 4064.59], [-121.75376401282847, 46.85730552300811, 4067.48], [-121.7537831235677, 46.85734483413398, 4070.36], [-121.75383014604449, 46.857290267944336, 4073.72], [-121.7538174893707, 46.857280461117625, 4074.69], [-121.75375395454466, 46.857323460280895, 4078.53], [-121.75381346605718, 46.857246765866876, 4083.82], [-121.7537881527096, 46.85723830014467, 4086.7], [-121.7537329159677, 46.857306780293584, 4087.18], [-121.7538053356111, 46.857306864112616, 4092.95], [-121.75379988737404, 46.857269732281566, 4091.99], [-121.75382679328322, 46.85726294294, 4088.62], [-121.75384565256536, 46.857281886041164, 4089.59], [-121.75387909635901, 46.85725003480911, 4089.59], [-121.75387976691127, 46.85722933150828, 4091.99], [-121.75394657067955, 46.85722447000444, 4093.91], [-121.7539905756712, 46.857195887714624, 4095.35], [-121.75405318848789, 46.857118187472224, 4101.6], [-121.75407498143613, 46.857131933793426, 4104.01], [-121.75414815545082, 46.85708809643984, 4104.01], [-121.75424312241375, 46.85706311836839, 4107.85], [-121.75428377464414, 46.85701886191964, 4108.81], [-121.75431772135198, 46.85702405869961, 4111.7], [-121.75433004274964, 46.85698667541146, 4119.39], [-121.75435803830624, 46.85697686858475, 4121.31], [-121.75441143102944, 46.85699782334268, 4122.75], [-121.7544618062675, 46.85697636567056, 4125.15], [-121.75446532666683, 46.85694459825754, 4128.52], [-121.75467395223677, 46.85701106674969, 4132.36], [-121.7545532528311, 46.857029758393764, 4125.64], [-121.75446189008653, 46.856942838057876, 4136.21], [-121.75446909852326, 46.856893887743354, 4123.23], [-121.75452240742743, 46.85694250278175, 4123.23], [-121.75458543933928, 46.85690335929394, 4127.08], [-121.754663977772, 46.856909058988094, 4126.12], [-121.75462047569454, 46.85686530545354, 4129.48], [-121.75467822700739, 46.856775199994445, 4137.17], [-121.75469876267016, 46.85679640620947, 4141.02], [-121.75473011098802, 46.856771763414145, 4144.86], [-121.75476129166782, 46.85676522552967, 4144.86], [-121.7547810729593, 46.85674158856273, 4143.42], [-121.75476833246648, 46.856724908575416, 4144.38], [-121.754788197577, 46.85669087804854, 4142.46], [-121.75477713346481, 46.85666657052934, 4145.34], [-121.7547900415957, 46.856620302423835, 4144.86], [-121.7548574320972, 46.85657990165055, 4147.75], [-121.75496757030487, 46.85655752196908, 4145.82], [-121.75499154254794, 46.85652466490865, 4141.02], [-121.75488593056798, 46.85658643953502, 4143.42], [-121.75492440350354, 46.85648459941149, 4145.34], [-121.7550109885633, 46.85646766796708, 4161.2], [-121.7550503835082, 46.856396589428186, 4165.53], [-121.75505843013525, 46.85634101741016, 4166.49], [-121.75506697967649, 46.85635677538812, 4170.82], [-121.7550923768431, 46.856309585273266, 4172.26], [-121.75521894358099, 46.85634596273303, 4187.16], [-121.75518491305411, 46.85632190667093, 4179.47], [-121.75525900907815, 46.85640304349363, 4186.68], [-121.75521919503808, 46.856333054602146, 4186.2], [-121.75522581674159, 46.85629122890532, 4188.6], [-121.75517234019935, 46.8562734592706, 4191.0], [-121.75520855002105, 46.85624672099948, 4185.24], [-121.75523629412055, 46.856208834797144, 4186.2], [-121.75527493469417, 46.85622132383287, 4189.08], [-121.7552409041673, 46.85612593777478, 4181.39], [-121.75528759136796, 46.85611772350967, 4183.31], [-121.75532564520836, 46.85608587227762, 4181.87], [-121.75540720112622, 46.85608210042119, 4187.16], [-121.75544491969049, 46.856059888377786, 4189.56], [-121.75544089637697, 46.85602719895542, 4193.89], [-121.7555221170187, 46.85600255616009, 4195.81], [-121.75556327216327, 46.8559639994055, 4199.66], [-121.75565999932587, 46.855937680229545, 4199.66], [-121.75570953637362, 46.85594195500016, 4203.02], [-121.75576468929648, 46.85590071603656, 4206.87], [-121.75583928823471, 46.85590624809265, 4210.23], [-121.75590273924172, 46.85587163083255, 4216.48], [-121.75593107007444, 46.8559021409601, 4223.21], [-121.75601572729647, 46.85586308129132, 4223.21], [-121.75606358796358, 46.855850173160434, 4228.02], [-121.7561230994761, 46.855853609740734, 4228.5], [-121.75617020577192, 46.85577523894608, 4225.61], [-121.7562314774841, 46.855776999145746, 4226.57], [-121.75628243945539, 46.85575512237847, 4226.09], [-121.75629970617592, 46.855685552582145, 4227.05], [-121.75630356185138, 46.85558647848666, 4227.53], [-121.75644345581532, 46.85563157312572, 4234.26], [-121.75647446885705, 46.8555982131511, 4239.55], [-121.75650422461331, 46.85561983846128, 4246.28], [-121.756543032825, 46.855620089918375, 4248.68], [-121.75659365952015, 46.85559846460819, 4246.76], [-121.75659843720496, 46.855488577857614, 4250.61], [-121.75671234726906, 46.85551816597581, 4255.89], [-121.75673539750278, 46.855489080771804, 4256.37], [-121.7568189650774, 46.85545479878783, 4260.22], [-121.75691703334451, 46.85538682155311, 4257.34], [-121.75691560842097, 46.85536762699485, 4260.22], [-121.75697344355285, 46.855337703600526, 4263.58], [-121.7570520658046, 46.855285819619894, 4265.99], [-121.75699171610177, 46.85531364753842, 4262.14], [-121.757050473243, 46.855331333354115, 4263.1], [-121.7570967413485, 46.8553355243057, 4271.27], [-121.75716371275485, 46.85527324676514, 4274.64], [-121.75723160617054, 46.85522471554577, 4273.68], [-121.75725373439491, 46.855127066373825, 4274.16], [-121.75728583708405, 46.85513377189636, 4273.2], [-121.7572457715869, 46.855188170447946, 4278.0], [-121.75730201415718, 46.85516386292875, 4278.0], [-121.7573541495949, 46.85512396506965, 4277.52], [-121.75741860643029, 46.85509840026498, 4281.37], [-121.75740050151944, 46.855041068047285, 4279.45], [-121.75750804133713, 46.85500854626298, 4283.77], [-121.75756998360157, 46.85495632700622, 4286.66], [-121.757608121261, 46.85494325123727, 4289.06], [-121.757668890059, 46.85489824041724, 4290.02], [-121.75768003799021, 46.8548383936286, 4292.42], [-121.75775036215782, 46.854747366160154, 4301.08], [-121.75779931247234, 46.85470822267234, 4303.0], [-121.75783510319889, 46.85469372197986, 4304.92], [-121.75783392973244, 46.854664301499724, 4305.88], [-121.75788212567568, 46.854638401418924, 4306.84], [-121.75793183036149, 46.854597330093384, 4310.21], [-121.75795597024262, 46.85456388629973, 4312.13], [-121.75803341902792, 46.854499597102404, 4317.42], [-121.7580727301538, 46.854455256834626, 4321.74], [-121.75815026275814, 46.854400439187884, 4324.63], [-121.75817985087633, 46.854369258508086, 4326.55], [-121.7582421284169, 46.85427353717387, 4331.36], [-121.75831915810704, 46.85423078946769, 4332.32], [-121.75849006511271, 46.85417655855417, 4338.57], [-121.75858830101788, 46.85413397848606, 4347.22], [-121.75866122357547, 46.85411528684199, 4351.06], [-121.75879281945527, 46.85403808951378, 4350.58], [-121.75884227268398, 46.85403758659959, 4351.06], [-121.75903539173305, 46.85393105261028, 4354.43], [-121.75916304811835, 46.85390431433916, 4356.83], [-121.75936480052769, 46.85383197851479, 4362.6], [-121.75946915522218, 46.85376978479326, 4367.41], [-121.75956630147994, 46.85370390303433, 4369.81], [-121.75963461399078, 46.85363366268575, 4372.21], [-121.75975506193936, 46.85342880897224, 4376.06], [-121.75997349433601, 46.85325991362333, 4381.35], [-121.75999822095037, 46.85323149897158, 4381.83], [-121.76011347211897, 46.853120774030685, 4383.27], [-121.76021958701313, 46.8530629388988, 4383.75], [-121.76032519899309, 46.852949280291796, 4383.27], [-121.76040013320744, 46.85292296111584, 4386.15], [-121.76053768023849, 46.852939473465085, 4388.08], [-121.76056483760476, 46.85295866802335, 4386.63], [-121.76058855839074, 46.852933187037706, 4383.75], [-121.76055100746453, 46.85291323810816, 4382.79], [-121.76049266941845, 46.85292849317193, 4380.87], [-121.76051521673799, 46.85289287008345, 4374.14], [-121.76048638299108, 46.85291072353721, 4377.98], [-121.7605263646692, 46.85290980152786, 4377.5], [-121.76052376627922, 46.852937461808324, 4372.69], [-121.76055268384516, 46.85291835106909, 4373.17], [-121.7604883108288, 46.85291835106909, 4374.62], [-121.76035135053098, 46.85293251648545, 4374.62], [-121.76037792116404, 46.852958081290126, 4377.5], [-121.76034062169492, 46.85297794640064, 4380.87], [-121.76029024645686, 46.852961014956236, 4380.87], [-121.76025269553065, 46.852968726307154, 4379.9], [-121.76013928838074, 46.85305413790047, 4378.46], [-121.76000760868192, 46.85322320088744, 4378.46], [-121.7599132284522, 46.85332470573485, 4378.94], [-121.75982630811632, 46.85340383090079, 4377.98], [-121.75973980687559, 46.853499971330166, 4376.06], [-121.75963427871466, 46.85365738347173, 4370.29], [-121.75954509526491, 46.85367909260094, 4365.96], [-121.75942976027727, 46.853584963828325, 4363.08], [-121.75938709639013, 46.8535552918911, 4363.08], [-121.75932314246893, 46.85361790470779, 4361.16], [-121.75929070450366, 46.853683618828654, 4358.75], [-121.75924058072269, 46.853747656568885, 4357.31], [-121.75921803340316, 46.85381236486137, 4356.83], [-121.75916623324156, 46.85385972261429, 4356.83], [-121.75909238867462, 46.85389685444534, 4355.39], [-121.75893765874207, 46.853966591879725, 4352.99], [-121.7588412668556, 46.85399710200727, 4349.62], [-121.75878862850368, 46.854040771722794, 4346.74], [-121.75868796184659, 46.85409382916987, 4345.3], [-121.75845326855779, 46.85417639091611, 4339.53], [-121.75834815949202, 46.85422592796385, 4334.72], [-121.75824464298785, 46.85426180250943, 4331.36], [-121.75818697549403, 46.85429826378822, 4328.95], [-121.75819418393075, 46.85432785190642, 4327.03], [-121.75817281007767, 46.85432785190642, 4327.99], [-121.75817834213376, 46.85435777530074, 4328.47], [-121.75810382701457, 46.854385854676366, 4326.07], [-121.75804398022592, 46.85442809946835, 4323.19], [-121.75800106488168, 46.8544462043792, 4320.78], [-121.75796871073544, 46.85447797179222, 4319.82], [-121.75785354338586, 46.85456916689873, 4314.53], [-121.75775388255715, 46.854622811079025, 4311.17], [-121.75772144459188, 46.85466002672911, 4308.29], [-121.75762832164764, 46.85471870005131, 4304.92], [-121.7575687263161, 46.854744516313076, 4303.0], [-121.75751231610775, 46.85477846302092, 4298.19], [-121.75750125199556, 46.854836298152804, 4296.75], [-121.75738784484565, 46.85492497868836, 4292.42], [-121.75733797252178, 46.854955572634935, 4289.54], [-121.75731098279357, 46.85498306527734, 4288.1], [-121.75731861032546, 46.85500309802592, 4286.66], [-121.7572508007288, 46.855063028633595, 4281.37], [-121.75722238607705, 46.85507610440254, 4280.41], [-121.75719095394015, 46.855112398043275, 4278.48], [-121.7569574341178, 46.85523075051606, 4271.76], [-121.75689758732915, 46.855265283957124, 4267.91], [-121.75678208470345, 46.855369973927736, 4265.99], [-121.75668166950345, 46.85542001388967, 4260.7], [-121.75666465424001, 46.855455888435245, 4259.26], [-121.7565737105906, 46.855486650019884, 4255.89], [-121.7564772348851, 46.8555670324713, 4251.09], [-121.75641906447709, 46.855588322505355, 4248.68], [-121.75636684522033, 46.8556272983551, 4247.72], [-121.75628688186407, 46.85567666776478, 4244.84], [-121.75617867149413, 46.85571908019483, 4240.99], [-121.75614036619663, 46.855742800980806, 4238.11], [-121.75611010752618, 46.85578311793506, 4234.74], [-121.75599100068212, 46.855830727145076, 4230.42], [-121.7559312377125, 46.85584086924791, 4227.53], [-121.7558019887656, 46.85587339103222, 4225.61], [-121.75565429963171, 46.855879509821534, 4223.69], [-121.75558355636895, 46.85591798275709, 4220.33], [-121.75546763464808, 46.855940194800496, 4216.0], [-121.75544609315693, 46.85595595277846, 4214.08], [-121.75537568517029, 46.85597749426961, 4211.67], [-121.75534224137664, 46.85600339435041, 4208.79], [-121.75529102794826, 46.856013955548406, 4205.91], [-121.75524685531855, 46.856002639979124, 4203.98], [-121.7552025988698, 46.856041280552745, 4202.54], [-121.75522154197097, 46.85606198385358, 4202.06], [-121.75517921335995, 46.85607673600316, 4201.1], [-121.75512347370386, 46.856114035472274, 4196.77], [-121.75509296357632, 46.856115544214845, 4195.81], [-121.75503035075963, 46.8561471439898, 4190.52], [-121.75505516119301, 46.856160974130034, 4188.12], [-121.75499388948083, 46.85618947260082, 4183.79], [-121.75494829192758, 46.85622610151768, 4179.95], [-121.75493211485445, 46.85625619255006, 4179.95], [-121.75492205657065, 46.85632190667093, 4174.18], [-121.75495424307883, 46.85637320391834, 4173.22], [-121.7548915464431, 46.85641033574939, 4172.74], [-121.7548553366214, 46.85644268989563, 4171.3], [-121.75480521284044, 46.85647043399513, 4169.86], [-121.75477822311223, 46.856501027941704, 4166.49], [-121.75475265830755, 46.856509326025844, 4164.09], [-121.7547136824578, 46.8565617967397, 4160.24], [-121.7547084018588, 46.85659599490464, 4156.88], [-121.7546811606735, 46.8566289357841, 4155.44], [-121.75460547208786, 46.85667419806123, 4149.67], [-121.75465006381273, 46.856727842241526, 4145.82], [-121.75465450622141, 46.85674745589495, 4142.94], [-121.7545255087316, 46.85679238289595, 4140.54], [-121.75447546876967, 46.85682632960379, 4135.25], [-121.75442148931324, 46.85684736818075, 4132.85], [-121.75435082986951, 46.85688458383083, 4128.04], [-121.75434169359505, 46.856909645721316, 4127.08], [-121.75431394949555, 46.85691375285387, 4124.19], [-121.75422853790224, 46.856947699561715, 4121.31], [-121.75416248850524, 46.8569587636739, 4118.91], [-121.7540971096605, 46.85697955079377, 4115.54], [-121.75406701862812, 46.85697485692799, 4114.58], [-121.75403793342412, 46.85700109228492, 4108.81], [-121.75395704805851, 46.85703344643116, 4101.6], [-121.7539382725954, 46.857066387310624, 4100.64], [-121.75382318906486, 46.85711684636772, 4093.91], [-121.75377524457872, 46.857153475284576, 4090.55], [-121.75380818545818, 46.857139728963375, 4091.03], [-121.75383869558573, 46.85714744031429, 4084.78], [-121.75379619933665, 46.857192032039165, 4099.2], [-121.75381522625685, 46.85723871923983, 4091.51], [-121.75382235087454, 46.857203179970384, 4092.47], [-121.75375613383949, 46.85719412751496, 4091.51], [-121.7536742426455, 46.85721172951162, 4087.18], [-121.75364188849926, 46.857258416712284, 4081.9], [-121.75363057292998, 46.85732019133866, 4078.53], [-121.75365471281111, 46.85732815414667, 4075.65], [-121.75366569310427, 46.85736092738807, 4074.69], [-121.7536314111203, 46.85739420354366, 4073.24], [-121.75359704531729, 46.85746771283448, 4066.03], [-121.75360626541078, 46.85751364566386, 4065.55], [-121.7535848915577, 46.857603499665856, 4056.9], [-121.75356754101813, 46.85762805864215, 4054.98], [-121.75356963649392, 46.85768614523113, 4053.06], [-121.75355287268758, 46.8577066808939, 4051.61], [-121.75355488434434, 46.85777482576668, 4044.88], [-121.7535278107971, 46.857797456905246, 4043.44], [-121.75355480052531, 46.8578412104398, 4041.52], [-121.7534035909921, 46.857901057228446, 4036.23], [-121.75341331399977, 46.857922011986375, 4034.79], [-121.75330183468759, 46.85797314159572, 4027.1], [-121.75331197679043, 46.8579915817827, 4029.02], [-121.7532820533961, 46.85806500725448, 4026.62], [-121.75333997234702, 46.858067186549306, 4023.74], [-121.75329881720245, 46.85808244161308, 4020.85], [-121.7532875854522, 46.85812502168119, 4018.93], [-121.75331675447524, 46.858179084956646, 4014.6], [-121.75331365317106, 46.85822116211057, 4012.2], [-121.75332656130195, 46.858333479613066, 4004.51], [-121.75332480110228, 46.85836457647383, 4003.07], [-121.75334550440311, 46.85838988982141, 4001.14], [-121.7533668782562, 46.858457615599036, 3995.86], [-121.75336101092398, 46.85847739689052, 3994.9], [-121.75339872948825, 46.858566999435425, 3984.8], [-121.75336201675236, 46.85861268080771, 3981.92], [-121.75335891544819, 46.858656853437424, 3980.0], [-121.75337752327323, 46.85866691172123, 3978.55], [-121.75333301536739, 46.8586805742234, 3976.15], [-121.75335271283984, 46.85870907269418, 3977.59], [-121.75334181636572, 46.85875399969518, 3977.11], [-121.75331071950495, 46.85877084732056, 3974.71], [-121.75331407226622, 46.85879356227815, 3971.34], [-121.75329839810729, 46.85885114595294, 3969.9], [-121.75332798622549, 46.85886573046446, 3969.42], [-121.75330644473433, 46.858918787911534, 3965.1], [-121.75326126627624, 46.858931947499514, 3964.13], [-121.75326738506556, 46.858978383243084, 3961.73], [-121.75317929126322, 46.85906656086445, 3952.12], [-121.75313855521381, 46.859044432640076, 3947.31], [-121.75308683887124, 46.8590949755162, 3946.83], [-121.75302078947425, 46.859115762636065, 3945.87], [-121.75299312919378, 46.859170915558934, 3942.02], [-121.7529524769634, 46.85916094109416, 3939.62], [-121.75293571315706, 46.85920578427613, 3941.54], [-121.75289187580347, 46.85924299992621, 3942.98], [-121.75282917916775, 46.85928013175726, 3942.5], [-121.75285935401917, 46.85934760607779, 3935.29], [-121.75279137678444, 46.85938364826143, 3930.49], [-121.75272717140615, 46.85946478508413, 3923.76], [-121.75268869847059, 46.859491942450404, 3921.84], [-121.75261376425624, 46.85951222665608, 3916.55], [-121.75257881172001, 46.859505185857415, 3911.74], [-121.75257076509297, 46.859520860016346, 3910.78], [-121.75251645036042, 46.859536953270435, 3908.86], [-121.75249088555574, 46.859521782025695, 3908.38], [-121.75243204459548, 46.85951817780733, 3909.82], [-121.75237311981618, 46.85954097658396, 3907.42], [-121.75233917310834, 46.85957961715758, 3906.94], [-121.75229743123055, 46.859555561095476, 3914.15], [-121.75229273736477, 46.85957785695791, 3912.22], [-121.75223641097546, 46.85960861854255, 3905.97], [-121.75214672461152, 46.85967483557761, 3895.88], [-121.75205754116178, 46.859709369018674, 3886.75], [-121.75193851813674, 46.85976636596024, 3883.38], [-121.75185654312372, 46.8598114605993, 3877.62], [-121.75181379541755, 46.85984155163169, 3874.25], [-121.75170457921922, 46.859887735918164, 3868.48], [-121.75166082568467, 46.85989351943135, 3867.04], [-121.75163517706096, 46.85991011559963, 3863.68], [-121.75150634720922, 46.859948420897126, 3862.71], [-121.75146502442658, 46.85997758992016, 3859.83], [-121.75143057480454, 46.86001455411315, 3858.87], [-121.75138925202191, 46.860043220221996, 3856.95], [-121.75125028006732, 46.86010088771582, 3852.62], [-121.75112371332943, 46.8601344153285, 3848.29], [-121.75106453709304, 46.86013768427074, 3845.41], [-121.7510134074837, 46.860150676220655, 3843.97], [-121.75094182603061, 46.860156962648034, 3842.05], [-121.75089539028704, 46.86017146334052, 3841.08], [-121.75087057985365, 46.86019551940262, 3838.68], [-121.7508096434176, 46.860202895477414, 3836.28], [-121.7507834918797, 46.860227789729834, 3834.84], [-121.7507280036807, 46.860254192724824, 3832.91], [-121.75069355405867, 46.86028344556689, 3829.55], [-121.75059598870575, 46.86030582524836, 3825.22], [-121.75053538754582, 46.86034387908876, 3821.38], [-121.75051636062562, 46.860341699793935, 3820.42], [-121.75041225738823, 46.86038880608976, 3817.05], [-121.75024738535285, 46.860434487462044, 3809.84], [-121.75019751302898, 46.86045980080962, 3805.52], [-121.75013850443065, 46.86047094874084, 3804.07], [-121.75010439008474, 46.8604867067188, 3803.59], [-121.7501119337976, 46.86052358709276, 3798.31], [-121.75006985664368, 46.86056901700795, 3794.46], [-121.750054853037, 46.860643615946174, 3792.06], [-121.75007639452815, 46.86069340445101, 3787.73], [-121.75010816194117, 46.86073338612914, 3785.33], [-121.75017102621496, 46.86083388514817, 3782.93], [-121.75024428404868, 46.86091057956219, 3779.56], [-121.75025291740894, 46.86099146492779, 3776.68], [-121.750194914639, 46.86099481768906, 3774.27], [-121.75014244392514, 46.86098149046302, 3773.79], [-121.75008921884, 46.860980819910765, 3774.27], [-121.75006558187306, 46.861007642000914, 3773.31], [-121.75001629628241, 46.86099724844098, 3771.39], [-121.74997698515654, 46.86101669445634, 3768.99], [-121.74994890578091, 46.86105583794415, 3766.58], [-121.7499602213502, 46.86111836694181, 3763.22], [-121.7499670945108, 46.86121526174247, 3756.49], [-121.74998595379293, 46.86126261949539, 3751.2], [-121.74998712725937, 46.8613070435822, 3749.28], [-121.75000087358057, 46.861341493204236, 3747.84], [-121.75003180280328, 46.86137879267335, 3745.91], [-121.75005594268441, 46.86136957257986, 3749.76], [-121.75011930987239, 46.86146152205765, 3744.47], [-121.75015065819025, 46.86149421148002, 3742.07], [-121.7501708585769, 46.861556405201554, 3739.19], [-121.75021125935018, 46.86161516234279, 3733.42], [-121.75017714500427, 46.861660005524755, 3732.46], [-121.75012098625302, 46.86167249456048, 3730.53], [-121.75006533041596, 46.861646845936775, 3729.09], [-121.75000380724669, 46.861655144020915, 3727.17], [-121.7499475646764, 46.86167450621724, 3725.25], [-121.74971010535955, 46.861726474016905, 3719.96], [-121.74964296631515, 46.861746506765485, 3717.56], [-121.74937809817493, 46.86173611320555, 3707.46], [-121.74925086088479, 46.86170216649771, 3704.58], [-121.74916335381567, 46.86166377738118, 3703.62], [-121.7490910179913, 46.86165296472609, 3702.66], [-121.74902329221368, 46.86163092032075, 3702.17], [-121.74890192225575, 46.86162555590272, 3700.25], [-121.74868868663907, 46.861636536195874, 3691.6], [-121.7485627066344, 46.861631590873, 3687.27], [-121.74850671552122, 46.86163636855781, 3685.83], [-121.74837402999401, 46.86163628473878, 3680.06], [-121.74830596894026, 46.861630752682686, 3678.62], [-121.74821829423308, 46.86163351871073, 3676.7], [-121.74819700419903, 46.861624298617244, 3674.78], [-121.74810949712992, 46.861622957512736, 3672.85], [-121.74807940609753, 46.8616146594286, 3670.45], [-121.74797102808952, 46.861631255596876, 3666.12], [-121.7479498218745, 46.86161633580923, 3664.2], [-121.7478443775326, 46.861624382436275, 3660.84], [-121.74773767590523, 46.86160124838352, 3658.92], [-121.74761504866183, 46.86159077100456, 3658.43], [-121.74754304811358, 46.86157434247434, 3656.03], [-121.74745210446417, 46.86157149262726, 3655.07], [-121.7473956104368, 46.86157710850239, 3652.67], [-121.74725219607353, 46.861561266705394, 3649.78], [-121.74717323854566, 46.86156730167568, 3645.46], [-121.74713375978172, 46.86155506409705, 3643.53], [-121.74704801291227, 46.86155196279287, 3641.13], [-121.7468828894198, 46.86153913848102, 3632.48], [-121.7467118985951, 46.861536875367165, 3626.23], [-121.74659916199744, 46.86152589507401, 3622.87], [-121.74640973098576, 46.86152748763561, 3616.14], [-121.74618802964687, 46.8615472689271, 3609.41], [-121.74600413069129, 46.86152874492109, 3602.2], [-121.74593950621784, 46.861531008034945, 3599.79], [-121.74577362835407, 46.861521201208234, 3594.03], [-121.74569156952202, 46.86151960864663, 3591.62], [-121.74558721482754, 46.86150820925832, 3588.74], [-121.74543986096978, 46.86148054897785, 3583.45], [-121.74538110382855, 46.8614883441478, 3581.05], [-121.74523953348398, 46.861489433795214, 3576.24], [-121.7450852226466, 46.86148524284363, 3569.99], [-121.74501741304994, 46.86147652566433, 3566.63], [-121.74493317492306, 46.86148197390139, 3562.3], [-121.7447789479047, 46.86147174797952, 3554.13], [-121.74470770172775, 46.86148138716817, 3550.29], [-121.7445907741785, 46.86148775741458, 3544.04], [-121.74446688964963, 46.861521787941456, 3537.31], [-121.7443856690079, 46.861528158187866, 3534.9], [-121.74422708339989, 46.861549112945795, 3528.18], [-121.7440679948777, 46.86157677322626, 3523.37], [-121.74382282420993, 46.861591609194875, 3514.24], [-121.74372131936252, 46.86157233081758, 3512.31], [-121.74358787946403, 46.86158515512943, 3507.99], [-121.7434892244637, 46.861582892015576, 3503.18], [-121.74334036186337, 46.861530002206564, 3495.97], [-121.74322192557156, 46.861511059105396, 3494.53], [-121.74310935661197, 46.86150452122092, 3494.05], [-121.74302000552416, 46.86151030473411, 3493.09], [-121.74283342435956, 46.861533438786864, 3487.8], [-121.74277081154287, 46.86156512238085, 3484.44], [-121.7427399661392, 46.86159026809037, 3480.59], [-121.74267617985606, 46.86160694807768, 3477.23], [-121.74259043298662, 46.861601835116744, 3475.3], [-121.74240728840232, 46.86157149262726, 3470.98], [-121.7423216253519, 46.86153821647167, 3468.09], [-121.74223269335926, 46.861526146531105, 3466.17], [-121.74213655292988, 46.86151969246566, 3463.29], [-121.74201945774257, 46.861517345532775, 3459.44], [-121.74185265786946, 46.86152589507401, 3453.67], [-121.74169910140336, 46.861509466543794, 3449.83], [-121.74162332899868, 46.861533438786864, 3446.46], [-121.74149692989886, 46.86158783733845, 3439.73], [-121.74137145280838, 46.86165153980255, 3433.01], [-121.741325519979, 46.86168766580522, 3429.64], [-121.74124195240438, 46.861716248095036, 3426.76], [-121.74118302762508, 46.861743573099375, 3423.39], [-121.74099317751825, 46.861819261685014, 3414.74], [-121.74082905985415, 46.861908277496696, 3405.13], [-121.74071900546551, 46.86199461109936, 3396.96], [-121.74067516811192, 46.862005926668644, 3395.51], [-121.74053988419473, 46.86206099577248, 3392.15], [-121.74047023057938, 46.86210500076413, 3388.78], [-121.74040451645851, 46.86213366687298, 3384.94], [-121.74033536575735, 46.86217683367431, 3382.06], [-121.74009941518307, 46.862270878627896, 3372.44], [-121.73998173326254, 46.8623329885304, 3366.19], [-121.73998357728124, 46.8623483274132, 3363.79], [-121.73991082236171, 46.86236182227731, 3361.87], [-121.73983261920512, 46.86241622082889, 3360.91], [-121.73958401195705, 46.86252015642822, 3348.41], [-121.73950430005789, 46.86253298074007, 3345.52], [-121.73944378271699, 46.862556701526046, 3342.16], [-121.73935418017209, 46.862602550536394, 3339.28], [-121.73928888514638, 46.86261344701052, 3336.87], [-121.73915611580014, 46.86268553137779, 3330.14], [-121.73909677192569, 46.86270070262253, 3328.22], [-121.73905058763921, 46.862729620188475, 3323.42], [-121.73898034729064, 46.86274403706193, 3321.01], [-121.73886517994106, 46.86279240064323, 3314.28], [-121.73879167065024, 46.86282894574106, 3310.92], [-121.73861196264625, 46.86288493685424, 3304.19], [-121.73847667872906, 46.862974371761084, 3296.5], [-121.73828423023224, 46.86312750913203, 3284.48], [-121.7381860781461, 46.86318492516875, 3279.67], [-121.73811969347298, 46.863230019807816, 3275.83], [-121.73803025856614, 46.86327360570431, 3272.46], [-121.73791852779686, 46.86334962956607, 3265.26], [-121.73776245675981, 46.863443087786436, 3259.01], [-121.73763597384095, 46.86352590098977, 3251.32], [-121.73746808432043, 46.863649282604456, 3243.14], [-121.73735149204731, 46.863688258454204, 3238.82], [-121.73718133941293, 46.86378289014101, 3233.53], [-121.73713213764131, 46.86393150128424, 3222.96], [-121.73704429529607, 46.86406594701111, 3216.23], [-121.73697858117521, 46.86413208022714, 3212.86], [-121.73689962364733, 46.8641787674278, 3209.5], [-121.73672494478524, 46.864259066060185, 3202.77], [-121.73660734668374, 46.864325534552336, 3197.0], [-121.7364817019552, 46.86435059644282, 3194.6], [-121.73632881604135, 46.864424189552665, 3187.39], [-121.73623493872583, 46.86448026448488, 3183.54], [-121.73619638197124, 46.86451789923012, 3179.7], [-121.73610200174153, 46.86456316150725, 3176.33], [-121.73606327734888, 46.8645899835974, 3172.49], [-121.73597501590848, 46.86463373713195, 3169.12], [-121.73591969534755, 46.864678747951984, 3165.76], [-121.73576597124338, 46.86476558446884, 3158.07], [-121.7357285041362, 46.86480280011892, 3155.18], [-121.73561719246209, 46.86485996469855, 3151.82], [-121.73556162044406, 46.864901036024094, 3147.97], [-121.73546749167144, 46.86495987698436, 3143.65], [-121.73541502095759, 46.865012934431434, 3139.32], [-121.73534964211285, 46.865045707672834, 3135.48], [-121.73530831933022, 46.86511636711657, 3129.71], [-121.73524964600801, 46.86514159664512, 3127.79], [-121.735186195001, 46.86520865187049, 3122.98], [-121.73511997796595, 46.86529481783509, 3116.73], [-121.73505317419767, 46.86534930020571, 3112.41], [-121.73504060134292, 46.865396574139595, 3109.52], [-121.73499600961804, 46.86545382253826, 3106.16], [-121.73509030602872, 46.86550780199468, 3103.27], [-121.73515417613089, 46.865533869713545, 3101.83], [-121.73528250306845, 46.86564736068249, 3099.43], [-121.7355094011873, 46.86578683555126, 3096.54], [-121.735635465011, 46.86587425880134, 3095.1], [-121.73571467399597, 46.86594014056027, 3094.14], [-121.73578365705907, 46.86602865345776, 3093.18], [-121.73583336174488, 46.8661320861429, 3091.26], [-121.73581156879663, 46.86619654297829, 3089.33], [-121.73572833649814, 46.866283882409334, 3085.49], [-121.73551568761468, 46.86655880883336, 3072.99], [-121.73541300930083, 46.86662804335356, 3070.11], [-121.73533547669649, 46.86668981797993, 3067.7], [-121.73521335236728, 46.86677766032517, 3063.38], [-121.73513473011553, 46.86687866225839, 3058.09], [-121.73511109314859, 46.86698963865638, 3051.84], [-121.73502895049751, 46.86710958369076, 3044.63], [-121.73499818891287, 46.86719533056021, 3037.42], [-121.735017048195, 46.867265151813626, 3028.29], [-121.73487438820302, 46.867402363568544, 3020.6], [-121.73476458527148, 46.867524990811944, 3014.35], [-121.73465335741639, 46.86762892641127, 3008.1], [-121.73455629497766, 46.867742920294404, 3002.33], [-121.73444691114128, 46.867895973846316, 2995.6], [-121.73439661972225, 46.86795489862561, 2993.2], [-121.73430257476866, 46.8680970557034, 2986.95], [-121.73421146348119, 46.868211133405566, 2981.19], [-121.73416812904179, 46.868278440088034, 2977.82], [-121.73411473631859, 46.86826419085264, 2976.38], [-121.73389353789389, 46.86968877911568, 2936.0], [-121.73381441272795, 46.869723396375775, 2935.52], [-121.73361551016569, 46.869913917034864, 2930.24], [-121.7334236484021, 46.87007593922317, 2922.06], [-121.73334787599742, 46.87015657313168, 2917.26], [-121.73323933035135, 46.87025615014136, 2911.97], [-121.73306892625988, 46.87035212293267, 2901.88], [-121.73296105116606, 46.870436277240515, 2899.95], [-121.73285610973835, 46.87053778208792, 2898.03], [-121.73276097513735, 46.870581367984414, 2895.63], [-121.73265947028995, 46.87061296775937, 2894.67], [-121.73260339535773, 46.870623948052526, 2893.23], [-121.73254296183586, 46.87060860916972, 2892.74], [-121.73249023966491, 46.870585810393095, 2892.26], [-121.73253474757075, 46.87061632052064, 2895.63], [-121.73255427740514, 46.87055580317974, 2892.26], [-121.73256173729897, 46.870505679398775, 2891.3], [-121.73253893852234, 46.87042839825153, 2891.3], [-121.73250918276608, 46.870410377159715, 2889.86], [-121.73245210200548, 46.870282888412476, 2890.34], [-121.73240667209029, 46.87021063640714, 2890.34], [-121.73235478810966, 46.870151879265904, 2890.34], [-121.73229686915874, 46.87006864696741, 2889.38], [-121.73214918002486, 46.86994409188628, 2890.82], [-121.73200383782387, 46.869882652536035, 2887.94], [-121.73187911510468, 46.86981459148228, 2885.53], [-121.73177970573306, 46.86977486126125, 2884.09], [-121.73166923224926, 46.86969422735274, 2882.17], [-121.73157686367631, 46.86963513493538, 2880.73], [-121.73145867884159, 46.86960739083588, 2878.32], [-121.73136052675545, 46.86956983990967, 2876.4], [-121.73124611377716, 46.86953849159181, 2874.0], [-121.73112566582859, 46.86951611191034, 2871.6], [-121.73106472939253, 46.869523487985134, 2870.15], [-121.73094076104462, 46.86951854266226, 2868.23], [-121.73085258342326, 46.86954050324857, 2864.39], [-121.7305379267782, 46.869584675878286, 2854.77], [-121.73042410053313, 46.86961568892002, 2850.93], [-121.73022142611444, 46.869657430797815, 2842.76], [-121.73009804449975, 46.86967050656676, 2836.99], [-121.73000123351812, 46.8697118293494, 2832.66], [-121.72988682053983, 46.86974368058145, 2828.34], [-121.72976989299059, 46.869796654209495, 2824.97], [-121.72965975478292, 46.86983856372535, 2821.61], [-121.72953612171113, 46.86986303888261, 2817.76], [-121.72941768541932, 46.869929088279605, 2813.44], [-121.72931383363903, 46.86999790370464, 2809.59], [-121.72923454083502, 46.8700694013387, 2805.75], [-121.729134041816, 46.870172414928675, 2801.9], [-121.72902775928378, 46.8703075312078, 2797.57], [-121.72892876900733, 46.87041708268225, 2793.25], [-121.72880446538329, 46.87053811736405, 2789.88], [-121.72872274182737, 46.870652195066214, 2786.52], [-121.72857211902738, 46.870818911120296, 2780.75], [-121.72841780818999, 46.87102887779474, 2775.94], [-121.72836089506745, 46.87112753279507, 2774.02], [-121.72832007519901, 46.871160389855504, 2773.06], [-121.7282531876117, 46.871258709579706, 2771.14], [-121.72811605967581, 46.8712919857353, 2768.25], [-121.72794993035495, 46.87142106704414, 2766.81], [-121.7278615012765, 46.871501952409744, 2763.45], [-121.72775002196431, 46.871567917987704, 2762.0], [-121.72773191705346, 46.871569929644465, 2761.52], [-121.72754659317434, 46.871714601293206, 2759.6], [-121.72745221294463, 46.87176967039704, 2759.6], [-121.72739538364112, 46.871843598783016, 2760.56], [-121.72733092680573, 46.871905121952295, 2762.0], [-121.72729572281241, 46.87203059904277, 2763.93], [-121.72721022740006, 46.872091786935925, 2767.77], [-121.72718650661409, 46.872135289013386, 2769.7], [-121.72712481580675, 46.87212958931923, 2770.18], [-121.72707469202578, 46.872190944850445, 2774.5], [-121.7270168568939, 46.87229236587882, 2776.42], [-121.72684150747955, 46.87233477830887, 2776.91], [-121.72682893462479, 46.87236629426479, 2777.39], [-121.72673597931862, 46.872408874332905, 2780.75], [-121.72667076811194, 46.87241775915027, 2784.12], [-121.7266384139657, 46.87247760593891, 2785.56], [-121.7266159504652, 46.872491016983986, 2785.56], [-121.72658770345151, 46.87253904528916, 2786.04], [-121.72638863325119, 46.87262009829283, 2787.96], [-121.72629626467824, 46.87265052460134, 2786.52], [-121.72620750032365, 46.87268824316561, 2783.63], [-121.72621621750295, 46.872743647545576, 2780.27], [-121.72611068934202, 46.872794860973954, 2781.71], [-121.72601295635104, 46.87282067723572, 2784.12], [-121.72600138932467, 46.872856887057424, 2785.08], [-121.72592570073903, 46.872973730787635, 2789.4], [-121.725965263322, 46.87297750264406, 2792.29], [-121.72597599215806, 46.87300331890583, 2790.84], [-121.72598881646991, 46.87308789230883, 2789.4], [-121.7260702047497, 46.873191660270095, 2788.44], [-121.72609677538276, 46.87321135774255, 2787.96], [-121.7261650878936, 46.87324119731784, 2788.44], [-121.72619936987758, 46.87329148873687, 2787.48], [-121.72623834572732, 46.87332007102668, 2785.08], [-121.72618738375604, 46.87337891198695, 2781.71], [-121.72621755860746, 46.87362525612116, 2772.1], [-121.72623683698475, 46.87370387837291, 2768.25], [-121.72621110454202, 46.87385022640228, 2758.64], [-121.7261515930295, 46.87390185892582, 2756.72], [-121.72613139264286, 46.873860536143184, 2758.16], [-121.72612745314837, 46.87390328384936, 2757.2], [-121.72609585337341, 46.87406312674284, 2751.43], [-121.72610088251531, 46.874144431203604, 2747.59], [-121.7260966077447, 46.87418567016721, 2745.66], [-121.72605922445655, 46.87426404096186, 2741.82], [-121.72609836794436, 46.87428206205368, 2743.74], [-121.72606643289328, 46.874286253005266, 2743.26], [-121.72605528496206, 46.87433830462396, 2740.38], [-121.72604715451598, 46.874451795592904, 2736.05], [-121.72594590112567, 46.87464449554682, 2725.48], [-121.72589778900146, 46.874744072556496, 2719.23], [-121.72587314620614, 46.87475639395416, 2719.23], [-121.72586895525455, 46.874838871881366, 2717.78], [-121.72581581398845, 46.87493442557752, 2713.94], [-121.72573367133737, 46.875103656202555, 2705.29], [-121.7256993893534, 46.875193594023585, 2700.96], [-121.72564985230565, 46.87530574388802, 2694.71], [-121.72558397054672, 46.87536248937249, 2686.06], [-121.72543653286994, 46.87543046660721, 2680.77], [-121.72544365748763, 46.87548310495913, 2677.89], [-121.72550551593304, 46.87552702613175, 2676.93], [-121.72561540268362, 46.87557723373175, 2675.97], [-121.72569779679179, 46.87558377161622, 2676.93], [-121.7256026621908, 46.875785775482655, 2668.76], [-121.72544801607728, 46.87606606632471, 2654.34], [-121.72525783069432, 46.87623814679682, 2643.28], [-121.72519882209599, 46.876326240599155, 2638.96], [-121.7251295875758, 46.876450879499316, 2632.71], [-121.72492247074842, 46.876670653000474, 2619.73], [-121.72473974525928, 46.87684684060514, 2609.16], [-121.72455651685596, 46.877033757045865, 2598.58], [-121.72449633479118, 46.87707449309528, 2593.29], [-121.72438804060221, 46.87708740122616, 2591.85], [-121.72434529289603, 46.87715521082282, 2593.29], [-121.72429734840989, 46.8771961145103, 2590.41], [-121.72420657239854, 46.8772460706532, 2586.56], [-121.72424018383026, 46.87729745171964, 2583.68], [-121.72427714802325, 46.87728010118008, 2583.68], [-121.7242349870503, 46.87738688662648, 2579.35], [-121.7240893933922, 46.87768771313131, 2562.05], [-121.72407262958586, 46.877737333998084, 2558.21], [-121.7238446418196, 46.87799323350191, 2542.34], [-121.72380122356117, 46.878051571547985, 2538.5], [-121.72373676672578, 46.8781544174999, 2530.81], [-121.72360634431243, 46.878315852954984, 2519.75], [-121.72347935847938, 46.87849505804479, 2509.66], [-121.72341800294816, 46.87856446020305, 2505.81], [-121.72332211397588, 46.87870527617633, 2496.68], [-121.72314475290477, 46.878834860399365, 2482.26], [-121.72300226055086, 46.87898363918066, 2469.28], [-121.72297610901296, 46.87900274991989, 2467.84], [-121.7227861750871, 46.879191510379314, 2456.31], [-121.72272624447942, 46.87927859835327, 2451.5], [-121.72247763723135, 46.8795324023813, 2440.92], [-121.72236079350114, 46.87979710288346, 2435.64], [-121.72232357785106, 46.8799935746938, 2435.16], [-121.72225124202669, 46.88026783056557, 2434.2], [-121.72218636609614, 46.880544098094106, 2434.2], [-121.72214588150382, 46.88073344528675, 2433.71], [-121.72195636667311, 46.88099630177021, 2431.79], [-121.72191822901368, 46.881017088890076, 2431.31], [-121.72177858650684, 46.88116720877588, 2428.43], [-121.72157071530819, 46.88153819181025, 2427.47], [-121.72142780385911, 46.88171764835715, 2427.95], [-121.7213595751673, 46.881672805175185, 2423.14], [-121.72127583995461, 46.881627375259995, 2411.6], [-121.72126611694694, 46.881536012515426, 2399.11], [-121.72124340198934, 46.881430987268686, 2393.34], [-121.72117576003075, 46.88137482851744, 2377.0], [-121.7210984788835, 46.88153240829706, 2373.63], [-121.72101524658501, 46.881674733012915, 2373.15], [-121.7209626082331, 46.88175218179822, 2371.23], [-121.720822295174, 46.88190565444529, 2364.5], [-121.72074912115932, 46.88206776045263, 2361.14], [-121.7206792999059, 46.88217638991773, 2358.25], [-121.72055516391993, 46.88238920643926, 2350.08], [-121.72045206651092, 46.88251250423491, 2340.47], [-121.72038350254297, 46.882627587765455, 2332.3], [-121.72028283588588, 46.88285515643656, 2318.36], [-121.72017370350659, 46.882986752316356, 2303.94], [-121.72005459666252, 46.883086832240224, 2299.61], [-121.7198314704001, 46.88330610282719, 2297.69], [-121.71976584009826, 46.88343099318445, 2296.73], [-121.7195050790906, 46.88368773087859, 2282.79], [-121.71939577907324, 46.88377951271832, 2267.89], [-121.71925764530897, 46.883850675076246, 2259.24], [-121.71901633031666, 46.883995262905955, 2246.74], [-121.7190232872963, 46.884110514074564, 2244.82], [-121.71905153430998, 46.884073466062546, 2243.85], [-121.71892748214304, 46.88399635255337, 2232.8], [-121.71884424984455, 46.883754869922996, 2205.4], [-121.71898565255105, 46.88383340835571, 2196.27], [-121.71900845132768, 46.883765598759055, 2190.98], [-121.71906653791666, 46.88377322629094, 2183.77], [-121.7190713994205, 46.883739028126, 2178.0], [-121.71911993063986, 46.88377993181348, 2176.08], [-121.71915404498577, 46.883783619850874, 2175.6], [-121.71901867724955, 46.88384899869561, 2172.24], [-121.71895824372768, 46.883883783593774, 2170.79], [-121.71885154210031, 46.88397732563317, 2167.43], [-121.71879278495908, 46.88400590792298, 2164.06], [-121.71879580244422, 46.884093414992094, 2155.41], [-121.71883813105524, 46.88408679328859, 2154.93], [-121.7187481932342, 46.884156530722976, 2152.05], [-121.71868574805558, 46.88419768586755, 2150.61], [-121.71864400617778, 46.884235152974725, 2149.16], [-121.71863461844623, 46.88426407054067, 2147.72], [-121.71855038031936, 46.88436691649258, 2143.88], [-121.71853470616043, 46.88440195284784, 2142.44], [-121.71848718076944, 46.88445618376136, 2140.51], [-121.71843253076077, 46.88450479879975, 2138.11], [-121.7183031141758, 46.8845678307116, 2136.67], [-121.71820990741253, 46.88464645296335, 2132.82], [-121.71822524629533, 46.884650979191065, 2132.34], [-121.71820923686028, 46.88469137996435, 2130.9], [-121.71816296875477, 46.884749215096235, 2127.05], [-121.7181281838566, 46.88469900749624, 2126.57], [-121.71807722188532, 46.884683668613434, 2126.09], [-121.71801703982055, 46.88472457230091, 2125.61], [-121.71786951832473, 46.88488198444247, 2116.0], [-121.71785862185061, 46.884940238669515, 2110.23], [-121.71778318472207, 46.88499773852527, 2108.31], [-121.71766147948802, 46.885080048814416, 2103.5], [-121.71744363382459, 46.88521809875965, 2095.33], [-121.7170821223408, 46.88539093360305, 2082.83], [-121.7169526219368, 46.88546628691256, 2075.14], [-121.71671851538122, 46.88561908900738, 2066.97], [-121.71669353730977, 46.88564155250788, 2069.38], [-121.71670686453581, 46.88565052114427, 2069.38], [-121.71667719259858, 46.885677594691515, 2068.41], [-121.71661784872413, 46.88576837070286, 2066.49], [-121.7165260668844, 46.885932656005025, 2059.76], [-121.71642204746604, 46.8862137850374, 2052.55], [-121.71634376049042, 46.88639768399298, 2044.86], [-121.71632984653115, 46.88640740700066, 2044.38], [-121.71629757620394, 46.88647421076894, 2042.46], [-121.71621115878224, 46.88657362014055, 2041.02], [-121.71618894673884, 46.88664712943137, 2041.5], [-121.7161584366113, 46.88659558072686, 2041.5], [-121.71609305776656, 46.886659702286124, 2037.65], [-121.71601443551481, 46.88672256655991, 2036.21], [-121.71600529924035, 46.886791717261076, 2035.73], [-121.71595006249845, 46.88693915493786, 2031.4], [-121.71589432284236, 46.88702892512083, 2029.48], [-121.71581787988544, 46.88718097284436, 2028.04], [-121.7157297860831, 46.88733343966305, 2024.67], [-121.71563607640564, 46.88746964558959, 2022.75], [-121.71562811359763, 46.88753133639693, 2023.71], [-121.71560263261199, 46.88758975826204, 2023.23], [-121.71557002700865, 46.88762420788407, 2022.75], [-121.71553540974855, 46.887714648619294, 2023.23], [-121.7154586315155, 46.88776133581996, 2020.35], [-121.71535595320165, 46.88785856589675, 2020.35], [-121.71531152911484, 46.88788061030209, 2019.39], [-121.71526249498129, 46.88795914873481, 2018.91], [-121.71519896015525, 46.88808470964432, 2019.87], [-121.7151443939656, 46.8881150521338, 2019.87], [-121.7150685377419, 46.88812913373113, 2019.39], [-121.71499469317496, 46.88815075904131, 2018.43], [-121.71493995934725, 46.88819903880358, 2017.94], [-121.71489268541336, 46.88822175376117, 2018.43], [-121.71483149752021, 46.888285372406244, 2017.46], [-121.71464994549751, 46.888430546969175, 2016.02], [-121.71457283198833, 46.888469187542796, 2015.06], [-121.71451491303742, 46.88847371377051, 2014.58], [-121.7142357956618, 46.88852501101792, 2010.25], [-121.71406840905547, 46.888545798137784, 2008.33], [-121.71383681707084, 46.88858142122626, 2004.49], [-121.71362936496735, 46.88864294439554, 2002.08], [-121.71359977684915, 46.8886607978493, 2001.12], [-121.71353138051927, 46.88873313367367, 2000.64], [-121.71341478824615, 46.88875928521156, 1997.76], [-121.71335142105818, 46.88879138790071, 1995.35], [-121.71330641023815, 46.888795578852296, 1993.91], [-121.71321077272296, 46.88884033821523, 1993.91], [-121.713110441342, 46.88887596130371, 1991.51], [-121.71304816380143, 46.88891242258251, 1988.14], [-121.7129925917834, 46.88891208730638, 1986.22], [-121.71292453072965, 46.88889599405229, 1986.22], [-121.71285445801914, 46.888841427862644, 1986.22], [-121.71278731897473, 46.88876314088702, 1982.86], [-121.71270333230495, 46.88870723359287, 1980.93], [-121.71269369311631, 46.88867672346532, 1980.45], [-121.7125747539103, 46.88863841816783, 1977.57], [-121.71249168924987, 46.88863598741591, 1975.65], [-121.71240317635238, 46.88865702599287, 1974.2], [-121.71231332235038, 46.88861754722893, 1973.24], [-121.71215490438044, 46.88859944231808, 1970.84], [-121.71188358217478, 46.88853624276817, 1966.03], [-121.71182784251869, 46.8885085824877, 1965.07], [-121.71177495270967, 46.88844789750874, 1963.15], [-121.71158971264958, 46.888403221964836, 1961.71], [-121.7114335577935, 46.88841135241091, 1960.27], [-121.7113780695945, 46.888396851718426, 1959.78], [-121.71121479012072, 46.88839567825198, 1959.3], [-121.71106282621622, 46.888313284143806, 1956.9], [-121.71102133579552, 46.88827883452177, 1955.94], [-121.71088110655546, 46.8882651720196, 1953.06], [-121.71079309657216, 46.8882514256984, 1951.13], [-121.7106475867331, 46.88819509930909, 1945.85], [-121.71052076853812, 46.88817364163697, 1941.52], [-121.71040669083595, 46.888124104589224, 1937.67], [-121.71020829118788, 46.888115806505084, 1929.5], [-121.71008868142962, 46.888090912252665, 1925.66], [-121.70994635671377, 46.88808663748205, 1922.77], [-121.70984166674316, 46.88810583204031, 1920.85], [-121.70976120047271, 46.88810256309807, 1918.93], [-121.70966271311045, 46.88816551119089, 1916.53], [-121.70941695570946, 46.888138772919774, 1914.6], [-121.70913121663034, 46.88811521977186, 1913.16], [-121.70908846892416, 46.88810532912612, 1913.16], [-121.70905477367342, 46.88811211846769, 1912.68], [-121.70890490524471, 46.88818319700658, 1912.2], [-121.70886567793787, 46.88821781426668, 1908.35], [-121.7087740637362, 46.8882463965565, 1905.47], [-121.70869912952185, 46.888230722397566, 1903.07], [-121.70855537988245, 46.888255532830954, 1898.26], [-121.7083012405783, 46.88827103935182, 1892.97], [-121.70822253450751, 46.88829777762294, 1891.05], [-121.70806118287146, 46.88829090446234, 1886.72], [-121.70800678431988, 46.88825435936451, 1885.76], [-121.70784685760736, 46.88825913704932, 1882.88], [-121.7077864240855, 46.88821731135249, 1881.92], [-121.70771509408951, 46.88820985145867, 1881.44], [-121.70765013433993, 46.88814983703196, 1880.48], [-121.70753739774227, 46.888130977749825, 1878.55], [-121.70747755095363, 46.888093845918775, 1877.59], [-121.70743463560939, 46.88811329193413, 1876.63], [-121.70740228146315, 46.88810960389674, 1876.15], [-121.70733128674328, 46.88814556226134, 1874.71], [-121.70727244578302, 46.88820557668805, 1874.71], [-121.70716465450823, 46.88821035437286, 1875.67], [-121.70707907527685, 46.88819610513747, 1874.23], [-121.7068487405777, 46.88818068243563, 1868.94], [-121.70677011832595, 46.88815763220191, 1868.94], [-121.70674379914999, 46.888136928901076, 1868.46], [-121.70656937174499, 46.88814732246101, 1866.54], [-121.70654146000743, 46.88812477514148, 1865.58], [-121.70646459795535, 46.88812921755016, 1865.09], [-121.7063595727086, 46.88809015788138, 1864.61], [-121.70623895712197, 46.888001477345824, 1862.69], [-121.70619579032063, 46.88800524920225, 1862.21], [-121.70613493770361, 46.8879646807909, 1859.33], [-121.70601801015437, 46.88795730471611, 1857.4], [-121.70583687722683, 46.88799334689975, 1855.0], [-121.70566756278276, 46.88800524920225, 1850.68], [-121.70551995746791, 46.88805503770709, 1848.75], [-121.70542708598077, 46.888037184253335, 1848.75], [-121.70541174709797, 46.888053277507424, 1848.27], [-121.7052218131721, 46.88812888227403, 1847.31], [-121.70520178042352, 46.88814019784331, 1847.31], [-121.70512525364757, 46.888091415166855, 1845.87], [-121.70501125976443, 46.888069454580545, 1843.95], [-121.70495132915676, 46.888088984414935, 1843.95], [-121.70491159893572, 46.88814673572779, 1841.54], [-121.70488284900784, 46.8881702888757, 1841.06], [-121.70465469360352, 46.88822963275015, 1839.62], [-121.7046261113137, 46.8882220890373, 1838.66], [-121.7045259475708, 46.88827690668404, 1837.7], [-121.70443877577782, 46.88836952671409, 1838.66], [-121.70427792705595, 46.888489639386535, 1838.18], [-121.70404692180455, 46.88853381201625, 1833.37], [-121.70392110943794, 46.88857991248369, 1831.93], [-121.70382765121758, 46.88858326524496, 1830.49], [-121.70359413139522, 46.888680662959814, 1828.56], [-121.70355238951743, 46.888733049854636, 1827.12], [-121.70341324992478, 46.888778898864985, 1825.2], [-121.70293564908206, 46.888796081766486, 1818.95], [-121.70268326997757, 46.888781329616904, 1817.03], [-121.70262007042766, 46.888794489204884, 1816.55], [-121.70248554088175, 46.88884251751006, 1816.07], [-121.702348748222, 46.888858610764146, 1815.11], [-121.70207767747343, 46.88884033821523, 1814.63], [-121.70195278711617, 46.88885249197483, 1812.7], [-121.70172899030149, 46.88889306038618, 1816.55], [-121.70171348378062, 46.88885483890772, 1817.51], [-121.7017372045666, 46.888799434527755, 1817.51], [-121.70172932557762, 46.888749059289694, 1812.7], [-121.70169898308814, 46.888791639357805, 1815.11], [-121.70170024037361, 46.888816030696034, 1819.43], [-121.70153151266277, 46.888863975182176, 1827.12], [-121.70141307637095, 46.88888903707266, 1830.97], [-121.70130662620068, 46.88887151889503, 1835.29], [-121.70112574473023, 46.88889490440488, 1839.62], [-121.70108903199434, 46.88891544006765, 1840.58], [-121.7009633872658, 46.88892289996147, 1843.95], [-121.70076297596097, 46.889005629345775, 1845.39], [-121.70048176310956, 46.88897897489369, 1843.47], [-121.70043365098536, 46.888989033177495, 1842.98], [-121.70024941675365, 46.889100009575486, 1837.7], [-121.70014766044915, 46.88913580030203, 1833.37], [-121.70008890330791, 46.88919606618583, 1830.97], [-121.70006945729256, 46.889330595731735, 1825.68], [-121.6999723110348, 46.889503598213196, 1822.32], [-121.69993652030826, 46.8895826395601, 1819.91], [-121.69982889667153, 46.88974265009165, 1809.82], [-121.69971087947488, 46.88976528123021, 1805.01], [-121.69959479011595, 46.88979838974774, 1805.49], [-121.69952002353966, 46.88982479274273, 1803.09], [-121.69937166385353, 46.88990601338446, 1796.36], [-121.69919271022081, 46.89005051739514, 1794.92], [-121.69911065138876, 46.89012486487627, 1793.0], [-121.69893211685121, 46.89027045853436, 1790.59], [-121.69887595809996, 46.890348410233855, 1790.11], [-121.69883689843118, 46.89045234583318, 1787.23], [-121.6986527480185, 46.89060774631798, 1783.38], [-121.69846423901618, 46.8907277751714, 1780.02], [-121.6983160469681, 46.8909505661577, 1778.1], [-121.69824161566794, 46.89111577346921, 1777.61], [-121.69823415577412, 46.89122926443815, 1776.65], [-121.69814958237112, 46.89139078371227, 1776.17], [-121.69812032952905, 46.89150670543313, 1775.21], [-121.6982124466449, 46.891602259129286, 1774.25], [-121.6981593053788, 46.891649113968015, 1774.25], [-121.69808554463089, 46.89173695631325, 1775.69], [-121.69797716662288, 46.89197240397334, 1775.21], [-121.69786451384425, 46.89207835122943, 1775.21], [-121.69766728766263, 46.89219318330288, 1774.73], [-121.69744223356247, 46.89228295348585, 1771.37], [-121.69730401597917, 46.89236367121339, 1768.48], [-121.6972227115184, 46.89238169230521, 1768.0], [-121.69700721278787, 46.89245411194861, 1768.48], [-121.69686136767268, 46.892537511885166, 1767.52], [-121.69676723890007, 46.89267908222973, 1767.52], [-121.69670328497887, 46.892750496044755, 1767.04], [-121.6967001836747, 46.892799781635404, 1766.56], [-121.69657303020358, 46.89292333088815, 1766.56], [-121.69650044292212, 46.89296708442271, 1766.08], [-121.69642919674516, 46.892996253445745, 1766.08], [-121.69623741880059, 46.89310111105442, 1766.08], [-121.69608696363866, 46.89317353069782, 1766.08], [-121.695934580639, 46.89325542189181, 1766.08], [-121.6956964507699, 46.893328092992306, 1764.16], [-121.69549888931215, 46.89337561838329, 1764.64], [-121.69522421434522, 46.8934544082731, 1765.12], [-121.69520443305373, 46.89345306716859, 1765.12], [-121.69502522796392, 46.893233209848404, 1759.83], [-121.69502606615424, 46.89320320263505, 1759.83], [-121.6949300095439, 46.89313480630517, 1757.91], [-121.69476790353656, 46.89301326870918, 1756.47], [-121.69470663182437, 46.89313715323806, 1754.06], [-121.69468592852354, 46.89319825731218, 1753.58], [-121.6946673206985, 46.893407721072435, 1749.74], [-121.69458978809416, 46.89355046488345, 1748.78], [-121.69461887329817, 46.893687173724174, 1746.85], [-121.69455332681537, 46.89372757449746, 1746.85], [-121.69434956274927, 46.893904181197286, 1746.85], [-121.69430555775762, 46.8939208611846, 1746.37], [-121.69428342953324, 46.89395556226373, 1746.37], [-121.69419810175896, 46.894009625539184, 1746.85], [-121.69406407512724, 46.894076094031334, 1746.85], [-121.69395502656698, 46.894115740433335, 1746.37], [-121.69372846372426, 46.894180197268724, 1746.37], [-121.6935293097049, 46.894183130934834, 1746.37], [-121.6931910160929, 46.89427575096488, 1747.33], [-121.69286001473665, 46.89437390305102, 1747.33], [-121.6926090605557, 46.89444380812347, 1747.81], [-121.69241024181247, 46.89444104209542, 1748.78], [-121.69230848550797, 46.894489573314786, 1748.78], [-121.69213154353201, 46.89456735737622, 1748.78], [-121.69191763736308, 46.89472971484065, 1748.78], [-121.69163768179715, 46.89484446309507, 1748.78], [-121.69140885584056, 46.89496482722461, 1748.29], [-121.6912739071995, 46.8950639013201, 1748.29], [-121.69120366685092, 46.895072450861335, 1748.29], [-121.69092941097915, 46.89517579972744, 1748.29], [-121.69045113958418, 46.89536917023361, 1748.78], [-121.69033915735781, 46.895419880747795, 1748.78], [-121.69015584513545, 46.89549489878118, 1743.01], [-121.68992961756885, 46.89551836811006, 1740.6], [-121.6898528393358, 46.895529767498374, 1740.6], [-121.68956860899925, 46.895667565986514, 1738.68], [-121.68936015106738, 46.89575280994177, 1736.76], [-121.68908782303333, 46.89582657068968, 1732.91], [-121.68884265236557, 46.895831851288676, 1729.07], [-121.68851525522768, 46.89586982131004, 1725.22], [-121.68843789026141, 46.89586194232106, 1721.86], [-121.68806942179799, 46.89593025483191, 1701.67], [-121.68788535520434, 46.896011643111706, 1699.75], [-121.68755644932389, 46.896025221794844, 1698.31], [-121.68743264861405, 46.89607534557581, 1698.31], [-121.68713458813727, 46.89611624926329, 1698.31], [-121.6870791837573, 46.896120607852936, 1698.31], [-121.68685513548553, 46.89606939442456, 1697.83], [-121.68667056597769, 46.896022288128734, 1697.83], [-121.68638750910759, 46.89606939442456, 1697.34], [-121.68587135151029, 46.89630584791303, 1697.83], [-121.68585794046521, 46.89631464891136, 1697.83], [-121.68560564517975, 46.89640877768397, 1697.83], [-121.68551973067224, 46.89640274271369, 1697.83], [-121.68544127605855, 46.89638958312571, 1695.9], [-121.68531378731132, 46.89644247293472, 1695.9], [-121.685257460922, 46.89645051956177, 1695.9], [-121.68496333993971, 46.89645990729332, 1695.9], [-121.68476896360517, 46.89648890867829, 1695.9], [-121.68452077545226, 46.89669116400182, 1695.42], [-121.68444709852338, 46.89680205658078, 1695.42], [-121.68421408161521, 46.89679300412536, 1695.42], [-121.68408567085862, 46.89673583954573, 1695.42], [-121.68374444358051, 46.89681814983487, 1695.42], [-121.68356272391975, 46.89688352867961, 1695.42], [-121.68339994736016, 46.89687422476709, 1695.42], [-121.6832007933408, 46.896897777915, 1695.42], [-121.68289611116052, 46.896810019388795, 1695.42], [-121.68275831267238, 46.89678814262152, 1695.42], [-121.6824584081769, 46.89671019092202, 1695.42], [-121.68221298605204, 46.89669434912503, 1695.42], [-121.68203520588577, 46.896670293062925, 1695.42], [-121.68196513317525, 46.89663089811802, 1695.42], [-121.6817467007786, 46.896537356078625, 1694.94], [-121.68126909993589, 46.89647985622287, 1694.94], [-121.68119810521603, 46.89645345322788, 1694.94], [-121.68103817850351, 46.89644272439182, 1694.94], [-121.68078630231321, 46.89636376686394, 1694.94], [-121.68051950633526, 46.89636653289199, 1694.94], [-121.68016847223043, 46.89645026810467, 1647.36], [-121.68010351248085, 46.89647407270968, 1646.4], [-121.67991248890758, 46.896581277251244, 1645.91], [-121.67956807650626, 46.89663550816476, 1645.91], [-121.67925635352731, 46.89673298969865, 1645.91], [-121.67918250896037, 46.896729469299316, 1645.91], [-121.6788805089891, 46.8967751506716, 1645.91], [-121.67852243408561, 46.89681035466492, 1645.91], [-121.678378097713, 46.89684019424021, 1645.91], [-121.67821817100048, 46.896948823705316, 1645.91], [-121.6781967971474, 46.89695896580815, 1645.91], [-121.6780099645257, 46.89700774848461, 1645.91], [-121.67788675054908, 46.89697447232902, 1645.91], [-121.67769949883223, 46.896943878382444, 1645.91], [-121.6776666417718, 46.89690909348428, 1645.91], [-121.67755600064993, 46.8969046510756, 1645.91], [-121.67728861793876, 46.89688419923186, 1645.91], [-121.67706767097116, 46.89692568965256, 1645.91], [-121.67674488388002, 46.8970254343003, 1645.91], [-121.67654891498387, 46.89715426415205, 1645.91], [-121.67639468796551, 46.897215535864234, 1645.91], [-121.67613996192813, 46.8972725328058, 1645.91], [-121.67590300552547, 46.89737906679511, 1645.91], [-121.67571592144668, 46.897491132840514, 1645.43], [-121.67544174939394, 46.89757268875837, 1645.43], [-121.6752870194614, 46.89759984612465, 1644.95], [-121.67498250491917, 46.89771635457873, 1643.99], [-121.67489499785006, 46.897763796150684, 1643.99], [-121.6748361568898, 46.89781635068357, 1643.99], [-121.67479407973588, 46.897873766720295, 1643.99], [-121.67473490349948, 46.89791693352163, 1643.51], [-121.67455561459064, 46.89806688576937, 1643.51], [-121.67439568787813, 46.89815447665751, 1643.03], [-121.6742092743516, 46.898268051445484, 1643.03], [-121.67401464655995, 46.89828783273697, 1642.55], [-121.67378079146147, 46.89833426848054, 1642.55], [-121.67362488806248, 46.89841163344681, 1642.55], [-121.673404276371, 46.89860634505749, 1642.55], [-121.67339530773461, 46.898621432483196, 1642.55], [-121.67333998717368, 46.898891078308225, 1642.55], [-121.67332246899605, 46.89899652265012, 1642.55], [-121.67308375239372, 46.899024434387684, 1642.55], [-121.67287856340408, 46.899171536788344, 1642.55], [-121.67275526560843, 46.89930212683976, 1642.55], [-121.67255552485585, 46.89934629946947, 1642.55], [-121.67227464728057, 46.89941653981805, 1642.55], [-121.67205613106489, 46.899514608085155, 1642.55], [-121.67192939668894, 46.89955375157297, 1642.55], [-121.67185245081782, 46.89959314651787, 1642.55], [-121.67183862067759, 46.89961745403707, 1642.55], [-121.67186493985355, 46.89967696554959, 1642.55], [-121.67176192626357, 46.89983328804374, 1642.55], [-121.67161247693002, 46.89993412233889, 1643.03], [-121.67133713141084, 46.9000702444464, 1643.03], [-121.67107016779482, 46.90007242374122, 1643.03], [-121.6707862727344, 46.90013788640499, 1643.03], [-121.67037463746965, 46.90012958832085, 1643.03], [-121.67020414955914, 46.90011349506676, 1643.03], [-121.67007523588836, 46.900115087628365, 1643.03], [-121.66994565166533, 46.90015674568713, 1643.03], [-121.66971028782427, 46.90017895773053, 1643.03], [-121.66953653097153, 46.90014417283237, 1643.03], [-121.66939026676118, 46.90012841485441, 1643.03], [-121.66836415417492, 46.89985583536327, 1605.06], [-121.66828829795122, 46.89988290891051, 1595.45], [-121.66817296296358, 46.8999975733459, 1565.16], [-121.66793642565608, 46.90014316700399, 1535.36], [-121.66766879148781, 46.9001926202327, 1529.11], [-121.6675643529743, 46.90020737238228, 1527.67], [-121.66733410209417, 46.90017493441701, 1525.75], [-121.66738565079868, 46.90017443150282, 1525.27], [-121.6675915941596, 46.90005188807845, 1523.83], [-121.66774213314056, 46.89997812733054, 1520.94], [-121.66791345924139, 46.899869749322534, 1518.54], [-121.66796894744039, 46.899839071556926, 1518.06], [-121.66798311285675, 46.899786684662104, 1515.66], [-121.66773836128414, 46.8998265825212, 1509.41], [-121.66750324890018, 46.899862037971616, 1506.52], [-121.66720242239535, 46.89985767938197, 1504.12], [-121.66702028363943, 46.899837143719196, 1503.16], [-121.66699916124344, 46.899830270558596, 1502.68], [-121.66663714684546, 46.899860026314855, 1498.83], [-121.6663359850645, 46.899876203387976, 1496.43], [-121.66601705364883, 46.899904450401664, 1494.51], [-121.66576400399208, 46.89993244595826, 1493.06], [-121.66567984968424, 46.89993898384273, 1493.06], [-121.66540257632732, 46.899971924722195, 1491.62], [-121.66489832103252, 46.90004878677428, 1491.62], [-121.6648234706372, 46.90008549951017, 1490.18], [-121.66458567604423, 46.90011299215257, 1489.7], [-121.66426842100918, 46.90017451532185, 1490.18], [-121.6639687679708, 46.90017493441701, 1488.74], [-121.66374589316547, 46.900214832276106, 1485.85], [-121.66351396590471, 46.90029756166041, 1481.53], [-121.66333727538586, 46.900357911363244, 1479.61], [-121.66309612803161, 46.90038716420531, 1478.65], [-121.6628669667989, 46.90041247755289, 1478.16], [-121.66264660656452, 46.90045061521232, 1476.72], [-121.66246614418924, 46.9004481844604, 1476.24], [-121.66219892911613, 46.90045204013586, 1476.24], [-121.66197488084435, 46.900481041520834, 1476.24], [-121.66167950257659, 46.9004949554801, 1475.76], [-121.66141932830215, 46.900560669600964, 1475.28], [-121.6612072661519, 46.90057567320764, 1475.28], [-121.66084785014391, 46.900605261325836, 1473.36], [-121.66065431199968, 46.90056678839028, 1472.88], [-121.66034560650587, 46.90062026493251, 1471.92], [-121.65996523573995, 46.90060056746006, 1471.92], [-121.65976641699672, 46.90061506815255, 1473.36], [-121.65946592576802, 46.9006207678467, 1471.44], [-121.65921706706285, 46.90071305260062, 1463.74], [-121.65892864577472, 46.900830483064055, 1456.05], [-121.65879746899009, 46.90084573812783, 1454.13], [-121.6585482750088, 46.90079980529845, 1453.17], [-121.65824946016073, 46.900857305154204, 1449.32], [-121.65824853815138, 46.90081598237157, 1447.88], [-121.65852271020412, 46.90072654746473, 1445.96], [-121.65864097885787, 46.90069050528109, 1445.0], [-121.65878120809793, 46.90061188302934, 1442.11], [-121.65892411954701, 46.9005433190614, 1435.39], [-121.65875505656004, 46.90057709813118, 1431.06], [-121.65863351896405, 46.90061138011515, 1431.06], [-121.6583944670856, 46.90055756829679, 1430.58], [-121.65826588869095, 46.90055723302066, 1430.58], [-121.6579750366509, 46.900578271597624, 1428.66], [-121.65761989541352, 46.90064893104136, 1428.66], [-121.65730255655944, 46.90065278671682, 1426.73], [-121.65697759017348, 46.90063769929111, 1424.33], [-121.65663083083928, 46.900700479745865, 1420.49], [-121.65628524497151, 46.90079561434686, 1413.76], [-121.65614685975015, 46.9008298125118, 1410.39], [-121.65573162026703, 46.90089368261397, 1407.51], [-121.65565651841462, 46.900891587138176, 1407.99], [-121.65539089590311, 46.90092360600829, 1407.51], [-121.65514404885471, 46.90098948776722, 1404.14], [-121.65479712188244, 46.90101446583867, 1402.7], [-121.6545853111893, 46.90103190019727, 1399.82], [-121.65430317632854, 46.90106224268675, 1397.41], [-121.65405591018498, 46.90113860182464, 1395.01], [-121.65375298820436, 46.901139775291085, 1395.01], [-121.65368123911321, 46.90113114193082, 1394.05], [-121.65360135957599, 46.90114639699459, 1394.05], [-121.65349457412958, 46.901134829968214, 1394.05], [-121.65310959331691, 46.901131896302104, 1390.2], [-121.65292980149388, 46.90114153549075, 1388.28], [-121.65274833329022, 46.90114279277623, 1388.28], [-121.6523743327707, 46.90115016885102, 1385.4], [-121.65193989872932, 46.90119434148073, 1379.63], [-121.65169531479478, 46.90125519409776, 1377.71], [-121.65156413801014, 46.901272628456354, 1376.75], [-121.65135333314538, 46.901395842432976, 1374.82], [-121.65105166845024, 46.90146340057254, 1374.82], [-121.65083717554808, 46.90149868838489, 1375.3], [-121.65062217973173, 46.90141218714416, 1372.9], [-121.65032529272139, 46.901252176612616, 1373.38], [-121.6501434892416, 46.901147151365876, 1372.42], [-121.64980351924896, 46.90111412666738, 1368.57], [-121.64946061559021, 46.90112443640828, 1366.17], [-121.6490744613111, 46.901127034798265, 1364.25], [-121.64895275607705, 46.9010956864804, 1363.77], [-121.64870632812381, 46.90107154659927, 1364.25], [-121.64829075336456, 46.90101899206638, 1362.33], [-121.64803837426007, 46.901044053956866, 1362.33], [-121.64772036485374, 46.90113818272948, 1360.4], [-121.64748257026076, 46.90121806226671, 1357.04], [-121.64728014729917, 46.901258546859026, 1355.6], [-121.64724418893456, 46.90126307308674, 1355.6], [-121.64686147123575, 46.901400201022625, 1352.71], [-121.64657866582274, 46.90145518630743, 1352.23], [-121.64632955566049, 46.901513524353504, 1351.27], [-121.64615185931325, 46.90158066339791, 1348.87], [-121.64608111605048, 46.9016173761338, 1346.94], [-121.64585161954165, 46.90165501087904, 1345.02], [-121.64572211913764, 46.90169398672879, 1343.1], [-121.64564265869558, 46.901726257056, 1342.14], [-121.64538374170661, 46.901803789660335, 1339.25], [-121.64526949636638, 46.90183547325432, 1338.29], [-121.64520604535937, 46.90186522901058, 1336.85], [-121.64498233236372, 46.90195147879422, 1333.49], [-121.6447335574776, 46.90201652236283, 1330.6], [-121.64449500851333, 46.902081901207566, 1324.83], [-121.6442790068686, 46.90211836248636, 1323.87], [-121.64414246566594, 46.90218516625464, 1320.99], [-121.64409133605659, 46.90219757147133, 1320.03], [-121.64382353425026, 46.90221886150539, 1319.07], [-121.64360200054944, 46.902205031365156, 1319.07], [-121.64337325841188, 46.90222623758018, 1318.59], [-121.64312071166933, 46.902242666110396, 1319.07], [-121.64291208609939, 46.90213470719755, 1318.59], [-121.64265518076718, 46.902032950893044, 1318.1], [-121.64239919744432, 46.902011493220925, 1317.62], [-121.6423417814076, 46.90199305303395, 1317.62], [-121.64229400455952, 46.90202440135181, 1317.62], [-121.64224589243531, 46.90215054899454, 1320.99], [-121.64228696376085, 46.90212054178119, 1322.43], [-121.64226986467838, 46.90211593173444, 1323.87]]}}