<?xml version="1.0" encoding="UTF-8"?>
<gpx xmlns="http://www.topografix.com/GPX/1/1" xmlns:xsi="http://www.w3.org/2001/XMLSchema-instance" xsi:schemaLocation="http://www.topografix.com/GPX/1/1 http://www.topografix.com/GPX/1/1/gpx.xsd" version="1.1" creator="gpx.py -- https://github.com/tkrajina/gpxpy">
  <trk>
    <trkseg>
      <trkpt lat="46.88842501491308" lon="-121.61089296452701">
        <ele>1161.6</ele>
        <time>2019-06-22T04:40:24Z</time>
      </trkpt>
      <trkpt lat="46.88832703046501" lon="-121.61059901118279">
        <ele>1179.4</ele>
        <time>2019-06-22T04:40:25Z</time>
      </trkpt>
      <trkpt lat="46.88835402019322" lon="-121.61061099730432">
        <ele>1181.0</ele>
        <time>2019-06-22T04:40:27Z</time>
      </trkpt>
      <trkpt lat="46.888411017134786" lon="-121.6108020208776">
        <ele>1161.9</ele>
        <time>2019-06-22T04:40:28Z</time>
      </trkpt>
      <trkpt lat="46.88839701935649" lon="-121.61079900339246">
        <ele>1163.1</ele>
        <time>2019-06-22T04:40:31Z</time>
      </trkpt>
      <trkpt lat="46.888390984386206" lon="-121.61082901060581">
        <ele>1163.8</ele>
        <time>2019-06-22T04:40:37Z</time>
      </trkpt>
      <trkpt lat="46.88835200853646" lon="-121.61083999089897">
        <ele>1161.1</ele>
        <time>2019-06-22T04:40:39Z</time>
      </trkpt>
      <trkpt lat="46.888343039900064" lon="-121.61081501282752">
        <ele>1160.6</ele>
        <time>2019-06-22T04:40:40Z</time>
      </trkpt>
      <trkpt lat="46.88831303268671" lon="-121.61078701727092">
        <ele>1160.2</ele>
        <time>2019-06-22T04:40:41Z</time>
      </trkpt>
      <trkpt lat="46.88830900937319" lon="-121.6108020208776">
        <ele>1160.2</ele>
        <time>2019-06-22T04:40:42Z</time>
      </trkpt>
      <trkpt lat="46.88828696496785" lon="-121.61081501282752">
        <ele>1159.7</ele>
        <time>2019-06-22T04:40:45Z</time>
      </trkpt>
      <trkpt lat="46.88827003352344" lon="-121.61079799756408">
        <ele>1160.8</ele>
        <time>2019-06-22T04:40:46Z</time>
      </trkpt>
      <trkpt lat="46.88822301104665" lon="-121.61078500561416">
        <ele>1160.3</ele>
        <time>2019-06-22T04:40:53Z</time>
      </trkpt>
      <trkpt lat="46.88820096664131" lon="-121.61079498007894">
        <ele>1160.2</ele>
        <time>2019-06-22T04:40:59Z</time>
      </trkpt>
      <trkpt lat="46.88818696886301" lon="-121.61083697341383">
        <ele>1159.3</ele>
        <time>2019-06-22T04:41:03Z</time>
      </trkpt>
      <trkpt lat="46.88812200911343" lon="-121.61089698784053">
        <ele>1160.2</ele>
        <time>2019-06-22T04:41:07Z</time>
      </trkpt>
      <trkpt lat="46.88811304047704" lon="-121.61092699505389">
        <ele>1160.8</ele>
        <time>2019-06-22T04:41:08Z</time>
      </trkpt>
      <trkpt lat="46.88811798579991" lon="-121.6110060364008">
        <ele>1161.9</ele>
        <time>2019-06-22T04:41:10Z</time>
      </trkpt>
      <trkpt lat="46.88803198747337" lon="-121.61104601807892">
        <ele>1161.9</ele>
        <time>2019-06-22T04:41:18Z</time>
      </trkpt>
      <trkpt lat="46.88799703493714" lon="-121.61110100336373">
        <ele>1161.5</ele>
        <time>2019-06-22T04:41:21Z</time>
      </trkpt>
      <trkpt lat="46.88788496889174" lon="-121.61114098504186">
        <ele>1159.7</ele>
        <time>2019-06-22T04:41:30Z</time>
      </trkpt>
      <trkpt lat="46.887829983606935" lon="-121.61126595921814">
        <ele>1160.3</ele>
        <time>2019-06-22T04:41:37Z</time>
      </trkpt>
      <trkpt lat="46.88778103329241" lon="-121.61131801083684">
        <ele>1160.3</ele>
        <time>2019-06-22T04:41:42Z</time>
      </trkpt>
      <trkpt lat="46.887745996937156" lon="-121.61134902387857">
        <ele>1160.5</ele>
        <time>2019-06-22T04:41:45Z</time>
      </trkpt>
      <trkpt lat="46.887735016644" lon="-121.61137601360679">
        <ele>1157.7</ele>
        <time>2019-06-22T04:41:48Z</time>
      </trkpt>
      <trkpt lat="46.887722024694085" lon="-121.61148103885353">
        <ele>1158.7</ele>
        <time>2019-06-22T04:41:53Z</time>
      </trkpt>
      <trkpt lat="46.88768497668207" lon="-121.61156997084618">
        <ele>1160.0</ele>
        <time>2019-06-22T04:41:58Z</time>
      </trkpt>
      <trkpt lat="46.88766896724701" lon="-121.61161799915135">
        <ele>1159.2</ele>
        <time>2019-06-22T04:42:01Z</time>
      </trkpt>
      <trkpt lat="46.88760199584067" lon="-121.61172201856971">
        <ele>1160.5</ele>
        <time>2019-06-22T04:42:06Z</time>
      </trkpt>
      <trkpt lat="46.88754600472748" lon="-121.61176200024784">
        <ele>1157.8</ele>
        <time>2019-06-22T04:42:11Z</time>
      </trkpt>
      <trkpt lat="46.88751700334251" lon="-121.61180298775434">
        <ele>1158.7</ele>
        <time>2019-06-22T04:42:14Z</time>
      </trkpt>
      <trkpt lat="46.88744802027941" lon="-121.61182695999742">
        <ele>1160.2</ele>
        <time>2019-06-22T04:42:18Z</time>
      </trkpt>
      <trkpt lat="46.88743301667273" lon="-121.61186995916069">
        <ele>1159.5</ele>
        <time>2019-06-22T04:42:20Z</time>
      </trkpt>
      <trkpt lat="46.887422036379576" lon="-121.61188697442412">
        <ele>1159.8</ele>
        <time>2019-06-22T04:42:21Z</time>
      </trkpt>
      <trkpt lat="46.88738599419594" lon="-121.6119070071727">
        <ele>1166.0</ele>
        <time>2019-06-22T04:42:30Z</time>
      </trkpt>
      <trkpt lat="46.887339977547526" lon="-121.61199099384248">
        <ele>1163.0</ele>
        <time>2019-06-22T04:42:34Z</time>
      </trkpt>
      <trkpt lat="46.88730997033417" lon="-121.61199702881277">
        <ele>1161.9</ele>
        <time>2019-06-22T04:42:36Z</time>
      </trkpt>
      <trkpt lat="46.887290021404624" lon="-121.6119849588722">
        <ele>1160.5</ele>
        <time>2019-06-22T04:42:37Z</time>
      </trkpt>
      <trkpt lat="46.88726102001965" lon="-121.61200700327754">
        <ele>1162.2</ele>
        <time>2019-06-22T04:42:39Z</time>
      </trkpt>
      <trkpt lat="46.887210980057716" lon="-121.61215997301042">
        <ele>1159.4</ele>
        <time>2019-06-22T04:42:46Z</time>
      </trkpt>
      <trkpt lat="46.88719698227942" lon="-121.61217899993062">
        <ele>1160.1</ele>
        <time>2019-06-22T04:42:47Z</time>
      </trkpt>
      <trkpt lat="46.887163035571575" lon="-121.61218302324414">
        <ele>1161.4</ele>
        <time>2019-06-22T04:42:49Z</time>
      </trkpt>
      <trkpt lat="46.887037977576256" lon="-121.61223297938704">
        <ele>1165.0</ele>
        <time>2019-06-22T04:42:58Z</time>
      </trkpt>
      <trkpt lat="46.88702297396958" lon="-121.61223599687219">
        <ele>1165.3</ele>
        <time>2019-06-22T04:43:00Z</time>
      </trkpt>
      <trkpt lat="46.886991038918495" lon="-121.61231403239071">
        <ele>1163.2</ele>
        <time>2019-06-22T04:43:05Z</time>
      </trkpt>
      <trkpt lat="46.88682599924505" lon="-121.61230196245015">
        <ele>1164.4</ele>
        <time>2019-06-22T04:43:15Z</time>
      </trkpt>
      <trkpt lat="46.886776965111494" lon="-121.61231101490557">
        <ele>1165.3</ele>
        <time>2019-06-22T04:43:18Z</time>
      </trkpt>
      <trkpt lat="46.886758022010326" lon="-121.61227002739906">
        <ele>1166.3</ele>
        <time>2019-06-22T04:43:22Z</time>
      </trkpt>
      <trkpt lat="46.886733965948224" lon="-121.61229299381375">
        <ele>1167.8</ele>
        <time>2019-06-22T04:43:30Z</time>
      </trkpt>
      <trkpt lat="46.88668602146208" lon="-121.61229299381375">
        <ele>1168.3</ele>
        <time>2019-06-22T04:43:39Z</time>
      </trkpt>
      <trkpt lat="46.8866659887135" lon="-121.61228402517736">
        <ele>1169.0</ele>
        <time>2019-06-22T04:43:40Z</time>
      </trkpt>
      <trkpt lat="46.8865089956671" lon="-121.61254302598536">
        <ele>1165.5</ele>
        <time>2019-06-22T04:43:52Z</time>
      </trkpt>
      <trkpt lat="46.88644101843238" lon="-121.61258996464312">
        <ele>1165.5</ele>
        <time>2019-06-22T04:43:56Z</time>
      </trkpt>
      <trkpt lat="46.886367006227374" lon="-121.6126150265336">
        <ele>1163.9</ele>
        <time>2019-06-22T04:44:01Z</time>
      </trkpt>
      <trkpt lat="46.88635803759098" lon="-121.61262097768486">
        <ele>1162.5</ele>
        <time>2019-06-22T04:44:02Z</time>
      </trkpt>
      <trkpt lat="46.8862690217793" lon="-121.61262701265514">
        <ele>1164.2</ele>
        <time>2019-06-22T04:44:09Z</time>
      </trkpt>
      <trkpt lat="46.886174976825714" lon="-121.61266397684813">
        <ele>1162.9</ele>
        <time>2019-06-22T04:44:15Z</time>
      </trkpt>
      <trkpt lat="46.88610498793423" lon="-121.61266196519136">
        <ele>1164.9</ele>
        <time>2019-06-22T04:44:19Z</time>
      </trkpt>
      <trkpt lat="46.88605100847781" lon="-121.61270798183978">
        <ele>1163.0</ele>
        <time>2019-06-22T04:44:23Z</time>
      </trkpt>
      <trkpt lat="46.88597900792956" lon="-121.61274896934628">
        <ele>1163.3</ele>
        <time>2019-06-22T04:44:28Z</time>
      </trkpt>
      <trkpt lat="46.88584598712623" lon="-121.61268996074796">
        <ele>1166.0</ele>
        <time>2019-06-22T04:44:35Z</time>
      </trkpt>
      <trkpt lat="46.885812962427735" lon="-121.61268803291023">
        <ele>1166.3</ele>
        <time>2019-06-22T04:44:37Z</time>
      </trkpt>
      <trkpt lat="46.885767029598355" lon="-121.61273899488151">
        <ele>1167.2</ele>
        <time>2019-06-22T04:44:41Z</time>
      </trkpt>
      <trkpt lat="46.88570600934327" lon="-121.61285198293626">
        <ele>1169.6</ele>
        <time>2019-06-22T04:44:50Z</time>
      </trkpt>
      <trkpt lat="46.88565596938133" lon="-121.61289297044277">
        <ele>1173.8</ele>
        <time>2019-06-22T04:44:54Z</time>
      </trkpt>
      <trkpt lat="46.88563400879502" lon="-121.6129760351032">
        <ele>1172.1</ele>
        <time>2019-06-22T04:44:57Z</time>
      </trkpt>
      <trkpt lat="46.88563099130988" lon="-121.61301903426647">
        <ele>1170.9</ele>
        <time>2019-06-22T04:44:58Z</time>
      </trkpt>
      <trkpt lat="46.8855419754982" lon="-121.61307502537966">
        <ele>1173.2</ele>
        <time>2019-06-22T04:45:03Z</time>
      </trkpt>
      <trkpt lat="46.8854090385139" lon="-121.61309598013759">
        <ele>1175.5</ele>
        <time>2019-06-22T04:45:10Z</time>
      </trkpt>
      <trkpt lat="46.885339971631765" lon="-121.61308801732957">
        <ele>1175.1</ele>
        <time>2019-06-22T04:45:17Z</time>
      </trkpt>
      <trkpt lat="46.88532899133861" lon="-121.61310997791588">
        <ele>1173.6</ele>
        <time>2019-06-22T04:45:19Z</time>
      </trkpt>
      <trkpt lat="46.885296972468495" lon="-121.61311802454293">
        <ele>1173.9</ele>
        <time>2019-06-22T04:45:21Z</time>
      </trkpt>
      <trkpt lat="46.88523896969855" lon="-121.61309799179435">
        <ele>1173.8</ele>
        <time>2019-06-22T04:45:24Z</time>
      </trkpt>
      <trkpt lat="46.88519102521241" lon="-121.61310302093625">
        <ele>1173.6</ele>
        <time>2019-06-22T04:45:27Z</time>
      </trkpt>
      <trkpt lat="46.885037971660495" lon="-121.61307401955128">
        <ele>1172.8</ele>
        <time>2019-06-22T04:45:35Z</time>
      </trkpt>
      <trkpt lat="46.884974017739296" lon="-121.61309698596597">
        <ele>1169.6</ele>
        <time>2019-06-22T04:45:40Z</time>
      </trkpt>
      <trkpt lat="46.88490000553429" lon="-121.61308600567281">
        <ele>1169.3</ele>
        <time>2019-06-22T04:45:45Z</time>
      </trkpt>
      <trkpt lat="46.88483303412795" lon="-121.61305096931756">
        <ele>1169.7</ele>
        <time>2019-06-22T04:45:50Z</time>
      </trkpt>
      <trkpt lat="46.8848030269146" lon="-121.6130450181663">
        <ele>1169.7</ele>
        <time>2019-06-22T04:45:52Z</time>
      </trkpt>
      <trkpt lat="46.88471702858806" lon="-121.61307795904577">
        <ele>1169.3</ele>
        <time>2019-06-22T04:45:58Z</time>
      </trkpt>
      <trkpt lat="46.88466003164649" lon="-121.61306203342974">
        <ele>1167.9</ele>
        <time>2019-06-22T04:46:01Z</time>
      </trkpt>
      <trkpt lat="46.88464301638305" lon="-121.61307896487415">
        <ele>1168.8</ele>
        <time>2019-06-22T04:46:03Z</time>
      </trkpt>
      <trkpt lat="46.8846180383116" lon="-121.6131229698658">
        <ele>1171.7</ele>
        <time>2019-06-22T04:46:07Z</time>
      </trkpt>
      <trkpt lat="46.88461200334132" lon="-121.61315398290753">
        <ele>1171.0</ele>
        <time>2019-06-22T04:46:09Z</time>
      </trkpt>
      <trkpt lat="46.88456900417805" lon="-121.61317602731287">
        <ele>1172.4</ele>
        <time>2019-06-22T04:46:12Z</time>
      </trkpt>
      <trkpt lat="46.88450496643782" lon="-121.61317996680737">
        <ele>1172.9</ele>
        <time>2019-06-22T04:46:16Z</time>
      </trkpt>
      <trkpt lat="46.88438896089792" lon="-121.61315197125077">
        <ele>1172.1</ele>
        <time>2019-06-22T04:46:23Z</time>
      </trkpt>
      <trkpt lat="46.88431796617806" lon="-121.61311098374426">
        <ele>1171.1</ele>
        <time>2019-06-22T04:46:26Z</time>
      </trkpt>
      <trkpt lat="46.88424403779209" lon="-121.61312699317932">
        <ele>1173.8</ele>
        <time>2019-06-22T04:46:31Z</time>
      </trkpt>
      <trkpt lat="46.884178994223475" lon="-121.61320301704109">
        <ele>1175.9</ele>
        <time>2019-06-22T04:46:37Z</time>
      </trkpt>
      <trkpt lat="46.88412602059543" lon="-121.61323302425444">
        <ele>1180.0</ele>
        <time>2019-06-22T04:46:41Z</time>
      </trkpt>
      <trkpt lat="46.88410799950361" lon="-121.61323696374893">
        <ele>1181.1</ele>
        <time>2019-06-22T04:46:42Z</time>
      </trkpt>
      <trkpt lat="46.88405402004719" lon="-121.6132659651339">
        <ele>1183.8</ele>
        <time>2019-06-22T04:46:46Z</time>
      </trkpt>
      <trkpt lat="46.88397598452866" lon="-121.61326495930552">
        <ele>1183.3</ele>
        <time>2019-06-22T04:46:50Z</time>
      </trkpt>
      <trkpt lat="46.88393700867891" lon="-121.61330703645945">
        <ele>1183.9</ele>
        <time>2019-06-22T04:46:53Z</time>
      </trkpt>
      <trkpt lat="46.88391102477908" lon="-121.61332497373223">
        <ele>1182.8</ele>
        <time>2019-06-22T04:46:56Z</time>
      </trkpt>
      <trkpt lat="46.88388504087925" lon="-121.61331902258098">
        <ele>1182.3</ele>
        <time>2019-06-22T04:46:59Z</time>
      </trkpt>
      <trkpt lat="46.88378403894603" lon="-121.61337702535093">
        <ele>1182.6</ele>
        <time>2019-06-22T04:47:09Z</time>
      </trkpt>
      <trkpt lat="46.88375897705555" lon="-121.61343502812088">
        <ele>1183.0</ele>
        <time>2019-06-22T04:47:14Z</time>
      </trkpt>
      <trkpt lat="46.88371597789228" lon="-121.61347601562738">
        <ele>1176.3</ele>
        <time>2019-06-22T04:47:18Z</time>
      </trkpt>
      <trkpt lat="46.88370198011398" lon="-121.61352798342705">
        <ele>1176.9</ele>
        <time>2019-06-22T04:47:21Z</time>
      </trkpt>
      <trkpt lat="46.88367197290063" lon="-121.61356000229716">
        <ele>1177.0</ele>
        <time>2019-06-22T04:47:24Z</time>
      </trkpt>
      <trkpt lat="46.88366903923452" lon="-121.61358104087412">
        <ele>1174.9</ele>
        <time>2019-06-22T04:47:26Z</time>
      </trkpt>
      <trkpt lat="46.88365001231432" lon="-121.61364901810884">
        <ele>1176.0</ele>
        <time>2019-06-22T04:47:29Z</time>
      </trkpt>
      <trkpt lat="46.88358496874571" lon="-121.61369503475726">
        <ele>1173.9</ele>
        <time>2019-06-22T04:47:34Z</time>
      </trkpt>
      <trkpt lat="46.8835439812392" lon="-121.61370500922203">
        <ele>1177.4</ele>
        <time>2019-06-22T04:47:36Z</time>
      </trkpt>
      <trkpt lat="46.883490001782775" lon="-121.61369796842337">
        <ele>1176.1</ele>
        <time>2019-06-22T04:47:40Z</time>
      </trkpt>
      <trkpt lat="46.88342101871967" lon="-121.6137569770217">
        <ele>1178.5</ele>
        <time>2019-06-22T04:47:45Z</time>
      </trkpt>
      <trkpt lat="46.88339604064822" lon="-121.61379695869982">
        <ele>1180.1</ele>
        <time>2019-06-22T04:47:48Z</time>
      </trkpt>
      <trkpt lat="46.883380031213164" lon="-121.61385496146977">
        <ele>1177.2</ele>
        <time>2019-06-22T04:47:53Z</time>
      </trkpt>
      <trkpt lat="46.88335698097944" lon="-121.6138910036534">
        <ele>1177.7</ele>
        <time>2019-06-22T04:47:55Z</time>
      </trkpt>
      <trkpt lat="46.883298978209496" lon="-121.61393702030182">
        <ele>1180.5</ele>
        <time>2019-06-22T04:47:58Z</time>
      </trkpt>
      <trkpt lat="46.88326603733003" lon="-121.61394196562469">
        <ele>1181.2</ele>
        <time>2019-06-22T04:48:00Z</time>
      </trkpt>
      <trkpt lat="46.883188001811504" lon="-121.61397800780833">
        <ele>1182.2</ele>
        <time>2019-06-22T04:48:04Z</time>
      </trkpt>
      <trkpt lat="46.88307099044323" lon="-121.61400298587978">
        <ele>1183.7</ele>
        <time>2019-06-22T04:48:11Z</time>
      </trkpt>
      <trkpt lat="46.88296998851001" lon="-121.61405202001333">
        <ele>1182.7</ele>
        <time>2019-06-22T04:48:17Z</time>
      </trkpt>
      <trkpt lat="46.882953979074955" lon="-121.61405595950782">
        <ele>1182.7</ele>
        <time>2019-06-22T04:48:18Z</time>
      </trkpt>
      <trkpt lat="46.882888013496995" lon="-121.61403098143637">
        <ele>1186.5</ele>
        <time>2019-06-22T04:48:21Z</time>
      </trkpt>
      <trkpt lat="46.88285800628364" lon="-121.6140260361135">
        <ele>1184.2</ele>
        <time>2019-06-22T04:48:23Z</time>
      </trkpt>
      <trkpt lat="46.88281098380685" lon="-121.61400097422302">
        <ele>1184.5</ele>
        <time>2019-06-22T04:48:26Z</time>
      </trkpt>
      <trkpt lat="46.88275096938014" lon="-121.61403198726475">
        <ele>1180.0</ele>
        <time>2019-06-22T04:48:30Z</time>
      </trkpt>
      <trkpt lat="46.88271903432906" lon="-121.6140849608928">
        <ele>1180.6</ele>
        <time>2019-06-22T04:48:33Z</time>
      </trkpt>
      <trkpt lat="46.88269900158048" lon="-121.61413298919797">
        <ele>1181.6</ele>
        <time>2019-06-22T04:48:35Z</time>
      </trkpt>
      <trkpt lat="46.8826150149107" lon="-121.61423097364604">
        <ele>1185.5</ele>
        <time>2019-06-22T04:48:43Z</time>
      </trkpt>
      <trkpt lat="46.88257503323257" lon="-121.61422803997993">
        <ele>1184.8</ele>
        <time>2019-06-22T04:48:45Z</time>
      </trkpt>
      <trkpt lat="46.88246103934944" lon="-121.61419501528144">
        <ele>1189.0</ele>
        <time>2019-06-22T04:48:49Z</time>
      </trkpt>
      <trkpt lat="46.88243497163057" lon="-121.61420398391783">
        <ele>1183.9</ele>
        <time>2019-06-22T04:48:54Z</time>
      </trkpt>
      <trkpt lat="46.882351990789175" lon="-121.61414002999663">
        <ele>1187.0</ele>
        <time>2019-06-22T04:49:02Z</time>
      </trkpt>
      <trkpt lat="46.88233204185963" lon="-121.61412997171283">
        <ele>1186.3</ele>
        <time>2019-06-22T04:49:03Z</time>
      </trkpt>
      <trkpt lat="46.882259035483" lon="-121.61411396227777">
        <ele>1187.3</ele>
        <time>2019-06-22T04:49:08Z</time>
      </trkpt>
      <trkpt lat="46.8821659963578" lon="-121.61415696144104">
        <ele>1184.6</ele>
        <time>2019-06-22T04:49:15Z</time>
      </trkpt>
      <trkpt lat="46.88214101828635" lon="-121.6141869686544">
        <ele>1183.4</ele>
        <time>2019-06-22T04:49:19Z</time>
      </trkpt>
      <trkpt lat="46.88208896666765" lon="-121.61417699418962">
        <ele>1180.8</ele>
        <time>2019-06-22T04:49:22Z</time>
      </trkpt>
      <trkpt lat="46.88195200636983" lon="-121.6140950191766">
        <ele>1178.3</ele>
        <time>2019-06-22T04:49:29Z</time>
      </trkpt>
      <trkpt lat="46.881900960579515" lon="-121.61410197615623">
        <ele>1178.5</ele>
        <time>2019-06-22T04:49:31Z</time>
      </trkpt>
      <trkpt lat="46.881836000829935" lon="-121.61411597393453">
        <ele>1178.8</ele>
        <time>2019-06-22T04:49:35Z</time>
      </trkpt>
      <trkpt lat="46.88179903663695" lon="-121.61420297808945">
        <ele>1178.2</ele>
        <time>2019-06-22T04:49:39Z</time>
      </trkpt>
      <trkpt lat="46.88175695948303" lon="-121.61424597725272">
        <ele>1180.4</ele>
        <time>2019-06-22T04:49:42Z</time>
      </trkpt>
      <trkpt lat="46.88174497336149" lon="-121.61426399834454">
        <ele>1181.7</ele>
        <time>2019-06-22T04:49:43Z</time>
      </trkpt>
      <trkpt lat="46.88171102665365" lon="-121.61434798501432">
        <ele>1183.7</ele>
        <time>2019-06-22T04:49:47Z</time>
      </trkpt>
      <trkpt lat="46.88168998807669" lon="-121.6143680177629">
        <ele>1183.8</ele>
        <time>2019-06-22T04:49:49Z</time>
      </trkpt>
      <trkpt lat="46.881535006687045" lon="-121.6144459694624">
        <ele>1182.4</ele>
        <time>2019-06-22T04:50:02Z</time>
      </trkpt>
      <trkpt lat="46.88148798421025" lon="-121.61444496363401">
        <ele>1184.0</ele>
        <time>2019-06-22T04:50:06Z</time>
      </trkpt>
      <trkpt lat="46.881446996703744" lon="-121.61445896141231">
        <ele>1184.2</ele>
        <time>2019-06-22T04:50:09Z</time>
      </trkpt>
      <trkpt lat="46.88142595812678" lon="-121.61445200443268">
        <ele>1185.9</ele>
        <time>2019-06-22T04:50:10Z</time>
      </trkpt>
      <trkpt lat="46.8813889939338" lon="-121.61446197889745">
        <ele>1186.1</ele>
        <time>2019-06-22T04:50:13Z</time>
      </trkpt>
      <trkpt lat="46.88125999644399" lon="-121.61453297361732">
        <ele>1188.5</ele>
        <time>2019-06-22T04:50:21Z</time>
      </trkpt>
      <trkpt lat="46.88124801032245" lon="-121.61453196778893">
        <ele>1189.0</ele>
        <time>2019-06-22T04:50:22Z</time>
      </trkpt>
      <trkpt lat="46.881212973967195" lon="-121.6145440377295">
        <ele>1188.7</ele>
        <time>2019-06-22T04:50:24Z</time>
      </trkpt>
      <trkpt lat="46.88120299950242" lon="-121.61457597278059">
        <ele>1187.4</ele>
        <time>2019-06-22T04:50:26Z</time>
      </trkpt>
      <trkpt lat="46.88118397258222" lon="-121.6145990230143">
        <ele>1187.0</ele>
        <time>2019-06-22T04:50:28Z</time>
      </trkpt>
      <trkpt lat="46.88114499673247" lon="-121.61459499970078">
        <ele>1189.8</ele>
        <time>2019-06-22T04:50:31Z</time>
      </trkpt>
      <trkpt lat="46.88113401643932" lon="-121.61462903022766">
        <ele>1189.6</ele>
        <time>2019-06-22T04:50:33Z</time>
      </trkpt>
      <trkpt lat="46.88109202310443" lon="-121.61460698582232">
        <ele>1190.8</ele>
        <time>2019-06-22T04:50:36Z</time>
      </trkpt>
      <trkpt lat="46.88103502616286" lon="-121.61460204049945">
        <ele>1192.4</ele>
        <time>2019-06-22T04:50:39Z</time>
      </trkpt>
      <trkpt lat="46.88098004087806" lon="-121.61462400108576">
        <ele>1190.7</ele>
        <time>2019-06-22T04:50:42Z</time>
      </trkpt>
      <trkpt lat="46.88093704171479" lon="-121.61465803161263">
        <ele>1189.0</ele>
        <time>2019-06-22T04:50:45Z</time>
      </trkpt>
      <trkpt lat="46.88085900619626" lon="-121.61475299857557">
        <ele>1188.7</ele>
        <time>2019-06-22T04:50:53Z</time>
      </trkpt>
      <trkpt lat="46.880825981497765" lon="-121.61484997719526">
        <ele>1191.5</ele>
        <time>2019-06-22T04:51:01Z</time>
      </trkpt>
      <trkpt lat="46.88081198371947" lon="-121.61486598663032">
        <ele>1192.0</ele>
        <time>2019-06-22T04:51:02Z</time>
      </trkpt>
      <trkpt lat="46.880784993991256" lon="-121.61493203602731">
        <ele>1193.7</ele>
        <time>2019-06-22T04:51:06Z</time>
      </trkpt>
      <trkpt lat="46.88073797151446" lon="-121.61498601548374">
        <ele>1193.9</ele>
        <time>2019-06-22T04:51:10Z</time>
      </trkpt>
      <trkpt lat="46.88071299344301" lon="-121.61499297246337">
        <ele>1192.8</ele>
        <time>2019-06-22T04:51:13Z</time>
      </trkpt>
      <trkpt lat="46.88068198040128" lon="-121.6150379832834">
        <ele>1194.2</ele>
        <time>2019-06-22T04:51:16Z</time>
      </trkpt>
      <trkpt lat="46.88063504174352" lon="-121.61508500576019">
        <ele>1193.0</ele>
        <time>2019-06-22T04:51:19Z</time>
      </trkpt>
      <trkpt lat="46.880504032596946" lon="-121.61516203545034">
        <ele>1188.9</ele>
        <time>2019-06-22T04:51:29Z</time>
      </trkpt>
      <trkpt lat="46.88049397431314" lon="-121.61516597494483">
        <ele>1187.7</ele>
        <time>2019-06-22T04:51:30Z</time>
      </trkpt>
      <trkpt lat="46.88040202483535" lon="-121.61522498354316">
        <ele>1185.8</ele>
        <time>2019-06-22T04:51:36Z</time>
      </trkpt>
      <trkpt lat="46.880374029278755" lon="-121.6152610257268">
        <ele>1190.2</ele>
        <time>2019-06-22T04:51:39Z</time>
      </trkpt>
      <trkpt lat="46.88026196323335" lon="-121.61531299352646">
        <ele>1190.1</ele>
        <time>2019-06-22T04:51:47Z</time>
      </trkpt>
      <trkpt lat="46.880246037617326" lon="-121.61534501239657">
        <ele>1190.4</ele>
        <time>2019-06-22T04:51:49Z</time>
      </trkpt>
      <trkpt lat="46.88019800931215" lon="-121.61542003042996">
        <ele>1189.7</ele>
        <time>2019-06-22T04:51:53Z</time>
      </trkpt>
      <trkpt lat="46.88015501014888" lon="-121.61545003764331">
        <ele>1188.8</ele>
        <time>2019-06-22T04:51:57Z</time>
      </trkpt>
      <trkpt lat="46.88012399710715" lon="-121.61554701626301">
        <ele>1186.6</ele>
        <time>2019-06-22T04:52:03Z</time>
      </trkpt>
      <trkpt lat="46.880074962973595" lon="-121.61561398766935">
        <ele>1186.0</ele>
        <time>2019-06-22T04:52:08Z</time>
      </trkpt>
      <trkpt lat="46.87997597269714" lon="-121.61564500071108">
        <ele>1190.8</ele>
        <time>2019-06-22T04:52:16Z</time>
      </trkpt>
      <trkpt lat="46.87997102737427" lon="-121.61565103568137">
        <ele>1189.9</ele>
        <time>2019-06-22T04:52:17Z</time>
      </trkpt>
      <trkpt lat="46.87996298074722" lon="-121.61572898738086">
        <ele>1188.1</ele>
        <time>2019-06-22T04:52:21Z</time>
      </trkpt>
      <trkpt lat="46.87993900850415" lon="-121.61578900180757">
        <ele>1185.9</ele>
        <time>2019-06-22T04:52:26Z</time>
      </trkpt>
      <trkpt lat="46.87989600934088" lon="-121.61582797765732">
        <ele>1186.5</ele>
        <time>2019-06-22T04:52:29Z</time>
      </trkpt>
      <trkpt lat="46.87985301017761" lon="-121.61584901623428">
        <ele>1186.2</ele>
        <time>2019-06-22T04:52:31Z</time>
      </trkpt>
      <trkpt lat="46.87980297021568" lon="-121.61593199707568">
        <ele>1191.0</ele>
        <time>2019-06-22T04:52:37Z</time>
      </trkpt>
      <trkpt lat="46.87974697910249" lon="-121.61596301011741">
        <ele>1194.1</ele>
        <time>2019-06-22T04:52:41Z</time>
      </trkpt>
      <trkpt lat="46.87974002212286" lon="-121.61596301011741">
        <ele>1193.8</ele>
        <time>2019-06-22T04:52:42Z</time>
      </trkpt>
      <trkpt lat="46.87969299964607" lon="-121.615991005674">
        <ele>1194.0</ele>
        <time>2019-06-22T04:52:45Z</time>
      </trkpt>
      <trkpt lat="46.87958797439933" lon="-121.61602201871574">
        <ele>1195.2</ele>
        <time>2019-06-22T04:52:51Z</time>
      </trkpt>
      <trkpt lat="46.87950901687145" lon="-121.61609795875847">
        <ele>1197.4</ele>
        <time>2019-06-22T04:52:57Z</time>
      </trkpt>
      <trkpt lat="46.87945696525276" lon="-121.61610499955714">
        <ele>1198.7</ele>
        <time>2019-06-22T04:53:00Z</time>
      </trkpt>
      <trkpt lat="46.87942301854491" lon="-121.61612796597183">
        <ele>1196.6</ele>
        <time>2019-06-22T04:53:03Z</time>
      </trkpt>
      <trkpt lat="46.8793960288167" lon="-121.61615403369069">
        <ele>1198.6</ele>
        <time>2019-06-22T04:53:05Z</time>
      </trkpt>
      <trkpt lat="46.8793770018965" lon="-121.6162090189755">
        <ele>1194.3</ele>
        <time>2019-06-22T04:53:08Z</time>
      </trkpt>
      <trkpt lat="46.87933098524809" lon="-121.61628495901823">
        <ele>1193.1</ele>
        <time>2019-06-22T04:53:14Z</time>
      </trkpt>
      <trkpt lat="46.879297038540244" lon="-121.61631597205997">
        <ele>1192.7</ele>
        <time>2019-06-22T04:53:17Z</time>
      </trkpt>
      <trkpt lat="46.879211040213704" lon="-121.61635000258684">
        <ele>1193.8</ele>
        <time>2019-06-22T04:53:22Z</time>
      </trkpt>
      <trkpt lat="46.87916100025177" lon="-121.61632896400988">
        <ele>1193.4</ele>
        <time>2019-06-22T04:53:24Z</time>
      </trkpt>
      <trkpt lat="46.87913803383708" lon="-121.61630499176681">
        <ele>1190.7</ele>
        <time>2019-06-22T04:53:27Z</time>
      </trkpt>
      <trkpt lat="46.87900601886213" lon="-121.6163380164653">
        <ele>1192.8</ele>
        <time>2019-06-22T04:53:34Z</time>
      </trkpt>
      <trkpt lat="46.87896201387048" lon="-121.61637699231505">
        <ele>1196.8</ele>
        <time>2019-06-22T04:53:36Z</time>
      </trkpt>
      <trkpt lat="46.8789470102638" lon="-121.61640398204327">
        <ele>1195.9</ele>
        <time>2019-06-22T04:53:37Z</time>
      </trkpt>
      <trkpt lat="46.8789279833436" lon="-121.61648897454143">
        <ele>1195.8</ele>
        <time>2019-06-22T04:53:41Z</time>
      </trkpt>
      <trkpt lat="46.87884097918868" lon="-121.61668603308499">
        <ele>1196.4</ele>
        <time>2019-06-22T04:53:51Z</time>
      </trkpt>
      <trkpt lat="46.87881801277399" lon="-121.61672601476312">
        <ele>1198.2</ele>
        <time>2019-06-22T04:53:54Z</time>
      </trkpt>
      <trkpt lat="46.87873201444745" lon="-121.6168010327965">
        <ele>1197.4</ele>
        <time>2019-06-22T04:54:01Z</time>
      </trkpt>
      <trkpt lat="46.878719022497535" lon="-121.61684998311102">
        <ele>1199.4</ele>
        <time>2019-06-22T04:54:04Z</time>
      </trkpt>
      <trkpt lat="46.8786930385977" lon="-121.61686699837446">
        <ele>1199.6</ele>
        <time>2019-06-22T04:54:07Z</time>
      </trkpt>
      <trkpt lat="46.878677029162645" lon="-121.61686004139483">
        <ele>1198.9</ele>
        <time>2019-06-22T04:54:09Z</time>
      </trkpt>
      <trkpt lat="46.878655990585685" lon="-121.61686901003122">
        <ele>1196.9</ele>
        <time>2019-06-22T04:54:11Z</time>
      </trkpt>
      <trkpt lat="46.87863604165614" lon="-121.6169199720025">
        <ele>1196.2</ele>
        <time>2019-06-22T04:54:14Z</time>
      </trkpt>
      <trkpt lat="46.87862103804946" lon="-121.61701099947095">
        <ele>1195.8</ele>
        <time>2019-06-22T04:54:19Z</time>
      </trkpt>
      <trkpt lat="46.878611985594034" lon="-121.61704502999783">
        <ele>1197.2</ele>
        <time>2019-06-22T04:54:21Z</time>
      </trkpt>
      <trkpt lat="46.878589019179344" lon="-121.61707595922053">
        <ele>1200.6</ele>
        <time>2019-06-22T04:54:23Z</time>
      </trkpt>
      <trkpt lat="46.878588013350964" lon="-121.61717796698213">
        <ele>1198.9</ele>
        <time>2019-06-22T04:54:26Z</time>
      </trkpt>
      <trkpt lat="46.87853596173227" lon="-121.6172450222075">
        <ele>1195.3</ele>
        <time>2019-06-22T04:54:32Z</time>
      </trkpt>
      <trkpt lat="46.878527998924255" lon="-121.6172590199858">
        <ele>1196.1</ele>
        <time>2019-06-22T04:54:33Z</time>
      </trkpt>
      <trkpt lat="46.87845599837601" lon="-121.61735700443387">
        <ele>1199.4</ele>
        <time>2019-06-22T04:54:39Z</time>
      </trkpt>
      <trkpt lat="46.87841199338436" lon="-121.61747502163053">
        <ele>1201.4</ele>
        <time>2019-06-22T04:54:45Z</time>
      </trkpt>
      <trkpt lat="46.8783460278064" lon="-121.61757702939212">
        <ele>1197.6</ele>
        <time>2019-06-22T04:54:50Z</time>
      </trkpt>
      <trkpt lat="46.87831996008754" lon="-121.61766797304153">
        <ele>1200.9</ele>
        <time>2019-06-22T04:54:56Z</time>
      </trkpt>
      <trkpt lat="46.87832498922944" lon="-121.61769303493202">
        <ele>1200.3</ele>
        <time>2019-06-22T04:54:58Z</time>
      </trkpt>
      <trkpt lat="46.878313003107905" lon="-121.61771499551833">
        <ele>1201.0</ele>
        <time>2019-06-22T04:55:00Z</time>
      </trkpt>
      <trkpt lat="46.87829598784447" lon="-121.6177249699831">
        <ele>1200.0</ele>
        <time>2019-06-22T04:55:01Z</time>
      </trkpt>
      <trkpt lat="46.87825500033796" lon="-121.61772203631699">
        <ele>1199.9</ele>
        <time>2019-06-22T04:55:04Z</time>
      </trkpt>
      <trkpt lat="46.87823203392327" lon="-121.61773402243853">
        <ele>1201.3</ele>
        <time>2019-06-22T04:55:06Z</time>
      </trkpt>
      <trkpt lat="46.878223987296224" lon="-121.61780602298677">
        <ele>1198.9</ele>
        <time>2019-06-22T04:55:10Z</time>
      </trkpt>
      <trkpt lat="46.87823999673128" lon="-121.61787198856473">
        <ele>1198.7</ele>
        <time>2019-06-22T04:55:14Z</time>
      </trkpt>
      <trkpt lat="46.87822901643813" lon="-121.61790199577808">
        <ele>1199.3</ele>
        <time>2019-06-22T04:55:16Z</time>
      </trkpt>
      <trkpt lat="46.878185011446476" lon="-121.61798003129661">
        <ele>1202.7</ele>
        <time>2019-06-22T04:55:20Z</time>
      </trkpt>
      <trkpt lat="46.878115022554994" lon="-121.61805395968258">
        <ele>1202.9</ele>
        <time>2019-06-22T04:55:25Z</time>
      </trkpt>
      <trkpt lat="46.87807998619974" lon="-121.61821003071964">
        <ele>1202.2</ele>
        <time>2019-06-22T04:55:33Z</time>
      </trkpt>
      <trkpt lat="46.8780629709363" lon="-121.61823903210461">
        <ele>1202.2</ele>
        <time>2019-06-22T04:55:36Z</time>
      </trkpt>
      <trkpt lat="46.87800396233797" lon="-121.61827499046922">
        <ele>1204.6</ele>
        <time>2019-06-22T04:55:41Z</time>
      </trkpt>
      <trkpt lat="46.87795702368021" lon="-121.61834196187556">
        <ele>1205.3</ele>
        <time>2019-06-22T04:55:45Z</time>
      </trkpt>
      <trkpt lat="46.877901032567024" lon="-121.61838403902948">
        <ele>1204.3</ele>
        <time>2019-06-22T04:55:50Z</time>
      </trkpt>
      <trkpt lat="46.87786901369691" lon="-121.61843399517238">
        <ele>1205.5</ele>
        <time>2019-06-22T04:55:53Z</time>
      </trkpt>
      <trkpt lat="46.87781302258372" lon="-121.61857497878373">
        <ele>1209.2</ele>
        <time>2019-06-22T04:56:01Z</time>
      </trkpt>
      <trkpt lat="46.87778896652162" lon="-121.61859903484583">
        <ele>1209.6</ele>
        <time>2019-06-22T04:56:03Z</time>
      </trkpt>
      <trkpt lat="46.87774496152997" lon="-121.61862099543214">
        <ele>1210.2</ele>
        <time>2019-06-22T04:56:07Z</time>
      </trkpt>
      <trkpt lat="46.87770397402346" lon="-121.61864697933197">
        <ele>1209.4</ele>
        <time>2019-06-22T04:56:11Z</time>
      </trkpt>
      <trkpt lat="46.877688970416784" lon="-121.61867204122245">
        <ele>1209.1</ele>
        <time>2019-06-22T04:56:13Z</time>
      </trkpt>
      <trkpt lat="46.877690982073545" lon="-121.61870498210192">
        <ele>1207.8</ele>
        <time>2019-06-22T04:56:15Z</time>
      </trkpt>
      <trkpt lat="46.87767899595201" lon="-121.61874303594232">
        <ele>1205.3</ele>
        <time>2019-06-22T04:56:17Z</time>
      </trkpt>
      <trkpt lat="46.87767203897238" lon="-121.61883498542011">
        <ele>1205.7</ele>
        <time>2019-06-22T04:56:21Z</time>
      </trkpt>
      <trkpt lat="46.877668015658855" lon="-121.61885996349156">
        <ele>1205.3</ele>
        <time>2019-06-22T04:56:22Z</time>
      </trkpt>
      <trkpt lat="46.8776520062238" lon="-121.61889902316034">
        <ele>1206.0</ele>
        <time>2019-06-22T04:56:24Z</time>
      </trkpt>
      <trkpt lat="46.87761001288891" lon="-121.6189010348171">
        <ele>1204.2</ele>
        <time>2019-06-22T04:56:27Z</time>
      </trkpt>
      <trkpt lat="46.87754899263382" lon="-121.6189459618181">
        <ele>1204.7</ele>
        <time>2019-06-22T04:56:33Z</time>
      </trkpt>
      <trkpt lat="46.87755301594734" lon="-121.61902701482177">
        <ele>1208.7</ele>
        <time>2019-06-22T04:56:38Z</time>
      </trkpt>
      <trkpt lat="46.87754203565419" lon="-121.61917797289789">
        <ele>1213.6</ele>
        <time>2019-06-22T04:56:44Z</time>
      </trkpt>
      <trkpt lat="46.87753398902714" lon="-121.61920596845448">
        <ele>1214.7</ele>
        <time>2019-06-22T04:56:45Z</time>
      </trkpt>
      <trkpt lat="46.87750297598541" lon="-121.61924201063812">
        <ele>1214.8</ele>
        <time>2019-06-22T04:56:48Z</time>
      </trkpt>
      <trkpt lat="46.877493001520634" lon="-121.61930596455932">
        <ele>1214.1</ele>
        <time>2019-06-22T04:56:52Z</time>
      </trkpt>
      <trkpt lat="46.87748403288424" lon="-121.6194549947977">
        <ele>1215.6</ele>
        <time>2019-06-22T04:56:58Z</time>
      </trkpt>
      <trkpt lat="46.877431981265545" lon="-121.6195020172745">
        <ele>1218.3</ele>
        <time>2019-06-22T04:57:01Z</time>
      </trkpt>
      <trkpt lat="46.877370961010456" lon="-121.61950503475964">
        <ele>1215.1</ele>
        <time>2019-06-22T04:57:04Z</time>
      </trkpt>
      <trkpt lat="46.87736098654568" lon="-121.61951199173927">
        <ele>1214.2</ele>
        <time>2019-06-22T04:57:05Z</time>
      </trkpt>
      <trkpt lat="46.87735696323216" lon="-121.61956395953894">
        <ele>1214.8</ele>
        <time>2019-06-22T04:57:08Z</time>
      </trkpt>
      <trkpt lat="46.877325028181076" lon="-121.61965004168451">
        <ele>1212.1</ele>
        <time>2019-06-22T04:57:14Z</time>
      </trkpt>
      <trkpt lat="46.87733299098909" lon="-121.61972698755562">
        <ele>1213.5</ele>
        <time>2019-06-22T04:57:17Z</time>
      </trkpt>
      <trkpt lat="46.877344977110624" lon="-121.61976202391088">
        <ele>1214.5</ele>
        <time>2019-06-22T04:57:18Z</time>
      </trkpt>
      <trkpt lat="46.87735897488892" lon="-121.61978499032557">
        <ele>1212.4</ele>
        <time>2019-06-22T04:57:19Z</time>
      </trkpt>
      <trkpt lat="46.87733500264585" lon="-121.61982203833759">
        <ele>1209.2</ele>
        <time>2019-06-22T04:57:23Z</time>
      </trkpt>
      <trkpt lat="46.87732603400946" lon="-121.61997701972723">
        <ele>1206.4</ele>
        <time>2019-06-22T04:57:35Z</time>
      </trkpt>
      <trkpt lat="46.877302983775735" lon="-121.62006896920502">
        <ele>1209.9</ele>
        <time>2019-06-22T04:57:39Z</time>
      </trkpt>
      <trkpt lat="46.87730801291764" lon="-121.6201080288738">
        <ele>1210.7</ele>
        <time>2019-06-22T04:57:40Z</time>
      </trkpt>
      <trkpt lat="46.87731103040278" lon="-121.62019796669483">
        <ele>1210.5</ele>
        <time>2019-06-22T04:57:43Z</time>
      </trkpt>
      <trkpt lat="46.87722302041948" lon="-121.62031900137663">
        <ele>1212.4</ele>
        <time>2019-06-22T04:57:50Z</time>
      </trkpt>
      <trkpt lat="46.877216985449195" lon="-121.62033702246845">
        <ele>1212.8</ele>
        <time>2019-06-22T04:57:51Z</time>
      </trkpt>
      <trkpt lat="46.87718697823584" lon="-121.62038396112621">
        <ele>1214.1</ele>
        <time>2019-06-22T04:57:54Z</time>
      </trkpt>
      <trkpt lat="46.87714003957808" lon="-121.62040499970317">
        <ele>1216.6</ele>
        <time>2019-06-22T04:57:57Z</time>
      </trkpt>
      <trkpt lat="46.87714800238609" lon="-121.62044799886644">
        <ele>1217.4</ele>
        <time>2019-06-22T04:58:00Z</time>
      </trkpt>
      <trkpt lat="46.87714297324419" lon="-121.62058596499264">
        <ele>1218.7</ele>
        <time>2019-06-22T04:58:06Z</time>
      </trkpt>
      <trkpt lat="46.877149008214474" lon="-121.6206400282681">
        <ele>1218.1</ele>
        <time>2019-06-22T04:58:08Z</time>
      </trkpt>
      <trkpt lat="46.87713802792132" lon="-121.62074304185808">
        <ele>1221.3</ele>
        <time>2019-06-22T04:58:13Z</time>
      </trkpt>
      <trkpt lat="46.877154959365726" lon="-121.62085804156959">
        <ele>1226.2</ele>
        <time>2019-06-22T04:58:19Z</time>
      </trkpt>
      <trkpt lat="46.87714800238609" lon="-121.62091797217727">
        <ele>1226.9</ele>
        <time>2019-06-22T04:58:22Z</time>
      </trkpt>
      <trkpt lat="46.87711799517274" lon="-121.62095300853252">
        <ele>1228.1</ele>
        <time>2019-06-22T04:58:24Z</time>
      </trkpt>
      <trkpt lat="46.87711900100112" lon="-121.62104797549546">
        <ele>1232.0</ele>
        <time>2019-06-22T04:58:33Z</time>
      </trkpt>
      <trkpt lat="46.877149008214474" lon="-121.62109198048711">
        <ele>1229.3</ele>
        <time>2019-06-22T04:58:36Z</time>
      </trkpt>
      <trkpt lat="46.87713702209294" lon="-121.62116398103535">
        <ele>1233.1</ele>
        <time>2019-06-22T04:58:40Z</time>
      </trkpt>
      <trkpt lat="46.87709997408092" lon="-121.62121502682567">
        <ele>1235.7</ele>
        <time>2019-06-22T04:58:45Z</time>
      </trkpt>
      <trkpt lat="46.87709896825254" lon="-121.62129297852516">
        <ele>1236.5</ele>
        <time>2019-06-22T04:58:50Z</time>
      </trkpt>
      <trkpt lat="46.87710198573768" lon="-121.6213099937886">
        <ele>1235.8</ele>
        <time>2019-06-22T04:58:51Z</time>
      </trkpt>
      <trkpt lat="46.87710399739444" lon="-121.62139599211514">
        <ele>1239.3</ele>
        <time>2019-06-22T04:59:11Z</time>
      </trkpt>
      <trkpt lat="46.87718697823584" lon="-121.62149196490645">
        <ele>1237.1</ele>
        <time>2019-06-22T04:59:15Z</time>
      </trkpt>
      <trkpt lat="46.87721396796405" lon="-121.62154602818191">
        <ele>1236.0</ele>
        <time>2019-06-22T04:59:17Z</time>
      </trkpt>
      <trkpt lat="46.877259984612465" lon="-121.62160696461797">
        <ele>1240.8</ele>
        <time>2019-06-22T04:59:21Z</time>
      </trkpt>
      <trkpt lat="46.87728404067457" lon="-121.62176202982664">
        <ele>1242.5</ele>
        <time>2019-06-22T04:59:26Z</time>
      </trkpt>
      <trkpt lat="46.877282029017806" lon="-121.62178399041295">
        <ele>1241.0</ele>
        <time>2019-06-22T04:59:27Z</time>
      </trkpt>
      <trkpt lat="46.87725596129894" lon="-121.62182103842497">
        <ele>1244.1</ele>
        <time>2019-06-22T04:59:30Z</time>
      </trkpt>
      <trkpt lat="46.87725101597607" lon="-121.62183796986938">
        <ele>1244.9</ele>
        <time>2019-06-22T04:59:31Z</time>
      </trkpt>
      <trkpt lat="46.877173986285925" lon="-121.62191298790276">
        <ele>1244.4</ele>
        <time>2019-06-22T04:59:35Z</time>
      </trkpt>
      <trkpt lat="46.87714196741581" lon="-121.62202899344265">
        <ele>1241.3</ele>
        <time>2019-06-22T04:59:42Z</time>
      </trkpt>
      <trkpt lat="46.877130987122655" lon="-121.62204701453447">
        <ele>1242.1</ele>
        <time>2019-06-22T04:59:43Z</time>
      </trkpt>
      <trkpt lat="46.877064015716314" lon="-121.62213502451777">
        <ele>1240.6</ele>
        <time>2019-06-22T04:59:51Z</time>
      </trkpt>
      <trkpt lat="46.87703099101782" lon="-121.62220903672278">
        <ele>1241.1</ele>
        <time>2019-06-22T04:59:56Z</time>
      </trkpt>
      <trkpt lat="46.877004001289606" lon="-121.62221096456051">
        <ele>1241.4</ele>
        <time>2019-06-22T04:59:59Z</time>
      </trkpt>
      <trkpt lat="46.87698698602617" lon="-121.62223703227937">
        <ele>1242.9</ele>
        <time>2019-06-22T05:00:01Z</time>
      </trkpt>
      <trkpt lat="46.87699603848159" lon="-121.62225999869406">
        <ele>1243.3</ele>
        <time>2019-06-22T05:00:02Z</time>
      </trkpt>
      <trkpt lat="46.87699302099645" lon="-121.62229897454381">
        <ele>1242.9</ele>
        <time>2019-06-22T05:00:09Z</time>
      </trkpt>
      <trkpt lat="46.87696997076273" lon="-121.62231900729239">
        <ele>1243.8</ele>
        <time>2019-06-22T05:00:23Z</time>
      </trkpt>
      <trkpt lat="46.87696896493435" lon="-121.62235697731376">
        <ele>1243.1</ele>
        <time>2019-06-22T05:00:27Z</time>
      </trkpt>
      <trkpt lat="46.876832004636526" lon="-121.62238103337586">
        <ele>1241.6</ele>
        <time>2019-06-22T05:00:33Z</time>
      </trkpt>
      <trkpt lat="46.876767966896296" lon="-121.62238597869873">
        <ele>1244.1</ele>
        <time>2019-06-22T05:00:35Z</time>
      </trkpt>
      <trkpt lat="46.87671599909663" lon="-121.62241196259856">
        <ele>1241.3</ele>
        <time>2019-06-22T05:00:38Z</time>
      </trkpt>
      <trkpt lat="46.876657996326685" lon="-121.62246996536851">
        <ele>1242.3</ele>
        <time>2019-06-22T05:00:43Z</time>
      </trkpt>
      <trkpt lat="46.87665497884154" lon="-121.62253903225064">
        <ele>1243.2</ele>
        <time>2019-06-22T05:00:45Z</time>
      </trkpt>
      <trkpt lat="46.876639975234866" lon="-121.62259502336383">
        <ele>1244.3</ele>
        <time>2019-06-22T05:00:47Z</time>
      </trkpt>
      <trkpt lat="46.876616002991796" lon="-121.62263601087034">
        <ele>1244.0</ele>
        <time>2019-06-22T05:00:49Z</time>
      </trkpt>
      <trkpt lat="46.8765139952302" lon="-121.62269099615514">
        <ele>1244.0</ele>
        <time>2019-06-22T05:00:56Z</time>
      </trkpt>
      <trkpt lat="46.876422967761755" lon="-121.62276098504663">
        <ele>1240.5</ele>
        <time>2019-06-22T05:01:04Z</time>
      </trkpt>
      <trkpt lat="46.876418022438884" lon="-121.62280499003828">
        <ele>1236.9</ele>
        <time>2019-06-22T05:01:07Z</time>
      </trkpt>
      <trkpt lat="46.87643000856042" lon="-121.62285503000021">
        <ele>1232.2</ele>
        <time>2019-06-22T05:01:11Z</time>
      </trkpt>
      <trkpt lat="46.876421961933374" lon="-121.62294496782124">
        <ele>1233.9</ele>
        <time>2019-06-22T05:01:15Z</time>
      </trkpt>
      <trkpt lat="46.87637200579047" lon="-121.62303800694644">
        <ele>1237.6</ele>
        <time>2019-06-22T05:01:22Z</time>
      </trkpt>
      <trkpt lat="46.8763430044055" lon="-121.6231509950012">
        <ele>1241.6</ele>
        <time>2019-06-22T05:01:28Z</time>
      </trkpt>
      <trkpt lat="46.876335041597486" lon="-121.623279992491">
        <ele>1240.4</ele>
        <time>2019-06-22T05:01:32Z</time>
      </trkpt>
      <trkpt lat="46.876333029940724" lon="-121.62337303161621">
        <ele>1242.0</ele>
        <time>2019-06-22T05:01:35Z</time>
      </trkpt>
      <trkpt lat="46.876314003020525" lon="-121.6234509833157">
        <ele>1244.0</ele>
        <time>2019-06-22T05:01:41Z</time>
      </trkpt>
      <trkpt lat="46.876272009685636" lon="-121.62351896055043">
        <ele>1242.2</ele>
        <time>2019-06-22T05:01:45Z</time>
      </trkpt>
      <trkpt lat="46.87623303383589" lon="-121.62357402965426">
        <ele>1246.2</ele>
        <time>2019-06-22T05:01:48Z</time>
      </trkpt>
      <trkpt lat="46.876209983602166" lon="-121.62359003908932">
        <ele>1248.2</ele>
        <time>2019-06-22T05:01:50Z</time>
      </trkpt>
      <trkpt lat="46.87619497999549" lon="-121.62358500994742">
        <ele>1250.1</ele>
        <time>2019-06-22T05:01:51Z</time>
      </trkpt>
      <trkpt lat="46.87617100775242" lon="-121.62359900772572">
        <ele>1251.1</ele>
        <time>2019-06-22T05:01:53Z</time>
      </trkpt>
      <trkpt lat="46.87614804133773" lon="-121.6236639674753">
        <ele>1254.2</ele>
        <time>2019-06-22T05:01:57Z</time>
      </trkpt>
      <trkpt lat="46.87610403634608" lon="-121.62368198856711">
        <ele>1253.4</ele>
        <time>2019-06-22T05:02:00Z</time>
      </trkpt>
      <trkpt lat="46.876033041626215" lon="-121.62387602962554">
        <ele>1255.2</ele>
        <time>2019-06-22T05:02:11Z</time>
      </trkpt>
      <trkpt lat="46.876010997220874" lon="-121.62391198799014">
        <ele>1255.3</ele>
        <time>2019-06-22T05:02:13Z</time>
      </trkpt>
      <trkpt lat="46.87596598640084" lon="-121.62395498715341">
        <ele>1254.5</ele>
        <time>2019-06-22T05:02:16Z</time>
      </trkpt>
      <trkpt lat="46.87593103386462" lon="-121.62405900657177">
        <ele>1253.3</ele>
        <time>2019-06-22T05:02:22Z</time>
      </trkpt>
      <trkpt lat="46.875907983630896" lon="-121.62408700212836">
        <ele>1250.6</ele>
        <time>2019-06-22T05:02:31Z</time>
      </trkpt>
      <trkpt lat="46.87589298002422" lon="-121.62414198741317">
        <ele>1251.5</ele>
        <time>2019-06-22T05:02:33Z</time>
      </trkpt>
      <trkpt lat="46.875863978639245" lon="-121.62418599240482">
        <ele>1250.7</ele>
        <time>2019-06-22T05:02:36Z</time>
      </trkpt>
      <trkpt lat="46.8758110050112" lon="-121.62420803681016">
        <ele>1252.1</ele>
        <time>2019-06-22T05:02:39Z</time>
      </trkpt>
      <trkpt lat="46.875753002241254" lon="-121.62426201626658">
        <ele>1255.4</ele>
        <time>2019-06-22T05:02:43Z</time>
      </trkpt>
      <trkpt lat="46.87570103444159" lon="-121.62429504096508">
        <ele>1255.3</ele>
        <time>2019-06-22T05:02:46Z</time>
      </trkpt>
      <trkpt lat="46.8756540119648" lon="-121.62430199794471">
        <ele>1253.8</ele>
        <time>2019-06-22T05:02:49Z</time>
      </trkpt>
      <trkpt lat="46.87563699670136" lon="-121.62437500432134">
        <ele>1254.4</ele>
        <time>2019-06-22T05:02:53Z</time>
      </trkpt>
      <trkpt lat="46.875605983659625" lon="-121.62440601736307">
        <ele>1256.6</ele>
        <time>2019-06-22T05:02:55Z</time>
      </trkpt>
      <trkpt lat="46.87557999975979" lon="-121.62441498599946">
        <ele>1254.4</ele>
        <time>2019-06-22T05:02:57Z</time>
      </trkpt>
      <trkpt lat="46.875495007261634" lon="-121.62438900209963">
        <ele>1256.9</ele>
        <time>2019-06-22T05:03:02Z</time>
      </trkpt>
      <trkpt lat="46.87542803585529" lon="-121.62431398406625">
        <ele>1257.2</ele>
        <time>2019-06-22T05:03:06Z</time>
      </trkpt>
      <trkpt lat="46.87542401254177" lon="-121.62430400960147">
        <ele>1257.4</ele>
        <time>2019-06-22T05:03:07Z</time>
      </trkpt>
      <trkpt lat="46.875432981178164" lon="-121.62423200905323">
        <ele>1258.5</ele>
        <time>2019-06-22T05:03:26Z</time>
      </trkpt>
      <trkpt lat="46.87537497840822" lon="-121.6242200229317">
        <ele>1255.9</ele>
        <time>2019-06-22T05:03:29Z</time>
      </trkpt>
      <trkpt lat="46.875323010608554" lon="-121.62424500100315">
        <ele>1255.1</ele>
        <time>2019-06-22T05:03:33Z</time>
      </trkpt>
      <trkpt lat="46.87531496398151" lon="-121.6242660395801">
        <ele>1255.2</ele>
        <time>2019-06-22T05:03:34Z</time>
      </trkpt>
      <trkpt lat="46.87528998591006" lon="-121.62429504096508">
        <ele>1255.0</ele>
        <time>2019-06-22T05:03:36Z</time>
      </trkpt>
      <trkpt lat="46.875217985361814" lon="-121.624308032915">
        <ele>1256.5</ele>
        <time>2019-06-22T05:03:39Z</time>
      </trkpt>
      <trkpt lat="46.875067027285695" lon="-121.62426796741784">
        <ele>1252.5</ele>
        <time>2019-06-22T05:03:45Z</time>
      </trkpt>
      <trkpt lat="46.87505001202226" lon="-121.6242610104382">
        <ele>1253.2</ele>
        <time>2019-06-22T05:03:46Z</time>
      </trkpt>
      <trkpt lat="46.87493501231074" lon="-121.6241539735347">
        <ele>1254.0</ele>
        <time>2019-06-22T05:03:52Z</time>
      </trkpt>
      <trkpt lat="46.874873992055655" lon="-121.62412296049297">
        <ele>1254.9</ele>
        <time>2019-06-22T05:03:58Z</time>
      </trkpt>
      <trkpt lat="46.874810960143805" lon="-121.62407401017845">
        <ele>1252.9</ele>
        <time>2019-06-22T05:04:03Z</time>
      </trkpt>
      <trkpt lat="46.874767960980535" lon="-121.62407803349197">
        <ele>1250.2</ele>
        <time>2019-06-22T05:04:07Z</time>
      </trkpt>
      <trkpt lat="46.8747060187161" lon="-121.62402003072202">
        <ele>1251.0</ele>
        <time>2019-06-22T05:04:14Z</time>
      </trkpt>
      <trkpt lat="46.87462102621794" lon="-121.62389899604023">
        <ele>1252.3</ele>
        <time>2019-06-22T05:04:21Z</time>
      </trkpt>
      <trkpt lat="46.874598981812596" lon="-121.6238259896636">
        <ele>1253.5</ele>
        <time>2019-06-22T05:04:24Z</time>
      </trkpt>
      <trkpt lat="46.874592024832964" lon="-121.62382397800684">
        <ele>1251.6</ele>
        <time>2019-06-22T05:04:26Z</time>
      </trkpt>
      <trkpt lat="46.87456998042762" lon="-121.62384702824056">
        <ele>1252.1</ele>
        <time>2019-06-22T05:04:30Z</time>
      </trkpt>
      <trkpt lat="46.87454399652779" lon="-121.62384300492704">
        <ele>1251.7</ele>
        <time>2019-06-22T05:04:33Z</time>
      </trkpt>
      <trkpt lat="46.87450401484966" lon="-121.62387896329165">
        <ele>1254.8</ele>
        <time>2019-06-22T05:04:39Z</time>
      </trkpt>
      <trkpt lat="46.87440996989608" lon="-121.62380897440016">
        <ele>1258.0</ele>
        <time>2019-06-22T05:04:45Z</time>
      </trkpt>
      <trkpt lat="46.87436303123832" lon="-121.62378097884357">
        <ele>1258.6</ele>
        <time>2019-06-22T05:04:48Z</time>
      </trkpt>
      <trkpt lat="46.87427803874016" lon="-121.62375901825726">
        <ele>1259.5</ele>
        <time>2019-06-22T05:04:51Z</time>
      </trkpt>
      <trkpt lat="46.87422498129308" lon="-121.62377201020718">
        <ele>1259.5</ele>
        <time>2019-06-22T05:04:55Z</time>
      </trkpt>
      <trkpt lat="46.87409598380327" lon="-121.6237620357424">
        <ele>1257.7</ele>
        <time>2019-06-22T05:05:05Z</time>
      </trkpt>
      <trkpt lat="46.87405298464" lon="-121.62379397079349">
        <ele>1258.5</ele>
        <time>2019-06-22T05:05:09Z</time>
      </trkpt>
      <trkpt lat="46.87398802489042" lon="-121.62379103712738">
        <ele>1257.2</ele>
        <time>2019-06-22T05:05:12Z</time>
      </trkpt>
      <trkpt lat="46.873908983543515" lon="-121.62383202463388">
        <ele>1256.1</ele>
        <time>2019-06-22T05:05:17Z</time>
      </trkpt>
      <trkpt lat="46.87386900186539" lon="-121.6238310188055">
        <ele>1255.0</ele>
        <time>2019-06-22T05:05:19Z</time>
      </trkpt>
      <trkpt lat="46.87385802157223" lon="-121.62382397800684">
        <ele>1252.0</ele>
        <time>2019-06-22T05:05:20Z</time>
      </trkpt>
      <trkpt lat="46.8738079816103" lon="-121.62380796857178">
        <ele>1253.2</ele>
        <time>2019-06-22T05:05:23Z</time>
      </trkpt>
      <trkpt lat="46.873820973560214" lon="-121.6238310188055">
        <ele>1249.6</ele>
        <time>2019-06-22T05:05:27Z</time>
      </trkpt>
      <trkpt lat="46.873803958296776" lon="-121.6238809749484">
        <ele>1249.0</ele>
        <time>2019-06-22T05:05:30Z</time>
      </trkpt>
      <trkpt lat="46.87378400936723" lon="-121.62388902157545">
        <ele>1249.9</ele>
        <time>2019-06-22T05:05:31Z</time>
      </trkpt>
      <trkpt lat="46.87375199049711" lon="-121.62393696606159">
        <ele>1252.5</ele>
        <time>2019-06-22T05:05:36Z</time>
      </trkpt>
      <trkpt lat="46.873626010492444" lon="-121.62399203516543">
        <ele>1254.5</ele>
        <time>2019-06-22T05:05:43Z</time>
      </trkpt>
      <trkpt lat="46.873541017994285" lon="-121.62400796078146">
        <ele>1256.7</ele>
        <time>2019-06-22T05:05:48Z</time>
      </trkpt>
      <trkpt lat="46.8734659999609" lon="-121.62399002350867">
        <ele>1259.5</ele>
        <time>2019-06-22T05:05:54Z</time>
      </trkpt>
      <trkpt lat="46.8734710291028" lon="-121.62402003072202">
        <ele>1260.0</ele>
        <time>2019-06-22T05:05:58Z</time>
      </trkpt>
      <trkpt lat="46.87345300801098" lon="-121.62403997965157">
        <ele>1259.5</ele>
        <time>2019-06-22T05:06:00Z</time>
      </trkpt>
      <trkpt lat="46.87340699136257" lon="-121.6240709926933">
        <ele>1256.9</ele>
        <time>2019-06-22T05:06:08Z</time>
      </trkpt>
      <trkpt lat="46.873372960835695" lon="-121.62405800074339">
        <ele>1257.3</ele>
        <time>2019-06-22T05:06:10Z</time>
      </trkpt>
      <trkpt lat="46.87333499081433" lon="-121.62393897771835">
        <ele>1257.9</ele>
        <time>2019-06-22T05:06:19Z</time>
      </trkpt>
      <trkpt lat="46.873285034671426" lon="-121.62387401796877">
        <ele>1255.9</ele>
        <time>2019-06-22T05:06:29Z</time>
      </trkpt>
      <trkpt lat="46.87324798665941" lon="-121.62386102601886">
        <ele>1255.5</ele>
        <time>2019-06-22T05:06:31Z</time>
      </trkpt>
      <trkpt lat="46.87312703579664" lon="-121.62384401075542">
        <ele>1259.0</ele>
        <time>2019-06-22T05:06:40Z</time>
      </trkpt>
      <trkpt lat="46.873113038018346" lon="-121.62386999465525">
        <ele>1259.3</ele>
        <time>2019-06-22T05:06:42Z</time>
      </trkpt>
      <trkpt lat="46.87308202497661" lon="-121.6238809749484">
        <ele>1257.9</ele>
        <time>2019-06-22T05:06:47Z</time>
      </trkpt>
      <trkpt lat="46.87304497696459" lon="-121.62388399243355">
        <ele>1259.1</ele>
        <time>2019-06-22T05:06:50Z</time>
      </trkpt>
      <trkpt lat="46.87300097197294" lon="-121.623908970505">
        <ele>1262.1</ele>
        <time>2019-06-22T05:06:54Z</time>
      </trkpt>
      <trkpt lat="46.87297599390149" lon="-121.623908970505">
        <ele>1264.1</ele>
        <time>2019-06-22T05:06:57Z</time>
      </trkpt>
      <trkpt lat="46.872941041365266" lon="-121.62393202073872">
        <ele>1264.1</ele>
        <time>2019-06-22T05:07:02Z</time>
      </trkpt>
      <trkpt lat="46.87293500639498" lon="-121.62395800463855">
        <ele>1262.2</ele>
        <time>2019-06-22T05:07:04Z</time>
      </trkpt>
      <trkpt lat="46.872917991131544" lon="-121.62399899214506">
        <ele>1264.2</ele>
        <time>2019-06-22T05:07:07Z</time>
      </trkpt>
      <trkpt lat="46.872897036373615" lon="-121.6240210365504">
        <ele>1265.5</ele>
        <time>2019-06-22T05:07:09Z</time>
      </trkpt>
      <trkpt lat="46.87286803498864" lon="-121.62412002682686">
        <ele>1266.5</ele>
        <time>2019-06-22T05:07:18Z</time>
      </trkpt>
      <trkpt lat="46.87284397892654" lon="-121.62413603626192">
        <ele>1267.5</ele>
        <time>2019-06-22T05:07:21Z</time>
      </trkpt>
      <trkpt lat="46.87282897531986" lon="-121.62420703098178">
        <ele>1269.2</ele>
        <time>2019-06-22T05:07:24Z</time>
      </trkpt>
      <trkpt lat="46.87284297309816" lon="-121.62423100322485">
        <ele>1269.9</ele>
        <time>2019-06-22T05:07:27Z</time>
      </trkpt>
      <trkpt lat="46.87283098697662" lon="-121.62425296381116">
        <ele>1269.6</ele>
        <time>2019-06-22T05:07:30Z</time>
      </trkpt>
      <trkpt lat="46.87280500307679" lon="-121.62426201626658">
        <ele>1271.2</ele>
        <time>2019-06-22T05:07:33Z</time>
      </trkpt>
      <trkpt lat="46.87280198559165" lon="-121.62428095936775">
        <ele>1271.3</ele>
        <time>2019-06-22T05:07:35Z</time>
      </trkpt>
      <trkpt lat="46.87273501418531" lon="-121.62436896935105">
        <ele>1273.6</ele>
        <time>2019-06-22T05:07:42Z</time>
      </trkpt>
      <trkpt lat="46.872728979215026" lon="-121.62438103929162">
        <ele>1274.1</ele>
        <time>2019-06-22T05:07:43Z</time>
      </trkpt>
      <trkpt lat="46.87265102751553" lon="-121.62448296323419">
        <ele>1280.5</ele>
        <time>2019-06-22T05:07:53Z</time>
      </trkpt>
      <trkpt lat="46.872639963403344" lon="-121.62455001845956">
        <ele>1283.5</ele>
        <time>2019-06-22T05:07:58Z</time>
      </trkpt>
      <trkpt lat="46.87259000726044" lon="-121.6246169898659">
        <ele>1284.9</ele>
        <time>2019-06-22T05:08:04Z</time>
      </trkpt>
      <trkpt lat="46.87252697534859" lon="-121.62465797737241">
        <ele>1283.6</ele>
        <time>2019-06-22T05:08:11Z</time>
      </trkpt>
      <trkpt lat="46.87251498922706" lon="-121.62468002177775">
        <ele>1285.4</ele>
        <time>2019-06-22T05:08:16Z</time>
      </trkpt>
      <trkpt lat="46.872513983398676" lon="-121.62472201511264">
        <ele>1287.7</ele>
        <time>2019-06-22T05:08:19Z</time>
      </trkpt>
      <trkpt lat="46.872489005327225" lon="-121.62477498874068">
        <ele>1284.9</ele>
        <time>2019-06-22T05:08:22Z</time>
      </trkpt>
      <trkpt lat="46.8724109698087" lon="-121.62485796958208">
        <ele>1285.0</ele>
        <time>2019-06-22T05:08:33Z</time>
      </trkpt>
      <trkpt lat="46.87239596620202" lon="-121.62494103424251">
        <ele>1283.1</ele>
        <time>2019-06-22T05:08:42Z</time>
      </trkpt>
      <trkpt lat="46.87237501144409" lon="-121.62497598677874">
        <ele>1284.8</ele>
        <time>2019-06-22T05:08:44Z</time>
      </trkpt>
      <trkpt lat="46.87231197953224" lon="-121.62501496262848">
        <ele>1285.9</ele>
        <time>2019-06-22T05:08:51Z</time>
      </trkpt>
      <trkpt lat="46.87225699424744" lon="-121.62509098649025">
        <ele>1287.0</ele>
        <time>2019-06-22T05:08:58Z</time>
      </trkpt>
      <trkpt lat="46.87220402061939" lon="-121.62511697039008">
        <ele>1289.3</ele>
        <time>2019-06-22T05:09:02Z</time>
      </trkpt>
      <trkpt lat="46.872164038941264" lon="-121.62515804171562">
        <ele>1290.8</ele>
        <time>2019-06-22T05:09:05Z</time>
      </trkpt>
      <trkpt lat="46.872146017849445" lon="-121.62519299425185">
        <ele>1290.6</ele>
        <time>2019-06-22T05:09:07Z</time>
      </trkpt>
      <trkpt lat="46.87209103256464" lon="-121.62523599341512">
        <ele>1290.7</ele>
        <time>2019-06-22T05:09:11Z</time>
      </trkpt>
      <trkpt lat="46.87204300425947" lon="-121.62528603337705">
        <ele>1293.9</ele>
        <time>2019-06-22T05:09:17Z</time>
      </trkpt>
      <trkpt lat="46.872018026188016" lon="-121.62528201006353">
        <ele>1294.9</ele>
        <time>2019-06-22T05:09:19Z</time>
      </trkpt>
      <trkpt lat="46.87198298983276" lon="-121.62525502033532">
        <ele>1298.3</ele>
        <time>2019-06-22T05:09:22Z</time>
      </trkpt>
      <trkpt lat="46.871886011213064" lon="-121.62525703199208">
        <ele>1296.5</ele>
        <time>2019-06-22T05:09:27Z</time>
      </trkpt>
      <trkpt lat="46.8718290142715" lon="-121.62526398897171">
        <ele>1301.1</ele>
        <time>2019-06-22T05:09:38Z</time>
      </trkpt>
      <trkpt lat="46.87174703925848" lon="-121.62529500201344">
        <ele>1309.3</ele>
        <time>2019-06-22T05:09:47Z</time>
      </trkpt>
      <trkpt lat="46.87170496210456" lon="-121.62528997287154">
        <ele>1308.3</ele>
        <time>2019-06-22T05:09:51Z</time>
      </trkpt>
      <trkpt lat="46.871525002643466" lon="-121.62526197731495">
        <ele>1308.0</ele>
        <time>2019-06-22T05:10:07Z</time>
      </trkpt>
      <trkpt lat="46.87151703983545" lon="-121.62525895982981">
        <ele>1307.2</ele>
        <time>2019-06-22T05:10:08Z</time>
      </trkpt>
      <trkpt lat="46.87147001735866" lon="-121.62526600062847">
        <ele>1306.9</ele>
        <time>2019-06-22T05:10:11Z</time>
      </trkpt>
      <trkpt lat="46.87138997018337" lon="-121.6253110114485">
        <ele>1305.6</ele>
        <time>2019-06-22T05:10:16Z</time>
      </trkpt>
      <trkpt lat="46.87135702930391" lon="-121.6253059823066">
        <ele>1307.0</ele>
        <time>2019-06-22T05:10:20Z</time>
      </trkpt>
      <trkpt lat="46.87133397907019" lon="-121.62533196620643">
        <ele>1306.1</ele>
        <time>2019-06-22T05:10:37Z</time>
      </trkpt>
      <trkpt lat="46.8713160417974" lon="-121.62532802671194">
        <ele>1306.9</ele>
        <time>2019-06-22T05:10:38Z</time>
      </trkpt>
      <trkpt lat="46.87126901932061" lon="-121.625344036147">
        <ele>1308.4</ele>
        <time>2019-06-22T05:10:42Z</time>
      </trkpt>
      <trkpt lat="46.871244041249156" lon="-121.62534001283348">
        <ele>1309.2</ele>
        <time>2019-06-22T05:10:45Z</time>
      </trkpt>
      <trkpt lat="46.87122995965183" lon="-121.62535702809691">
        <ele>1308.1</ele>
        <time>2019-06-22T05:10:46Z</time>
      </trkpt>
      <trkpt lat="46.87119198963046" lon="-121.62536800839007">
        <ele>1309.1</ele>
        <time>2019-06-22T05:10:50Z</time>
      </trkpt>
      <trkpt lat="46.87114597298205" lon="-121.62534101866186">
        <ele>1309.7</ele>
        <time>2019-06-22T05:10:58Z</time>
      </trkpt>
      <trkpt lat="46.87107598409057" lon="-121.6253250092268">
        <ele>1310.7</ele>
        <time>2019-06-22T05:11:02Z</time>
      </trkpt>
      <trkpt lat="46.871007001027465" lon="-121.62527999840677">
        <ele>1312.9</ele>
        <time>2019-06-22T05:11:05Z</time>
      </trkpt>
      <trkpt lat="46.870941035449505" lon="-121.62524303421378">
        <ele>1312.0</ele>
        <time>2019-06-22T05:11:14Z</time>
      </trkpt>
      <trkpt lat="46.870921002700925" lon="-121.62525200285017">
        <ele>1313.5</ele>
        <time>2019-06-22T05:11:17Z</time>
      </trkpt>
      <trkpt lat="46.87088496051729" lon="-121.62521101534367">
        <ele>1318.8</ele>
        <time>2019-06-22T05:11:22Z</time>
      </trkpt>
      <trkpt lat="46.870811032131314" lon="-121.62515996955335">
        <ele>1318.4</ele>
        <time>2019-06-22T05:11:29Z</time>
      </trkpt>
      <trkpt lat="46.870751017704606" lon="-121.6251400206238">
        <ele>1317.8</ele>
        <time>2019-06-22T05:11:41Z</time>
      </trkpt>
      <trkpt lat="46.87071396969259" lon="-121.62515703588724">
        <ele>1318.2</ele>
        <time>2019-06-22T05:11:44Z</time>
      </trkpt>
      <trkpt lat="46.87057399190962" lon="-121.62517799064517">
        <ele>1315.4</ele>
        <time>2019-06-22T05:11:55Z</time>
      </trkpt>
      <trkpt lat="46.87056896276772" lon="-121.62519601173699">
        <ele>1313.7</ele>
        <time>2019-06-22T05:12:06Z</time>
      </trkpt>
      <trkpt lat="46.87062696553767" lon="-121.62524697370827">
        <ele>1312.3</ele>
        <time>2019-06-22T05:12:09Z</time>
      </trkpt>
      <trkpt lat="46.8706719763577" lon="-121.6253300383687">
        <ele>1308.3</ele>
        <time>2019-06-22T05:12:14Z</time>
      </trkpt>
      <trkpt lat="46.870728973299265" lon="-121.62541201338172">
        <ele>1307.3</ele>
        <time>2019-06-22T05:12:19Z</time>
      </trkpt>
      <trkpt lat="46.87075403518975" lon="-121.62551703862846">
        <ele>1307.4</ele>
        <time>2019-06-22T05:12:25Z</time>
      </trkpt>
      <trkpt lat="46.87075202353299" lon="-121.62553397007287">
        <ele>1307.4</ele>
        <time>2019-06-22T05:12:26Z</time>
      </trkpt>
      <trkpt lat="46.87075898051262" lon="-121.62557403557003">
        <ele>1308.3</ele>
        <time>2019-06-22T05:12:29Z</time>
      </trkpt>
      <trkpt lat="46.8708479963243" lon="-121.6256389953196">
        <ele>1307.9</ele>
        <time>2019-06-22T05:12:36Z</time>
      </trkpt>
      <trkpt lat="46.870876997709274" lon="-121.62568400613964">
        <ele>1308.5</ele>
        <time>2019-06-22T05:12:38Z</time>
      </trkpt>
      <trkpt lat="46.87091798521578" lon="-121.62581099197268">
        <ele>1309.7</ele>
        <time>2019-06-22T05:12:44Z</time>
      </trkpt>
      <trkpt lat="46.870922008529305" lon="-121.62587997503579">
        <ele>1313.5</ele>
        <time>2019-06-22T05:12:47Z</time>
      </trkpt>
      <trkpt lat="46.8709500040859" lon="-121.62590998224914">
        <ele>1313.6</ele>
        <time>2019-06-22T05:12:49Z</time>
      </trkpt>
      <trkpt lat="46.87103600241244" lon="-121.62595499306917">
        <ele>1318.2</ele>
        <time>2019-06-22T05:12:55Z</time>
      </trkpt>
      <trkpt lat="46.87108503654599" lon="-121.62600402720273">
        <ele>1319.7</ele>
        <time>2019-06-22T05:13:00Z</time>
      </trkpt>
      <trkpt lat="46.871133986860514" lon="-121.62600796669722">
        <ele>1318.1</ele>
        <time>2019-06-22T05:13:03Z</time>
      </trkpt>
      <trkpt lat="46.87114999629557" lon="-121.6260140016675">
        <ele>1317.8</ele>
        <time>2019-06-22T05:13:04Z</time>
      </trkpt>
      <trkpt lat="46.87121101655066" lon="-121.62609295919538">
        <ele>1318.2</ele>
        <time>2019-06-22T05:13:10Z</time>
      </trkpt>
      <trkpt lat="46.871220991015434" lon="-121.62617803551257">
        <ele>1316.8</ele>
        <time>2019-06-22T05:13:14Z</time>
      </trkpt>
      <trkpt lat="46.87121797353029" lon="-121.62622204050422">
        <ele>1318.0</ele>
        <time>2019-06-22T05:13:17Z</time>
      </trkpt>
      <trkpt lat="46.87118302099407" lon="-121.62627099081874">
        <ele>1317.7</ele>
        <time>2019-06-22T05:13:21Z</time>
      </trkpt>
      <trkpt lat="46.871160976588726" lon="-121.6262679733336">
        <ele>1319.4</ele>
        <time>2019-06-22T05:13:23Z</time>
      </trkpt>
      <trkpt lat="46.871160976588726" lon="-121.62623503245413">
        <ele>1320.8</ele>
        <time>2019-06-22T05:13:31Z</time>
      </trkpt>
      <trkpt lat="46.871111020445824" lon="-121.6262040194124">
        <ele>1320.5</ele>
        <time>2019-06-22T05:13:35Z</time>
      </trkpt>
      <trkpt lat="46.87107900157571" lon="-121.62617401219904">
        <ele>1322.0</ele>
        <time>2019-06-22T05:13:39Z</time>
      </trkpt>
      <trkpt lat="46.871028961613774" lon="-121.62615003995597">
        <ele>1319.4</ele>
        <time>2019-06-22T05:13:43Z</time>
      </trkpt>
      <trkpt lat="46.87097900547087" lon="-121.62609597668052">
        <ele>1322.5</ele>
        <time>2019-06-22T05:13:47Z</time>
      </trkpt>
      <trkpt lat="46.87087498605251" lon="-121.62595096975565">
        <ele>1326.9</ele>
        <time>2019-06-22T05:14:06Z</time>
      </trkpt>
      <trkpt lat="46.8708429671824" lon="-121.62592498585582">
        <ele>1326.7</ele>
        <time>2019-06-22T05:14:08Z</time>
      </trkpt>
      <trkpt lat="46.870794016867876" lon="-121.6259119939059">
        <ele>1325.2</ele>
        <time>2019-06-22T05:14:11Z</time>
      </trkpt>
      <trkpt lat="46.8707409594208" lon="-121.62583395838737">
        <ele>1327.9</ele>
        <time>2019-06-22T05:14:15Z</time>
      </trkpt>
      <trkpt lat="46.87067801132798" lon="-121.62581300362945">
        <ele>1328.2</ele>
        <time>2019-06-22T05:14:22Z</time>
      </trkpt>
      <trkpt lat="46.87061296775937" lon="-121.6258379817009">
        <ele>1327.2</ele>
        <time>2019-06-22T05:14:32Z</time>
      </trkpt>
      <trkpt lat="46.87059100717306" lon="-121.62585902027786">
        <ele>1326.2</ele>
        <time>2019-06-22T05:14:34Z</time>
      </trkpt>
      <trkpt lat="46.87054197303951" lon="-121.62583303637803">
        <ele>1329.7</ele>
        <time>2019-06-22T05:14:38Z</time>
      </trkpt>
      <trkpt lat="46.87043099664152" lon="-121.62583697587252">
        <ele>1328.3</ele>
        <time>2019-06-22T05:14:44Z</time>
      </trkpt>
      <trkpt lat="46.87040199525654" lon="-121.62582599557936">
        <ele>1330.2</ele>
        <time>2019-06-22T05:14:50Z</time>
      </trkpt>
      <trkpt lat="46.87026201747358" lon="-121.62586002610624">
        <ele>1332.7</ele>
        <time>2019-06-22T05:15:01Z</time>
      </trkpt>
      <trkpt lat="46.87021801248193" lon="-121.62588399834931">
        <ele>1336.3</ele>
        <time>2019-06-22T05:15:04Z</time>
      </trkpt>
      <trkpt lat="46.87013000249863" lon="-121.62589003331959">
        <ele>1338.9</ele>
        <time>2019-06-22T05:15:08Z</time>
      </trkpt>
      <trkpt lat="46.87011902220547" lon="-121.62589397281408">
        <ele>1340.0</ele>
        <time>2019-06-22T05:15:09Z</time>
      </trkpt>
      <trkpt lat="46.87008096836507" lon="-121.62593496032059">
        <ele>1341.4</ele>
        <time>2019-06-22T05:15:14Z</time>
      </trkpt>
      <trkpt lat="46.86992900446057" lon="-121.6259860061109">
        <ele>1340.9</ele>
        <time>2019-06-22T05:15:22Z</time>
      </trkpt>
      <trkpt lat="46.86990603804588" lon="-121.62600201554596">
        <ele>1337.3</ele>
        <time>2019-06-22T05:15:23Z</time>
      </trkpt>
      <trkpt lat="46.86986303888261" lon="-121.62605599500239">
        <ele>1334.9</ele>
        <time>2019-06-22T05:15:26Z</time>
      </trkpt>
      <trkpt lat="46.869806963950396" lon="-121.62607996724546">
        <ele>1334.6</ele>
        <time>2019-06-22T05:15:32Z</time>
      </trkpt>
      <trkpt lat="46.86970101669431" lon="-121.62602699361742">
        <ele>1341.8</ele>
        <time>2019-06-22T05:15:39Z</time>
      </trkpt>
      <trkpt lat="46.86966799199581" lon="-121.62598701193929">
        <ele>1345.2</ele>
        <time>2019-06-22T05:15:49Z</time>
      </trkpt>
      <trkpt lat="46.86960596591234" lon="-121.62603202275932">
        <ele>1346.1</ele>
        <time>2019-06-22T05:15:55Z</time>
      </trkpt>
      <trkpt lat="46.8696219753474" lon="-121.62606202997267">
        <ele>1347.6</ele>
        <time>2019-06-22T05:15:59Z</time>
      </trkpt>
      <trkpt lat="46.869673021137714" lon="-121.62609597668052">
        <ele>1347.7</ele>
        <time>2019-06-22T05:16:05Z</time>
      </trkpt>
      <trkpt lat="46.869677966460586" lon="-121.62610603496432">
        <ele>1346.7</ele>
        <time>2019-06-22T05:16:06Z</time>
      </trkpt>
      <trkpt lat="46.86972498893738" lon="-121.62623796612024">
        <ele>1348.5</ele>
        <time>2019-06-22T05:16:32Z</time>
      </trkpt>
      <trkpt lat="46.869805036112666" lon="-121.62633796222508">
        <ele>1349.1</ele>
        <time>2019-06-22T05:16:36Z</time>
      </trkpt>
      <trkpt lat="46.86982297338545" lon="-121.62636503577232">
        <ele>1350.8</ele>
        <time>2019-06-22T05:16:37Z</time>
      </trkpt>
      <trkpt lat="46.869887011125684" lon="-121.62643100135028">
        <ele>1349.5</ele>
        <time>2019-06-22T05:16:39Z</time>
      </trkpt>
      <trkpt lat="46.86991601251066" lon="-121.62644298747182">
        <ele>1347.7</ele>
        <time>2019-06-22T05:16:40Z</time>
      </trkpt>
      <trkpt lat="46.869997987523675" lon="-121.62644198164344">
        <ele>1351.9</ele>
        <time>2019-06-22T05:16:46Z</time>
      </trkpt>
      <trkpt lat="46.870016008615494" lon="-121.62641800940037">
        <ele>1353.6</ele>
        <time>2019-06-22T05:16:48Z</time>
      </trkpt>
      <trkpt lat="46.870103012770414" lon="-121.6263890080154">
        <ele>1357.2</ele>
        <time>2019-06-22T05:16:59Z</time>
      </trkpt>
      <trkpt lat="46.87011600472033" lon="-121.6264109686017">
        <ele>1355.2</ele>
        <time>2019-06-22T05:17:00Z</time>
      </trkpt>
      <trkpt lat="46.87014098279178" lon="-121.62641499191523">
        <ele>1348.0</ele>
        <time>2019-06-22T05:17:07Z</time>
      </trkpt>
      <trkpt lat="46.87022597528994" lon="-121.62639101967216">
        <ele>1351.2</ele>
        <time>2019-06-22T05:17:16Z</time>
      </trkpt>
      <trkpt lat="46.870241984725" lon="-121.62638397887349">
        <ele>1351.4</ele>
        <time>2019-06-22T05:17:17Z</time>
      </trkpt>
      <trkpt lat="46.87039101496339" lon="-121.62635196000338">
        <ele>1354.6</ele>
        <time>2019-06-22T05:17:24Z</time>
      </trkpt>
      <trkpt lat="46.8704320024699" lon="-121.62635497748852">
        <ele>1356.3</ele>
        <time>2019-06-22T05:17:26Z</time>
      </trkpt>
      <trkpt lat="46.87045698054135" lon="-121.62636897526681">
        <ele>1354.5</ele>
        <time>2019-06-22T05:17:27Z</time>
      </trkpt>
      <trkpt lat="46.870469972491264" lon="-121.62638800218701">
        <ele>1353.2</ele>
        <time>2019-06-22T05:17:28Z</time>
      </trkpt>
      <trkpt lat="46.87047801911831" lon="-121.62643401883543">
        <ele>1352.2</ele>
        <time>2019-06-22T05:17:31Z</time>
      </trkpt>
      <trkpt lat="46.870467038825154" lon="-121.62644499912858">
        <ele>1351.0</ele>
        <time>2019-06-22T05:17:33Z</time>
      </trkpt>
      <trkpt lat="46.87041196972132" lon="-121.62646100856364">
        <ele>1352.4</ele>
        <time>2019-06-22T05:17:38Z</time>
      </trkpt>
      <trkpt lat="46.870384979993105" lon="-121.6264579910785">
        <ele>1353.7</ele>
        <time>2019-06-22T05:17:41Z</time>
      </trkpt>
      <trkpt lat="46.870337035506964" lon="-121.62642597220838">
        <ele>1356.3</ele>
        <time>2019-06-22T05:17:45Z</time>
      </trkpt>
      <trkpt lat="46.870320020243526" lon="-121.62643401883543">
        <ele>1354.2</ele>
        <time>2019-06-22T05:17:47Z</time>
      </trkpt>
      <trkpt lat="46.870294036343694" lon="-121.62648104131222">
        <ele>1355.0</ele>
        <time>2019-06-22T05:17:53Z</time>
      </trkpt>
      <trkpt lat="46.87025003135204" lon="-121.62650300189853">
        <ele>1359.2</ele>
        <time>2019-06-22T05:17:58Z</time>
      </trkpt>
      <trkpt lat="46.87017400749028" lon="-121.62658296525478">
        <ele>1359.0</ele>
        <time>2019-06-22T05:18:05Z</time>
      </trkpt>
      <trkpt lat="46.87015598639846" lon="-121.62662495858967">
        <ele>1357.0</ele>
        <time>2019-06-22T05:18:07Z</time>
      </trkpt>
      <trkpt lat="46.87012396752834" lon="-121.62667399272323">
        <ele>1359.1</ele>
        <time>2019-06-22T05:18:10Z</time>
      </trkpt>
      <trkpt lat="46.87003402970731" lon="-121.62666401825845">
        <ele>1360.9</ele>
        <time>2019-06-22T05:18:16Z</time>
      </trkpt>
      <trkpt lat="46.870019026100636" lon="-121.62666602991521">
        <ele>1360.6</ele>
        <time>2019-06-22T05:18:17Z</time>
      </trkpt>
      <trkpt lat="46.8699190299958" lon="-121.62669301964343">
        <ele>1356.3</ele>
        <time>2019-06-22T05:18:23Z</time>
      </trkpt>
      <trkpt lat="46.869957000017166" lon="-121.62672403268516">
        <ele>1352.2</ele>
        <time>2019-06-22T05:18:27Z</time>
      </trkpt>
      <trkpt lat="46.869974015280604" lon="-121.626757979393">
        <ele>1353.2</ele>
        <time>2019-06-22T05:18:29Z</time>
      </trkpt>
      <trkpt lat="46.86988298781216" lon="-121.62686702795327">
        <ele>1356.5</ele>
        <time>2019-06-22T05:18:37Z</time>
      </trkpt>
      <trkpt lat="46.869867984205484" lon="-121.62687096744776">
        <ele>1358.1</ele>
        <time>2019-06-22T05:18:39Z</time>
      </trkpt>
      <trkpt lat="46.86982196755707" lon="-121.62693098187447">
        <ele>1354.4</ele>
        <time>2019-06-22T05:18:44Z</time>
      </trkpt>
      <trkpt lat="46.869762036949396" lon="-121.62697297520936">
        <ele>1354.0</ele>
        <time>2019-06-22T05:18:48Z</time>
      </trkpt>
      <trkpt lat="46.869764970615506" lon="-121.62702402099967">
        <ele>1351.2</ele>
        <time>2019-06-22T05:18:52Z</time>
      </trkpt>
      <trkpt lat="46.869759019464254" lon="-121.6270500048995">
        <ele>1354.3</ele>
        <time>2019-06-22T05:18:55Z</time>
      </trkpt>
      <trkpt lat="46.86971099115908" lon="-121.62707498297095">
        <ele>1355.4</ele>
        <time>2019-06-22T05:18:58Z</time>
      </trkpt>
      <trkpt lat="46.86968601308763" lon="-121.62707598879933">
        <ele>1356.9</ele>
        <time>2019-06-22T05:19:00Z</time>
      </trkpt>
      <trkpt lat="46.86961703002453" lon="-121.62704195827246">
        <ele>1357.7</ele>
        <time>2019-06-22T05:19:03Z</time>
      </trkpt>
      <trkpt lat="46.8695720192045" lon="-121.62704296410084">
        <ele>1358.5</ele>
        <time>2019-06-22T05:19:05Z</time>
      </trkpt>
      <trkpt lat="46.86951896175742" lon="-121.6271240171045">
        <ele>1356.8</ele>
        <time>2019-06-22T05:19:10Z</time>
      </trkpt>
      <trkpt lat="46.86951803974807" lon="-121.62719802930951">
        <ele>1359.4</ele>
        <time>2019-06-22T05:19:17Z</time>
      </trkpt>
      <trkpt lat="46.869481997564435" lon="-121.62722703069448">
        <ele>1359.1</ele>
        <time>2019-06-22T05:19:25Z</time>
      </trkpt>
      <trkpt lat="46.86949800699949" lon="-121.62725703790784">
        <ele>1356.7</ele>
        <time>2019-06-22T05:19:26Z</time>
      </trkpt>
      <trkpt lat="46.86949800699949" lon="-121.62742702290416">
        <ele>1351.7</ele>
        <time>2019-06-22T05:19:34Z</time>
      </trkpt>
      <trkpt lat="46.869523990899324" lon="-121.6274990234524">
        <ele>1347.0</ele>
        <time>2019-06-22T05:19:38Z</time>
      </trkpt>
      <trkpt lat="46.869524996727705" lon="-121.62751100957394">
        <ele>1348.3</ele>
        <time>2019-06-22T05:19:39Z</time>
      </trkpt>
      <trkpt lat="46.869548968970776" lon="-121.62754001095891">
        <ele>1348.3</ele>
        <time>2019-06-22T05:19:42Z</time>
      </trkpt>
      <trkpt lat="46.86955098062754" lon="-121.62763397209346">
        <ele>1348.8</ele>
        <time>2019-06-22T05:19:47Z</time>
      </trkpt>
      <trkpt lat="46.869591968134046" lon="-121.62774503231049">
        <ele>1351.2</ele>
        <time>2019-06-22T05:19:53Z</time>
      </trkpt>
      <trkpt lat="46.86958098784089" lon="-121.62778903730214">
        <ele>1350.5</ele>
        <time>2019-06-22T05:19:56Z</time>
      </trkpt>
      <trkpt lat="46.86953203752637" lon="-121.6278909612447">
        <ele>1353.4</ele>
        <time>2019-06-22T05:20:02Z</time>
      </trkpt>
      <trkpt lat="46.869547041133046" lon="-121.62798098288476">
        <ele>1355.6</ele>
        <time>2019-06-22T05:20:06Z</time>
      </trkpt>
      <trkpt lat="46.86958400532603" lon="-121.62815599702299">
        <ele>1362.6</ele>
        <time>2019-06-22T05:20:15Z</time>
      </trkpt>
      <trkpt lat="46.8696219753474" lon="-121.62823897786438">
        <ele>1365.3</ele>
        <time>2019-06-22T05:20:19Z</time>
      </trkpt>
      <trkpt lat="46.86965902335942" lon="-121.62830896675587">
        <ele>1366.5</ele>
        <time>2019-06-22T05:20:24Z</time>
      </trkpt>
      <trkpt lat="46.869655000045896" lon="-121.62836504168808">
        <ele>1365.5</ele>
        <time>2019-06-22T05:20:27Z</time>
      </trkpt>
      <trkpt lat="46.86966698616743" lon="-121.62843201309443">
        <ele>1364.9</ele>
        <time>2019-06-22T05:20:32Z</time>
      </trkpt>
      <trkpt lat="46.86966598033905" lon="-121.62844500504434">
        <ele>1365.7</ele>
        <time>2019-06-22T05:20:33Z</time>
      </trkpt>
      <trkpt lat="46.869675032794476" lon="-121.62851801142097">
        <ele>1366.3</ele>
        <time>2019-06-22T05:20:37Z</time>
      </trkpt>
      <trkpt lat="46.86970001086593" lon="-121.62859797477722">
        <ele>1367.5</ele>
        <time>2019-06-22T05:20:41Z</time>
      </trkpt>
      <trkpt lat="46.869694981724024" lon="-121.62866301834583">
        <ele>1369.2</ele>
        <time>2019-06-22T05:20:44Z</time>
      </trkpt>
      <trkpt lat="46.869719959795475" lon="-121.62873099558055">
        <ele>1371.0</ele>
        <time>2019-06-22T05:20:49Z</time>
      </trkpt>
      <trkpt lat="46.86970696784556" lon="-121.62881397642195">
        <ele>1373.1</ele>
        <time>2019-06-22T05:20:54Z</time>
      </trkpt>
      <trkpt lat="46.86969003640115" lon="-121.6288360208273">
        <ele>1371.9</ele>
        <time>2019-06-22T05:20:56Z</time>
      </trkpt>
      <trkpt lat="46.869675032794476" lon="-121.62890902720392">
        <ele>1375.1</ele>
        <time>2019-06-22T05:21:00Z</time>
      </trkpt>
      <trkpt lat="46.86966899782419" lon="-121.62904095835984">
        <ele>1373.7</ele>
        <time>2019-06-22T05:21:07Z</time>
      </trkpt>
      <trkpt lat="46.869635973125696" lon="-121.62911396473646">
        <ele>1372.3</ele>
        <time>2019-06-22T05:21:12Z</time>
      </trkpt>
      <trkpt lat="46.86958299949765" lon="-121.6291640046984">
        <ele>1374.0</ele>
        <time>2019-06-22T05:21:16Z</time>
      </trkpt>
      <trkpt lat="46.869538994506" lon="-121.6292189899832">
        <ele>1371.7</ele>
        <time>2019-06-22T05:21:19Z</time>
      </trkpt>
      <trkpt lat="46.869526002556086" lon="-121.62928001023829">
        <ele>1371.4</ele>
        <time>2019-06-22T05:21:23Z</time>
      </trkpt>
      <trkpt lat="46.869506975635886" lon="-121.62931001745164">
        <ele>1371.6</ele>
        <time>2019-06-22T05:21:26Z</time>
      </trkpt>
      <trkpt lat="46.86947696842253" lon="-121.62930398248136">
        <ele>1370.0</ele>
        <time>2019-06-22T05:21:30Z</time>
      </trkpt>
      <trkpt lat="46.869417959824204" lon="-121.62933097220957">
        <ele>1372.7</ele>
        <time>2019-06-22T05:21:33Z</time>
      </trkpt>
      <trkpt lat="46.869350988417864" lon="-121.62935603410006">
        <ele>1374.1</ele>
        <time>2019-06-22T05:21:36Z</time>
      </trkpt>
      <trkpt lat="46.86931603588164" lon="-121.62935603410006">
        <ele>1375.9</ele>
        <time>2019-06-22T05:21:39Z</time>
      </trkpt>
      <trkpt lat="46.86930103227496" lon="-121.62937799468637">
        <ele>1374.7</ele>
        <time>2019-06-22T05:21:41Z</time>
      </trkpt>
      <trkpt lat="46.869289968162775" lon="-121.62945603020489">
        <ele>1378.1</ele>
        <time>2019-06-22T05:21:47Z</time>
      </trkpt>
      <trkpt lat="46.869291979819536" lon="-121.62947103381157">
        <ele>1376.9</ele>
        <time>2019-06-22T05:21:48Z</time>
      </trkpt>
      <trkpt lat="46.86931603588164" lon="-121.62954496219754">
        <ele>1378.2</ele>
        <time>2019-06-22T05:21:53Z</time>
      </trkpt>
      <trkpt lat="46.869332967326045" lon="-121.62956700660288">
        <ele>1380.7</ele>
        <time>2019-06-22T05:21:58Z</time>
      </trkpt>
      <trkpt lat="46.86930497176945" lon="-121.62969700992107">
        <ele>1374.4</ele>
        <time>2019-06-22T05:22:15Z</time>
      </trkpt>
      <trkpt lat="46.86929700896144" lon="-121.62977202795446">
        <ele>1373.4</ele>
        <time>2019-06-22T05:22:18Z</time>
      </trkpt>
      <trkpt lat="46.86927597038448" lon="-121.62983799353242">
        <ele>1375.7</ele>
        <time>2019-06-22T05:22:22Z</time>
      </trkpt>
      <trkpt lat="46.869202964007854" lon="-121.62987001240253">
        <ele>1375.2</ele>
        <time>2019-06-22T05:22:26Z</time>
      </trkpt>
      <trkpt lat="46.86916499398649" lon="-121.62990395911038">
        <ele>1376.3</ele>
        <time>2019-06-22T05:22:29Z</time>
      </trkpt>
      <trkpt lat="46.86913196928799" lon="-121.62994796410203">
        <ele>1375.9</ele>
        <time>2019-06-22T05:22:31Z</time>
      </trkpt>
      <trkpt lat="46.869117971509695" lon="-121.63004402071238">
        <ele>1378.2</ele>
        <time>2019-06-22T05:22:35Z</time>
      </trkpt>
      <trkpt lat="46.869096010923386" lon="-121.63007796742022">
        <ele>1377.6</ele>
        <time>2019-06-22T05:22:36Z</time>
      </trkpt>
      <trkpt lat="46.869049994274974" lon="-121.63010998629034">
        <ele>1378.9</ele>
        <time>2019-06-22T05:22:38Z</time>
      </trkpt>
      <trkpt lat="46.86905602924526" lon="-121.63020201958716">
        <ele>1379.4</ele>
        <time>2019-06-22T05:22:43Z</time>
      </trkpt>
      <trkpt lat="46.8690019659698" lon="-121.63023797795177">
        <ele>1380.6</ele>
        <time>2019-06-22T05:22:46Z</time>
      </trkpt>
      <trkpt lat="46.86899500899017" lon="-121.6302740201354">
        <ele>1377.5</ele>
        <time>2019-06-22T05:22:48Z</time>
      </trkpt>
      <trkpt lat="46.86901696957648" lon="-121.63030897267163">
        <ele>1378.3</ele>
        <time>2019-06-22T05:22:51Z</time>
      </trkpt>
      <trkpt lat="46.8690019659698" lon="-121.63040603511035">
        <ele>1382.2</ele>
        <time>2019-06-22T05:22:59Z</time>
      </trkpt>
      <trkpt lat="46.86898201704025" lon="-121.63042698986828">
        <ele>1382.7</ele>
        <time>2019-06-22T05:23:01Z</time>
      </trkpt>
      <trkpt lat="46.86893901787698" lon="-121.63044299930334">
        <ele>1384.1</ele>
        <time>2019-06-22T05:23:04Z</time>
      </trkpt>
      <trkpt lat="46.86890599317849" lon="-121.63052698597312">
        <ele>1386.5</ele>
        <time>2019-06-22T05:23:10Z</time>
      </trkpt>
      <trkpt lat="46.86887003481388" lon="-121.63059001788497">
        <ele>1391.4</ele>
        <time>2019-06-22T05:23:16Z</time>
      </trkpt>
      <trkpt lat="46.86889501288533" lon="-121.63064802065492">
        <ele>1394.4</ele>
        <time>2019-06-22T05:23:20Z</time>
      </trkpt>
      <trkpt lat="46.86889400705695" lon="-121.63068397901952">
        <ele>1392.9</ele>
        <time>2019-06-22T05:23:23Z</time>
      </trkpt>
      <trkpt lat="46.868855031207204" lon="-121.63077601231635">
        <ele>1393.5</ele>
        <time>2019-06-22T05:23:29Z</time>
      </trkpt>
      <trkpt lat="46.868877997621894" lon="-121.63081096485257">
        <ele>1392.8</ele>
        <time>2019-06-22T05:23:31Z</time>
      </trkpt>
      <trkpt lat="46.8688830267638" lon="-121.63083996623755">
        <ele>1392.0</ele>
        <time>2019-06-22T05:23:32Z</time>
      </trkpt>
      <trkpt lat="46.86886802315712" lon="-121.63094197399914">
        <ele>1392.0</ele>
        <time>2019-06-22T05:23:35Z</time>
      </trkpt>
      <trkpt lat="46.86887699179351" lon="-121.63109796121716">
        <ele>1397.3</ele>
        <time>2019-06-22T05:23:43Z</time>
      </trkpt>
      <trkpt lat="46.8688500020653" lon="-121.63112696260214">
        <ele>1396.0</ele>
        <time>2019-06-22T05:23:45Z</time>
      </trkpt>
      <trkpt lat="46.86881395988166" lon="-121.63114699535072">
        <ele>1395.3</ele>
        <time>2019-06-22T05:23:48Z</time>
      </trkpt>
      <trkpt lat="46.86878202483058" lon="-121.63121002726257">
        <ele>1398.2</ele>
        <time>2019-06-22T05:23:52Z</time>
      </trkpt>
      <trkpt lat="46.86878202483058" lon="-121.63123802281916">
        <ele>1399.9</ele>
        <time>2019-06-22T05:23:53Z</time>
      </trkpt>
      <trkpt lat="46.8688309751451" lon="-121.63138101808727">
        <ele>1399.9</ele>
        <time>2019-06-22T05:24:01Z</time>
      </trkpt>
      <trkpt lat="46.868818989023566" lon="-121.63145201280713">
        <ele>1401.4</ele>
        <time>2019-06-22T05:24:05Z</time>
      </trkpt>
      <trkpt lat="46.86884396709502" lon="-121.63159601390362">
        <ele>1397.9</ele>
        <time>2019-06-22T05:24:14Z</time>
      </trkpt>
      <trkpt lat="46.86884899623692" lon="-121.63164102472365">
        <ele>1396.4</ele>
        <time>2019-06-22T05:24:17Z</time>
      </trkpt>
      <trkpt lat="46.86882502399385" lon="-121.63175602443516">
        <ele>1397.6</ele>
        <time>2019-06-22T05:24:24Z</time>
      </trkpt>
      <trkpt lat="46.86882896348834" lon="-121.63184001110494">
        <ele>1396.6</ele>
        <time>2019-06-22T05:24:32Z</time>
      </trkpt>
      <trkpt lat="46.86878495849669" lon="-121.63186599500477">
        <ele>1397.7</ele>
        <time>2019-06-22T05:24:34Z</time>
      </trkpt>
      <trkpt lat="46.868729973211884" lon="-121.63187596946955">
        <ele>1399.9</ele>
        <time>2019-06-22T05:24:36Z</time>
      </trkpt>
      <trkpt lat="46.86869996599853" lon="-121.63190698251128">
        <ele>1399.5</ele>
        <time>2019-06-22T05:24:38Z</time>
      </trkpt>
      <trkpt lat="46.86866099014878" lon="-121.63198702968657">
        <ele>1398.6</ele>
        <time>2019-06-22T05:24:44Z</time>
      </trkpt>
      <trkpt lat="46.86865596100688" lon="-121.63204302079976">
        <ele>1396.2</ele>
        <time>2019-06-22T05:24:47Z</time>
      </trkpt>
      <trkpt lat="46.86863601207733" lon="-121.63213295862079">
        <ele>1397.6</ele>
        <time>2019-06-22T05:24:51Z</time>
      </trkpt>
      <trkpt lat="46.868602987378836" lon="-121.63217503577471">
        <ele>1397.9</ele>
        <time>2019-06-22T05:24:53Z</time>
      </trkpt>
      <trkpt lat="46.86863400042057" lon="-121.6322910413146">
        <ele>1400.2</ele>
        <time>2019-06-22T05:25:01Z</time>
      </trkpt>
      <trkpt lat="46.868640035390854" lon="-121.63230596110225">
        <ele>1401.6</ele>
        <time>2019-06-22T05:25:02Z</time>
      </trkpt>
      <trkpt lat="46.86863902956247" lon="-121.63251500576735">
        <ele>1406.0</ele>
        <time>2019-06-22T05:25:14Z</time>
      </trkpt>
      <trkpt lat="46.86864196322858" lon="-121.63252498023212">
        <ele>1407.6</ele>
        <time>2019-06-22T05:25:15Z</time>
      </trkpt>
      <trkpt lat="46.868601981550455" lon="-121.6327210329473">
        <ele>1406.9</ele>
        <time>2019-06-22T05:25:24Z</time>
      </trkpt>
      <trkpt lat="46.86864900402725" lon="-121.63278800435364">
        <ele>1405.3</ele>
        <time>2019-06-22T05:25:27Z</time>
      </trkpt>
      <trkpt lat="46.868646992370486" lon="-121.63282899186015">
        <ele>1406.8</ele>
        <time>2019-06-22T05:25:29Z</time>
      </trkpt>
      <trkpt lat="46.8686049990356" lon="-121.6328679677099">
        <ele>1406.3</ele>
        <time>2019-06-22T05:25:32Z</time>
      </trkpt>
      <trkpt lat="46.86859301291406" lon="-121.632892023772">
        <ele>1407.3</ele>
        <time>2019-06-22T05:25:34Z</time>
      </trkpt>
      <trkpt lat="46.8685910012573" lon="-121.63300098851323">
        <ele>1406.1</ele>
        <time>2019-06-22T05:25:41Z</time>
      </trkpt>
      <trkpt lat="46.86857599765062" lon="-121.6330719832331">
        <ele>1408.6</ele>
        <time>2019-06-22T05:25:45Z</time>
      </trkpt>
      <trkpt lat="46.86858496628702" lon="-121.63316803984344">
        <ele>1409.2</ele>
        <time>2019-06-22T05:25:50Z</time>
      </trkpt>
      <trkpt lat="46.86856803484261" lon="-121.633262000978">
        <ele>1411.8</ele>
        <time>2019-06-22T05:25:55Z</time>
      </trkpt>
      <trkpt lat="46.86856996268034" lon="-121.63328496739268">
        <ele>1411.7</ele>
        <time>2019-06-22T05:25:56Z</time>
      </trkpt>
      <trkpt lat="46.868583960458636" lon="-121.6333029884845">
        <ele>1413.4</ele>
        <time>2019-06-22T05:25:58Z</time>
      </trkpt>
      <trkpt lat="46.868580020964146" lon="-121.63333500735462">
        <ele>1410.2</ele>
        <time>2019-06-22T05:26:02Z</time>
      </trkpt>
      <trkpt lat="46.868554037064314" lon="-121.63338202983141">
        <ele>1410.1</ele>
        <time>2019-06-22T05:26:06Z</time>
      </trkpt>
      <trkpt lat="46.86857398599386" lon="-121.63349200040102">
        <ele>1412.6</ele>
        <time>2019-06-22T05:26:11Z</time>
      </trkpt>
      <trkpt lat="46.86854900792241" lon="-121.63356802426279">
        <ele>1410.0</ele>
        <time>2019-06-22T05:26:18Z</time>
      </trkpt>
      <trkpt lat="46.86857398599386" lon="-121.63365301676095">
        <ele>1411.3</ele>
        <time>2019-06-22T05:26:23Z</time>
      </trkpt>
      <trkpt lat="46.86858496628702" lon="-121.63374203257263">
        <ele>1410.3</ele>
        <time>2019-06-22T05:26:26Z</time>
      </trkpt>
      <trkpt lat="46.86859200708568" lon="-121.6337660048157">
        <ele>1410.9</ele>
        <time>2019-06-22T05:26:27Z</time>
      </trkpt>
      <trkpt lat="46.86859502457082" lon="-121.63382702507079">
        <ele>1413.3</ele>
        <time>2019-06-22T05:26:30Z</time>
      </trkpt>
      <trkpt lat="46.86858203262091" lon="-121.63385502062738">
        <ele>1414.4</ele>
        <time>2019-06-22T05:26:32Z</time>
      </trkpt>
      <trkpt lat="46.8684889934957" lon="-121.63394898176193">
        <ele>1412.3</ele>
        <time>2019-06-22T05:26:43Z</time>
      </trkpt>
      <trkpt lat="46.86848002485931" lon="-121.63398401811719">
        <ele>1411.7</ele>
        <time>2019-06-22T05:27:01Z</time>
      </trkpt>
      <trkpt lat="46.86850701458752" lon="-121.63415199145675">
        <ele>1411.9</ele>
        <time>2019-06-22T05:27:10Z</time>
      </trkpt>
      <trkpt lat="46.868474995717406" lon="-121.6342840064317">
        <ele>1413.6</ele>
        <time>2019-06-22T05:27:15Z</time>
      </trkpt>
      <trkpt lat="46.86846602708101" lon="-121.63430697284639">
        <ele>1413.5</ele>
        <time>2019-06-22T05:27:16Z</time>
      </trkpt>
      <trkpt lat="46.868472984060645" lon="-121.63438400253654">
        <ele>1413.5</ele>
        <time>2019-06-22T05:27:19Z</time>
      </trkpt>
      <trkpt lat="46.868536015972495" lon="-121.63459598086774">
        <ele>1414.1</ele>
        <time>2019-06-22T05:27:26Z</time>
      </trkpt>
      <trkpt lat="46.86852604150772" lon="-121.63465498946607">
        <ele>1412.1</ele>
        <time>2019-06-22T05:27:28Z</time>
      </trkpt>
      <trkpt lat="46.868516989052296" lon="-121.63475004024804">
        <ele>1413.2</ele>
        <time>2019-06-22T05:27:31Z</time>
      </trkpt>
      <trkpt lat="46.86846703290939" lon="-121.63489102385938">
        <ele>1412.3</ele>
        <time>2019-06-22T05:27:37Z</time>
      </trkpt>
      <trkpt lat="46.86846703290939" lon="-121.63494399748743">
        <ele>1411.2</ele>
        <time>2019-06-22T05:27:39Z</time>
      </trkpt>
      <trkpt lat="46.868452029302716" lon="-121.63510995917022">
        <ele>1415.2</ele>
        <time>2019-06-22T05:27:46Z</time>
      </trkpt>
      <trkpt lat="46.86846602708101" lon="-121.63520802743733">
        <ele>1412.5</ele>
        <time>2019-06-22T05:27:51Z</time>
      </trkpt>
      <trkpt lat="46.86846200376749" lon="-121.63531397469342">
        <ele>1415.9</ele>
        <time>2019-06-22T05:27:57Z</time>
      </trkpt>
      <trkpt lat="46.86848999932408" lon="-121.63538203574717">
        <ele>1418.4</ele>
        <time>2019-06-22T05:28:03Z</time>
      </trkpt>
      <trkpt lat="46.86850701458752" lon="-121.63546099327505">
        <ele>1422.3</ele>
        <time>2019-06-22T05:28:24Z</time>
      </trkpt>
      <trkpt lat="46.86847700737417" lon="-121.63551597855985">
        <ele>1419.0</ele>
        <time>2019-06-22T05:28:27Z</time>
      </trkpt>
      <trkpt lat="46.86841799877584" lon="-121.63560801185668">
        <ele>1415.6</ele>
        <time>2019-06-22T05:28:31Z</time>
      </trkpt>
      <trkpt lat="46.868407018482685" lon="-121.6356429643929">
        <ele>1416.5</ele>
        <time>2019-06-22T05:28:33Z</time>
      </trkpt>
      <trkpt lat="46.868428979068995" lon="-121.63570499047637">
        <ele>1415.9</ele>
        <time>2019-06-22T05:28:37Z</time>
      </trkpt>
      <trkpt lat="46.868431996554136" lon="-121.63577497936785">
        <ele>1417.5</ele>
        <time>2019-06-22T05:28:40Z</time>
      </trkpt>
      <trkpt lat="46.86846602708101" lon="-121.63587799295783">
        <ele>1419.2</ele>
        <time>2019-06-22T05:28:44Z</time>
      </trkpt>
      <trkpt lat="46.86847901903093" lon="-121.63598603568971">
        <ele>1422.7</ele>
        <time>2019-06-22T05:28:49Z</time>
      </trkpt>
      <trkpt lat="46.86848497018218" lon="-121.63605401292443">
        <ele>1424.9</ele>
        <time>2019-06-22T05:28:53Z</time>
      </trkpt>
      <trkpt lat="46.86854297295213" lon="-121.63617898710072">
        <ele>1428.0</ele>
        <time>2019-06-22T05:28:59Z</time>
      </trkpt>
      <trkpt lat="46.86856501735747" lon="-121.6362769715488">
        <ele>1429.6</ele>
        <time>2019-06-22T05:29:03Z</time>
      </trkpt>
      <trkpt lat="46.86861103400588" lon="-121.63638199679554">
        <ele>1432.3</ele>
        <time>2019-06-22T05:29:08Z</time>
      </trkpt>
      <trkpt lat="46.8686049990356" lon="-121.63643798790872">
        <ele>1431.6</ele>
        <time>2019-06-22T05:29:11Z</time>
      </trkpt>
      <trkpt lat="46.86859896406531" lon="-121.63646003231406">
        <ele>1431.2</ele>
        <time>2019-06-22T05:29:12Z</time>
      </trkpt>
      <trkpt lat="46.868535010144114" lon="-121.636629011482">
        <ele>1433.1</ele>
        <time>2019-06-22T05:29:21Z</time>
      </trkpt>
      <trkpt lat="46.86853098683059" lon="-121.63665901869535">
        <ele>1433.1</ele>
        <time>2019-06-22T05:29:22Z</time>
      </trkpt>
      <trkpt lat="46.86854699626565" lon="-121.63671500980854">
        <ele>1432.4</ele>
        <time>2019-06-22T05:29:24Z</time>
      </trkpt>
      <trkpt lat="46.86856401152909" lon="-121.63675599731505">
        <ele>1431.7</ele>
        <time>2019-06-22T05:29:26Z</time>
      </trkpt>
      <trkpt lat="46.868581026792526" lon="-121.63686596788466">
        <ele>1434.3</ele>
        <time>2019-06-22T05:29:30Z</time>
      </trkpt>
      <trkpt lat="46.86856904067099" lon="-121.63691701367497">
        <ele>1429.8</ele>
        <time>2019-06-22T05:29:32Z</time>
      </trkpt>
      <trkpt lat="46.86855101957917" lon="-121.63694098591805">
        <ele>1429.0</ele>
        <time>2019-06-22T05:29:34Z</time>
      </trkpt>
      <trkpt lat="46.86854699626565" lon="-121.6369849909097">
        <ele>1429.1</ele>
        <time>2019-06-22T05:29:36Z</time>
      </trkpt>
      <trkpt lat="46.86856602318585" lon="-121.63703503087163">
        <ele>1429.9</ele>
        <time>2019-06-22T05:29:39Z</time>
      </trkpt>
      <trkpt lat="46.86861103400588" lon="-121.6370780300349">
        <ele>1430.4</ele>
        <time>2019-06-22T05:29:43Z</time>
      </trkpt>
      <trkpt lat="46.86865403316915" lon="-121.63715497590601">
        <ele>1433.7</ele>
        <time>2019-06-22T05:29:47Z</time>
      </trkpt>
      <trkpt lat="46.86866199597716" lon="-121.63717802613974">
        <ele>1434.3</ele>
        <time>2019-06-22T05:29:48Z</time>
      </trkpt>
      <trkpt lat="46.868688985705376" lon="-121.63733300752938">
        <ele>1440.1</ele>
        <time>2019-06-22T05:29:54Z</time>
      </trkpt>
      <trkpt lat="46.868686974048615" lon="-121.63736402057111">
        <ele>1440.4</ele>
        <time>2019-06-22T05:29:55Z</time>
      </trkpt>
      <trkpt lat="46.868666019290686" lon="-121.63741800002754">
        <ele>1441.3</ele>
        <time>2019-06-22T05:29:57Z</time>
      </trkpt>
      <trkpt lat="46.868622014299035" lon="-121.6375080216676">
        <ele>1442.3</ele>
        <time>2019-06-22T05:30:04Z</time>
      </trkpt>
      <trkpt lat="46.868640035390854" lon="-121.63757599890232">
        <ele>1442.3</ele>
        <time>2019-06-22T05:30:09Z</time>
      </trkpt>
      <trkpt lat="46.86861899681389" lon="-121.63765696808696">
        <ele>1441.2</ele>
        <time>2019-06-22T05:30:13Z</time>
      </trkpt>
      <trkpt lat="46.86858898960054" lon="-121.6377619933337">
        <ele>1441.4</ele>
        <time>2019-06-22T05:30:17Z</time>
      </trkpt>
      <trkpt lat="46.86861103400588" lon="-121.63781303912401">
        <ele>1444.0</ele>
        <time>2019-06-22T05:30:21Z</time>
      </trkpt>
      <trkpt lat="46.868601981550455" lon="-121.63787799887359">
        <ele>1445.6</ele>
        <time>2019-06-22T05:30:24Z</time>
      </trkpt>
      <trkpt lat="46.86861698515713" lon="-121.63794295862317">
        <ele>1446.4</ele>
        <time>2019-06-22T05:30:28Z</time>
      </trkpt>
      <trkpt lat="46.868645986542106" lon="-121.63801001384854">
        <ele>1446.5</ele>
        <time>2019-06-22T05:30:34Z</time>
      </trkpt>
      <trkpt lat="46.868663001805544" lon="-121.63809400051832">
        <ele>1445.4</ele>
        <time>2019-06-22T05:30:40Z</time>
      </trkpt>
      <trkpt lat="46.868667025119066" lon="-121.63818402215838">
        <ele>1448.4</ele>
        <time>2019-06-22T05:30:45Z</time>
      </trkpt>
      <trkpt lat="46.868710024282336" lon="-121.63824495859444">
        <ele>1447.7</ele>
        <time>2019-06-22T05:30:50Z</time>
      </trkpt>
      <trkpt lat="46.86871798709035" lon="-121.63832198828459">
        <ele>1447.1</ele>
        <time>2019-06-22T05:30:55Z</time>
      </trkpt>
      <trkpt lat="46.86874397099018" lon="-121.63837202824652">
        <ele>1444.7</ele>
        <time>2019-06-22T05:30:58Z</time>
      </trkpt>
      <trkpt lat="46.86878001317382" lon="-121.63841997273266">
        <ele>1446.3</ele>
        <time>2019-06-22T05:31:02Z</time>
      </trkpt>
      <trkpt lat="46.86878403648734" lon="-121.6384560149163">
        <ele>1446.0</ele>
        <time>2019-06-22T05:31:06Z</time>
      </trkpt>
      <trkpt lat="46.8687670212239" lon="-121.63852600380778">
        <ele>1442.0</ele>
        <time>2019-06-22T05:31:10Z</time>
      </trkpt>
      <trkpt lat="46.868772972375154" lon="-121.63862801156938">
        <ele>1444.8</ele>
        <time>2019-06-22T05:31:15Z</time>
      </trkpt>
      <trkpt lat="46.868775989860296" lon="-121.63863798603415">
        <ele>1444.1</ele>
        <time>2019-06-22T05:31:16Z</time>
      </trkpt>
      <trkpt lat="46.86875604093075" lon="-121.63875298574567">
        <ele>1442.6</ele>
        <time>2019-06-22T05:31:21Z</time>
      </trkpt>
      <trkpt lat="46.868775989860296" lon="-121.638811994344">
        <ele>1444.8</ele>
        <time>2019-06-22T05:31:23Z</time>
      </trkpt>
      <trkpt lat="46.86877096071839" lon="-121.63886304013431">
        <ele>1445.1</ele>
        <time>2019-06-22T05:31:26Z</time>
      </trkpt>
      <trkpt lat="46.868773978203535" lon="-121.638886006549">
        <ele>1445.8</ele>
        <time>2019-06-22T05:31:27Z</time>
      </trkpt>
      <trkpt lat="46.86880297958851" lon="-121.63904501125216">
        <ele>1444.6</ele>
        <time>2019-06-22T05:31:33Z</time>
      </trkpt>
      <trkpt lat="46.868770038709044" lon="-121.63909597322345">
        <ele>1444.7</ele>
        <time>2019-06-22T05:31:35Z</time>
      </trkpt>
      <trkpt lat="46.86876500956714" lon="-121.63912396878004">
        <ele>1442.7</ele>
        <time>2019-06-22T05:31:36Z</time>
      </trkpt>
      <trkpt lat="46.86876802705228" lon="-121.63914701901376">
        <ele>1443.3</ele>
        <time>2019-06-22T05:31:37Z</time>
      </trkpt>
      <trkpt lat="46.86879996210337" lon="-121.63920099847019">
        <ele>1443.8</ele>
        <time>2019-06-22T05:31:40Z</time>
      </trkpt>
      <trkpt lat="46.86876299791038" lon="-121.6392800398171">
        <ele>1442.4</ele>
        <time>2019-06-22T05:31:45Z</time>
      </trkpt>
      <trkpt lat="46.86876098625362" lon="-121.63934198208153">
        <ele>1443.6</ele>
        <time>2019-06-22T05:31:51Z</time>
      </trkpt>
      <trkpt lat="46.868726033717394" lon="-121.63939403370023">
        <ele>1442.6</ele>
        <time>2019-06-22T05:31:54Z</time>
      </trkpt>
      <trkpt lat="46.86869896017015" lon="-121.63941700011492">
        <ele>1444.0</ele>
        <time>2019-06-22T05:31:56Z</time>
      </trkpt>
      <trkpt lat="46.86870298348367" lon="-121.63945203647017">
        <ele>1449.0</ele>
        <time>2019-06-22T05:32:00Z</time>
      </trkpt>
      <trkpt lat="46.868730979040265" lon="-121.6395060159266">
        <ele>1451.0</ele>
        <time>2019-06-22T05:32:05Z</time>
      </trkpt>
      <trkpt lat="46.868727039545774" lon="-121.63952202536166">
        <ele>1451.2</ele>
        <time>2019-06-22T05:32:06Z</time>
      </trkpt>
      <trkpt lat="46.86866099014878" lon="-121.639588996768">
        <ele>1449.1</ele>
        <time>2019-06-22T05:32:11Z</time>
      </trkpt>
      <trkpt lat="46.86864900402725" lon="-121.63961598649621">
        <ele>1449.5</ele>
        <time>2019-06-22T05:32:12Z</time>
      </trkpt>
      <trkpt lat="46.868664007633924" lon="-121.63972101174295">
        <ele>1445.9</ele>
        <time>2019-06-22T05:32:17Z</time>
      </trkpt>
      <trkpt lat="46.868709018453956" lon="-121.63984104059637">
        <ele>1447.9</ele>
        <time>2019-06-22T05:32:24Z</time>
      </trkpt>
      <trkpt lat="46.8687479943037" lon="-121.63989200256765">
        <ele>1448.6</ele>
        <time>2019-06-22T05:32:26Z</time>
      </trkpt>
      <trkpt lat="46.8687810190022" lon="-121.63992796093225">
        <ele>1449.0</ele>
        <time>2019-06-22T05:32:27Z</time>
      </trkpt>
      <trkpt lat="46.86878998763859" lon="-121.63995997980237">
        <ele>1446.4</ele>
        <time>2019-06-22T05:32:29Z</time>
      </trkpt>
      <trkpt lat="46.86874698847532" lon="-121.64004396647215">
        <ele>1446.5</ele>
        <time>2019-06-22T05:32:36Z</time>
      </trkpt>
      <trkpt lat="46.86872796155512" lon="-121.6401120275259">
        <ele>1448.8</ele>
        <time>2019-06-22T05:32:40Z</time>
      </trkpt>
      <trkpt lat="46.86874497681856" lon="-121.64019903168082">
        <ele>1451.7</ele>
        <time>2019-06-22T05:32:44Z</time>
      </trkpt>
      <trkpt lat="46.86878403648734" lon="-121.64031595923007">
        <ele>1453.8</ele>
        <time>2019-06-22T05:32:51Z</time>
      </trkpt>
      <trkpt lat="46.86877900734544" lon="-121.64042299613357">
        <ele>1454.2</ele>
        <time>2019-06-22T05:32:56Z</time>
      </trkpt>
      <trkpt lat="46.868773978203535" lon="-121.64044202305377">
        <ele>1454.2</ele>
        <time>2019-06-22T05:32:57Z</time>
      </trkpt>
      <trkpt lat="46.86878495849669" lon="-121.6404870338738">
        <ele>1454.4</ele>
        <time>2019-06-22T05:33:01Z</time>
      </trkpt>
      <trkpt lat="46.86882602982223" lon="-121.6405420191586">
        <ele>1455.0</ele>
        <time>2019-06-22T05:33:05Z</time>
      </trkpt>
      <trkpt lat="46.8688449729234" lon="-121.64065500721335">
        <ele>1457.7</ele>
        <time>2019-06-22T05:33:14Z</time>
      </trkpt>
      <trkpt lat="46.86884203925729" lon="-121.64067403413355">
        <ele>1457.3</ele>
        <time>2019-06-22T05:33:15Z</time>
      </trkpt>
      <trkpt lat="46.86884799040854" lon="-121.64079397916794">
        <ele>1460.5</ele>
        <time>2019-06-22T05:33:20Z</time>
      </trkpt>
      <trkpt lat="46.868857964873314" lon="-121.64082197472453">
        <ele>1459.8</ele>
        <time>2019-06-22T05:33:22Z</time>
      </trkpt>
      <trkpt lat="46.868904987350106" lon="-121.64087201468647">
        <ele>1455.0</ele>
        <time>2019-06-22T05:33:29Z</time>
      </trkpt>
      <trkpt lat="46.8689329829067" lon="-121.64093202911317">
        <ele>1454.4</ele>
        <time>2019-06-22T05:33:34Z</time>
      </trkpt>
      <trkpt lat="46.868923008441925" lon="-121.64096203632653">
        <ele>1456.0</ele>
        <time>2019-06-22T05:33:36Z</time>
      </trkpt>
      <trkpt lat="46.86897195875645" lon="-121.64105398580432">
        <ele>1459.2</ele>
        <time>2019-06-22T05:33:43Z</time>
      </trkpt>
      <trkpt lat="46.86897497624159" lon="-121.64112498052418">
        <ele>1464.1</ele>
        <time>2019-06-22T05:33:47Z</time>
      </trkpt>
      <trkpt lat="46.868990985676646" lon="-121.64125096052885">
        <ele>1467.5</ele>
        <time>2019-06-22T05:33:54Z</time>
      </trkpt>
      <trkpt lat="46.868986040353775" lon="-121.64128800854087">
        <ele>1468.4</ele>
        <time>2019-06-22T05:33:56Z</time>
      </trkpt>
      <trkpt lat="46.86895100399852" lon="-121.64137903600931">
        <ele>1470.0</ele>
        <time>2019-06-22T05:34:02Z</time>
      </trkpt>
      <trkpt lat="46.868947986513376" lon="-121.64146201685071">
        <ele>1471.7</ele>
        <time>2019-06-22T05:34:06Z</time>
      </trkpt>
      <trkpt lat="46.86895502731204" lon="-121.6414849832654">
        <ele>1472.4</ele>
        <time>2019-06-22T05:34:07Z</time>
      </trkpt>
      <trkpt lat="46.86901303008199" lon="-121.64157902821898">
        <ele>1475.0</ele>
        <time>2019-06-22T05:34:13Z</time>
      </trkpt>
      <trkpt lat="46.86904203146696" lon="-121.64170400239527">
        <ele>1476.0</ele>
        <time>2019-06-22T05:34:23Z</time>
      </trkpt>
      <trkpt lat="46.86905996873975" lon="-121.64173099212348">
        <ele>1475.8</ele>
        <time>2019-06-22T05:34:24Z</time>
      </trkpt>
      <trkpt lat="46.86909098178148" lon="-121.64173199795187">
        <ele>1475.3</ele>
        <time>2019-06-22T05:34:26Z</time>
      </trkpt>
      <trkpt lat="46.86908402480185" lon="-121.64179301820695">
        <ele>1477.8</ele>
        <time>2019-06-22T05:34:33Z</time>
      </trkpt>
      <trkpt lat="46.869093999266624" lon="-121.64188203401864">
        <ele>1477.6</ele>
        <time>2019-06-22T05:34:37Z</time>
      </trkpt>
      <trkpt lat="46.86909198760986" lon="-121.64201203733683">
        <ele>1479.3</ele>
        <time>2019-06-22T05:34:42Z</time>
      </trkpt>
      <trkpt lat="46.869093999266624" lon="-121.6420410387218">
        <ele>1480.4</ele>
        <time>2019-06-22T05:34:43Z</time>
      </trkpt>
      <trkpt lat="46.86909098178148" lon="-121.64209300652146">
        <ele>1481.1</ele>
        <time>2019-06-22T05:34:45Z</time>
      </trkpt>
      <trkpt lat="46.869115959852934" lon="-121.64218101650476">
        <ele>1482.0</ele>
        <time>2019-06-22T05:34:50Z</time>
      </trkpt>
      <trkpt lat="46.86916599981487" lon="-121.64229400455952">
        <ele>1481.7</ele>
        <time>2019-06-22T05:34:57Z</time>
      </trkpt>
      <trkpt lat="46.86917597427964" lon="-121.64235795848072">
        <ele>1484.5</ele>
        <time>2019-06-22T05:35:00Z</time>
      </trkpt>
      <trkpt lat="46.86915401369333" lon="-121.64243096485734">
        <ele>1487.8</ele>
        <time>2019-06-22T05:35:04Z</time>
      </trkpt>
      <trkpt lat="46.869158037006855" lon="-121.64250296540558">
        <ele>1490.7</ele>
        <time>2019-06-22T05:35:07Z</time>
      </trkpt>
      <trkpt lat="46.86914999037981" lon="-121.6425260156393">
        <ele>1490.8</ele>
        <time>2019-06-22T05:35:08Z</time>
      </trkpt>
      <trkpt lat="46.869160970672965" lon="-121.64256901480258">
        <ele>1488.0</ele>
        <time>2019-06-22T05:35:12Z</time>
      </trkpt>
      <trkpt lat="46.86925702728331" lon="-121.64272198453546">
        <ele>1492.1</ele>
        <time>2019-06-22T05:35:35Z</time>
      </trkpt>
      <trkpt lat="46.86927203088999" lon="-121.6427939850837">
        <ele>1493.3</ele>
        <time>2019-06-22T05:35:37Z</time>
      </trkpt>
      <trkpt lat="46.869288040325046" lon="-121.64282097481191">
        <ele>1491.9</ele>
        <time>2019-06-22T05:35:38Z</time>
      </trkpt>
      <trkpt lat="46.86934000812471" lon="-121.64285701699555">
        <ele>1488.0</ele>
        <time>2019-06-22T05:35:41Z</time>
      </trkpt>
      <trkpt lat="46.869371021166444" lon="-121.64294896647334">
        <ele>1488.0</ele>
        <time>2019-06-22T05:35:48Z</time>
      </trkpt>
      <trkpt lat="46.869375966489315" lon="-121.642956007272">
        <ele>1487.1</ele>
        <time>2019-06-22T05:35:49Z</time>
      </trkpt>
      <trkpt lat="46.86936699785292" lon="-121.64304703474045">
        <ele>1490.2</ele>
        <time>2019-06-22T05:36:01Z</time>
      </trkpt>
      <trkpt lat="46.869419971480966" lon="-121.64312498643994">
        <ele>1484.4</ele>
        <time>2019-06-22T05:36:20Z</time>
      </trkpt>
      <trkpt lat="46.86944201588631" lon="-121.64318198338151">
        <ele>1484.7</ele>
        <time>2019-06-22T05:36:23Z</time>
      </trkpt>
      <trkpt lat="46.86945500783622" lon="-121.64320201613009">
        <ele>1484.5</ele>
        <time>2019-06-22T05:36:24Z</time>
      </trkpt>
      <trkpt lat="46.86957101337612" lon="-121.64339597336948">
        <ele>1478.8</ele>
        <time>2019-06-22T05:36:36Z</time>
      </trkpt>
      <trkpt lat="46.86958299949765" lon="-121.64341298863292">
        <ele>1480.7</ele>
        <time>2019-06-22T05:36:37Z</time>
      </trkpt>
      <trkpt lat="46.86960202641785" lon="-121.64346101693809">
        <ele>1483.9</ele>
        <time>2019-06-22T05:36:39Z</time>
      </trkpt>
      <trkpt lat="46.869612000882626" lon="-121.64357702247798">
        <ele>1488.1</ele>
        <time>2019-06-22T05:36:44Z</time>
      </trkpt>
      <trkpt lat="46.8696410022676" lon="-121.64362999610603">
        <ele>1490.1</ele>
        <time>2019-06-22T05:36:47Z</time>
      </trkpt>
      <trkpt lat="46.869633039459586" lon="-121.64373602718115">
        <ele>1495.8</ele>
        <time>2019-06-22T05:36:51Z</time>
      </trkpt>
      <trkpt lat="46.869656005874276" lon="-121.64387399330735">
        <ele>1497.2</ele>
        <time>2019-06-22T05:37:01Z</time>
      </trkpt>
      <trkpt lat="46.8696600291878" lon="-121.64388396777213">
        <ele>1497.6</ele>
        <time>2019-06-22T05:37:02Z</time>
      </trkpt>
      <trkpt lat="46.86973102390766" lon="-121.64400701411068">
        <ele>1498.8</ele>
        <time>2019-06-22T05:37:13Z</time>
      </trkpt>
      <trkpt lat="46.86977100558579" lon="-121.64403702132404">
        <ele>1502.4</ele>
        <time>2019-06-22T05:37:16Z</time>
      </trkpt>
      <trkpt lat="46.86983797699213" lon="-121.64416803047061">
        <ele>1504.1</ele>
        <time>2019-06-22T05:37:23Z</time>
      </trkpt>
      <trkpt lat="46.869844011962414" lon="-121.64419300854206">
        <ele>1504.5</ele>
        <time>2019-06-22T05:37:24Z</time>
      </trkpt>
      <trkpt lat="46.869823979213834" lon="-121.64424698799849">
        <ele>1506.3</ele>
        <time>2019-06-22T05:37:27Z</time>
      </trkpt>
      <trkpt lat="46.86982297338545" lon="-121.6443260293454">
        <ele>1508.4</ele>
        <time>2019-06-22T05:37:36Z</time>
      </trkpt>
      <trkpt lat="46.86983596533537" lon="-121.64434698410332">
        <ele>1505.9</ele>
        <time>2019-06-22T05:37:38Z</time>
      </trkpt>
      <trkpt lat="46.8698860052973" lon="-121.64436902850866">
        <ele>1504.2</ele>
        <time>2019-06-22T05:37:41Z</time>
      </trkpt>
      <trkpt lat="46.86991802416742" lon="-121.64443398825824">
        <ele>1503.1</ele>
        <time>2019-06-22T05:37:45Z</time>
      </trkpt>
      <trkpt lat="46.86994601972401" lon="-121.64445796050131">
        <ele>1502.9</ele>
        <time>2019-06-22T05:37:47Z</time>
      </trkpt>
      <trkpt lat="46.870017014443874" lon="-121.64448503404856">
        <ele>1504.2</ele>
        <time>2019-06-22T05:37:51Z</time>
      </trkpt>
      <trkpt lat="46.870060013607144" lon="-121.64453499019146">
        <ele>1503.2</ele>
        <time>2019-06-22T05:37:56Z</time>
      </trkpt>
      <trkpt lat="46.87006697058678" lon="-121.64454798214138">
        <ele>1503.2</ele>
        <time>2019-06-22T05:37:57Z</time>
      </trkpt>
      <trkpt lat="46.87015003524721" lon="-121.64465200155973">
        <ele>1505.5</ele>
        <time>2019-06-22T05:38:05Z</time>
      </trkpt>
      <trkpt lat="46.87016000971198" lon="-121.64468603208661">
        <ele>1507.5</ele>
        <time>2019-06-22T05:38:07Z</time>
      </trkpt>
      <trkpt lat="46.870148023590446" lon="-121.64474797435105">
        <ele>1509.8</ele>
        <time>2019-06-22T05:38:10Z</time>
      </trkpt>
      <trkpt lat="46.87014400027692" lon="-121.64478996768594">
        <ele>1510.5</ele>
        <time>2019-06-22T05:38:12Z</time>
      </trkpt>
      <trkpt lat="46.87010996975005" lon="-121.64490496739745">
        <ele>1511.8</ele>
        <time>2019-06-22T05:38:26Z</time>
      </trkpt>
      <trkpt lat="46.870106030255556" lon="-121.64497202262282">
        <ele>1509.4</ele>
        <time>2019-06-22T05:38:29Z</time>
      </trkpt>
      <trkpt lat="46.87009303830564" lon="-121.6450560092926">
        <ele>1512.1</ele>
        <time>2019-06-22T05:38:32Z</time>
      </trkpt>
      <trkpt lat="46.87011198140681" lon="-121.64514100179076">
        <ele>1510.9</ele>
        <time>2019-06-22T05:38:36Z</time>
      </trkpt>
      <trkpt lat="46.870103012770414" lon="-121.64521199651062">
        <ele>1511.2</ele>
        <time>2019-06-22T05:38:40Z</time>
      </trkpt>
      <trkpt lat="46.87009102664888" lon="-121.64524200372398">
        <ele>1510.3</ele>
        <time>2019-06-22T05:38:41Z</time>
      </trkpt>
      <trkpt lat="46.8700519669801" lon="-121.6452959831804">
        <ele>1506.0</ele>
        <time>2019-06-22T05:38:44Z</time>
      </trkpt>
      <trkpt lat="46.870021959766746" lon="-121.64536999538541">
        <ele>1507.4</ele>
        <time>2019-06-22T05:38:47Z</time>
      </trkpt>
      <trkpt lat="46.870017014443874" lon="-121.64544995874166">
        <ele>1505.8</ele>
        <time>2019-06-22T05:38:51Z</time>
      </trkpt>
      <trkpt lat="46.870018020272255" lon="-121.64548398926854">
        <ele>1504.6</ele>
        <time>2019-06-22T05:38:52Z</time>
      </trkpt>
      <trkpt lat="46.87002900056541" lon="-121.64560602977872">
        <ele>1504.1</ele>
        <time>2019-06-22T05:38:57Z</time>
      </trkpt>
      <trkpt lat="46.87008800916374" lon="-121.64569496177137">
        <ele>1502.2</ele>
        <time>2019-06-22T05:39:02Z</time>
      </trkpt>
      <trkpt lat="46.8701539747417" lon="-121.6457589995116">
        <ele>1502.9</ele>
        <time>2019-06-22T05:39:08Z</time>
      </trkpt>
      <trkpt lat="46.87016302719712" lon="-121.64578498341143">
        <ele>1503.1</ele>
        <time>2019-06-22T05:39:11Z</time>
      </trkpt>
      <trkpt lat="46.87018197029829" lon="-121.64578498341143">
        <ele>1501.6</ele>
        <time>2019-06-22T05:39:12Z</time>
      </trkpt>
      <trkpt lat="46.87019303441048" lon="-121.6458139847964">
        <ele>1503.4</ele>
        <time>2019-06-22T05:39:15Z</time>
      </trkpt>
      <trkpt lat="46.87017702497542" lon="-121.64585497230291">
        <ele>1503.5</ele>
        <time>2019-06-22T05:39:17Z</time>
      </trkpt>
      <trkpt lat="46.87014198862016" lon="-121.6459210216999">
        <ele>1505.8</ele>
        <time>2019-06-22T05:39:22Z</time>
      </trkpt>
      <trkpt lat="46.87012002803385" lon="-121.64594197645783">
        <ele>1507.4</ele>
        <time>2019-06-22T05:39:26Z</time>
      </trkpt>
      <trkpt lat="46.87011701054871" lon="-121.64607499726117">
        <ele>1503.4</ele>
        <time>2019-06-22T05:39:36Z</time>
      </trkpt>
      <trkpt lat="46.87011701054871" lon="-121.64626903831959">
        <ele>1498.3</ele>
        <time>2019-06-22T05:39:45Z</time>
      </trkpt>
      <trkpt lat="46.8701399769634" lon="-121.64633600972593">
        <ele>1497.1</ele>
        <time>2019-06-22T05:39:49Z</time>
      </trkpt>
      <trkpt lat="46.87014098279178" lon="-121.64639401249588">
        <ele>1497.7</ele>
        <time>2019-06-22T05:39:51Z</time>
      </trkpt>
      <trkpt lat="46.87011701054871" lon="-121.64646500721574">
        <ele>1501.4</ele>
        <time>2019-06-22T05:39:55Z</time>
      </trkpt>
      <trkpt lat="46.87009597197175" lon="-121.64648696780205">
        <ele>1502.2</ele>
        <time>2019-06-22T05:39:57Z</time>
      </trkpt>
      <trkpt lat="46.870082980021834" lon="-121.64651999250054">
        <ele>1504.2</ele>
        <time>2019-06-22T05:40:03Z</time>
      </trkpt>
      <trkpt lat="46.87009396031499" lon="-121.64657196030021">
        <ele>1501.0</ele>
        <time>2019-06-22T05:40:17Z</time>
      </trkpt>
      <trkpt lat="46.87009203247726" lon="-121.64659802801907">
        <ele>1499.4</ele>
        <time>2019-06-22T05:40:18Z</time>
      </trkpt>
      <trkpt lat="46.87009496614337" lon="-121.64667597971857">
        <ele>1496.1</ele>
        <time>2019-06-22T05:40:23Z</time>
      </trkpt>
      <trkpt lat="46.870061019435525" lon="-121.64672501385212">
        <ele>1496.9</ele>
        <time>2019-06-22T05:40:30Z</time>
      </trkpt>
      <trkpt lat="46.870060013607144" lon="-121.64679097943008">
        <ele>1498.9</ele>
        <time>2019-06-22T05:40:33Z</time>
      </trkpt>
      <trkpt lat="46.87005003914237" lon="-121.64681696332991">
        <ele>1499.9</ele>
        <time>2019-06-22T05:40:34Z</time>
      </trkpt>
      <trkpt lat="46.869979966431856" lon="-121.64689801633358">
        <ele>1499.7</ele>
        <time>2019-06-22T05:40:38Z</time>
      </trkpt>
      <trkpt lat="46.86996697448194" lon="-121.6469990182668">
        <ele>1502.6</ele>
        <time>2019-06-22T05:40:43Z</time>
      </trkpt>
      <trkpt lat="46.86993897892535" lon="-121.6470540035516">
        <ele>1501.1</ele>
        <time>2019-06-22T05:40:46Z</time>
      </trkpt>
      <trkpt lat="46.86994300223887" lon="-121.64707495830953">
        <ele>1501.5</ele>
        <time>2019-06-22T05:40:47Z</time>
      </trkpt>
      <trkpt lat="46.87003000639379" lon="-121.64718803018332">
        <ele>1498.5</ele>
        <time>2019-06-22T05:40:53Z</time>
      </trkpt>
      <trkpt lat="46.870059007778764" lon="-121.64719398133457">
        <ele>1496.3</ele>
        <time>2019-06-22T05:40:54Z</time>
      </trkpt>
      <trkpt lat="46.87006998807192" lon="-121.64721895940602">
        <ele>1495.8</ele>
        <time>2019-06-22T05:40:56Z</time>
      </trkpt>
      <trkpt lat="46.87005599029362" lon="-121.6472580190748">
        <ele>1497.6</ele>
        <time>2019-06-22T05:40:58Z</time>
      </trkpt>
      <trkpt lat="46.870063031092286" lon="-121.64730101823807">
        <ele>1492.5</ele>
        <time>2019-06-22T05:41:02Z</time>
      </trkpt>
      <trkpt lat="46.87007702887058" lon="-121.64732297882438">
        <ele>1491.6</ele>
        <time>2019-06-22T05:41:04Z</time>
      </trkpt>
      <trkpt lat="46.87015598639846" lon="-121.64739497937262">
        <ele>1487.5</ele>
        <time>2019-06-22T05:41:12Z</time>
      </trkpt>
      <trkpt lat="46.87018197029829" lon="-121.64740302599967">
        <ele>1487.4</ele>
        <time>2019-06-22T05:41:14Z</time>
      </trkpt>
      <trkpt lat="46.870188005268574" lon="-121.647469997406">
        <ele>1487.3</ele>
        <time>2019-06-22T05:41:19Z</time>
      </trkpt>
      <trkpt lat="46.8701399769634" lon="-121.64753504097462">
        <ele>1490.9</ele>
        <time>2019-06-22T05:41:23Z</time>
      </trkpt>
      <trkpt lat="46.870124973356724" lon="-121.6476050298661">
        <ele>1499.9</ele>
        <time>2019-06-22T05:41:28Z</time>
      </trkpt>
      <trkpt lat="46.87008700333536" lon="-121.6476740129292">
        <ele>1509.3</ele>
        <time>2019-06-22T05:41:36Z</time>
      </trkpt>
      <trkpt lat="46.870062025263906" lon="-121.6476829815656">
        <ele>1508.6</ele>
        <time>2019-06-22T05:41:40Z</time>
      </trkpt>
      <trkpt lat="46.87005003914237" lon="-121.64770896546543">
        <ele>1506.9</ele>
        <time>2019-06-22T05:41:42Z</time>
      </trkpt>
      <trkpt lat="46.87003302387893" lon="-121.64784198626876">
        <ele>1504.8</ele>
        <time>2019-06-22T05:41:50Z</time>
      </trkpt>
      <trkpt lat="46.87004903331399" lon="-121.64790401235223">
        <ele>1504.8</ele>
        <time>2019-06-22T05:41:53Z</time>
      </trkpt>
      <trkpt lat="46.87004501000047" lon="-121.6479419823736">
        <ele>1500.9</ele>
        <time>2019-06-22T05:41:56Z</time>
      </trkpt>
      <trkpt lat="46.86999497003853" lon="-121.64801800623536">
        <ele>1500.1</ele>
        <time>2019-06-22T05:42:00Z</time>
      </trkpt>
      <trkpt lat="46.869976026937366" lon="-121.64806201122701">
        <ele>1497.3</ele>
        <time>2019-06-22T05:42:03Z</time>
      </trkpt>
      <trkpt lat="46.869978960603476" lon="-121.64816997013986">
        <ele>1493.6</ele>
        <time>2019-06-22T05:42:10Z</time>
      </trkpt>
      <trkpt lat="46.86990897171199" lon="-121.64833299815655">
        <ele>1495.0</ele>
        <time>2019-06-22T05:42:20Z</time>
      </trkpt>
      <trkpt lat="46.86987502500415" lon="-121.64860197342932">
        <ele>1496.8</ele>
        <time>2019-06-22T05:42:32Z</time>
      </trkpt>
      <trkpt lat="46.869849963113666" lon="-121.64864002726972">
        <ele>1496.5</ele>
        <time>2019-06-22T05:42:34Z</time>
      </trkpt>
      <trkpt lat="46.86983202584088" lon="-121.64871496148407">
        <ele>1497.0</ele>
        <time>2019-06-22T05:42:39Z</time>
      </trkpt>
      <trkpt lat="46.869910983368754" lon="-121.64898703806102">
        <ele>1504.4</ele>
        <time>2019-06-22T05:42:51Z</time>
      </trkpt>
      <trkpt lat="46.86991701833904" lon="-121.64900003001094">
        <ele>1505.0</ele>
        <time>2019-06-22T05:42:52Z</time>
      </trkpt>
      <trkpt lat="46.87004802748561" lon="-121.64923497475684">
        <ele>1519.6</ele>
        <time>2019-06-22T05:43:01Z</time>
      </trkpt>
      <trkpt lat="46.87005397863686" lon="-121.64928400889039">
        <ele>1519.4</ele>
        <time>2019-06-22T05:43:03Z</time>
      </trkpt>
      <trkpt lat="46.87005297280848" lon="-121.64931401610374">
        <ele>1520.5</ele>
        <time>2019-06-22T05:43:04Z</time>
      </trkpt>
      <trkpt lat="46.869997987523675" lon="-121.64953798055649">
        <ele>1521.6</ele>
        <time>2019-06-22T05:43:16Z</time>
      </trkpt>
      <trkpt lat="46.8699689861387" lon="-121.64958600886166">
        <ele>1522.5</ele>
        <time>2019-06-22T05:43:19Z</time>
      </trkpt>
      <trkpt lat="46.86991500668228" lon="-121.64958600886166">
        <ele>1524.2</ele>
        <time>2019-06-22T05:43:22Z</time>
      </trkpt>
      <trkpt lat="46.86990201473236" lon="-121.6495929658413">
        <ele>1524.9</ele>
        <time>2019-06-22T05:43:23Z</time>
      </trkpt>
      <trkpt lat="46.869892962276936" lon="-121.64961903356016">
        <ele>1524.8</ele>
        <time>2019-06-22T05:43:24Z</time>
      </trkpt>
      <trkpt lat="46.86989899724722" lon="-121.64965901523829">
        <ele>1523.2</ele>
        <time>2019-06-22T05:43:27Z</time>
      </trkpt>
      <trkpt lat="46.86990897171199" lon="-121.64967502467334">
        <ele>1523.5</ele>
        <time>2019-06-22T05:43:28Z</time>
      </trkpt>
      <trkpt lat="46.869935961440206" lon="-121.64969899691641">
        <ele>1522.6</ele>
        <time>2019-06-22T05:43:30Z</time>
      </trkpt>
      <trkpt lat="46.869957000017166" lon="-121.64975398220122">
        <ele>1523.1</ele>
        <time>2019-06-22T05:43:34Z</time>
      </trkpt>
      <trkpt lat="46.86995096504688" lon="-121.64977803826332">
        <ele>1525.4</ele>
        <time>2019-06-22T05:43:35Z</time>
      </trkpt>
      <trkpt lat="46.86995800584555" lon="-121.64983897469938">
        <ele>1524.3</ele>
        <time>2019-06-22T05:43:38Z</time>
      </trkpt>
      <trkpt lat="46.86994300223887" lon="-121.64990100078285">
        <ele>1520.5</ele>
        <time>2019-06-22T05:43:43Z</time>
      </trkpt>
      <trkpt lat="46.8699050322175" lon="-121.64992103353143">
        <ele>1517.3</ele>
        <time>2019-06-22T05:43:45Z</time>
      </trkpt>
      <trkpt lat="46.86987997032702" lon="-121.6499590035528">
        <ele>1517.5</ele>
        <time>2019-06-22T05:43:51Z</time>
      </trkpt>
      <trkpt lat="46.8698809761554" lon="-121.65005003102124">
        <ele>1516.7</ele>
        <time>2019-06-22T05:43:57Z</time>
      </trkpt>
      <trkpt lat="46.869869995862246" lon="-121.65010300464928">
        <ele>1518.1</ele>
        <time>2019-06-22T05:43:59Z</time>
      </trkpt>
      <trkpt lat="46.86982900835574" lon="-121.65026301518083">
        <ele>1522.1</ele>
        <time>2019-06-22T05:44:07Z</time>
      </trkpt>
      <trkpt lat="46.86977997422218" lon="-121.65037600323558">
        <ele>1523.2</ele>
        <time>2019-06-22T05:44:13Z</time>
      </trkpt>
      <trkpt lat="46.86979397200048" lon="-121.65050701238215">
        <ele>1527.1</ele>
        <time>2019-06-22T05:44:21Z</time>
      </trkpt>
      <trkpt lat="46.869782991707325" lon="-121.6505370195955">
        <ele>1527.8</ele>
        <time>2019-06-22T05:44:23Z</time>
      </trkpt>
      <trkpt lat="46.86970797367394" lon="-121.65060902014375">
        <ele>1527.3</ele>
        <time>2019-06-22T05:44:28Z</time>
      </trkpt>
      <trkpt lat="46.8697430100292" lon="-121.6507029812783">
        <ele>1533.4</ele>
        <time>2019-06-22T05:44:35Z</time>
      </trkpt>
      <trkpt lat="46.8697480391711" lon="-121.65077297016978">
        <ele>1533.5</ele>
        <time>2019-06-22T05:44:39Z</time>
      </trkpt>
      <trkpt lat="46.86977100558579" lon="-121.65084899403155">
        <ele>1532.4</ele>
        <time>2019-06-22T05:44:44Z</time>
      </trkpt>
      <trkpt lat="46.8697789683938" lon="-121.65085796266794">
        <ele>1532.6</ele>
        <time>2019-06-22T05:44:45Z</time>
      </trkpt>
      <trkpt lat="46.86979103833437" lon="-121.65091303177178">
        <ele>1533.1</ele>
        <time>2019-06-22T05:44:49Z</time>
      </trkpt>
      <trkpt lat="46.869738986715674" lon="-121.65103800594807">
        <ele>1532.5</ele>
        <time>2019-06-22T05:44:57Z</time>
      </trkpt>
      <trkpt lat="46.86974996700883" lon="-121.65107295848429">
        <ele>1537.1</ele>
        <time>2019-06-22T05:45:01Z</time>
      </trkpt>
      <trkpt lat="46.86975197866559" lon="-121.65113699622452">
        <ele>1536.3</ele>
        <time>2019-06-22T05:45:07Z</time>
      </trkpt>
      <trkpt lat="46.86970403417945" lon="-121.65119600482285">
        <ele>1534.8</ele>
        <time>2019-06-22T05:45:12Z</time>
      </trkpt>
      <trkpt lat="46.869673021137714" lon="-121.65130999870598">
        <ele>1536.0</ele>
        <time>2019-06-22T05:45:19Z</time>
      </trkpt>
      <trkpt lat="46.869672015309334" lon="-121.65138602256775">
        <ele>1538.2</ele>
        <time>2019-06-22T05:45:24Z</time>
      </trkpt>
      <trkpt lat="46.86968601308763" lon="-121.65145500563085">
        <ele>1538.5</ele>
        <time>2019-06-22T05:45:28Z</time>
      </trkpt>
      <trkpt lat="46.86963798478246" lon="-121.65153899230063">
        <ele>1538.6</ele>
        <time>2019-06-22T05:45:35Z</time>
      </trkpt>
      <trkpt lat="46.86963899061084" lon="-121.65154796093702">
        <ele>1540.9</ele>
        <time>2019-06-22T05:45:36Z</time>
      </trkpt>
      <trkpt lat="46.86968098394573" lon="-121.65162800811231">
        <ele>1539.9</ele>
        <time>2019-06-22T05:45:43Z</time>
      </trkpt>
      <trkpt lat="46.86971400864422" lon="-121.65165399201214">
        <ele>1539.8</ele>
        <time>2019-06-22T05:45:46Z</time>
      </trkpt>
      <trkpt lat="46.86970504000783" lon="-121.65168098174036">
        <ele>1537.9</ele>
        <time>2019-06-22T05:45:49Z</time>
      </trkpt>
      <trkpt lat="46.86965801753104" lon="-121.6517059598118">
        <ele>1538.5</ele>
        <time>2019-06-22T05:45:52Z</time>
      </trkpt>
      <trkpt lat="46.869609989225864" lon="-121.65180603973567">
        <ele>1540.6</ele>
        <time>2019-06-22T05:46:13Z</time>
      </trkpt>
      <trkpt lat="46.86957403086126" lon="-121.65182297118008">
        <ele>1541.1</ele>
        <time>2019-06-22T05:46:16Z</time>
      </trkpt>
      <trkpt lat="46.8695529922843" lon="-121.65185901336372">
        <ele>1539.8</ele>
        <time>2019-06-22T05:46:20Z</time>
      </trkpt>
      <trkpt lat="46.86954000033438" lon="-121.65186395868659">
        <ele>1540.2</ele>
        <time>2019-06-22T05:46:21Z</time>
      </trkpt>
      <trkpt lat="46.869523990899324" lon="-121.65189899504185">
        <ele>1538.2</ele>
        <time>2019-06-22T05:46:24Z</time>
      </trkpt>
      <trkpt lat="46.86954100616276" lon="-121.6519239731133">
        <ele>1538.7</ele>
        <time>2019-06-22T05:46:30Z</time>
      </trkpt>
      <trkpt lat="46.86956003308296" lon="-121.65191299282014">
        <ele>1540.6</ele>
        <time>2019-06-22T05:46:37Z</time>
      </trkpt>
      <trkpt lat="46.86958299949765" lon="-121.65192103944719">
        <ele>1540.7</ele>
        <time>2019-06-22T05:46:41Z</time>
      </trkpt>
      <trkpt lat="46.86960697174072" lon="-121.65203402750194">
        <ele>1546.4</ele>
        <time>2019-06-22T05:46:50Z</time>
      </trkpt>
      <trkpt lat="46.86961401253939" lon="-121.6520450077951">
        <ele>1546.9</ele>
        <time>2019-06-22T05:46:51Z</time>
      </trkpt>
      <trkpt lat="46.86967100948095" lon="-121.65209203027189">
        <ele>1549.3</ele>
        <time>2019-06-22T05:47:04Z</time>
      </trkpt>
      <trkpt lat="46.869676038622856" lon="-121.65214802138507">
        <ele>1553.4</ele>
        <time>2019-06-22T05:47:07Z</time>
      </trkpt>
      <trkpt lat="46.869651982560754" lon="-121.65219596587121">
        <ele>1555.3</ele>
        <time>2019-06-22T05:47:10Z</time>
      </trkpt>
      <trkpt lat="46.86960202641785" lon="-121.65234298445284">
        <ele>1552.3</ele>
        <time>2019-06-22T05:47:24Z</time>
      </trkpt>
      <trkpt lat="46.86960102058947" lon="-121.65245697833598">
        <ele>1556.6</ele>
        <time>2019-06-22T05:47:34Z</time>
      </trkpt>
      <trkpt lat="46.86962096951902" lon="-121.65255202911794">
        <ele>1563.5</ele>
        <time>2019-06-22T05:47:46Z</time>
      </trkpt>
      <trkpt lat="46.869613006711006" lon="-121.65272603742778">
        <ele>1568.7</ele>
        <time>2019-06-22T05:47:58Z</time>
      </trkpt>
      <trkpt lat="46.869610995054245" lon="-121.65274196304381">
        <ele>1569.7</ele>
        <time>2019-06-22T05:47:59Z</time>
      </trkpt>
      <trkpt lat="46.86958400532603" lon="-121.65284296497703">
        <ele>1571.1</ele>
        <time>2019-06-22T05:48:05Z</time>
      </trkpt>
      <trkpt lat="46.869590040296316" lon="-121.65296198800206">
        <ele>1573.9</ele>
        <time>2019-06-22T05:48:12Z</time>
      </trkpt>
      <trkpt lat="46.86959397979081" lon="-121.65298000909388">
        <ele>1574.3</ele>
        <time>2019-06-22T05:48:13Z</time>
      </trkpt>
      <trkpt lat="46.86964795924723" lon="-121.65318000130355">
        <ele>1581.4</ele>
        <time>2019-06-22T05:48:26Z</time>
      </trkpt>
      <trkpt lat="46.86968400143087" lon="-121.65321595966816">
        <ele>1582.2</ele>
        <time>2019-06-22T05:48:30Z</time>
      </trkpt>
      <trkpt lat="46.869695987552404" lon="-121.65326801128685">
        <ele>1582.6</ele>
        <time>2019-06-22T05:48:38Z</time>
      </trkpt>
      <trkpt lat="46.869697999209166" lon="-121.65340597741306">
        <ele>1585.6</ele>
        <time>2019-06-22T05:48:44Z</time>
      </trkpt>
      <trkpt lat="46.86968802474439" lon="-121.65350496768951">
        <ele>1585.1</ele>
        <time>2019-06-22T05:48:48Z</time>
      </trkpt>
      <trkpt lat="46.86970202252269" lon="-121.65353002958">
        <ele>1585.5</ele>
        <time>2019-06-22T05:48:50Z</time>
      </trkpt>
      <trkpt lat="46.86979003250599" lon="-121.65358602069318">
        <ele>1589.6</ele>
        <time>2019-06-22T05:48:57Z</time>
      </trkpt>
      <trkpt lat="46.869805036112666" lon="-121.65359800681472">
        <ele>1589.8</ele>
        <time>2019-06-22T05:48:58Z</time>
      </trkpt>
      <trkpt lat="46.86983403749764" lon="-121.65364201180637">
        <ele>1591.6</ele>
        <time>2019-06-22T05:49:01Z</time>
      </trkpt>
      <trkpt lat="46.869848035275936" lon="-121.65370303206146">
        <ele>1590.4</ele>
        <time>2019-06-22T05:49:05Z</time>
      </trkpt>
      <trkpt lat="46.869846023619175" lon="-121.65377302095294">
        <ele>1590.7</ele>
        <time>2019-06-22T05:49:09Z</time>
      </trkpt>
      <trkpt lat="46.86982196755707" lon="-121.65383697487414">
        <ele>1590.1</ele>
        <time>2019-06-22T05:49:14Z</time>
      </trkpt>
      <trkpt lat="46.869797995314" lon="-121.65389003232121">
        <ele>1589.4</ele>
        <time>2019-06-22T05:49:19Z</time>
      </trkpt>
      <trkpt lat="46.86977704055607" lon="-121.65390696376562">
        <ele>1583.8</ele>
        <time>2019-06-22T05:49:22Z</time>
      </trkpt>
      <trkpt lat="46.86975097283721" lon="-121.65390302427113">
        <ele>1574.3</ele>
        <time>2019-06-22T05:49:31Z</time>
      </trkpt>
      <trkpt lat="46.86973102390766" lon="-121.65396303869784">
        <ele>1572.7</ele>
        <time>2019-06-22T05:49:37Z</time>
      </trkpt>
      <trkpt lat="46.86975399032235" lon="-121.65398097597063">
        <ele>1562.9</ele>
        <time>2019-06-22T05:49:49Z</time>
      </trkpt>
      <trkpt lat="46.86978600919247" lon="-121.65398701094091">
        <ele>1561.7</ele>
        <time>2019-06-22T05:49:55Z</time>
      </trkpt>
      <trkpt lat="46.869742004200816" lon="-121.65394904091954">
        <ele>1558.9</ele>
        <time>2019-06-22T05:50:02Z</time>
      </trkpt>
      <trkpt lat="46.86972498893738" lon="-121.65396303869784">
        <ele>1556.5</ele>
        <time>2019-06-22T05:50:04Z</time>
      </trkpt>
      <trkpt lat="46.869716020300984" lon="-121.65399296209216">
        <ele>1555.8</ele>
        <time>2019-06-22T05:50:08Z</time>
      </trkpt>
      <trkpt lat="46.869721971452236" lon="-121.6539269965142">
        <ele>1555.8</ele>
        <time>2019-06-22T05:50:18Z</time>
      </trkpt>
      <trkpt lat="46.869695987552404" lon="-121.65390201844275">
        <ele>1558.2</ele>
        <time>2019-06-22T05:50:23Z</time>
      </trkpt>
      <trkpt lat="46.869672015309334" lon="-121.65386497043073">
        <ele>1558.8</ele>
        <time>2019-06-22T05:50:26Z</time>
      </trkpt>
      <trkpt lat="46.869675032794476" lon="-121.65383303537965">
        <ele>1559.2</ele>
        <time>2019-06-22T05:50:29Z</time>
      </trkpt>
      <trkpt lat="46.86966396868229" lon="-121.65381602011621">
        <ele>1561.6</ele>
        <time>2019-06-22T05:50:34Z</time>
      </trkpt>
      <trkpt lat="46.86961803585291" lon="-121.65380797348917">
        <ele>1564.5</ele>
        <time>2019-06-22T05:50:39Z</time>
      </trkpt>
      <trkpt lat="46.86960496008396" lon="-121.6538389865309">
        <ele>1561.6</ele>
        <time>2019-06-22T05:50:44Z</time>
      </trkpt>
      <trkpt lat="46.86960001476109" lon="-121.65392297320068">
        <ele>1560.8</ele>
        <time>2019-06-22T05:50:55Z</time>
      </trkpt>
      <trkpt lat="46.86958299949765" lon="-121.65397502481937">
        <ele>1561.5</ele>
        <time>2019-06-22T05:50:59Z</time>
      </trkpt>
      <trkpt lat="46.869589034467936" lon="-121.65400503203273">
        <ele>1560.9</ele>
        <time>2019-06-22T05:51:01Z</time>
      </trkpt>
      <trkpt lat="46.86962499283254" lon="-121.6540430020541">
        <ele>1563.2</ele>
        <time>2019-06-22T05:51:12Z</time>
      </trkpt>
      <trkpt lat="46.86966799199581" lon="-121.6541360411793">
        <ele>1572.8</ele>
        <time>2019-06-22T05:51:22Z</time>
      </trkpt>
      <trkpt lat="46.869673021137714" lon="-121.65417904034257">
        <ele>1574.7</ele>
        <time>2019-06-22T05:51:31Z</time>
      </trkpt>
      <trkpt lat="46.86964997090399" lon="-121.65419597178698">
        <ele>1574.9</ele>
        <time>2019-06-22T05:51:42Z</time>
      </trkpt>
      <trkpt lat="46.86966698616743" lon="-121.65425003506243">
        <ele>1579.6</ele>
        <time>2019-06-22T05:52:45Z</time>
      </trkpt>
      <trkpt lat="46.86966799199581" lon="-121.65431298315525">
        <ele>1579.3</ele>
        <time>2019-06-22T05:52:49Z</time>
      </trkpt>
      <trkpt lat="46.86969003640115" lon="-121.65436402894557">
        <ele>1582.4</ele>
        <time>2019-06-22T05:52:52Z</time>
      </trkpt>
      <trkpt lat="46.86971199698746" lon="-121.6544399689883">
        <ele>1584.8</ele>
        <time>2019-06-22T05:52:57Z</time>
      </trkpt>
      <trkpt lat="46.869758013635874" lon="-121.65450199507177">
        <ele>1580.7</ele>
        <time>2019-06-22T05:53:02Z</time>
      </trkpt>
      <trkpt lat="46.869783997535706" lon="-121.65458195842803">
        <ele>1580.4</ele>
        <time>2019-06-22T05:53:08Z</time>
      </trkpt>
      <trkpt lat="46.86981098726392" lon="-121.65461699478328">
        <ele>1581.6</ele>
        <time>2019-06-22T05:53:10Z</time>
      </trkpt>
      <trkpt lat="46.86982096172869" lon="-121.65465303696692">
        <ele>1581.6</ele>
        <time>2019-06-22T05:53:13Z</time>
      </trkpt>
      <trkpt lat="46.86979196034372" lon="-121.65477901697159">
        <ele>1584.9</ele>
        <time>2019-06-22T05:53:23Z</time>
      </trkpt>
      <trkpt lat="46.86979698948562" lon="-121.65484095923603">
        <ele>1584.2</ele>
        <time>2019-06-22T05:53:26Z</time>
      </trkpt>
      <trkpt lat="46.86982096172869" lon="-121.65489602833986">
        <ele>1584.1</ele>
        <time>2019-06-22T05:53:30Z</time>
      </trkpt>
      <trkpt lat="46.869826996698976" lon="-121.65496199391782">
        <ele>1585.9</ele>
        <time>2019-06-22T05:53:35Z</time>
      </trkpt>
      <trkpt lat="46.86979397200048" lon="-121.65504103526473">
        <ele>1589.3</ele>
        <time>2019-06-22T05:53:40Z</time>
      </trkpt>
      <trkpt lat="46.86979497782886" lon="-121.65511102415621">
        <ele>1589.3</ele>
        <time>2019-06-22T05:53:44Z</time>
      </trkpt>
      <trkpt lat="46.86981601640582" lon="-121.65514203719795">
        <ele>1587.3</ele>
        <time>2019-06-22T05:53:49Z</time>
      </trkpt>
      <trkpt lat="46.86986203305423" lon="-121.65515796281397">
        <ele>1582.4</ele>
        <time>2019-06-22T05:53:53Z</time>
      </trkpt>
      <trkpt lat="46.86986597254872" lon="-121.65519299916923">
        <ele>1580.6</ele>
        <time>2019-06-22T05:54:00Z</time>
      </trkpt>
      <trkpt lat="46.86985599808395" lon="-121.65522803552449">
        <ele>1580.0</ele>
        <time>2019-06-22T05:54:03Z</time>
      </trkpt>
      <trkpt lat="46.8698119930923" lon="-121.6553049813956">
        <ele>1583.4</ele>
        <time>2019-06-22T05:54:08Z</time>
      </trkpt>
      <trkpt lat="46.869764970615506" lon="-121.65536097250879">
        <ele>1586.3</ele>
        <time>2019-06-22T05:54:12Z</time>
      </trkpt>
      <trkpt lat="46.869742004200816" lon="-121.65541000664234">
        <ele>1585.8</ele>
        <time>2019-06-22T05:54:15Z</time>
      </trkpt>
      <trkpt lat="46.86973001807928" lon="-121.65546398609877">
        <ele>1583.8</ele>
        <time>2019-06-22T05:54:18Z</time>
      </trkpt>
      <trkpt lat="46.86968299560249" lon="-121.6555000282824">
        <ele>1583.4</ele>
        <time>2019-06-22T05:54:22Z</time>
      </trkpt>
      <trkpt lat="46.86966204084456" lon="-121.65552601218224">
        <ele>1583.5</ele>
        <time>2019-06-22T05:54:24Z</time>
      </trkpt>
      <trkpt lat="46.8696460314095" lon="-121.65558896027505">
        <ele>1583.6</ele>
        <time>2019-06-22T05:54:30Z</time>
      </trkpt>
      <trkpt lat="46.86964896507561" lon="-121.65565903298557">
        <ele>1582.9</ele>
        <time>2019-06-22T05:54:34Z</time>
      </trkpt>
      <trkpt lat="46.86967000365257" lon="-121.65572097525">
        <ele>1581.1</ele>
        <time>2019-06-22T05:54:38Z</time>
      </trkpt>
      <trkpt lat="46.869719037786126" lon="-121.65583798661828">
        <ele>1585.3</ele>
        <time>2019-06-22T05:54:45Z</time>
      </trkpt>
      <trkpt lat="46.86977301724255" lon="-121.65590797550976">
        <ele>1589.8</ele>
        <time>2019-06-22T05:54:49Z</time>
      </trkpt>
      <trkpt lat="46.86977796256542" lon="-121.65592599660158">
        <ele>1591.1</ele>
        <time>2019-06-22T05:54:50Z</time>
      </trkpt>
      <trkpt lat="46.869783997535706" lon="-121.65604200214148">
        <ele>1593.5</ele>
        <time>2019-06-22T05:54:58Z</time>
      </trkpt>
      <trkpt lat="46.86975700780749" lon="-121.65617401711643">
        <ele>1598.7</ele>
        <time>2019-06-22T05:55:05Z</time>
      </trkpt>
      <trkpt lat="46.869721971452236" lon="-121.65625096298754">
        <ele>1600.5</ele>
        <time>2019-06-22T05:55:09Z</time>
      </trkpt>
      <trkpt lat="46.86970596201718" lon="-121.65634601376951">
        <ele>1601.1</ele>
        <time>2019-06-22T05:55:14Z</time>
      </trkpt>
      <trkpt lat="46.869676038622856" lon="-121.6564379632473">
        <ele>1602.3</ele>
        <time>2019-06-22T05:55:20Z</time>
      </trkpt>
      <trkpt lat="46.8696460314095" lon="-121.65646897628903">
        <ele>1603.4</ele>
        <time>2019-06-22T05:55:22Z</time>
      </trkpt>
      <trkpt lat="46.86960496008396" lon="-121.65649102069438">
        <ele>1601.2</ele>
        <time>2019-06-22T05:55:26Z</time>
      </trkpt>
      <trkpt lat="46.8696270044893" lon="-121.65650300681591">
        <ele>1596.5</ele>
        <time>2019-06-22T05:55:30Z</time>
      </trkpt>
      <trkpt lat="46.86962801031768" lon="-121.65652697905898">
        <ele>1595.8</ele>
        <time>2019-06-22T05:55:32Z</time>
      </trkpt>
      <trkpt lat="46.86959498561919" lon="-121.65658799931407">
        <ele>1594.5</ele>
        <time>2019-06-22T05:55:37Z</time>
      </trkpt>
      <trkpt lat="46.8696079775691" lon="-121.65665295906365">
        <ele>1591.7</ele>
        <time>2019-06-22T05:55:41Z</time>
      </trkpt>
      <trkpt lat="46.86959800310433" lon="-121.6567109618336">
        <ele>1589.5</ele>
        <time>2019-06-22T05:55:45Z</time>
      </trkpt>
      <trkpt lat="46.86957503668964" lon="-121.65674298070371">
        <ele>1590.4</ele>
        <time>2019-06-22T05:55:48Z</time>
      </trkpt>
      <trkpt lat="46.86952902004123" lon="-121.6567709762603">
        <ele>1593.6</ele>
        <time>2019-06-22T05:55:52Z</time>
      </trkpt>
      <trkpt lat="46.86953698284924" lon="-121.65689502842724">
        <ele>1594.5</ele>
        <time>2019-06-22T05:56:00Z</time>
      </trkpt>
      <trkpt lat="46.869506975635886" lon="-121.6569839604199">
        <ele>1597.8</ele>
        <time>2019-06-22T05:56:05Z</time>
      </trkpt>
      <trkpt lat="46.86951703391969" lon="-121.65700600482523">
        <ele>1597.4</ele>
        <time>2019-06-22T05:56:07Z</time>
      </trkpt>
      <trkpt lat="46.86951099894941" lon="-121.65706903673708">
        <ele>1601.4</ele>
        <time>2019-06-22T05:56:15Z</time>
      </trkpt>
      <trkpt lat="46.869479985907674" lon="-121.65716802701354">
        <ele>1599.4</ele>
        <time>2019-06-22T05:56:23Z</time>
      </trkpt>
      <trkpt lat="46.869484009221196" lon="-121.65720800869167">
        <ele>1604.0</ele>
        <time>2019-06-22T05:56:24Z</time>
      </trkpt>
      <trkpt lat="46.86950798146427" lon="-121.65725201368332">
        <ele>1603.6</ele>
        <time>2019-06-22T05:56:28Z</time>
      </trkpt>
      <trkpt lat="46.8694890383631" lon="-121.65731403976679">
        <ele>1603.6</ele>
        <time>2019-06-22T05:56:35Z</time>
      </trkpt>
      <trkpt lat="46.86947898007929" lon="-121.65741202421486">
        <ele>1602.6</ele>
        <time>2019-06-22T05:56:42Z</time>
      </trkpt>
      <trkpt lat="46.869480991736054" lon="-121.65743499062955">
        <ele>1602.5</ele>
        <time>2019-06-22T05:56:43Z</time>
      </trkpt>
      <trkpt lat="46.86950898729265" lon="-121.65747698396444">
        <ele>1601.8</ele>
        <time>2019-06-22T05:56:47Z</time>
      </trkpt>
      <trkpt lat="46.86949599534273" lon="-121.65757999755442">
        <ele>1604.4</ele>
        <time>2019-06-22T05:56:55Z</time>
      </trkpt>
      <trkpt lat="46.86945400200784" lon="-121.65765996091068">
        <ele>1601.3</ele>
        <time>2019-06-22T05:57:01Z</time>
      </trkpt>
      <trkpt lat="46.86939298175275" lon="-121.65771997533739">
        <ele>1604.0</ele>
        <time>2019-06-22T05:57:06Z</time>
      </trkpt>
      <trkpt lat="46.869376972317696" lon="-121.65778996422887">
        <ele>1606.2</ele>
        <time>2019-06-22T05:57:12Z</time>
      </trkpt>
      <trkpt lat="46.869393987581134" lon="-121.65788602083921">
        <ele>1607.7</ele>
        <time>2019-06-22T05:57:21Z</time>
      </trkpt>
      <trkpt lat="46.86939097009599" lon="-121.65794100612402">
        <ele>1608.5</ele>
        <time>2019-06-22T05:57:26Z</time>
      </trkpt>
      <trkpt lat="46.86938602477312" lon="-121.6579509805888">
        <ele>1608.7</ele>
        <time>2019-06-22T05:57:27Z</time>
      </trkpt>
      <trkpt lat="46.86930296011269" lon="-121.65815600194037">
        <ele>1612.4</ele>
        <time>2019-06-22T05:57:42Z</time>
      </trkpt>
      <trkpt lat="46.869245963171124" lon="-121.65826697833836">
        <ele>1614.5</ele>
        <time>2019-06-22T05:57:50Z</time>
      </trkpt>
      <trkpt lat="46.86923397704959" lon="-121.65837401524186">
        <ele>1613.8</ele>
        <time>2019-06-22T05:57:57Z</time>
      </trkpt>
      <trkpt lat="46.8692300375551" lon="-121.65839203633368">
        <ele>1613.8</ele>
        <time>2019-06-22T05:57:58Z</time>
      </trkpt>
      <trkpt lat="46.86912702396512" lon="-121.65859596803784">
        <ele>1620.7</ele>
        <time>2019-06-22T05:58:16Z</time>
      </trkpt>
      <trkpt lat="46.86910296790302" lon="-121.65869596414268">
        <ele>1618.7</ele>
        <time>2019-06-22T05:58:24Z</time>
      </trkpt>
      <trkpt lat="46.869072038680315" lon="-121.65874399244785">
        <ele>1616.8</ele>
        <time>2019-06-22T05:58:36Z</time>
      </trkpt>
      <trkpt lat="46.86904798261821" lon="-121.65885496884584">
        <ele>1619.3</ele>
        <time>2019-06-22T05:58:44Z</time>
      </trkpt>
      <trkpt lat="46.86904898844659" lon="-121.65887298993766">
        <ele>1620.1</ele>
        <time>2019-06-22T05:58:45Z</time>
      </trkpt>
      <trkpt lat="46.86902401037514" lon="-121.6589589882642">
        <ele>1620.6</ele>
        <time>2019-06-22T05:58:52Z</time>
      </trkpt>
      <trkpt lat="46.86897195875645" lon="-121.65904096327722">
        <ele>1620.5</ele>
        <time>2019-06-22T05:58:57Z</time>
      </trkpt>
      <trkpt lat="46.868881015107036" lon="-121.65914699435234">
        <ele>1625.9</ele>
        <time>2019-06-22T05:59:07Z</time>
      </trkpt>
      <trkpt lat="46.868837010115385" lon="-121.65917800739408">
        <ele>1628.2</ele>
        <time>2019-06-22T05:59:12Z</time>
      </trkpt>
      <trkpt lat="46.86881102621555" lon="-121.65922896936536">
        <ele>1629.2</ele>
        <time>2019-06-22T05:59:15Z</time>
      </trkpt>
      <trkpt lat="46.86879996210337" lon="-121.65929602459073">
        <ele>1630.6</ele>
        <time>2019-06-22T05:59:20Z</time>
      </trkpt>
      <trkpt lat="46.86881102621555" lon="-121.65936500765383">
        <ele>1631.6</ele>
        <time>2019-06-22T05:59:25Z</time>
      </trkpt>
      <trkpt lat="46.86878697015345" lon="-121.65946500375867">
        <ele>1631.3</ele>
        <time>2019-06-22T05:59:33Z</time>
      </trkpt>
      <trkpt lat="46.868761992082" lon="-121.65960095822811">
        <ele>1631.6</ele>
        <time>2019-06-22T05:59:46Z</time>
      </trkpt>
      <trkpt lat="46.86871698126197" lon="-121.65968502871692">
        <ele>1633.6</ele>
        <time>2019-06-22T05:59:54Z</time>
      </trkpt>
      <trkpt lat="46.86871899291873" lon="-121.65973498485982">
        <ele>1631.2</ele>
        <time>2019-06-22T05:59:58Z</time>
      </trkpt>
      <trkpt lat="46.86870097182691" lon="-121.6598020400852">
        <ele>1633.6</ele>
        <time>2019-06-22T06:00:03Z</time>
      </trkpt>
      <trkpt lat="46.86865596100688" lon="-121.65986197069287">
        <ele>1632.8</ele>
        <time>2019-06-22T06:00:09Z</time>
      </trkpt>
      <trkpt lat="46.86862503178418" lon="-121.65987798012793">
        <ele>1631.8</ele>
        <time>2019-06-22T06:00:12Z</time>
      </trkpt>
      <trkpt lat="46.86855303123593" lon="-121.6599540039897">
        <ele>1634.1</ele>
        <time>2019-06-22T06:00:28Z</time>
      </trkpt>
      <trkpt lat="46.86854196712375" lon="-121.65998401120305">
        <ele>1634.3</ele>
        <time>2019-06-22T06:00:31Z</time>
      </trkpt>
      <trkpt lat="46.86846099793911" lon="-121.66004695929587">
        <ele>1636.9</ele>
        <time>2019-06-22T06:00:41Z</time>
      </trkpt>
      <trkpt lat="46.86843300238252" lon="-121.66018400341272">
        <ele>1643.8</ele>
        <time>2019-06-22T06:00:56Z</time>
      </trkpt>
      <trkpt lat="46.86838103458285" lon="-121.66025902144611">
        <ele>1644.6</ele>
        <time>2019-06-22T06:01:05Z</time>
      </trkpt>
      <trkpt lat="46.86835303902626" lon="-121.66028902865946">
        <ele>1641.4</ele>
        <time>2019-06-22T06:01:19Z</time>
      </trkpt>
      <trkpt lat="46.868325965479016" lon="-121.66029799729586">
        <ele>1639.2</ele>
        <time>2019-06-22T06:01:21Z</time>
      </trkpt>
      <trkpt lat="46.86826402321458" lon="-121.66042297147214">
        <ele>1636.8</ele>
        <time>2019-06-22T06:01:46Z</time>
      </trkpt>
      <trkpt lat="46.86824801377952" lon="-121.66049899533391">
        <ele>1635.6</ele>
        <time>2019-06-22T06:02:15Z</time>
      </trkpt>
      <trkpt lat="46.8681660387665" lon="-121.66058197617531">
        <ele>1639.2</ele>
        <time>2019-06-22T06:02:26Z</time>
      </trkpt>
      <trkpt lat="46.86813301406801" lon="-121.66063997894526">
        <ele>1640.4</ele>
        <time>2019-06-22T06:02:32Z</time>
      </trkpt>
      <trkpt lat="46.86807098798454" lon="-121.66068599559367">
        <ele>1638.7</ele>
        <time>2019-06-22T06:02:44Z</time>
      </trkpt>
      <trkpt lat="46.86804802156985" lon="-121.66067099198699">
        <ele>1637.7</ele>
        <time>2019-06-22T06:02:47Z</time>
      </trkpt>
      <trkpt lat="46.868018014356494" lon="-121.6607119794935">
        <ele>1638.6</ele>
        <time>2019-06-22T06:02:50Z</time>
      </trkpt>
      <trkpt lat="46.86801097355783" lon="-121.66074902750552">
        <ele>1637.9</ele>
        <time>2019-06-22T06:02:56Z</time>
      </trkpt>
      <trkpt lat="46.867957999929786" lon="-121.66078398004174">
        <ele>1639.8</ele>
        <time>2019-06-22T06:03:00Z</time>
      </trkpt>
      <trkpt lat="46.86790603213012" lon="-121.66089403443038">
        <ele>1645.4</ele>
        <time>2019-06-22T06:03:11Z</time>
      </trkpt>
      <trkpt lat="46.86790896579623" lon="-121.66092404164374">
        <ele>1647.1</ele>
        <time>2019-06-22T06:03:19Z</time>
      </trkpt>
      <trkpt lat="46.867894968017936" lon="-121.66099302470684">
        <ele>1645.6</ele>
        <time>2019-06-22T06:03:31Z</time>
      </trkpt>
      <trkpt lat="46.86790502630174" lon="-121.6610230319202">
        <ele>1645.2</ele>
        <time>2019-06-22T06:03:43Z</time>
      </trkpt>
      <trkpt lat="46.86788197606802" lon="-121.66103904135525">
        <ele>1642.6</ele>
        <time>2019-06-22T06:03:48Z</time>
      </trkpt>
      <trkpt lat="46.86792497523129" lon="-121.66105303913355">
        <ele>1649.2</ele>
        <time>2019-06-22T06:04:12Z</time>
      </trkpt>
      <trkpt lat="46.86797400936484" lon="-121.66104700416327">
        <ele>1650.2</ele>
        <time>2019-06-22T06:04:22Z</time>
      </trkpt>
      <trkpt lat="46.86795297078788" lon="-121.6610679589212">
        <ele>1656.6</ele>
        <time>2019-06-22T06:04:45Z</time>
      </trkpt>
      <trkpt lat="46.86792799271643" lon="-121.66107600554824">
        <ele>1656.3</ele>
        <time>2019-06-22T06:04:50Z</time>
      </trkpt>
      <trkpt lat="46.86796797439456" lon="-121.66120399720967">
        <ele>1658.0</ele>
        <time>2019-06-22T06:05:50Z</time>
      </trkpt>
      <trkpt lat="46.8679659627378" lon="-121.66127298027277">
        <ele>1658.8</ele>
        <time>2019-06-22T06:05:54Z</time>
      </trkpt>
      <trkpt lat="46.86798398382962" lon="-121.66134296916425">
        <ele>1657.6</ele>
        <time>2019-06-22T06:06:03Z</time>
      </trkpt>
      <trkpt lat="46.86795297078788" lon="-121.66136099025607">
        <ele>1657.5</ele>
        <time>2019-06-22T06:06:06Z</time>
      </trkpt>
      <trkpt lat="46.86796797439456" lon="-121.66133400052786">
        <ele>1650.4</ele>
        <time>2019-06-22T06:07:00Z</time>
      </trkpt>
      <trkpt lat="46.867935033515096" lon="-121.6613039933145">
        <ele>1651.6</ele>
        <time>2019-06-22T06:07:14Z</time>
      </trkpt>
      <trkpt lat="46.867847023531795" lon="-121.66129795834422">
        <ele>1658.6</ele>
        <time>2019-06-22T06:07:37Z</time>
      </trkpt>
      <trkpt lat="46.86777996830642" lon="-121.66121296584606">
        <ele>1666.4</ele>
        <time>2019-06-22T06:08:07Z</time>
      </trkpt>
      <trkpt lat="46.86768600717187" lon="-121.66119603440166">
        <ele>1665.6</ele>
        <time>2019-06-22T06:08:15Z</time>
      </trkpt>
      <trkpt lat="46.86764401383698" lon="-121.66117097251117">
        <ele>1668.7</ele>
        <time>2019-06-22T06:08:39Z</time>
      </trkpt>
      <trkpt lat="46.86762096360326" lon="-121.66118798777461">
        <ele>1668.1</ele>
        <time>2019-06-22T06:08:45Z</time>
      </trkpt>
      <trkpt lat="46.867572013288736" lon="-121.66119997389615">
        <ele>1673.5</ele>
        <time>2019-06-22T06:08:56Z</time>
      </trkpt>
      <trkpt lat="46.86753999441862" lon="-121.66126602329314">
        <ele>1676.0</ele>
        <time>2019-06-22T06:09:14Z</time>
      </trkpt>
      <trkpt lat="46.86748802661896" lon="-121.66128002107143">
        <ele>1678.4</ele>
        <time>2019-06-22T06:09:23Z</time>
      </trkpt>
      <trkpt lat="46.86747000552714" lon="-121.66129603050649">
        <ele>1677.3</ele>
        <time>2019-06-22T06:09:24Z</time>
      </trkpt>
      <trkpt lat="46.86747101135552" lon="-121.66125998832285">
        <ele>1678.7</ele>
        <time>2019-06-22T06:09:33Z</time>
      </trkpt>
      <trkpt lat="46.86744603328407" lon="-121.66124498471618">
        <ele>1677.6</ele>
        <time>2019-06-22T06:09:42Z</time>
      </trkpt>
      <trkpt lat="46.86744997277856" lon="-121.66128798387945">
        <ele>1683.2</ele>
        <time>2019-06-22T06:09:53Z</time>
      </trkpt>
      <trkpt lat="46.867464976385236" lon="-121.66131899692118">
        <ele>1685.9</ele>
        <time>2019-06-22T06:10:21Z</time>
      </trkpt>
      <trkpt lat="46.867438992485404" lon="-121.66131002828479">
        <ele>1688.9</ele>
        <time>2019-06-22T06:11:12Z</time>
      </trkpt>
      <trkpt lat="46.86743102967739" lon="-121.66127499192953">
        <ele>1695.7</ele>
        <time>2019-06-22T06:11:56Z</time>
      </trkpt>
      <trkpt lat="46.86745399609208" lon="-121.66125898249447">
        <ele>1696.6</ele>
        <time>2019-06-22T06:12:05Z</time>
      </trkpt>
      <trkpt lat="46.86747696250677" lon="-121.66127096861601">
        <ele>1701.0</ele>
        <time>2019-06-22T06:12:14Z</time>
      </trkpt>
      <trkpt lat="46.867505041882396" lon="-121.66124800220132">
        <ele>1702.3</ele>
        <time>2019-06-22T06:12:43Z</time>
      </trkpt>
      <trkpt lat="46.86753395944834" lon="-121.66123098693788">
        <ele>1701.4</ele>
        <time>2019-06-22T06:12:50Z</time>
      </trkpt>
      <trkpt lat="46.8675549980253" lon="-121.66123903356493">
        <ele>1701.9</ele>
        <time>2019-06-22T06:12:55Z</time>
      </trkpt>
      <trkpt lat="46.86757997609675" lon="-121.66121900081635">
        <ele>1696.6</ele>
        <time>2019-06-22T06:13:03Z</time>
      </trkpt>
      <trkpt lat="46.867588022723794" lon="-121.66118396446109">
        <ele>1693.9</ele>
        <time>2019-06-22T06:13:06Z</time>
      </trkpt>
      <trkpt lat="46.86753102578223" lon="-121.66110903024673">
        <ele>1690.0</ele>
        <time>2019-06-22T06:13:45Z</time>
      </trkpt>
      <trkpt lat="46.86753798276186" lon="-121.66109696030617">
        <ele>1692.2</ele>
        <time>2019-06-22T06:13:47Z</time>
      </trkpt>
      <trkpt lat="46.86749397777021" lon="-121.66107902303338">
        <ele>1689.1</ele>
        <time>2019-06-22T06:13:51Z</time>
      </trkpt>
      <trkpt lat="46.86748903244734" lon="-121.66104197502136">
        <ele>1691.2</ele>
        <time>2019-06-22T06:13:58Z</time>
      </trkpt>
      <trkpt lat="46.86743798665702" lon="-121.66096896864474">
        <ele>1694.5</ele>
        <time>2019-06-22T06:14:24Z</time>
      </trkpt>
      <trkpt lat="46.8674479611218" lon="-121.66093301028013">
        <ele>1691.7</ele>
        <time>2019-06-22T06:14:28Z</time>
      </trkpt>
      <trkpt lat="46.86747503466904" lon="-121.66092999279499">
        <ele>1690.7</ele>
        <time>2019-06-22T06:15:05Z</time>
      </trkpt>
      <trkpt lat="46.86747402884066" lon="-121.660893028602">
        <ele>1692.6</ele>
        <time>2019-06-22T06:15:09Z</time>
      </trkpt>
      <trkpt lat="46.867460031062365" lon="-121.66086696088314">
        <ele>1694.3</ele>
        <time>2019-06-22T06:15:12Z</time>
      </trkpt>
      <trkpt lat="46.86739197000861" lon="-121.66086201556027">
        <ele>1688.0</ele>
        <time>2019-06-22T06:15:18Z</time>
      </trkpt>
      <trkpt lat="46.86734997667372" lon="-121.66084198281169">
        <ele>1690.1</ele>
        <time>2019-06-22T06:15:22Z</time>
      </trkpt>
      <trkpt lat="46.86719600111246" lon="-121.66084298864007">
        <ele>1689.9</ele>
        <time>2019-06-22T06:15:29Z</time>
      </trkpt>
      <trkpt lat="46.86717697419226" lon="-121.66086503304541">
        <ele>1687.1</ele>
        <time>2019-06-22T06:15:35Z</time>
      </trkpt>
      <trkpt lat="46.86718996614218" lon="-121.66088900528848">
        <ele>1693.1</ele>
        <time>2019-06-22T06:15:50Z</time>
      </trkpt>
      <trkpt lat="46.8671749625355" lon="-121.6609429847449">
        <ele>1701.5</ele>
        <time>2019-06-22T06:15:54Z</time>
      </trkpt>
      <trkpt lat="46.86714998446405" lon="-121.66096796281636">
        <ele>1702.0</ele>
        <time>2019-06-22T06:16:20Z</time>
      </trkpt>
      <trkpt lat="46.86712902970612" lon="-121.66094399057329">
        <ele>1701.1</ele>
        <time>2019-06-22T06:16:27Z</time>
      </trkpt>
      <trkpt lat="46.86706298030913" lon="-121.66096100583673">
        <ele>1711.2</ele>
        <time>2019-06-22T06:16:35Z</time>
      </trkpt>
      <trkpt lat="46.86702702194452" lon="-121.66090602055192">
        <ele>1712.9</ele>
        <time>2019-06-22T06:16:42Z</time>
      </trkpt>
      <trkpt lat="46.86698301695287" lon="-121.66085899807513">
        <ele>1724.5</ele>
        <time>2019-06-22T06:17:00Z</time>
      </trkpt>
      <trkpt lat="46.86696298420429" lon="-121.6607910208404">
        <ele>1728.1</ele>
        <time>2019-06-22T06:17:07Z</time>
      </trkpt>
      <trkpt lat="46.86695703305304" lon="-121.66075799614191">
        <ele>1727.6</ele>
        <time>2019-06-22T06:17:14Z</time>
      </trkpt>
      <trkpt lat="46.86697798781097" lon="-121.66075598448515">
        <ele>1723.7</ele>
        <time>2019-06-22T06:17:27Z</time>
      </trkpt>
      <trkpt lat="46.86698402278125" lon="-121.66070703417063">
        <ele>1728.7</ele>
        <time>2019-06-22T06:17:40Z</time>
      </trkpt>
      <trkpt lat="46.86700196005404" lon="-121.66063302196562">
        <ele>1725.2</ele>
        <time>2019-06-22T06:17:46Z</time>
      </trkpt>
      <trkpt lat="46.86699701473117" lon="-121.66054903529584">
        <ele>1725.8</ele>
        <time>2019-06-22T06:17:51Z</time>
      </trkpt>
      <trkpt lat="46.86702199280262" lon="-121.66046597063541">
        <ele>1725.4</ele>
        <time>2019-06-22T06:17:58Z</time>
      </trkpt>
      <trkpt lat="46.86704101972282" lon="-121.66038600727916">
        <ele>1723.0</ele>
        <time>2019-06-22T06:18:03Z</time>
      </trkpt>
      <trkpt lat="46.86702098697424" lon="-121.6603340394795">
        <ele>1723.9</ele>
        <time>2019-06-22T06:18:07Z</time>
      </trkpt>
      <trkpt lat="46.86702501028776" lon="-121.66031400673091">
        <ele>1724.4</ele>
        <time>2019-06-22T06:18:08Z</time>
      </trkpt>
      <trkpt lat="46.86707002110779" lon="-121.66026396676898">
        <ele>1724.6</ele>
        <time>2019-06-22T06:18:11Z</time>
      </trkpt>
      <trkpt lat="46.867094999179244" lon="-121.66024804115295">
        <ele>1725.0</ele>
        <time>2019-06-22T06:18:12Z</time>
      </trkpt>
      <trkpt lat="46.86713104136288" lon="-121.660234965384">
        <ele>1724.2</ele>
        <time>2019-06-22T06:18:13Z</time>
      </trkpt>
      <trkpt lat="46.8671440333128" lon="-121.6602040361613">
        <ele>1726.8</ele>
        <time>2019-06-22T06:18:18Z</time>
      </trkpt>
      <trkpt lat="46.86713397502899" lon="-121.66013396345079">
        <ele>1729.9</ele>
        <time>2019-06-22T06:18:24Z</time>
      </trkpt>
      <trkpt lat="46.86715300194919" lon="-121.66009498760104">
        <ele>1731.0</ele>
        <time>2019-06-22T06:18:27Z</time>
      </trkpt>
      <trkpt lat="46.86717303469777" lon="-121.6600830014795">
        <ele>1730.6</ele>
        <time>2019-06-22T06:18:28Z</time>
      </trkpt>
      <trkpt lat="46.86723598279059" lon="-121.66007202118635">
        <ele>1724.9</ele>
        <time>2019-06-22T06:18:32Z</time>
      </trkpt>
      <trkpt lat="46.86725702136755" lon="-121.66001804172993">
        <ele>1725.9</ele>
        <time>2019-06-22T06:18:36Z</time>
      </trkpt>
      <trkpt lat="46.86721402220428" lon="-121.65989398956299">
        <ele>1724.4</ele>
        <time>2019-06-22T06:18:45Z</time>
      </trkpt>
      <trkpt lat="46.86722198501229" lon="-121.6598710231483">
        <ele>1728.6</ele>
        <time>2019-06-22T06:18:47Z</time>
      </trkpt>
      <trkpt lat="46.86721502803266" lon="-121.65984403342009">
        <ele>1734.2</ele>
        <time>2019-06-22T06:18:49Z</time>
      </trkpt>
      <trkpt lat="46.86715995892882" lon="-121.65975996293128">
        <ele>1732.0</ele>
        <time>2019-06-22T06:18:55Z</time>
      </trkpt>
      <trkpt lat="46.86713296920061" lon="-121.65974898263812">
        <ele>1735.2</ele>
        <time>2019-06-22T06:18:57Z</time>
      </trkpt>
      <trkpt lat="46.8671440333128" lon="-121.65972400456667">
        <ele>1734.8</ele>
        <time>2019-06-22T06:19:00Z</time>
      </trkpt>
      <trkpt lat="46.86713104136288" lon="-121.65969802066684">
        <ele>1733.3</ele>
        <time>2019-06-22T06:19:02Z</time>
      </trkpt>
      <trkpt lat="46.86712902970612" lon="-121.65965896099806">
        <ele>1733.6</ele>
        <time>2019-06-22T06:19:06Z</time>
      </trkpt>
      <trkpt lat="46.86713196337223" lon="-121.65962400846183">
        <ele>1731.2</ele>
        <time>2019-06-22T06:19:10Z</time>
      </trkpt>
      <trkpt lat="46.86715995892882" lon="-121.65957204066217">
        <ele>1734.1</ele>
        <time>2019-06-22T06:19:18Z</time>
      </trkpt>
      <trkpt lat="46.867142021656036" lon="-121.65954999625683">
        <ele>1734.8</ele>
        <time>2019-06-22T06:19:37Z</time>
      </trkpt>
      <trkpt lat="46.86710296198726" lon="-121.65955100208521">
        <ele>1732.9</ele>
        <time>2019-06-22T06:19:39Z</time>
      </trkpt>
      <trkpt lat="46.86704697087407" lon="-121.65955896489322">
        <ele>1733.1</ele>
        <time>2019-06-22T06:19:42Z</time>
      </trkpt>
      <trkpt lat="46.86701402999461" lon="-121.65961302816868">
        <ele>1733.9</ele>
        <time>2019-06-22T06:19:50Z</time>
      </trkpt>
      <trkpt lat="46.86698796227574" lon="-121.65961696766317">
        <ele>1734.8</ele>
        <time>2019-06-22T06:19:56Z</time>
      </trkpt>
      <trkpt lat="46.866945968940854" lon="-121.6596530098468">
        <ele>1732.9</ele>
        <time>2019-06-22T06:20:03Z</time>
      </trkpt>
      <trkpt lat="46.86693398281932" lon="-121.65970397181809">
        <ele>1732.5</ele>
        <time>2019-06-22T06:20:11Z</time>
      </trkpt>
      <trkpt lat="46.86690095812082" lon="-121.65974797680974">
        <ele>1735.5</ele>
        <time>2019-06-22T06:20:18Z</time>
      </trkpt>
      <trkpt lat="46.866880003362894" lon="-121.65980698540807">
        <ele>1738.8</ele>
        <time>2019-06-22T06:20:22Z</time>
      </trkpt>
      <trkpt lat="46.86688603833318" lon="-121.65987697429955">
        <ele>1739.1</ele>
        <time>2019-06-22T06:20:28Z</time>
      </trkpt>
      <trkpt lat="46.86687899753451" lon="-121.65994302369654">
        <ele>1739.1</ele>
        <time>2019-06-22T06:20:32Z</time>
      </trkpt>
      <trkpt lat="46.866800962015986" lon="-121.66005902923644">
        <ele>1738.3</ele>
        <time>2019-06-22T06:20:40Z</time>
      </trkpt>
      <trkpt lat="46.866754023358226" lon="-121.66010797955096">
        <ele>1737.2</ele>
        <time>2019-06-22T06:20:48Z</time>
      </trkpt>
      <trkpt lat="46.86670599505305" lon="-121.6601249948144">
        <ele>1739.2</ele>
        <time>2019-06-22T06:21:54Z</time>
      </trkpt>
      <trkpt lat="46.86668302863836" lon="-121.66010797955096">
        <ele>1742.1</ele>
        <time>2019-06-22T06:22:03Z</time>
      </trkpt>
      <trkpt lat="46.8666569609195" lon="-121.66010797955096">
        <ele>1743.4</ele>
        <time>2019-06-22T06:22:11Z</time>
      </trkpt>
      <trkpt lat="46.86665796674788" lon="-121.66006598621607">
        <ele>1750.7</ele>
        <time>2019-06-22T06:22:27Z</time>
      </trkpt>
      <trkpt lat="46.86662703752518" lon="-121.66008400730789">
        <ele>1751.4</ele>
        <time>2019-06-22T06:22:57Z</time>
      </trkpt>
      <trkpt lat="46.86657699756324" lon="-121.66006003506482">
        <ele>1748.3</ele>
        <time>2019-06-22T06:23:15Z</time>
      </trkpt>
      <trkpt lat="46.86654799617827" lon="-121.66000597178936">
        <ele>1757.1</ele>
        <time>2019-06-22T06:23:21Z</time>
      </trkpt>
      <trkpt lat="46.86654799617827" lon="-121.65997797623277">
        <ele>1757.5</ele>
        <time>2019-06-22T06:23:39Z</time>
      </trkpt>
      <trkpt lat="46.8664859700948" lon="-121.6599400062114">
        <ele>1757.5</ele>
        <time>2019-06-22T06:24:05Z</time>
      </trkpt>
      <trkpt lat="46.8664550408721" lon="-121.65998501703143">
        <ele>1757.7</ele>
        <time>2019-06-22T06:24:24Z</time>
      </trkpt>
      <trkpt lat="46.866431990638375" lon="-121.65999398566782">
        <ele>1757.5</ele>
        <time>2019-06-22T06:24:29Z</time>
      </trkpt>
      <trkpt lat="46.8663979601115" lon="-121.66009901091456">
        <ele>1771.4</ele>
        <time>2019-06-22T06:24:56Z</time>
      </trkpt>
      <trkpt lat="46.86637599952519" lon="-121.66014301590621">
        <ele>1772.0</ele>
        <time>2019-06-22T06:25:01Z</time>
      </trkpt>
      <trkpt lat="46.86635001562536" lon="-121.66015097871423">
        <ele>1772.7</ele>
        <time>2019-06-22T06:25:10Z</time>
      </trkpt>
      <trkpt lat="46.866282038390636" lon="-121.66027997620404">
        <ele>1775.8</ele>
        <time>2019-06-22T06:25:24Z</time>
      </trkpt>
      <trkpt lat="46.86628597788513" lon="-121.66030202060938">
        <ele>1775.7</ele>
        <time>2019-06-22T06:25:27Z</time>
      </trkpt>
      <trkpt lat="46.86626896262169" lon="-121.66032699868083">
        <ele>1776.4</ele>
        <time>2019-06-22T06:25:30Z</time>
      </trkpt>
      <trkpt lat="46.86622001230717" lon="-121.66031803004444">
        <ele>1778.5</ele>
        <time>2019-06-22T06:25:35Z</time>
      </trkpt>
      <trkpt lat="46.866173995658755" lon="-121.66033001616597">
        <ele>1774.1</ele>
        <time>2019-06-22T06:25:41Z</time>
      </trkpt>
      <trkpt lat="46.866150023415685" lon="-121.66032498702407">
        <ele>1773.3</ele>
        <time>2019-06-22T06:25:44Z</time>
      </trkpt>
      <trkpt lat="46.86612596735358" lon="-121.66030302643776">
        <ele>1772.3</ele>
        <time>2019-06-22T06:25:48Z</time>
      </trkpt>
      <trkpt lat="46.866106018424034" lon="-121.66029799729586">
        <ele>1771.8</ele>
        <time>2019-06-22T06:25:50Z</time>
      </trkpt>
      <trkpt lat="46.866086991503835" lon="-121.66031903587282">
        <ele>1767.1</ele>
        <time>2019-06-22T06:25:56Z</time>
      </trkpt>
      <trkpt lat="46.86604700982571" lon="-121.66032699868083">
        <ele>1765.8</ele>
        <time>2019-06-22T06:26:06Z</time>
      </trkpt>
      <trkpt lat="46.866025971248746" lon="-121.66030503809452">
        <ele>1766.2</ele>
        <time>2019-06-22T06:26:09Z</time>
      </trkpt>
      <trkpt lat="46.86603100039065" lon="-121.66019699536264">
        <ele>1759.0</ele>
        <time>2019-06-22T06:26:16Z</time>
      </trkpt>
      <trkpt lat="46.86603602953255" lon="-121.66013798676431">
        <ele>1761.7</ele>
        <time>2019-06-22T06:26:21Z</time>
      </trkpt>
      <trkpt lat="46.866067964583635" lon="-121.6600969992578">
        <ele>1757.0</ele>
        <time>2019-06-22T06:26:24Z</time>
      </trkpt>
      <trkpt lat="46.866065030917525" lon="-121.66006003506482">
        <ele>1757.6</ele>
        <time>2019-06-22T06:26:27Z</time>
      </trkpt>
      <trkpt lat="46.866044998168945" lon="-121.66003396734595">
        <ele>1763.9</ele>
        <time>2019-06-22T06:26:36Z</time>
      </trkpt>
      <trkpt lat="46.86601800844073" lon="-121.65996096096933">
        <ele>1764.5</ele>
        <time>2019-06-22T06:26:47Z</time>
      </trkpt>
      <trkpt lat="46.86601096764207" lon="-121.6599540039897">
        <ele>1764.0</ele>
        <time>2019-06-22T06:26:48Z</time>
      </trkpt>
      <trkpt lat="46.86599696986377" lon="-121.65980799123645">
        <ele>1770.7</ele>
        <time>2019-06-22T06:27:03Z</time>
      </trkpt>
      <trkpt lat="46.86600501649082" lon="-121.65969802066684">
        <ele>1774.8</ele>
        <time>2019-06-22T06:27:13Z</time>
      </trkpt>
      <trkpt lat="46.866003004834056" lon="-121.6596860345453">
        <ele>1775.1</ele>
        <time>2019-06-22T06:27:14Z</time>
      </trkpt>
      <trkpt lat="46.86590703204274" lon="-121.65953096933663">
        <ele>1773.6</ele>
        <time>2019-06-22T06:27:28Z</time>
      </trkpt>
      <trkpt lat="46.865891022607684" lon="-121.65951697155833">
        <ele>1774.6</ele>
        <time>2019-06-22T06:27:30Z</time>
      </trkpt>
      <trkpt lat="46.865853974595666" lon="-121.65955301374197">
        <ele>1780.8</ele>
        <time>2019-06-22T06:27:38Z</time>
      </trkpt>
      <trkpt lat="46.865808041766286" lon="-121.65950397960842">
        <ele>1782.0</ele>
        <time>2019-06-22T06:27:42Z</time>
      </trkpt>
      <trkpt lat="46.86577904038131" lon="-121.65944497101009">
        <ele>1786.6</ele>
        <time>2019-06-22T06:27:51Z</time>
      </trkpt>
      <trkpt lat="46.86577602289617" lon="-121.65945402346551">
        <ele>1786.8</ele>
        <time>2019-06-22T06:27:53Z</time>
      </trkpt>
      <trkpt lat="46.865722965449095" lon="-121.65931002236903">
        <ele>1792.4</ele>
        <time>2019-06-22T06:28:12Z</time>
      </trkpt>
      <trkpt lat="46.865677032619715" lon="-121.65935696102679">
        <ele>1789.9</ele>
        <time>2019-06-22T06:28:28Z</time>
      </trkpt>
      <trkpt lat="46.86560503207147" lon="-121.65937799960375">
        <ele>1788.8</ele>
        <time>2019-06-22T06:28:35Z</time>
      </trkpt>
      <trkpt lat="46.86552003957331" lon="-121.65934396907687">
        <ele>1790.6</ele>
        <time>2019-06-22T06:28:44Z</time>
      </trkpt>
      <trkpt lat="46.86551098711789" lon="-121.65934396907687">
        <ele>1790.6</ele>
        <time>2019-06-22T06:28:45Z</time>
      </trkpt>
      <trkpt lat="46.86545399017632" lon="-121.65932301431894">
        <ele>1788.7</ele>
        <time>2019-06-22T06:28:53Z</time>
      </trkpt>
      <trkpt lat="46.865463964641094" lon="-121.65928998962045">
        <ele>1790.4</ele>
        <time>2019-06-22T06:28:58Z</time>
      </trkpt>
      <trkpt lat="46.8654549960047" lon="-121.65926702320576">
        <ele>1789.8</ele>
        <time>2019-06-22T06:29:01Z</time>
      </trkpt>
      <trkpt lat="46.865333961322904" lon="-121.65927800349891">
        <ele>1793.0</ele>
        <time>2019-06-22T06:29:10Z</time>
      </trkpt>
      <trkpt lat="46.865353994071484" lon="-121.65926098823547">
        <ele>1792.9</ele>
        <time>2019-06-22T06:29:27Z</time>
      </trkpt>
      <trkpt lat="46.865376960486174" lon="-121.65928102098405">
        <ele>1791.8</ele>
        <time>2019-06-22T06:29:45Z</time>
      </trkpt>
      <trkpt lat="46.865439992398024" lon="-121.65928797796369">
        <ele>1791.1</ele>
        <time>2019-06-22T06:29:49Z</time>
      </trkpt>
      <trkpt lat="46.86545197851956" lon="-121.65928596630692">
        <ele>1790.5</ele>
        <time>2019-06-22T06:29:50Z</time>
      </trkpt>
      <trkpt lat="46.865468993783" lon="-121.65925201959908">
        <ele>1787.4</ele>
        <time>2019-06-22T06:30:05Z</time>
      </trkpt>
      <trkpt lat="46.86545700766146" lon="-121.65921899490058">
        <ele>1788.3</ele>
        <time>2019-06-22T06:30:08Z</time>
      </trkpt>
      <trkpt lat="46.8654740229249" lon="-121.65922000072896">
        <ele>1791.3</ele>
        <time>2019-06-22T06:30:35Z</time>
      </trkpt>
      <trkpt lat="46.86555398628116" lon="-121.65917901322246">
        <ele>1788.0</ele>
        <time>2019-06-22T06:30:43Z</time>
      </trkpt>
      <trkpt lat="46.8655570037663" lon="-121.6591820307076">
        <ele>1787.8</ele>
        <time>2019-06-22T06:30:44Z</time>
      </trkpt>
      <trkpt lat="46.86562296934426" lon="-121.65913903154433">
        <ele>1791.0</ele>
        <time>2019-06-22T06:30:51Z</time>
      </trkpt>
      <trkpt lat="46.86566496267915" lon="-121.65907197631896">
        <ele>1787.6</ele>
        <time>2019-06-22T06:30:56Z</time>
      </trkpt>
      <trkpt lat="46.86565398238599" lon="-121.6590419691056">
        <ele>1791.1</ele>
        <time>2019-06-22T06:30:58Z</time>
      </trkpt>
      <trkpt lat="46.865718020126224" lon="-121.65892797522247">
        <ele>1791.7</ele>
        <time>2019-06-22T06:31:09Z</time>
      </trkpt>
      <trkpt lat="46.865723971277475" lon="-121.658895034343">
        <ele>1792.2</ele>
        <time>2019-06-22T06:31:11Z</time>
      </trkpt>
      <trkpt lat="46.865745009854436" lon="-121.65885999798775">
        <ele>1793.1</ele>
        <time>2019-06-22T06:31:16Z</time>
      </trkpt>
      <trkpt lat="46.8657330237329" lon="-121.65885102935135">
        <ele>1788.4</ele>
        <time>2019-06-22T06:31:53Z</time>
      </trkpt>
      <trkpt lat="46.86569597572088" lon="-121.65889604017138">
        <ele>1789.7</ele>
        <time>2019-06-22T06:31:57Z</time>
      </trkpt>
      <trkpt lat="46.86565096490085" lon="-121.65891397744417">
        <ele>1791.9</ele>
        <time>2019-06-22T06:32:06Z</time>
      </trkpt>
      <trkpt lat="46.865590028464794" lon="-121.65891297161579">
        <ele>1791.5</ele>
        <time>2019-06-22T06:32:12Z</time>
      </trkpt>
      <trkpt lat="46.86556002125144" lon="-121.6588849760592">
        <ele>1791.0</ele>
        <time>2019-06-22T06:32:17Z</time>
      </trkpt>
      <trkpt lat="46.86553898267448" lon="-121.65887801907957">
        <ele>1794.2</ele>
        <time>2019-06-22T06:32:22Z</time>
      </trkpt>
      <trkpt lat="46.86553403735161" lon="-121.6587879974395">
        <ele>1799.1</ele>
        <time>2019-06-22T06:32:32Z</time>
      </trkpt>
      <trkpt lat="46.86549397185445" lon="-121.65870199911296">
        <ele>1798.6</ele>
        <time>2019-06-22T06:32:38Z</time>
      </trkpt>
      <trkpt lat="46.86549598351121" lon="-121.65876402519643">
        <ele>1798.3</ele>
        <time>2019-06-22T06:33:14Z</time>
      </trkpt>
      <trkpt lat="46.86547796241939" lon="-121.65874198079109">
        <ele>1798.1</ele>
        <time>2019-06-22T06:33:32Z</time>
      </trkpt>
      <trkpt lat="46.865460025146604" lon="-121.6587520390749">
        <ele>1799.6</ele>
        <time>2019-06-22T06:39:15Z</time>
      </trkpt>
      <trkpt lat="46.865443" lon="-121.658702">
        <ele>1805.7</ele>
        <time>2019-06-22T11:26:46Z</time>
      </trkpt>
      <trkpt lat="46.86543898656964" lon="-121.65871499106288">
        <ele>1805.7</ele>
        <time>2019-06-22T11:26:47Z</time>
      </trkpt>
      <trkpt lat="46.86545801348984" lon="-121.65870300494134">
        <ele>1810.2</ele>
        <time>2019-06-22T11:27:00Z</time>
      </trkpt>
      <trkpt lat="46.865478" lon="-121.658657">
        <ele>1814.7</ele>
        <time>2019-06-22T11:27:02Z</time>
      </trkpt>
      <trkpt lat="46.86548" lon="-121.658695">
        <ele>1812.7</ele>
        <time>2019-06-22T11:27:12Z</time>
      </trkpt>
      <trkpt lat="46.865522" lon="-121.658789">
        <ele>1804.6</ele>
        <time>2019-06-22T11:28:02Z</time>
      </trkpt>
      <trkpt lat="46.86552096158266" lon="-121.6587969660759">
        <ele>1802.1</ele>
        <time>2019-06-22T11:28:03Z</time>
      </trkpt>
      <trkpt lat="46.865482" lon="-121.658844">
        <ele>1800.6</ele>
        <time>2019-06-22T11:28:07Z</time>
      </trkpt>
      <trkpt lat="46.86543798074126" lon="-121.6588569805026">
        <ele>1798.5</ele>
        <time>2019-06-22T11:28:13Z</time>
      </trkpt>
      <trkpt lat="46.865378" lon="-121.658922">
        <ele>1796.4</ele>
        <time>2019-06-22T11:28:23Z</time>
      </trkpt>
      <trkpt lat="46.86534703709185" lon="-121.65892797522247">
        <ele>1795.0</ele>
        <time>2019-06-22T11:28:25Z</time>
      </trkpt>
      <trkpt lat="46.865287" lon="-121.659062">
        <ele>1797.1</ele>
        <time>2019-06-22T11:28:33Z</time>
      </trkpt>
      <trkpt lat="46.865253" lon="-121.659114">
        <ele>1795.9</ele>
        <time>2019-06-22T11:28:39Z</time>
      </trkpt>
      <trkpt lat="46.86525299213827" lon="-121.6591350082308">
        <ele>1796.5</ele>
        <time>2019-06-22T11:28:40Z</time>
      </trkpt>
      <trkpt lat="46.86527302488685" lon="-121.65919301100075">
        <ele>1793.5</ele>
        <time>2019-06-22T11:28:44Z</time>
      </trkpt>
      <trkpt lat="46.86525701545179" lon="-121.65923902764916">
        <ele>1793.8</ele>
        <time>2019-06-22T11:28:46Z</time>
      </trkpt>
      <trkpt lat="46.865229019895196" lon="-121.6592869721353">
        <ele>1793.9</ele>
        <time>2019-06-22T11:28:49Z</time>
      </trkpt>
      <trkpt lat="46.865191" lon="-121.65932">
        <ele>1795.9</ele>
        <time>2019-06-22T11:28:52Z</time>
      </trkpt>
      <trkpt lat="46.86515500769019" lon="-121.65943298488855">
        <ele>1797.2</ele>
        <time>2019-06-22T11:29:13Z</time>
      </trkpt>
      <trkpt lat="46.86518099159002" lon="-121.65954496711493">
        <ele>1795.9</ele>
        <time>2019-06-22T11:29:19Z</time>
      </trkpt>
      <trkpt lat="46.86519197188318" lon="-121.65964202955365">
        <ele>1793.3</ele>
        <time>2019-06-22T11:29:26Z</time>
      </trkpt>
      <trkpt lat="46.865143" lon="-121.659785">
        <ele>1794.0</ele>
        <time>2019-06-22T11:29:37Z</time>
      </trkpt>
      <trkpt lat="46.865163" lon="-121.659841">
        <ele>1794.0</ele>
        <time>2019-06-22T11:29:42Z</time>
      </trkpt>
      <trkpt lat="46.865141009911895" lon="-121.65986498817801">
        <ele>1796.7</ele>
        <time>2019-06-22T11:30:13Z</time>
      </trkpt>
      <trkpt lat="46.86515098437667" lon="-121.65988996624947">
        <ele>1797.9</ele>
        <time>2019-06-22T11:30:42Z</time>
      </trkpt>
      <trkpt lat="46.865153" lon="-121.659986">
        <ele>1794.8</ele>
        <time>2019-06-22T11:30:50Z</time>
      </trkpt>
      <trkpt lat="46.86516799964011" lon="-121.66004402562976">
        <ele>1792.4</ele>
        <time>2019-06-22T11:30:55Z</time>
      </trkpt>
      <trkpt lat="46.86515199020505" lon="-121.6600919701159">
        <ele>1792.4</ele>
        <time>2019-06-22T11:30:58Z</time>
      </trkpt>
      <trkpt lat="46.865107" lon="-121.660148">
        <ele>1788.9</ele>
        <time>2019-06-22T11:31:03Z</time>
      </trkpt>
      <trkpt lat="46.865065" lon="-121.660183">
        <ele>1788.6</ele>
        <time>2019-06-22T11:31:06Z</time>
      </trkpt>
      <trkpt lat="46.86504302546382" lon="-121.66019297204912">
        <ele>1788.3</ele>
        <time>2019-06-22T11:31:07Z</time>
      </trkpt>
      <trkpt lat="46.86498401686549" lon="-121.66023102588952">
        <ele>1789.2</ele>
        <time>2019-06-22T11:31:10Z</time>
      </trkpt>
      <trkpt lat="46.864933" lon="-121.660288">
        <ele>1786.4</ele>
        <time>2019-06-22T11:31:16Z</time>
      </trkpt>
      <trkpt lat="46.864883" lon="-121.66032">
        <ele>1787.9</ele>
        <time>2019-06-22T11:31:19Z</time>
      </trkpt>
      <trkpt lat="46.86485099606216" lon="-121.66037402115762">
        <ele>1788.7</ele>
        <time>2019-06-22T11:31:23Z</time>
      </trkpt>
      <trkpt lat="46.864820988848805" lon="-121.6603890247643">
        <ele>1787.3</ele>
        <time>2019-06-22T11:31:25Z</time>
      </trkpt>
      <trkpt lat="46.86475" lon="-121.660402">
        <ele>1784.7</ele>
        <time>2019-06-22T11:31:32Z</time>
      </trkpt>
      <trkpt lat="46.8647469766438" lon="-121.66041400283575">
        <ele>1784.4</ele>
        <time>2019-06-22T11:31:33Z</time>
      </trkpt>
      <trkpt lat="46.864748" lon="-121.660472">
        <ele>1783.9</ele>
        <time>2019-06-22T11:31:39Z</time>
      </trkpt>
      <trkpt lat="46.864713" lon="-121.660517">
        <ele>1783.0</ele>
        <time>2019-06-22T11:31:43Z</time>
      </trkpt>
      <trkpt lat="46.864729" lon="-121.660543">
        <ele>1783.9</ele>
        <time>2019-06-22T11:31:44Z</time>
      </trkpt>
      <trkpt lat="46.86471898108721" lon="-121.66056596674025">
        <ele>1785.8</ele>
        <time>2019-06-22T11:31:47Z</time>
      </trkpt>
      <trkpt lat="46.864666" lon="-121.660606">
        <ele>1784.4</ele>
        <time>2019-06-22T11:31:52Z</time>
      </trkpt>
      <trkpt lat="46.86457104049623" lon="-121.66064701974392">
        <ele>1785.7</ele>
        <time>2019-06-22T11:32:00Z</time>
      </trkpt>
      <trkpt lat="46.864477" lon="-121.660702">
        <ele>1786.3</ele>
        <time>2019-06-22T11:32:11Z</time>
      </trkpt>
      <trkpt lat="46.864432" lon="-121.660721">
        <ele>1787.1</ele>
        <time>2019-06-22T11:32:15Z</time>
      </trkpt>
      <trkpt lat="46.864422" lon="-121.660743">
        <ele>1787.3</ele>
        <time>2019-06-22T11:32:17Z</time>
      </trkpt>
      <trkpt lat="46.864401" lon="-121.660756">
        <ele>1787.6</ele>
        <time>2019-06-22T11:32:23Z</time>
      </trkpt>
      <trkpt lat="46.86437901109457" lon="-121.66075103916228">
        <ele>1788.7</ele>
        <time>2019-06-22T11:32:25Z</time>
      </trkpt>
      <trkpt lat="46.86429996974766" lon="-121.66076897643507">
        <ele>1790.1</ele>
        <time>2019-06-22T11:32:33Z</time>
      </trkpt>
      <trkpt lat="46.864222" lon="-121.660794">
        <ele>1788.6</ele>
        <time>2019-06-22T11:32:40Z</time>
      </trkpt>
      <trkpt lat="46.86420701444149" lon="-121.66082203388214">
        <ele>1788.0</ele>
        <time>2019-06-22T11:32:44Z</time>
      </trkpt>
      <trkpt lat="46.864202" lon="-121.660886">
        <ele>1787.9</ele>
        <time>2019-06-22T11:32:52Z</time>
      </trkpt>
      <trkpt lat="46.86418002471328" lon="-121.66091096587479">
        <ele>1788.9</ele>
        <time>2019-06-22T11:32:55Z</time>
      </trkpt>
      <trkpt lat="46.86416703276336" lon="-121.6609159950167">
        <ele>1788.7</ele>
        <time>2019-06-22T11:32:56Z</time>
      </trkpt>
      <trkpt lat="46.86399595811963" lon="-121.66103803552687">
        <ele>1796.2</ele>
        <time>2019-06-22T11:33:26Z</time>
      </trkpt>
      <trkpt lat="46.863964" lon="-121.661043">
        <ele>1798.1</ele>
        <time>2019-06-22T11:33:33Z</time>
      </trkpt>
      <trkpt lat="46.863924" lon="-121.661073">
        <ele>1797.8</ele>
        <time>2019-06-22T11:33:43Z</time>
      </trkpt>
      <trkpt lat="46.86383502557874" lon="-121.66110903024673">
        <ele>1797.5</ele>
        <time>2019-06-22T11:33:53Z</time>
      </trkpt>
      <trkpt lat="46.863811" lon="-121.661144">
        <ele>1800.1</ele>
        <time>2019-06-22T11:33:59Z</time>
      </trkpt>
      <trkpt lat="46.863785991445184" lon="-121.66115999221802">
        <ele>1801.9</ele>
        <time>2019-06-22T11:34:02Z</time>
      </trkpt>
      <trkpt lat="46.86373796314001" lon="-121.66117097251117">
        <ele>1802.4</ele>
        <time>2019-06-22T11:34:11Z</time>
      </trkpt>
      <trkpt lat="46.863678032532334" lon="-121.66125001385808">
        <ele>1805.6</ele>
        <time>2019-06-22T11:34:28Z</time>
      </trkpt>
      <trkpt lat="46.863621" lon="-121.661339">
        <ele>1805.2</ele>
        <time>2019-06-22T11:34:48Z</time>
      </trkpt>
      <trkpt lat="46.863575" lon="-121.661363">
        <ele>1809.1</ele>
        <time>2019-06-22T11:34:57Z</time>
      </trkpt>
      <trkpt lat="46.86355599202216" lon="-121.6613869741559">
        <ele>1810.1</ele>
        <time>2019-06-22T11:35:04Z</time>
      </trkpt>
      <trkpt lat="46.863527" lon="-121.66139">
        <ele>1810.2</ele>
        <time>2019-06-22T11:35:08Z</time>
      </trkpt>
      <trkpt lat="46.86349396593869" lon="-121.66140901856124">
        <ele>1810.8</ele>
        <time>2019-06-22T11:35:13Z</time>
      </trkpt>
      <trkpt lat="46.863443" lon="-121.661481">
        <ele>1815.7</ele>
        <time>2019-06-22T11:35:30Z</time>
      </trkpt>
      <trkpt lat="46.863441998139024" lon="-121.66151597164571">
        <ele>1815.0</ele>
        <time>2019-06-22T11:35:38Z</time>
      </trkpt>
      <trkpt lat="46.863394" lon="-121.661553">
        <ele>1815.4</ele>
        <time>2019-06-22T11:35:51Z</time>
      </trkpt>
      <trkpt lat="46.863298" lon="-121.661604">
        <ele>1815.7</ele>
        <time>2019-06-22T11:36:09Z</time>
      </trkpt>
      <trkpt lat="46.863233" lon="-121.661662">
        <ele>1818.3</ele>
        <time>2019-06-22T11:36:29Z</time>
      </trkpt>
      <trkpt lat="46.86324200592935" lon="-121.66167195886374">
        <ele>1818.7</ele>
        <time>2019-06-22T11:36:31Z</time>
      </trkpt>
      <trkpt lat="46.86322297900915" lon="-121.66169903241098">
        <ele>1818.7</ele>
        <time>2019-06-22T11:36:39Z</time>
      </trkpt>
      <trkpt lat="46.863143" lon="-121.661756">
        <ele>1822.3</ele>
        <time>2019-06-22T11:36:59Z</time>
      </trkpt>
      <trkpt lat="46.863118037581444" lon="-121.6617619805038">
        <ele>1822.2</ele>
        <time>2019-06-22T11:37:01Z</time>
      </trkpt>
      <trkpt lat="46.863058023154736" lon="-121.66181998327374">
        <ele>1826.1</ele>
        <time>2019-06-22T11:37:15Z</time>
      </trkpt>
      <trkpt lat="46.863021" lon="-121.661905">
        <ele>1830.5</ele>
        <time>2019-06-22T11:37:37Z</time>
      </trkpt>
      <trkpt lat="46.862983" lon="-121.66195">
        <ele>1831.4</ele>
        <time>2019-06-22T11:37:50Z</time>
      </trkpt>
      <trkpt lat="46.862976" lon="-121.662037">
        <ele>1835.8</ele>
        <time>2019-06-22T11:38:08Z</time>
      </trkpt>
      <trkpt lat="46.86295500956476" lon="-121.66205300018191">
        <ele>1836.3</ele>
        <time>2019-06-22T11:38:11Z</time>
      </trkpt>
      <trkpt lat="46.862952997907996" lon="-121.66212701238692">
        <ele>1845.7</ele>
        <time>2019-06-22T11:38:37Z</time>
      </trkpt>
      <trkpt lat="46.86293497681618" lon="-121.66215500794351">
        <ele>1845.9</ele>
        <time>2019-06-22T11:38:43Z</time>
      </trkpt>
      <trkpt lat="46.86288" lon="-121.662199">
        <ele>1847.0</ele>
        <time>2019-06-22T11:38:52Z</time>
      </trkpt>
      <trkpt lat="46.862863" lon="-121.662227">
        <ele>1847.2</ele>
        <time>2019-06-22T11:38:58Z</time>
      </trkpt>
      <trkpt lat="46.862817" lon="-121.662249">
        <ele>1846.6</ele>
        <time>2019-06-22T11:39:08Z</time>
      </trkpt>
      <trkpt lat="46.862838" lon="-121.662305">
        <ele>1851.6</ele>
        <time>2019-06-22T11:39:18Z</time>
      </trkpt>
      <trkpt lat="46.862837" lon="-121.66234">
        <ele>1851.7</ele>
        <time>2019-06-22T11:39:21Z</time>
      </trkpt>
      <trkpt lat="46.86286" lon="-121.662373">
        <ele>1856.2</ele>
        <time>2019-06-22T11:39:31Z</time>
      </trkpt>
      <trkpt lat="46.862812" lon="-121.662399">
        <ele>1854.5</ele>
        <time>2019-06-22T11:39:52Z</time>
      </trkpt>
      <trkpt lat="46.86279399320483" lon="-121.66242700070143">
        <ele>1856.6</ele>
        <time>2019-06-22T11:40:00Z</time>
      </trkpt>
      <trkpt lat="46.862785" lon="-121.66253">
        <ele>1859.9</ele>
        <time>2019-06-22T11:40:16Z</time>
      </trkpt>
      <trkpt lat="46.862758034840226" lon="-121.66256203316152">
        <ele>1859.1</ele>
        <time>2019-06-22T11:40:23Z</time>
      </trkpt>
      <trkpt lat="46.86271897517145" lon="-121.66266596876085">
        <ele>1864.6</ele>
        <time>2019-06-22T11:40:50Z</time>
      </trkpt>
      <trkpt lat="46.862701" lon="-121.662811">
        <ele>1873.8</ele>
        <time>2019-06-22T11:42:02Z</time>
      </trkpt>
      <trkpt lat="46.86270103789866" lon="-121.66292899288237">
        <ele>1876.4</ele>
        <time>2019-06-22T11:42:17Z</time>
      </trkpt>
      <trkpt lat="46.86265300959349" lon="-121.66315496899188">
        <ele>1879.5</ele>
        <time>2019-06-22T11:42:57Z</time>
      </trkpt>
      <trkpt lat="46.86261897906661" lon="-121.66320903226733">
        <ele>1879.8</ele>
        <time>2019-06-22T11:43:04Z</time>
      </trkpt>
      <trkpt lat="46.862618" lon="-121.663243">
        <ele>1880.4</ele>
        <time>2019-06-22T11:43:10Z</time>
      </trkpt>
      <trkpt lat="46.86264001764357" lon="-121.66325999423862">
        <ele>1880.8</ele>
        <time>2019-06-22T11:43:15Z</time>
      </trkpt>
      <trkpt lat="46.862648986279964" lon="-121.66330299340189">
        <ele>1884.5</ele>
        <time>2019-06-22T11:43:26Z</time>
      </trkpt>
      <trkpt lat="46.862591" lon="-121.663419">
        <ele>1887.9</ele>
        <time>2019-06-22T11:43:54Z</time>
      </trkpt>
      <trkpt lat="46.86255401931703" lon="-121.66346199810505">
        <ele>1888.7</ele>
        <time>2019-06-22T11:44:03Z</time>
      </trkpt>
      <trkpt lat="46.86255603097379" lon="-121.66350499726832">
        <ele>1889.2</ele>
        <time>2019-06-22T11:44:15Z</time>
      </trkpt>
      <trkpt lat="46.862509008497" lon="-121.66362896561623">
        <ele>1892.9</ele>
        <time>2019-06-22T11:44:38Z</time>
      </trkpt>
      <trkpt lat="46.86246299184859" lon="-121.66365000419319">
        <ele>1893.6</ele>
        <time>2019-06-22T11:44:49Z</time>
      </trkpt>
      <trkpt lat="46.862432984635234" lon="-121.66368001140654">
        <ele>1893.4</ele>
        <time>2019-06-22T11:45:01Z</time>
      </trkpt>
      <trkpt lat="46.862412" lon="-121.663717">
        <ele>1895.4</ele>
        <time>2019-06-22T11:45:14Z</time>
      </trkpt>
      <trkpt lat="46.862372" lon="-121.663754">
        <ele>1899.9</ele>
        <time>2019-06-22T11:45:27Z</time>
      </trkpt>
      <trkpt lat="46.862301" lon="-121.6638">
        <ele>1904.6</ele>
        <time>2019-06-22T11:45:44Z</time>
      </trkpt>
      <trkpt lat="46.862287" lon="-121.663842">
        <ele>1905.9</ele>
        <time>2019-06-22T11:45:59Z</time>
      </trkpt>
      <trkpt lat="46.862244978547096" lon="-121.66388997808099">
        <ele>1911.3</ele>
        <time>2019-06-22T11:46:35Z</time>
      </trkpt>
      <trkpt lat="46.862217" lon="-121.663954">
        <ele>1915.8</ele>
        <time>2019-06-22T11:46:52Z</time>
      </trkpt>
      <trkpt lat="46.862158" lon="-121.664033">
        <ele>1920.5</ele>
        <time>2019-06-22T11:47:17Z</time>
      </trkpt>
      <trkpt lat="46.862095" lon="-121.664074">
        <ele>1922.6</ele>
        <time>2019-06-22T11:47:27Z</time>
      </trkpt>
      <trkpt lat="46.862077" lon="-121.6641">
        <ele>1925.7</ele>
        <time>2019-06-22T11:47:38Z</time>
      </trkpt>
      <trkpt lat="46.862067030742764" lon="-121.66406901553273">
        <ele>1927.3</ele>
        <time>2019-06-22T11:47:49Z</time>
      </trkpt>
      <trkpt lat="46.862022" lon="-121.664164">
        <ele>1932.5</ele>
        <time>2019-06-22T11:48:25Z</time>
      </trkpt>
      <trkpt lat="46.861994" lon="-121.664187">
        <ele>1934.3</ele>
        <time>2019-06-22T11:48:27Z</time>
      </trkpt>
      <trkpt lat="46.86196896247566" lon="-121.66419197805226">
        <ele>1934.7</ele>
        <time>2019-06-22T11:48:35Z</time>
      </trkpt>
      <trkpt lat="46.861949" lon="-121.664213">
        <ele>1936.9</ele>
        <time>2019-06-22T11:48:39Z</time>
      </trkpt>
      <trkpt lat="46.861940966919065" lon="-121.66420798748732">
        <ele>1938.6</ele>
        <time>2019-06-22T11:48:44Z</time>
      </trkpt>
      <trkpt lat="46.86196996830404" lon="-121.66418401524425">
        <ele>1939.0</ele>
        <time>2019-06-22T11:48:47Z</time>
      </trkpt>
      <trkpt lat="46.861955" lon="-121.664215">
        <ele>1939.8</ele>
        <time>2019-06-22T11:48:54Z</time>
      </trkpt>
      <trkpt lat="46.861932" lon="-121.664226">
        <ele>1939.9</ele>
        <time>2019-06-22T11:48:58Z</time>
      </trkpt>
      <trkpt lat="46.86191297136247" lon="-121.66425199247897">
        <ele>1939.8</ele>
        <time>2019-06-22T11:49:03Z</time>
      </trkpt>
      <trkpt lat="46.861887" lon="-121.664313">
        <ele>1942.1</ele>
        <time>2019-06-22T11:49:31Z</time>
      </trkpt>
      <trkpt lat="46.861841" lon="-121.664354">
        <ele>1946.1</ele>
        <time>2019-06-22T11:49:46Z</time>
      </trkpt>
      <trkpt lat="46.86183602549136" lon="-121.66434402577579">
        <ele>1946.9</ele>
        <time>2019-06-22T11:49:48Z</time>
      </trkpt>
      <trkpt lat="46.86181" lon="-121.664348">
        <ele>1947.0</ele>
        <time>2019-06-22T11:49:59Z</time>
      </trkpt>
      <trkpt lat="46.861683977767825" lon="-121.6644679941237">
        <ele>1952.5</ele>
        <time>2019-06-22T11:50:34Z</time>
      </trkpt>
      <trkpt lat="46.86167199164629" lon="-121.66450998745859">
        <ele>1954.6</ele>
        <time>2019-06-22T11:50:56Z</time>
      </trkpt>
      <trkpt lat="46.861603" lon="-121.664534">
        <ele>1958.9</ele>
        <time>2019-06-22T11:51:21Z</time>
      </trkpt>
      <trkpt lat="46.861585" lon="-121.6646">
        <ele>1960.0</ele>
        <time>2019-06-22T11:51:38Z</time>
      </trkpt>
      <trkpt lat="46.861552968621254" lon="-121.66462398134172">
        <ele>1959.9</ele>
        <time>2019-06-22T11:51:44Z</time>
      </trkpt>
      <trkpt lat="46.86145" lon="-121.664686">
        <ele>1963.3</ele>
        <time>2019-06-22T11:52:16Z</time>
      </trkpt>
      <trkpt lat="46.861397" lon="-121.664692">
        <ele>1965.0</ele>
        <time>2019-06-22T11:52:32Z</time>
      </trkpt>
      <trkpt lat="46.861362028867006" lon="-121.66471098549664">
        <ele>1968.6</ele>
        <time>2019-06-22T11:52:49Z</time>
      </trkpt>
      <trkpt lat="46.86130897141993" lon="-121.66471601463854">
        <ele>1976.8</ele>
        <time>2019-06-22T11:53:10Z</time>
      </trkpt>
      <trkpt lat="46.86130000278354" lon="-121.66475096717477">
        <ele>1974.9</ele>
        <time>2019-06-22T11:53:20Z</time>
      </trkpt>
      <trkpt lat="46.86125901527703" lon="-121.6647870093584">
        <ele>1977.0</ele>
        <time>2019-06-22T11:53:28Z</time>
      </trkpt>
      <trkpt lat="46.861223" lon="-121.664844">
        <ele>1979.3</ele>
        <time>2019-06-22T11:53:41Z</time>
      </trkpt>
      <trkpt lat="46.86119103804231" lon="-121.66487401351333">
        <ele>1977.8</ele>
        <time>2019-06-22T11:53:55Z</time>
      </trkpt>
      <trkpt lat="46.86117796227336" lon="-121.66490603238344">
        <ele>1979.7</ele>
        <time>2019-06-22T11:54:03Z</time>
      </trkpt>
      <trkpt lat="46.861179" lon="-121.664942">
        <ele>1981.3</ele>
        <time>2019-06-22T11:54:13Z</time>
      </trkpt>
      <trkpt lat="46.861164" lon="-121.66497">
        <ele>1982.5</ele>
        <time>2019-06-22T11:54:18Z</time>
      </trkpt>
      <trkpt lat="46.86113697476685" lon="-121.66497099213302">
        <ele>1986.6</ele>
        <time>2019-06-22T11:54:40Z</time>
      </trkpt>
      <trkpt lat="46.86112096533179" lon="-121.66494098491967">
        <ele>1985.7</ele>
        <time>2019-06-22T11:54:43Z</time>
      </trkpt>
      <trkpt lat="46.861139" lon="-121.664915">
        <ele>1984.2</ele>
        <time>2019-06-22T11:54:44Z</time>
      </trkpt>
      <trkpt lat="46.86120201833546" lon="-121.66490603238344">
        <ele>1982.4</ele>
        <time>2019-06-22T11:54:44Z</time>
      </trkpt>
      <trkpt lat="46.861189026385546" lon="-121.66491298936307">
        <ele>1982.3</ele>
        <time>2019-06-22T11:54:47Z</time>
      </trkpt>
      <trkpt lat="46.861181" lon="-121.664947">
        <ele>1985.5</ele>
        <time>2019-06-22T11:54:51Z</time>
      </trkpt>
      <trkpt lat="46.86116002500057" lon="-121.66495699435472">
        <ele>1986.4</ele>
        <time>2019-06-22T11:54:54Z</time>
      </trkpt>
      <trkpt lat="46.86113496311009" lon="-121.66499203070998">
        <ele>1984.6</ele>
        <time>2019-06-22T11:54:55Z</time>
      </trkpt>
      <trkpt lat="46.86111602000892" lon="-121.66498700156808">
        <ele>1982.2</ele>
        <time>2019-06-22T11:54:58Z</time>
      </trkpt>
      <trkpt lat="46.861104" lon="-121.665018">
        <ele>1983.5</ele>
        <time>2019-06-22T11:55:10Z</time>
      </trkpt>
      <trkpt lat="46.861060028895736" lon="-121.6649770271033">
        <ele>1989.3</ele>
        <time>2019-06-22T11:55:27Z</time>
      </trkpt>
      <trkpt lat="46.86105399392545" lon="-121.6649770271033">
        <ele>1989.1</ele>
        <time>2019-06-22T11:55:28Z</time>
      </trkpt>
      <trkpt lat="46.861012" lon="-121.664927">
        <ele>1992.7</ele>
        <time>2019-06-22T11:55:48Z</time>
      </trkpt>
      <trkpt lat="46.86098702251911" lon="-121.66493796743453">
        <ele>1993.2</ele>
        <time>2019-06-22T11:56:03Z</time>
      </trkpt>
      <trkpt lat="46.860938" lon="-121.664928">
        <ele>1997.1</ele>
        <time>2019-06-22T11:56:24Z</time>
      </trkpt>
      <trkpt lat="46.86091996729374" lon="-121.66490896604955">
        <ele>2001.1</ele>
        <time>2019-06-22T11:56:41Z</time>
      </trkpt>
      <trkpt lat="46.860879" lon="-121.66492">
        <ele>1999.2</ele>
        <time>2019-06-22T11:56:44Z</time>
      </trkpt>
      <trkpt lat="46.860845033079386" lon="-121.66490200906992">
        <ele>2004.4</ele>
        <time>2019-06-22T11:57:08Z</time>
      </trkpt>
      <trkpt lat="46.860735" lon="-121.664927">
        <ele>2015.3</ele>
        <time>2019-06-22T11:58:10Z</time>
      </trkpt>
      <trkpt lat="46.86070295982063" lon="-121.66491600684822">
        <ele>2018.6</ele>
        <time>2019-06-22T11:58:21Z</time>
      </trkpt>
      <trkpt lat="46.860582" lon="-121.664951">
        <ele>2023.4</ele>
        <time>2019-06-22T11:59:51Z</time>
      </trkpt>
      <trkpt lat="46.86046399176121" lon="-121.6650460101664">
        <ele>2031.3</ele>
        <time>2019-06-22T12:00:40Z</time>
      </trkpt>
      <trkpt lat="46.860477" lon="-121.665078">
        <ele>2030.9</ele>
        <time>2019-06-22T12:00:48Z</time>
      </trkpt>
      <trkpt lat="46.860451" lon="-121.665079">
        <ele>2030.5</ele>
        <time>2019-06-22T12:01:04Z</time>
      </trkpt>
      <trkpt lat="46.860439013689756" lon="-121.66510803624988">
        <ele>2035.4</ele>
        <time>2019-06-22T12:01:17Z</time>
      </trkpt>
      <trkpt lat="46.86040498316288" lon="-121.66511801071465">
        <ele>2036.4</ele>
        <time>2019-06-22T12:01:28Z</time>
      </trkpt>
      <trkpt lat="46.860366" lon="-121.665168">
        <ele>2042.4</ele>
        <time>2019-06-22T12:02:05Z</time>
      </trkpt>
      <trkpt lat="46.86033901758492" lon="-121.66522697545588">
        <ele>2043.6</ele>
        <time>2019-06-22T12:02:18Z</time>
      </trkpt>
      <trkpt lat="46.860268" lon="-121.665262">
        <ele>2048.2</ele>
        <time>2019-06-22T12:02:44Z</time>
      </trkpt>
      <trkpt lat="46.86027003452182" lon="-121.66525597684085">
        <ele>2048.7</ele>
        <time>2019-06-22T12:02:44Z</time>
      </trkpt>
      <trkpt lat="46.860163" lon="-121.665358">
        <ele>2056.3</ele>
        <time>2019-06-22T12:03:52Z</time>
      </trkpt>
      <trkpt lat="46.860133" lon="-121.665417">
        <ele>2055.8</ele>
        <time>2019-06-22T12:04:02Z</time>
      </trkpt>
      <trkpt lat="46.86012402176857" lon="-121.66542403399944">
        <ele>2055.9</ele>
        <time>2019-06-22T12:04:03Z</time>
      </trkpt>
      <trkpt lat="46.860043" lon="-121.665521">
        <ele>2062.0</ele>
        <time>2019-06-22T12:04:31Z</time>
      </trkpt>
      <trkpt lat="46.860063" lon="-121.665533">
        <ele>2069.9</ele>
        <time>2019-06-22T12:04:50Z</time>
      </trkpt>
      <trkpt lat="46.860109" lon="-121.665526">
        <ele>2074.7</ele>
        <time>2019-06-22T12:05:18Z</time>
      </trkpt>
      <trkpt lat="46.86011999845505" lon="-121.6654899995774">
        <ele>2074.6</ele>
        <time>2019-06-22T12:05:21Z</time>
      </trkpt>
      <trkpt lat="46.86004598625004" lon="-121.66556401178241">
        <ele>2073.8</ele>
        <time>2019-06-22T12:05:35Z</time>
      </trkpt>
      <trkpt lat="46.859978" lon="-121.665597">
        <ele>2070.6</ele>
        <time>2019-06-22T12:05:41Z</time>
      </trkpt>
      <trkpt lat="46.859925" lon="-121.665684">
        <ele>2071.4</ele>
        <time>2019-06-22T12:06:14Z</time>
      </trkpt>
      <trkpt lat="46.85990399681032" lon="-121.66569502092898">
        <ele>2070.7</ele>
        <time>2019-06-22T12:06:17Z</time>
      </trkpt>
      <trkpt lat="46.859955" lon="-121.665699">
        <ele>2078.8</ele>
        <time>2019-06-22T12:07:09Z</time>
      </trkpt>
      <trkpt lat="46.85993500985205" lon="-121.66566702537239">
        <ele>2076.9</ele>
        <time>2019-06-22T12:09:20Z</time>
      </trkpt>
      <trkpt lat="46.85995" lon="-121.665634">
        <ele>2077.9</ele>
        <time>2019-06-22T12:09:29Z</time>
      </trkpt>
      <trkpt lat="46.8599409610033" lon="-121.66560902260244">
        <ele>2079.6</ele>
        <time>2019-06-22T12:09:35Z</time>
      </trkpt>
      <trkpt lat="46.85994599014521" lon="-121.66554397903383">
        <ele>2079.7</ele>
        <time>2019-06-22T12:09:53Z</time>
      </trkpt>
      <trkpt lat="46.85993098653853" lon="-121.66540400125086">
        <ele>2081.1</ele>
        <time>2019-06-22T12:10:09Z</time>
      </trkpt>
      <trkpt lat="46.85991799458861" lon="-121.66543300263584">
        <ele>2078.9</ele>
        <time>2019-06-22T12:11:31Z</time>
      </trkpt>
      <trkpt lat="46.859936" lon="-121.665361">
        <ele>2083.8</ele>
        <time>2019-06-22T12:13:11Z</time>
      </trkpt>
      <trkpt lat="46.859936" lon="-121.665305">
        <ele>2084.9</ele>
        <time>2019-06-22T12:13:18Z</time>
      </trkpt>
      <trkpt lat="46.859928" lon="-121.66528">
        <ele>2085.5</ele>
        <time>2019-06-22T12:13:20Z</time>
      </trkpt>
      <trkpt lat="46.859896034002304" lon="-121.66529897600412">
        <ele>2086.2</ele>
        <time>2019-06-22T12:13:44Z</time>
      </trkpt>
      <trkpt lat="46.85985" lon="-121.665319">
        <ele>2086.0</ele>
        <time>2019-06-22T12:13:48Z</time>
      </trkpt>
      <trkpt lat="46.85982897877693" lon="-121.66534298099577">
        <ele>2087.3</ele>
        <time>2019-06-22T12:13:54Z</time>
      </trkpt>
      <trkpt lat="46.85981900431216" lon="-121.66537902317941">
        <ele>2090.7</ele>
        <time>2019-06-22T12:14:11Z</time>
      </trkpt>
      <trkpt lat="46.859794026240706" lon="-121.66537298820913">
        <ele>2094.0</ele>
        <time>2019-06-22T12:14:24Z</time>
      </trkpt>
      <trkpt lat="46.859778" lon="-121.665404">
        <ele>2095.8</ele>
        <time>2019-06-22T12:14:29Z</time>
      </trkpt>
      <trkpt lat="46.85975597240031" lon="-121.66538598015904">
        <ele>2098.6</ele>
        <time>2019-06-22T12:14:50Z</time>
      </trkpt>
      <trkpt lat="46.859708" lon="-121.665418">
        <ele>2101.0</ele>
        <time>2019-06-22T12:15:10Z</time>
      </trkpt>
      <trkpt lat="46.859685" lon="-121.665408">
        <ele>2104.4</ele>
        <time>2019-06-22T12:15:34Z</time>
      </trkpt>
      <trkpt lat="46.859675" lon="-121.665434">
        <ele>2107.1</ele>
        <time>2019-06-22T12:15:44Z</time>
      </trkpt>
      <trkpt lat="46.85965295881033" lon="-121.66542202234268">
        <ele>2106.0</ele>
        <time>2019-06-22T12:15:44Z</time>
      </trkpt>
      <trkpt lat="46.85963099822402" lon="-121.66544398292899">
        <ele>2105.8</ele>
        <time>2019-06-22T12:16:11Z</time>
      </trkpt>
      <trkpt lat="46.859577" lon="-121.665449">
        <ele>2110.2</ele>
        <time>2019-06-22T12:17:07Z</time>
      </trkpt>
      <trkpt lat="46.85952102765441" lon="-121.66546200402081">
        <ele>2116.2</ele>
        <time>2019-06-22T12:17:44Z</time>
      </trkpt>
      <trkpt lat="46.859478" lon="-121.665504">
        <ele>2124.0</ele>
        <time>2019-06-22T12:18:34Z</time>
      </trkpt>
      <trkpt lat="46.859437" lon="-121.665522">
        <ele>2122.7</ele>
        <time>2019-06-22T12:18:41Z</time>
      </trkpt>
      <trkpt lat="46.85940996743739" lon="-121.66550097987056">
        <ele>2124.9</ele>
        <time>2019-06-22T12:19:15Z</time>
      </trkpt>
      <trkpt lat="46.859385" lon="-121.665468">
        <ele>2124.8</ele>
        <time>2019-06-22T12:19:33Z</time>
      </trkpt>
      <trkpt lat="46.85935" lon="-121.665521">
        <ele>2128.1</ele>
        <time>2019-06-22T12:20:11Z</time>
      </trkpt>
      <trkpt lat="46.85933402739465" lon="-121.66549201123416">
        <ele>2133.5</ele>
        <time>2019-06-22T12:20:32Z</time>
      </trkpt>
      <trkpt lat="46.859253" lon="-121.665527">
        <ele>2134.3</ele>
        <time>2019-06-22T12:21:41Z</time>
      </trkpt>
      <trkpt lat="46.85922003351152" lon="-121.6655230242759">
        <ele>2136.1</ele>
        <time>2019-06-22T12:22:08Z</time>
      </trkpt>
      <trkpt lat="46.859234031289816" lon="-121.66549100540578">
        <ele>2139.3</ele>
        <time>2019-06-22T12:23:01Z</time>
      </trkpt>
      <trkpt lat="46.859230007976294" lon="-121.66545496322215">
        <ele>2145.8</ele>
        <time>2019-06-22T12:23:33Z</time>
      </trkpt>
      <trkpt lat="46.859212992712855" lon="-121.66542696766555">
        <ele>2146.0</ele>
        <time>2019-06-22T12:23:53Z</time>
      </trkpt>
      <trkpt lat="46.859171" lon="-121.665458">
        <ele>2150.5</ele>
        <time>2019-06-22T12:26:03Z</time>
      </trkpt>
      <trkpt lat="46.859142" lon="-121.665446">
        <ele>2154.7</ele>
        <time>2019-06-22T12:27:23Z</time>
      </trkpt>
      <trkpt lat="46.85911802574992" lon="-121.66541003622115">
        <ele>2157.8</ele>
        <time>2019-06-22T12:27:49Z</time>
      </trkpt>
      <trkpt lat="46.85912" lon="-121.665445">
        <ele>2157.0</ele>
        <time>2019-06-22T12:28:23Z</time>
      </trkpt>
      <trkpt lat="46.85911" lon="-121.665476">
        <ele>2157.6</ele>
        <time>2019-06-22T12:28:28Z</time>
      </trkpt>
      <trkpt lat="46.859086" lon="-121.665474">
        <ele>2157.3</ele>
        <time>2019-06-22T12:28:48Z</time>
      </trkpt>
      <trkpt lat="46.859063" lon="-121.66553">
        <ele>2157.1</ele>
        <time>2019-06-22T12:28:52Z</time>
      </trkpt>
      <trkpt lat="46.859041" lon="-121.665553">
        <ele>2157.1</ele>
        <time>2019-06-22T12:29:00Z</time>
      </trkpt>
      <trkpt lat="46.859019" lon="-121.665555">
        <ele>2162.6</ele>
        <time>2019-06-22T12:31:50Z</time>
      </trkpt>
      <trkpt lat="46.858962" lon="-121.665606">
        <ele>2164.4</ele>
        <time>2019-06-22T12:32:02Z</time>
      </trkpt>
      <trkpt lat="46.858935" lon="-121.665617">
        <ele>2164.3</ele>
        <time>2019-06-22T12:32:09Z</time>
      </trkpt>
      <trkpt lat="46.858904" lon="-121.665637">
        <ele>2166.5</ele>
        <time>2019-06-22T12:32:20Z</time>
      </trkpt>
      <trkpt lat="46.858879" lon="-121.665638">
        <ele>2168.6</ele>
        <time>2019-06-22T12:32:31Z</time>
      </trkpt>
      <trkpt lat="46.858867993578315" lon="-121.66565897874534">
        <ele>2167.8</ele>
        <time>2019-06-22T12:32:34Z</time>
      </trkpt>
      <trkpt lat="46.858844" lon="-121.665652">
        <ele>2173.2</ele>
        <time>2019-06-22T12:32:43Z</time>
      </trkpt>
      <trkpt lat="46.858826" lon="-121.665632">
        <ele>2172.8</ele>
        <time>2019-06-22T12:32:51Z</time>
      </trkpt>
      <trkpt lat="46.858817" lon="-121.665661">
        <ele>2171.7</ele>
        <time>2019-06-22T12:33:00Z</time>
      </trkpt>
      <trkpt lat="46.85876799747348" lon="-121.66569502092898">
        <ele>2176.4</ele>
        <time>2019-06-22T12:33:25Z</time>
      </trkpt>
      <trkpt lat="46.858677" lon="-121.665618">
        <ele>2185.2</ele>
        <time>2019-06-22T12:33:56Z</time>
      </trkpt>
      <trkpt lat="46.858723" lon="-121.665639">
        <ele>2185.4</ele>
        <time>2019-06-22T12:34:18Z</time>
      </trkpt>
      <trkpt lat="46.85873002745211" lon="-121.66567197069526">
        <ele>2185.0</ele>
        <time>2019-06-22T12:34:21Z</time>
      </trkpt>
      <trkpt lat="46.858714" lon="-121.665648">
        <ele>2181.8</ele>
        <time>2019-06-22T12:38:56Z</time>
      </trkpt>
      <trkpt lat="46.85869297944009" lon="-121.665666019544">
        <ele>2181.4</ele>
        <time>2019-06-22T12:39:03Z</time>
      </trkpt>
      <trkpt lat="46.85864302329719" lon="-121.66566400788724">
        <ele>2183.5</ele>
        <time>2019-06-22T12:39:14Z</time>
      </trkpt>
      <trkpt lat="46.858618" lon="-121.665675">
        <ele>2183.6</ele>
        <time>2019-06-22T12:39:18Z</time>
      </trkpt>
      <trkpt lat="46.858572" lon="-121.665648">
        <ele>2190.5</ele>
        <time>2019-06-22T12:39:43Z</time>
      </trkpt>
      <trkpt lat="46.85857102274895" lon="-121.66563601233065">
        <ele>2191.2</ele>
        <time>2019-06-22T12:39:44Z</time>
      </trkpt>
      <trkpt lat="46.858545" lon="-121.665642">
        <ele>2193.2</ele>
        <time>2019-06-22T12:39:58Z</time>
      </trkpt>
      <trkpt lat="46.858483" lon="-121.665692">
        <ele>2198.0</ele>
        <time>2019-06-22T12:40:35Z</time>
      </trkpt>
      <trkpt lat="46.85846700333059" lon="-121.66572100482881">
        <ele>2197.3</ele>
        <time>2019-06-22T12:40:41Z</time>
      </trkpt>
      <trkpt lat="46.858419980853796" lon="-121.66575101204216">
        <ele>2201.7</ele>
        <time>2019-06-22T12:40:56Z</time>
      </trkpt>
      <trkpt lat="46.858396008610725" lon="-121.6657719668001">
        <ele>2203.7</ele>
        <time>2019-06-22T12:41:20Z</time>
      </trkpt>
      <trkpt lat="46.858372036367655" lon="-121.66577297262847">
        <ele>2206.6</ele>
        <time>2019-06-22T12:41:34Z</time>
      </trkpt>
      <trkpt lat="46.85833498835564" lon="-121.66582603007555">
        <ele>2209.8</ele>
        <time>2019-06-22T12:42:06Z</time>
      </trkpt>
      <trkpt lat="46.858284" lon="-121.665844">
        <ele>2214.8</ele>
        <time>2019-06-22T12:42:25Z</time>
      </trkpt>
      <trkpt lat="46.85825603082776" lon="-121.66584497317672">
        <ele>2216.9</ele>
        <time>2019-06-22T12:42:39Z</time>
      </trkpt>
      <trkpt lat="46.858183" lon="-121.665905">
        <ele>2221.2</ele>
        <time>2019-06-22T12:43:20Z</time>
      </trkpt>
      <trkpt lat="46.858158" lon="-121.665915">
        <ele>2228.2</ele>
        <time>2019-06-22T12:43:43Z</time>
      </trkpt>
      <trkpt lat="46.858143" lon="-121.665885">
        <ele>2230.4</ele>
        <time>2019-06-22T12:43:44Z</time>
      </trkpt>
      <trkpt lat="46.858118" lon="-121.665898">
        <ele>2231.0</ele>
        <time>2019-06-22T12:43:58Z</time>
      </trkpt>
      <trkpt lat="46.858091996982694" lon="-121.66597296483815">
        <ele>2233.6</ele>
        <time>2019-06-22T12:44:22Z</time>
      </trkpt>
      <trkpt lat="46.857964" lon="-121.666089">
        <ele>2243.5</ele>
        <time>2019-06-22T12:45:49Z</time>
      </trkpt>
      <trkpt lat="46.857921006157994" lon="-121.66612199507654">
        <ele>2248.4</ele>
        <time>2019-06-22T12:46:29Z</time>
      </trkpt>
      <trkpt lat="46.857874" lon="-121.666209">
        <ele>2253.4</ele>
        <time>2019-06-22T12:47:16Z</time>
      </trkpt>
      <trkpt lat="46.85785202309489" lon="-121.6661980189383">
        <ele>2258.7</ele>
        <time>2019-06-22T12:47:41Z</time>
      </trkpt>
      <trkpt lat="46.857834002003074" lon="-121.66623196564615">
        <ele>2259.9</ele>
        <time>2019-06-22T12:47:49Z</time>
      </trkpt>
      <trkpt lat="46.85783903114498" lon="-121.66630103252828">
        <ele>2264.1</ele>
        <time>2019-06-22T12:48:25Z</time>
      </trkpt>
      <trkpt lat="46.857813" lon="-121.666367">
        <ele>2264.4</ele>
        <time>2019-06-22T12:48:40Z</time>
      </trkpt>
      <trkpt lat="46.85780801810324" lon="-121.66633196175098">
        <ele>2264.5</ele>
        <time>2019-06-22T12:49:00Z</time>
      </trkpt>
      <trkpt lat="46.857759" lon="-121.66637">
        <ele>2271.0</ele>
        <time>2019-06-22T12:49:44Z</time>
      </trkpt>
      <trkpt lat="46.85773903504014" lon="-121.66636004112661">
        <ele>2272.4</ele>
        <time>2019-06-22T12:49:51Z</time>
      </trkpt>
      <trkpt lat="46.85771497897804" lon="-121.66636004112661">
        <ele>2272.9</ele>
        <time>2019-06-22T12:49:56Z</time>
      </trkpt>
      <trkpt lat="46.857654" lon="-121.666423">
        <ele>2277.4</ele>
        <time>2019-06-22T12:50:13Z</time>
      </trkpt>
      <trkpt lat="46.85764901340008" lon="-121.66649297811091">
        <ele>2276.8</ele>
        <time>2019-06-22T12:50:22Z</time>
      </trkpt>
      <trkpt lat="46.85763501562178" lon="-121.66655802167952">
        <ele>2278.2</ele>
        <time>2019-06-22T12:50:31Z</time>
      </trkpt>
      <trkpt lat="46.85759402811527" lon="-121.66659599170089">
        <ele>2277.2</ele>
        <time>2019-06-22T12:50:37Z</time>
      </trkpt>
      <trkpt lat="46.857541" lon="-121.666691">
        <ele>2280.3</ele>
        <time>2019-06-22T12:50:50Z</time>
      </trkpt>
      <trkpt lat="46.857514986768365" lon="-121.66682196781039">
        <ele>2283.3</ele>
        <time>2019-06-22T12:51:10Z</time>
      </trkpt>
      <trkpt lat="46.857454" lon="-121.666885">
        <ele>2286.5</ele>
        <time>2019-06-22T12:51:23Z</time>
      </trkpt>
      <trkpt lat="46.8574389629066" lon="-121.66693797335029">
        <ele>2286.2</ele>
        <time>2019-06-22T12:51:30Z</time>
      </trkpt>
      <trkpt lat="46.857410967350006" lon="-121.66695901192725">
        <ele>2288.1</ele>
        <time>2019-06-22T12:51:37Z</time>
      </trkpt>
      <trkpt lat="46.857385989278555" lon="-121.66695297695696">
        <ele>2285.8</ele>
        <time>2019-06-22T12:51:51Z</time>
      </trkpt>
      <trkpt lat="46.85735899955034" lon="-121.66698097251356">
        <ele>2293.4</ele>
        <time>2019-06-22T12:54:31Z</time>
      </trkpt>
      <trkpt lat="46.857365034520626" lon="-121.6670170146972">
        <ele>2293.5</ele>
        <time>2019-06-22T12:55:11Z</time>
      </trkpt>
      <trkpt lat="46.857361011207104" lon="-121.66695197112858">
        <ele>2291.7</ele>
        <time>2019-06-22T12:55:23Z</time>
      </trkpt>
      <trkpt lat="46.85731298290193" lon="-121.66693596169353">
        <ele>2291.4</ele>
        <time>2019-06-22T12:55:32Z</time>
      </trkpt>
      <trkpt lat="46.857257" lon="-121.666943">
        <ele>2290.3</ele>
        <time>2019-06-22T12:55:37Z</time>
      </trkpt>
      <trkpt lat="46.85722" lon="-121.666964">
        <ele>2288.6</ele>
        <time>2019-06-22T12:55:41Z</time>
      </trkpt>
      <trkpt lat="46.85719" lon="-121.666968">
        <ele>2288.4</ele>
        <time>2019-06-22T12:55:43Z</time>
      </trkpt>
      <trkpt lat="46.85717702843249" lon="-121.66699698194861">
        <ele>2288.1</ele>
        <time>2019-06-22T12:55:46Z</time>
      </trkpt>
      <trkpt lat="46.85709798708558" lon="-121.66701399721205">
        <ele>2288.0</ele>
        <time>2019-06-22T12:55:51Z</time>
      </trkpt>
      <trkpt lat="46.857049" lon="-121.667047">
        <ele>2288.1</ele>
        <time>2019-06-22T12:55:56Z</time>
      </trkpt>
      <trkpt lat="46.857013" lon="-121.667087">
        <ele>2283.1</ele>
        <time>2019-06-22T12:56:03Z</time>
      </trkpt>
      <trkpt lat="46.85696303844452" lon="-121.66711298748851">
        <ele>2280.6</ele>
        <time>2019-06-22T12:56:11Z</time>
      </trkpt>
      <trkpt lat="46.856952" lon="-121.66715">
        <ele>2279.5</ele>
        <time>2019-06-22T12:56:14Z</time>
      </trkpt>
      <trkpt lat="46.856935964897275" lon="-121.66716797277331">
        <ele>2279.4</ele>
        <time>2019-06-22T12:56:16Z</time>
      </trkpt>
      <trkpt lat="46.856923" lon="-121.667234">
        <ele>2281.2</ele>
        <time>2019-06-22T12:56:22Z</time>
      </trkpt>
      <trkpt lat="46.856891037896276" lon="-121.66728003881872">
        <ele>2282.7</ele>
        <time>2019-06-22T12:56:27Z</time>
      </trkpt>
      <trkpt lat="46.856806967407465" lon="-121.66735597886145">
        <ele>2287.3</ele>
        <time>2019-06-22T12:56:38Z</time>
      </trkpt>
      <trkpt lat="46.85674401931465" lon="-121.66742697358131">
        <ele>2286.9</ele>
        <time>2019-06-22T12:56:47Z</time>
      </trkpt>
      <trkpt lat="46.85662298463285" lon="-121.66751699522138">
        <ele>2290.2</ele>
        <time>2019-06-22T12:57:03Z</time>
      </trkpt>
      <trkpt lat="46.856563" lon="-121.66767">
        <ele>2289.0</ele>
        <time>2019-06-22T12:57:16Z</time>
      </trkpt>
      <trkpt lat="46.85654100961983" lon="-121.66769100353122">
        <ele>2291.8</ele>
        <time>2019-06-22T12:58:47Z</time>
      </trkpt>
      <trkpt lat="46.856514" lon="-121.667837">
        <ele>2293.0</ele>
        <time>2019-06-22T12:58:54Z</time>
      </trkpt>
      <trkpt lat="46.856523994356394" lon="-121.66789200156927">
        <ele>2293.3</ele>
        <time>2019-06-22T12:58:58Z</time>
      </trkpt>
      <trkpt lat="46.856516" lon="-121.667951">
        <ele>2295.5</ele>
        <time>2019-06-22T12:59:03Z</time>
      </trkpt>
      <trkpt lat="46.856522" lon="-121.668012">
        <ele>2295.0</ele>
        <time>2019-06-22T12:59:10Z</time>
      </trkpt>
      <trkpt lat="46.856506" lon="-121.668096">
        <ele>2293.7</ele>
        <time>2019-06-22T12:59:15Z</time>
      </trkpt>
      <trkpt lat="46.856502033770084" lon="-121.66809601709247">
        <ele>2291.5</ele>
        <time>2019-06-22T12:59:17Z</time>
      </trkpt>
      <trkpt lat="46.85648996382952" lon="-121.66816399432719">
        <ele>2291.6</ele>
        <time>2019-06-22T12:59:25Z</time>
      </trkpt>
      <trkpt lat="46.85652298852801" lon="-121.6682599671185">
        <ele>2293.1</ele>
        <time>2019-06-22T12:59:54Z</time>
      </trkpt>
      <trkpt lat="46.85654100961983" lon="-121.6682840231806">
        <ele>2296.6</ele>
        <time>2019-06-22T13:01:36Z</time>
      </trkpt>
      <trkpt lat="46.856528017669916" lon="-121.66841000318527">
        <ele>2293.3</ele>
        <time>2019-06-22T13:01:58Z</time>
      </trkpt>
      <trkpt lat="46.856489" lon="-121.668498">
        <ele>2297.0</ele>
        <time>2019-06-22T13:02:17Z</time>
      </trkpt>
      <trkpt lat="46.856475" lon="-121.668571">
        <ele>2299.1</ele>
        <time>2019-06-22T13:02:29Z</time>
      </trkpt>
      <trkpt lat="46.85646900907159" lon="-121.66862399317324">
        <ele>2300.9</ele>
        <time>2019-06-22T13:02:35Z</time>
      </trkpt>
      <trkpt lat="46.856386" lon="-121.668824">
        <ele>2309.3</ele>
        <time>2019-06-22T13:03:07Z</time>
      </trkpt>
      <trkpt lat="46.856335988268256" lon="-121.66896203532815">
        <ele>2311.1</ele>
        <time>2019-06-22T13:03:37Z</time>
      </trkpt>
      <trkpt lat="46.856332970783114" lon="-121.668995982036">
        <ele>2311.3</ele>
        <time>2019-06-22T13:03:46Z</time>
      </trkpt>
      <trkpt lat="46.856302" lon="-121.669055">
        <ele>2314.3</ele>
        <time>2019-06-22T13:04:00Z</time>
      </trkpt>
      <trkpt lat="46.856251" lon="-121.669264">
        <ele>2320.4</ele>
        <time>2019-06-22T13:04:31Z</time>
      </trkpt>
      <trkpt lat="46.856201039627194" lon="-121.66938297450542">
        <ele>2321.9</ele>
        <time>2019-06-22T13:04:54Z</time>
      </trkpt>
      <trkpt lat="46.856155" lon="-121.669557">
        <ele>2326.3</ele>
        <time>2019-06-22T13:05:27Z</time>
      </trkpt>
      <trkpt lat="46.856102" lon="-121.66972">
        <ele>2328.9</ele>
        <time>2019-06-22T13:05:49Z</time>
      </trkpt>
      <trkpt lat="46.856096014380455" lon="-121.66980399750173">
        <ele>2329.8</ele>
        <time>2019-06-22T13:06:01Z</time>
      </trkpt>
      <trkpt lat="46.856082" lon="-121.669877">
        <ele>2331.5</ele>
        <time>2019-06-22T13:06:11Z</time>
      </trkpt>
      <trkpt lat="46.856094" lon="-121.66991">
        <ele>2331.9</ele>
        <time>2019-06-22T13:06:18Z</time>
      </trkpt>
      <trkpt lat="46.856091" lon="-121.669941">
        <ele>2333.3</ele>
        <time>2019-06-22T13:06:23Z</time>
      </trkpt>
      <trkpt lat="46.856051003560424" lon="-121.6700459830463">
        <ele>2335.8</ele>
        <time>2019-06-22T13:06:35Z</time>
      </trkpt>
      <trkpt lat="46.85604304075241" lon="-121.6701250243932">
        <ele>2336.5</ele>
        <time>2019-06-22T13:06:44Z</time>
      </trkpt>
      <trkpt lat="46.856017" lon="-121.670229">
        <ele>2338.7</ele>
        <time>2019-06-22T13:06:58Z</time>
      </trkpt>
      <trkpt lat="46.856013" lon="-121.670303">
        <ele>2340.9</ele>
        <time>2019-06-22T13:07:07Z</time>
      </trkpt>
      <trkpt lat="46.855984" lon="-121.670408">
        <ele>2343.0</ele>
        <time>2019-06-22T13:07:24Z</time>
      </trkpt>
      <trkpt lat="46.855988977476954" lon="-121.67044697329402">
        <ele>2345.3</ele>
        <time>2019-06-22T13:07:28Z</time>
      </trkpt>
      <trkpt lat="46.85597397387028" lon="-121.67057001963258">
        <ele>2347.1</ele>
        <time>2019-06-22T13:07:42Z</time>
      </trkpt>
      <trkpt lat="46.855957" lon="-121.670722">
        <ele>2348.9</ele>
        <time>2019-06-22T13:08:00Z</time>
      </trkpt>
      <trkpt lat="46.855928963050246" lon="-121.67084000073373">
        <ele>2350.4</ele>
        <time>2019-06-22T13:08:17Z</time>
      </trkpt>
      <trkpt lat="46.85589996166527" lon="-121.67089498601854">
        <ele>2352.2</ele>
        <time>2019-06-22T13:08:26Z</time>
      </trkpt>
      <trkpt lat="46.855902979150414" lon="-121.67096698656678">
        <ele>2353.8</ele>
        <time>2019-06-22T13:08:37Z</time>
      </trkpt>
      <trkpt lat="46.855883" lon="-121.671073">
        <ele>2354.8</ele>
        <time>2019-06-22T13:08:56Z</time>
      </trkpt>
      <trkpt lat="46.855874" lon="-121.671178">
        <ele>2354.6</ele>
        <time>2019-06-22T13:09:05Z</time>
      </trkpt>
      <trkpt lat="46.85588797554374" lon="-121.67120897211134">
        <ele>2355.6</ele>
        <time>2019-06-22T13:09:09Z</time>
      </trkpt>
      <trkpt lat="46.85588898137212" lon="-121.67124602012336">
        <ele>2356.0</ele>
        <time>2019-06-22T13:09:15Z</time>
      </trkpt>
      <trkpt lat="46.85587699525058" lon="-121.6713409870863">
        <ele>2356.1</ele>
        <time>2019-06-22T13:09:29Z</time>
      </trkpt>
      <trkpt lat="46.855871" lon="-121.671455">
        <ele>2359.4</ele>
        <time>2019-06-22T13:09:42Z</time>
      </trkpt>
      <trkpt lat="46.855837013572454" lon="-121.6714979801327">
        <ele>2362.1</ele>
        <time>2019-06-22T13:09:49Z</time>
      </trkpt>
      <trkpt lat="46.85581396333873" lon="-121.6715770214796">
        <ele>2363.8</ele>
        <time>2019-06-22T13:10:00Z</time>
      </trkpt>
      <trkpt lat="46.855767" lon="-121.671827">
        <ele>2366.2</ele>
        <time>2019-06-22T13:10:31Z</time>
      </trkpt>
      <trkpt lat="46.855756" lon="-121.671901">
        <ele>2369.0</ele>
        <time>2019-06-22T13:10:37Z</time>
      </trkpt>
      <trkpt lat="46.85572503134608" lon="-121.67195303365588">
        <ele>2370.4</ele>
        <time>2019-06-22T13:10:48Z</time>
      </trkpt>
      <trkpt lat="46.855714" lon="-121.672064">
        <ele>2371.8</ele>
        <time>2019-06-22T13:10:59Z</time>
      </trkpt>
      <trkpt lat="46.855669" lon="-121.672281">
        <ele>2371.8</ele>
        <time>2019-06-22T13:11:29Z</time>
      </trkpt>
      <trkpt lat="46.855670968070626" lon="-121.67232401669025">
        <ele>2375.1</ele>
        <time>2019-06-22T13:11:57Z</time>
      </trkpt>
      <trkpt lat="46.85568002052605" lon="-121.67242703028023">
        <ele>2375.2</ele>
        <time>2019-06-22T13:12:13Z</time>
      </trkpt>
      <trkpt lat="46.85565898194909" lon="-121.6725860349834">
        <ele>2375.6</ele>
        <time>2019-06-22T13:12:31Z</time>
      </trkpt>
      <trkpt lat="46.855616" lon="-121.672841">
        <ele>2379.4</ele>
        <time>2019-06-22T13:13:03Z</time>
      </trkpt>
      <trkpt lat="46.85561900027096" lon="-121.67284402996302">
        <ele>2379.5</ele>
        <time>2019-06-22T13:13:04Z</time>
      </trkpt>
      <trkpt lat="46.855609" lon="-121.672962">
        <ele>2376.2</ele>
        <time>2019-06-22T13:13:15Z</time>
      </trkpt>
      <trkpt lat="46.855594" lon="-121.673033">
        <ele>2379.6</ele>
        <time>2019-06-22T13:13:24Z</time>
      </trkpt>
      <trkpt lat="46.85557197779417" lon="-121.67307201772928">
        <ele>2380.6</ele>
        <time>2019-06-22T13:13:33Z</time>
      </trkpt>
      <trkpt lat="46.85557499527931" lon="-121.6731819882989">
        <ele>2380.5</ele>
        <time>2019-06-22T13:13:44Z</time>
      </trkpt>
      <trkpt lat="46.855554" lon="-121.673273">
        <ele>2383.0</ele>
        <time>2019-06-22T13:13:55Z</time>
      </trkpt>
      <trkpt lat="46.855534" lon="-121.673307">
        <ele>2384.1</ele>
        <time>2019-06-22T13:14:01Z</time>
      </trkpt>
      <trkpt lat="46.855519004166126" lon="-121.67338700965047">
        <ele>2383.3</ele>
        <time>2019-06-22T13:14:17Z</time>
      </trkpt>
      <trkpt lat="46.855465" lon="-121.673546">
        <ele>2391.1</ele>
        <time>2019-06-22T13:14:31Z</time>
      </trkpt>
      <trkpt lat="46.855449" lon="-121.673607">
        <ele>2390.6</ele>
        <time>2019-06-22T13:14:36Z</time>
      </trkpt>
      <trkpt lat="46.85546100139618" lon="-121.67364098131657">
        <ele>2390.2</ele>
        <time>2019-06-22T13:14:44Z</time>
      </trkpt>
      <trkpt lat="46.855412" lon="-121.67381">
        <ele>2394.5</ele>
        <time>2019-06-22T13:15:08Z</time>
      </trkpt>
      <trkpt lat="46.855392" lon="-121.673926">
        <ele>2396.2</ele>
        <time>2019-06-22T13:15:33Z</time>
      </trkpt>
      <trkpt lat="46.855367" lon="-121.67401">
        <ele>2396.1</ele>
        <time>2019-06-22T13:15:42Z</time>
      </trkpt>
      <trkpt lat="46.855365" lon="-121.674055">
        <ele>2398.2</ele>
        <time>2019-06-22T13:15:47Z</time>
      </trkpt>
      <trkpt lat="46.85535999946296" lon="-121.6740660276264">
        <ele>2398.8</ele>
        <time>2019-06-22T13:15:48Z</time>
      </trkpt>
      <trkpt lat="46.855344" lon="-121.67418">
        <ele>2398.9</ele>
        <time>2019-06-22T13:16:01Z</time>
      </trkpt>
      <trkpt lat="46.855303" lon="-121.674311">
        <ele>2399.6</ele>
        <time>2019-06-22T13:16:19Z</time>
      </trkpt>
      <trkpt lat="46.855301996693015" lon="-121.67431899346411">
        <ele>2400.7</ele>
        <time>2019-06-22T13:16:20Z</time>
      </trkpt>
      <trkpt lat="46.855254" lon="-121.674471">
        <ele>2405.3</ele>
        <time>2019-06-22T13:16:36Z</time>
      </trkpt>
      <trkpt lat="46.855256" lon="-121.67451">
        <ele>2405.8</ele>
        <time>2019-06-22T13:16:41Z</time>
      </trkpt>
      <trkpt lat="46.85524499975145" lon="-121.674545975402">
        <ele>2406.4</ele>
        <time>2019-06-22T13:16:44Z</time>
      </trkpt>
      <trkpt lat="46.85523200780153" lon="-121.67456299066544">
        <ele>2407.2</ele>
        <time>2019-06-22T13:16:46Z</time>
      </trkpt>
      <trkpt lat="46.855214" lon="-121.674745">
        <ele>2408.0</ele>
        <time>2019-06-22T13:17:10Z</time>
      </trkpt>
      <trkpt lat="46.855188" lon="-121.674814">
        <ele>2409.0</ele>
        <time>2019-06-22T13:17:19Z</time>
      </trkpt>
      <trkpt lat="46.85519001446664" lon="-121.67481997981668">
        <ele>2408.6</ele>
        <time>2019-06-22T13:17:20Z</time>
      </trkpt>
      <trkpt lat="46.855184" lon="-121.674962">
        <ele>2411.5</ele>
        <time>2019-06-22T13:17:35Z</time>
      </trkpt>
      <trkpt lat="46.855154978111386" lon="-121.6750359814614">
        <ele>2410.0</ele>
        <time>2019-06-22T13:17:49Z</time>
      </trkpt>
      <trkpt lat="46.85512295924127" lon="-121.67510001920164">
        <ele>2411.3</ele>
        <time>2019-06-22T13:17:58Z</time>
      </trkpt>
      <trkpt lat="46.855105" lon="-121.675211">
        <ele>2414.6</ele>
        <time>2019-06-22T13:18:20Z</time>
      </trkpt>
      <trkpt lat="46.855081" lon="-121.675284">
        <ele>2421.6</ele>
        <time>2019-06-22T13:19:19Z</time>
      </trkpt>
      <trkpt lat="46.85507903806865" lon="-121.67529900558293">
        <ele>2421.3</ele>
        <time>2019-06-22T13:19:20Z</time>
      </trkpt>
      <trkpt lat="46.855079960078" lon="-121.67538500390947">
        <ele>2420.3</ele>
        <time>2019-06-22T13:19:27Z</time>
      </trkpt>
      <trkpt lat="46.85504701919854" lon="-121.67558097280562">
        <ele>2423.1</ele>
        <time>2019-06-22T13:19:57Z</time>
      </trkpt>
      <trkpt lat="46.855014" lon="-121.675745">
        <ele>2424.9</ele>
        <time>2019-06-22T13:20:14Z</time>
      </trkpt>
      <trkpt lat="46.854980969801545" lon="-121.67582103051245">
        <ele>2422.9</ele>
        <time>2019-06-22T13:20:26Z</time>
      </trkpt>
      <trkpt lat="46.854974" lon="-121.675886">
        <ele>2426.0</ele>
        <time>2019-06-22T13:20:36Z</time>
      </trkpt>
      <trkpt lat="46.854944" lon="-121.675942">
        <ele>2425.0</ele>
        <time>2019-06-22T13:20:42Z</time>
      </trkpt>
      <trkpt lat="46.85494501143694" lon="-121.67597701773047">
        <ele>2427.1</ele>
        <time>2019-06-22T13:20:47Z</time>
      </trkpt>
      <trkpt lat="46.85492598451674" lon="-121.67604801245034">
        <ele>2427.7</ele>
        <time>2019-06-22T13:20:59Z</time>
      </trkpt>
      <trkpt lat="46.854856" lon="-121.676284">
        <ele>2429.3</ele>
        <time>2019-06-22T13:21:30Z</time>
      </trkpt>
      <trkpt lat="46.854831017553806" lon="-121.67634095996618">
        <ele>2430.4</ele>
        <time>2019-06-22T13:21:34Z</time>
      </trkpt>
      <trkpt lat="46.854829005897045" lon="-121.67637499049306">
        <ele>2432.6</ele>
        <time>2019-06-22T13:21:39Z</time>
      </trkpt>
      <trkpt lat="46.854777" lon="-121.676529">
        <ele>2432.3</ele>
        <time>2019-06-22T13:21:57Z</time>
      </trkpt>
      <trkpt lat="46.85475801117718" lon="-121.67657498270273">
        <ele>2432.3</ele>
        <time>2019-06-22T13:22:06Z</time>
      </trkpt>
      <trkpt lat="46.854702" lon="-121.676777">
        <ele>2434.8</ele>
        <time>2019-06-22T13:22:32Z</time>
      </trkpt>
      <trkpt lat="46.85469598509371" lon="-121.6767889726907">
        <ele>2436.3</ele>
        <time>2019-06-22T13:22:33Z</time>
      </trkpt>
      <trkpt lat="46.854674" lon="-121.676865">
        <ele>2437.4</ele>
        <time>2019-06-22T13:22:41Z</time>
      </trkpt>
      <trkpt lat="46.854645" lon="-121.676899">
        <ele>2434.4</ele>
        <time>2019-06-22T13:22:46Z</time>
      </trkpt>
      <trkpt lat="46.854635970667005" lon="-121.67692501097918">
        <ele>2439.1</ele>
        <time>2019-06-22T13:22:49Z</time>
      </trkpt>
      <trkpt lat="46.854634" lon="-121.676992">
        <ele>2440.0</ele>
        <time>2019-06-22T13:22:56Z</time>
      </trkpt>
      <trkpt lat="46.85454200953245" lon="-121.67722902260721">
        <ele>2436.9</ele>
        <time>2019-06-22T13:23:20Z</time>
      </trkpt>
      <trkpt lat="46.854503033682704" lon="-121.67726104147732">
        <ele>2443.2</ele>
        <time>2019-06-22T13:23:23Z</time>
      </trkpt>
      <trkpt lat="46.85450001619756" lon="-121.67736103758216">
        <ele>2442.9</ele>
        <time>2019-06-22T13:23:48Z</time>
      </trkpt>
      <trkpt lat="46.85447797179222" lon="-121.67748500593007">
        <ele>2444.3</ele>
        <time>2019-06-22T13:23:59Z</time>
      </trkpt>
      <trkpt lat="46.854461040347815" lon="-121.67772397398949">
        <ele>2451.4</ele>
        <time>2019-06-22T13:24:22Z</time>
      </trkpt>
      <trkpt lat="46.854444" lon="-121.677765">
        <ele>2451.4</ele>
        <time>2019-06-22T13:24:24Z</time>
      </trkpt>
      <trkpt lat="46.854399014264345" lon="-121.6778300050646">
        <ele>2452.4</ele>
        <time>2019-06-22T13:24:28Z</time>
      </trkpt>
      <trkpt lat="46.854391" lon="-121.677936">
        <ele>2455.6</ele>
        <time>2019-06-22T13:25:01Z</time>
      </trkpt>
      <trkpt lat="46.85438199900091" lon="-121.67795196175575">
        <ele>2455.3</ele>
        <time>2019-06-22T13:25:02Z</time>
      </trkpt>
      <trkpt lat="46.854322" lon="-121.678083">
        <ele>2459.3</ele>
        <time>2019-06-22T13:25:21Z</time>
      </trkpt>
      <trkpt lat="46.85428300872445" lon="-121.6781170014292">
        <ele>2457.2</ele>
        <time>2019-06-22T13:25:41Z</time>
      </trkpt>
      <trkpt lat="46.854268" lon="-121.678162">
        <ele>2455.5</ele>
        <time>2019-06-22T13:25:47Z</time>
      </trkpt>
      <trkpt lat="46.85425995849073" lon="-121.67817299254239">
        <ele>2455.5</ele>
        <time>2019-06-22T13:25:48Z</time>
      </trkpt>
      <trkpt lat="46.85423003509641" lon="-121.6781859844923">
        <ele>2464.2</ele>
        <time>2019-06-22T13:27:32Z</time>
      </trkpt>
      <trkpt lat="46.854248978197575" lon="-121.6782050114125">
        <ele>2460.3</ele>
        <time>2019-06-22T13:30:20Z</time>
      </trkpt>
      <trkpt lat="46.854251995682716" lon="-121.67823602445424">
        <ele>2459.7</ele>
        <time>2019-06-22T13:31:21Z</time>
      </trkpt>
      <trkpt lat="46.8542390037328" lon="-121.67816100642085">
        <ele>2459.9</ele>
        <time>2019-06-22T13:33:43Z</time>
      </trkpt>
      <trkpt lat="46.854224" lon="-121.678192">
        <ele>2458.5</ele>
        <time>2019-06-22T13:34:35Z</time>
      </trkpt>
      <trkpt lat="46.85422" lon="-121.678235">
        <ele>2462.5</ele>
        <time>2019-06-22T13:41:55Z</time>
      </trkpt>
      <trkpt lat="46.85421000234783" lon="-121.67825798504055">
        <ele>2466.6</ele>
        <time>2019-06-22T13:47:02Z</time>
      </trkpt>
      <trkpt lat="46.854144" lon="-121.678364">
        <ele>2468.6</ele>
        <time>2019-06-22T13:47:17Z</time>
      </trkpt>
      <trkpt lat="46.854141019284725" lon="-121.67841296643019">
        <ele>2467.3</ele>
        <time>2019-06-22T13:47:23Z</time>
      </trkpt>
      <trkpt lat="46.854088" lon="-121.6786">
        <ele>2466.3</ele>
        <time>2019-06-22T13:47:47Z</time>
      </trkpt>
      <trkpt lat="46.854041" lon="-121.678739">
        <ele>2470.2</ele>
        <time>2019-06-22T13:48:07Z</time>
      </trkpt>
      <trkpt lat="46.854041" lon="-121.6788">
        <ele>2468.6</ele>
        <time>2019-06-22T13:48:18Z</time>
      </trkpt>
      <trkpt lat="46.85401503928006" lon="-121.67884798720479">
        <ele>2470.3</ele>
        <time>2019-06-22T13:48:26Z</time>
      </trkpt>
      <trkpt lat="46.853962" lon="-121.679002">
        <ele>2475.0</ele>
        <time>2019-06-22T13:48:42Z</time>
      </trkpt>
      <trkpt lat="46.853923" lon="-121.679052">
        <ele>2474.8</ele>
        <time>2019-06-22T13:48:51Z</time>
      </trkpt>
      <trkpt lat="46.853866" lon="-121.679161">
        <ele>2475.9</ele>
        <time>2019-06-22T13:49:08Z</time>
      </trkpt>
      <trkpt lat="46.853847" lon="-121.679218">
        <ele>2478.6</ele>
        <time>2019-06-22T13:49:16Z</time>
      </trkpt>
      <trkpt lat="46.85384798794985" lon="-121.67925300076604">
        <ele>2480.0</ele>
        <time>2019-06-22T13:49:23Z</time>
      </trkpt>
      <trkpt lat="46.853814041242" lon="-121.67930203489959">
        <ele>2484.4</ele>
        <time>2019-06-22T13:49:26Z</time>
      </trkpt>
      <trkpt lat="46.85379300266504" lon="-121.67937596328557">
        <ele>2489.7</ele>
        <time>2019-06-22T13:49:34Z</time>
      </trkpt>
      <trkpt lat="46.853811" lon="-121.679393">
        <ele>2488.0</ele>
        <time>2019-06-22T13:49:44Z</time>
      </trkpt>
      <trkpt lat="46.85380297712982" lon="-121.67942399159074">
        <ele>2484.9</ele>
        <time>2019-06-22T13:49:59Z</time>
      </trkpt>
      <trkpt lat="46.853744" lon="-121.679487">
        <ele>2487.7</ele>
        <time>2019-06-22T13:50:09Z</time>
      </trkpt>
      <trkpt lat="46.853681" lon="-121.679539">
        <ele>2488.2</ele>
        <time>2019-06-22T13:50:29Z</time>
      </trkpt>
      <trkpt lat="46.85365595854819" lon="-121.6795470379293">
        <ele>2489.3</ele>
        <time>2019-06-22T13:50:32Z</time>
      </trkpt>
      <trkpt lat="46.85363198630512" lon="-121.67960302904248">
        <ele>2488.9</ele>
        <time>2019-06-22T13:50:38Z</time>
      </trkpt>
      <trkpt lat="46.85360901989043" lon="-121.67961803264916">
        <ele>2488.6</ele>
        <time>2019-06-22T13:50:48Z</time>
      </trkpt>
      <trkpt lat="46.853585969656706" lon="-121.67966497130692">
        <ele>2489.7</ele>
        <time>2019-06-22T13:50:59Z</time>
      </trkpt>
      <trkpt lat="46.853541964665055" lon="-121.67969699017704">
        <ele>2492.6</ele>
        <time>2019-06-22T13:51:09Z</time>
      </trkpt>
      <trkpt lat="46.853459" lon="-121.679808">
        <ele>2496.2</ele>
        <time>2019-06-22T13:51:30Z</time>
      </trkpt>
      <trkpt lat="46.853452" lon="-121.679814">
        <ele>2495.6</ele>
        <time>2019-06-22T13:51:31Z</time>
      </trkpt>
      <trkpt lat="46.85342000797391" lon="-121.67981400154531">
        <ele>2490.8</ele>
        <time>2019-06-22T13:51:40Z</time>
      </trkpt>
      <trkpt lat="46.853304" lon="-121.679958">
        <ele>2499.3</ele>
        <time>2019-06-22T13:52:08Z</time>
      </trkpt>
      <trkpt lat="46.853138" lon="-121.680079">
        <ele>2502.9</ele>
        <time>2019-06-22T13:52:46Z</time>
      </trkpt>
      <trkpt lat="46.8531200196594" lon="-121.68011901900172">
        <ele>2504.7</ele>
        <time>2019-06-22T13:52:58Z</time>
      </trkpt>
      <trkpt lat="46.853083" lon="-121.680159">
        <ele>2502.4</ele>
        <time>2019-06-22T13:53:10Z</time>
      </trkpt>
      <trkpt lat="46.85304198414087" lon="-121.68018498457968">
        <ele>2502.3</ele>
        <time>2019-06-22T13:53:22Z</time>
      </trkpt>
      <trkpt lat="46.853007" lon="-121.680241">
        <ele>2506.8</ele>
        <time>2019-06-22T13:53:31Z</time>
      </trkpt>
      <trkpt lat="46.852979036048055" lon="-121.68027400039136">
        <ele>2506.2</ele>
        <time>2019-06-22T13:53:38Z</time>
      </trkpt>
      <trkpt lat="46.85295598581433" lon="-121.68033896014094">
        <ele>2507.1</ele>
        <time>2019-06-22T13:53:48Z</time>
      </trkpt>
      <trkpt lat="46.852898" lon="-121.680396">
        <ele>2510.5</ele>
        <time>2019-06-22T13:54:02Z</time>
      </trkpt>
      <trkpt lat="46.85286001302302" lon="-121.68040903285146">
        <ele>2511.1</ele>
        <time>2019-06-22T13:54:09Z</time>
      </trkpt>
      <trkpt lat="46.852827" lon="-121.680411">
        <ele>2509.7</ele>
        <time>2019-06-22T13:54:15Z</time>
      </trkpt>
      <trkpt lat="46.85280402190983" lon="-121.68042303062975">
        <ele>2511.5</ele>
        <time>2019-06-22T13:54:23Z</time>
      </trkpt>
      <trkpt lat="46.852758" lon="-121.680498">
        <ele>2513.0</ele>
        <time>2019-06-22T13:54:38Z</time>
      </trkpt>
      <trkpt lat="46.852746" lon="-121.680533">
        <ele>2512.9</ele>
        <time>2019-06-22T13:54:43Z</time>
      </trkpt>
      <trkpt lat="46.85270796529949" lon="-121.68054096400738">
        <ele>2517.5</ele>
        <time>2019-06-22T13:54:51Z</time>
      </trkpt>
      <trkpt lat="46.852655" lon="-121.680566">
        <ele>2517.9</ele>
        <time>2019-06-22T13:55:02Z</time>
      </trkpt>
      <trkpt lat="46.852659014984965" lon="-121.68060399591923">
        <ele>2519.5</ele>
        <time>2019-06-22T13:55:06Z</time>
      </trkpt>
      <trkpt lat="46.852623" lon="-121.680657">
        <ele>2520.2</ele>
        <time>2019-06-22T13:55:24Z</time>
      </trkpt>
      <trkpt lat="46.85260000638664" lon="-121.68066501617432">
        <ele>2521.4</ele>
        <time>2019-06-22T13:55:29Z</time>
      </trkpt>
      <trkpt lat="46.85257997363806" lon="-121.68069996871054">
        <ele>2521.2</ele>
        <time>2019-06-22T13:55:38Z</time>
      </trkpt>
      <trkpt lat="46.85253798030317" lon="-121.68074699118733">
        <ele>2523.1</ele>
        <time>2019-06-22T13:55:49Z</time>
      </trkpt>
      <trkpt lat="46.852501" lon="-121.680841">
        <ele>2525.9</ele>
        <time>2019-06-22T13:56:10Z</time>
      </trkpt>
      <trkpt lat="46.85245701111853" lon="-121.68089803308249">
        <ele>2526.0</ele>
        <time>2019-06-22T13:56:24Z</time>
      </trkpt>
      <trkpt lat="46.852405" lon="-121.680983">
        <ele>2529.3</ele>
        <time>2019-06-22T13:56:52Z</time>
      </trkpt>
      <trkpt lat="46.85240303166211" lon="-121.68101898394525">
        <ele>2527.2</ele>
        <time>2019-06-22T13:56:59Z</time>
      </trkpt>
      <trkpt lat="46.85234100557864" lon="-121.68109802529216">
        <ele>2530.4</ele>
        <time>2019-06-22T13:57:13Z</time>
      </trkpt>
      <trkpt lat="46.852329" lon="-121.681138">
        <ele>2533.0</ele>
        <time>2019-06-22T13:57:17Z</time>
      </trkpt>
      <trkpt lat="46.85230596922338" lon="-121.68113901279867">
        <ele>2531.9</ele>
        <time>2019-06-22T13:57:26Z</time>
      </trkpt>
      <trkpt lat="46.852259" lon="-121.681208">
        <ele>2535.3</ele>
        <time>2019-06-22T13:57:37Z</time>
      </trkpt>
      <trkpt lat="46.8522550072521" lon="-121.6812440380454">
        <ele>2536.2</ele>
        <time>2019-06-22T13:57:52Z</time>
      </trkpt>
      <trkpt lat="46.852237" lon="-121.68128">
        <ele>2538.0</ele>
        <time>2019-06-22T13:57:57Z</time>
      </trkpt>
      <trkpt lat="46.852229023352265" lon="-121.6812860313803">
        <ele>2538.5</ele>
        <time>2019-06-22T13:57:58Z</time>
      </trkpt>
      <trkpt lat="46.852214" lon="-121.681321">
        <ele>2539.1</ele>
        <time>2019-06-22T13:58:06Z</time>
      </trkpt>
      <trkpt lat="46.8521720264107" lon="-121.68136297725141">
        <ele>2540.8</ele>
        <time>2019-06-22T13:58:15Z</time>
      </trkpt>
      <trkpt lat="46.852178" lon="-121.681401">
        <ele>2543.0</ele>
        <time>2019-06-22T13:58:19Z</time>
      </trkpt>
      <trkpt lat="46.852113" lon="-121.681458">
        <ele>2545.3</ele>
        <time>2019-06-22T13:58:30Z</time>
      </trkpt>
      <trkpt lat="46.852006" lon="-121.681503">
        <ele>2546.3</ele>
        <time>2019-06-22T13:58:56Z</time>
      </trkpt>
      <trkpt lat="46.851966" lon="-121.681546">
        <ele>2550.7</ele>
        <time>2019-06-22T13:59:06Z</time>
      </trkpt>
      <trkpt lat="46.851949989795685" lon="-121.68158702552319">
        <ele>2550.6</ele>
        <time>2019-06-22T13:59:13Z</time>
      </trkpt>
      <trkpt lat="46.851931" lon="-121.681696">
        <ele>2554.0</ele>
        <time>2019-06-22T13:59:30Z</time>
      </trkpt>
      <trkpt lat="46.851907" lon="-121.681752">
        <ele>2550.7</ele>
        <time>2019-06-22T13:59:40Z</time>
      </trkpt>
      <trkpt lat="46.851915" lon="-121.681782">
        <ele>2552.1</ele>
        <time>2019-06-22T14:00:03Z</time>
      </trkpt>
      <trkpt lat="46.85189299285412" lon="-121.68182297609746">
        <ele>2551.3</ele>
        <time>2019-06-22T14:00:06Z</time>
      </trkpt>
      <trkpt lat="46.851831" lon="-121.681979">
        <ele>2559.9</ele>
        <time>2019-06-22T14:00:24Z</time>
      </trkpt>
      <trkpt lat="46.851821" lon="-121.682031">
        <ele>2561.8</ele>
        <time>2019-06-22T14:00:29Z</time>
      </trkpt>
      <trkpt lat="46.851813" lon="-121.682124">
        <ele>2565.9</ele>
        <time>2019-06-22T14:00:40Z</time>
      </trkpt>
      <trkpt lat="46.85178101062775" lon="-121.68219496496022">
        <ele>2565.2</ele>
        <time>2019-06-22T14:00:44Z</time>
      </trkpt>
      <trkpt lat="46.851775" lon="-121.682274">
        <ele>2562.8</ele>
        <time>2019-06-22T14:00:57Z</time>
      </trkpt>
      <trkpt lat="46.851782" lon="-121.682421">
        <ele>2565.9</ele>
        <time>2019-06-22T14:01:18Z</time>
      </trkpt>
      <trkpt lat="46.851774" lon="-121.682521">
        <ele>2567.9</ele>
        <time>2019-06-22T14:01:40Z</time>
      </trkpt>
      <trkpt lat="46.851775981485844" lon="-121.68253300711513">
        <ele>2569.1</ele>
        <time>2019-06-22T14:01:41Z</time>
      </trkpt>
      <trkpt lat="46.851793" lon="-121.682778">
        <ele>2575.4</ele>
        <time>2019-06-22T14:02:03Z</time>
      </trkpt>
      <trkpt lat="46.85179299674928" lon="-121.68278899043798">
        <ele>2575.7</ele>
        <time>2019-06-22T14:02:04Z</time>
      </trkpt>
      <trkpt lat="46.851775" lon="-121.68303">
        <ele>2575.8</ele>
        <time>2019-06-22T14:02:29Z</time>
      </trkpt>
      <trkpt lat="46.85177396982908" lon="-121.6831130348146">
        <ele>2576.3</ele>
        <time>2019-06-22T14:02:38Z</time>
      </trkpt>
      <trkpt lat="46.851791" lon="-121.683231">
        <ele>2578.6</ele>
        <time>2019-06-22T14:02:50Z</time>
      </trkpt>
      <trkpt lat="46.851782" lon="-121.683273">
        <ele>2577.8</ele>
        <time>2019-06-22T14:02:56Z</time>
      </trkpt>
      <trkpt lat="46.851776987314224" lon="-121.68332803063095">
        <ele>2579.9</ele>
        <time>2019-06-22T14:03:02Z</time>
      </trkpt>
      <trkpt lat="46.851823" lon="-121.68354">
        <ele>2578.1</ele>
        <time>2019-06-22T14:03:32Z</time>
      </trkpt>
      <trkpt lat="46.851827" lon="-121.683683">
        <ele>2581.0</ele>
        <time>2019-06-22T14:03:43Z</time>
      </trkpt>
      <trkpt lat="46.851839" lon="-121.683751">
        <ele>2580.6</ele>
        <time>2019-06-22T14:03:53Z</time>
      </trkpt>
      <trkpt lat="46.851828" lon="-121.6838">
        <ele>2581.4</ele>
        <time>2019-06-22T14:03:58Z</time>
      </trkpt>
      <trkpt lat="46.851846" lon="-121.683926">
        <ele>2584.2</ele>
        <time>2019-06-22T14:04:09Z</time>
      </trkpt>
      <trkpt lat="46.851874" lon="-121.684023">
        <ele>2584.0</ele>
        <time>2019-06-22T14:04:25Z</time>
      </trkpt>
      <trkpt lat="46.85187203809619" lon="-121.6840779595077">
        <ele>2582.0</ele>
        <time>2019-06-22T14:04:29Z</time>
      </trkpt>
      <trkpt lat="46.85185099951923" lon="-121.6841109842062">
        <ele>2582.2</ele>
        <time>2019-06-22T14:04:41Z</time>
      </trkpt>
      <trkpt lat="46.85179400257766" lon="-121.68415700085461">
        <ele>2585.8</ele>
        <time>2019-06-22T14:04:51Z</time>
      </trkpt>
      <trkpt lat="46.851733" lon="-121.684234">
        <ele>2587.4</ele>
        <time>2019-06-22T14:05:05Z</time>
      </trkpt>
      <trkpt lat="46.85173801146448" lon="-121.68423696421087">
        <ele>2587.3</ele>
        <time>2019-06-22T14:05:06Z</time>
      </trkpt>
      <trkpt lat="46.851733988150954" lon="-121.68427904136479">
        <ele>2588.2</ele>
        <time>2019-06-22T14:05:14Z</time>
      </trkpt>
      <trkpt lat="46.85170498676598" lon="-121.68433603830636">
        <ele>2587.1</ele>
        <time>2019-06-22T14:05:28Z</time>
      </trkpt>
      <trkpt lat="46.85171999037266" lon="-121.68436503969133">
        <ele>2582.7</ele>
        <time>2019-06-22T14:05:31Z</time>
      </trkpt>
      <trkpt lat="46.85173801146448" lon="-121.68446796946228">
        <ele>2576.0</ele>
        <time>2019-06-22T14:05:43Z</time>
      </trkpt>
      <trkpt lat="46.85171898454428" lon="-121.68450199998915">
        <ele>2579.0</ele>
        <time>2019-06-22T14:05:50Z</time>
      </trkpt>
      <trkpt lat="46.851652" lon="-121.684556">
        <ele>2583.7</ele>
        <time>2019-06-22T14:06:08Z</time>
      </trkpt>
      <trkpt lat="46.85159" lon="-121.684636">
        <ele>2588.8</ele>
        <time>2019-06-22T14:06:30Z</time>
      </trkpt>
      <trkpt lat="46.851553" lon="-121.684666">
        <ele>2593.7</ele>
        <time>2019-06-22T14:06:34Z</time>
      </trkpt>
      <trkpt lat="46.851539025083184" lon="-121.68469201773405">
        <ele>2593.5</ele>
        <time>2019-06-22T14:06:38Z</time>
      </trkpt>
      <trkpt lat="46.851501" lon="-121.684849">
        <ele>2593.7</ele>
        <time>2019-06-22T14:06:50Z</time>
      </trkpt>
      <trkpt lat="46.851497031748295" lon="-121.68484699912369">
        <ele>2593.5</ele>
        <time>2019-06-22T14:06:51Z</time>
      </trkpt>
      <trkpt lat="46.851458" lon="-121.685091">
        <ele>2595.0</ele>
        <time>2019-06-22T14:07:20Z</time>
      </trkpt>
      <trkpt lat="46.85147398151457" lon="-121.6851329896599">
        <ele>2595.4</ele>
        <time>2019-06-22T14:07:33Z</time>
      </trkpt>
      <trkpt lat="46.851474" lon="-121.685328">
        <ele>2595.5</ele>
        <time>2019-06-22T14:07:49Z</time>
      </trkpt>
      <trkpt lat="46.851476" lon="-121.68534">
        <ele>2596.2</ele>
        <time>2019-06-22T14:07:50Z</time>
      </trkpt>
      <trkpt lat="46.851462" lon="-121.685375">
        <ele>2597.1</ele>
        <time>2019-06-22T14:07:56Z</time>
      </trkpt>
      <trkpt lat="46.8514640070498" lon="-121.68541202321649">
        <ele>2594.5</ele>
        <time>2019-06-22T14:08:02Z</time>
      </trkpt>
      <trkpt lat="46.85144" lon="-121.685477">
        <ele>2596.9</ele>
        <time>2019-06-22T14:08:11Z</time>
      </trkpt>
      <trkpt lat="46.851443" lon="-121.685514">
        <ele>2597.1</ele>
        <time>2019-06-22T14:08:14Z</time>
      </trkpt>
      <trkpt lat="46.851431988179684" lon="-121.68554596602917">
        <ele>2597.7</ele>
        <time>2019-06-22T14:08:21Z</time>
      </trkpt>
      <trkpt lat="46.851409" lon="-121.685555">
        <ele>2596.7</ele>
        <time>2019-06-22T14:08:26Z</time>
      </trkpt>
      <trkpt lat="46.85140298679471" lon="-121.68557899072766">
        <ele>2597.5</ele>
        <time>2019-06-22T14:08:28Z</time>
      </trkpt>
      <trkpt lat="46.851403" lon="-121.685679">
        <ele>2601.0</ele>
        <time>2019-06-22T14:08:36Z</time>
      </trkpt>
      <trkpt lat="46.851412039250135" lon="-121.685712011531">
        <ele>2600.0</ele>
        <time>2019-06-22T14:08:40Z</time>
      </trkpt>
      <trkpt lat="46.851383" lon="-121.685818">
        <ele>2597.2</ele>
        <time>2019-06-22T14:08:57Z</time>
      </trkpt>
      <trkpt lat="46.85135403648019" lon="-121.68595500290394">
        <ele>2598.1</ele>
        <time>2019-06-22T14:09:07Z</time>
      </trkpt>
      <trkpt lat="46.851342" lon="-121.686082">
        <ele>2599.0</ele>
        <time>2019-06-22T14:09:19Z</time>
      </trkpt>
      <trkpt lat="46.851339" lon="-121.686098">
        <ele>2598.7</ele>
        <time>2019-06-22T14:09:20Z</time>
      </trkpt>
      <trkpt lat="46.851326962932944" lon="-121.68609699234366">
        <ele>2598.6</ele>
        <time>2019-06-22T14:09:27Z</time>
      </trkpt>
      <trkpt lat="46.851295" lon="-121.686307">
        <ele>2607.4</ele>
        <time>2019-06-22T14:09:43Z</time>
      </trkpt>
      <trkpt lat="46.85129100456834" lon="-121.68632498010993">
        <ele>2606.6</ele>
        <time>2019-06-22T14:09:44Z</time>
      </trkpt>
      <trkpt lat="46.85130198486149" lon="-121.68633503839374">
        <ele>2606.4</ele>
        <time>2019-06-22T14:09:44Z</time>
      </trkpt>
      <trkpt lat="46.85130198486149" lon="-121.68640402145684">
        <ele>2608.7</ele>
        <time>2019-06-22T14:09:49Z</time>
      </trkpt>
      <trkpt lat="46.85125102289021" lon="-121.68658699840307">
        <ele>2602.4</ele>
        <time>2019-06-22T14:10:08Z</time>
      </trkpt>
      <trkpt lat="46.851243982091546" lon="-121.68664399534464">
        <ele>2601.4</ele>
        <time>2019-06-22T14:10:11Z</time>
      </trkpt>
      <trkpt lat="46.851152032613754" lon="-121.68689696118236">
        <ele>2596.0</ele>
        <time>2019-06-22T14:10:40Z</time>
      </trkpt>
      <trkpt lat="46.851141" lon="-121.686969">
        <ele>2596.2</ele>
        <time>2019-06-22T14:10:44Z</time>
      </trkpt>
      <trkpt lat="46.8511169962585" lon="-121.68700399808586">
        <ele>2595.3</ele>
        <time>2019-06-22T14:10:44Z</time>
      </trkpt>
      <trkpt lat="46.85111900791526" lon="-121.68710198253393">
        <ele>2597.4</ele>
        <time>2019-06-22T14:10:49Z</time>
      </trkpt>
      <trkpt lat="46.85110702179372" lon="-121.68716995976865">
        <ele>2598.2</ele>
        <time>2019-06-22T14:10:57Z</time>
      </trkpt>
      <trkpt lat="46.8511" lon="-121.687356">
        <ele>2601.7</ele>
        <time>2019-06-22T14:11:13Z</time>
      </trkpt>
      <trkpt lat="46.851089000701904" lon="-121.68741404078901">
        <ele>2604.3</ele>
        <time>2019-06-22T14:11:20Z</time>
      </trkpt>
      <trkpt lat="46.85110098682344" lon="-121.68748000636697">
        <ele>2606.6</ele>
        <time>2019-06-22T14:11:27Z</time>
      </trkpt>
      <trkpt lat="46.851056" lon="-121.687608">
        <ele>2606.3</ele>
        <time>2019-06-22T14:11:37Z</time>
      </trkpt>
      <trkpt lat="46.85105497017503" lon="-121.68762098997831">
        <ele>2606.7</ele>
        <time>2019-06-22T14:11:38Z</time>
      </trkpt>
      <trkpt lat="46.851059" lon="-121.687753">
        <ele>2605.4</ele>
        <time>2019-06-22T14:11:56Z</time>
      </trkpt>
      <trkpt lat="46.85105497017503" lon="-121.68779198080301">
        <ele>2607.0</ele>
        <time>2019-06-22T14:12:00Z</time>
      </trkpt>
      <trkpt lat="46.85103" lon="-121.687857">
        <ele>2607.2</ele>
        <time>2019-06-22T14:12:06Z</time>
      </trkpt>
      <trkpt lat="46.85103099793196" lon="-121.68788996525109">
        <ele>2607.4</ele>
        <time>2019-06-22T14:12:08Z</time>
      </trkpt>
      <trkpt lat="46.851014" lon="-121.687949">
        <ele>2608.0</ele>
        <time>2019-06-22T14:12:13Z</time>
      </trkpt>
      <trkpt lat="46.851033" lon="-121.688008">
        <ele>2610.8</ele>
        <time>2019-06-22T14:12:21Z</time>
      </trkpt>
      <trkpt lat="46.851024" lon="-121.68811">
        <ele>2612.5</ele>
        <time>2019-06-22T14:12:33Z</time>
      </trkpt>
      <trkpt lat="46.851026974618435" lon="-121.68816698715091">
        <ele>2609.2</ele>
        <time>2019-06-22T14:12:38Z</time>
      </trkpt>
      <trkpt lat="46.85099696740508" lon="-121.68820998631418">
        <ele>2606.8</ele>
        <time>2019-06-22T14:12:47Z</time>
      </trkpt>
      <trkpt lat="46.850948" lon="-121.688345">
        <ele>2612.0</ele>
        <time>2019-06-22T14:13:09Z</time>
      </trkpt>
      <trkpt lat="46.850903" lon="-121.688506">
        <ele>2615.0</ele>
        <time>2019-06-22T14:13:30Z</time>
      </trkpt>
      <trkpt lat="46.850903" lon="-121.688579">
        <ele>2616.3</ele>
        <time>2019-06-22T14:13:43Z</time>
      </trkpt>
      <trkpt lat="46.850874004885554" lon="-121.68868498876691">
        <ele>2614.1</ele>
        <time>2019-06-22T14:13:50Z</time>
      </trkpt>
      <trkpt lat="46.85087903402746" lon="-121.68871600180864">
        <ele>2615.4</ele>
        <time>2019-06-22T14:13:56Z</time>
      </trkpt>
      <trkpt lat="46.850836" lon="-121.688875">
        <ele>2619.6</ele>
        <time>2019-06-22T14:14:14Z</time>
      </trkpt>
      <trkpt lat="46.85080301016569" lon="-121.68901599012315">
        <ele>2619.3</ele>
        <time>2019-06-22T14:14:41Z</time>
      </trkpt>
      <trkpt lat="46.850807" lon="-121.689129">
        <ele>2627.2</ele>
        <time>2019-06-22T14:14:57Z</time>
      </trkpt>
      <trkpt lat="46.850811978802085" lon="-121.68913098983467">
        <ele>2627.2</ele>
        <time>2019-06-22T14:14:58Z</time>
      </trkpt>
      <trkpt lat="46.850788006559014" lon="-121.68921397067606">
        <ele>2629.8</ele>
        <time>2019-06-22T14:15:06Z</time>
      </trkpt>
      <trkpt lat="46.850775" lon="-121.689307">
        <ele>2629.0</ele>
        <time>2019-06-22T14:15:14Z</time>
      </trkpt>
      <trkpt lat="46.850759" lon="-121.689339">
        <ele>2625.3</ele>
        <time>2019-06-22T14:15:18Z</time>
      </trkpt>
      <trkpt lat="46.850771" lon="-121.689369">
        <ele>2626.4</ele>
        <time>2019-06-22T14:15:25Z</time>
      </trkpt>
      <trkpt lat="46.85075297020376" lon="-121.6894350014627">
        <ele>2634.8</ele>
        <time>2019-06-22T14:15:38Z</time>
      </trkpt>
      <trkpt lat="46.850745" lon="-121.68953">
        <ele>2636.1</ele>
        <time>2019-06-22T14:15:44Z</time>
      </trkpt>
      <trkpt lat="46.850729" lon="-121.68957">
        <ele>2634.3</ele>
        <time>2019-06-22T14:15:47Z</time>
      </trkpt>
      <trkpt lat="46.850662" lon="-121.689657">
        <ele>2634.5</ele>
        <time>2019-06-22T14:15:57Z</time>
      </trkpt>
      <trkpt lat="46.85065599158406" lon="-121.68977002613246">
        <ele>2637.9</ele>
        <time>2019-06-22T14:16:15Z</time>
      </trkpt>
      <trkpt lat="46.85068801045418" lon="-121.68978997506201">
        <ele>2645.3</ele>
        <time>2019-06-22T14:16:21Z</time>
      </trkpt>
      <trkpt lat="46.850698" lon="-121.689853">
        <ele>2646.3</ele>
        <time>2019-06-22T14:16:28Z</time>
      </trkpt>
      <trkpt lat="46.850679041817784" lon="-121.68991402722895">
        <ele>2642.1</ele>
        <time>2019-06-22T14:16:40Z</time>
      </trkpt>
      <trkpt lat="46.85060896910727" lon="-121.69002802111208">
        <ele>2630.6</ele>
        <time>2019-06-22T14:16:47Z</time>
      </trkpt>
      <trkpt lat="46.8505849968642" lon="-121.69012701138854">
        <ele>2630.0</ele>
        <time>2019-06-22T14:17:02Z</time>
      </trkpt>
      <trkpt lat="46.850554" lon="-121.690177">
        <ele>2629.2</ele>
        <time>2019-06-22T14:17:08Z</time>
      </trkpt>
      <trkpt lat="46.85056102462113" lon="-121.69026598334312">
        <ele>2640.7</ele>
        <time>2019-06-22T14:17:20Z</time>
      </trkpt>
      <trkpt lat="46.850541" lon="-121.690343">
        <ele>2646.0</ele>
        <time>2019-06-22T14:17:31Z</time>
      </trkpt>
      <trkpt lat="46.85054996050894" lon="-121.69037000276148">
        <ele>2650.0</ele>
        <time>2019-06-22T14:17:40Z</time>
      </trkpt>
      <trkpt lat="46.850551" lon="-121.690441">
        <ele>2651.1</ele>
        <time>2019-06-22T14:17:44Z</time>
      </trkpt>
      <trkpt lat="46.85052297078073" lon="-121.69051903299987">
        <ele>2651.3</ele>
        <time>2019-06-22T14:18:00Z</time>
      </trkpt>
      <trkpt lat="46.850494" lon="-121.690664">
        <ele>2657.1</ele>
        <time>2019-06-22T14:18:15Z</time>
      </trkpt>
      <trkpt lat="46.85044099576771" lon="-121.69075498357415">
        <ele>2654.9</ele>
        <time>2019-06-22T14:18:26Z</time>
      </trkpt>
      <trkpt lat="46.8504" lon="-121.690781">
        <ele>2652.5</ele>
        <time>2019-06-22T14:18:36Z</time>
      </trkpt>
      <trkpt lat="46.85039397329092" lon="-121.69080200605094">
        <ele>2651.9</ele>
        <time>2019-06-22T14:18:37Z</time>
      </trkpt>
      <trkpt lat="46.85041601769626" lon="-121.69089303351939">
        <ele>2655.2</ele>
        <time>2019-06-22T14:18:51Z</time>
      </trkpt>
      <trkpt lat="46.8503949791193" lon="-121.6909340210259">
        <ele>2656.2</ele>
        <time>2019-06-22T14:19:01Z</time>
      </trkpt>
      <trkpt lat="46.850393" lon="-121.690976">
        <ele>2659.6</ele>
        <time>2019-06-22T14:19:07Z</time>
      </trkpt>
      <trkpt lat="46.850408" lon="-121.691004">
        <ele>2660.5</ele>
        <time>2019-06-22T14:19:14Z</time>
      </trkpt>
      <trkpt lat="46.850400008261204" lon="-121.69102999381721">
        <ele>2660.6</ele>
        <time>2019-06-22T14:19:16Z</time>
      </trkpt>
      <trkpt lat="46.850403" lon="-121.691102">
        <ele>2662.8</ele>
        <time>2019-06-22T14:19:36Z</time>
      </trkpt>
      <trkpt lat="46.85037503018975" lon="-121.6911739949137">
        <ele>2662.6</ele>
        <time>2019-06-22T14:19:49Z</time>
      </trkpt>
      <trkpt lat="46.850341" lon="-121.691231">
        <ele>2661.3</ele>
        <time>2019-06-22T14:20:02Z</time>
      </trkpt>
      <trkpt lat="46.850319" lon="-121.691322">
        <ele>2661.1</ele>
        <time>2019-06-22T14:20:14Z</time>
      </trkpt>
      <trkpt lat="46.85033303685486" lon="-121.69134900905192">
        <ele>2664.0</ele>
        <time>2019-06-22T14:20:18Z</time>
      </trkpt>
      <trkpt lat="46.8503310251981" lon="-121.69140298850834">
        <ele>2665.3</ele>
        <time>2019-06-22T14:20:27Z</time>
      </trkpt>
      <trkpt lat="46.850337982177734" lon="-121.69143701903522">
        <ele>2667.8</ele>
        <time>2019-06-22T14:20:32Z</time>
      </trkpt>
      <trkpt lat="46.850316" lon="-121.691541">
        <ele>2668.3</ele>
        <time>2019-06-22T14:20:51Z</time>
      </trkpt>
      <trkpt lat="46.850336976349354" lon="-121.6915540304035">
        <ele>2670.2</ele>
        <time>2019-06-22T14:21:02Z</time>
      </trkpt>
      <trkpt lat="46.850347" lon="-121.691586">
        <ele>2671.5</ele>
        <time>2019-06-22T14:21:10Z</time>
      </trkpt>
      <trkpt lat="46.85033303685486" lon="-121.69162100180984">
        <ele>2668.7</ele>
        <time>2019-06-22T14:21:16Z</time>
      </trkpt>
      <trkpt lat="46.850291" lon="-121.691662">
        <ele>2671.1</ele>
        <time>2019-06-22T14:21:28Z</time>
      </trkpt>
      <trkpt lat="46.850272" lon="-121.691643">
        <ele>2672.0</ele>
        <time>2019-06-22T14:21:46Z</time>
      </trkpt>
      <trkpt lat="46.85024896636605" lon="-121.69166098348796">
        <ele>2675.3</ele>
        <time>2019-06-22T14:22:02Z</time>
      </trkpt>
      <trkpt lat="46.850226" lon="-121.691719">
        <ele>2676.3</ele>
        <time>2019-06-22T14:22:16Z</time>
      </trkpt>
      <trkpt lat="46.850224" lon="-121.691748">
        <ele>2674.5</ele>
        <time>2019-06-22T14:22:18Z</time>
      </trkpt>
      <trkpt lat="46.85024200938642" lon="-121.69178402982652">
        <ele>2674.8</ele>
        <time>2019-06-22T14:22:20Z</time>
      </trkpt>
      <trkpt lat="46.850192" lon="-121.691863">
        <ele>2676.6</ele>
        <time>2019-06-22T14:22:34Z</time>
      </trkpt>
      <trkpt lat="46.85019599273801" lon="-121.69193096458912">
        <ele>2679.4</ele>
        <time>2019-06-22T14:22:47Z</time>
      </trkpt>
      <trkpt lat="46.850171" lon="-121.691985">
        <ele>2677.9</ele>
        <time>2019-06-22T14:22:53Z</time>
      </trkpt>
      <trkpt lat="46.85015601105988" lon="-121.69199500232935">
        <ele>2677.5</ele>
        <time>2019-06-22T14:22:55Z</time>
      </trkpt>
      <trkpt lat="46.85013698413968" lon="-121.6920300386846">
        <ele>2679.1</ele>
        <time>2019-06-22T14:23:03Z</time>
      </trkpt>
      <trkpt lat="46.8501550052315" lon="-121.69209600426257">
        <ele>2686.3</ele>
        <time>2019-06-22T14:23:16Z</time>
      </trkpt>
      <trkpt lat="46.85012801550329" lon="-121.69215098954737">
        <ele>2683.8</ele>
        <time>2019-06-22T14:23:30Z</time>
      </trkpt>
      <trkpt lat="46.850117" lon="-121.692234">
        <ele>2689.8</ele>
        <time>2019-06-22T14:23:44Z</time>
      </trkpt>
      <trkpt lat="46.850109" lon="-121.692256">
        <ele>2689.7</ele>
        <time>2019-06-22T14:23:44Z</time>
      </trkpt>
      <trkpt lat="46.85008401051164" lon="-121.6922840103507">
        <ele>2687.7</ele>
        <time>2019-06-22T14:23:49Z</time>
      </trkpt>
      <trkpt lat="46.85005098581314" lon="-121.692372020334">
        <ele>2691.9</ele>
        <time>2019-06-22T14:24:01Z</time>
      </trkpt>
      <trkpt lat="46.850093" lon="-121.692471">
        <ele>2699.9</ele>
        <time>2019-06-22T14:24:25Z</time>
      </trkpt>
      <trkpt lat="46.850102031603456" lon="-121.69247000478208">
        <ele>2701.4</ele>
        <time>2019-06-22T14:24:27Z</time>
      </trkpt>
      <trkpt lat="46.85008702799678" lon="-121.69252700172365">
        <ele>2700.4</ele>
        <time>2019-06-22T14:24:35Z</time>
      </trkpt>
      <trkpt lat="46.850078" lon="-121.69271">
        <ele>2701.7</ele>
        <time>2019-06-22T14:25:05Z</time>
      </trkpt>
      <trkpt lat="46.85008996166289" lon="-121.6927969828248">
        <ele>2704.0</ele>
        <time>2019-06-22T14:25:14Z</time>
      </trkpt>
      <trkpt lat="46.85006498359144" lon="-121.69285800307989">
        <ele>2700.9</ele>
        <time>2019-06-22T14:25:23Z</time>
      </trkpt>
      <trkpt lat="46.850051" lon="-121.692965">
        <ele>2703.4</ele>
        <time>2019-06-22T14:25:42Z</time>
      </trkpt>
      <trkpt lat="46.850047" lon="-121.693016">
        <ele>2703.2</ele>
        <time>2019-06-22T14:25:53Z</time>
      </trkpt>
      <trkpt lat="46.85003003105521" lon="-121.69303201138973">
        <ele>2701.8</ele>
        <time>2019-06-22T14:25:56Z</time>
      </trkpt>
      <trkpt lat="46.850017039105296" lon="-121.69306302443147">
        <ele>2702.6</ele>
        <time>2019-06-22T14:26:06Z</time>
      </trkpt>
      <trkpt lat="46.850005" lon="-121.693168">
        <ele>2704.5</ele>
        <time>2019-06-22T14:26:24Z</time>
      </trkpt>
      <trkpt lat="46.850017039105296" lon="-121.69320803135633">
        <ele>2709.0</ele>
        <time>2019-06-22T14:26:30Z</time>
      </trkpt>
      <trkpt lat="46.849996" lon="-121.693268">
        <ele>2706.8</ele>
        <time>2019-06-22T14:26:42Z</time>
      </trkpt>
      <trkpt lat="46.850001" lon="-121.693341">
        <ele>2713.4</ele>
        <time>2019-06-22T14:27:02Z</time>
      </trkpt>
      <trkpt lat="46.8499599583447" lon="-121.6934360191226">
        <ele>2712.0</ele>
        <time>2019-06-22T14:27:17Z</time>
      </trkpt>
      <trkpt lat="46.85000597499311" lon="-121.6935549583286">
        <ele>2715.6</ele>
        <time>2019-06-22T14:27:34Z</time>
      </trkpt>
      <trkpt lat="46.849992" lon="-121.693629">
        <ele>2714.9</ele>
        <time>2019-06-22T14:27:47Z</time>
      </trkpt>
      <trkpt lat="46.849996000528336" lon="-121.6936849616468">
        <ele>2716.2</ele>
        <time>2019-06-22T14:27:52Z</time>
      </trkpt>
      <trkpt lat="46.850024" lon="-121.693795">
        <ele>2717.9</ele>
        <time>2019-06-22T14:28:10Z</time>
      </trkpt>
      <trkpt lat="46.85004503466189" lon="-121.69381001964211">
        <ele>2719.1</ele>
        <time>2019-06-22T14:28:15Z</time>
      </trkpt>
      <trkpt lat="46.85004897415638" lon="-121.69384002685547">
        <ele>2720.9</ele>
        <time>2019-06-22T14:28:18Z</time>
      </trkpt>
      <trkpt lat="46.850035" lon="-121.693912">
        <ele>2720.3</ele>
        <time>2019-06-22T14:28:25Z</time>
      </trkpt>
      <trkpt lat="46.850037993863225" lon="-121.69391496106982">
        <ele>2720.5</ele>
        <time>2019-06-22T14:28:26Z</time>
      </trkpt>
      <trkpt lat="46.850037" lon="-121.693993">
        <ele>2720.0</ele>
        <time>2019-06-22T14:28:34Z</time>
      </trkpt>
      <trkpt lat="46.850021" lon="-121.694059">
        <ele>2719.7</ele>
        <time>2019-06-22T14:28:39Z</time>
      </trkpt>
      <trkpt lat="46.85004201717675" lon="-121.69411403127015">
        <ele>2721.7</ele>
        <time>2019-06-22T14:28:48Z</time>
      </trkpt>
      <trkpt lat="46.850044" lon="-121.69416">
        <ele>2720.8</ele>
        <time>2019-06-22T14:28:51Z</time>
      </trkpt>
      <trkpt lat="46.850007" lon="-121.69427">
        <ele>2717.6</ele>
        <time>2019-06-22T14:29:01Z</time>
      </trkpt>
      <trkpt lat="46.850015027448535" lon="-121.6943049710244">
        <ele>2718.1</ele>
        <time>2019-06-22T14:29:07Z</time>
      </trkpt>
      <trkpt lat="46.850044" lon="-121.694347">
        <ele>2720.8</ele>
        <time>2019-06-22T14:29:14Z</time>
      </trkpt>
      <trkpt lat="46.85004402883351" lon="-121.69439197517931">
        <ele>2722.5</ele>
        <time>2019-06-22T14:29:18Z</time>
      </trkpt>
      <trkpt lat="46.850068" lon="-121.69442">
        <ele>2726.5</ele>
        <time>2019-06-22T14:29:30Z</time>
      </trkpt>
      <trkpt lat="46.850083004683256" lon="-121.69448501430452">
        <ele>2726.7</ele>
        <time>2019-06-22T14:29:43Z</time>
      </trkpt>
      <trkpt lat="46.850038999691606" lon="-121.69459599070251">
        <ele>2724.4</ele>
        <time>2019-06-22T14:29:55Z</time>
      </trkpt>
      <trkpt lat="46.849977" lon="-121.694663">
        <ele>2722.8</ele>
        <time>2019-06-22T14:30:05Z</time>
      </trkpt>
      <trkpt lat="46.84998" lon="-121.694733">
        <ele>2724.8</ele>
        <time>2019-06-22T14:30:25Z</time>
      </trkpt>
      <trkpt lat="46.84997" lon="-121.694806">
        <ele>2727.4</ele>
        <time>2019-06-22T14:30:35Z</time>
      </trkpt>
      <trkpt lat="46.849968" lon="-121.694856">
        <ele>2729.5</ele>
        <time>2019-06-22T14:30:49Z</time>
      </trkpt>
      <trkpt lat="46.849954007193446" lon="-121.694888016209">
        <ele>2729.7</ele>
        <time>2019-06-22T14:30:54Z</time>
      </trkpt>
      <trkpt lat="46.84992500580847" lon="-121.69493897818029">
        <ele>2727.8</ele>
        <time>2019-06-22T14:31:01Z</time>
      </trkpt>
      <trkpt lat="46.849887035787106" lon="-121.69497300870717">
        <ele>2731.9</ele>
        <time>2019-06-22T14:31:22Z</time>
      </trkpt>
      <trkpt lat="46.84987" lon="-121.695018">
        <ele>2733.3</ele>
        <time>2019-06-22T14:31:27Z</time>
      </trkpt>
      <trkpt lat="46.84987203218043" lon="-121.69502397067845">
        <ele>2734.0</ele>
        <time>2019-06-22T14:31:28Z</time>
      </trkpt>
      <trkpt lat="46.849857" lon="-121.695098">
        <ele>2732.9</ele>
        <time>2019-06-22T14:31:51Z</time>
      </trkpt>
      <trkpt lat="46.849808" lon="-121.695185">
        <ele>2731.9</ele>
        <time>2019-06-22T14:32:13Z</time>
      </trkpt>
      <trkpt lat="46.849785" lon="-121.695257">
        <ele>2732.7</ele>
        <time>2019-06-22T14:32:29Z</time>
      </trkpt>
      <trkpt lat="46.84975300915539" lon="-121.6952719911933">
        <ele>2733.5</ele>
        <time>2019-06-22T14:32:41Z</time>
      </trkpt>
      <trkpt lat="46.84972995892167" lon="-121.69525598175824">
        <ele>2742.2</ele>
        <time>2019-06-22T14:33:07Z</time>
      </trkpt>
      <trkpt lat="46.849677" lon="-121.695262">
        <ele>2749.0</ele>
        <time>2019-06-22T14:33:43Z</time>
      </trkpt>
      <trkpt lat="46.84966701082885" lon="-121.69532496482134">
        <ele>2743.9</ele>
        <time>2019-06-22T14:33:44Z</time>
      </trkpt>
      <trkpt lat="46.849648" lon="-121.695297">
        <ele>2747.2</ele>
        <time>2019-06-22T14:33:57Z</time>
      </trkpt>
      <trkpt lat="46.849586963653564" lon="-121.69529998674989">
        <ele>2748.3</ele>
        <time>2019-06-22T14:34:16Z</time>
      </trkpt>
      <trkpt lat="46.849571" lon="-121.695321">
        <ele>2750.0</ele>
        <time>2019-06-22T14:34:22Z</time>
      </trkpt>
      <trkpt lat="46.849549" lon="-121.69532">
        <ele>2754.3</ele>
        <time>2019-06-22T14:39:04Z</time>
      </trkpt>
      <trkpt lat="46.849518" lon="-121.69537">
        <ele>2755.6</ele>
        <time>2019-06-22T14:39:12Z</time>
      </trkpt>
      <trkpt lat="46.849492" lon="-121.695382">
        <ele>2754.7</ele>
        <time>2019-06-22T14:41:18Z</time>
      </trkpt>
      <trkpt lat="46.84946903027594" lon="-121.69540300033987">
        <ele>2754.0</ele>
        <time>2019-06-22T14:41:32Z</time>
      </trkpt>
      <trkpt lat="46.84944497421384" lon="-121.69546502642334">
        <ele>2753.8</ele>
        <time>2019-06-22T14:41:44Z</time>
      </trkpt>
      <trkpt lat="46.849414" lon="-121.695604">
        <ele>2752.8</ele>
        <time>2019-06-22T14:41:57Z</time>
      </trkpt>
      <trkpt lat="46.8493780028075" lon="-121.69575504027307">
        <ele>2752.4</ele>
        <time>2019-06-22T14:42:14Z</time>
      </trkpt>
      <trkpt lat="46.84932301752269" lon="-121.69587498530746">
        <ele>2756.3</ele>
        <time>2019-06-22T14:42:28Z</time>
      </trkpt>
      <trkpt lat="46.8493" lon="-121.695988">
        <ele>2757.9</ele>
        <time>2019-06-22T14:42:40Z</time>
      </trkpt>
      <trkpt lat="46.8492759950459" lon="-121.69603197835386">
        <ele>2760.9</ele>
        <time>2019-06-22T14:42:44Z</time>
      </trkpt>
      <trkpt lat="46.84925596229732" lon="-121.69611596502364">
        <ele>2759.9</ele>
        <time>2019-06-22T14:42:53Z</time>
      </trkpt>
      <trkpt lat="46.849204" lon="-121.696237">
        <ele>2762.0</ele>
        <time>2019-06-22T14:43:11Z</time>
      </trkpt>
      <trkpt lat="46.84919100254774" lon="-121.69630003161728">
        <ele>2759.7</ele>
        <time>2019-06-22T14:43:22Z</time>
      </trkpt>
      <trkpt lat="46.84916703030467" lon="-121.69633297249675">
        <ele>2759.9</ele>
        <time>2019-06-22T14:43:28Z</time>
      </trkpt>
      <trkpt lat="46.849119" lon="-121.696491">
        <ele>2762.0</ele>
        <time>2019-06-22T14:43:44Z</time>
      </trkpt>
      <trkpt lat="46.84907902032137" lon="-121.69654997996986">
        <ele>2762.8</ele>
        <time>2019-06-22T14:43:53Z</time>
      </trkpt>
      <trkpt lat="46.849053958430886" lon="-121.69661502353847">
        <ele>2761.3</ele>
        <time>2019-06-22T14:44:03Z</time>
      </trkpt>
      <trkpt lat="46.849054" lon="-121.696686">
        <ele>2760.3</ele>
        <time>2019-06-22T14:44:11Z</time>
      </trkpt>
      <trkpt lat="46.849018" lon="-121.696731">
        <ele>2761.7</ele>
        <time>2019-06-22T14:44:17Z</time>
      </trkpt>
      <trkpt lat="46.849006" lon="-121.696766">
        <ele>2762.6</ele>
        <time>2019-06-22T14:44:22Z</time>
      </trkpt>
      <trkpt lat="46.848974" lon="-121.696815">
        <ele>2765.7</ele>
        <time>2019-06-22T14:44:30Z</time>
      </trkpt>
      <trkpt lat="46.84896603226662" lon="-121.69684703461826">
        <ele>2765.8</ele>
        <time>2019-06-22T14:44:33Z</time>
      </trkpt>
      <trkpt lat="46.848909" lon="-121.696918">
        <ele>2769.4</ele>
        <time>2019-06-22T14:44:46Z</time>
      </trkpt>
      <trkpt lat="46.84888296760619" lon="-121.69700302183628">
        <ele>2773.2</ele>
        <time>2019-06-22T14:44:55Z</time>
      </trkpt>
      <trkpt lat="46.84886100701988" lon="-121.69709497131407">
        <ele>2773.3</ele>
        <time>2019-06-22T14:45:06Z</time>
      </trkpt>
      <trkpt lat="46.84882001951337" lon="-121.69713897630572">
        <ele>2775.0</ele>
        <time>2019-06-22T14:45:15Z</time>
      </trkpt>
      <trkpt lat="46.84879696927965" lon="-121.697145011276">
        <ele>2776.1</ele>
        <time>2019-06-22T14:45:18Z</time>
      </trkpt>
      <trkpt lat="46.84876402840018" lon="-121.69717401266098">
        <ele>2776.5</ele>
        <time>2019-06-22T14:45:23Z</time>
      </trkpt>
      <trkpt lat="46.848725974559784" lon="-121.69723503291607">
        <ele>2777.8</ele>
        <time>2019-06-22T14:45:32Z</time>
      </trkpt>
      <trkpt lat="46.848709" lon="-121.697374">
        <ele>2772.0</ele>
        <time>2019-06-22T14:45:58Z</time>
      </trkpt>
      <trkpt lat="46.8486890103668" lon="-121.69742396101356">
        <ele>2771.4</ele>
        <time>2019-06-22T14:46:03Z</time>
      </trkpt>
      <trkpt lat="46.84868" lon="-121.697507">
        <ele>2772.9</ele>
        <time>2019-06-22T14:46:17Z</time>
      </trkpt>
      <trkpt lat="46.84865497983992" lon="-121.69755396433175">
        <ele>2773.8</ele>
        <time>2019-06-22T14:46:27Z</time>
      </trkpt>
      <trkpt lat="46.848624" lon="-121.697659">
        <ele>2769.9</ele>
        <time>2019-06-22T14:46:44Z</time>
      </trkpt>
      <trkpt lat="46.848621033132076" lon="-121.69770198874176">
        <ele>2770.2</ele>
        <time>2019-06-22T14:46:51Z</time>
      </trkpt>
      <trkpt lat="46.848584" lon="-121.697787">
        <ele>2770.0</ele>
        <time>2019-06-22T14:47:03Z</time>
      </trkpt>
      <trkpt lat="46.84857" lon="-121.697893">
        <ele>2768.5</ele>
        <time>2019-06-22T14:47:18Z</time>
      </trkpt>
      <trkpt lat="46.84856898151338" lon="-121.69793802313507">
        <ele>2772.7</ele>
        <time>2019-06-22T14:47:26Z</time>
      </trkpt>
      <trkpt lat="46.848488012328744" lon="-121.69812301173806">
        <ele>2775.3</ele>
        <time>2019-06-22T14:47:54Z</time>
      </trkpt>
      <trkpt lat="46.84848600067198" lon="-121.6982280369848">
        <ele>2774.3</ele>
        <time>2019-06-22T14:48:17Z</time>
      </trkpt>
      <trkpt lat="46.848446" lon="-121.698361">
        <ele>2774.8</ele>
        <time>2019-06-22T14:48:39Z</time>
      </trkpt>
      <trkpt lat="46.84844199568033" lon="-121.69836499728262">
        <ele>2774.6</ele>
        <time>2019-06-22T14:48:40Z</time>
      </trkpt>
      <trkpt lat="46.848409" lon="-121.698514">
        <ele>2772.0</ele>
        <time>2019-06-22T14:48:59Z</time>
      </trkpt>
      <trkpt lat="46.84837200678885" lon="-121.69859600253403">
        <ele>2778.0</ele>
        <time>2019-06-22T14:49:06Z</time>
      </trkpt>
      <trkpt lat="46.84833403676748" lon="-121.69869901612401">
        <ele>2779.2</ele>
        <time>2019-06-22T14:49:22Z</time>
      </trkpt>
      <trkpt lat="46.848267" lon="-121.698828">
        <ele>2786.1</ele>
        <time>2019-06-22T14:49:48Z</time>
      </trkpt>
      <trkpt lat="46.84826396405697" lon="-121.69884100556374">
        <ele>2785.8</ele>
        <time>2019-06-22T14:49:49Z</time>
      </trkpt>
      <trkpt lat="46.848261" lon="-121.698956">
        <ele>2782.8</ele>
        <time>2019-06-22T14:50:03Z</time>
      </trkpt>
      <trkpt lat="46.8482450209558" lon="-121.69898500666022">
        <ele>2783.4</ele>
        <time>2019-06-22T14:50:08Z</time>
      </trkpt>
      <trkpt lat="46.848232" lon="-121.699103">
        <ele>2784.4</ele>
        <time>2019-06-22T14:50:33Z</time>
      </trkpt>
      <trkpt lat="46.848216" lon="-121.699154">
        <ele>2785.6</ele>
        <time>2019-06-22T14:50:38Z</time>
      </trkpt>
      <trkpt lat="46.848169" lon="-121.699219">
        <ele>2786.8</ele>
        <time>2019-06-22T14:50:47Z</time>
      </trkpt>
      <trkpt lat="46.84813597239554" lon="-121.6993330232799">
        <ele>2784.3</ele>
        <time>2019-06-22T14:51:14Z</time>
      </trkpt>
      <trkpt lat="46.84812" lon="-121.69941">
        <ele>2779.9</ele>
        <time>2019-06-22T14:51:24Z</time>
      </trkpt>
      <trkpt lat="46.848104959353805" lon="-121.69943201355636">
        <ele>2781.5</ele>
        <time>2019-06-22T14:51:28Z</time>
      </trkpt>
      <trkpt lat="46.848115" lon="-121.699533">
        <ele>2778.2</ele>
        <time>2019-06-22T14:51:44Z</time>
      </trkpt>
      <trkpt lat="46.84811" lon="-121.699576">
        <ele>2780.7</ele>
        <time>2019-06-22T14:51:54Z</time>
      </trkpt>
      <trkpt lat="46.848073" lon="-121.699677">
        <ele>2786.6</ele>
        <time>2019-06-22T14:52:07Z</time>
      </trkpt>
      <trkpt lat="46.848065" lon="-121.699748">
        <ele>2785.0</ele>
        <time>2019-06-22T14:52:18Z</time>
      </trkpt>
      <trkpt lat="46.84804796241224" lon="-121.69976997189224">
        <ele>2788.1</ele>
        <time>2019-06-22T14:52:30Z</time>
      </trkpt>
      <trkpt lat="46.84803698211908" lon="-121.69980802573264">
        <ele>2792.0</ele>
        <time>2019-06-22T14:52:36Z</time>
      </trkpt>
      <trkpt lat="46.848036" lon="-121.699882">
        <ele>2790.5</ele>
        <time>2019-06-22T14:52:46Z</time>
      </trkpt>
      <trkpt lat="46.848049974069" lon="-121.69991003349423">
        <ele>2786.9</ele>
        <time>2019-06-22T14:52:55Z</time>
      </trkpt>
      <trkpt lat="46.848038" lon="-121.700053">
        <ele>2786.0</ele>
        <time>2019-06-22T14:53:20Z</time>
      </trkpt>
      <trkpt lat="46.848022" lon="-121.700122">
        <ele>2786.0</ele>
        <time>2019-06-22T14:53:32Z</time>
      </trkpt>
      <trkpt lat="46.848037987947464" lon="-121.70014598406851">
        <ele>2783.7</ele>
        <time>2019-06-22T14:53:38Z</time>
      </trkpt>
      <trkpt lat="46.848047" lon="-121.700213">
        <ele>2786.6</ele>
        <time>2019-06-22T14:53:46Z</time>
      </trkpt>
      <trkpt lat="46.848038993775845" lon="-121.70024396851659">
        <ele>2786.9</ele>
        <time>2019-06-22T14:53:49Z</time>
      </trkpt>
      <trkpt lat="46.848015" lon="-121.700266">
        <ele>2790.5</ele>
        <time>2019-06-22T14:53:53Z</time>
      </trkpt>
      <trkpt lat="46.84799" lon="-121.700375">
        <ele>2788.6</ele>
        <time>2019-06-22T14:54:08Z</time>
      </trkpt>
      <trkpt lat="46.847959" lon="-121.700429">
        <ele>2790.2</ele>
        <time>2019-06-22T14:54:14Z</time>
      </trkpt>
      <trkpt lat="46.84795802459121" lon="-121.70046801678836">
        <ele>2793.2</ele>
        <time>2019-06-22T14:54:26Z</time>
      </trkpt>
      <trkpt lat="46.847936" lon="-121.7005">
        <ele>2794.8</ele>
        <time>2019-06-22T14:54:31Z</time>
      </trkpt>
      <trkpt lat="46.84792701154947" lon="-121.70055602677166">
        <ele>2800.7</ele>
        <time>2019-06-22T14:54:36Z</time>
      </trkpt>
      <trkpt lat="46.847888" lon="-121.700637">
        <ele>2802.1</ele>
        <time>2019-06-22T14:54:44Z</time>
      </trkpt>
      <trkpt lat="46.84788200072944" lon="-121.7007059790194">
        <ele>2804.6</ele>
        <time>2019-06-22T14:54:57Z</time>
      </trkpt>
      <trkpt lat="46.84783296659589" lon="-121.70077404007316">
        <ele>2813.1</ele>
        <time>2019-06-22T14:55:14Z</time>
      </trkpt>
      <trkpt lat="46.84781603515148" lon="-121.70083296485245">
        <ele>2808.2</ele>
        <time>2019-06-22T14:55:24Z</time>
      </trkpt>
      <trkpt lat="46.84781100600958" lon="-121.70090303756297">
        <ele>2812.3</ele>
        <time>2019-06-22T14:55:32Z</time>
      </trkpt>
      <trkpt lat="46.847779" lon="-121.700966">
        <ele>2815.6</ele>
        <time>2019-06-22T14:55:40Z</time>
      </trkpt>
      <trkpt lat="46.84778502210975" lon="-121.70101300813258">
        <ele>2816.9</ele>
        <time>2019-06-22T14:55:47Z</time>
      </trkpt>
      <trkpt lat="46.847746" lon="-121.701126">
        <ele>2817.0</ele>
        <time>2019-06-22T14:56:07Z</time>
      </trkpt>
      <trkpt lat="46.847735" lon="-121.701194">
        <ele>2818.6</ele>
        <time>2019-06-22T14:56:16Z</time>
      </trkpt>
      <trkpt lat="46.84773498214781" lon="-121.70123596675694">
        <ele>2815.5</ele>
        <time>2019-06-22T14:56:23Z</time>
      </trkpt>
      <trkpt lat="46.84769298881292" lon="-121.70131601393223">
        <ele>2818.8</ele>
        <time>2019-06-22T14:56:34Z</time>
      </trkpt>
      <trkpt lat="46.847687" lon="-121.701385">
        <ele>2816.6</ele>
        <time>2019-06-22T14:56:46Z</time>
      </trkpt>
      <trkpt lat="46.84766499325633" lon="-121.70142103917897">
        <ele>2818.9</ele>
        <time>2019-06-22T14:56:53Z</time>
      </trkpt>
      <trkpt lat="46.84764596633613" lon="-121.70147996395826">
        <ele>2823.7</ele>
        <time>2019-06-22T14:57:07Z</time>
      </trkpt>
      <trkpt lat="46.847644" lon="-121.701672">
        <ele>2822.8</ele>
        <time>2019-06-22T14:57:37Z</time>
      </trkpt>
      <trkpt lat="46.84764202684164" lon="-121.70168003998697">
        <ele>2822.8</ele>
        <time>2019-06-22T14:57:38Z</time>
      </trkpt>
      <trkpt lat="46.84759802184999" lon="-121.70173301361501">
        <ele>2827.9</ele>
        <time>2019-06-22T14:57:46Z</time>
      </trkpt>
      <trkpt lat="46.847574" lon="-121.70183">
        <ele>2833.9</ele>
        <time>2019-06-22T14:58:00Z</time>
      </trkpt>
      <trkpt lat="46.847608" lon="-121.701894">
        <ele>2830.2</ele>
        <time>2019-06-22T14:58:22Z</time>
      </trkpt>
      <trkpt lat="46.847575" lon="-121.702017">
        <ele>2831.1</ele>
        <time>2019-06-22T14:58:39Z</time>
      </trkpt>
      <trkpt lat="46.847566" lon="-121.702123">
        <ele>2835.8</ele>
        <time>2019-06-22T14:58:56Z</time>
      </trkpt>
      <trkpt lat="46.84755200520158" lon="-121.70214196667075">
        <ele>2840.1</ele>
        <time>2019-06-22T14:59:11Z</time>
      </trkpt>
      <trkpt lat="46.847508" lon="-121.702158">
        <ele>2844.0</ele>
        <time>2019-06-22T14:59:17Z</time>
      </trkpt>
      <trkpt lat="46.847487" lon="-121.702264">
        <ele>2843.4</ele>
        <time>2019-06-22T14:59:44Z</time>
      </trkpt>
      <trkpt lat="46.847494" lon="-121.702304">
        <ele>2844.0</ele>
        <time>2019-06-22T14:59:50Z</time>
      </trkpt>
      <trkpt lat="46.84746902436018" lon="-121.7023429647088">
        <ele>2845.9</ele>
        <time>2019-06-22T14:59:57Z</time>
      </trkpt>
      <trkpt lat="46.8474540207535" lon="-121.70239803381264">
        <ele>2847.3</ele>
        <time>2019-06-22T15:00:12Z</time>
      </trkpt>
      <trkpt lat="46.847448" lon="-121.702475">
        <ele>2847.6</ele>
        <time>2019-06-22T15:00:35Z</time>
      </trkpt>
      <trkpt lat="46.847464" lon="-121.702498">
        <ele>2847.9</ele>
        <time>2019-06-22T15:00:42Z</time>
      </trkpt>
      <trkpt lat="46.84744597412646" lon="-121.70254396274686">
        <ele>2848.8</ele>
        <time>2019-06-22T15:00:52Z</time>
      </trkpt>
      <trkpt lat="46.847456" lon="-121.702622">
        <ele>2849.5</ele>
        <time>2019-06-22T15:01:08Z</time>
      </trkpt>
      <trkpt lat="46.847483" lon="-121.702678">
        <ele>2851.2</ele>
        <time>2019-06-22T15:01:20Z</time>
      </trkpt>
      <trkpt lat="46.847502971068025" lon="-121.7026899755001">
        <ele>2850.8</ele>
        <time>2019-06-22T15:01:23Z</time>
      </trkpt>
      <trkpt lat="46.8475" lon="-121.702768">
        <ele>2853.3</ele>
        <time>2019-06-22T15:01:38Z</time>
      </trkpt>
      <trkpt lat="46.847517" lon="-121.702814">
        <ele>2859.6</ele>
        <time>2019-06-22T15:01:42Z</time>
      </trkpt>
      <trkpt lat="46.847478" lon="-121.702846">
        <ele>2861.2</ele>
        <time>2019-06-22T15:01:44Z</time>
      </trkpt>
      <trkpt lat="46.84748" lon="-121.702811">
        <ele>2861.8</ele>
        <time>2019-06-22T15:01:46Z</time>
      </trkpt>
      <trkpt lat="46.84749" lon="-121.70284">
        <ele>2862.7</ele>
        <time>2019-06-22T15:01:50Z</time>
      </trkpt>
      <trkpt lat="46.84748696163297" lon="-121.70287395827472">
        <ele>2862.8</ele>
        <time>2019-06-22T15:01:53Z</time>
      </trkpt>
      <trkpt lat="46.847467" lon="-121.702893">
        <ele>2863.5</ele>
        <time>2019-06-22T15:02:04Z</time>
      </trkpt>
      <trkpt lat="46.84746" lon="-121.702916">
        <ele>2867.4</ele>
        <time>2019-06-22T15:08:48Z</time>
      </trkpt>
      <trkpt lat="46.847439" lon="-121.702928">
        <ele>2867.8</ele>
        <time>2019-06-22T15:08:51Z</time>
      </trkpt>
      <trkpt lat="46.847412" lon="-121.702917">
        <ele>2867.7</ele>
        <time>2019-06-22T15:09:04Z</time>
      </trkpt>
      <trkpt lat="46.84740498661995" lon="-121.70294897630811">
        <ele>2868.2</ele>
        <time>2019-06-22T15:09:16Z</time>
      </trkpt>
      <trkpt lat="46.847385" lon="-121.702973">
        <ele>2869.0</ele>
        <time>2019-06-22T15:09:23Z</time>
      </trkpt>
      <trkpt lat="46.84736299328506" lon="-121.70297202654183">
        <ele>2871.1</ele>
        <time>2019-06-22T15:09:32Z</time>
      </trkpt>
      <trkpt lat="46.84732200577855" lon="-121.70301100239158">
        <ele>2870.6</ele>
        <time>2019-06-22T15:10:00Z</time>
      </trkpt>
      <trkpt lat="46.8472970277071" lon="-121.70308602042496">
        <ele>2873.0</ele>
        <time>2019-06-22T15:10:20Z</time>
      </trkpt>
      <trkpt lat="46.847302" lon="-121.703125">
        <ele>2873.0</ele>
        <time>2019-06-22T15:10:29Z</time>
      </trkpt>
      <trkpt lat="46.84728101827204" lon="-121.70313698239625">
        <ele>2873.8</ele>
        <time>2019-06-22T15:10:39Z</time>
      </trkpt>
      <trkpt lat="46.84726903215051" lon="-121.7031720187515">
        <ele>2873.7</ele>
        <time>2019-06-22T15:10:43Z</time>
      </trkpt>
      <trkpt lat="46.847268" lon="-121.703281">
        <ele>2871.9</ele>
        <time>2019-06-22T15:10:56Z</time>
      </trkpt>
      <trkpt lat="46.84724296443164" lon="-121.70331601984799">
        <ele>2870.9</ele>
        <time>2019-06-22T15:11:02Z</time>
      </trkpt>
      <trkpt lat="46.847148" lon="-121.703531">
        <ele>2872.8</ele>
        <time>2019-06-22T15:11:40Z</time>
      </trkpt>
      <trkpt lat="46.84711296111345" lon="-121.70354400761425">
        <ele>2876.7</ele>
        <time>2019-06-22T15:11:48Z</time>
      </trkpt>
      <trkpt lat="46.84709703549743" lon="-121.70357099734247">
        <ele>2879.4</ele>
        <time>2019-06-22T15:11:52Z</time>
      </trkpt>
      <trkpt lat="46.847074" lon="-121.70364">
        <ele>2878.0</ele>
        <time>2019-06-22T15:12:04Z</time>
      </trkpt>
      <trkpt lat="46.847072" lon="-121.703678">
        <ele>2879.4</ele>
        <time>2019-06-22T15:12:12Z</time>
      </trkpt>
      <trkpt lat="46.847037" lon="-121.703737">
        <ele>2882.2</ele>
        <time>2019-06-22T15:12:23Z</time>
      </trkpt>
      <trkpt lat="46.847025" lon="-121.703777">
        <ele>2883.3</ele>
        <time>2019-06-22T15:12:27Z</time>
      </trkpt>
      <trkpt lat="46.84703400358558" lon="-121.70380996540189">
        <ele>2883.4</ele>
        <time>2019-06-22T15:12:33Z</time>
      </trkpt>
      <trkpt lat="46.84707800857723" lon="-121.70384299010038">
        <ele>2881.3</ele>
        <time>2019-06-22T15:12:47Z</time>
      </trkpt>
      <trkpt lat="46.847079" lon="-121.703952">
        <ele>2882.7</ele>
        <time>2019-06-22T15:13:11Z</time>
      </trkpt>
      <trkpt lat="46.84708102606237" lon="-121.70396100729704">
        <ele>2881.7</ele>
        <time>2019-06-22T15:13:12Z</time>
      </trkpt>
      <trkpt lat="46.84706401079893" lon="-121.70399503782392">
        <ele>2886.4</ele>
        <time>2019-06-22T15:13:16Z</time>
      </trkpt>
      <trkpt lat="46.84704003855586" lon="-121.70400702394545">
        <ele>2888.2</ele>
        <time>2019-06-22T15:13:18Z</time>
      </trkpt>
      <trkpt lat="46.847103" lon="-121.704015">
        <ele>2885.7</ele>
        <time>2019-06-22T15:13:51Z</time>
      </trkpt>
      <trkpt lat="46.8471260368824" lon="-121.70402596704662">
        <ele>2886.3</ele>
        <time>2019-06-22T15:13:57Z</time>
      </trkpt>
      <trkpt lat="46.84714799746871" lon="-121.70405496843159">
        <ele>2887.9</ele>
        <time>2019-06-22T15:14:06Z</time>
      </trkpt>
      <trkpt lat="46.847159983590245" lon="-121.70408396981657">
        <ele>2889.4</ele>
        <time>2019-06-22T15:14:18Z</time>
      </trkpt>
      <trkpt lat="46.84714497998357" lon="-121.7041149828583">
        <ele>2892.0</ele>
        <time>2019-06-22T15:14:29Z</time>
      </trkpt>
      <trkpt lat="46.84709" lon="-121.704164">
        <ele>2902.2</ele>
        <time>2019-06-22T15:14:44Z</time>
      </trkpt>
      <trkpt lat="46.84711103327572" lon="-121.70418698340654">
        <ele>2898.8</ele>
        <time>2019-06-22T15:14:54Z</time>
      </trkpt>
      <trkpt lat="46.84712201356888" lon="-121.70426996424794">
        <ele>2900.3</ele>
        <time>2019-06-22T15:15:29Z</time>
      </trkpt>
      <trkpt lat="46.847175" lon="-121.704329">
        <ele>2900.8</ele>
        <time>2019-06-22T15:15:51Z</time>
      </trkpt>
      <trkpt lat="46.847181" lon="-121.704395">
        <ele>2898.2</ele>
        <time>2019-06-22T15:16:20Z</time>
      </trkpt>
      <trkpt lat="46.847168" lon="-121.704432">
        <ele>2900.6</ele>
        <time>2019-06-22T15:16:24Z</time>
      </trkpt>
      <trkpt lat="46.847160989418626" lon="-121.70443500392139">
        <ele>2901.9</ele>
        <time>2019-06-22T15:16:25Z</time>
      </trkpt>
      <trkpt lat="46.847184" lon="-121.704578">
        <ele>2910.6</ele>
        <time>2019-06-22T15:17:23Z</time>
      </trkpt>
      <trkpt lat="46.84718" lon="-121.704617">
        <ele>2915.9</ele>
        <time>2019-06-22T15:17:39Z</time>
      </trkpt>
      <trkpt lat="46.847153" lon="-121.704681">
        <ele>2921.7</ele>
        <time>2019-06-22T15:18:00Z</time>
      </trkpt>
      <trkpt lat="46.847174" lon="-121.704757">
        <ele>2925.8</ele>
        <time>2019-06-22T15:18:31Z</time>
      </trkpt>
      <trkpt lat="46.8471759930253" lon="-121.70479098334908">
        <ele>2927.6</ele>
        <time>2019-06-22T15:18:43Z</time>
      </trkpt>
      <trkpt lat="46.847162" lon="-121.704817">
        <ele>2929.8</ele>
        <time>2019-06-22T15:18:44Z</time>
      </trkpt>
      <trkpt lat="46.84718" lon="-121.704889">
        <ele>2929.6</ele>
        <time>2019-06-22T15:19:20Z</time>
      </trkpt>
      <trkpt lat="46.847161995247006" lon="-121.7049199808389">
        <ele>2931.9</ele>
        <time>2019-06-22T15:19:37Z</time>
      </trkpt>
      <trkpt lat="46.847164" lon="-121.704992">
        <ele>2934.6</ele>
        <time>2019-06-22T15:20:02Z</time>
      </trkpt>
      <trkpt lat="46.847138023003936" lon="-121.70504596084356">
        <ele>2942.7</ele>
        <time>2019-06-22T15:20:17Z</time>
      </trkpt>
      <trkpt lat="46.847135" lon="-121.705084">
        <ele>2943.1</ele>
        <time>2019-06-22T15:20:29Z</time>
      </trkpt>
      <trkpt lat="46.84716" lon="-121.705153">
        <ele>2940.5</ele>
        <time>2019-06-22T15:20:55Z</time>
      </trkpt>
      <trkpt lat="46.847139" lon="-121.705187">
        <ele>2942.8</ele>
        <time>2019-06-22T15:21:06Z</time>
      </trkpt>
      <trkpt lat="46.84713198803365" lon="-121.70522298663855">
        <ele>2943.0</ele>
        <time>2019-06-22T15:21:15Z</time>
      </trkpt>
      <trkpt lat="46.847160989418626" lon="-121.70532298274338">
        <ele>2947.8</ele>
        <time>2019-06-22T15:22:11Z</time>
      </trkpt>
      <trkpt lat="46.847137" lon="-121.705391">
        <ele>2953.7</ele>
        <time>2019-06-22T15:22:36Z</time>
      </trkpt>
      <trkpt lat="46.84715596027672" lon="-121.70540596358478">
        <ele>2952.3</ele>
        <time>2019-06-22T15:22:59Z</time>
      </trkpt>
      <trkpt lat="46.847163" lon="-121.705482">
        <ele>2955.5</ele>
        <time>2019-06-22T15:23:27Z</time>
      </trkpt>
      <trkpt lat="46.847156" lon="-121.705592">
        <ele>2966.9</ele>
        <time>2019-06-22T15:24:15Z</time>
      </trkpt>
      <trkpt lat="46.847169" lon="-121.705628">
        <ele>2965.3</ele>
        <time>2019-06-22T15:24:32Z</time>
      </trkpt>
      <trkpt lat="46.847171" lon="-121.705681">
        <ele>2965.6</ele>
        <time>2019-06-22T15:24:52Z</time>
      </trkpt>
      <trkpt lat="46.847185" lon="-121.705709">
        <ele>2965.8</ele>
        <time>2019-06-22T15:25:36Z</time>
      </trkpt>
      <trkpt lat="46.847207" lon="-121.705716">
        <ele>2967.2</ele>
        <time>2019-06-22T15:25:47Z</time>
      </trkpt>
      <trkpt lat="46.847223015502095" lon="-121.70574098825455">
        <ele>2970.6</ele>
        <time>2019-06-22T15:26:04Z</time>
      </trkpt>
      <trkpt lat="46.847248" lon="-121.705806">
        <ele>2977.1</ele>
        <time>2019-06-22T15:26:38Z</time>
      </trkpt>
      <trkpt lat="46.84725" lon="-121.705846">
        <ele>2982.4</ele>
        <time>2019-06-22T15:26:57Z</time>
      </trkpt>
      <trkpt lat="46.847317" lon="-121.70586">
        <ele>2984.0</ele>
        <time>2019-06-22T15:27:56Z</time>
      </trkpt>
      <trkpt lat="46.847357" lon="-121.705887">
        <ele>2983.0</ele>
        <time>2019-06-22T15:28:14Z</time>
      </trkpt>
      <trkpt lat="46.847411" lon="-121.705889">
        <ele>2985.9</ele>
        <time>2019-06-22T15:28:44Z</time>
      </trkpt>
      <trkpt lat="46.84744102880359" lon="-121.70587400905788">
        <ele>2984.7</ele>
        <time>2019-06-22T15:28:47Z</time>
      </trkpt>
      <trkpt lat="46.847445" lon="-121.705911">
        <ele>2987.6</ele>
        <time>2019-06-22T15:29:07Z</time>
      </trkpt>
      <trkpt lat="46.84751696884632" lon="-121.70595296658576">
        <ele>2990.2</ele>
        <time>2019-06-22T15:29:36Z</time>
      </trkpt>
      <trkpt lat="46.847539" lon="-121.705934">
        <ele>2996.5</ele>
        <time>2019-06-22T15:29:48Z</time>
      </trkpt>
      <trkpt lat="46.84756197966635" lon="-121.70595196075737">
        <ele>2996.9</ele>
        <time>2019-06-22T15:29:59Z</time>
      </trkpt>
      <trkpt lat="46.847587" lon="-121.705927">
        <ele>2997.5</ele>
        <time>2019-06-22T15:30:10Z</time>
      </trkpt>
      <trkpt lat="46.847635" lon="-121.705907">
        <ele>3003.1</ele>
        <time>2019-06-22T15:30:26Z</time>
      </trkpt>
      <trkpt lat="46.847673039883375" lon="-121.7058679740876">
        <ele>3005.3</ele>
        <time>2019-06-22T15:30:32Z</time>
      </trkpt>
      <trkpt lat="46.84768301434815" lon="-121.70583696104586">
        <ele>3005.4</ele>
        <time>2019-06-22T15:30:49Z</time>
      </trkpt>
      <trkpt lat="46.84773498214781" lon="-121.70579697936773">
        <ele>3006.0</ele>
        <time>2019-06-22T15:30:59Z</time>
      </trkpt>
      <trkpt lat="46.84777203015983" lon="-121.70573595911264">
        <ele>3004.2</ele>
        <time>2019-06-22T15:31:09Z</time>
      </trkpt>
      <trkpt lat="46.84778502210975" lon="-121.70567301101983">
        <ele>3002.9</ele>
        <time>2019-06-22T15:31:24Z</time>
      </trkpt>
      <trkpt lat="46.847784" lon="-121.705561">
        <ele>3004.2</ele>
        <time>2019-06-22T15:31:36Z</time>
      </trkpt>
      <trkpt lat="46.84775602072477" lon="-121.70552900992334">
        <ele>3002.6</ele>
        <time>2019-06-22T15:31:44Z</time>
      </trkpt>
      <trkpt lat="46.847757026553154" lon="-121.70549196191132">
        <ele>3004.6</ele>
        <time>2019-06-22T15:31:50Z</time>
      </trkpt>
      <trkpt lat="46.84774" lon="-121.705467">
        <ele>3003.6</ele>
        <time>2019-06-22T15:31:58Z</time>
      </trkpt>
      <trkpt lat="46.847732" lon="-121.705425">
        <ele>3005.3</ele>
        <time>2019-06-22T15:50:06Z</time>
      </trkpt>
      <trkpt lat="46.84771100990474" lon="-121.7054480407387">
        <ele>3004.8</ele>
        <time>2019-06-22T15:51:16Z</time>
      </trkpt>
      <trkpt lat="46.84775199741125" lon="-121.70549103990197">
        <ele>3003.5</ele>
        <time>2019-06-22T15:57:18Z</time>
      </trkpt>
      <trkpt lat="46.847805" lon="-121.705581">
        <ele>3000.4</ele>
        <time>2019-06-22T15:57:39Z</time>
      </trkpt>
      <trkpt lat="46.84783497825265" lon="-121.70560603961349">
        <ele>3002.0</ele>
        <time>2019-06-22T15:57:47Z</time>
      </trkpt>
      <trkpt lat="46.847844030708075" lon="-121.70567703433335">
        <ele>3003.1</ele>
        <time>2019-06-22T15:58:03Z</time>
      </trkpt>
      <trkpt lat="46.84783900156617" lon="-121.70574702322483">
        <ele>3007.1</ele>
        <time>2019-06-22T15:58:20Z</time>
      </trkpt>
      <trkpt lat="46.847887" lon="-121.705817">
        <ele>3004.2</ele>
        <time>2019-06-22T15:58:44Z</time>
      </trkpt>
      <trkpt lat="46.84789398685098" lon="-121.70582296326756">
        <ele>3004.2</ele>
        <time>2019-06-22T15:58:46Z</time>
      </trkpt>
      <trkpt lat="46.847925" lon="-121.705824">
        <ele>3008.1</ele>
        <time>2019-06-22T15:59:01Z</time>
      </trkpt>
      <trkpt lat="46.84792399406433" lon="-121.70586001127958">
        <ele>3010.6</ele>
        <time>2019-06-22T15:59:09Z</time>
      </trkpt>
      <trkpt lat="46.847959" lon="-121.705955">
        <ele>3017.6</ele>
        <time>2019-06-22T15:59:48Z</time>
      </trkpt>
      <trkpt lat="46.84801200404763" lon="-121.70599797740579">
        <ele>3016.3</ele>
        <time>2019-06-22T16:00:11Z</time>
      </trkpt>
      <trkpt lat="46.84803" lon="-121.706109">
        <ele>3025.3</ele>
        <time>2019-06-22T16:01:00Z</time>
      </trkpt>
      <trkpt lat="46.848079" lon="-121.706187">
        <ele>3025.6</ele>
        <time>2019-06-22T16:01:20Z</time>
      </trkpt>
      <trkpt lat="46.84809297323227" lon="-121.70622403733432">
        <ele>3032.9</ele>
        <time>2019-06-22T16:01:47Z</time>
      </trkpt>
      <trkpt lat="46.84816296212375" lon="-121.70627198182046">
        <ele>3033.3</ele>
        <time>2019-06-22T16:02:27Z</time>
      </trkpt>
      <trkpt lat="46.848174" lon="-121.706345">
        <ele>3037.3</ele>
        <time>2019-06-22T16:02:51Z</time>
      </trkpt>
      <trkpt lat="46.84818601235747" lon="-121.7063719779253">
        <ele>3035.5</ele>
        <time>2019-06-22T16:02:55Z</time>
      </trkpt>
      <trkpt lat="46.848216" lon="-121.706377">
        <ele>3035.3</ele>
        <time>2019-06-22T16:03:01Z</time>
      </trkpt>
      <trkpt lat="46.84820202179253" lon="-121.70639402233064">
        <ele>3039.1</ele>
        <time>2019-06-22T16:03:17Z</time>
      </trkpt>
      <trkpt lat="46.848224" lon="-121.706459">
        <ele>3038.3</ele>
        <time>2019-06-22T16:03:31Z</time>
      </trkpt>
      <trkpt lat="46.848215" lon="-121.706492">
        <ele>3043.2</ele>
        <time>2019-06-22T16:03:44Z</time>
      </trkpt>
      <trkpt lat="46.84822800569236" lon="-121.70652503147721">
        <ele>3042.0</ele>
        <time>2019-06-22T16:03:54Z</time>
      </trkpt>
      <trkpt lat="46.84824803844094" lon="-121.70653902925551">
        <ele>3045.4</ele>
        <time>2019-06-22T16:04:07Z</time>
      </trkpt>
      <trkpt lat="46.848259" lon="-121.706576">
        <ele>3045.0</ele>
        <time>2019-06-22T16:04:16Z</time>
      </trkpt>
      <trkpt lat="46.848253" lon="-121.706604">
        <ele>3048.8</ele>
        <time>2019-06-22T16:04:29Z</time>
      </trkpt>
      <trkpt lat="46.848265" lon="-121.706636">
        <ele>3051.6</ele>
        <time>2019-06-22T16:04:41Z</time>
      </trkpt>
      <trkpt lat="46.848254" lon="-121.706672">
        <ele>3053.8</ele>
        <time>2019-06-22T16:04:47Z</time>
      </trkpt>
      <trkpt lat="46.84828198514879" lon="-121.70673097483814">
        <ele>3055.8</ele>
        <time>2019-06-22T16:05:04Z</time>
      </trkpt>
      <trkpt lat="46.848278967663646" lon="-121.70676902867854">
        <ele>3058.8</ele>
        <time>2019-06-22T16:05:25Z</time>
      </trkpt>
      <trkpt lat="46.848308974877" lon="-121.70679199509323">
        <ele>3058.7</ele>
        <time>2019-06-22T16:05:50Z</time>
      </trkpt>
      <trkpt lat="46.84833101928234" lon="-121.7068209964782">
        <ele>3058.5</ele>
        <time>2019-06-22T16:06:01Z</time>
      </trkpt>
      <trkpt lat="46.84835700318217" lon="-121.70688604004681">
        <ele>3055.8</ele>
        <time>2019-06-22T16:06:19Z</time>
      </trkpt>
      <trkpt lat="46.848345" lon="-121.707033">
        <ele>3062.3</ele>
        <time>2019-06-22T16:07:08Z</time>
      </trkpt>
      <trkpt lat="46.848394" lon="-121.707127">
        <ele>3070.2</ele>
        <time>2019-06-22T16:07:54Z</time>
      </trkpt>
      <trkpt lat="46.848414" lon="-121.707149">
        <ele>3069.7</ele>
        <time>2019-06-22T16:08:10Z</time>
      </trkpt>
      <trkpt lat="46.84841" lon="-121.707186">
        <ele>3072.7</ele>
        <time>2019-06-22T16:08:16Z</time>
      </trkpt>
      <trkpt lat="46.84839497320354" lon="-121.70720597729087">
        <ele>3075.0</ele>
        <time>2019-06-22T16:08:21Z</time>
      </trkpt>
      <trkpt lat="46.848401" lon="-121.707246">
        <ele>3075.7</ele>
        <time>2019-06-22T16:08:35Z</time>
      </trkpt>
      <trkpt lat="46.848447024822235" lon="-121.7072840128094">
        <ele>3083.6</ele>
        <time>2019-06-22T16:09:30Z</time>
      </trkpt>
      <trkpt lat="46.848448030650616" lon="-121.70731703750789">
        <ele>3082.6</ele>
        <time>2019-06-22T16:09:37Z</time>
      </trkpt>
      <trkpt lat="46.848429" lon="-121.707341">
        <ele>3084.8</ele>
        <time>2019-06-22T16:09:43Z</time>
      </trkpt>
      <trkpt lat="46.848479" lon="-121.707418">
        <ele>3089.2</ele>
        <time>2019-06-22T16:10:44Z</time>
      </trkpt>
      <trkpt lat="46.848489" lon="-121.707444">
        <ele>3093.1</ele>
        <time>2019-06-22T16:11:37Z</time>
      </trkpt>
      <trkpt lat="46.84850502759218" lon="-121.70745802111924">
        <ele>3092.8</ele>
        <time>2019-06-22T16:11:44Z</time>
      </trkpt>
      <trkpt lat="46.848521" lon="-121.707527">
        <ele>3099.9</ele>
        <time>2019-06-22T16:12:09Z</time>
      </trkpt>
      <trkpt lat="46.84851" lon="-121.707563">
        <ele>3102.9</ele>
        <time>2019-06-22T16:12:18Z</time>
      </trkpt>
      <trkpt lat="46.848539" lon="-121.707633">
        <ele>3099.2</ele>
        <time>2019-06-22T16:12:44Z</time>
      </trkpt>
      <trkpt lat="46.848549" lon="-121.707675">
        <ele>3102.2</ele>
        <time>2019-06-22T16:13:05Z</time>
      </trkpt>
      <trkpt lat="46.84852296486497" lon="-121.7076669819653">
        <ele>3103.9</ele>
        <time>2019-06-22T16:13:12Z</time>
      </trkpt>
      <trkpt lat="46.84854500927031" lon="-121.7076860088855">
        <ele>3105.0</ele>
        <time>2019-06-22T16:14:01Z</time>
      </trkpt>
      <trkpt lat="46.84854802675545" lon="-121.70772397890687">
        <ele>3110.6</ele>
        <time>2019-06-22T16:14:19Z</time>
      </trkpt>
      <trkpt lat="46.848577" lon="-121.707766">
        <ele>3111.8</ele>
        <time>2019-06-22T16:14:35Z</time>
      </trkpt>
      <trkpt lat="46.848569" lon="-121.707812">
        <ele>3114.2</ele>
        <time>2019-06-22T16:14:57Z</time>
      </trkpt>
      <trkpt lat="46.84856101870537" lon="-121.70782699249685">
        <ele>3114.0</ele>
        <time>2019-06-22T16:14:58Z</time>
      </trkpt>
      <trkpt lat="46.848515" lon="-121.707863">
        <ele>3119.3</ele>
        <time>2019-06-22T16:15:08Z</time>
      </trkpt>
      <trkpt lat="46.84849999845028" lon="-121.70789597555995">
        <ele>3123.1</ele>
        <time>2019-06-22T16:15:15Z</time>
      </trkpt>
      <trkpt lat="46.848521" lon="-121.707916">
        <ele>3125.4</ele>
        <time>2019-06-22T16:15:28Z</time>
      </trkpt>
      <trkpt lat="46.848563" lon="-121.707916">
        <ele>3121.2</ele>
        <time>2019-06-22T16:15:39Z</time>
      </trkpt>
      <trkpt lat="46.848588" lon="-121.707932">
        <ele>3122.5</ele>
        <time>2019-06-22T16:16:20Z</time>
      </trkpt>
      <trkpt lat="46.84859" lon="-121.707974">
        <ele>3123.6</ele>
        <time>2019-06-22T16:16:35Z</time>
      </trkpt>
      <trkpt lat="46.848608" lon="-121.707999">
        <ele>3121.4</ele>
        <time>2019-06-22T16:16:51Z</time>
      </trkpt>
      <trkpt lat="46.84863503091037" lon="-121.70799798332155">
        <ele>3121.4</ele>
        <time>2019-06-22T16:16:57Z</time>
      </trkpt>
      <trkpt lat="46.848618015646935" lon="-121.70802597887814">
        <ele>3125.2</ele>
        <time>2019-06-22T16:17:07Z</time>
      </trkpt>
      <trkpt lat="46.848628" lon="-121.70806">
        <ele>3124.1</ele>
        <time>2019-06-22T16:17:26Z</time>
      </trkpt>
      <trkpt lat="46.84861499816179" lon="-121.70809202827513">
        <ele>3126.1</ele>
        <time>2019-06-22T16:17:36Z</time>
      </trkpt>
      <trkpt lat="46.848628" lon="-121.708127">
        <ele>3127.9</ele>
        <time>2019-06-22T16:17:44Z</time>
      </trkpt>
      <trkpt lat="46.848669" lon="-121.708141">
        <ele>3125.6</ele>
        <time>2019-06-22T16:18:14Z</time>
      </trkpt>
      <trkpt lat="46.848688" lon="-121.708169">
        <ele>3135.1</ele>
        <time>2019-06-22T16:18:29Z</time>
      </trkpt>
      <trkpt lat="46.84867400676012" lon="-121.70819998718798">
        <ele>3135.4</ele>
        <time>2019-06-22T16:18:49Z</time>
      </trkpt>
      <trkpt lat="46.848689" lon="-121.708273">
        <ele>3133.1</ele>
        <time>2019-06-22T16:19:15Z</time>
      </trkpt>
      <trkpt lat="46.848667" lon="-121.708301">
        <ele>3132.0</ele>
        <time>2019-06-22T16:19:49Z</time>
      </trkpt>
      <trkpt lat="46.84865397401154" lon="-121.70830300077796">
        <ele>3135.5</ele>
        <time>2019-06-22T16:19:51Z</time>
      </trkpt>
      <trkpt lat="46.848671" lon="-121.708334">
        <ele>3138.3</ele>
        <time>2019-06-22T16:20:05Z</time>
      </trkpt>
      <trkpt lat="46.848691" lon="-121.708355">
        <ele>3137.0</ele>
        <time>2019-06-22T16:20:11Z</time>
      </trkpt>
      <trkpt lat="46.84871499426663" lon="-121.70835999771953">
        <ele>3141.3</ele>
        <time>2019-06-22T16:20:34Z</time>
      </trkpt>
      <trkpt lat="46.848703008145094" lon="-121.70838598161936">
        <ele>3138.6</ele>
        <time>2019-06-22T16:20:40Z</time>
      </trkpt>
      <trkpt lat="46.848684987053275" lon="-121.70838598161936">
        <ele>3138.7</ele>
        <time>2019-06-22T16:20:44Z</time>
      </trkpt>
      <trkpt lat="46.84868" lon="-121.708351">
        <ele>3145.2</ele>
        <time>2019-06-22T16:20:48Z</time>
      </trkpt>
      <trkpt lat="46.848703008145094" lon="-121.70837600715458">
        <ele>3150.0</ele>
        <time>2019-06-22T16:20:59Z</time>
      </trkpt>
      <trkpt lat="46.8487" lon="-121.708423">
        <ele>3150.4</ele>
        <time>2019-06-22T16:21:10Z</time>
      </trkpt>
      <trkpt lat="46.848686998710036" lon="-121.70845697633922">
        <ele>3151.5</ele>
        <time>2019-06-22T16:21:25Z</time>
      </trkpt>
      <trkpt lat="46.84871197678149" lon="-121.70844700187445">
        <ele>3150.7</ele>
        <time>2019-06-22T16:21:51Z</time>
      </trkpt>
      <trkpt lat="46.848737" lon="-121.708506">
        <ele>3150.0</ele>
        <time>2019-06-22T16:22:05Z</time>
      </trkpt>
      <trkpt lat="46.84880401007831" lon="-121.7085129674524">
        <ele>3154.8</ele>
        <time>2019-06-22T16:22:16Z</time>
      </trkpt>
      <trkpt lat="46.848791018128395" lon="-121.70858597382903">
        <ele>3156.0</ele>
        <time>2019-06-22T16:22:56Z</time>
      </trkpt>
      <trkpt lat="46.848821" lon="-121.708637">
        <ele>3157.1</ele>
        <time>2019-06-22T16:23:13Z</time>
      </trkpt>
      <trkpt lat="46.84884700924158" lon="-121.70863299630582">
        <ele>3154.5</ele>
        <time>2019-06-22T16:23:14Z</time>
      </trkpt>
      <trkpt lat="46.84884399175644" lon="-121.70865998603404">
        <ele>3162.8</ele>
        <time>2019-06-22T16:24:00Z</time>
      </trkpt>
      <trkpt lat="46.84880702756345" lon="-121.70867800712585">
        <ele>3162.3</ele>
        <time>2019-06-22T16:24:03Z</time>
      </trkpt>
      <trkpt lat="46.84886896982789" lon="-121.7087309807539">
        <ele>3167.7</ele>
        <time>2019-06-22T16:24:23Z</time>
      </trkpt>
      <trkpt lat="46.848852" lon="-121.70876">
        <ele>3167.1</ele>
        <time>2019-06-22T16:25:23Z</time>
      </trkpt>
      <trkpt lat="46.84889403171837" lon="-121.70874196104705">
        <ele>3169.4</ele>
        <time>2019-06-22T16:25:41Z</time>
      </trkpt>
      <trkpt lat="46.84892403893173" lon="-121.70877800323069">
        <ele>3166.0</ele>
        <time>2019-06-22T16:28:47Z</time>
      </trkpt>
      <trkpt lat="46.84895002283156" lon="-121.70879803597927">
        <ele>3170.1</ele>
        <time>2019-06-22T16:28:56Z</time>
      </trkpt>
      <trkpt lat="46.84893895871937" lon="-121.70882603153586">
        <ele>3176.5</ele>
        <time>2019-06-22T16:29:47Z</time>
      </trkpt>
      <trkpt lat="46.84894599951804" lon="-121.70884899795055">
        <ele>3176.6</ele>
        <time>2019-06-22T16:29:49Z</time>
      </trkpt>
      <trkpt lat="46.84901900589466" lon="-121.70884899795055">
        <ele>3179.0</ele>
        <time>2019-06-22T16:30:34Z</time>
      </trkpt>
      <trkpt lat="46.848899" lon="-121.70914">
        <ele>3203.4</ele>
        <time>2019-06-22T16:30:35Z</time>
      </trkpt>
      <trkpt lat="46.84890601783991" lon="-121.70914303511381">
        <ele>3203.9</ele>
        <time>2019-06-22T16:30:36Z</time>
      </trkpt>
      <trkpt lat="46.849029986187816" lon="-121.7091110162437">
        <ele>3189.1</ele>
        <time>2019-06-22T16:30:37Z</time>
      </trkpt>
      <trkpt lat="46.84886695817113" lon="-121.70906097628176">
        <ele>3210.9</ele>
        <time>2019-06-22T16:30:38Z</time>
      </trkpt>
      <trkpt lat="46.849008" lon="-121.708848">
        <ele>3181.1</ele>
        <time>2019-06-22T16:30:39Z</time>
      </trkpt>
      <trkpt lat="46.848982" lon="-121.708909">
        <ele>3183.7</ele>
        <time>2019-06-22T16:30:52Z</time>
      </trkpt>
      <trkpt lat="46.84898296371102" lon="-121.70894597657025">
        <ele>3184.2</ele>
        <time>2019-06-22T16:30:58Z</time>
      </trkpt>
      <trkpt lat="46.84896603226662" lon="-121.70897397212684">
        <ele>3186.7</ele>
        <time>2019-06-22T16:31:08Z</time>
      </trkpt>
      <trkpt lat="46.849004002287984" lon="-121.70899702236056">
        <ele>3194.7</ele>
        <time>2019-06-22T16:31:44Z</time>
      </trkpt>
      <trkpt lat="46.848989" lon="-121.709061">
        <ele>3197.4</ele>
        <time>2019-06-22T16:32:37Z</time>
      </trkpt>
      <trkpt lat="46.848994" lon="-121.709094">
        <ele>3197.4</ele>
        <time>2019-06-22T16:32:49Z</time>
      </trkpt>
      <trkpt lat="46.848977" lon="-121.709122">
        <ele>3206.9</ele>
        <time>2019-06-22T16:33:47Z</time>
      </trkpt>
      <trkpt lat="46.8489530403167" lon="-121.70911998488009">
        <ele>3208.6</ele>
        <time>2019-06-22T16:33:50Z</time>
      </trkpt>
      <trkpt lat="46.84899503365159" lon="-121.70917295850813">
        <ele>3205.7</ele>
        <time>2019-06-22T16:34:20Z</time>
      </trkpt>
      <trkpt lat="46.849025" lon="-121.709232">
        <ele>3208.5</ele>
        <time>2019-06-22T16:34:42Z</time>
      </trkpt>
      <trkpt lat="46.84902001172304" lon="-121.70927102677524">
        <ele>3210.1</ele>
        <time>2019-06-22T16:35:09Z</time>
      </trkpt>
      <trkpt lat="46.849078" lon="-121.709336">
        <ele>3209.0</ele>
        <time>2019-06-22T16:36:26Z</time>
      </trkpt>
      <trkpt lat="46.849105" lon="-121.709348">
        <ele>3211.8</ele>
        <time>2019-06-22T16:36:36Z</time>
      </trkpt>
      <trkpt lat="46.849090000614524" lon="-121.70934797264636">
        <ele>3212.0</ele>
        <time>2019-06-22T16:36:38Z</time>
      </trkpt>
      <trkpt lat="46.84907700866461" lon="-121.70937999151647">
        <ele>3214.9</ele>
        <time>2019-06-22T16:37:16Z</time>
      </trkpt>
      <trkpt lat="46.849072985351086" lon="-121.70941603370011">
        <ele>3214.2</ele>
        <time>2019-06-22T16:37:32Z</time>
      </trkpt>
      <trkpt lat="46.849093018099666" lon="-121.70942801982164">
        <ele>3214.7</ele>
        <time>2019-06-22T16:37:37Z</time>
      </trkpt>
      <trkpt lat="46.849116" lon="-121.709419">
        <ele>3213.6</ele>
        <time>2019-06-22T16:37:41Z</time>
      </trkpt>
      <trkpt lat="46.849095" lon="-121.709395">
        <ele>3212.6</ele>
        <time>2019-06-22T16:37:49Z</time>
      </trkpt>
      <trkpt lat="46.84908203780651" lon="-121.70942299067974">
        <ele>3219.1</ele>
        <time>2019-06-22T16:38:46Z</time>
      </trkpt>
      <trkpt lat="46.84910198673606" lon="-121.70946196652949">
        <ele>3222.5</ele>
        <time>2019-06-22T16:39:05Z</time>
      </trkpt>
      <trkpt lat="46.84908698312938" lon="-121.7094990145415">
        <ele>3225.9</ele>
        <time>2019-06-22T16:39:39Z</time>
      </trkpt>
      <trkpt lat="46.8491190019995" lon="-121.70960303395987">
        <ele>3232.8</ele>
        <time>2019-06-22T16:40:11Z</time>
      </trkpt>
      <trkpt lat="46.849083" lon="-121.709656">
        <ele>3235.9</ele>
        <time>2019-06-22T16:41:12Z</time>
      </trkpt>
      <trkpt lat="46.84907600283623" lon="-121.70969498343766">
        <ele>3240.2</ele>
        <time>2019-06-22T16:41:20Z</time>
      </trkpt>
      <trkpt lat="46.849129" lon="-121.709785">
        <ele>3240.4</ele>
        <time>2019-06-22T16:42:42Z</time>
      </trkpt>
      <trkpt lat="46.849134005606174" lon="-121.70982096344233">
        <ele>3243.6</ele>
        <time>2019-06-22T16:43:00Z</time>
      </trkpt>
      <trkpt lat="46.849111039191484" lon="-121.70983898453414">
        <ele>3248.7</ele>
        <time>2019-06-22T16:43:21Z</time>
      </trkpt>
      <trkpt lat="46.84910198673606" lon="-121.70987301506102">
        <ele>3250.8</ele>
        <time>2019-06-22T16:43:35Z</time>
      </trkpt>
      <trkpt lat="46.84908203780651" lon="-121.70985700562596">
        <ele>3254.8</ele>
        <time>2019-06-22T16:44:04Z</time>
      </trkpt>
      <trkpt lat="46.849077" lon="-121.709918">
        <ele>3253.5</ele>
        <time>2019-06-22T16:44:16Z</time>
      </trkpt>
      <trkpt lat="46.849087" lon="-121.709949">
        <ele>3253.0</ele>
        <time>2019-06-22T16:44:20Z</time>
      </trkpt>
      <trkpt lat="46.84907700866461" lon="-121.71001902781427">
        <ele>3257.8</ele>
        <time>2019-06-22T16:45:01Z</time>
      </trkpt>
      <trkpt lat="46.849025040864944" lon="-121.71005498617887">
        <ele>3268.6</ele>
        <time>2019-06-22T16:45:59Z</time>
      </trkpt>
      <trkpt lat="46.849011965096" lon="-121.71009002253413">
        <ele>3270.3</ele>
        <time>2019-06-22T16:46:18Z</time>
      </trkpt>
      <trkpt lat="46.849007" lon="-121.710183">
        <ele>3269.7</ele>
        <time>2019-06-22T16:53:38Z</time>
      </trkpt>
      <trkpt lat="46.849014" lon="-121.710219">
        <ele>3270.4</ele>
        <time>2019-06-22T16:55:20Z</time>
      </trkpt>
      <trkpt lat="46.84902001172304" lon="-121.71018498949707">
        <ele>3271.6</ele>
        <time>2019-06-22T17:07:12Z</time>
      </trkpt>
      <trkpt lat="46.849071" lon="-121.710272">
        <ele>3273.7</ele>
        <time>2019-06-22T17:08:47Z</time>
      </trkpt>
      <trkpt lat="46.849048" lon="-121.71029">
        <ele>3276.8</ele>
        <time>2019-06-22T17:09:03Z</time>
      </trkpt>
      <trkpt lat="46.849051024764776" lon="-121.71032697893679">
        <ele>3277.9</ele>
        <time>2019-06-22T17:09:22Z</time>
      </trkpt>
      <trkpt lat="46.849094" lon="-121.710429">
        <ele>3284.2</ele>
        <time>2019-06-22T17:10:06Z</time>
      </trkpt>
      <trkpt lat="46.84909796342254" lon="-121.71042404137552">
        <ele>3282.7</ele>
        <time>2019-06-22T17:10:07Z</time>
      </trkpt>
      <trkpt lat="46.849153032526374" lon="-121.71041498892009">
        <ele>3284.8</ele>
        <time>2019-06-22T17:10:41Z</time>
      </trkpt>
      <trkpt lat="46.849153032526374" lon="-121.71045295894146">
        <ele>3286.9</ele>
        <time>2019-06-22T17:10:53Z</time>
      </trkpt>
      <trkpt lat="46.84917197562754" lon="-121.7104800324887">
        <ele>3286.9</ele>
        <time>2019-06-22T17:11:32Z</time>
      </trkpt>
      <trkpt lat="46.849242" lon="-121.710537">
        <ele>3295.0</ele>
        <time>2019-06-22T17:15:53Z</time>
      </trkpt>
      <trkpt lat="46.849255" lon="-121.710506">
        <ele>3291.7</ele>
        <time>2019-06-22T17:16:18Z</time>
      </trkpt>
      <trkpt lat="46.849275" lon="-121.710533">
        <ele>3294.5</ele>
        <time>2019-06-22T17:17:42Z</time>
      </trkpt>
      <trkpt lat="46.84929803945124" lon="-121.71054599806666">
        <ele>3296.8</ele>
        <time>2019-06-22T17:17:49Z</time>
      </trkpt>
      <trkpt lat="46.849282" lon="-121.710577">
        <ele>3300.1</ele>
        <time>2019-06-22T17:18:08Z</time>
      </trkpt>
      <trkpt lat="46.849349" lon="-121.710599">
        <ele>3304.3</ele>
        <time>2019-06-22T17:19:16Z</time>
      </trkpt>
      <trkpt lat="46.849362" lon="-121.710626">
        <ele>3304.6</ele>
        <time>2019-06-22T17:19:26Z</time>
      </trkpt>
      <trkpt lat="46.84936299920082" lon="-121.71066300943494">
        <ele>3307.4</ele>
        <time>2019-06-22T17:19:55Z</time>
      </trkpt>
      <trkpt lat="46.849322" lon="-121.710752">
        <ele>3318.0</ele>
        <time>2019-06-22T17:20:48Z</time>
      </trkpt>
      <trkpt lat="46.849352018907666" lon="-121.71077398583293">
        <ele>3317.1</ele>
        <time>2019-06-22T17:20:54Z</time>
      </trkpt>
      <trkpt lat="46.849373979493976" lon="-121.71082897111773">
        <ele>3321.5</ele>
        <time>2019-06-22T17:21:29Z</time>
      </trkpt>
      <trkpt lat="46.84939996339381" lon="-121.71082897111773">
        <ele>3322.0</ele>
        <time>2019-06-22T17:21:43Z</time>
      </trkpt>
      <trkpt lat="46.849423" lon="-121.710812">
        <ele>3320.6</ele>
        <time>2019-06-22T17:22:21Z</time>
      </trkpt>
      <trkpt lat="46.849417" lon="-121.710848">
        <ele>3320.6</ele>
        <time>2019-06-22T17:24:03Z</time>
      </trkpt>
      <trkpt lat="46.8493970297277" lon="-121.71087398193777">
        <ele>3323.6</ele>
        <time>2019-06-22T17:24:11Z</time>
      </trkpt>
      <trkpt lat="46.849413961172104" lon="-121.71091304160655">
        <ele>3322.1</ele>
        <time>2019-06-22T17:24:24Z</time>
      </trkpt>
      <trkpt lat="46.849459977820516" lon="-121.71095897443593">
        <ele>3328.9</ele>
        <time>2019-06-22T17:25:09Z</time>
      </trkpt>
      <trkpt lat="46.849454" lon="-121.710991">
        <ele>3335.4</ele>
        <time>2019-06-22T17:25:44Z</time>
      </trkpt>
      <trkpt lat="46.849408" lon="-121.71103">
        <ele>3347.4</ele>
        <time>2019-06-22T17:27:23Z</time>
      </trkpt>
      <trkpt lat="46.8494" lon="-121.711106">
        <ele>3346.4</ele>
        <time>2019-06-22T17:28:23Z</time>
      </trkpt>
      <trkpt lat="46.84942200779915" lon="-121.71113700605929">
        <ele>3342.4</ele>
        <time>2019-06-22T17:28:28Z</time>
      </trkpt>
      <trkpt lat="46.849445" lon="-121.711203">
        <ele>3339.2</ele>
        <time>2019-06-22T17:28:52Z</time>
      </trkpt>
      <trkpt lat="46.84946400113404" lon="-121.71122199855745">
        <ele>3339.7</ele>
        <time>2019-06-22T17:28:59Z</time>
      </trkpt>
      <trkpt lat="46.849477998912334" lon="-121.71133398078382">
        <ele>3344.9</ele>
        <time>2019-06-22T17:29:49Z</time>
      </trkpt>
      <trkpt lat="46.849514" lon="-121.711384">
        <ele>3348.2</ele>
        <time>2019-06-22T17:30:26Z</time>
      </trkpt>
      <trkpt lat="46.84953901916742" lon="-121.71139801852405">
        <ele>3352.8</ele>
        <time>2019-06-22T17:30:42Z</time>
      </trkpt>
      <trkpt lat="46.84958101250231" lon="-121.71137697994709">
        <ele>3361.6</ele>
        <time>2019-06-22T17:31:44Z</time>
      </trkpt>
      <trkpt lat="46.84960498474538" lon="-121.711389971897">
        <ele>3361.8</ele>
        <time>2019-06-22T17:31:55Z</time>
      </trkpt>
      <trkpt lat="46.849604" lon="-121.711433">
        <ele>3360.1</ele>
        <time>2019-06-22T17:32:10Z</time>
      </trkpt>
      <trkpt lat="46.84959299862385" lon="-121.71148401685059">
        <ele>3358.2</ele>
        <time>2019-06-22T17:32:40Z</time>
      </trkpt>
      <trkpt lat="46.84957296587527" lon="-121.71150497160852">
        <ele>3362.6</ele>
        <time>2019-06-22T17:32:49Z</time>
      </trkpt>
      <trkpt lat="46.84956902638078" lon="-121.71157303266227">
        <ele>3363.1</ele>
        <time>2019-06-22T17:32:59Z</time>
      </trkpt>
      <trkpt lat="46.849536" lon="-121.711611">
        <ele>3365.2</ele>
        <time>2019-06-22T17:33:26Z</time>
      </trkpt>
      <trkpt lat="46.849547" lon="-121.711646">
        <ele>3367.0</ele>
        <time>2019-06-22T17:33:39Z</time>
      </trkpt>
      <trkpt lat="46.849532" lon="-121.711678">
        <ele>3368.6</ele>
        <time>2019-06-22T17:33:57Z</time>
      </trkpt>
      <trkpt lat="46.84955704025924" lon="-121.71166900545359">
        <ele>3365.7</ele>
        <time>2019-06-22T17:34:32Z</time>
      </trkpt>
      <trkpt lat="46.84951" lon="-121.711634">
        <ele>3372.0</ele>
        <time>2019-06-22T17:38:54Z</time>
      </trkpt>
      <trkpt lat="46.84951404109597" lon="-121.71167101711035">
        <ele>3372.5</ele>
        <time>2019-06-22T17:47:08Z</time>
      </trkpt>
      <trkpt lat="46.849521" lon="-121.711635">
        <ele>3373.2</ele>
        <time>2019-06-22T17:49:14Z</time>
      </trkpt>
      <trkpt lat="46.84952803887427" lon="-121.71172298491001">
        <ele>3370.6</ele>
        <time>2019-06-22T17:50:58Z</time>
      </trkpt>
      <trkpt lat="46.8495489936322" lon="-121.7117789760232">
        <ele>3371.0</ele>
        <time>2019-06-22T17:51:12Z</time>
      </trkpt>
      <trkpt lat="46.849485" lon="-121.711841">
        <ele>3375.0</ele>
        <time>2019-06-22T17:53:12Z</time>
      </trkpt>
      <trkpt lat="46.849479" lon="-121.711873">
        <ele>3376.1</ele>
        <time>2019-06-22T17:55:36Z</time>
      </trkpt>
      <trkpt lat="46.84949400834739" lon="-121.71188701875508">
        <ele>3374.9</ele>
        <time>2019-06-22T17:55:38Z</time>
      </trkpt>
      <trkpt lat="46.849459" lon="-121.711842">
        <ele>3380.3</ele>
        <time>2019-06-22T17:58:37Z</time>
      </trkpt>
      <trkpt lat="46.84944799169898" lon="-121.71180797740817">
        <ele>3382.5</ele>
        <time>2019-06-22T18:03:43Z</time>
      </trkpt>
      <trkpt lat="46.849481" lon="-121.71184">
        <ele>3379.7</ele>
        <time>2019-06-22T18:04:37Z</time>
      </trkpt>
      <trkpt lat="46.849505" lon="-121.711849">
        <ele>3373.6</ele>
        <time>2019-06-22T18:04:39Z</time>
      </trkpt>
      <trkpt lat="46.849479004740715" lon="-121.71182197518647">
        <ele>3376.4</ele>
        <time>2019-06-22T18:05:59Z</time>
      </trkpt>
      <trkpt lat="46.849471" lon="-121.711748">
        <ele>3369.2</ele>
        <time>2019-06-22T18:07:49Z</time>
      </trkpt>
      <trkpt lat="46.849493" lon="-121.711732">
        <ele>3371.5</ele>
        <time>2019-06-22T18:08:16Z</time>
      </trkpt>
      <trkpt lat="46.84951" lon="-121.711763">
        <ele>3366.5</ele>
        <time>2019-06-22T18:08:25Z</time>
      </trkpt>
      <trkpt lat="46.8495349958539" lon="-121.71175500378013">
        <ele>3367.6</ele>
        <time>2019-06-22T18:09:06Z</time>
      </trkpt>
      <trkpt lat="46.849522003903985" lon="-121.71173203736544">
        <ele>3369.5</ele>
        <time>2019-06-22T18:09:50Z</time>
      </trkpt>
      <trkpt lat="46.849555" lon="-121.711715">
        <ele>3370.4</ele>
        <time>2019-06-22T18:09:56Z</time>
      </trkpt>
      <trkpt lat="46.849533" lon="-121.711681">
        <ele>3368.1</ele>
        <time>2019-06-22T18:10:01Z</time>
      </trkpt>
      <trkpt lat="46.84951102361083" lon="-121.71168602071702">
        <ele>3368.9</ele>
        <time>2019-06-22T18:10:03Z</time>
      </trkpt>
      <trkpt lat="46.849522" lon="-121.711652">
        <ele>3371.3</ele>
        <time>2019-06-22T18:10:15Z</time>
      </trkpt>
      <trkpt lat="46.84953097254038" lon="-121.71166900545359">
        <ele>3375.8</ele>
        <time>2019-06-22T18:20:20Z</time>
      </trkpt>
      <trkpt lat="46.849492" lon="-121.711627">
        <ele>3373.3</ele>
        <time>2019-06-22T18:20:36Z</time>
      </trkpt>
      <trkpt lat="46.8495159689337" lon="-121.71163799241185">
        <ele>3373.3</ele>
        <time>2019-06-22T18:20:53Z</time>
      </trkpt>
      <trkpt lat="46.849538" lon="-121.711619">
        <ele>3370.4</ele>
        <time>2019-06-22T18:22:35Z</time>
      </trkpt>
      <trkpt lat="46.849545" lon="-121.711581">
        <ele>3368.0</ele>
        <time>2019-06-22T18:22:41Z</time>
      </trkpt>
      <trkpt lat="46.84956198558211" lon="-121.71161402016878">
        <ele>3365.6</ele>
        <time>2019-06-22T18:22:46Z</time>
      </trkpt>
      <trkpt lat="46.849546981975436" lon="-121.71153296716511">
        <ele>3363.1</ele>
        <time>2019-06-22T18:23:02Z</time>
      </trkpt>
      <trkpt lat="46.849548" lon="-121.711424">
        <ele>3363.8</ele>
        <time>2019-06-22T18:23:19Z</time>
      </trkpt>
      <trkpt lat="46.84956198558211" lon="-121.71133398078382">
        <ele>3361.0</ele>
        <time>2019-06-22T18:23:40Z</time>
      </trkpt>
      <trkpt lat="46.849532" lon="-121.711272">
        <ele>3356.5</ele>
        <time>2019-06-22T18:23:57Z</time>
      </trkpt>
      <trkpt lat="46.849534" lon="-121.711236">
        <ele>3355.4</ele>
        <time>2019-06-22T18:24:05Z</time>
      </trkpt>
      <trkpt lat="46.84951001778245" lon="-121.71122300438583">
        <ele>3351.6</ele>
        <time>2019-06-22T18:24:26Z</time>
      </trkpt>
      <trkpt lat="46.84949" lon="-121.711249">
        <ele>3351.6</ele>
        <time>2019-06-22T18:24:41Z</time>
      </trkpt>
      <trkpt lat="46.84946802444756" lon="-121.71124203130603">
        <ele>3349.2</ele>
        <time>2019-06-22T18:24:44Z</time>
      </trkpt>
      <trkpt lat="46.849454026669264" lon="-121.71128402464092">
        <ele>3346.8</ele>
        <time>2019-06-22T18:24:58Z</time>
      </trkpt>
      <trkpt lat="46.84942896477878" lon="-121.71126801520586">
        <ele>3348.8</ele>
        <time>2019-06-22T18:25:06Z</time>
      </trkpt>
      <trkpt lat="46.849413039162755" lon="-121.71124001964927">
        <ele>3350.4</ele>
        <time>2019-06-22T18:25:18Z</time>
      </trkpt>
      <trkpt lat="46.8494329880923" lon="-121.71121504157782">
        <ele>3344.0</ele>
        <time>2019-06-22T18:25:44Z</time>
      </trkpt>
      <trkpt lat="46.84942200779915" lon="-121.71118101105094">
        <ele>3342.2</ele>
        <time>2019-06-22T18:26:35Z</time>
      </trkpt>
      <trkpt lat="46.849433993920684" lon="-121.7111690249294">
        <ele>3338.6</ele>
        <time>2019-06-22T18:26:44Z</time>
      </trkpt>
      <trkpt lat="46.849413" lon="-121.711145">
        <ele>3333.8</ele>
        <time>2019-06-22T18:27:12Z</time>
      </trkpt>
      <trkpt lat="46.849437" lon="-121.711121">
        <ele>3332.8</ele>
        <time>2019-06-22T18:28:08Z</time>
      </trkpt>
      <trkpt lat="46.849402" lon="-121.711071">
        <ele>3338.0</ele>
        <time>2019-06-22T18:28:43Z</time>
      </trkpt>
      <trkpt lat="46.84938495978713" lon="-121.71107397414744">
        <ele>3338.9</ele>
        <time>2019-06-22T18:29:35Z</time>
      </trkpt>
      <trkpt lat="46.849390994757414" lon="-121.7111090105027">
        <ele>3334.5</ele>
        <time>2019-06-22T18:29:36Z</time>
      </trkpt>
      <trkpt lat="46.84938001446426" lon="-121.71099996194243">
        <ele>3331.4</ele>
        <time>2019-06-22T18:30:32Z</time>
      </trkpt>
      <trkpt lat="46.849304" lon="-121.710932">
        <ele>3332.1</ele>
        <time>2019-06-22T18:31:14Z</time>
      </trkpt>
      <trkpt lat="46.849307008087635" lon="-121.71097003854811">
        <ele>3325.3</ele>
        <time>2019-06-22T18:31:38Z</time>
      </trkpt>
      <trkpt lat="46.849263" lon="-121.710925">
        <ele>3316.6</ele>
        <time>2019-06-22T18:33:43Z</time>
      </trkpt>
      <trkpt lat="46.84925302863121" lon="-121.71090298332274">
        <ele>3316.5</ele>
        <time>2019-06-22T18:33:44Z</time>
      </trkpt>
      <trkpt lat="46.849255" lon="-121.71094">
        <ele>3312.7</ele>
        <time>2019-06-22T18:34:00Z</time>
      </trkpt>
      <trkpt lat="46.84922897256911" lon="-121.71094698831439">
        <ele>3312.8</ele>
        <time>2019-06-22T18:34:24Z</time>
      </trkpt>
      <trkpt lat="46.849222" lon="-121.710878">
        <ele>3310.2</ele>
        <time>2019-06-22T18:35:08Z</time>
      </trkpt>
      <trkpt lat="46.84926" lon="-121.710831">
        <ele>3307.1</ele>
        <time>2019-06-22T18:35:30Z</time>
      </trkpt>
      <trkpt lat="46.84927297756076" lon="-121.71078303828835">
        <ele>3305.6</ele>
        <time>2019-06-22T18:35:41Z</time>
      </trkpt>
      <trkpt lat="46.849261997267604" lon="-121.71075001358986">
        <ele>3307.6</ele>
        <time>2019-06-22T18:35:56Z</time>
      </trkpt>
      <trkpt lat="46.849238" lon="-121.710733">
        <ele>3305.2</ele>
        <time>2019-06-22T18:36:15Z</time>
      </trkpt>
      <trkpt lat="46.8492120411247" lon="-121.71074096113443">
        <ele>3303.2</ele>
        <time>2019-06-22T18:36:24Z</time>
      </trkpt>
      <trkpt lat="46.849187" lon="-121.710737">
        <ele>3304.8</ele>
        <time>2019-06-22T18:36:32Z</time>
      </trkpt>
      <trkpt lat="46.849199971184134" lon="-121.71070600859821">
        <ele>3301.7</ele>
        <time>2019-06-22T18:37:08Z</time>
      </trkpt>
      <trkpt lat="46.849159989506006" lon="-121.71063803136349">
        <ele>3297.2</ele>
        <time>2019-06-22T18:37:38Z</time>
      </trkpt>
      <trkpt lat="46.849117" lon="-121.710671">
        <ele>3294.5</ele>
        <time>2019-06-22T18:37:56Z</time>
      </trkpt>
      <trkpt lat="46.849067034199834" lon="-121.71065001748502">
        <ele>3293.4</ele>
        <time>2019-06-22T18:38:11Z</time>
      </trkpt>
      <trkpt lat="46.849070973694324" lon="-121.71068597584963">
        <ele>3289.0</ele>
        <time>2019-06-22T18:38:28Z</time>
      </trkpt>
      <trkpt lat="46.849090000614524" lon="-121.71066099777818">
        <ele>3287.3</ele>
        <time>2019-06-22T18:38:36Z</time>
      </trkpt>
      <trkpt lat="46.849082" lon="-121.71063">
        <ele>3287.6</ele>
        <time>2019-06-22T18:38:44Z</time>
      </trkpt>
      <trkpt lat="46.849056" lon="-121.710624">
        <ele>3287.1</ele>
        <time>2019-06-22T18:38:46Z</time>
      </trkpt>
      <trkpt lat="46.849048" lon="-121.710612">
        <ele>3287.9</ele>
        <time>2019-06-22T18:38:47Z</time>
      </trkpt>
      <trkpt lat="46.849062" lon="-121.710539">
        <ele>3288.3</ele>
        <time>2019-06-22T18:39:08Z</time>
      </trkpt>
      <trkpt lat="46.849054" lon="-121.710502">
        <ele>3291.5</ele>
        <time>2019-06-22T18:39:40Z</time>
      </trkpt>
      <trkpt lat="46.84908002614975" lon="-121.710494030267">
        <ele>3288.7</ele>
        <time>2019-06-22T18:40:30Z</time>
      </trkpt>
      <trkpt lat="46.849075" lon="-121.710435">
        <ele>3292.5</ele>
        <time>2019-06-22T18:45:38Z</time>
      </trkpt>
      <trkpt lat="46.849082" lon="-121.710393">
        <ele>3286.7</ele>
        <time>2019-06-22T18:47:54Z</time>
      </trkpt>
      <trkpt lat="46.84907" lon="-121.710352">
        <ele>3284.4</ele>
        <time>2019-06-22T18:48:15Z</time>
      </trkpt>
      <trkpt lat="46.84904398396611" lon="-121.71034097671509">
        <ele>3283.6</ele>
        <time>2019-06-22T18:48:27Z</time>
      </trkpt>
      <trkpt lat="46.849062" lon="-121.710314">
        <ele>3278.2</ele>
        <time>2019-06-22T18:49:01Z</time>
      </trkpt>
      <trkpt lat="46.849069967865944" lon="-121.71027802862227">
        <ele>3278.4</ele>
        <time>2019-06-22T18:49:31Z</time>
      </trkpt>
      <trkpt lat="46.84906200505793" lon="-121.71023997478187">
        <ele>3279.7</ele>
        <time>2019-06-22T18:50:14Z</time>
      </trkpt>
      <trkpt lat="46.84904197230935" lon="-121.71022899448872">
        <ele>3277.0</ele>
        <time>2019-06-22T18:51:44Z</time>
      </trkpt>
      <trkpt lat="46.849022" lon="-121.710199">
        <ele>3278.4</ele>
        <time>2019-06-22T18:51:46Z</time>
      </trkpt>
      <trkpt lat="46.84901800006628" lon="-121.7102070339024">
        <ele>3279.9</ele>
        <time>2019-06-22T18:51:47Z</time>
      </trkpt>
      <trkpt lat="46.84904398396611" lon="-121.71021700836718">
        <ele>3270.7</ele>
        <time>2019-06-22T18:52:48Z</time>
      </trkpt>
      <trkpt lat="46.84904297813773" lon="-121.71027903445065">
        <ele>3267.6</ele>
        <time>2019-06-22T18:53:04Z</time>
      </trkpt>
      <trkpt lat="46.8490169942379" lon="-121.71022698283195">
        <ele>3266.4</ele>
        <time>2019-06-22T18:54:18Z</time>
      </trkpt>
      <trkpt lat="46.849019" lon="-121.71019">
        <ele>3267.4</ele>
        <time>2019-06-22T18:55:00Z</time>
      </trkpt>
      <trkpt lat="46.849001" lon="-121.710158">
        <ele>3266.8</ele>
        <time>2019-06-22T18:55:18Z</time>
      </trkpt>
      <trkpt lat="46.848998" lon="-121.710188">
        <ele>3266.8</ele>
        <time>2019-06-22T18:55:28Z</time>
      </trkpt>
      <trkpt lat="46.849042" lon="-121.710152">
        <ele>3267.0</ele>
        <time>2019-06-22T18:56:15Z</time>
      </trkpt>
      <trkpt lat="46.84906896203756" lon="-121.71015003696084">
        <ele>3270.1</ele>
        <time>2019-06-22T18:56:26Z</time>
      </trkpt>
      <trkpt lat="46.849068" lon="-121.710114">
        <ele>3268.4</ele>
        <time>2019-06-22T18:56:36Z</time>
      </trkpt>
      <trkpt lat="46.84909" lon="-121.710102">
        <ele>3266.2</ele>
        <time>2019-06-22T18:56:59Z</time>
      </trkpt>
      <trkpt lat="46.8491" lon="-121.710063">
        <ele>3263.5</ele>
        <time>2019-06-22T18:57:04Z</time>
      </trkpt>
      <trkpt lat="46.849084" lon="-121.710029">
        <ele>3262.2</ele>
        <time>2019-06-22T18:57:20Z</time>
      </trkpt>
      <trkpt lat="46.849096" lon="-121.710014">
        <ele>3261.6</ele>
        <time>2019-06-22T18:57:31Z</time>
      </trkpt>
      <trkpt lat="46.849123" lon="-121.710012">
        <ele>3255.6</ele>
        <time>2019-06-22T18:57:49Z</time>
      </trkpt>
      <trkpt lat="46.849145" lon="-121.709994">
        <ele>3257.1</ele>
        <time>2019-06-22T18:57:55Z</time>
      </trkpt>
      <trkpt lat="46.849141" lon="-121.709957">
        <ele>3253.6</ele>
        <time>2019-06-22T18:58:03Z</time>
      </trkpt>
      <trkpt lat="46.84916" lon="-121.709937">
        <ele>3255.0</ele>
        <time>2019-06-22T18:58:09Z</time>
      </trkpt>
      <trkpt lat="46.84918496757746" lon="-121.7099519725889">
        <ele>3254.2</ele>
        <time>2019-06-22T18:58:21Z</time>
      </trkpt>
      <trkpt lat="46.849212" lon="-121.709879">
        <ele>3249.8</ele>
        <time>2019-06-22T18:58:48Z</time>
      </trkpt>
      <trkpt lat="46.849262" lon="-121.709866">
        <ele>3249.6</ele>
        <time>2019-06-22T18:59:16Z</time>
      </trkpt>
      <trkpt lat="46.849241964519024" lon="-121.70983999036252">
        <ele>3247.8</ele>
        <time>2019-06-22T18:59:26Z</time>
      </trkpt>
      <trkpt lat="46.849228" lon="-121.709752">
        <ele>3244.9</ele>
        <time>2019-06-22T18:59:33Z</time>
      </trkpt>
      <trkpt lat="46.84920902363956" lon="-121.7097339592874">
        <ele>3240.7</ele>
        <time>2019-06-22T18:59:38Z</time>
      </trkpt>
      <trkpt lat="46.849194" lon="-121.709665">
        <ele>3235.8</ele>
        <time>2019-06-22T18:59:44Z</time>
      </trkpt>
      <trkpt lat="46.849180022254586" lon="-121.70963999815285">
        <ele>3235.5</ele>
        <time>2019-06-22T18:59:49Z</time>
      </trkpt>
      <trkpt lat="46.849174" lon="-121.709542">
        <ele>3232.8</ele>
        <time>2019-06-22T18:59:54Z</time>
      </trkpt>
      <trkpt lat="46.84916803613305" lon="-121.70953103341162">
        <ele>3230.3</ele>
        <time>2019-06-22T18:59:55Z</time>
      </trkpt>
      <trkpt lat="46.84910399839282" lon="-121.70929600484669">
        <ele>3221.0</ele>
        <time>2019-06-22T19:00:26Z</time>
      </trkpt>
      <trkpt lat="46.849071" lon="-121.709145">
        <ele>3220.5</ele>
        <time>2019-06-22T19:00:31Z</time>
      </trkpt>
      <trkpt lat="46.849059" lon="-121.70911">
        <ele>3219.8</ele>
        <time>2019-06-22T19:00:33Z</time>
      </trkpt>
      <trkpt lat="46.84903903864324" lon="-121.7090970184654">
        <ele>3215.4</ele>
        <time>2019-06-22T19:01:03Z</time>
      </trkpt>
      <trkpt lat="46.849025040864944" lon="-121.70901596546173">
        <ele>3215.5</ele>
        <time>2019-06-22T19:01:08Z</time>
      </trkpt>
      <trkpt lat="46.8490220233798" lon="-121.70905100181699">
        <ele>3208.9</ele>
        <time>2019-06-22T19:01:20Z</time>
      </trkpt>
      <trkpt lat="46.8490029964596" lon="-121.7089950107038">
        <ele>3210.6</ele>
        <time>2019-06-22T19:01:26Z</time>
      </trkpt>
      <trkpt lat="46.848989" lon="-121.708869">
        <ele>3208.7</ele>
        <time>2019-06-22T19:01:31Z</time>
      </trkpt>
      <trkpt lat="46.848981035873294" lon="-121.70884598046541">
        <ele>3207.2</ele>
        <time>2019-06-22T19:01:32Z</time>
      </trkpt>
      <trkpt lat="46.848927" lon="-121.708736">
        <ele>3203.6</ele>
        <time>2019-06-22T19:01:37Z</time>
      </trkpt>
      <trkpt lat="46.84890601783991" lon="-121.7087309807539">
        <ele>3195.5</ele>
        <time>2019-06-22T19:01:39Z</time>
      </trkpt>
      <trkpt lat="46.848879" lon="-121.708583">
        <ele>3193.9</ele>
        <time>2019-06-22T19:01:43Z</time>
      </trkpt>
      <trkpt lat="46.848871" lon="-121.708559">
        <ele>3193.2</ele>
        <time>2019-06-22T19:01:44Z</time>
      </trkpt>
      <trkpt lat="46.848855977877975" lon="-121.70855797827244">
        <ele>3193.9</ele>
        <time>2019-06-22T19:01:44Z</time>
      </trkpt>
      <trkpt lat="46.848791" lon="-121.70836">
        <ele>3191.4</ele>
        <time>2019-06-22T19:01:52Z</time>
      </trkpt>
      <trkpt lat="46.84878397732973" lon="-121.70832697302103">
        <ele>3190.1</ele>
        <time>2019-06-22T19:01:54Z</time>
      </trkpt>
      <trkpt lat="46.84878598898649" lon="-121.70843903906643">
        <ele>3183.8</ele>
        <time>2019-06-22T19:02:12Z</time>
      </trkpt>
      <trkpt lat="46.848745" lon="-121.708327">
        <ele>3178.4</ele>
        <time>2019-06-22T19:02:36Z</time>
      </trkpt>
      <trkpt lat="46.84871" lon="-121.708237">
        <ele>3173.8</ele>
        <time>2019-06-22T19:02:41Z</time>
      </trkpt>
      <trkpt lat="46.848668" lon="-121.708188">
        <ele>3169.6</ele>
        <time>2019-06-22T19:02:47Z</time>
      </trkpt>
      <trkpt lat="46.84864802286029" lon="-121.70819403603673">
        <ele>3160.1</ele>
        <time>2019-06-22T19:02:51Z</time>
      </trkpt>
      <trkpt lat="46.84863897040486" lon="-121.70822203159332">
        <ele>3160.3</ele>
        <time>2019-06-22T19:02:53Z</time>
      </trkpt>
      <trkpt lat="46.848644" lon="-121.708315">
        <ele>3156.8</ele>
        <time>2019-06-22T19:02:56Z</time>
      </trkpt>
      <trkpt lat="46.84864" lon="-121.708368">
        <ele>3154.2</ele>
        <time>2019-06-22T19:03:04Z</time>
      </trkpt>
      <trkpt lat="46.848589" lon="-121.708283">
        <ele>3150.9</ele>
        <time>2019-06-22T19:03:21Z</time>
      </trkpt>
      <trkpt lat="46.848574" lon="-121.708233">
        <ele>3150.1</ele>
        <time>2019-06-22T19:03:23Z</time>
      </trkpt>
      <trkpt lat="46.848555989563465" lon="-121.70813796110451">
        <ele>3144.3</ele>
        <time>2019-06-22T19:03:28Z</time>
      </trkpt>
      <trkpt lat="46.848495" lon="-121.707991">
        <ele>3134.8</ele>
        <time>2019-06-22T19:03:38Z</time>
      </trkpt>
      <trkpt lat="46.84848700650036" lon="-121.70797501690686">
        <ele>3133.5</ele>
        <time>2019-06-22T19:03:40Z</time>
      </trkpt>
      <trkpt lat="46.848488012328744" lon="-121.70800996944308">
        <ele>3132.9</ele>
        <time>2019-06-22T19:03:44Z</time>
      </trkpt>
      <trkpt lat="46.84847602620721" lon="-121.70797702856362">
        <ele>3126.6</ele>
        <time>2019-06-22T19:04:10Z</time>
      </trkpt>
      <trkpt lat="46.84845398180187" lon="-121.70780100859702">
        <ele>3119.8</ele>
        <time>2019-06-22T19:04:22Z</time>
      </trkpt>
      <trkpt lat="46.848465" lon="-121.707855">
        <ele>3115.4</ele>
        <time>2019-06-22T19:04:29Z</time>
      </trkpt>
      <trkpt lat="46.848461" lon="-121.707887">
        <ele>3113.8</ele>
        <time>2019-06-22T19:04:33Z</time>
      </trkpt>
      <trkpt lat="46.84839002788067" lon="-121.7078849952668">
        <ele>3108.6</ele>
        <time>2019-06-22T19:04:39Z</time>
      </trkpt>
      <trkpt lat="46.848359014838934" lon="-121.70786898583174">
        <ele>3104.6</ele>
        <time>2019-06-22T19:04:44Z</time>
      </trkpt>
      <trkpt lat="46.848328" lon="-121.707867">
        <ele>3104.2</ele>
        <time>2019-06-22T19:04:51Z</time>
      </trkpt>
      <trkpt lat="46.84830696322024" lon="-121.70788901858032">
        <ele>3104.0</ele>
        <time>2019-06-22T19:05:21Z</time>
      </trkpt>
      <trkpt lat="46.848285" lon="-121.707884">
        <ele>3103.0</ele>
        <time>2019-06-22T19:05:41Z</time>
      </trkpt>
      <trkpt lat="46.848265" lon="-121.707909">
        <ele>3102.7</ele>
        <time>2019-06-22T19:05:44Z</time>
      </trkpt>
      <trkpt lat="46.84824099764228" lon="-121.70791097916663">
        <ele>3104.5</ele>
        <time>2019-06-22T19:05:52Z</time>
      </trkpt>
      <trkpt lat="46.848194" lon="-121.707879">
        <ele>3104.6</ele>
        <time>2019-06-22T19:06:09Z</time>
      </trkpt>
      <trkpt lat="46.84816002845764" lon="-121.70788901858032">
        <ele>3104.7</ele>
        <time>2019-06-22T19:06:16Z</time>
      </trkpt>
      <trkpt lat="46.848134" lon="-121.707947">
        <ele>3103.8</ele>
        <time>2019-06-22T19:06:25Z</time>
      </trkpt>
      <trkpt lat="46.84810898266733" lon="-121.70794400386512">
        <ele>3101.4</ele>
        <time>2019-06-22T19:06:31Z</time>
      </trkpt>
      <trkpt lat="46.84807503595948" lon="-121.70796101912856">
        <ele>3101.6</ele>
        <time>2019-06-22T19:06:44Z</time>
      </trkpt>
      <trkpt lat="46.848091" lon="-121.708039">
        <ele>3100.9</ele>
        <time>2019-06-22T19:06:46Z</time>
      </trkpt>
      <trkpt lat="46.848079" lon="-121.708039">
        <ele>3100.6</ele>
        <time>2019-06-22T19:06:47Z</time>
      </trkpt>
      <trkpt lat="46.84805600903928" lon="-121.70800703577697">
        <ele>3101.0</ele>
        <time>2019-06-22T19:06:59Z</time>
      </trkpt>
      <trkpt lat="46.84800999239087" lon="-121.70797501690686">
        <ele>3101.2</ele>
        <time>2019-06-22T19:07:21Z</time>
      </trkpt>
      <trkpt lat="46.847938" lon="-121.707982">
        <ele>3097.9</ele>
        <time>2019-06-22T19:07:37Z</time>
      </trkpt>
      <trkpt lat="46.847909996286035" lon="-121.7079640366137">
        <ele>3095.8</ele>
        <time>2019-06-22T19:07:43Z</time>
      </trkpt>
      <trkpt lat="46.847883" lon="-121.707937">
        <ele>3093.8</ele>
        <time>2019-06-22T19:07:44Z</time>
      </trkpt>
      <trkpt lat="46.84785903431475" lon="-121.70793000608683">
        <ele>3094.1</ele>
        <time>2019-06-22T19:07:58Z</time>
      </trkpt>
      <trkpt lat="46.847838" lon="-121.707952">
        <ele>3094.5</ele>
        <time>2019-06-22T19:08:22Z</time>
      </trkpt>
      <trkpt lat="46.847814" lon="-121.707843">
        <ele>3085.4</ele>
        <time>2019-06-22T19:09:22Z</time>
      </trkpt>
      <trkpt lat="46.84781997464597" lon="-121.70778701081872">
        <ele>3084.5</ele>
        <time>2019-06-22T19:09:31Z</time>
      </trkpt>
      <trkpt lat="46.84781603515148" lon="-121.70774099417031">
        <ele>3082.7</ele>
        <time>2019-06-22T19:09:36Z</time>
      </trkpt>
      <trkpt lat="46.84779399074614" lon="-121.70768299140036">
        <ele>3076.4</ele>
        <time>2019-06-22T19:09:46Z</time>
      </trkpt>
      <trkpt lat="46.84784" lon="-121.707606">
        <ele>3077.6</ele>
        <time>2019-06-22T19:09:54Z</time>
      </trkpt>
      <trkpt lat="46.84785" lon="-121.707564">
        <ele>3075.8</ele>
        <time>2019-06-22T19:09:58Z</time>
      </trkpt>
      <trkpt lat="46.847889041528106" lon="-121.70749800279737">
        <ele>3077.2</ele>
        <time>2019-06-22T19:10:05Z</time>
      </trkpt>
      <trkpt lat="46.84790396131575" lon="-121.70742901973426">
        <ele>3074.2</ele>
        <time>2019-06-22T19:10:13Z</time>
      </trkpt>
      <trkpt lat="46.84787495993078" lon="-121.70737596228719">
        <ele>3070.0</ele>
        <time>2019-06-22T19:10:21Z</time>
      </trkpt>
      <trkpt lat="46.84787303209305" lon="-121.70732298865914">
        <ele>3069.4</ele>
        <time>2019-06-22T19:10:28Z</time>
      </trkpt>
      <trkpt lat="46.847868002951145" lon="-121.70727797783911">
        <ele>3064.0</ele>
        <time>2019-06-22T19:10:34Z</time>
      </trkpt>
      <trkpt lat="46.847846964374185" lon="-121.70726196840405">
        <ele>3059.7</ele>
        <time>2019-06-22T19:10:37Z</time>
      </trkpt>
      <trkpt lat="46.847844" lon="-121.707224">
        <ele>3059.9</ele>
        <time>2019-06-22T19:10:44Z</time>
      </trkpt>
      <trkpt lat="46.847865991294384" lon="-121.70720295980573">
        <ele>3060.8</ele>
        <time>2019-06-22T19:10:44Z</time>
      </trkpt>
      <trkpt lat="46.847905" lon="-121.707085">
        <ele>3060.6</ele>
        <time>2019-06-22T19:11:04Z</time>
      </trkpt>
      <trkpt lat="46.847930029034615" lon="-121.70705996453762">
        <ele>3061.6</ele>
        <time>2019-06-22T19:11:08Z</time>
      </trkpt>
      <trkpt lat="46.847992" lon="-121.706941">
        <ele>3055.9</ele>
        <time>2019-06-22T19:11:20Z</time>
      </trkpt>
      <trkpt lat="46.847975039854646" lon="-121.7068950086832">
        <ele>3053.2</ele>
        <time>2019-06-22T19:11:25Z</time>
      </trkpt>
      <trkpt lat="46.847976967692375" lon="-121.70686097815633">
        <ele>3057.0</ele>
        <time>2019-06-22T19:11:32Z</time>
      </trkpt>
      <trkpt lat="46.84801" lon="-121.706776">
        <ele>3058.2</ele>
        <time>2019-06-22T19:11:39Z</time>
      </trkpt>
      <trkpt lat="46.84801099821925" lon="-121.70674203895032">
        <ele>3055.1</ele>
        <time>2019-06-22T19:11:43Z</time>
      </trkpt>
      <trkpt lat="46.848036" lon="-121.706686">
        <ele>3052.6</ele>
        <time>2019-06-22T19:11:48Z</time>
      </trkpt>
      <trkpt lat="46.848047" lon="-121.706669">
        <ele>3051.0</ele>
        <time>2019-06-22T19:11:50Z</time>
      </trkpt>
      <trkpt lat="46.848029" lon="-121.706644">
        <ele>3045.8</ele>
        <time>2019-06-22T19:11:56Z</time>
      </trkpt>
      <trkpt lat="46.84802600182593" lon="-121.70660901814699">
        <ele>3045.2</ele>
        <time>2019-06-22T19:12:01Z</time>
      </trkpt>
      <trkpt lat="46.84805097989738" lon="-121.70654900372028">
        <ele>3045.9</ele>
        <time>2019-06-22T19:12:07Z</time>
      </trkpt>
      <trkpt lat="46.848059" lon="-121.706476">
        <ele>3044.6</ele>
        <time>2019-06-22T19:12:14Z</time>
      </trkpt>
      <trkpt lat="46.848032" lon="-121.706474">
        <ele>3039.6</ele>
        <time>2019-06-22T19:12:21Z</time>
      </trkpt>
      <trkpt lat="46.847998006269336" lon="-121.70641698874533">
        <ele>3035.6</ele>
        <time>2019-06-22T19:12:26Z</time>
      </trkpt>
      <trkpt lat="46.847930029034615" lon="-121.70624398626387">
        <ele>3029.2</ele>
        <time>2019-06-22T19:12:37Z</time>
      </trkpt>
      <trkpt lat="46.847906" lon="-121.706129">
        <ele>3026.5</ele>
        <time>2019-06-22T19:12:44Z</time>
      </trkpt>
      <trkpt lat="46.84787797741592" lon="-121.70609596185386">
        <ele>3023.6</ele>
        <time>2019-06-22T19:12:46Z</time>
      </trkpt>
      <trkpt lat="46.84785" lon="-121.706092">
        <ele>3023.7</ele>
        <time>2019-06-22T19:12:48Z</time>
      </trkpt>
      <trkpt lat="46.847807" lon="-121.705999">
        <ele>3020.2</ele>
        <time>2019-06-22T19:12:57Z</time>
      </trkpt>
      <trkpt lat="46.847771" lon="-121.705956">
        <ele>3015.8</ele>
        <time>2019-06-22T19:13:01Z</time>
      </trkpt>
      <trkpt lat="46.84774797409773" lon="-121.70595103874803">
        <ele>3013.3</ele>
        <time>2019-06-22T19:13:04Z</time>
      </trkpt>
      <trkpt lat="46.847741" lon="-121.705917">
        <ele>3011.9</ele>
        <time>2019-06-22T19:13:33Z</time>
      </trkpt>
      <trkpt lat="46.847757026553154" lon="-121.70589798130095">
        <ele>3011.3</ele>
        <time>2019-06-22T19:13:35Z</time>
      </trkpt>
      <trkpt lat="46.84778" lon="-121.70583">
        <ele>3008.3</ele>
        <time>2019-06-22T19:13:44Z</time>
      </trkpt>
      <trkpt lat="46.8478150293231" lon="-121.70581500045955">
        <ele>3012.8</ele>
        <time>2019-06-22T19:13:44Z</time>
      </trkpt>
      <trkpt lat="46.847797" lon="-121.705755">
        <ele>3008.3</ele>
        <time>2019-06-22T19:13:54Z</time>
      </trkpt>
      <trkpt lat="46.847800025716424" lon="-121.70572296716273">
        <ele>3007.8</ele>
        <time>2019-06-22T19:13:56Z</time>
      </trkpt>
      <trkpt lat="46.84777001850307" lon="-121.70567996799946">
        <ele>3004.9</ele>
        <time>2019-06-22T19:14:01Z</time>
      </trkpt>
      <trkpt lat="46.847746" lon="-121.705662">
        <ele>3005.1</ele>
        <time>2019-06-22T19:14:15Z</time>
      </trkpt>
      <trkpt lat="46.847714" lon="-121.705702">
        <ele>2999.4</ele>
        <time>2019-06-22T19:14:25Z</time>
      </trkpt>
      <trkpt lat="46.847665" lon="-121.705724">
        <ele>2995.9</ele>
        <time>2019-06-22T19:14:34Z</time>
      </trkpt>
      <trkpt lat="46.84761696495116" lon="-121.70569203794003">
        <ele>2995.8</ele>
        <time>2019-06-22T19:14:43Z</time>
      </trkpt>
      <trkpt lat="46.84755703434348" lon="-121.70575096271932">
        <ele>2991.6</ele>
        <time>2019-06-22T19:15:04Z</time>
      </trkpt>
      <trkpt lat="46.847558" lon="-121.705783">
        <ele>2990.2</ele>
        <time>2019-06-22T19:15:08Z</time>
      </trkpt>
      <trkpt lat="46.84752" lon="-121.70583">
        <ele>2989.6</ele>
        <time>2019-06-22T19:15:29Z</time>
      </trkpt>
      <trkpt lat="46.84748696163297" lon="-121.70584802515805">
        <ele>2987.3</ele>
        <time>2019-06-22T19:15:40Z</time>
      </trkpt>
      <trkpt lat="46.84742602519691" lon="-121.70581600628793">
        <ele>2983.6</ele>
        <time>2019-06-22T19:16:02Z</time>
      </trkpt>
      <trkpt lat="46.847362" lon="-121.705867">
        <ele>2979.5</ele>
        <time>2019-06-22T19:17:20Z</time>
      </trkpt>
      <trkpt lat="46.847331" lon="-121.705868">
        <ele>2977.1</ele>
        <time>2019-06-22T19:17:36Z</time>
      </trkpt>
      <trkpt lat="46.847317" lon="-121.705886">
        <ele>2978.1</ele>
        <time>2019-06-22T19:17:56Z</time>
      </trkpt>
      <trkpt lat="46.847295" lon="-121.705877">
        <ele>2975.2</ele>
        <time>2019-06-22T19:18:13Z</time>
      </trkpt>
      <trkpt lat="46.84728101827204" lon="-121.70585498213768">
        <ele>2970.6</ele>
        <time>2019-06-22T19:18:25Z</time>
      </trkpt>
      <trkpt lat="46.84725" lon="-121.705759">
        <ele>2968.3</ele>
        <time>2019-06-22T19:18:57Z</time>
      </trkpt>
      <trkpt lat="46.847246" lon="-121.705716">
        <ele>2964.7</ele>
        <time>2019-06-22T19:19:15Z</time>
      </trkpt>
      <trkpt lat="46.84719602577388" lon="-121.70562003739178">
        <ele>2965.2</ele>
        <time>2019-06-22T19:22:06Z</time>
      </trkpt>
      <trkpt lat="46.847136" lon="-121.705593">
        <ele>2961.7</ele>
        <time>2019-06-22T19:22:15Z</time>
      </trkpt>
      <trkpt lat="46.847178004682064" lon="-121.70552196912467">
        <ele>2962.5</ele>
        <time>2019-06-22T19:22:36Z</time>
      </trkpt>
      <trkpt lat="46.847164" lon="-121.705494">
        <ele>2959.6</ele>
        <time>2019-06-22T19:22:44Z</time>
      </trkpt>
      <trkpt lat="46.847179010510445" lon="-121.70546396635473">
        <ele>2954.1</ele>
        <time>2019-06-22T19:22:56Z</time>
      </trkpt>
      <trkpt lat="46.847155038267374" lon="-121.70530596747994">
        <ele>2949.7</ele>
        <time>2019-06-22T19:23:22Z</time>
      </trkpt>
      <trkpt lat="46.847179" lon="-121.705239">
        <ele>2946.8</ele>
        <time>2019-06-22T19:23:32Z</time>
      </trkpt>
      <trkpt lat="46.8471759930253" lon="-121.70520496554673">
        <ele>2947.8</ele>
        <time>2019-06-22T19:23:39Z</time>
      </trkpt>
      <trkpt lat="46.847205" lon="-121.705153">
        <ele>2942.0</ele>
        <time>2019-06-22T19:23:49Z</time>
      </trkpt>
      <trkpt lat="46.84719703160226" lon="-121.70512500219047">
        <ele>2941.3</ele>
        <time>2019-06-22T19:23:52Z</time>
      </trkpt>
      <trkpt lat="46.84720700606704" lon="-121.70508602634072">
        <ele>2939.6</ele>
        <time>2019-06-22T19:24:00Z</time>
      </trkpt>
      <trkpt lat="46.847231" lon="-121.705025">
        <ele>2934.2</ele>
        <time>2019-06-22T19:24:14Z</time>
      </trkpt>
      <trkpt lat="46.84725402854383" lon="-121.70500497333705">
        <ele>2933.7</ele>
        <time>2019-06-22T19:24:17Z</time>
      </trkpt>
      <trkpt lat="46.847267020493746" lon="-121.7049749661237">
        <ele>2934.0</ele>
        <time>2019-06-22T19:24:20Z</time>
      </trkpt>
      <trkpt lat="46.847284035757184" lon="-121.70491796918213">
        <ele>2933.5</ele>
        <time>2019-06-22T19:24:26Z</time>
      </trkpt>
      <trkpt lat="46.84725997969508" lon="-121.70488502830267">
        <ele>2928.1</ele>
        <time>2019-06-22T19:24:34Z</time>
      </trkpt>
      <trkpt lat="46.84727699495852" lon="-121.70478603802621">
        <ele>2922.3</ele>
        <time>2019-06-22T19:24:55Z</time>
      </trkpt>
      <trkpt lat="46.84729602187872" lon="-121.70476298779249">
        <ele>2920.4</ele>
        <time>2019-06-22T19:25:00Z</time>
      </trkpt>
      <trkpt lat="46.847293" lon="-121.704694">
        <ele>2919.3</ele>
        <time>2019-06-22T19:25:10Z</time>
      </trkpt>
      <trkpt lat="46.847315" lon="-121.704663">
        <ele>2921.1</ele>
        <time>2019-06-22T19:25:14Z</time>
      </trkpt>
      <trkpt lat="46.847331" lon="-121.704578">
        <ele>2924.0</ele>
        <time>2019-06-22T19:25:22Z</time>
      </trkpt>
      <trkpt lat="46.847354" lon="-121.704586">
        <ele>2909.9</ele>
        <time>2019-06-22T19:26:00Z</time>
      </trkpt>
      <trkpt lat="46.847397023811936" lon="-121.7045500036329">
        <ele>2907.3</ele>
        <time>2019-06-22T19:26:20Z</time>
      </trkpt>
      <trkpt lat="46.847433" lon="-121.704492">
        <ele>2903.9</ele>
        <time>2019-06-22T19:26:32Z</time>
      </trkpt>
      <trkpt lat="46.847476" lon="-121.704437">
        <ele>2903.2</ele>
        <time>2019-06-22T19:26:40Z</time>
      </trkpt>
      <trkpt lat="46.84749299660325" lon="-121.70442201197147">
        <ele>2903.1</ele>
        <time>2019-06-22T19:26:42Z</time>
      </trkpt>
      <trkpt lat="46.84750900603831" lon="-121.7044210061431">
        <ele>2902.8</ele>
        <time>2019-06-22T19:26:44Z</time>
      </trkpt>
      <trkpt lat="46.84745301492512" lon="-121.70440801419318">
        <ele>2900.9</ele>
        <time>2019-06-22T19:26:44Z</time>
      </trkpt>
      <trkpt lat="46.84748402796686" lon="-121.70434598810971">
        <ele>2901.6</ele>
        <time>2019-06-22T19:26:52Z</time>
      </trkpt>
      <trkpt lat="46.84751001186669" lon="-121.70431598089635">
        <ele>2902.2</ele>
        <time>2019-06-22T19:26:56Z</time>
      </trkpt>
      <trkpt lat="46.847563" lon="-121.70428">
        <ele>2902.7</ele>
        <time>2019-06-22T19:27:01Z</time>
      </trkpt>
      <trkpt lat="46.847604" lon="-121.704179">
        <ele>2906.2</ele>
        <time>2019-06-22T19:27:09Z</time>
      </trkpt>
      <trkpt lat="46.84764202684164" lon="-121.70414599590003">
        <ele>2906.2</ele>
        <time>2019-06-22T19:27:14Z</time>
      </trkpt>
      <trkpt lat="46.847657" lon="-121.70408">
        <ele>2907.5</ele>
        <time>2019-06-22T19:27:21Z</time>
      </trkpt>
      <trkpt lat="46.84765703044832" lon="-121.70405597425997">
        <ele>2907.8</ele>
        <time>2019-06-22T19:27:22Z</time>
      </trkpt>
      <trkpt lat="46.847621" lon="-121.70395">
        <ele>2906.5</ele>
        <time>2019-06-22T19:27:27Z</time>
      </trkpt>
      <trkpt lat="46.84761403128505" lon="-121.70392102561891">
        <ele>2906.5</ele>
        <time>2019-06-22T19:27:28Z</time>
      </trkpt>
      <trkpt lat="46.847541" lon="-121.703749">
        <ele>2904.6</ele>
        <time>2019-06-22T19:27:43Z</time>
      </trkpt>
      <trkpt lat="46.84751403518021" lon="-121.70371499843895">
        <ele>2902.8</ele>
        <time>2019-06-22T19:27:48Z</time>
      </trkpt>
      <trkpt lat="46.84749400243163" lon="-121.7036659643054">
        <ele>2901.5</ele>
        <time>2019-06-22T19:27:51Z</time>
      </trkpt>
      <trkpt lat="46.847421" lon="-121.703569">
        <ele>2895.3</ele>
        <time>2019-06-22T19:28:03Z</time>
      </trkpt>
      <trkpt lat="46.84738" lon="-121.703428">
        <ele>2889.3</ele>
        <time>2019-06-22T19:28:15Z</time>
      </trkpt>
      <trkpt lat="46.847359" lon="-121.703387">
        <ele>2887.4</ele>
        <time>2019-06-22T19:28:17Z</time>
      </trkpt>
      <trkpt lat="46.847355" lon="-121.703343">
        <ele>2872.5</ele>
        <time>2019-06-22T19:28:34Z</time>
      </trkpt>
      <trkpt lat="46.847368" lon="-121.703299">
        <ele>2873.3</ele>
        <time>2019-06-22T19:28:40Z</time>
      </trkpt>
      <trkpt lat="46.84735896997154" lon="-121.70326296240091">
        <ele>2872.2</ele>
        <time>2019-06-22T19:29:01Z</time>
      </trkpt>
      <trkpt lat="46.847375" lon="-121.703189">
        <ele>2867.0</ele>
        <time>2019-06-22T19:29:12Z</time>
      </trkpt>
      <trkpt lat="46.847429" lon="-121.703096">
        <ele>2868.1</ele>
        <time>2019-06-22T19:29:28Z</time>
      </trkpt>
      <trkpt lat="46.8474540207535" lon="-121.70306699350476">
        <ele>2865.8</ele>
        <time>2019-06-22T19:29:32Z</time>
      </trkpt>
      <trkpt lat="46.847457" lon="-121.702941">
        <ele>2863.1</ele>
        <time>2019-06-22T19:29:53Z</time>
      </trkpt>
      <trkpt lat="46.84747497551143" lon="-121.70291502960026">
        <ele>2862.2</ele>
        <time>2019-06-22T19:30:52Z</time>
      </trkpt>
      <trkpt lat="46.847487" lon="-121.702952">
        <ele>2861.6</ele>
        <time>2019-06-22T19:32:37Z</time>
      </trkpt>
      <trkpt lat="46.84751202352345" lon="-121.70295098796487">
        <ele>2862.2</ele>
        <time>2019-06-22T19:34:02Z</time>
      </trkpt>
      <trkpt lat="46.847545970231295" lon="-121.70291704125702">
        <ele>2861.4</ele>
        <time>2019-06-22T19:34:18Z</time>
      </trkpt>
      <trkpt lat="46.84754395857453" lon="-121.70288099907339">
        <ele>2862.3</ele>
        <time>2019-06-22T19:34:20Z</time>
      </trkpt>
      <trkpt lat="46.847572" lon="-121.702805">
        <ele>2862.7</ele>
        <time>2019-06-22T19:34:41Z</time>
      </trkpt>
      <trkpt lat="46.847591986879706" lon="-121.70278301462531">
        <ele>2861.8</ele>
        <time>2019-06-22T19:34:43Z</time>
      </trkpt>
      <trkpt lat="46.847629034891725" lon="-121.7026820126921">
        <ele>2860.9</ele>
        <time>2019-06-22T19:34:50Z</time>
      </trkpt>
      <trkpt lat="46.84764998964965" lon="-121.70252895914018">
        <ele>2856.2</ele>
        <time>2019-06-22T19:35:01Z</time>
      </trkpt>
      <trkpt lat="46.847705" lon="-121.702419">
        <ele>2855.6</ele>
        <time>2019-06-22T19:35:09Z</time>
      </trkpt>
      <trkpt lat="46.847732" lon="-121.702317">
        <ele>2855.5</ele>
        <time>2019-06-22T19:35:14Z</time>
      </trkpt>
      <trkpt lat="46.84779197908938" lon="-121.70219804160297">
        <ele>2854.6</ele>
        <time>2019-06-22T19:35:21Z</time>
      </trkpt>
      <trkpt lat="46.84783799573779" lon="-121.70216199941933">
        <ele>2853.2</ele>
        <time>2019-06-22T19:35:26Z</time>
      </trkpt>
      <trkpt lat="46.847834" lon="-121.702138">
        <ele>2853.4</ele>
        <time>2019-06-22T19:35:31Z</time>
      </trkpt>
      <trkpt lat="46.847844" lon="-121.702104">
        <ele>2852.1</ele>
        <time>2019-06-22T19:35:34Z</time>
      </trkpt>
      <trkpt lat="46.84786096215248" lon="-121.7020810302347">
        <ele>2852.1</ele>
        <time>2019-06-22T19:35:37Z</time>
      </trkpt>
      <trkpt lat="46.847872" lon="-121.702013">
        <ele>2852.4</ele>
        <time>2019-06-22T19:35:40Z</time>
      </trkpt>
      <trkpt lat="46.84789700433612" lon="-121.70195697806776">
        <ele>2847.9</ele>
        <time>2019-06-22T19:35:44Z</time>
      </trkpt>
      <trkpt lat="46.847877" lon="-121.701915">
        <ele>2845.7</ele>
        <time>2019-06-22T19:35:46Z</time>
      </trkpt>
      <trkpt lat="46.84788099490106" lon="-121.7018960416317">
        <ele>2846.1</ele>
        <time>2019-06-22T19:35:47Z</time>
      </trkpt>
      <trkpt lat="46.847935" lon="-121.70179">
        <ele>2839.4</ele>
        <time>2019-06-22T19:35:55Z</time>
      </trkpt>
      <trkpt lat="46.8479669932276" lon="-121.7018030025065">
        <ele>2838.0</ele>
        <time>2019-06-22T19:36:02Z</time>
      </trkpt>
      <trkpt lat="46.84798199683428" lon="-121.7017890047282">
        <ele>2836.8</ele>
        <time>2019-06-22T19:36:08Z</time>
      </trkpt>
      <trkpt lat="46.84799197129905" lon="-121.70173100195825">
        <ele>2836.1</ele>
        <time>2019-06-22T19:36:11Z</time>
      </trkpt>
      <trkpt lat="46.848031" lon="-121.701615">
        <ele>2834.3</ele>
        <time>2019-06-22T19:36:16Z</time>
      </trkpt>
      <trkpt lat="46.848037987947464" lon="-121.70158901251853">
        <ele>2834.3</ele>
        <time>2019-06-22T19:36:17Z</time>
      </trkpt>
      <trkpt lat="46.84807998128235" lon="-121.70147803612053">
        <ele>2833.5</ele>
        <time>2019-06-22T19:36:22Z</time>
      </trkpt>
      <trkpt lat="46.848104" lon="-121.701355">
        <ele>2833.7</ele>
        <time>2019-06-22T19:36:27Z</time>
      </trkpt>
      <trkpt lat="46.84811300598085" lon="-121.70132498256862">
        <ele>2834.1</ele>
        <time>2019-06-22T19:36:28Z</time>
      </trkpt>
      <trkpt lat="46.8481519818306" lon="-121.70121601782739">
        <ele>2833.3</ele>
        <time>2019-06-22T19:36:32Z</time>
      </trkpt>
      <trkpt lat="46.848193975165486" lon="-121.70104502700269">
        <ele>2830.9</ele>
        <time>2019-06-22T19:36:38Z</time>
      </trkpt>
      <trkpt lat="46.84823" lon="-121.700972">
        <ele>2828.5</ele>
        <time>2019-06-22T19:36:42Z</time>
      </trkpt>
      <trkpt lat="46.8482399918139" lon="-121.70100202783942">
        <ele>2828.2</ele>
        <time>2019-06-22T19:36:46Z</time>
      </trkpt>
      <trkpt lat="46.848265" lon="-121.700993">
        <ele>2828.7</ele>
        <time>2019-06-22T19:36:56Z</time>
      </trkpt>
      <trkpt lat="46.84824602678418" lon="-121.70098098926246">
        <ele>2825.3</ele>
        <time>2019-06-22T19:37:18Z</time>
      </trkpt>
      <trkpt lat="46.848235968500376" lon="-121.70087998732924">
        <ele>2824.6</ele>
        <time>2019-06-22T19:37:22Z</time>
      </trkpt>
      <trkpt lat="46.84826597571373" lon="-121.70062601566315">
        <ele>2823.6</ele>
        <time>2019-06-22T19:37:32Z</time>
      </trkpt>
      <trkpt lat="46.848302" lon="-121.700394">
        <ele>2815.4</ele>
        <time>2019-06-22T19:37:41Z</time>
      </trkpt>
      <trkpt lat="46.84830998070538" lon="-121.70036299154162">
        <ele>2815.9</ele>
        <time>2019-06-22T19:37:42Z</time>
      </trkpt>
      <trkpt lat="46.848319" lon="-121.7002">
        <ele>2817.7</ele>
        <time>2019-06-22T19:37:47Z</time>
      </trkpt>
      <trkpt lat="46.848357" lon="-121.700118">
        <ele>2814.8</ele>
        <time>2019-06-22T19:37:51Z</time>
      </trkpt>
      <trkpt lat="46.848362032324076" lon="-121.70009803958237">
        <ele>2814.9</ele>
        <time>2019-06-22T19:37:52Z</time>
      </trkpt>
      <trkpt lat="46.848365" lon="-121.700004">
        <ele>2813.2</ele>
        <time>2019-06-22T19:37:56Z</time>
      </trkpt>
      <trkpt lat="46.848398" lon="-121.699946">
        <ele>2811.5</ele>
        <time>2019-06-22T19:37:59Z</time>
      </trkpt>
      <trkpt lat="46.848408" lon="-121.699904">
        <ele>2811.4</ele>
        <time>2019-06-22T19:38:02Z</time>
      </trkpt>
      <trkpt lat="46.84841701760888" lon="-121.69984398409724">
        <ele>2812.0</ele>
        <time>2019-06-22T19:38:06Z</time>
      </trkpt>
      <trkpt lat="46.84840100817382" lon="-121.69981498271227">
        <ele>2810.4</ele>
        <time>2019-06-22T19:38:08Z</time>
      </trkpt>
      <trkpt lat="46.848305" lon="-121.69991">
        <ele>2810.5</ele>
        <time>2019-06-22T19:38:17Z</time>
      </trkpt>
      <trkpt lat="46.848252" lon="-121.699969">
        <ele>2809.2</ele>
        <time>2019-06-22T19:38:21Z</time>
      </trkpt>
      <trkpt lat="46.848234040662646" lon="-121.69995496049523">
        <ele>2807.5</ele>
        <time>2019-06-22T19:38:22Z</time>
      </trkpt>
      <trkpt lat="46.84821601957083" lon="-121.69991397298872">
        <ele>2806.0</ele>
        <time>2019-06-22T19:38:23Z</time>
      </trkpt>
      <trkpt lat="46.84821803122759" lon="-121.69981900602579">
        <ele>2804.6</ele>
        <time>2019-06-22T19:38:25Z</time>
      </trkpt>
      <trkpt lat="46.848255" lon="-121.699678">
        <ele>2803.1</ele>
        <time>2019-06-22T19:38:28Z</time>
      </trkpt>
      <trkpt lat="46.84826899319887" lon="-121.69963200576603">
        <ele>2803.2</ele>
        <time>2019-06-22T19:38:29Z</time>
      </trkpt>
      <trkpt lat="46.848323" lon="-121.699431">
        <ele>2800.0</ele>
        <time>2019-06-22T19:38:34Z</time>
      </trkpt>
      <trkpt lat="46.848269" lon="-121.699417">
        <ele>2797.0</ele>
        <time>2019-06-22T19:38:35Z</time>
      </trkpt>
      <trkpt lat="46.848246" lon="-121.699423">
        <ele>2796.9</ele>
        <time>2019-06-22T19:38:36Z</time>
      </trkpt>
      <trkpt lat="46.848239" lon="-121.699457">
        <ele>2796.2</ele>
        <time>2019-06-22T19:38:37Z</time>
      </trkpt>
      <trkpt lat="46.848202" lon="-121.699465">
        <ele>2795.3</ele>
        <time>2019-06-22T19:38:38Z</time>
      </trkpt>
      <trkpt lat="46.84818" lon="-121.699483">
        <ele>2794.6</ele>
        <time>2019-06-22T19:38:39Z</time>
      </trkpt>
      <trkpt lat="46.848170002922416" lon="-121.69949999079108">
        <ele>2793.4</ele>
        <time>2019-06-22T19:38:40Z</time>
      </trkpt>
      <trkpt lat="46.8481519818306" lon="-121.6994849871844">
        <ele>2792.5</ele>
        <time>2019-06-22T19:38:41Z</time>
      </trkpt>
      <trkpt lat="46.848161" lon="-121.699426">
        <ele>2792.7</ele>
        <time>2019-06-22T19:38:42Z</time>
      </trkpt>
      <trkpt lat="46.848183" lon="-121.699398">
        <ele>2791.2</ele>
        <time>2019-06-22T19:38:43Z</time>
      </trkpt>
      <trkpt lat="46.84819598682225" lon="-121.69935699552298">
        <ele>2791.6</ele>
        <time>2019-06-22T19:38:44Z</time>
      </trkpt>
      <trkpt lat="46.84818500652909" lon="-121.6992590110749">
        <ele>2791.9</ele>
        <time>2019-06-22T19:38:46Z</time>
      </trkpt>
      <trkpt lat="46.84822498820722" lon="-121.69917502440512">
        <ele>2790.7</ele>
        <time>2019-06-22T19:38:48Z</time>
      </trkpt>
      <trkpt lat="46.84823898598552" lon="-121.69913101941347">
        <ele>2790.5</ele>
        <time>2019-06-22T19:38:49Z</time>
      </trkpt>
      <trkpt lat="46.848362" lon="-121.698794">
        <ele>2784.9</ele>
        <time>2019-06-22T19:38:58Z</time>
      </trkpt>
      <trkpt lat="46.848377" lon="-121.698704">
        <ele>2784.6</ele>
        <time>2019-06-22T19:39:01Z</time>
      </trkpt>
      <trkpt lat="46.848386" lon="-121.698682">
        <ele>2783.8</ele>
        <time>2019-06-22T19:39:02Z</time>
      </trkpt>
      <trkpt lat="46.848406959325075" lon="-121.69867403805256">
        <ele>2783.4</ele>
        <time>2019-06-22T19:39:19Z</time>
      </trkpt>
      <trkpt lat="46.84845901094377" lon="-121.69851101003587">
        <ele>2779.5</ele>
        <time>2019-06-22T19:39:26Z</time>
      </trkpt>
      <trkpt lat="46.848449958488345" lon="-121.69846499338746">
        <ele>2782.4</ele>
        <time>2019-06-22T19:39:42Z</time>
      </trkpt>
      <trkpt lat="46.848486" lon="-121.698374">
        <ele>2781.9</ele>
        <time>2019-06-22T19:39:47Z</time>
      </trkpt>
      <trkpt lat="46.848504" lon="-121.698296">
        <ele>2779.1</ele>
        <time>2019-06-22T19:39:50Z</time>
      </trkpt>
      <trkpt lat="46.848515002056956" lon="-121.69822401367128">
        <ele>2776.7</ele>
        <time>2019-06-22T19:39:53Z</time>
      </trkpt>
      <trkpt lat="46.848583" lon="-121.698029">
        <ele>2774.5</ele>
        <time>2019-06-22T19:40:00Z</time>
      </trkpt>
      <trkpt lat="46.848597982898355" lon="-121.69798202812672">
        <ele>2773.8</ele>
        <time>2019-06-22T19:40:02Z</time>
      </trkpt>
      <trkpt lat="46.8485730048269" lon="-121.6979780048132">
        <ele>2769.5</ele>
        <time>2019-06-22T19:40:21Z</time>
      </trkpt>
      <trkpt lat="46.848567975685" lon="-121.69794598594308">
        <ele>2767.7</ele>
        <time>2019-06-22T19:40:35Z</time>
      </trkpt>
      <trkpt lat="46.848602" lon="-121.69786">
        <ele>2766.8</ele>
        <time>2019-06-22T19:40:40Z</time>
      </trkpt>
      <trkpt lat="46.848627" lon="-121.697827">
        <ele>2762.8</ele>
        <time>2019-06-22T19:40:43Z</time>
      </trkpt>
      <trkpt lat="46.84872" lon="-121.697549">
        <ele>2759.8</ele>
        <time>2019-06-22T19:40:53Z</time>
      </trkpt>
      <trkpt lat="46.84879797510803" lon="-121.69735598377883">
        <ele>2759.3</ele>
        <time>2019-06-22T19:40:58Z</time>
      </trkpt>
      <trkpt lat="46.848833" lon="-121.69715">
        <ele>2755.1</ele>
        <time>2019-06-22T19:41:03Z</time>
      </trkpt>
      <trkpt lat="46.84883703477681" lon="-121.69711701571941">
        <ele>2752.9</ele>
        <time>2019-06-22T19:41:04Z</time>
      </trkpt>
      <trkpt lat="46.84888" lon="-121.696949">
        <ele>2751.5</ele>
        <time>2019-06-22T19:41:08Z</time>
      </trkpt>
      <trkpt lat="46.84893703088164" lon="-121.69683496467769">
        <ele>2749.7</ele>
        <time>2019-06-22T19:41:11Z</time>
      </trkpt>
      <trkpt lat="46.848968" lon="-121.696749">
        <ele>2749.1</ele>
        <time>2019-06-22T19:41:13Z</time>
      </trkpt>
      <trkpt lat="46.848983969539404" lon="-121.69671200215816">
        <ele>2747.9</ele>
        <time>2019-06-22T19:41:14Z</time>
      </trkpt>
      <trkpt lat="46.849028980359435" lon="-121.69659096747637">
        <ele>2746.4</ele>
        <time>2019-06-22T19:41:17Z</time>
      </trkpt>
      <trkpt lat="46.84912101365626" lon="-121.69627396389842">
        <ele>2743.2</ele>
        <time>2019-06-22T19:41:24Z</time>
      </trkpt>
      <trkpt lat="46.849201" lon="-121.696072">
        <ele>2742.7</ele>
        <time>2019-06-22T19:41:29Z</time>
      </trkpt>
      <trkpt lat="46.849269" lon="-121.695993">
        <ele>2742.3</ele>
        <time>2019-06-22T19:41:33Z</time>
      </trkpt>
      <trkpt lat="46.849278" lon="-121.695971">
        <ele>2743.1</ele>
        <time>2019-06-22T19:41:34Z</time>
      </trkpt>
      <trkpt lat="46.849286975339055" lon="-121.6958920005709">
        <ele>2742.4</ele>
        <time>2019-06-22T19:41:37Z</time>
      </trkpt>
      <trkpt lat="46.849337" lon="-121.695749">
        <ele>2740.3</ele>
        <time>2019-06-22T19:41:43Z</time>
      </trkpt>
      <trkpt lat="46.84935696423054" lon="-121.6957289725542">
        <ele>2740.2</ele>
        <time>2019-06-22T19:41:44Z</time>
      </trkpt>
      <trkpt lat="46.849367" lon="-121.695696">
        <ele>2740.4</ele>
        <time>2019-06-22T19:41:47Z</time>
      </trkpt>
      <trkpt lat="46.849359" lon="-121.695652">
        <ele>2741.4</ele>
        <time>2019-06-22T19:42:36Z</time>
      </trkpt>
      <trkpt lat="46.84938202612102" lon="-121.69564398005605">
        <ele>2742.1</ele>
        <time>2019-06-22T19:42:41Z</time>
      </trkpt>
      <trkpt lat="46.84941899031401" lon="-121.6955770086497">
        <ele>2744.4</ele>
        <time>2019-06-22T19:42:55Z</time>
      </trkpt>
      <trkpt lat="46.849476" lon="-121.695513">
        <ele>2745.3</ele>
        <time>2019-06-22T19:43:05Z</time>
      </trkpt>
      <trkpt lat="46.84948202222586" lon="-121.69548204168677">
        <ele>2746.0</ele>
        <time>2019-06-22T19:43:09Z</time>
      </trkpt>
      <trkpt lat="46.849503982812166" lon="-121.69546301476657">
        <ele>2748.1</ele>
        <time>2019-06-22T19:43:13Z</time>
      </trkpt>
      <trkpt lat="46.849504" lon="-121.69543">
        <ele>2749.2</ele>
        <time>2019-06-22T19:43:50Z</time>
      </trkpt>
      <trkpt lat="46.849533" lon="-121.695432">
        <ele>2749.7</ele>
        <time>2019-06-22T19:44:04Z</time>
      </trkpt>
      <trkpt lat="46.849566" lon="-121.695384">
        <ele>2749.4</ele>
        <time>2019-06-22T19:44:38Z</time>
      </trkpt>
      <trkpt lat="46.849561" lon="-121.695346">
        <ele>2746.8</ele>
        <time>2019-06-22T19:45:32Z</time>
      </trkpt>
      <trkpt lat="46.849542036652565" lon="-121.69532203115523">
        <ele>2751.5</ele>
        <time>2019-06-22T19:46:40Z</time>
      </trkpt>
      <trkpt lat="46.849568" lon="-121.695327">
        <ele>2754.3</ele>
        <time>2019-06-22T19:46:50Z</time>
      </trkpt>
      <trkpt lat="46.849595" lon="-121.695283">
        <ele>2739.7</ele>
        <time>2019-06-22T19:52:44Z</time>
      </trkpt>
      <trkpt lat="46.84959199279547" lon="-121.69526897370815">
        <ele>2739.3</ele>
        <time>2019-06-22T19:52:46Z</time>
      </trkpt>
      <trkpt lat="46.849545976147056" lon="-121.69529302977026">
        <ele>2746.1</ele>
        <time>2019-06-22T19:52:57Z</time>
      </trkpt>
      <trkpt lat="46.849543" lon="-121.695331">
        <ele>2749.1</ele>
        <time>2019-06-22T19:53:11Z</time>
      </trkpt>
      <trkpt lat="46.849566008895636" lon="-121.69533996842802">
        <ele>2750.8</ele>
        <time>2019-06-22T20:04:53Z</time>
      </trkpt>
      <trkpt lat="46.84961495921016" lon="-121.69531901367009">
        <ele>2750.2</ele>
        <time>2019-06-22T20:05:10Z</time>
      </trkpt>
      <trkpt lat="46.849625" lon="-121.695283">
        <ele>2748.6</ele>
        <time>2019-06-22T20:05:30Z</time>
      </trkpt>
      <trkpt lat="46.84964" lon="-121.695262">
        <ele>2747.8</ele>
        <time>2019-06-22T20:05:41Z</time>
      </trkpt>
      <trkpt lat="46.84965896420181" lon="-121.69525598175824">
        <ele>2749.1</ele>
        <time>2019-06-22T20:05:44Z</time>
      </trkpt>
      <trkpt lat="46.849594" lon="-121.695294">
        <ele>2750.1</ele>
        <time>2019-06-22T20:05:46Z</time>
      </trkpt>
      <trkpt lat="46.8496179766953" lon="-121.69527299702168">
        <ele>2748.9</ele>
        <time>2019-06-22T20:05:48Z</time>
      </trkpt>
      <trkpt lat="46.8496370036155" lon="-121.69528900645673">
        <ele>2743.0</ele>
        <time>2019-06-22T20:06:02Z</time>
      </trkpt>
      <trkpt lat="46.84971" lon="-121.695291">
        <ele>2741.7</ele>
        <time>2019-06-22T20:06:16Z</time>
      </trkpt>
      <trkpt lat="46.84976" lon="-121.695313">
        <ele>2742.3</ele>
        <time>2019-06-22T20:06:21Z</time>
      </trkpt>
      <trkpt lat="46.8497749697417" lon="-121.69530401006341">
        <ele>2741.3</ele>
        <time>2019-06-22T20:06:23Z</time>
      </trkpt>
      <trkpt lat="46.849787" lon="-121.695264">
        <ele>2736.8</ele>
        <time>2019-06-22T20:09:14Z</time>
      </trkpt>
      <trkpt lat="46.84976700693369" lon="-121.69523997232318">
        <ele>2737.0</ele>
        <time>2019-06-22T20:09:21Z</time>
      </trkpt>
      <trkpt lat="46.849794" lon="-121.69524">
        <ele>2737.8</ele>
        <time>2019-06-22T20:09:40Z</time>
      </trkpt>
      <trkpt lat="46.84978301636875" lon="-121.69514098204672">
        <ele>2736.0</ele>
        <time>2019-06-22T20:10:18Z</time>
      </trkpt>
      <trkpt lat="46.849822" lon="-121.694966">
        <ele>2734.5</ele>
        <time>2019-06-22T20:10:28Z</time>
      </trkpt>
      <trkpt lat="46.84983003884554" lon="-121.69485599733889">
        <ele>2732.6</ele>
        <time>2019-06-22T20:10:32Z</time>
      </trkpt>
      <trkpt lat="46.849846" lon="-121.694662">
        <ele>2731.3</ele>
        <time>2019-06-22T20:10:41Z</time>
      </trkpt>
      <trkpt lat="46.84984898194671" lon="-121.69464100152254">
        <ele>2731.2</ele>
        <time>2019-06-22T20:10:42Z</time>
      </trkpt>
      <trkpt lat="46.84987002052367" lon="-121.69456497766078">
        <ele>2730.2</ele>
        <time>2019-06-22T20:10:44Z</time>
      </trkpt>
      <trkpt lat="46.849888" lon="-121.694405">
        <ele>2727.4</ele>
        <time>2019-06-22T20:10:51Z</time>
      </trkpt>
      <trkpt lat="46.849899" lon="-121.694194">
        <ele>2725.6</ele>
        <time>2019-06-22T20:10:59Z</time>
      </trkpt>
      <trkpt lat="46.84987303800881" lon="-121.69416197575629">
        <ele>2723.3</ele>
        <time>2019-06-22T20:11:10Z</time>
      </trkpt>
      <trkpt lat="46.849899" lon="-121.694082">
        <ele>2721.9</ele>
        <time>2019-06-22T20:11:14Z</time>
      </trkpt>
      <trkpt lat="46.849903" lon="-121.694003">
        <ele>2720.6</ele>
        <time>2019-06-22T20:11:18Z</time>
      </trkpt>
      <trkpt lat="46.849918" lon="-121.693958">
        <ele>2719.9</ele>
        <time>2019-06-22T20:11:27Z</time>
      </trkpt>
      <trkpt lat="46.84993498027325" lon="-121.69387397356331">
        <ele>2718.1</ele>
        <time>2019-06-22T20:11:30Z</time>
      </trkpt>
      <trkpt lat="46.849922" lon="-121.693779">
        <ele>2717.8</ele>
        <time>2019-06-22T20:11:33Z</time>
      </trkpt>
      <trkpt lat="46.849936" lon="-121.693706">
        <ele>2718.9</ele>
        <time>2019-06-22T20:11:35Z</time>
      </trkpt>
      <trkpt lat="46.849927" lon="-121.693498">
        <ele>2715.8</ele>
        <time>2019-06-22T20:11:43Z</time>
      </trkpt>
      <trkpt lat="46.849955" lon="-121.693299">
        <ele>2713.3</ele>
        <time>2019-06-22T20:11:48Z</time>
      </trkpt>
      <trkpt lat="46.849962" lon="-121.693106">
        <ele>2709.8</ele>
        <time>2019-06-22T20:12:20Z</time>
      </trkpt>
      <trkpt lat="46.84998803772032" lon="-121.69297995977104">
        <ele>2707.4</ele>
        <time>2019-06-22T20:12:25Z</time>
      </trkpt>
      <trkpt lat="46.85002" lon="-121.692848">
        <ele>2706.0</ele>
        <time>2019-06-22T20:12:29Z</time>
      </trkpt>
      <trkpt lat="46.850026" lon="-121.692745">
        <ele>2704.1</ele>
        <time>2019-06-22T20:12:32Z</time>
      </trkpt>
      <trkpt lat="46.85004897415638" lon="-121.69265298172832">
        <ele>2703.1</ele>
        <time>2019-06-22T20:12:35Z</time>
      </trkpt>
      <trkpt lat="46.85005500912666" lon="-121.69250998646021">
        <ele>2701.4</ele>
        <time>2019-06-22T20:12:39Z</time>
      </trkpt>
      <trkpt lat="46.850094" lon="-121.692302">
        <ele>2699.5</ele>
        <time>2019-06-22T20:12:44Z</time>
      </trkpt>
      <trkpt lat="46.85010898858309" lon="-121.69226800091565">
        <ele>2699.5</ele>
        <time>2019-06-22T20:12:44Z</time>
      </trkpt>
      <trkpt lat="46.850159" lon="-121.692051">
        <ele>2697.9</ele>
        <time>2019-06-22T20:12:50Z</time>
      </trkpt>
      <trkpt lat="46.850174" lon="-121.691881">
        <ele>2696.2</ele>
        <time>2019-06-22T20:12:54Z</time>
      </trkpt>
      <trkpt lat="46.85018098913133" lon="-121.69183901511133">
        <ele>2695.9</ele>
        <time>2019-06-22T20:12:55Z</time>
      </trkpt>
      <trkpt lat="46.850232" lon="-121.691666">
        <ele>2693.3</ele>
        <time>2019-06-22T20:12:59Z</time>
      </trkpt>
      <trkpt lat="46.850233" lon="-121.691481">
        <ele>2687.9</ele>
        <time>2019-06-22T20:13:04Z</time>
      </trkpt>
      <trkpt lat="46.850232034921646" lon="-121.69144799932837">
        <ele>2686.9</ele>
        <time>2019-06-22T20:13:05Z</time>
      </trkpt>
      <trkpt lat="46.850237" lon="-121.691349">
        <ele>2685.4</ele>
        <time>2019-06-22T20:13:08Z</time>
      </trkpt>
      <trkpt lat="46.85022700577974" lon="-121.69131497852504">
        <ele>2686.0</ele>
        <time>2019-06-22T20:13:11Z</time>
      </trkpt>
      <trkpt lat="46.850154" lon="-121.691344">
        <ele>2684.0</ele>
        <time>2019-06-22T20:13:24Z</time>
      </trkpt>
      <trkpt lat="46.850187" lon="-121.691346">
        <ele>2684.7</ele>
        <time>2019-06-22T20:13:27Z</time>
      </trkpt>
      <trkpt lat="46.85024603269994" lon="-121.69134004041553">
        <ele>2685.9</ele>
        <time>2019-06-22T20:13:29Z</time>
      </trkpt>
      <trkpt lat="46.85024502687156" lon="-121.69125798158348">
        <ele>2683.0</ele>
        <time>2019-06-22T20:13:44Z</time>
      </trkpt>
      <trkpt lat="46.85028802603483" lon="-121.69101297855377">
        <ele>2681.5</ele>
        <time>2019-06-22T20:13:51Z</time>
      </trkpt>
      <trkpt lat="46.850266" lon="-121.690992">
        <ele>2679.9</ele>
        <time>2019-06-22T20:14:03Z</time>
      </trkpt>
      <trkpt lat="46.85023999772966" lon="-121.69098800048232">
        <ele>2680.0</ele>
        <time>2019-06-22T20:14:11Z</time>
      </trkpt>
      <trkpt lat="46.850234968587756" lon="-121.69096503406763">
        <ele>2678.9</ele>
        <time>2019-06-22T20:14:13Z</time>
      </trkpt>
      <trkpt lat="46.850298" lon="-121.690829">
        <ele>2675.6</ele>
        <time>2019-06-22T20:14:18Z</time>
      </trkpt>
      <trkpt lat="46.850315015763044" lon="-121.69079999439418">
        <ele>2674.3</ele>
        <time>2019-06-22T20:14:19Z</time>
      </trkpt>
      <trkpt lat="46.85035399161279" lon="-121.69070402160287">
        <ele>2674.0</ele>
        <time>2019-06-22T20:14:22Z</time>
      </trkpt>
      <trkpt lat="46.850382" lon="-121.690572">
        <ele>2672.5</ele>
        <time>2019-06-22T20:14:25Z</time>
      </trkpt>
      <trkpt lat="46.85045097023249" lon="-121.69039900414646">
        <ele>2669.7</ele>
        <time>2019-06-22T20:14:29Z</time>
      </trkpt>
      <trkpt lat="46.850492" lon="-121.690272">
        <ele>2667.5</ele>
        <time>2019-06-22T20:14:32Z</time>
      </trkpt>
      <trkpt lat="46.85050503350794" lon="-121.69019096530974">
        <ele>2665.2</ele>
        <time>2019-06-22T20:14:34Z</time>
      </trkpt>
      <trkpt lat="46.850582" lon="-121.689993">
        <ele>2661.3</ele>
        <time>2019-06-22T20:14:38Z</time>
      </trkpt>
      <trkpt lat="46.850597" lon="-121.689942">
        <ele>2661.4</ele>
        <time>2019-06-22T20:14:39Z</time>
      </trkpt>
      <trkpt lat="46.850619027391076" lon="-121.68988502584398">
        <ele>2660.5</ele>
        <time>2019-06-22T20:14:40Z</time>
      </trkpt>
      <trkpt lat="46.850689" lon="-121.689827">
        <ele>2659.6</ele>
        <time>2019-06-22T20:14:41Z</time>
      </trkpt>
      <trkpt lat="46.850714" lon="-121.689722">
        <ele>2656.1</ele>
        <time>2019-06-22T20:14:43Z</time>
      </trkpt>
      <trkpt lat="46.850739" lon="-121.689668">
        <ele>2654.9</ele>
        <time>2019-06-22T20:14:44Z</time>
      </trkpt>
      <trkpt lat="46.850728" lon="-121.689639">
        <ele>2654.7</ele>
        <time>2019-06-22T20:14:44Z</time>
      </trkpt>
      <trkpt lat="46.850745" lon="-121.689567">
        <ele>2654.3</ele>
        <time>2019-06-22T20:14:46Z</time>
      </trkpt>
      <trkpt lat="46.85073" lon="-121.689504">
        <ele>2653.1</ele>
        <time>2019-06-22T20:14:47Z</time>
      </trkpt>
      <trkpt lat="46.85075498186052" lon="-121.689448999241">
        <ele>2650.8</ele>
        <time>2019-06-22T20:14:48Z</time>
      </trkpt>
      <trkpt lat="46.85077602043748" lon="-121.68938496150076">
        <ele>2650.6</ele>
        <time>2019-06-22T20:14:49Z</time>
      </trkpt>
      <trkpt lat="46.850824" lon="-121.689191">
        <ele>2648.6</ele>
        <time>2019-06-22T20:14:52Z</time>
      </trkpt>
      <trkpt lat="46.85086796991527" lon="-121.68911498039961">
        <ele>2647.0</ele>
        <time>2019-06-22T20:14:53Z</time>
      </trkpt>
      <trkpt lat="46.850983" lon="-121.688701">
        <ele>2641.6</ele>
        <time>2019-06-22T20:14:58Z</time>
      </trkpt>
      <trkpt lat="46.85100903734565" lon="-121.68861902318895">
        <ele>2640.0</ele>
        <time>2019-06-22T20:14:59Z</time>
      </trkpt>
      <trkpt lat="46.851058" lon="-121.688405">
        <ele>2635.6</ele>
        <time>2019-06-22T20:15:02Z</time>
      </trkpt>
      <trkpt lat="46.851187" lon="-121.688004">
        <ele>2629.6</ele>
        <time>2019-06-22T20:15:08Z</time>
      </trkpt>
      <trkpt lat="46.85120802372694" lon="-121.68792600743473">
        <ele>2629.1</ele>
        <time>2019-06-22T20:15:09Z</time>
      </trkpt>
      <trkpt lat="46.851344" lon="-121.687288">
        <ele>2621.2</ele>
        <time>2019-06-22T20:15:18Z</time>
      </trkpt>
      <trkpt lat="46.8513619992882" lon="-121.68721597641706">
        <ele>2620.8</ele>
        <time>2019-06-22T20:15:19Z</time>
      </trkpt>
      <trkpt lat="46.851401" lon="-121.687074">
        <ele>2619.8</ele>
        <time>2019-06-22T20:15:21Z</time>
      </trkpt>
      <trkpt lat="46.85140499845147" lon="-121.68701699003577">
        <ele>2619.5</ele>
        <time>2019-06-22T20:15:22Z</time>
      </trkpt>
      <trkpt lat="46.85143802314997" lon="-121.68696200475097">
        <ele>2619.1</ele>
        <time>2019-06-22T20:15:23Z</time>
      </trkpt>
      <trkpt lat="46.851465" lon="-121.686839">
        <ele>2619.2</ele>
        <time>2019-06-22T20:15:26Z</time>
      </trkpt>
      <trkpt lat="46.8515139631927" lon="-121.68672496452928">
        <ele>2617.8</ele>
        <time>2019-06-22T20:15:29Z</time>
      </trkpt>
      <trkpt lat="46.851555" lon="-121.686637">
        <ele>2616.7</ele>
        <time>2019-06-22T20:15:32Z</time>
      </trkpt>
      <trkpt lat="46.85157003812492" lon="-121.68657601810992">
        <ele>2616.1</ele>
        <time>2019-06-22T20:15:34Z</time>
      </trkpt>
      <trkpt lat="46.851623" lon="-121.686485">
        <ele>2613.9</ele>
        <time>2019-06-22T20:15:38Z</time>
      </trkpt>
      <trkpt lat="46.85163600370288" lon="-121.68644903227687">
        <ele>2613.3</ele>
        <time>2019-06-22T20:15:40Z</time>
      </trkpt>
      <trkpt lat="46.851625" lon="-121.686447">
        <ele>2611.8</ele>
        <time>2019-06-22T20:15:43Z</time>
      </trkpt>
      <trkpt lat="46.851658" lon="-121.686471">
        <ele>2610.9</ele>
        <time>2019-06-22T20:15:44Z</time>
      </trkpt>
      <trkpt lat="46.85168595984578" lon="-121.68644702062011">
        <ele>2608.2</ele>
        <time>2019-06-22T20:15:44Z</time>
      </trkpt>
      <trkpt lat="46.851715" lon="-121.686387">
        <ele>2608.2</ele>
        <time>2019-06-22T20:15:46Z</time>
      </trkpt>
      <trkpt lat="46.85172200202942" lon="-121.68633503839374">
        <ele>2608.2</ele>
        <time>2019-06-22T20:15:48Z</time>
      </trkpt>
      <trkpt lat="46.85169702395797" lon="-121.68634300120175">
        <ele>2606.6</ele>
        <time>2019-06-22T20:16:04Z</time>
      </trkpt>
      <trkpt lat="46.851712027564645" lon="-121.6863730084151">
        <ele>2606.8</ele>
        <time>2019-06-22T20:16:27Z</time>
      </trkpt>
      <trkpt lat="46.8517919909209" lon="-121.68614602647722">
        <ele>2606.7</ele>
        <time>2019-06-22T20:17:35Z</time>
      </trkpt>
      <trkpt lat="46.8518110178411" lon="-121.68610998429358">
        <ele>2607.1</ele>
        <time>2019-06-22T20:17:36Z</time>
      </trkpt>
      <trkpt lat="46.85182803310454" lon="-121.686045024544">
        <ele>2607.1</ele>
        <time>2019-06-22T20:17:38Z</time>
      </trkpt>
      <trkpt lat="46.851829" lon="-121.685913">
        <ele>2607.2</ele>
        <time>2019-06-22T20:17:42Z</time>
      </trkpt>
      <trkpt lat="46.851841" lon="-121.685847">
        <ele>2607.0</ele>
        <time>2019-06-22T20:17:44Z</time>
      </trkpt>
      <trkpt lat="46.85183499008417" lon="-121.68582701124251">
        <ele>2606.9</ele>
        <time>2019-06-22T20:17:44Z</time>
      </trkpt>
      <trkpt lat="46.85183700174093" lon="-121.68578904122114">
        <ele>2607.0</ele>
        <time>2019-06-22T20:17:46Z</time>
      </trkpt>
      <trkpt lat="46.851842" lon="-121.685524">
        <ele>2605.4</ele>
        <time>2019-06-22T20:17:55Z</time>
      </trkpt>
      <trkpt lat="46.851840019226074" lon="-121.68549701571465">
        <ele>2605.6</ele>
        <time>2019-06-22T20:17:56Z</time>
      </trkpt>
      <trkpt lat="46.851827" lon="-121.68544">
        <ele>2605.0</ele>
        <time>2019-06-22T20:18:00Z</time>
      </trkpt>
      <trkpt lat="46.85181001201272" lon="-121.68546298518777">
        <ele>2605.1</ele>
        <time>2019-06-22T20:18:38Z</time>
      </trkpt>
      <trkpt lat="46.85178796760738" lon="-121.68545996770263">
        <ele>2605.7</ele>
        <time>2019-06-22T20:18:41Z</time>
      </trkpt>
      <trkpt lat="46.851777" lon="-121.685354">
        <ele>2606.3</ele>
        <time>2019-06-22T20:18:55Z</time>
      </trkpt>
      <trkpt lat="46.851748" lon="-121.685328">
        <ele>2606.7</ele>
        <time>2019-06-22T20:18:58Z</time>
      </trkpt>
      <trkpt lat="46.851707" lon="-121.685304">
        <ele>2607.2</ele>
        <time>2019-06-22T20:19:04Z</time>
      </trkpt>
      <trkpt lat="46.851694006472826" lon="-121.68525503017008">
        <ele>2608.5</ele>
        <time>2019-06-22T20:19:08Z</time>
      </trkpt>
      <trkpt lat="46.851674" lon="-121.685241">
        <ele>2608.3</ele>
        <time>2019-06-22T20:19:10Z</time>
      </trkpt>
      <trkpt lat="46.851653" lon="-121.685251">
        <ele>2608.6</ele>
        <time>2019-06-22T20:19:14Z</time>
      </trkpt>
      <trkpt lat="46.85163399204612" lon="-121.68523097410798">
        <ele>2609.1</ele>
        <time>2019-06-22T20:19:16Z</time>
      </trkpt>
      <trkpt lat="46.851611" lon="-121.685229">
        <ele>2608.3</ele>
        <time>2019-06-22T20:19:18Z</time>
      </trkpt>
      <trkpt lat="46.851587975397706" lon="-121.6852439660579">
        <ele>2606.1</ele>
        <time>2019-06-22T20:19:20Z</time>
      </trkpt>
      <trkpt lat="46.85158001258969" lon="-121.68526098132133">
        <ele>2606.2</ele>
        <time>2019-06-22T20:19:21Z</time>
      </trkpt>
      <trkpt lat="46.851509" lon="-121.685197">
        <ele>2606.8</ele>
        <time>2019-06-22T20:19:33Z</time>
      </trkpt>
      <trkpt lat="46.851469" lon="-121.685101">
        <ele>2608.7</ele>
        <time>2019-06-22T20:19:44Z</time>
      </trkpt>
      <trkpt lat="46.85148797929287" lon="-121.68512603268027">
        <ele>2607.5</ele>
        <time>2019-06-22T20:19:44Z</time>
      </trkpt>
      <trkpt lat="46.8514500092715" lon="-121.68504104018211">
        <ele>2606.9</ele>
        <time>2019-06-22T20:19:52Z</time>
      </trkpt>
      <trkpt lat="46.85139804147184" lon="-121.68499703519046">
        <ele>2606.3</ele>
        <time>2019-06-22T20:19:59Z</time>
      </trkpt>
      <trkpt lat="46.85142" lon="-121.684983">
        <ele>2604.0</ele>
        <time>2019-06-22T20:20:18Z</time>
      </trkpt>
      <trkpt lat="46.85141899622977" lon="-121.68488899245858">
        <ele>2602.7</ele>
        <time>2019-06-22T20:20:22Z</time>
      </trkpt>
      <trkpt lat="46.85143902897835" lon="-121.68476996943355">
        <ele>2601.4</ele>
        <time>2019-06-22T20:20:26Z</time>
      </trkpt>
      <trkpt lat="46.851438" lon="-121.68466">
        <ele>2600.6</ele>
        <time>2019-06-22T20:20:29Z</time>
      </trkpt>
      <trkpt lat="46.85144003480673" lon="-121.68461398221552">
        <ele>2600.7</ele>
        <time>2019-06-22T20:20:30Z</time>
      </trkpt>
      <trkpt lat="46.85143802314997" lon="-121.68456201441586">
        <ele>2600.2</ele>
        <time>2019-06-22T20:20:32Z</time>
      </trkpt>
      <trkpt lat="46.851413" lon="-121.684443">
        <ele>2599.6</ele>
        <time>2019-06-22T20:20:36Z</time>
      </trkpt>
      <trkpt lat="46.85142000205815" lon="-121.68435498140752">
        <ele>2599.0</ele>
        <time>2019-06-22T20:20:39Z</time>
      </trkpt>
      <trkpt lat="46.85142603702843" lon="-121.68433302082121">
        <ele>2598.9</ele>
        <time>2019-06-22T20:20:40Z</time>
      </trkpt>
      <trkpt lat="46.851449" lon="-121.684163">
        <ele>2596.2</ele>
        <time>2019-06-22T20:20:47Z</time>
      </trkpt>
      <trkpt lat="46.851453026756644" lon="-121.68417099863291">
        <ele>2594.7</ele>
        <time>2019-06-22T20:20:50Z</time>
      </trkpt>
      <trkpt lat="46.851456" lon="-121.684124">
        <ele>2593.7</ele>
        <time>2019-06-22T20:20:51Z</time>
      </trkpt>
      <trkpt lat="46.851452020928264" lon="-121.68407997116446">
        <ele>2593.9</ele>
        <time>2019-06-22T20:20:52Z</time>
      </trkpt>
      <trkpt lat="46.851425" lon="-121.683886">
        <ele>2592.4</ele>
        <time>2019-06-22T20:20:57Z</time>
      </trkpt>
      <trkpt lat="46.851426" lon="-121.683797">
        <ele>2591.9</ele>
        <time>2019-06-22T20:20:59Z</time>
      </trkpt>
      <trkpt lat="46.85139896348119" lon="-121.68376196175814">
        <ele>2590.7</ele>
        <time>2019-06-22T20:21:00Z</time>
      </trkpt>
      <trkpt lat="46.851397" lon="-121.683722">
        <ele>2590.5</ele>
        <time>2019-06-22T20:21:01Z</time>
      </trkpt>
      <trkpt lat="46.85140097513795" lon="-121.68369096703827">
        <ele>2590.5</ele>
        <time>2019-06-22T20:21:02Z</time>
      </trkpt>
      <trkpt lat="46.851416" lon="-121.683642">
        <ele>2589.3</ele>
        <time>2019-06-22T20:21:04Z</time>
      </trkpt>
      <trkpt lat="46.851491" lon="-121.683609">
        <ele>2588.3</ele>
        <time>2019-06-22T20:21:07Z</time>
      </trkpt>
      <trkpt lat="46.85149" lon="-121.683535">
        <ele>2588.9</ele>
        <time>2019-06-22T20:21:08Z</time>
      </trkpt>
      <trkpt lat="46.851503" lon="-121.683495">
        <ele>2589.0</ele>
        <time>2019-06-22T20:21:09Z</time>
      </trkpt>
      <trkpt lat="46.851542" lon="-121.68346">
        <ele>2587.7</ele>
        <time>2019-06-22T20:21:10Z</time>
      </trkpt>
      <trkpt lat="46.851546" lon="-121.683403">
        <ele>2586.2</ele>
        <time>2019-06-22T20:21:11Z</time>
      </trkpt>
      <trkpt lat="46.851539025083184" lon="-121.68333498761058">
        <ele>2585.5</ele>
        <time>2019-06-22T20:21:12Z</time>
      </trkpt>
      <trkpt lat="46.851533" lon="-121.683135">
        <ele>2582.8</ele>
        <time>2019-06-22T20:21:16Z</time>
      </trkpt>
      <trkpt lat="46.85157900676131" lon="-121.68304799124599">
        <ele>2580.2</ele>
        <time>2019-06-22T20:21:18Z</time>
      </trkpt>
      <trkpt lat="46.851607" lon="-121.682849">
        <ele>2578.2</ele>
        <time>2019-06-22T20:21:21Z</time>
      </trkpt>
      <trkpt lat="46.85162301175296" lon="-121.68264700099826">
        <ele>2576.8</ele>
        <time>2019-06-22T20:21:24Z</time>
      </trkpt>
      <trkpt lat="46.851618" lon="-121.682406">
        <ele>2574.6</ele>
        <time>2019-06-22T20:21:28Z</time>
      </trkpt>
      <trkpt lat="46.851626" lon="-121.682246">
        <ele>2572.9</ele>
        <time>2019-06-22T20:21:31Z</time>
      </trkpt>
      <trkpt lat="46.851626029238105" lon="-121.68218901380897">
        <ele>2572.7</ele>
        <time>2019-06-22T20:21:32Z</time>
      </trkpt>
      <trkpt lat="46.85161697678268" lon="-121.68207401409745">
        <ele>2571.9</ele>
        <time>2019-06-22T20:21:34Z</time>
      </trkpt>
      <trkpt lat="46.851665" lon="-121.681675">
        <ele>2568.1</ele>
        <time>2019-06-22T20:21:41Z</time>
      </trkpt>
      <trkpt lat="46.851670034229755" lon="-121.6816140152514">
        <ele>2566.9</ele>
        <time>2019-06-22T20:21:42Z</time>
      </trkpt>
      <trkpt lat="46.851684" lon="-121.681355">
        <ele>2565.7</ele>
        <time>2019-06-22T20:21:46Z</time>
      </trkpt>
      <trkpt lat="46.8517090100795" lon="-121.68121201917529">
        <ele>2564.0</ele>
        <time>2019-06-22T20:21:48Z</time>
      </trkpt>
      <trkpt lat="46.85172200202942" lon="-121.68101797811687">
        <ele>2562.4</ele>
        <time>2019-06-22T20:21:51Z</time>
      </trkpt>
      <trkpt lat="46.85172099620104" lon="-121.68096701614559">
        <ele>2562.1</ele>
        <time>2019-06-22T20:21:52Z</time>
      </trkpt>
      <trkpt lat="46.851731" lon="-121.680702">
        <ele>2559.3</ele>
        <time>2019-06-22T20:21:57Z</time>
      </trkpt>
      <trkpt lat="46.851755" lon="-121.680562">
        <ele>2558.1</ele>
        <time>2019-06-22T20:21:59Z</time>
      </trkpt>
      <trkpt lat="46.85176600702107" lon="-121.6803739964962">
        <ele>2556.2</ele>
        <time>2019-06-22T20:22:02Z</time>
      </trkpt>
      <trkpt lat="46.85172895900905" lon="-121.6800790373236">
        <ele>2554.5</ele>
        <time>2019-06-22T20:22:09Z</time>
      </trkpt>
      <trkpt lat="46.851709" lon="-121.680053">
        <ele>2551.7</ele>
        <time>2019-06-22T20:22:23Z</time>
      </trkpt>
      <trkpt lat="46.85172895900905" lon="-121.6800129879266">
        <ele>2547.7</ele>
        <time>2019-06-22T20:22:26Z</time>
      </trkpt>
      <trkpt lat="46.851729" lon="-121.680041">
        <ele>2547.2</ele>
        <time>2019-06-22T20:24:36Z</time>
      </trkpt>
      <trkpt lat="46.85176" lon="-121.680048">
        <ele>2545.3</ele>
        <time>2019-06-22T20:24:38Z</time>
      </trkpt>
      <trkpt lat="46.851778" lon="-121.680011">
        <ele>2545.2</ele>
        <time>2019-06-22T20:24:39Z</time>
      </trkpt>
      <trkpt lat="46.85178897343576" lon="-121.67995397932827">
        <ele>2544.1</ele>
        <time>2019-06-22T20:24:40Z</time>
      </trkpt>
      <trkpt lat="46.851789" lon="-121.679783">
        <ele>2543.7</ele>
        <time>2019-06-22T20:24:43Z</time>
      </trkpt>
      <trkpt lat="46.85179098509252" lon="-121.67972900904715">
        <ele>2543.6</ele>
        <time>2019-06-22T20:24:44Z</time>
      </trkpt>
      <trkpt lat="46.851848" lon="-121.67919">
        <ele>2539.2</ele>
        <time>2019-06-22T20:24:53Z</time>
      </trkpt>
      <trkpt lat="46.85185602866113" lon="-121.67913297191262">
        <ele>2538.5</ele>
        <time>2019-06-22T20:24:54Z</time>
      </trkpt>
      <trkpt lat="46.851944" lon="-121.678625">
        <ele>2533.9</ele>
        <time>2019-06-22T20:25:03Z</time>
      </trkpt>
      <trkpt lat="46.85195895843208" lon="-121.6785609908402">
        <ele>2533.1</ele>
        <time>2019-06-22T20:25:04Z</time>
      </trkpt>
      <trkpt lat="46.852015" lon="-121.678088">
        <ele>2529.7</ele>
        <time>2019-06-22T20:25:13Z</time>
      </trkpt>
      <trkpt lat="46.85202199034393" lon="-121.6780429892242">
        <ele>2529.1</ele>
        <time>2019-06-22T20:25:14Z</time>
      </trkpt>
      <trkpt lat="46.85205903835595" lon="-121.67783604003489">
        <ele>2528.1</ele>
        <time>2019-06-22T20:25:18Z</time>
      </trkpt>
      <trkpt lat="46.852091" lon="-121.677587">
        <ele>2526.8</ele>
        <time>2019-06-22T20:25:23Z</time>
      </trkpt>
      <trkpt lat="46.852100025862455" lon="-121.67753404006362">
        <ele>2526.5</ele>
        <time>2019-06-22T20:25:24Z</time>
      </trkpt>
      <trkpt lat="46.852144" lon="-121.677101">
        <ele>2524.4</ele>
        <time>2019-06-22T20:25:33Z</time>
      </trkpt>
      <trkpt lat="46.85214998200536" lon="-121.6770530026406">
        <ele>2523.5</ele>
        <time>2019-06-22T20:25:34Z</time>
      </trkpt>
      <trkpt lat="46.852164" lon="-121.676906">
        <ele>2522.6</ele>
        <time>2019-06-22T20:25:37Z</time>
      </trkpt>
      <trkpt lat="46.852161" lon="-121.676776">
        <ele>2521.9</ele>
        <time>2019-06-22T20:25:41Z</time>
      </trkpt>
      <trkpt lat="46.85217797756195" lon="-121.67674203403294">
        <ele>2521.6</ele>
        <time>2019-06-22T20:25:42Z</time>
      </trkpt>
      <trkpt lat="46.85221603140235" lon="-121.67670900933444">
        <ele>2520.6</ele>
        <time>2019-06-22T20:25:43Z</time>
      </trkpt>
      <trkpt lat="46.85222298838198" lon="-121.67664497159421">
        <ele>2519.8</ele>
        <time>2019-06-22T20:25:44Z</time>
      </trkpt>
      <trkpt lat="46.85222500003874" lon="-121.67650499381125">
        <ele>2519.0</ele>
        <time>2019-06-22T20:25:46Z</time>
      </trkpt>
      <trkpt lat="46.852209996432066" lon="-121.67638898827136">
        <ele>2519.4</ele>
        <time>2019-06-22T20:25:48Z</time>
      </trkpt>
      <trkpt lat="46.852201" lon="-121.676114">
        <ele>2517.5</ele>
        <time>2019-06-22T20:25:53Z</time>
      </trkpt>
      <trkpt lat="46.85219801031053" lon="-121.67605597525835">
        <ele>2517.2</ele>
        <time>2019-06-22T20:25:54Z</time>
      </trkpt>
      <trkpt lat="46.852168" lon="-121.675667">
        <ele>2515.1</ele>
        <time>2019-06-22T20:26:03Z</time>
      </trkpt>
      <trkpt lat="46.852168" lon="-121.675626">
        <ele>2513.6</ele>
        <time>2019-06-22T20:26:04Z</time>
      </trkpt>
      <trkpt lat="46.852177" lon="-121.67558">
        <ele>2513.2</ele>
        <time>2019-06-22T20:26:05Z</time>
      </trkpt>
      <trkpt lat="46.852237" lon="-121.675603">
        <ele>2512.2</ele>
        <time>2019-06-22T20:26:06Z</time>
      </trkpt>
      <trkpt lat="46.85226598754525" lon="-121.67554995976388">
        <ele>2511.2</ele>
        <time>2019-06-22T20:26:07Z</time>
      </trkpt>
      <trkpt lat="46.85226799920201" lon="-121.67538600973785">
        <ele>2509.2</ele>
        <time>2019-06-22T20:26:10Z</time>
      </trkpt>
      <trkpt lat="46.852232962846756" lon="-121.67516699060798">
        <ele>2507.7</ele>
        <time>2019-06-22T20:26:14Z</time>
      </trkpt>
      <trkpt lat="46.852232" lon="-121.675072">
        <ele>2508.0</ele>
        <time>2019-06-22T20:26:16Z</time>
      </trkpt>
      <trkpt lat="46.85228995978832" lon="-121.675063977018">
        <ele>2505.7</ele>
        <time>2019-06-22T20:26:17Z</time>
      </trkpt>
      <trkpt lat="46.852318" lon="-121.67496">
        <ele>2503.6</ele>
        <time>2019-06-22T20:26:19Z</time>
      </trkpt>
      <trkpt lat="46.85230102390051" lon="-121.6748980153352">
        <ele>2503.9</ele>
        <time>2019-06-22T20:26:20Z</time>
      </trkpt>
      <trkpt lat="46.852362" lon="-121.674765">
        <ele>2503.5</ele>
        <time>2019-06-22T20:26:23Z</time>
      </trkpt>
      <trkpt lat="46.85237000696361" lon="-121.674693999812">
        <ele>2501.8</ele>
        <time>2019-06-22T20:26:24Z</time>
      </trkpt>
      <trkpt lat="46.85233" lon="-121.674465">
        <ele>2500.3</ele>
        <time>2019-06-22T20:26:28Z</time>
      </trkpt>
      <trkpt lat="46.8522359803319" lon="-121.67423198930919">
        <ele>2498.4</ele>
        <time>2019-06-22T20:26:34Z</time>
      </trkpt>
      <trkpt lat="46.852163" lon="-121.674041">
        <ele>2496.5</ele>
        <time>2019-06-22T20:26:40Z</time>
      </trkpt>
      <trkpt lat="46.852168" lon="-121.674003">
        <ele>2495.2</ele>
        <time>2019-06-22T20:26:41Z</time>
      </trkpt>
      <trkpt lat="46.852189" lon="-121.673969">
        <ele>2494.3</ele>
        <time>2019-06-22T20:26:42Z</time>
      </trkpt>
      <trkpt lat="46.85222298838198" lon="-121.67394700460136">
        <ele>2494.0</ele>
        <time>2019-06-22T20:26:43Z</time>
      </trkpt>
      <trkpt lat="46.85223899781704" lon="-121.67390199378133">
        <ele>2491.6</ele>
        <time>2019-06-22T20:26:44Z</time>
      </trkpt>
      <trkpt lat="46.85224201530218" lon="-121.67380803264678">
        <ele>2491.2</ele>
        <time>2019-06-22T20:26:46Z</time>
      </trkpt>
      <trkpt lat="46.852319" lon="-121.673785">
        <ele>2488.4</ele>
        <time>2019-06-22T20:26:48Z</time>
      </trkpt>
      <trkpt lat="46.852358" lon="-121.673755">
        <ele>2487.4</ele>
        <time>2019-06-22T20:26:49Z</time>
      </trkpt>
      <trkpt lat="46.85238702222705" lon="-121.67371097020805">
        <ele>2487.2</ele>
        <time>2019-06-22T20:26:50Z</time>
      </trkpt>
      <trkpt lat="46.852363" lon="-121.673656">
        <ele>2486.1</ele>
        <time>2019-06-22T20:26:51Z</time>
      </trkpt>
      <trkpt lat="46.852312004193664" lon="-121.67360703460872">
        <ele>2484.4</ele>
        <time>2019-06-22T20:26:54Z</time>
      </trkpt>
      <trkpt lat="46.852276" lon="-121.67353">
        <ele>2482.7</ele>
        <time>2019-06-22T20:27:31Z</time>
      </trkpt>
      <trkpt lat="46.85228995978832" lon="-121.67349698022008">
        <ele>2481.5</ele>
        <time>2019-06-22T20:27:32Z</time>
      </trkpt>
      <trkpt lat="46.852354" lon="-121.673459">
        <ele>2480.4</ele>
        <time>2019-06-22T20:27:34Z</time>
      </trkpt>
      <trkpt lat="46.852366" lon="-121.673423">
        <ele>2478.4</ele>
        <time>2019-06-22T20:27:35Z</time>
      </trkpt>
      <trkpt lat="46.852355" lon="-121.673381">
        <ele>2478.2</ele>
        <time>2019-06-22T20:27:36Z</time>
      </trkpt>
      <trkpt lat="46.852349" lon="-121.673332">
        <ele>2478.2</ele>
        <time>2019-06-22T20:27:37Z</time>
      </trkpt>
      <trkpt lat="46.85239196754992" lon="-121.67330503463745">
        <ele>2476.7</ele>
        <time>2019-06-22T20:27:38Z</time>
      </trkpt>
      <trkpt lat="46.852413" lon="-121.673255">
        <ele>2476.1</ele>
        <time>2019-06-22T20:27:39Z</time>
      </trkpt>
      <trkpt lat="46.85244703665376" lon="-121.67322599329054">
        <ele>2475.0</ele>
        <time>2019-06-22T20:27:40Z</time>
      </trkpt>
      <trkpt lat="46.852428" lon="-121.673086">
        <ele>2470.0</ele>
        <time>2019-06-22T20:27:43Z</time>
      </trkpt>
      <trkpt lat="46.85243496671319" lon="-121.67303698137403">
        <ele>2468.8</ele>
        <time>2019-06-22T20:27:44Z</time>
      </trkpt>
      <trkpt lat="46.852535" lon="-121.673004">
        <ele>2466.2</ele>
        <time>2019-06-22T20:27:46Z</time>
      </trkpt>
      <trkpt lat="46.852535" lon="-121.673014">
        <ele>2466.7</ele>
        <time>2019-06-22T20:27:47Z</time>
      </trkpt>
      <trkpt lat="46.852552983909845" lon="-121.67300596833229">
        <ele>2465.0</ele>
        <time>2019-06-22T20:27:48Z</time>
      </trkpt>
      <trkpt lat="46.852645" lon="-121.673025">
        <ele>2465.7</ele>
        <time>2019-06-22T20:27:51Z</time>
      </trkpt>
      <trkpt lat="46.85269597917795" lon="-121.6730020288378">
        <ele>2463.9</ele>
        <time>2019-06-22T20:27:53Z</time>
      </trkpt>
      <trkpt lat="46.852698" lon="-121.672908">
        <ele>2462.1</ele>
        <time>2019-06-22T20:27:55Z</time>
      </trkpt>
      <trkpt lat="46.852726" lon="-121.67286">
        <ele>2461.0</ele>
        <time>2019-06-22T20:27:56Z</time>
      </trkpt>
      <trkpt lat="46.852741995826364" lon="-121.67281997390091">
        <ele>2460.4</ele>
        <time>2019-06-22T20:27:57Z</time>
      </trkpt>
      <trkpt lat="46.85279002413154" lon="-121.67285802774131">
        <ele>2459.4</ele>
        <time>2019-06-22T20:27:58Z</time>
      </trkpt>
      <trkpt lat="46.85282397083938" lon="-121.67283698916435">
        <ele>2458.6</ele>
        <time>2019-06-22T20:27:59Z</time>
      </trkpt>
      <trkpt lat="46.852841" lon="-121.672791">
        <ele>2457.6</ele>
        <time>2019-06-22T20:28:00Z</time>
      </trkpt>
      <trkpt lat="46.852827" lon="-121.672741">
        <ele>2456.2</ele>
        <time>2019-06-22T20:28:01Z</time>
      </trkpt>
      <trkpt lat="46.852832" lon="-121.672694">
        <ele>2454.9</ele>
        <time>2019-06-22T20:28:02Z</time>
      </trkpt>
      <trkpt lat="46.852864" lon="-121.672654">
        <ele>2454.5</ele>
        <time>2019-06-22T20:28:03Z</time>
      </trkpt>
      <trkpt lat="46.852952" lon="-121.672649">
        <ele>2453.2</ele>
        <time>2019-06-22T20:28:05Z</time>
      </trkpt>
      <trkpt lat="46.853022035211325" lon="-121.67267102748156">
        <ele>2451.6</ele>
        <time>2019-06-22T20:28:07Z</time>
      </trkpt>
      <trkpt lat="46.85305598191917" lon="-121.67267496697605">
        <ele>2450.8</ele>
        <time>2019-06-22T20:28:08Z</time>
      </trkpt>
      <trkpt lat="46.85308598913252" lon="-121.67263800278306">
        <ele>2450.2</ele>
        <time>2019-06-22T20:28:09Z</time>
      </trkpt>
      <trkpt lat="46.853091" lon="-121.672578">
        <ele>2449.9</ele>
        <time>2019-06-22T20:28:10Z</time>
      </trkpt>
      <trkpt lat="46.853074" lon="-121.672543">
        <ele>2448.3</ele>
        <time>2019-06-22T20:28:11Z</time>
      </trkpt>
      <trkpt lat="46.85307601466775" lon="-121.67249601334333">
        <ele>2448.1</ele>
        <time>2019-06-22T20:28:12Z</time>
      </trkpt>
      <trkpt lat="46.853096" lon="-121.672433">
        <ele>2447.4</ele>
        <time>2019-06-22T20:28:13Z</time>
      </trkpt>
      <trkpt lat="46.85316695831716" lon="-121.67247598059475">
        <ele>2447.4</ele>
        <time>2019-06-22T20:28:14Z</time>
      </trkpt>
      <trkpt lat="46.85321004129946" lon="-121.6724789980799">
        <ele>2446.6</ele>
        <time>2019-06-22T20:28:15Z</time>
      </trkpt>
      <trkpt lat="46.85325304046273" lon="-121.67246097698808">
        <ele>2446.8</ele>
        <time>2019-06-22T20:28:16Z</time>
      </trkpt>
      <trkpt lat="46.85324398800731" lon="-121.6723769903183">
        <ele>2445.0</ele>
        <time>2019-06-22T20:28:17Z</time>
      </trkpt>
      <trkpt lat="46.853267" lon="-121.67227">
        <ele>2443.0</ele>
        <time>2019-06-22T20:28:19Z</time>
      </trkpt>
      <trkpt lat="46.853284" lon="-121.672228">
        <ele>2441.5</ele>
        <time>2019-06-22T20:28:20Z</time>
      </trkpt>
      <trkpt lat="46.853349" lon="-121.672262">
        <ele>2441.3</ele>
        <time>2019-06-22T20:28:21Z</time>
      </trkpt>
      <trkpt lat="46.85338597744703" lon="-121.6722250264138">
        <ele>2439.7</ele>
        <time>2019-06-22T20:28:22Z</time>
      </trkpt>
      <trkpt lat="46.853417" lon="-121.672218">
        <ele>2439.0</ele>
        <time>2019-06-22T20:28:23Z</time>
      </trkpt>
      <trkpt lat="46.853387" lon="-121.672152">
        <ele>2438.6</ele>
        <time>2019-06-22T20:28:24Z</time>
      </trkpt>
      <trkpt lat="46.853388994932175" lon="-121.67211203835905">
        <ele>2437.5</ele>
        <time>2019-06-22T20:28:25Z</time>
      </trkpt>
      <trkpt lat="46.853431" lon="-121.672047">
        <ele>2436.4</ele>
        <time>2019-06-22T20:28:26Z</time>
      </trkpt>
      <trkpt lat="46.85349200852215" lon="-121.67203299701214">
        <ele>2435.6</ele>
        <time>2019-06-22T20:28:27Z</time>
      </trkpt>
      <trkpt lat="46.85352997854352" lon="-121.67205797508359">
        <ele>2433.7</ele>
        <time>2019-06-22T20:28:28Z</time>
      </trkpt>
      <trkpt lat="46.85357297770679" lon="-121.67201397009194">
        <ele>2431.9</ele>
        <time>2019-06-22T20:28:29Z</time>
      </trkpt>
      <trkpt lat="46.853569" lon="-121.6718">
        <ele>2428.8</ele>
        <time>2019-06-22T20:28:32Z</time>
      </trkpt>
      <trkpt lat="46.8536139652133" lon="-121.67174700647593">
        <ele>2428.3</ele>
        <time>2019-06-22T20:28:33Z</time>
      </trkpt>
      <trkpt lat="46.85368102043867" lon="-121.67182001285255">
        <ele>2426.9</ele>
        <time>2019-06-22T20:28:34Z</time>
      </trkpt>
      <trkpt lat="46.85372502543032" lon="-121.67180702090263">
        <ele>2425.3</ele>
        <time>2019-06-22T20:28:35Z</time>
      </trkpt>
      <trkpt lat="46.853749" lon="-121.671757">
        <ele>2424.1</ele>
        <time>2019-06-22T20:28:36Z</time>
      </trkpt>
      <trkpt lat="46.853740029037" lon="-121.67170903645456">
        <ele>2423.2</ele>
        <time>2019-06-22T20:28:37Z</time>
      </trkpt>
      <trkpt lat="46.85374" lon="-121.671647">
        <ele>2422.5</ele>
        <time>2019-06-22T20:28:38Z</time>
      </trkpt>
      <trkpt lat="46.853789" lon="-121.671607">
        <ele>2420.1</ele>
        <time>2019-06-22T20:28:39Z</time>
      </trkpt>
      <trkpt lat="46.8538039829582" lon="-121.67156402952969">
        <ele>2418.5</ele>
        <time>2019-06-22T20:28:40Z</time>
      </trkpt>
      <trkpt lat="46.853867" lon="-121.671507">
        <ele>2416.2</ele>
        <time>2019-06-22T20:28:42Z</time>
      </trkpt>
      <trkpt lat="46.85389299876988" lon="-121.67146101593971">
        <ele>2415.0</ele>
        <time>2019-06-22T20:28:43Z</time>
      </trkpt>
      <trkpt lat="46.853865003213286" lon="-121.67143000289798">
        <ele>2414.4</ele>
        <time>2019-06-22T20:28:44Z</time>
      </trkpt>
      <trkpt lat="46.853903" lon="-121.671312">
        <ele>2412.9</ele>
        <time>2019-06-22T20:28:46Z</time>
      </trkpt>
      <trkpt lat="46.853946" lon="-121.671345">
        <ele>2413.5</ele>
        <time>2019-06-22T20:28:47Z</time>
      </trkpt>
      <trkpt lat="46.85397698543966" lon="-121.67133998125792">
        <ele>2413.2</ele>
        <time>2019-06-22T20:28:48Z</time>
      </trkpt>
      <trkpt lat="46.85401" lon="-121.67131">
        <ele>2411.3</ele>
        <time>2019-06-22T20:28:49Z</time>
      </trkpt>
      <trkpt lat="46.854032976552844" lon="-121.6712580062449">
        <ele>2410.2</ele>
        <time>2019-06-22T20:28:50Z</time>
      </trkpt>
      <trkpt lat="46.854035994037986" lon="-121.67120302096009">
        <ele>2408.7</ele>
        <time>2019-06-22T20:28:51Z</time>
      </trkpt>
      <trkpt lat="46.85401897877455" lon="-121.67116899043322">
        <ele>2408.5</ele>
        <time>2019-06-22T20:28:52Z</time>
      </trkpt>
      <trkpt lat="46.854042" lon="-121.671129">
        <ele>2406.9</ele>
        <time>2019-06-22T20:28:53Z</time>
      </trkpt>
      <trkpt lat="46.854077987372875" lon="-121.67112498544157">
        <ele>2407.0</ele>
        <time>2019-06-22T20:28:54Z</time>
      </trkpt>
      <trkpt lat="46.854106" lon="-121.671078">
        <ele>2406.1</ele>
        <time>2019-06-22T20:28:55Z</time>
      </trkpt>
      <trkpt lat="46.854101" lon="-121.671032">
        <ele>2405.1</ele>
        <time>2019-06-22T20:28:56Z</time>
      </trkpt>
      <trkpt lat="46.854107" lon="-121.670995">
        <ele>2404.4</ele>
        <time>2019-06-22T20:28:57Z</time>
      </trkpt>
      <trkpt lat="46.8540629837662" lon="-121.67090697214007">
        <ele>2402.9</ele>
        <time>2019-06-22T20:29:00Z</time>
      </trkpt>
      <trkpt lat="46.85404202900827" lon="-121.67088702321053">
        <ele>2402.5</ele>
        <time>2019-06-22T20:29:11Z</time>
      </trkpt>
      <trkpt lat="46.85404496267438" lon="-121.67086296714842">
        <ele>2401.8</ele>
        <time>2019-06-22T20:29:13Z</time>
      </trkpt>
      <trkpt lat="46.854101" lon="-121.670842">
        <ele>2400.1</ele>
        <time>2019-06-22T20:29:15Z</time>
      </trkpt>
      <trkpt lat="46.85418996959925" lon="-121.67085802182555">
        <ele>2399.4</ele>
        <time>2019-06-22T20:29:18Z</time>
      </trkpt>
      <trkpt lat="46.854279" lon="-121.670899">
        <ele>2398.7</ele>
        <time>2019-06-22T20:29:21Z</time>
      </trkpt>
      <trkpt lat="46.854355009272695" lon="-121.67090496048331">
        <ele>2397.1</ele>
        <time>2019-06-22T20:29:24Z</time>
      </trkpt>
      <trkpt lat="46.854556" lon="-121.670972">
        <ele>2394.0</ele>
        <time>2019-06-22T20:29:32Z</time>
      </trkpt>
      <trkpt lat="46.854632" lon="-121.671014">
        <ele>2391.5</ele>
        <time>2019-06-22T20:29:35Z</time>
      </trkpt>
      <trkpt lat="46.85466597788036" lon="-121.67102197185159">
        <ele>2390.4</ele>
        <time>2019-06-22T20:29:36Z</time>
      </trkpt>
      <trkpt lat="46.854698" lon="-121.671013">
        <ele>2390.2</ele>
        <time>2019-06-22T20:29:37Z</time>
      </trkpt>
      <trkpt lat="46.854733" lon="-121.670939">
        <ele>2387.7</ele>
        <time>2019-06-22T20:29:39Z</time>
      </trkpt>
      <trkpt lat="46.85476002283394" lon="-121.67090697214007">
        <ele>2386.7</ele>
        <time>2019-06-22T20:29:40Z</time>
      </trkpt>
      <trkpt lat="46.854858" lon="-121.670896">
        <ele>2386.4</ele>
        <time>2019-06-22T20:29:43Z</time>
      </trkpt>
      <trkpt lat="46.854879" lon="-121.670863">
        <ele>2385.5</ele>
        <time>2019-06-22T20:29:44Z</time>
      </trkpt>
      <trkpt lat="46.85486798174679" lon="-121.67081703431904">
        <ele>2384.8</ele>
        <time>2019-06-22T20:29:44Z</time>
      </trkpt>
      <trkpt lat="46.85491802170873" lon="-121.6707949899137">
        <ele>2383.4</ele>
        <time>2019-06-22T20:29:46Z</time>
      </trkpt>
      <trkpt lat="46.85492" lon="-121.670846">
        <ele>2383.3</ele>
        <time>2019-06-22T20:29:48Z</time>
      </trkpt>
      <trkpt lat="46.85492598451674" lon="-121.6708610393107">
        <ele>2383.6</ele>
        <time>2019-06-22T20:29:49Z</time>
      </trkpt>
      <trkpt lat="46.85494903475046" lon="-121.67085098102689">
        <ele>2382.1</ele>
        <time>2019-06-22T20:29:51Z</time>
      </trkpt>
      <trkpt lat="46.85497501865029" lon="-121.67081301100552">
        <ele>2380.8</ele>
        <time>2019-06-22T20:29:52Z</time>
      </trkpt>
      <trkpt lat="46.85498" lon="-121.670746">
        <ele>2380.3</ele>
        <time>2019-06-22T20:29:54Z</time>
      </trkpt>
      <trkpt lat="46.855019" lon="-121.670681">
        <ele>2379.4</ele>
        <time>2019-06-22T20:29:56Z</time>
      </trkpt>
      <trkpt lat="46.8550490308553" lon="-121.67072701267898">
        <ele>2378.1</ele>
        <time>2019-06-22T20:29:57Z</time>
      </trkpt>
      <trkpt lat="46.85507803224027" lon="-121.67068099603057">
        <ele>2376.8</ele>
        <time>2019-06-22T20:29:58Z</time>
      </trkpt>
      <trkpt lat="46.855088006705046" lon="-121.67063497938216">
        <ele>2376.0</ele>
        <time>2019-06-22T20:29:59Z</time>
      </trkpt>
      <trkpt lat="46.85509697534144" lon="-121.67054202407598">
        <ele>2375.2</ele>
        <time>2019-06-22T20:30:01Z</time>
      </trkpt>
      <trkpt lat="46.855089012533426" lon="-121.67046499438584">
        <ele>2374.7</ele>
        <time>2019-06-22T20:30:03Z</time>
      </trkpt>
      <trkpt lat="46.855108" lon="-121.670286">
        <ele>2372.4</ele>
        <time>2019-06-22T20:30:08Z</time>
      </trkpt>
      <trkpt lat="46.85513997450471" lon="-121.67023097164929">
        <ele>2371.4</ele>
        <time>2019-06-22T20:30:10Z</time>
      </trkpt>
      <trkpt lat="46.855170987546444" lon="-121.67021202854812">
        <ele>2371.1</ele>
        <time>2019-06-22T20:30:11Z</time>
      </trkpt>
      <trkpt lat="46.85521901585162" lon="-121.67021102271974">
        <ele>2368.8</ele>
        <time>2019-06-22T20:30:12Z</time>
      </trkpt>
      <trkpt lat="46.855235025286674" lon="-121.67013198137283">
        <ele>2368.1</ele>
        <time>2019-06-22T20:30:14Z</time>
      </trkpt>
      <trkpt lat="46.855233" lon="-121.669994">
        <ele>2367.3</ele>
        <time>2019-06-22T20:30:18Z</time>
      </trkpt>
      <trkpt lat="46.855253" lon="-121.669964">
        <ele>2365.4</ele>
        <time>2019-06-22T20:30:19Z</time>
      </trkpt>
      <trkpt lat="46.855277" lon="-121.66994">
        <ele>2364.2</ele>
        <time>2019-06-22T20:30:20Z</time>
      </trkpt>
      <trkpt lat="46.855324041098356" lon="-121.66999703273177">
        <ele>2363.6</ele>
        <time>2019-06-22T20:30:21Z</time>
      </trkpt>
      <trkpt lat="46.8553910125047" lon="-121.66994598694146">
        <ele>2361.0</ele>
        <time>2019-06-22T20:30:23Z</time>
      </trkpt>
      <trkpt lat="46.855425" lon="-121.66987">
        <ele>2359.5</ele>
        <time>2019-06-22T20:30:25Z</time>
      </trkpt>
      <trkpt lat="46.85545898973942" lon="-121.66987800970674">
        <ele>2360.0</ele>
        <time>2019-06-22T20:30:26Z</time>
      </trkpt>
      <trkpt lat="46.855481" lon="-121.669899">
        <ele>2359.0</ele>
        <time>2019-06-22T20:30:27Z</time>
      </trkpt>
      <trkpt lat="46.855515" lon="-121.669881">
        <ele>2356.4</ele>
        <time>2019-06-22T20:30:28Z</time>
      </trkpt>
      <trkpt lat="46.855577" lon="-121.669664">
        <ele>2354.0</ele>
        <time>2019-06-22T20:30:32Z</time>
      </trkpt>
      <trkpt lat="46.85561003163457" lon="-121.66963904164732">
        <ele>2354.1</ele>
        <time>2019-06-22T20:30:33Z</time>
      </trkpt>
      <trkpt lat="46.855621011927724" lon="-121.66975404135883">
        <ele>2353.5</ele>
        <time>2019-06-22T20:30:34Z</time>
      </trkpt>
      <trkpt lat="46.855658" lon="-121.669746">
        <ele>2351.2</ele>
        <time>2019-06-22T20:30:35Z</time>
      </trkpt>
      <trkpt lat="46.85568396002054" lon="-121.66975202970207">
        <ele>2350.9</ele>
        <time>2019-06-22T20:30:36Z</time>
      </trkpt>
      <trkpt lat="46.855662" lon="-121.66966">
        <ele>2348.9</ele>
        <time>2019-06-22T20:30:38Z</time>
      </trkpt>
      <trkpt lat="46.855657" lon="-121.669398">
        <ele>2345.1</ele>
        <time>2019-06-22T20:30:44Z</time>
      </trkpt>
      <trkpt lat="46.855743" lon="-121.669357">
        <ele>2341.7</ele>
        <time>2019-06-22T20:30:46Z</time>
      </trkpt>
      <trkpt lat="46.855755" lon="-121.669412">
        <ele>2340.6</ele>
        <time>2019-06-22T20:30:47Z</time>
      </trkpt>
      <trkpt lat="46.85578898526728" lon="-121.66941097006202">
        <ele>2339.6</ele>
        <time>2019-06-22T20:30:48Z</time>
      </trkpt>
      <trkpt lat="46.85582301579416" lon="-121.66936797089875">
        <ele>2338.5</ele>
        <time>2019-06-22T20:30:49Z</time>
      </trkpt>
      <trkpt lat="46.85583" lon="-121.669279">
        <ele>2337.1</ele>
        <time>2019-06-22T20:30:51Z</time>
      </trkpt>
      <trkpt lat="46.855867" lon="-121.669241">
        <ele>2334.8</ele>
        <time>2019-06-22T20:30:52Z</time>
      </trkpt>
      <trkpt lat="46.855902979150414" lon="-121.66922103613615">
        <ele>2334.0</ele>
        <time>2019-06-22T20:30:53Z</time>
      </trkpt>
      <trkpt lat="46.855926029384136" lon="-121.66926403529942">
        <ele>2333.0</ele>
        <time>2019-06-22T20:30:54Z</time>
      </trkpt>
      <trkpt lat="46.85598" lon="-121.669299">
        <ele>2331.2</ele>
        <time>2019-06-22T20:30:56Z</time>
      </trkpt>
      <trkpt lat="46.856028037145734" lon="-121.66928297840059">
        <ele>2331.5</ele>
        <time>2019-06-22T20:30:57Z</time>
      </trkpt>
      <trkpt lat="46.856019" lon="-121.669204">
        <ele>2328.6</ele>
        <time>2019-06-22T20:30:58Z</time>
      </trkpt>
      <trkpt lat="46.85602099634707" lon="-121.66918398812413">
        <ele>2328.2</ele>
        <time>2019-06-22T20:30:59Z</time>
      </trkpt>
      <trkpt lat="46.85604002326727" lon="-121.66913797147572">
        <ele>2326.7</ele>
        <time>2019-06-22T20:31:00Z</time>
      </trkpt>
      <trkpt lat="46.856068" lon="-121.669133">
        <ele>2324.9</ele>
        <time>2019-06-22T20:31:01Z</time>
      </trkpt>
      <trkpt lat="46.856101" lon="-121.669174">
        <ele>2324.0</ele>
        <time>2019-06-22T20:31:03Z</time>
      </trkpt>
      <trkpt lat="46.85612803325057" lon="-121.66919203475118">
        <ele>2323.2</ele>
        <time>2019-06-22T20:31:04Z</time>
      </trkpt>
      <trkpt lat="46.856153" lon="-121.669151">
        <ele>2321.4</ele>
        <time>2019-06-22T20:31:05Z</time>
      </trkpt>
      <trkpt lat="46.856161979958415" lon="-121.66910997591913">
        <ele>2320.3</ele>
        <time>2019-06-22T20:31:06Z</time>
      </trkpt>
      <trkpt lat="46.856166" lon="-121.669032">
        <ele>2318.8</ele>
        <time>2019-06-22T20:31:08Z</time>
      </trkpt>
      <trkpt lat="46.85617296025157" lon="-121.66899296455085">
        <ele>2318.1</ele>
        <time>2019-06-22T20:31:09Z</time>
      </trkpt>
      <trkpt lat="46.856183" lon="-121.668746">
        <ele>2314.3</ele>
        <time>2019-06-22T20:31:15Z</time>
      </trkpt>
      <trkpt lat="46.85621" lon="-121.668673">
        <ele>2312.4</ele>
        <time>2019-06-22T20:31:17Z</time>
      </trkpt>
      <trkpt lat="46.85624001547694" lon="-121.66864997707307">
        <ele>2312.4</ele>
        <time>2019-06-22T20:31:18Z</time>
      </trkpt>
      <trkpt lat="46.856272" lon="-121.668642">
        <ele>2312.3</ele>
        <time>2019-06-22T20:31:19Z</time>
      </trkpt>
      <trkpt lat="46.85629500076175" lon="-121.66866296902299">
        <ele>2311.1</ele>
        <time>2019-06-22T20:31:20Z</time>
      </trkpt>
      <trkpt lat="46.856425" lon="-121.668848">
        <ele>2306.1</ele>
        <time>2019-06-22T20:31:28Z</time>
      </trkpt>
      <trkpt lat="46.856484012678266" lon="-121.66894602589309">
        <ele>2304.6</ele>
        <time>2019-06-22T20:31:32Z</time>
      </trkpt>
      <trkpt lat="46.8565099965781" lon="-121.66896304115653">
        <ele>2303.3</ele>
        <time>2019-06-22T20:31:33Z</time>
      </trkpt>
      <trkpt lat="46.85653799213469" lon="-121.66896396316588">
        <ele>2302.0</ele>
        <time>2019-06-22T20:31:34Z</time>
      </trkpt>
      <trkpt lat="46.856586" lon="-121.668707">
        <ele>2297.3</ele>
        <time>2019-06-22T20:31:38Z</time>
      </trkpt>
      <trkpt lat="46.85660202987492" lon="-121.6686540003866">
        <ele>2297.4</ele>
        <time>2019-06-22T20:31:39Z</time>
      </trkpt>
      <trkpt lat="46.856613" lon="-121.668593">
        <ele>2296.0</ele>
        <time>2019-06-22T20:31:41Z</time>
      </trkpt>
      <trkpt lat="46.85662901960313" lon="-121.66856003925204">
        <ele>2294.6</ele>
        <time>2019-06-22T20:31:42Z</time>
      </trkpt>
      <trkpt lat="46.856668" lon="-121.668348">
        <ele>2292.9</ele>
        <time>2019-06-22T20:31:46Z</time>
      </trkpt>
      <trkpt lat="46.856675036251545" lon="-121.66821596212685">
        <ele>2288.8</ele>
        <time>2019-06-22T20:31:49Z</time>
      </trkpt>
      <trkpt lat="46.85669" lon="-121.668102">
        <ele>2285.9</ele>
        <time>2019-06-22T20:31:52Z</time>
      </trkpt>
      <trkpt lat="46.85671099461615" lon="-121.6680390201509">
        <ele>2284.1</ele>
        <time>2019-06-22T20:31:54Z</time>
      </trkpt>
      <trkpt lat="46.856742" lon="-121.667984">
        <ele>2282.6</ele>
        <time>2019-06-22T20:31:56Z</time>
      </trkpt>
      <trkpt lat="46.856768" lon="-121.667964">
        <ele>2280.5</ele>
        <time>2019-06-22T20:31:59Z</time>
      </trkpt>
      <trkpt lat="46.856775" lon="-121.667972">
        <ele>2279.6</ele>
        <time>2019-06-22T20:32:00Z</time>
      </trkpt>
      <trkpt lat="46.85680001042783" lon="-121.66795503348112">
        <ele>2280.1</ele>
        <time>2019-06-22T20:33:10Z</time>
      </trkpt>
      <trkpt lat="46.856847" lon="-121.667956">
        <ele>2276.0</ele>
        <time>2019-06-22T20:33:15Z</time>
      </trkpt>
      <trkpt lat="46.85685901902616" lon="-121.66798302903771">
        <ele>2275.9</ele>
        <time>2019-06-22T20:33:16Z</time>
      </trkpt>
      <trkpt lat="46.856881" lon="-121.668117">
        <ele>2274.1</ele>
        <time>2019-06-22T20:33:20Z</time>
      </trkpt>
      <trkpt lat="46.856894977390766" lon="-121.6681550256908">
        <ele>2273.7</ele>
        <time>2019-06-22T20:33:21Z</time>
      </trkpt>
      <trkpt lat="46.85694803483784" lon="-121.66824999265373">
        <ele>2272.7</ele>
        <time>2019-06-22T20:33:24Z</time>
      </trkpt>
      <trkpt lat="46.857027" lon="-121.668353">
        <ele>2269.6</ele>
        <time>2019-06-22T20:33:28Z</time>
      </trkpt>
      <trkpt lat="46.85706999152899" lon="-121.66843003593385">
        <ele>2268.3</ele>
        <time>2019-06-22T20:33:31Z</time>
      </trkpt>
      <trkpt lat="46.857232013717294" lon="-121.66864302009344">
        <ele>2262.3</ele>
        <time>2019-06-22T20:33:41Z</time>
      </trkpt>
      <trkpt lat="46.85729001648724" lon="-121.66871200315654">
        <ele>2262.1</ele>
        <time>2019-06-22T20:33:44Z</time>
      </trkpt>
      <trkpt lat="46.857356" lon="-121.668812">
        <ele>2260.3</ele>
        <time>2019-06-22T20:33:50Z</time>
      </trkpt>
      <trkpt lat="46.857383977621794" lon="-121.66883597150445">
        <ele>2256.9</ele>
        <time>2019-06-22T20:33:52Z</time>
      </trkpt>
      <trkpt lat="46.857407027855515" lon="-121.668810993433">
        <ele>2254.8</ele>
        <time>2019-06-22T20:33:54Z</time>
      </trkpt>
      <trkpt lat="46.857388" lon="-121.668797">
        <ele>2253.6</ele>
        <time>2019-06-22T20:33:56Z</time>
      </trkpt>
      <trkpt lat="46.85739101842046" lon="-121.66875902563334">
        <ele>2252.1</ele>
        <time>2019-06-22T20:34:06Z</time>
      </trkpt>
      <trkpt lat="46.857441" lon="-121.668616">
        <ele>2249.4</ele>
        <time>2019-06-22T20:34:13Z</time>
      </trkpt>
      <trkpt lat="46.857452960684896" lon="-121.66859096847475">
        <ele>2249.3</ele>
        <time>2019-06-22T20:34:14Z</time>
      </trkpt>
      <trkpt lat="46.857566" lon="-121.668388">
        <ele>2242.9</ele>
        <time>2019-06-22T20:34:23Z</time>
      </trkpt>
      <trkpt lat="46.857659" lon="-121.668275">
        <ele>2237.9</ele>
        <time>2019-06-22T20:34:29Z</time>
      </trkpt>
      <trkpt lat="46.85772" lon="-121.668218">
        <ele>2234.5</ele>
        <time>2019-06-22T20:34:33Z</time>
      </trkpt>
      <trkpt lat="46.857815" lon="-121.668086">
        <ele>2229.8</ele>
        <time>2019-06-22T20:34:43Z</time>
      </trkpt>
      <trkpt lat="46.857859" lon="-121.668072">
        <ele>2226.9</ele>
        <time>2019-06-22T20:35:29Z</time>
      </trkpt>
      <trkpt lat="46.857877001166344" lon="-121.66800498962402">
        <ele>2225.6</ele>
        <time>2019-06-22T20:35:34Z</time>
      </trkpt>
      <trkpt lat="46.857856968417764" lon="-121.66802803985775">
        <ele>2221.5</ele>
        <time>2019-06-22T20:36:23Z</time>
      </trkpt>
      <trkpt lat="46.85784" lon="-121.668002">
        <ele>2226.1</ele>
        <time>2019-06-22T20:38:08Z</time>
      </trkpt>
      <trkpt lat="46.857814975082874" lon="-121.66799702681601">
        <ele>2226.6</ele>
        <time>2019-06-22T20:38:54Z</time>
      </trkpt>
      <trkpt lat="46.85793399810791" lon="-121.66798797436059">
        <ele>2215.0</ele>
        <time>2019-06-22T20:39:24Z</time>
      </trkpt>
      <trkpt lat="46.858095014467835" lon="-121.66795000433922">
        <ele>2201.0</ele>
        <time>2019-06-22T20:39:35Z</time>
      </trkpt>
      <trkpt lat="46.85818696394563" lon="-121.66791203431785">
        <ele>2193.2</ele>
        <time>2019-06-22T20:39:40Z</time>
      </trkpt>
      <trkpt lat="46.858262" lon="-121.667895">
        <ele>2187.0</ele>
        <time>2019-06-22T20:39:44Z</time>
      </trkpt>
      <trkpt lat="46.85827597975731" lon="-121.66788403876126">
        <ele>2185.7</ele>
        <time>2019-06-22T20:39:44Z</time>
      </trkpt>
      <trkpt lat="46.858466" lon="-121.667834">
        <ele>2172.8</ele>
        <time>2019-06-22T20:39:54Z</time>
      </trkpt>
      <trkpt lat="46.8586789816618" lon="-121.66775898076594">
        <ele>2157.3</ele>
        <time>2019-06-22T20:40:05Z</time>
      </trkpt>
      <trkpt lat="46.858841" lon="-121.667692">
        <ele>2145.4</ele>
        <time>2019-06-22T20:40:14Z</time>
      </trkpt>
      <trkpt lat="46.858896" lon="-121.667662">
        <ele>2141.1</ele>
        <time>2019-06-22T20:40:17Z</time>
      </trkpt>
      <trkpt lat="46.85896497219801" lon="-121.66765496134758">
        <ele>2138.3</ele>
        <time>2019-06-22T20:40:30Z</time>
      </trkpt>
      <trkpt lat="46.858989" lon="-121.667562">
        <ele>2135.8</ele>
        <time>2019-06-22T20:40:37Z</time>
      </trkpt>
      <trkpt lat="46.859" lon="-121.667474">
        <ele>2132.9</ele>
        <time>2019-06-22T20:40:43Z</time>
      </trkpt>
      <trkpt lat="46.85903001576662" lon="-121.66742303408682">
        <ele>2130.9</ele>
        <time>2019-06-22T20:40:47Z</time>
      </trkpt>
      <trkpt lat="46.85906304046512" lon="-121.66731599718332">
        <ele>2126.3</ele>
        <time>2019-06-22T20:40:58Z</time>
      </trkpt>
      <trkpt lat="46.859155" lon="-121.667103">
        <ele>2116.5</ele>
        <time>2019-06-22T20:41:27Z</time>
      </trkpt>
      <trkpt lat="46.85916102491319" lon="-121.66709396056831">
        <ele>2116.4</ele>
        <time>2019-06-22T20:41:28Z</time>
      </trkpt>
      <trkpt lat="46.859178" lon="-121.666992">
        <ele>2113.8</ele>
        <time>2019-06-22T20:41:38Z</time>
      </trkpt>
      <trkpt lat="46.85919203795493" lon="-121.66696303524077">
        <ele>2112.2</ele>
        <time>2019-06-22T20:41:42Z</time>
      </trkpt>
      <trkpt lat="46.859198" lon="-121.666851">
        <ele>2109.8</ele>
        <time>2019-06-22T20:41:58Z</time>
      </trkpt>
      <trkpt lat="46.85922799631953" lon="-121.66682297363877">
        <ele>2107.7</ele>
        <time>2019-06-22T20:42:05Z</time>
      </trkpt>
      <trkpt lat="46.859252974390984" lon="-121.66672096587718">
        <ele>2107.4</ele>
        <time>2019-06-22T20:42:28Z</time>
      </trkpt>
      <trkpt lat="46.859306" lon="-121.666631">
        <ele>2106.8</ele>
        <time>2019-06-22T20:42:43Z</time>
      </trkpt>
      <trkpt lat="46.859317012131214" lon="-121.66662700474262">
        <ele>2107.6</ele>
        <time>2019-06-22T20:42:44Z</time>
      </trkpt>
      <trkpt lat="46.859312" lon="-121.666589">
        <ele>2106.4</ele>
        <time>2019-06-22T20:42:50Z</time>
      </trkpt>
      <trkpt lat="46.85933" lon="-121.666563">
        <ele>2105.5</ele>
        <time>2019-06-22T20:43:06Z</time>
      </trkpt>
      <trkpt lat="46.859335" lon="-121.666525">
        <ele>2103.9</ele>
        <time>2019-06-22T20:43:13Z</time>
      </trkpt>
      <trkpt lat="46.85935799963772" lon="-121.66652801446617">
        <ele>2103.6</ele>
        <time>2019-06-22T20:43:28Z</time>
      </trkpt>
      <trkpt lat="46.859381971880794" lon="-121.66651602834463">
        <ele>2100.3</ele>
        <time>2019-06-22T20:43:41Z</time>
      </trkpt>
      <trkpt lat="46.859406027942896" lon="-121.66652902029455">
        <ele>2100.2</ele>
        <time>2019-06-22T20:43:50Z</time>
      </trkpt>
      <trkpt lat="46.859425" lon="-121.666497">
        <ele>2099.9</ele>
        <time>2019-06-22T20:43:56Z</time>
      </trkpt>
      <trkpt lat="46.85944098047912" lon="-121.66645500808954">
        <ele>2094.5</ele>
        <time>2019-06-22T20:44:06Z</time>
      </trkpt>
      <trkpt lat="46.859425" lon="-121.666414">
        <ele>2091.0</ele>
        <time>2019-06-22T20:44:27Z</time>
      </trkpt>
      <trkpt lat="46.859477" lon="-121.666367">
        <ele>2091.8</ele>
        <time>2019-06-22T20:44:44Z</time>
      </trkpt>
      <trkpt lat="46.85951" lon="-121.666389">
        <ele>2093.7</ele>
        <time>2019-06-22T20:44:44Z</time>
      </trkpt>
      <trkpt lat="46.85952102765441" lon="-121.6664020344615">
        <ele>2094.0</ele>
        <time>2019-06-22T20:44:46Z</time>
      </trkpt>
      <trkpt lat="46.85956997796893" lon="-121.66636498644948">
        <ele>2094.7</ele>
        <time>2019-06-22T20:44:56Z</time>
      </trkpt>
      <trkpt lat="46.859619" lon="-121.666282">
        <ele>2088.8</ele>
        <time>2019-06-22T20:45:16Z</time>
      </trkpt>
      <trkpt lat="46.859664" lon="-121.666244">
        <ele>2087.4</ele>
        <time>2019-06-22T20:45:55Z</time>
      </trkpt>
      <trkpt lat="46.859654" lon="-121.666198">
        <ele>2083.9</ele>
        <time>2019-06-22T20:46:03Z</time>
      </trkpt>
      <trkpt lat="46.85968" lon="-121.666185">
        <ele>2085.4</ele>
        <time>2019-06-22T20:46:11Z</time>
      </trkpt>
      <trkpt lat="46.859745" lon="-121.666213">
        <ele>2089.7</ele>
        <time>2019-06-22T20:46:44Z</time>
      </trkpt>
      <trkpt lat="46.85976502485573" lon="-121.6661929897964">
        <ele>2090.7</ele>
        <time>2019-06-22T20:46:49Z</time>
      </trkpt>
      <trkpt lat="46.859757" lon="-121.66616">
        <ele>2082.7</ele>
        <time>2019-06-22T20:47:04Z</time>
      </trkpt>
      <trkpt lat="46.859789" lon="-121.666174">
        <ele>2082.1</ele>
        <time>2019-06-22T20:47:22Z</time>
      </trkpt>
      <trkpt lat="46.859813" lon="-121.666159">
        <ele>2082.2</ele>
        <time>2019-06-22T20:47:24Z</time>
      </trkpt>
      <trkpt lat="46.85979695990682" lon="-121.66613498702645">
        <ele>2080.2</ele>
        <time>2019-06-22T20:47:28Z</time>
      </trkpt>
      <trkpt lat="46.859899" lon="-121.666229">
        <ele>2076.6</ele>
        <time>2019-06-22T20:47:37Z</time>
      </trkpt>
      <trkpt lat="46.859931" lon="-121.666265">
        <ele>2075.8</ele>
        <time>2019-06-22T20:47:38Z</time>
      </trkpt>
      <trkpt lat="46.85997499153018" lon="-121.6663000266999">
        <ele>2075.4</ele>
        <time>2019-06-22T20:47:39Z</time>
      </trkpt>
      <trkpt lat="46.860028970986605" lon="-121.6663140244782">
        <ele>2074.3</ele>
        <time>2019-06-22T20:47:40Z</time>
      </trkpt>
      <trkpt lat="46.860069036483765" lon="-121.66634503751993">
        <ele>2073.5</ele>
        <time>2019-06-22T20:47:41Z</time>
      </trkpt>
      <trkpt lat="46.860208" lon="-121.66639">
        <ele>2072.6</ele>
        <time>2019-06-22T20:47:43Z</time>
      </trkpt>
      <trkpt lat="46.860227" lon="-121.666519">
        <ele>2069.5</ele>
        <time>2019-06-22T20:47:44Z</time>
      </trkpt>
      <trkpt lat="46.86025100760162" lon="-121.66654603555799">
        <ele>2069.5</ele>
        <time>2019-06-22T20:47:46Z</time>
      </trkpt>
      <trkpt lat="46.860282" lon="-121.66655">
        <ele>2069.2</ele>
        <time>2019-06-22T20:47:47Z</time>
      </trkpt>
      <trkpt lat="46.860288977622986" lon="-121.66657595895231">
        <ele>2068.1</ele>
        <time>2019-06-22T20:47:48Z</time>
      </trkpt>
      <trkpt lat="46.86029903590679" lon="-121.6665489692241">
        <ele>2066.3</ele>
        <time>2019-06-22T20:47:49Z</time>
      </trkpt>
      <trkpt lat="46.86030297540128" lon="-121.66658903472126">
        <ele>2064.2</ele>
        <time>2019-06-22T20:47:50Z</time>
      </trkpt>
      <trkpt lat="46.860345" lon="-121.666651">
        <ele>2060.3</ele>
        <time>2019-06-22T20:47:53Z</time>
      </trkpt>
      <trkpt lat="46.860407" lon="-121.666698">
        <ele>2056.7</ele>
        <time>2019-06-22T20:47:56Z</time>
      </trkpt>
      <trkpt lat="46.860434990376234" lon="-121.66668299585581">
        <ele>2051.8</ele>
        <time>2019-06-22T20:47:59Z</time>
      </trkpt>
      <trkpt lat="46.860439013689756" lon="-121.66665198281407">
        <ele>2052.2</ele>
        <time>2019-06-22T20:48:04Z</time>
      </trkpt>
      <trkpt lat="46.860467" lon="-121.666712">
        <ele>2042.8</ele>
        <time>2019-06-22T20:48:18Z</time>
      </trkpt>
      <trkpt lat="46.86046399176121" lon="-121.66667696088552">
        <ele>2039.8</ele>
        <time>2019-06-22T20:48:23Z</time>
      </trkpt>
      <trkpt lat="46.86043096706271" lon="-121.66662398725748">
        <ele>2034.9</ele>
        <time>2019-06-22T20:48:33Z</time>
      </trkpt>
      <trkpt lat="46.860453" lon="-121.666588">
        <ele>2030.8</ele>
        <time>2019-06-22T20:50:22Z</time>
      </trkpt>
      <trkpt lat="46.86047103255987" lon="-121.66658299975097">
        <ele>2029.6</ele>
        <time>2019-06-22T20:50:23Z</time>
      </trkpt>
      <trkpt lat="46.860492" lon="-121.666592">
        <ele>2028.7</ele>
        <time>2019-06-22T20:50:24Z</time>
      </trkpt>
      <trkpt lat="46.86052903532982" lon="-121.66669397614896">
        <ele>2027.6</ele>
        <time>2019-06-22T20:50:26Z</time>
      </trkpt>
      <trkpt lat="46.860549" lon="-121.666899">
        <ele>2025.7</ele>
        <time>2019-06-22T20:50:30Z</time>
      </trkpt>
      <trkpt lat="46.860571" lon="-121.667008">
        <ele>2024.6</ele>
        <time>2019-06-22T20:50:32Z</time>
      </trkpt>
      <trkpt lat="46.860586032271385" lon="-121.66706898249686">
        <ele>2024.5</ele>
        <time>2019-06-22T20:50:33Z</time>
      </trkpt>
      <trkpt lat="46.86062400229275" lon="-121.66724701412022">
        <ele>2022.2</ele>
        <time>2019-06-22T20:50:37Z</time>
      </trkpt>
      <trkpt lat="46.860656" lon="-121.66732">
        <ele>2022.0</ele>
        <time>2019-06-22T20:50:40Z</time>
      </trkpt>
      <trkpt lat="46.860683" lon="-121.66735">
        <ele>2020.5</ele>
        <time>2019-06-22T20:50:42Z</time>
      </trkpt>
      <trkpt lat="46.860694997012615" lon="-121.66734701022506">
        <ele>2019.6</ele>
        <time>2019-06-22T20:50:43Z</time>
      </trkpt>
      <trkpt lat="46.860716" lon="-121.667318">
        <ele>2018.3</ele>
        <time>2019-06-22T20:50:44Z</time>
      </trkpt>
      <trkpt lat="46.860666" lon="-121.667165">
        <ele>2014.0</ele>
        <time>2019-06-22T20:50:44Z</time>
      </trkpt>
      <trkpt lat="46.8606629781425" lon="-121.66712497361004">
        <ele>2013.7</ele>
        <time>2019-06-22T20:50:46Z</time>
      </trkpt>
      <trkpt lat="46.86072" lon="-121.66711">
        <ele>2013.0</ele>
        <time>2019-06-22T20:50:47Z</time>
      </trkpt>
      <trkpt lat="46.860712" lon="-121.667071">
        <ele>2011.7</ele>
        <time>2019-06-22T20:50:48Z</time>
      </trkpt>
      <trkpt lat="46.86072198674083" lon="-121.66706101968884">
        <ele>2011.1</ele>
        <time>2019-06-22T20:50:49Z</time>
      </trkpt>
      <trkpt lat="46.86070497147739" lon="-121.66702900081873">
        <ele>2010.7</ele>
        <time>2019-06-22T20:50:50Z</time>
      </trkpt>
      <trkpt lat="46.860703" lon="-121.666989">
        <ele>2012.2</ele>
        <time>2019-06-22T20:50:52Z</time>
      </trkpt>
      <trkpt lat="46.860717963427305" lon="-121.6669509653002">
        <ele>2011.2</ele>
        <time>2019-06-22T20:50:53Z</time>
      </trkpt>
      <trkpt lat="46.860717963427305" lon="-121.66688399389386">
        <ele>2011.9</ele>
        <time>2019-06-22T20:50:55Z</time>
      </trkpt>
      <trkpt lat="46.860762" lon="-121.666662">
        <ele>2008.6</ele>
        <time>2019-06-22T20:51:02Z</time>
      </trkpt>
      <trkpt lat="46.860783" lon="-121.666586">
        <ele>2009.2</ele>
        <time>2019-06-22T20:51:05Z</time>
      </trkpt>
      <trkpt lat="46.86080697923899" lon="-121.66657101362944">
        <ele>2007.7</ele>
        <time>2019-06-22T20:51:06Z</time>
      </trkpt>
      <trkpt lat="46.86083799228072" lon="-121.66656900197268">
        <ele>2007.5</ele>
        <time>2019-06-22T20:51:07Z</time>
      </trkpt>
      <trkpt lat="46.8608580250293" lon="-121.66659599170089">
        <ele>2006.9</ele>
        <time>2019-06-22T20:51:08Z</time>
      </trkpt>
      <trkpt lat="46.860911" lon="-121.666749">
        <ele>2004.7</ele>
        <time>2019-06-22T20:51:12Z</time>
      </trkpt>
      <trkpt lat="46.86095701530576" lon="-121.6668320260942">
        <ele>2003.0</ele>
        <time>2019-06-22T20:51:15Z</time>
      </trkpt>
      <trkpt lat="46.86098400503397" lon="-121.66685599833727">
        <ele>2002.9</ele>
        <time>2019-06-22T20:51:16Z</time>
      </trkpt>
      <trkpt lat="46.861056" lon="-121.66688">
        <ele>2002.4</ele>
        <time>2019-06-22T20:51:18Z</time>
      </trkpt>
      <trkpt lat="46.861084" lon="-121.666874">
        <ele>2001.4</ele>
        <time>2019-06-22T20:51:19Z</time>
      </trkpt>
      <trkpt lat="46.86109095811844" lon="-121.66686102747917">
        <ele>2000.1</ele>
        <time>2019-06-22T20:51:20Z</time>
      </trkpt>
      <trkpt lat="46.86104603111744" lon="-121.66681098751724">
        <ele>1999.0</ele>
        <time>2019-06-22T20:51:23Z</time>
      </trkpt>
      <trkpt lat="46.86105298809707" lon="-121.66678098030388">
        <ele>2002.5</ele>
        <time>2019-06-22T20:51:48Z</time>
      </trkpt>
      <trkpt lat="46.861045" lon="-121.66669">
        <ele>2002.7</ele>
        <time>2019-06-22T20:51:52Z</time>
      </trkpt>
      <trkpt lat="46.861052" lon="-121.666669">
        <ele>2001.4</ele>
        <time>2019-06-22T20:51:53Z</time>
      </trkpt>
      <trkpt lat="46.861071" lon="-121.666662">
        <ele>1999.9</ele>
        <time>2019-06-22T20:51:54Z</time>
      </trkpt>
      <trkpt lat="46.8610929697752" lon="-121.66667402721941">
        <ele>1999.9</ele>
        <time>2019-06-22T20:51:55Z</time>
      </trkpt>
      <trkpt lat="46.86111099086702" lon="-121.66669799946249">
        <ele>2000.2</ele>
        <time>2019-06-22T20:51:56Z</time>
      </trkpt>
      <trkpt lat="46.861154" lon="-121.666769">
        <ele>1999.8</ele>
        <time>2019-06-22T20:51:59Z</time>
      </trkpt>
      <trkpt lat="46.86117201112211" lon="-121.66678701527417">
        <ele>1999.1</ele>
        <time>2019-06-22T20:52:00Z</time>
      </trkpt>
      <trkpt lat="46.861192" lon="-121.666791">
        <ele>1997.1</ele>
        <time>2019-06-22T20:52:01Z</time>
      </trkpt>
      <trkpt lat="46.86120796948671" lon="-121.66677000001073">
        <ele>1996.5</ele>
        <time>2019-06-22T20:52:02Z</time>
      </trkpt>
      <trkpt lat="46.861211" lon="-121.666697">
        <ele>1995.3</ele>
        <time>2019-06-22T20:52:05Z</time>
      </trkpt>
      <trkpt lat="46.861192" lon="-121.666633">
        <ele>1993.3</ele>
        <time>2019-06-22T20:52:10Z</time>
      </trkpt>
      <trkpt lat="46.8612000066787" lon="-121.66660202667117">
        <ele>1990.6</ele>
        <time>2019-06-22T20:52:13Z</time>
      </trkpt>
      <trkpt lat="46.86122397892177" lon="-121.66659398004413">
        <ele>1989.5</ele>
        <time>2019-06-22T20:52:19Z</time>
      </trkpt>
      <trkpt lat="46.86123697087169" lon="-121.66656397283077">
        <ele>1988.5</ele>
        <time>2019-06-22T20:53:01Z</time>
      </trkpt>
      <trkpt lat="46.861233031377196" lon="-121.66645802557468">
        <ele>1988.8</ele>
        <time>2019-06-22T20:53:06Z</time>
      </trkpt>
      <trkpt lat="46.86122800223529" lon="-121.66641200892627">
        <ele>1989.1</ele>
        <time>2019-06-22T20:53:16Z</time>
      </trkpt>
      <trkpt lat="46.861253" lon="-121.666416">
        <ele>1989.0</ele>
        <time>2019-06-22T20:53:33Z</time>
      </trkpt>
      <trkpt lat="46.861259" lon="-121.666379">
        <ele>1987.5</ele>
        <time>2019-06-22T20:53:55Z</time>
      </trkpt>
      <trkpt lat="46.86127997003496" lon="-121.66636004112661">
        <ele>1986.2</ele>
        <time>2019-06-22T20:54:35Z</time>
      </trkpt>
      <trkpt lat="46.86129396781325" lon="-121.66633003391325">
        <ele>1986.9</ele>
        <time>2019-06-22T20:54:42Z</time>
      </trkpt>
      <trkpt lat="46.861279" lon="-121.666301">
        <ele>1985.6</ele>
        <time>2019-06-22T20:54:49Z</time>
      </trkpt>
      <trkpt lat="46.86130603775382" lon="-121.66625996120274">
        <ele>1985.1</ele>
        <time>2019-06-22T20:54:55Z</time>
      </trkpt>
      <trkpt lat="46.86137" lon="-121.666095">
        <ele>1986.9</ele>
        <time>2019-06-22T20:56:18Z</time>
      </trkpt>
      <trkpt lat="46.861414" lon="-121.66603">
        <ele>1984.8</ele>
        <time>2019-06-22T20:56:26Z</time>
      </trkpt>
      <trkpt lat="46.861407961696386" lon="-121.66598796844482">
        <ele>1983.0</ele>
        <time>2019-06-22T20:56:36Z</time>
      </trkpt>
      <trkpt lat="46.861426" lon="-121.665963">
        <ele>1984.6</ele>
        <time>2019-06-22T20:56:40Z</time>
      </trkpt>
      <trkpt lat="46.861451" lon="-121.665951">
        <ele>1984.7</ele>
        <time>2019-06-22T20:56:44Z</time>
      </trkpt>
      <trkpt lat="46.8614780344069" lon="-121.66595402173698">
        <ele>1984.0</ele>
        <time>2019-06-22T20:56:47Z</time>
      </trkpt>
      <trkpt lat="46.86149999499321" lon="-121.66594002395868">
        <ele>1981.8</ele>
        <time>2019-06-22T20:56:55Z</time>
      </trkpt>
      <trkpt lat="46.86145196668804" lon="-121.66590800508857">
        <ele>1976.4</ele>
        <time>2019-06-22T20:57:01Z</time>
      </trkpt>
      <trkpt lat="46.8614" lon="-121.665925">
        <ele>1975.9</ele>
        <time>2019-06-22T20:57:22Z</time>
      </trkpt>
      <trkpt lat="46.861443" lon="-121.665956">
        <ele>1972.5</ele>
        <time>2019-06-22T20:57:37Z</time>
      </trkpt>
      <trkpt lat="46.861468" lon="-121.666045">
        <ele>1970.2</ele>
        <time>2019-06-22T20:57:41Z</time>
      </trkpt>
      <trkpt lat="46.861496" lon="-121.666183">
        <ele>1968.9</ele>
        <time>2019-06-22T20:57:46Z</time>
      </trkpt>
      <trkpt lat="46.861668" lon="-121.666364">
        <ele>1959.4</ele>
        <time>2019-06-22T20:57:59Z</time>
      </trkpt>
      <trkpt lat="46.861716" lon="-121.666401">
        <ele>1956.1</ele>
        <time>2019-06-22T20:58:03Z</time>
      </trkpt>
      <trkpt lat="46.861726976931095" lon="-121.66641796007752">
        <ele>1955.2</ele>
        <time>2019-06-22T20:58:04Z</time>
      </trkpt>
      <trkpt lat="46.861812" lon="-121.666529">
        <ele>1950.3</ele>
        <time>2019-06-22T20:58:10Z</time>
      </trkpt>
      <trkpt lat="46.861844" lon="-121.666598">
        <ele>1949.1</ele>
        <time>2019-06-22T20:58:13Z</time>
      </trkpt>
      <trkpt lat="46.861898973584175" lon="-121.66676698252559">
        <ele>1942.8</ele>
        <time>2019-06-22T20:58:19Z</time>
      </trkpt>
      <trkpt lat="46.86194700188935" lon="-121.66698801331222">
        <ele>1940.9</ele>
        <time>2019-06-22T20:58:24Z</time>
      </trkpt>
      <trkpt lat="46.86197499744594" lon="-121.66707099415362">
        <ele>1941.2</ele>
        <time>2019-06-22T20:58:26Z</time>
      </trkpt>
      <trkpt lat="46.86202101409435" lon="-121.66715598665178">
        <ele>1940.2</ele>
        <time>2019-06-22T20:58:28Z</time>
      </trkpt>
      <trkpt lat="46.862066" lon="-121.667273">
        <ele>1937.2</ele>
        <time>2019-06-22T20:58:32Z</time>
      </trkpt>
      <trkpt lat="46.862089997157454" lon="-121.66729898191988">
        <ele>1937.7</ele>
        <time>2019-06-22T20:58:33Z</time>
      </trkpt>
      <trkpt lat="46.86212696135044" lon="-121.66730199940503">
        <ele>1935.0</ele>
        <time>2019-06-22T20:58:34Z</time>
      </trkpt>
      <trkpt lat="46.86215" lon="-121.667274">
        <ele>1932.1</ele>
        <time>2019-06-22T20:58:35Z</time>
      </trkpt>
      <trkpt lat="46.862155040726066" lon="-121.6672429908067">
        <ele>1933.5</ele>
        <time>2019-06-22T20:58:36Z</time>
      </trkpt>
      <trkpt lat="46.86215" lon="-121.667107">
        <ele>1929.9</ele>
        <time>2019-06-22T20:58:40Z</time>
      </trkpt>
      <trkpt lat="46.86216300353408" lon="-121.66708197444677">
        <ele>1929.2</ele>
        <time>2019-06-22T20:58:41Z</time>
      </trkpt>
      <trkpt lat="46.862189" lon="-121.667067">
        <ele>1928.2</ele>
        <time>2019-06-22T20:58:42Z</time>
      </trkpt>
      <trkpt lat="46.86221295967698" lon="-121.66708298027515">
        <ele>1927.3</ele>
        <time>2019-06-22T20:58:43Z</time>
      </trkpt>
      <trkpt lat="46.862238" lon="-121.667117">
        <ele>1926.6</ele>
        <time>2019-06-22T20:58:44Z</time>
      </trkpt>
      <trkpt lat="46.86227297410369" lon="-121.66718197055161">
        <ele>1927.6</ele>
        <time>2019-06-22T20:58:44Z</time>
      </trkpt>
      <trkpt lat="46.86231" lon="-121.667093">
        <ele>1925.9</ele>
        <time>2019-06-22T20:58:46Z</time>
      </trkpt>
      <trkpt lat="46.86231002211571" lon="-121.66705900803208">
        <ele>1925.0</ele>
        <time>2019-06-22T20:58:47Z</time>
      </trkpt>
      <trkpt lat="46.862373" lon="-121.666758">
        <ele>1918.5</ele>
        <time>2019-06-22T20:58:53Z</time>
      </trkpt>
      <trkpt lat="46.86238897964358" lon="-121.6667199600488">
        <ele>1918.0</ele>
        <time>2019-06-22T20:58:54Z</time>
      </trkpt>
      <trkpt lat="46.862429" lon="-121.666514">
        <ele>1911.6</ele>
        <time>2019-06-22T20:59:01Z</time>
      </trkpt>
      <trkpt lat="46.862426" lon="-121.666471">
        <ele>1911.5</ele>
        <time>2019-06-22T20:59:39Z</time>
      </trkpt>
      <trkpt lat="46.86243197880685" lon="-121.6664609592408">
        <ele>1911.5</ele>
        <time>2019-06-22T20:59:40Z</time>
      </trkpt>
      <trkpt lat="46.862461" lon="-121.666448">
        <ele>1910.9</ele>
        <time>2019-06-22T20:59:42Z</time>
      </trkpt>
      <trkpt lat="46.86247397214174" lon="-121.66645299643278">
        <ele>1910.5</ele>
        <time>2019-06-22T20:59:43Z</time>
      </trkpt>
      <trkpt lat="46.862501" lon="-121.666575">
        <ele>1912.4</ele>
        <time>2019-06-22T20:59:44Z</time>
      </trkpt>
      <trkpt lat="46.86253499239683" lon="-121.66663002222776">
        <ele>1911.5</ele>
        <time>2019-06-22T20:59:46Z</time>
      </trkpt>
      <trkpt lat="46.862629037350416" lon="-121.66657797060907">
        <ele>1911.2</ele>
        <time>2019-06-22T20:59:48Z</time>
      </trkpt>
      <trkpt lat="46.862602" lon="-121.666514">
        <ele>1908.4</ele>
        <time>2019-06-22T20:59:49Z</time>
      </trkpt>
      <trkpt lat="46.862629037350416" lon="-121.66649297811091">
        <ele>1906.9</ele>
        <time>2019-06-22T20:59:50Z</time>
      </trkpt>
      <trkpt lat="46.86268402263522" lon="-121.66648199781775">
        <ele>1905.9</ele>
        <time>2019-06-22T20:59:52Z</time>
      </trkpt>
      <trkpt lat="46.862695002928376" lon="-121.66651502251625">
        <ele>1904.4</ele>
        <time>2019-06-22T20:59:53Z</time>
      </trkpt>
      <trkpt lat="46.86271000653505" lon="-121.66652399115264">
        <ele>1903.7</ele>
        <time>2019-06-22T20:59:54Z</time>
      </trkpt>
      <trkpt lat="46.86270799487829" lon="-121.66656196117401">
        <ele>1904.1</ele>
        <time>2019-06-22T20:59:55Z</time>
      </trkpt>
      <trkpt lat="46.862747" lon="-121.666654">
        <ele>1894.4</ele>
        <time>2019-06-22T21:00:12Z</time>
      </trkpt>
      <trkpt lat="46.862788" lon="-121.666733">
        <ele>1894.5</ele>
        <time>2019-06-22T21:00:15Z</time>
      </trkpt>
      <trkpt lat="46.862809" lon="-121.666745">
        <ele>1893.1</ele>
        <time>2019-06-22T21:00:16Z</time>
      </trkpt>
      <trkpt lat="46.862835" lon="-121.666629">
        <ele>1891.7</ele>
        <time>2019-06-22T21:00:17Z</time>
      </trkpt>
      <trkpt lat="46.86285903677344" lon="-121.66660596616566">
        <ele>1891.8</ele>
        <time>2019-06-22T21:00:18Z</time>
      </trkpt>
      <trkpt lat="46.862923" lon="-121.666455">
        <ele>1887.6</ele>
        <time>2019-06-22T21:00:22Z</time>
      </trkpt>
      <trkpt lat="46.8629390001297" lon="-121.66643396951258">
        <ele>1886.0</ele>
        <time>2019-06-22T21:00:23Z</time>
      </trkpt>
      <trkpt lat="46.862963" lon="-121.66647">
        <ele>1885.6</ele>
        <time>2019-06-22T21:00:24Z</time>
      </trkpt>
      <trkpt lat="46.862972024828196" lon="-121.66645903140306">
        <ele>1882.7</ele>
        <time>2019-06-22T21:00:25Z</time>
      </trkpt>
      <trkpt lat="46.862973" lon="-121.666503">
        <ele>1882.9</ele>
        <time>2019-06-22T21:00:26Z</time>
      </trkpt>
      <trkpt lat="46.862995997071266" lon="-121.6665590275079">
        <ele>1879.2</ele>
        <time>2019-06-22T21:00:28Z</time>
      </trkpt>
      <trkpt lat="46.863022" lon="-121.666589">
        <ele>1877.7</ele>
        <time>2019-06-22T21:00:29Z</time>
      </trkpt>
      <trkpt lat="46.863061962649226" lon="-121.66655601002276">
        <ele>1876.4</ele>
        <time>2019-06-22T21:00:30Z</time>
      </trkpt>
      <trkpt lat="46.8631099909544" lon="-121.66649800725281">
        <ele>1876.2</ele>
        <time>2019-06-22T21:00:32Z</time>
      </trkpt>
      <trkpt lat="46.863114" lon="-121.66645">
        <ele>1873.4</ele>
        <time>2019-06-22T21:00:33Z</time>
      </trkpt>
      <trkpt lat="46.863137" lon="-121.666398">
        <ele>1871.7</ele>
        <time>2019-06-22T21:00:35Z</time>
      </trkpt>
      <trkpt lat="46.863177" lon="-121.666395">
        <ele>1869.0</ele>
        <time>2019-06-22T21:00:36Z</time>
      </trkpt>
      <trkpt lat="46.863245" lon="-121.666408">
        <ele>1867.3</ele>
        <time>2019-06-22T21:00:38Z</time>
      </trkpt>
      <trkpt lat="46.86326203867793" lon="-121.66642801836133">
        <ele>1866.9</ele>
        <time>2019-06-22T21:00:39Z</time>
      </trkpt>
      <trkpt lat="46.86326497234404" lon="-121.6664990130812">
        <ele>1867.0</ele>
        <time>2019-06-22T21:00:40Z</time>
      </trkpt>
      <trkpt lat="46.863294" lon="-121.666566">
        <ele>1866.7</ele>
        <time>2019-06-22T21:00:42Z</time>
      </trkpt>
      <trkpt lat="46.863329" lon="-121.66663">
        <ele>1866.3</ele>
        <time>2019-06-22T21:00:44Z</time>
      </trkpt>
      <trkpt lat="46.86335398815572" lon="-121.6666229814291">
        <ele>1866.7</ele>
        <time>2019-06-22T21:00:44Z</time>
      </trkpt>
      <trkpt lat="46.863407" lon="-121.66652">
        <ele>1866.6</ele>
        <time>2019-06-22T21:00:48Z</time>
      </trkpt>
      <trkpt lat="46.86339103616774" lon="-121.66648702695966">
        <ele>1863.4</ele>
        <time>2019-06-22T21:00:49Z</time>
      </trkpt>
      <trkpt lat="46.863405" lon="-121.666427">
        <ele>1862.0</ele>
        <time>2019-06-22T21:00:51Z</time>
      </trkpt>
      <trkpt lat="46.86341802589595" lon="-121.66640899144113">
        <ele>1860.7</ele>
        <time>2019-06-22T21:00:52Z</time>
      </trkpt>
      <trkpt lat="46.8634519726038" lon="-121.6664189659059">
        <ele>1858.9</ele>
        <time>2019-06-22T21:00:53Z</time>
      </trkpt>
      <trkpt lat="46.863464" lon="-121.666476">
        <ele>1857.8</ele>
        <time>2019-06-22T21:00:54Z</time>
      </trkpt>
      <trkpt lat="46.863518" lon="-121.666539">
        <ele>1854.9</ele>
        <time>2019-06-22T21:00:57Z</time>
      </trkpt>
      <trkpt lat="46.863575" lon="-121.666545">
        <ele>1854.2</ele>
        <time>2019-06-22T21:00:58Z</time>
      </trkpt>
      <trkpt lat="46.863596979528666" lon="-121.66653396561742">
        <ele>1852.6</ele>
        <time>2019-06-22T21:00:59Z</time>
      </trkpt>
      <trkpt lat="46.863595" lon="-121.666468">
        <ele>1851.5</ele>
        <time>2019-06-22T21:01:00Z</time>
      </trkpt>
      <trkpt lat="46.86361902393401" lon="-121.6664469614625">
        <ele>1849.8</ele>
        <time>2019-06-22T21:01:01Z</time>
      </trkpt>
      <trkpt lat="46.86364903114736" lon="-121.66643396951258">
        <ele>1848.5</ele>
        <time>2019-06-22T21:01:02Z</time>
      </trkpt>
      <trkpt lat="46.863677" lon="-121.666487">
        <ele>1848.4</ele>
        <time>2019-06-22T21:01:03Z</time>
      </trkpt>
      <trkpt lat="46.86368700116873" lon="-121.66651703417301">
        <ele>1847.3</ele>
        <time>2019-06-22T21:01:04Z</time>
      </trkpt>
      <trkpt lat="46.863718" lon="-121.666548">
        <ele>1847.3</ele>
        <time>2019-06-22T21:01:05Z</time>
      </trkpt>
      <trkpt lat="46.863733" lon="-121.666448">
        <ele>1842.6</ele>
        <time>2019-06-22T21:01:07Z</time>
      </trkpt>
      <trkpt lat="46.86375699006021" lon="-121.66642701253295">
        <ele>1841.1</ele>
        <time>2019-06-22T21:01:08Z</time>
      </trkpt>
      <trkpt lat="46.863806024193764" lon="-121.66642701253295">
        <ele>1839.2</ele>
        <time>2019-06-22T21:01:09Z</time>
      </trkpt>
      <trkpt lat="46.863821" lon="-121.666362">
        <ele>1836.7</ele>
        <time>2019-06-22T21:01:11Z</time>
      </trkpt>
      <trkpt lat="46.86386897228658" lon="-121.6663000266999">
        <ele>1834.9</ele>
        <time>2019-06-22T21:01:14Z</time>
      </trkpt>
      <trkpt lat="46.863895040005445" lon="-121.66629298590124">
        <ele>1834.3</ele>
        <time>2019-06-22T21:01:15Z</time>
      </trkpt>
      <trkpt lat="46.86391096562147" lon="-121.66634696535766">
        <ele>1833.7</ele>
        <time>2019-06-22T21:01:16Z</time>
      </trkpt>
      <trkpt lat="46.86390702612698" lon="-121.66629600338638">
        <ele>1835.6</ele>
        <time>2019-06-22T21:01:23Z</time>
      </trkpt>
      <trkpt lat="46.863973" lon="-121.666181">
        <ele>1830.5</ele>
        <time>2019-06-22T21:01:35Z</time>
      </trkpt>
      <trkpt lat="46.863983971998096" lon="-121.66614999063313">
        <ele>1829.4</ele>
        <time>2019-06-22T21:01:36Z</time>
      </trkpt>
      <trkpt lat="46.864028" lon="-121.666071">
        <ele>1826.8</ele>
        <time>2019-06-22T21:01:40Z</time>
      </trkpt>
      <trkpt lat="46.864025965332985" lon="-121.66608796454966">
        <ele>1823.2</ele>
        <time>2019-06-22T21:01:47Z</time>
      </trkpt>
      <trkpt lat="46.864058" lon="-121.666153">
        <ele>1821.5</ele>
        <time>2019-06-22T21:01:49Z</time>
      </trkpt>
      <trkpt lat="46.864087991416454" lon="-121.66617203503847">
        <ele>1821.7</ele>
        <time>2019-06-22T21:01:50Z</time>
      </trkpt>
      <trkpt lat="46.86412302777171" lon="-121.66617102921009">
        <ele>1821.4</ele>
        <time>2019-06-22T21:01:51Z</time>
      </trkpt>
      <trkpt lat="46.8641409650445" lon="-121.6661430336535">
        <ele>1820.3</ele>
        <time>2019-06-22T21:01:52Z</time>
      </trkpt>
      <trkpt lat="46.864156974479556" lon="-121.66602300480008">
        <ele>1815.6</ele>
        <time>2019-06-22T21:01:57Z</time>
      </trkpt>
      <trkpt lat="46.864227" lon="-121.665906">
        <ele>1811.7</ele>
        <time>2019-06-22T21:02:07Z</time>
      </trkpt>
      <trkpt lat="46.86427499167621" lon="-121.66584203951061">
        <ele>1817.7</ele>
        <time>2019-06-22T21:02:16Z</time>
      </trkpt>
      <trkpt lat="46.86431799083948" lon="-121.66584203951061">
        <ele>1818.3</ele>
        <time>2019-06-22T21:02:37Z</time>
      </trkpt>
      <trkpt lat="46.86436" lon="-121.665874">
        <ele>1813.6</ele>
        <time>2019-06-22T21:02:39Z</time>
      </trkpt>
      <trkpt lat="46.864373" lon="-121.665907">
        <ele>1810.6</ele>
        <time>2019-06-22T21:02:41Z</time>
      </trkpt>
      <trkpt lat="46.864387979730964" lon="-121.6659199912101">
        <ele>1809.5</ele>
        <time>2019-06-22T21:02:42Z</time>
      </trkpt>
      <trkpt lat="46.864412035793066" lon="-121.66590498760343">
        <ele>1809.3</ele>
        <time>2019-06-22T21:02:43Z</time>
      </trkpt>
      <trkpt lat="46.864426" lon="-121.665874">
        <ele>1809.0</ele>
        <time>2019-06-22T21:02:44Z</time>
      </trkpt>
      <trkpt lat="46.8644" lon="-121.665839">
        <ele>1810.4</ele>
        <time>2019-06-22T21:02:44Z</time>
      </trkpt>
      <trkpt lat="46.864408012479544" lon="-121.66580398567021">
        <ele>1810.5</ele>
        <time>2019-06-22T21:02:46Z</time>
      </trkpt>
      <trkpt lat="46.864517" lon="-121.665858">
        <ele>1804.6</ele>
        <time>2019-06-22T21:02:50Z</time>
      </trkpt>
      <trkpt lat="46.864540027454495" lon="-121.66583097539842">
        <ele>1803.2</ele>
        <time>2019-06-22T21:02:51Z</time>
      </trkpt>
      <trkpt lat="46.86455201357603" lon="-121.66578596457839">
        <ele>1802.9</ele>
        <time>2019-06-22T21:02:52Z</time>
      </trkpt>
      <trkpt lat="46.86454899609089" lon="-121.66571899317205">
        <ele>1801.2</ele>
        <time>2019-06-22T21:02:54Z</time>
      </trkpt>
      <trkpt lat="46.86456902883947" lon="-121.66569703258574">
        <ele>1800.2</ele>
        <time>2019-06-22T21:02:55Z</time>
      </trkpt>
      <trkpt lat="46.86463700607419" lon="-121.66570600122213">
        <ele>1797.9</ele>
        <time>2019-06-22T21:02:57Z</time>
      </trkpt>
      <trkpt lat="46.864669024944305" lon="-121.66569099761546">
        <ele>1796.5</ele>
        <time>2019-06-22T21:02:58Z</time>
      </trkpt>
      <trkpt lat="46.86468402855098" lon="-121.66565101593733">
        <ele>1795.3</ele>
        <time>2019-06-22T21:02:59Z</time>
      </trkpt>
      <trkpt lat="46.864686" lon="-121.665585">
        <ele>1793.9</ele>
        <time>2019-06-22T21:03:01Z</time>
      </trkpt>
      <trkpt lat="46.864706" lon="-121.665561">
        <ele>1793.5</ele>
        <time>2019-06-22T21:03:02Z</time>
      </trkpt>
      <trkpt lat="46.864779" lon="-121.665569">
        <ele>1790.8</ele>
        <time>2019-06-22T21:03:04Z</time>
      </trkpt>
      <trkpt lat="46.86480598524213" lon="-121.66555596515536">
        <ele>1789.3</ele>
        <time>2019-06-22T21:03:05Z</time>
      </trkpt>
      <trkpt lat="46.864831" lon="-121.665497">
        <ele>1785.7</ele>
        <time>2019-06-22T21:03:07Z</time>
      </trkpt>
      <trkpt lat="46.86485501937568" lon="-121.6654989682138">
        <ele>1784.2</ele>
        <time>2019-06-22T21:03:09Z</time>
      </trkpt>
      <trkpt lat="46.864863" lon="-121.665531">
        <ele>1783.3</ele>
        <time>2019-06-22T21:03:11Z</time>
      </trkpt>
      <trkpt lat="46.864884020760655" lon="-121.6655370220542">
        <ele>1782.5</ele>
        <time>2019-06-22T21:03:12Z</time>
      </trkpt>
      <trkpt lat="46.86490296386182" lon="-121.66553199291229">
        <ele>1781.9</ele>
        <time>2019-06-22T21:03:13Z</time>
      </trkpt>
      <trkpt lat="46.86491503380239" lon="-121.665517995134">
        <ele>1780.6</ele>
        <time>2019-06-22T21:03:14Z</time>
      </trkpt>
      <trkpt lat="46.864929" lon="-121.665474">
        <ele>1780.3</ele>
        <time>2019-06-22T21:03:16Z</time>
      </trkpt>
      <trkpt lat="46.864944" lon="-121.665468">
        <ele>1779.0</ele>
        <time>2019-06-22T21:03:17Z</time>
      </trkpt>
      <trkpt lat="46.864982" lon="-121.665495">
        <ele>1777.5</ele>
        <time>2019-06-22T21:03:19Z</time>
      </trkpt>
      <trkpt lat="46.86499801464379" lon="-121.6654899995774">
        <ele>1777.6</ele>
        <time>2019-06-22T21:03:20Z</time>
      </trkpt>
      <trkpt lat="46.865016" lon="-121.665427">
        <ele>1777.4</ele>
        <time>2019-06-22T21:03:22Z</time>
      </trkpt>
      <trkpt lat="46.865017" lon="-121.66539">
        <ele>1776.7</ele>
        <time>2019-06-22T21:03:23Z</time>
      </trkpt>
      <trkpt lat="46.865005" lon="-121.665382">
        <ele>1777.1</ele>
        <time>2019-06-22T21:03:24Z</time>
      </trkpt>
      <trkpt lat="46.86499700881541" lon="-121.66539201512933">
        <ele>1778.4</ele>
        <time>2019-06-22T21:03:25Z</time>
      </trkpt>
      <trkpt lat="46.865053" lon="-121.66545">
        <ele>1781.6</ele>
        <time>2019-06-22T21:03:43Z</time>
      </trkpt>
      <trkpt lat="46.865081" lon="-121.66544">
        <ele>1779.7</ele>
        <time>2019-06-22T21:03:44Z</time>
      </trkpt>
      <trkpt lat="46.86511" lon="-121.665381">
        <ele>1779.9</ele>
        <time>2019-06-22T21:03:44Z</time>
      </trkpt>
      <trkpt lat="46.865121" lon="-121.66532">
        <ele>1780.1</ele>
        <time>2019-06-22T21:03:47Z</time>
      </trkpt>
      <trkpt lat="46.86513296328485" lon="-121.66530400514603">
        <ele>1780.4</ele>
        <time>2019-06-22T21:03:48Z</time>
      </trkpt>
      <trkpt lat="46.865221" lon="-121.665124">
        <ele>1772.8</ele>
        <time>2019-06-22T21:04:11Z</time>
      </trkpt>
      <trkpt lat="46.865226002410054" lon="-121.66510803624988">
        <ele>1771.8</ele>
        <time>2019-06-22T21:04:12Z</time>
      </trkpt>
      <trkpt lat="46.865266" lon="-121.665041">
        <ele>1767.9</ele>
        <time>2019-06-22T21:04:20Z</time>
      </trkpt>
      <trkpt lat="46.86530697159469" lon="-121.66501801460981">
        <ele>1767.2</ele>
        <time>2019-06-22T21:04:22Z</time>
      </trkpt>
      <trkpt lat="46.865356005728245" lon="-121.66509102098644">
        <ele>1766.0</ele>
        <time>2019-06-22T21:04:23Z</time>
      </trkpt>
      <trkpt lat="46.865399" lon="-121.665103">
        <ele>1765.5</ele>
        <time>2019-06-22T21:04:24Z</time>
      </trkpt>
      <trkpt lat="46.865431" lon="-121.665132">
        <ele>1764.0</ele>
        <time>2019-06-22T21:04:27Z</time>
      </trkpt>
      <trkpt lat="46.86546999961138" lon="-121.66514701209962">
        <ele>1761.1</ele>
        <time>2019-06-22T21:04:29Z</time>
      </trkpt>
      <trkpt lat="46.865548" lon="-121.665048">
        <ele>1762.0</ele>
        <time>2019-06-22T21:04:44Z</time>
      </trkpt>
      <trkpt lat="46.865566" lon="-121.665059">
        <ele>1763.2</ele>
        <time>2019-06-22T21:04:48Z</time>
      </trkpt>
      <trkpt lat="46.865635039284825" lon="-121.66502597741783">
        <ele>1759.2</ele>
        <time>2019-06-22T21:04:54Z</time>
      </trkpt>
      <trkpt lat="46.865636967122555" lon="-121.66499303653836">
        <ele>1757.4</ele>
        <time>2019-06-22T21:04:57Z</time>
      </trkpt>
      <trkpt lat="46.86569203622639" lon="-121.6650190204382">
        <ele>1754.9</ele>
        <time>2019-06-22T21:05:01Z</time>
      </trkpt>
      <trkpt lat="46.865716" lon="-121.665026">
        <ele>1752.1</ele>
        <time>2019-06-22T21:05:27Z</time>
      </trkpt>
      <trkpt lat="46.865744" lon="-121.665001">
        <ele>1748.9</ele>
        <time>2019-06-22T21:05:30Z</time>
      </trkpt>
      <trkpt lat="46.86577803455293" lon="-121.66500099934638">
        <ele>1748.3</ele>
        <time>2019-06-22T21:05:32Z</time>
      </trkpt>
      <trkpt lat="46.865870989859104" lon="-121.66495498269796">
        <ele>1743.2</ele>
        <time>2019-06-22T21:05:40Z</time>
      </trkpt>
      <trkpt lat="46.86590803787112" lon="-121.66494601406157">
        <ele>1741.9</ele>
        <time>2019-06-22T21:05:44Z</time>
      </trkpt>
      <trkpt lat="46.866023" lon="-121.664889">
        <ele>1737.0</ele>
        <time>2019-06-22T21:05:54Z</time>
      </trkpt>
      <trkpt lat="46.86609302647412" lon="-121.66490200906992">
        <ele>1737.4</ele>
        <time>2019-06-22T21:05:58Z</time>
      </trkpt>
      <trkpt lat="46.866156" lon="-121.664892">
        <ele>1736.3</ele>
        <time>2019-06-22T21:06:01Z</time>
      </trkpt>
      <trkpt lat="46.86614801175892" lon="-121.66487501934171">
        <ele>1734.0</ele>
        <time>2019-06-22T21:06:05Z</time>
      </trkpt>
      <trkpt lat="46.866096" lon="-121.664881">
        <ele>1736.3</ele>
        <time>2019-06-22T21:06:37Z</time>
      </trkpt>
      <trkpt lat="46.866081" lon="-121.664851">
        <ele>1740.6</ele>
        <time>2019-06-22T21:06:58Z</time>
      </trkpt>
      <trkpt lat="46.8660940323025" lon="-121.66483897715807">
        <ele>1738.9</ele>
        <time>2019-06-22T21:13:31Z</time>
      </trkpt>
      <trkpt lat="46.866071" lon="-121.664731">
        <ele>1736.6</ele>
        <time>2019-06-22T21:13:41Z</time>
      </trkpt>
      <trkpt lat="46.866066958755255" lon="-121.6647269949317">
        <ele>1735.9</ele>
        <time>2019-06-22T21:13:42Z</time>
      </trkpt>
      <trkpt lat="46.866049" lon="-121.664654">
        <ele>1737.0</ele>
        <time>2019-06-22T21:13:50Z</time>
      </trkpt>
      <trkpt lat="46.86600401066244" lon="-121.6646160185337">
        <ele>1735.1</ele>
        <time>2019-06-22T21:13:59Z</time>
      </trkpt>
      <trkpt lat="46.865998" lon="-121.66455">
        <ele>1738.3</ele>
        <time>2019-06-22T21:14:07Z</time>
      </trkpt>
      <trkpt lat="46.865974" lon="-121.664529">
        <ele>1738.7</ele>
        <time>2019-06-22T21:14:13Z</time>
      </trkpt>
      <trkpt lat="46.86594" lon="-121.664535">
        <ele>1737.1</ele>
        <time>2019-06-22T21:14:21Z</time>
      </trkpt>
      <trkpt lat="46.865843" lon="-121.664406">
        <ele>1739.4</ele>
        <time>2019-06-22T21:14:39Z</time>
      </trkpt>
      <trkpt lat="46.86581499874592" lon="-121.66443002410233">
        <ele>1734.4</ele>
        <time>2019-06-22T21:14:44Z</time>
      </trkpt>
      <trkpt lat="46.865748" lon="-121.664299">
        <ele>1741.9</ele>
        <time>2019-06-22T21:15:02Z</time>
      </trkpt>
      <trkpt lat="46.865723971277475" lon="-121.66431502439082">
        <ele>1744.1</ele>
        <time>2019-06-22T21:15:10Z</time>
      </trkpt>
      <trkpt lat="46.86570703983307" lon="-121.66424696333706">
        <ele>1745.4</ele>
        <time>2019-06-22T21:15:29Z</time>
      </trkpt>
      <trkpt lat="46.86567" lon="-121.664196">
        <ele>1748.1</ele>
        <time>2019-06-22T21:15:42Z</time>
      </trkpt>
      <trkpt lat="46.865658005699515" lon="-121.66416398249567">
        <ele>1749.5</ele>
        <time>2019-06-22T21:15:49Z</time>
      </trkpt>
      <trkpt lat="46.86559899710119" lon="-121.66415199637413">
        <ele>1751.6</ele>
        <time>2019-06-22T21:16:07Z</time>
      </trkpt>
      <trkpt lat="46.865581" lon="-121.664125">
        <ele>1751.6</ele>
        <time>2019-06-22T21:16:16Z</time>
      </trkpt>
      <trkpt lat="46.86555599793792" lon="-121.66412701830268">
        <ele>1750.9</ele>
        <time>2019-06-22T21:16:20Z</time>
      </trkpt>
      <trkpt lat="46.86552" lon="-121.664083">
        <ele>1752.4</ele>
        <time>2019-06-22T21:16:29Z</time>
      </trkpt>
      <trkpt lat="46.865451" lon="-121.664041">
        <ele>1754.6</ele>
        <time>2019-06-22T21:16:39Z</time>
      </trkpt>
      <trkpt lat="46.86543898656964" lon="-121.66400196030736">
        <ele>1756.5</ele>
        <time>2019-06-22T21:16:44Z</time>
      </trkpt>
      <trkpt lat="46.86541501432657" lon="-121.66398603469133">
        <ele>1758.2</ele>
        <time>2019-06-22T21:16:51Z</time>
      </trkpt>
      <trkpt lat="46.865393" lon="-121.663814">
        <ele>1761.2</ele>
        <time>2019-06-22T21:17:03Z</time>
      </trkpt>
      <trkpt lat="46.86540897935629" lon="-121.66375704109669">
        <ele>1762.7</ele>
        <time>2019-06-22T21:17:08Z</time>
      </trkpt>
      <trkpt lat="46.86541199684143" lon="-121.66369300335646">
        <ele>1762.8</ele>
        <time>2019-06-22T21:17:16Z</time>
      </trkpt>
      <trkpt lat="46.865401" lon="-121.663593">
        <ele>1760.8</ele>
        <time>2019-06-22T21:17:25Z</time>
      </trkpt>
      <trkpt lat="46.86540696769953" lon="-121.66354103945196">
        <ele>1761.2</ele>
        <time>2019-06-22T21:17:29Z</time>
      </trkpt>
      <trkpt lat="46.8654" lon="-121.663472">
        <ele>1762.0</ele>
        <time>2019-06-22T21:17:37Z</time>
      </trkpt>
      <trkpt lat="46.865432" lon="-121.663409">
        <ele>1761.5</ele>
        <time>2019-06-22T21:17:41Z</time>
      </trkpt>
      <trkpt lat="46.865428" lon="-121.663337">
        <ele>1762.5</ele>
        <time>2019-06-22T21:17:48Z</time>
      </trkpt>
      <trkpt lat="46.86539" lon="-121.663285">
        <ele>1760.1</ele>
        <time>2019-06-22T21:18:00Z</time>
      </trkpt>
      <trkpt lat="46.865379977971315" lon="-121.66325102560222">
        <ele>1759.7</ele>
        <time>2019-06-22T21:18:03Z</time>
      </trkpt>
      <trkpt lat="46.865333039313555" lon="-121.66322303004563">
        <ele>1762.1</ele>
        <time>2019-06-22T21:18:12Z</time>
      </trkpt>
      <trkpt lat="46.865302" lon="-121.663175">
        <ele>1765.1</ele>
        <time>2019-06-22T21:18:18Z</time>
      </trkpt>
      <trkpt lat="46.865291" lon="-121.663095">
        <ele>1766.3</ele>
        <time>2019-06-22T21:18:28Z</time>
      </trkpt>
      <trkpt lat="46.86530697159469" lon="-121.6630709823221">
        <ele>1769.9</ele>
        <time>2019-06-22T21:18:35Z</time>
      </trkpt>
      <trkpt lat="46.865319" lon="-121.663012">
        <ele>1773.3</ele>
        <time>2019-06-22T21:18:40Z</time>
      </trkpt>
      <trkpt lat="46.865315018221736" lon="-121.6629790328443">
        <ele>1772.3</ele>
        <time>2019-06-22T21:18:43Z</time>
      </trkpt>
      <trkpt lat="46.86528400518" lon="-121.66295698843896">
        <ele>1771.7</ele>
        <time>2019-06-22T21:18:53Z</time>
      </trkpt>
      <trkpt lat="46.865258" lon="-121.662924">
        <ele>1769.9</ele>
        <time>2019-06-22T21:18:59Z</time>
      </trkpt>
      <trkpt lat="46.86525902710855" lon="-121.66286503896117">
        <ele>1771.6</ele>
        <time>2019-06-22T21:19:05Z</time>
      </trkpt>
      <trkpt lat="46.865298" lon="-121.662742">
        <ele>1772.7</ele>
        <time>2019-06-22T21:19:15Z</time>
      </trkpt>
      <trkpt lat="46.86530202627182" lon="-121.66272103786469">
        <ele>1772.3</ele>
        <time>2019-06-22T21:19:16Z</time>
      </trkpt>
      <trkpt lat="46.865295" lon="-121.662599">
        <ele>1769.9</ele>
        <time>2019-06-22T21:19:24Z</time>
      </trkpt>
      <trkpt lat="46.865246035158634" lon="-121.66247603483498">
        <ele>1773.2</ele>
        <time>2019-06-22T21:19:35Z</time>
      </trkpt>
      <trkpt lat="46.865215" lon="-121.662368">
        <ele>1774.6</ele>
        <time>2019-06-22T21:19:44Z</time>
      </trkpt>
      <trkpt lat="46.865202" lon="-121.662276">
        <ele>1775.6</ele>
        <time>2019-06-22T21:19:49Z</time>
      </trkpt>
      <trkpt lat="46.865197" lon="-121.662259">
        <ele>1775.8</ele>
        <time>2019-06-22T21:19:50Z</time>
      </trkpt>
      <trkpt lat="46.865187" lon="-121.662104">
        <ele>1775.0</ele>
        <time>2019-06-22T21:19:59Z</time>
      </trkpt>
      <trkpt lat="46.865162970498204" lon="-121.66211703792214">
        <ele>1775.8</ele>
        <time>2019-06-22T21:20:06Z</time>
      </trkpt>
      <trkpt lat="46.865143" lon="-121.66209">
        <ele>1774.5</ele>
        <time>2019-06-22T21:20:09Z</time>
      </trkpt>
      <trkpt lat="46.86513698659837" lon="-121.6620260104537">
        <ele>1776.1</ele>
        <time>2019-06-22T21:20:13Z</time>
      </trkpt>
      <trkpt lat="46.865119" lon="-121.661957">
        <ele>1776.5</ele>
        <time>2019-06-22T21:20:20Z</time>
      </trkpt>
      <trkpt lat="46.865117037668824" lon="-121.66188997216523">
        <ele>1776.8</ele>
        <time>2019-06-22T21:20:25Z</time>
      </trkpt>
      <trkpt lat="46.8651" lon="-121.661784">
        <ele>1776.1</ele>
        <time>2019-06-22T21:20:32Z</time>
      </trkpt>
      <trkpt lat="46.865108" lon="-121.66171">
        <ele>1779.7</ele>
        <time>2019-06-22T21:20:39Z</time>
      </trkpt>
      <trkpt lat="46.865136" lon="-121.661631">
        <ele>1782.4</ele>
        <time>2019-06-22T21:20:46Z</time>
      </trkpt>
      <trkpt lat="46.865121" lon="-121.66155">
        <ele>1781.8</ele>
        <time>2019-06-22T21:20:51Z</time>
      </trkpt>
      <trkpt lat="46.865091" lon="-121.661465">
        <ele>1778.8</ele>
        <time>2019-06-22T21:20:57Z</time>
      </trkpt>
      <trkpt lat="46.865033" lon="-121.661427">
        <ele>1778.2</ele>
        <time>2019-06-22T21:21:02Z</time>
      </trkpt>
      <trkpt lat="46.86499801464379" lon="-121.66134799830616">
        <ele>1778.6</ele>
        <time>2019-06-22T21:21:09Z</time>
      </trkpt>
      <trkpt lat="46.86498200520873" lon="-121.6611940227449">
        <ele>1781.2</ele>
        <time>2019-06-22T21:21:21Z</time>
      </trkpt>
      <trkpt lat="46.864938" lon="-121.661159">
        <ele>1777.4</ele>
        <time>2019-06-22T21:21:26Z</time>
      </trkpt>
      <trkpt lat="46.864930959418416" lon="-121.66114498861134">
        <ele>1779.0</ele>
        <time>2019-06-22T21:21:27Z</time>
      </trkpt>
      <trkpt lat="46.864918" lon="-121.661035">
        <ele>1779.4</ele>
        <time>2019-06-22T21:21:33Z</time>
      </trkpt>
      <trkpt lat="46.86493" lon="-121.660976">
        <ele>1778.6</ele>
        <time>2019-06-22T21:21:38Z</time>
      </trkpt>
      <trkpt lat="46.8649179674685" lon="-121.66094700805843">
        <ele>1777.0</ele>
        <time>2019-06-22T21:21:40Z</time>
      </trkpt>
      <trkpt lat="46.864926" lon="-121.660902">
        <ele>1778.5</ele>
        <time>2019-06-22T21:21:44Z</time>
      </trkpt>
      <trkpt lat="46.86493800021708" lon="-121.660893028602">
        <ele>1778.1</ele>
        <time>2019-06-22T21:21:44Z</time>
      </trkpt>
      <trkpt lat="46.864962" lon="-121.660802">
        <ele>1781.6</ele>
        <time>2019-06-22T21:21:53Z</time>
      </trkpt>
      <trkpt lat="46.8650059774518" lon="-121.66072103194892">
        <ele>1780.2</ele>
        <time>2019-06-22T21:22:02Z</time>
      </trkpt>
      <trkpt lat="46.86502902768552" lon="-121.66062799282372">
        <ele>1779.2</ele>
        <time>2019-06-22T21:22:10Z</time>
      </trkpt>
      <trkpt lat="46.86505098827183" lon="-121.660560015589">
        <ele>1782.0</ele>
        <time>2019-06-22T21:22:15Z</time>
      </trkpt>
      <trkpt lat="46.865025" lon="-121.660497">
        <ele>1783.1</ele>
        <time>2019-06-22T21:22:21Z</time>
      </trkpt>
      <trkpt lat="46.865034" lon="-121.660389">
        <ele>1786.2</ele>
        <time>2019-06-22T21:22:29Z</time>
      </trkpt>
      <trkpt lat="46.86504000797868" lon="-121.660375026986">
        <ele>1786.2</ele>
        <time>2019-06-22T21:22:30Z</time>
      </trkpt>
      <trkpt lat="46.86506" lon="-121.660233">
        <ele>1789.5</ele>
        <time>2019-06-22T21:22:38Z</time>
      </trkpt>
      <trkpt lat="46.865116031840444" lon="-121.66013396345079">
        <ele>1790.9</ele>
        <time>2019-06-22T21:22:51Z</time>
      </trkpt>
      <trkpt lat="46.865164" lon="-121.660089">
        <ele>1792.7</ele>
        <time>2019-06-22T21:22:56Z</time>
      </trkpt>
      <trkpt lat="46.865171" lon="-121.660058">
        <ele>1791.2</ele>
        <time>2019-06-22T21:22:59Z</time>
      </trkpt>
      <trkpt lat="46.86515802517533" lon="-121.66000203229487">
        <ele>1791.5</ele>
        <time>2019-06-22T21:23:04Z</time>
      </trkpt>
      <trkpt lat="46.86516799964011" lon="-121.65991301648319">
        <ele>1791.1</ele>
        <time>2019-06-22T21:23:10Z</time>
      </trkpt>
      <trkpt lat="46.865186" lon="-121.65983">
        <ele>1791.2</ele>
        <time>2019-06-22T21:23:17Z</time>
      </trkpt>
      <trkpt lat="46.86521602794528" lon="-121.65978100150824">
        <ele>1790.6</ele>
        <time>2019-06-22T21:23:21Z</time>
      </trkpt>
      <trkpt lat="46.865292" lon="-121.659721">
        <ele>1792.6</ele>
        <time>2019-06-22T21:23:27Z</time>
      </trkpt>
      <trkpt lat="46.865312000736594" lon="-121.65970799513161">
        <ele>1793.6</ele>
        <time>2019-06-22T21:23:28Z</time>
      </trkpt>
      <trkpt lat="46.865341" lon="-121.659675">
        <ele>1791.8</ele>
        <time>2019-06-22T21:23:31Z</time>
      </trkpt>
      <trkpt lat="46.8653720151633" lon="-121.65961001068354">
        <ele>1793.7</ele>
        <time>2019-06-22T21:23:35Z</time>
      </trkpt>
      <trkpt lat="46.865401" lon="-121.659477">
        <ele>1792.6</ele>
        <time>2019-06-22T21:23:42Z</time>
      </trkpt>
      <trkpt lat="46.865465" lon="-121.659289">
        <ele>1795.5</ele>
        <time>2019-06-22T21:29:03Z</time>
      </trkpt>
      <trkpt lat="46.86552003957331" lon="-121.6593889798969">
        <ele>1788.9</ele>
        <time>2019-06-22T21:29:22Z</time>
      </trkpt>
      <trkpt lat="46.86555" lon="-121.659409">
        <ele>1785.5</ele>
        <time>2019-06-22T21:29:24Z</time>
      </trkpt>
      <trkpt lat="46.865608" lon="-121.659401">
        <ele>1783.9</ele>
        <time>2019-06-22T21:29:28Z</time>
      </trkpt>
      <trkpt lat="46.86568600125611" lon="-121.65945000015199">
        <ele>1780.6</ele>
        <time>2019-06-22T21:29:35Z</time>
      </trkpt>
      <trkpt lat="46.86573796905577" lon="-121.65948897600174">
        <ele>1780.7</ele>
        <time>2019-06-22T21:29:39Z</time>
      </trkpt>
      <trkpt lat="46.86577904038131" lon="-121.65949299931526">
        <ele>1779.1</ele>
        <time>2019-06-22T21:29:43Z</time>
      </trkpt>
      <trkpt lat="46.865796" lon="-121.659552">
        <ele>1782.5</ele>
        <time>2019-06-22T21:29:47Z</time>
      </trkpt>
      <trkpt lat="46.865833" lon="-121.659555">
        <ele>1781.6</ele>
        <time>2019-06-22T21:29:50Z</time>
      </trkpt>
      <trkpt lat="46.86584400013089" lon="-121.65954999625683">
        <ele>1780.2</ele>
        <time>2019-06-22T21:29:51Z</time>
      </trkpt>
      <trkpt lat="46.865874007344246" lon="-121.65956399403512">
        <ele>1779.7</ele>
        <time>2019-06-22T21:29:54Z</time>
      </trkpt>
      <trkpt lat="46.86593" lon="-121.659652">
        <ele>1782.1</ele>
        <time>2019-06-22T21:29:59Z</time>
      </trkpt>
      <trkpt lat="46.865955" lon="-121.659712">
        <ele>1782.1</ele>
        <time>2019-06-22T21:30:02Z</time>
      </trkpt>
      <trkpt lat="46.865965" lon="-121.659933">
        <ele>1780.4</ele>
        <time>2019-06-22T21:30:15Z</time>
      </trkpt>
      <trkpt lat="46.865978026762605" lon="-121.65998099371791">
        <ele>1779.9</ele>
        <time>2019-06-22T21:30:19Z</time>
      </trkpt>
      <trkpt lat="46.86601901426911" lon="-121.66007403284311">
        <ele>1780.8</ele>
        <time>2019-06-22T21:30:30Z</time>
      </trkpt>
      <trkpt lat="46.866042" lon="-121.660075">
        <ele>1780.3</ele>
        <time>2019-06-22T21:30:32Z</time>
      </trkpt>
      <trkpt lat="46.86605497263372" lon="-121.66008601896465">
        <ele>1779.1</ele>
        <time>2019-06-22T21:30:34Z</time>
      </trkpt>
      <trkpt lat="46.866066958755255" lon="-121.66012097150087">
        <ele>1779.1</ele>
        <time>2019-06-22T21:30:36Z</time>
      </trkpt>
      <trkpt lat="46.866059" lon="-121.660192">
        <ele>1778.4</ele>
        <time>2019-06-22T21:30:39Z</time>
      </trkpt>
      <trkpt lat="46.86605899594724" lon="-121.66021501645446">
        <ele>1778.3</ele>
        <time>2019-06-22T21:30:40Z</time>
      </trkpt>
      <trkpt lat="46.86609897762537" lon="-121.66022599674761">
        <ele>1779.6</ele>
        <time>2019-06-22T21:30:42Z</time>
      </trkpt>
      <trkpt lat="46.866101" lon="-121.660305">
        <ele>1779.7</ele>
        <time>2019-06-22T21:30:48Z</time>
      </trkpt>
      <trkpt lat="46.866111969575286" lon="-121.66033496148884">
        <ele>1779.5</ele>
        <time>2019-06-22T21:30:50Z</time>
      </trkpt>
      <trkpt lat="46.866162" lon="-121.660366">
        <ele>1777.2</ele>
        <time>2019-06-22T21:30:55Z</time>
      </trkpt>
      <trkpt lat="46.866214" lon="-121.660359">
        <ele>1774.2</ele>
        <time>2019-06-22T21:30:58Z</time>
      </trkpt>
      <trkpt lat="46.86627" lon="-121.660307">
        <ele>1774.8</ele>
        <time>2019-06-22T21:31:04Z</time>
      </trkpt>
      <trkpt lat="46.86631699092686" lon="-121.66027997620404">
        <ele>1772.1</ele>
        <time>2019-06-22T21:31:09Z</time>
      </trkpt>
      <trkpt lat="46.86638" lon="-121.660261">
        <ele>1772.3</ele>
        <time>2019-06-22T21:31:21Z</time>
      </trkpt>
      <trkpt lat="46.86639301478863" lon="-121.66024804115295">
        <ele>1772.3</ele>
        <time>2019-06-22T21:31:22Z</time>
      </trkpt>
      <trkpt lat="46.866428" lon="-121.660196">
        <ele>1771.0</ele>
        <time>2019-06-22T21:31:26Z</time>
      </trkpt>
      <trkpt lat="46.866479" lon="-121.660172">
        <ele>1772.8</ele>
        <time>2019-06-22T21:31:29Z</time>
      </trkpt>
      <trkpt lat="46.866514" lon="-121.660228">
        <ele>1767.8</ele>
        <time>2019-06-22T21:31:36Z</time>
      </trkpt>
      <trkpt lat="46.866541961207986" lon="-121.66022901423275">
        <ele>1764.7</ele>
        <time>2019-06-22T21:31:44Z</time>
      </trkpt>
      <trkpt lat="46.86655696481466" lon="-121.66020303033292">
        <ele>1765.4</ele>
        <time>2019-06-22T21:31:47Z</time>
      </trkpt>
      <trkpt lat="46.866581020876765" lon="-121.66021702811122">
        <ele>1767.8</ele>
        <time>2019-06-22T21:31:49Z</time>
      </trkpt>
      <trkpt lat="46.86659996397793" lon="-121.6602130047977">
        <ele>1767.6</ele>
        <time>2019-06-22T21:31:52Z</time>
      </trkpt>
      <trkpt lat="46.866644" lon="-121.66018">
        <ele>1763.8</ele>
        <time>2019-06-22T21:32:06Z</time>
      </trkpt>
      <trkpt lat="46.866661" lon="-121.660136">
        <ele>1757.2</ele>
        <time>2019-06-22T21:32:17Z</time>
      </trkpt>
      <trkpt lat="46.866670958697796" lon="-121.66013203561306">
        <ele>1757.3</ele>
        <time>2019-06-22T21:32:18Z</time>
      </trkpt>
      <trkpt lat="46.86671596951783" lon="-121.66013899259269">
        <ele>1756.7</ele>
        <time>2019-06-22T21:32:24Z</time>
      </trkpt>
      <trkpt lat="46.866754" lon="-121.660178">
        <ele>1755.4</ele>
        <time>2019-06-22T21:32:29Z</time>
      </trkpt>
      <trkpt lat="46.86677900142968" lon="-121.66016698814929">
        <ele>1753.9</ele>
        <time>2019-06-22T21:32:32Z</time>
      </trkpt>
      <trkpt lat="46.86680599115789" lon="-121.66017000563443">
        <ele>1754.2</ele>
        <time>2019-06-22T21:32:37Z</time>
      </trkpt>
      <trkpt lat="46.86676098033786" lon="-121.66017201729119">
        <ele>1750.1</ele>
        <time>2019-06-22T21:32:47Z</time>
      </trkpt>
      <trkpt lat="46.866737" lon="-121.660204">
        <ele>1750.1</ele>
        <time>2019-06-22T21:32:51Z</time>
      </trkpt>
      <trkpt lat="46.866741" lon="-121.660237">
        <ele>1748.5</ele>
        <time>2019-06-22T21:32:55Z</time>
      </trkpt>
      <trkpt lat="46.866792" lon="-121.660234">
        <ele>1748.1</ele>
        <time>2019-06-22T21:32:57Z</time>
      </trkpt>
      <trkpt lat="46.86680498532951" lon="-121.6602040361613">
        <ele>1744.5</ele>
        <time>2019-06-22T21:33:05Z</time>
      </trkpt>
      <trkpt lat="46.86682702973485" lon="-121.66021602228284">
        <ele>1743.6</ele>
        <time>2019-06-22T21:33:09Z</time>
      </trkpt>
      <trkpt lat="46.866862" lon="-121.660205">
        <ele>1744.0</ele>
        <time>2019-06-22T21:33:13Z</time>
      </trkpt>
      <trkpt lat="46.86687204055488" lon="-121.66025298647583">
        <ele>1741.4</ele>
        <time>2019-06-22T21:33:19Z</time>
      </trkpt>
      <trkpt lat="46.8669400177896" lon="-121.66034703142941">
        <ele>1737.0</ele>
        <time>2019-06-22T21:33:29Z</time>
      </trkpt>
      <trkpt lat="46.866976" lon="-121.660451">
        <ele>1735.5</ele>
        <time>2019-06-22T21:33:34Z</time>
      </trkpt>
      <trkpt lat="46.86699701473117" lon="-121.66045599617064">
        <ele>1733.3</ele>
        <time>2019-06-22T21:33:38Z</time>
      </trkpt>
      <trkpt lat="46.867036" lon="-121.660419">
        <ele>1732.3</ele>
        <time>2019-06-22T21:33:44Z</time>
      </trkpt>
      <trkpt lat="46.867008" lon="-121.660441">
        <ele>1730.8</ele>
        <time>2019-06-22T21:33:44Z</time>
      </trkpt>
      <trkpt lat="46.867022998631" lon="-121.66044501587749">
        <ele>1727.0</ele>
        <time>2019-06-22T21:34:02Z</time>
      </trkpt>
      <trkpt lat="46.866985" lon="-121.660504">
        <ele>1727.4</ele>
        <time>2019-06-22T21:34:04Z</time>
      </trkpt>
      <trkpt lat="46.86699500307441" lon="-121.66054903529584">
        <ele>1724.3</ele>
        <time>2019-06-22T21:34:08Z</time>
      </trkpt>
      <trkpt lat="46.867002" lon="-121.660742">
        <ele>1722.2</ele>
        <time>2019-06-22T21:34:18Z</time>
      </trkpt>
      <trkpt lat="46.866972958669066" lon="-121.66077601723373">
        <ele>1722.1</ele>
        <time>2019-06-22T21:34:20Z</time>
      </trkpt>
      <trkpt lat="46.866933" lon="-121.660856">
        <ele>1722.3</ele>
        <time>2019-06-22T21:34:25Z</time>
      </trkpt>
      <trkpt lat="46.866932" lon="-121.660957">
        <ele>1721.1</ele>
        <time>2019-06-22T21:34:32Z</time>
      </trkpt>
      <trkpt lat="46.866936" lon="-121.661018">
        <ele>1723.2</ele>
        <time>2019-06-22T21:34:34Z</time>
      </trkpt>
      <trkpt lat="46.86696" lon="-121.661036">
        <ele>1720.7</ele>
        <time>2019-06-22T21:34:39Z</time>
      </trkpt>
      <trkpt lat="46.867011" lon="-121.661029">
        <ele>1720.3</ele>
        <time>2019-06-22T21:34:43Z</time>
      </trkpt>
      <trkpt lat="46.867017" lon="-121.660967">
        <ele>1722.2</ele>
        <time>2019-06-22T21:34:48Z</time>
      </trkpt>
      <trkpt lat="46.867058" lon="-121.660895">
        <ele>1720.9</ele>
        <time>2019-06-22T21:34:53Z</time>
      </trkpt>
      <trkpt lat="46.867074966430664" lon="-121.66087903082371">
        <ele>1720.9</ele>
        <time>2019-06-22T21:34:54Z</time>
      </trkpt>
      <trkpt lat="46.867119" lon="-121.660792">
        <ele>1719.6</ele>
        <time>2019-06-22T21:34:59Z</time>
      </trkpt>
      <trkpt lat="46.867176" lon="-121.660739">
        <ele>1718.6</ele>
        <time>2019-06-22T21:35:02Z</time>
      </trkpt>
      <trkpt lat="46.867197" lon="-121.660701">
        <ele>1718.1</ele>
        <time>2019-06-22T21:35:05Z</time>
      </trkpt>
      <trkpt lat="46.86726498417556" lon="-121.66065598838031">
        <ele>1719.9</ele>
        <time>2019-06-22T21:35:09Z</time>
      </trkpt>
      <trkpt lat="46.867313" lon="-121.660608">
        <ele>1721.0</ele>
        <time>2019-06-22T21:35:14Z</time>
      </trkpt>
      <trkpt lat="46.86734000220895" lon="-121.66060502640903">
        <ele>1721.7</ele>
        <time>2019-06-22T21:35:16Z</time>
      </trkpt>
      <trkpt lat="46.867369" lon="-121.660578">
        <ele>1719.9</ele>
        <time>2019-06-22T21:35:19Z</time>
      </trkpt>
      <trkpt lat="46.867421" lon="-121.66049">
        <ele>1716.8</ele>
        <time>2019-06-22T21:35:24Z</time>
      </trkpt>
      <trkpt lat="46.867428" lon="-121.660461">
        <ele>1715.8</ele>
        <time>2019-06-22T21:35:26Z</time>
      </trkpt>
      <trkpt lat="46.867422983050346" lon="-121.66042699478567">
        <ele>1712.0</ele>
        <time>2019-06-22T21:35:29Z</time>
      </trkpt>
      <trkpt lat="46.867467" lon="-121.660315">
        <ele>1712.1</ele>
        <time>2019-06-22T21:35:36Z</time>
      </trkpt>
      <trkpt lat="46.867544" lon="-121.66017">
        <ele>1710.3</ele>
        <time>2019-06-22T21:35:44Z</time>
      </trkpt>
      <trkpt lat="46.867583" lon="-121.660126">
        <ele>1712.4</ele>
        <time>2019-06-22T21:35:46Z</time>
      </trkpt>
      <trkpt lat="46.867588022723794" lon="-121.66009498760104">
        <ele>1711.0</ele>
        <time>2019-06-22T21:35:47Z</time>
      </trkpt>
      <trkpt lat="46.86760696582496" lon="-121.6600369848311">
        <ele>1709.5</ele>
        <time>2019-06-22T21:35:50Z</time>
      </trkpt>
      <trkpt lat="46.867678966373205" lon="-121.65997403673828">
        <ele>1709.4</ele>
        <time>2019-06-22T21:35:55Z</time>
      </trkpt>
      <trkpt lat="46.867674" lon="-121.659951">
        <ele>1707.3</ele>
        <time>2019-06-22T21:35:57Z</time>
      </trkpt>
      <trkpt lat="46.86766102910042" lon="-121.6599450353533">
        <ele>1706.4</ele>
        <time>2019-06-22T21:35:58Z</time>
      </trkpt>
      <trkpt lat="46.867714" lon="-121.659851">
        <ele>1708.5</ele>
        <time>2019-06-22T21:36:03Z</time>
      </trkpt>
      <trkpt lat="46.867723977193236" lon="-121.659783013165">
        <ele>1705.3</ele>
        <time>2019-06-22T21:36:08Z</time>
      </trkpt>
      <trkpt lat="46.867709" lon="-121.659715">
        <ele>1703.0</ele>
        <time>2019-06-22T21:36:11Z</time>
      </trkpt>
      <trkpt lat="46.867718" lon="-121.65969">
        <ele>1702.2</ele>
        <time>2019-06-22T21:36:12Z</time>
      </trkpt>
      <trkpt lat="46.86774702742696" lon="-121.65965803898871">
        <ele>1702.0</ele>
        <time>2019-06-22T21:36:14Z</time>
      </trkpt>
      <trkpt lat="46.867792" lon="-121.659549">
        <ele>1701.7</ele>
        <time>2019-06-22T21:36:19Z</time>
      </trkpt>
      <trkpt lat="46.867766" lon="-121.659514">
        <ele>1697.8</ele>
        <time>2019-06-22T21:36:21Z</time>
      </trkpt>
      <trkpt lat="46.867727" lon="-121.659502">
        <ele>1697.1</ele>
        <time>2019-06-22T21:36:23Z</time>
      </trkpt>
      <trkpt lat="46.86772900633514" lon="-121.65946600958705">
        <ele>1697.0</ele>
        <time>2019-06-22T21:36:26Z</time>
      </trkpt>
      <trkpt lat="46.867760019376874" lon="-121.65939996019006">
        <ele>1695.8</ele>
        <time>2019-06-22T21:36:31Z</time>
      </trkpt>
      <trkpt lat="46.867823" lon="-121.659346">
        <ele>1700.4</ele>
        <time>2019-06-22T21:36:36Z</time>
      </trkpt>
      <trkpt lat="46.86783403158188" lon="-121.65934296324849">
        <ele>1699.8</ele>
        <time>2019-06-22T21:36:37Z</time>
      </trkpt>
      <trkpt lat="46.867856" lon="-121.659234">
        <ele>1703.1</ele>
        <time>2019-06-22T21:36:50Z</time>
      </trkpt>
      <trkpt lat="46.867808" lon="-121.659158">
        <ele>1696.2</ele>
        <time>2019-06-22T21:36:56Z</time>
      </trkpt>
      <trkpt lat="46.867833" lon="-121.659151">
        <ele>1694.5</ele>
        <time>2019-06-22T21:37:00Z</time>
      </trkpt>
      <trkpt lat="46.867849035188556" lon="-121.6591680329293">
        <ele>1695.4</ele>
        <time>2019-06-22T21:37:02Z</time>
      </trkpt>
      <trkpt lat="46.86786797828972" lon="-121.6592840384692">
        <ele>1689.7</ele>
        <time>2019-06-22T21:37:10Z</time>
      </trkpt>
      <trkpt lat="46.867862" lon="-121.659446">
        <ele>1688.3</ele>
        <time>2019-06-22T21:37:21Z</time>
      </trkpt>
      <trkpt lat="46.86788097023964" lon="-121.65951596572995">
        <ele>1683.6</ele>
        <time>2019-06-22T21:37:25Z</time>
      </trkpt>
      <trkpt lat="46.867824" lon="-121.659652">
        <ele>1683.2</ele>
        <time>2019-06-22T21:37:30Z</time>
      </trkpt>
      <trkpt lat="46.86784300021827" lon="-121.65972501039505">
        <ele>1682.1</ele>
        <time>2019-06-22T21:37:34Z</time>
      </trkpt>
      <trkpt lat="46.867899" lon="-121.659924">
        <ele>1682.1</ele>
        <time>2019-06-22T21:37:43Z</time>
      </trkpt>
      <trkpt lat="46.86789899133146" lon="-121.6599450353533">
        <ele>1681.6</ele>
        <time>2019-06-22T21:37:44Z</time>
      </trkpt>
      <trkpt lat="46.867916006594896" lon="-121.66000002063811">
        <ele>1679.5</ele>
        <time>2019-06-22T21:37:46Z</time>
      </trkpt>
      <trkpt lat="46.86794903129339" lon="-121.66004100814462">
        <ele>1676.1</ele>
        <time>2019-06-22T21:37:51Z</time>
      </trkpt>
      <trkpt lat="46.86794400215149" lon="-121.66009398177266">
        <ele>1674.7</ele>
        <time>2019-06-22T21:37:54Z</time>
      </trkpt>
      <trkpt lat="46.867922" lon="-121.660165">
        <ele>1674.4</ele>
        <time>2019-06-22T21:37:57Z</time>
      </trkpt>
      <trkpt lat="46.86792002990842" lon="-121.66018400341272">
        <ele>1674.1</ele>
        <time>2019-06-22T21:37:58Z</time>
      </trkpt>
      <trkpt lat="46.86792799271643" lon="-121.66021903976798">
        <ele>1672.3</ele>
        <time>2019-06-22T21:38:00Z</time>
      </trkpt>
      <trkpt lat="46.86794903129339" lon="-121.66024100035429">
        <ele>1669.5</ele>
        <time>2019-06-22T21:38:02Z</time>
      </trkpt>
      <trkpt lat="46.868017" lon="-121.660215">
        <ele>1665.0</ele>
        <time>2019-06-22T21:38:07Z</time>
      </trkpt>
      <trkpt lat="46.868051" lon="-121.660234">
        <ele>1663.5</ele>
        <time>2019-06-22T21:38:09Z</time>
      </trkpt>
      <trkpt lat="46.8680780287832" lon="-121.6602959856391">
        <ele>1661.8</ele>
        <time>2019-06-22T21:38:15Z</time>
      </trkpt>
      <trkpt lat="46.868065" lon="-121.660449">
        <ele>1663.3</ele>
        <time>2019-06-22T21:38:22Z</time>
      </trkpt>
      <trkpt lat="46.868078" lon="-121.660505">
        <ele>1662.8</ele>
        <time>2019-06-22T21:38:25Z</time>
      </trkpt>
      <trkpt lat="46.86809496022761" lon="-121.66056202724576">
        <ele>1662.4</ele>
        <time>2019-06-22T21:38:28Z</time>
      </trkpt>
      <trkpt lat="46.868037" lon="-121.660685">
        <ele>1662.1</ele>
        <time>2019-06-22T21:38:32Z</time>
      </trkpt>
      <trkpt lat="46.868028" lon="-121.660771">
        <ele>1662.7</ele>
        <time>2019-06-22T21:38:36Z</time>
      </trkpt>
      <trkpt lat="46.868036" lon="-121.660819">
        <ele>1662.1</ele>
        <time>2019-06-22T21:39:22Z</time>
      </trkpt>
      <trkpt lat="46.86805103905499" lon="-121.66085799224675">
        <ele>1649.9</ele>
        <time>2019-06-22T21:44:33Z</time>
      </trkpt>
      <trkpt lat="46.868076" lon="-121.660903">
        <ele>1643.3</ele>
        <time>2019-06-22T21:44:51Z</time>
      </trkpt>
      <trkpt lat="46.86807702295482" lon="-121.66088900528848">
        <ele>1649.2</ele>
        <time>2019-06-22T21:44:56Z</time>
      </trkpt>
    </trkseg>
  </trk>
</gpx>