{"type": "Feature", "properties": {}, "geometry": {"type": "LineString", "coordinates": [[-120.222623, 39.230239, 2043.3], [-120.22261, 39.230232, 2043.4], [-120.222596, 39.230227, 2043.4], [-120.222571, 39.230223, 2043.5], [-120.222548, 39.230217, 2043.5], [-120.222525, 39.230212, 2043.5], [-120.222502, 39.230213, 2043.6], [-120.222487, 39.230212, 2043.6], [-120.222482, 39.23021, 2043.6], [-120.222489, 39.230217, 2043.7], [-120.222507, 39.230218, 2043.7], [-120.222547, 39.230218, 2043.8], [-120.222554, 39.230221, 2043.8], [-120.222561, 39.230211, 2043.8], [-120.222571, 39.230204, 2043.8], [-120.222569, 39.230201, 2043.8], [-120.222575, 39.230195, 2043.9], [-120.222594, 39.230182, 2043.9], [-120.222602, 39.230174, 2043.9], [-120.222604, 39.230169, 2043.9], [-120.22259, 39.230172, 2043.9], [-120.222576, 39.230173, 2044.0], [-120.222559, 39.230176, 2044.0], [-120.222553, 39.230174, 2044.0], [-120.22255, 39.230169, 2044.0], [-120.222555, 39.230165, 2044.0], [-120.222544, 39.230161, 2044.0], [-120.222549, 39.230158, 2044.0], [-120.222563, 39.230157, 2044.0], [-120.222579, 39.230162, 2044.0], [-120.222586, 39.230162, 2044.1], [-120.2226, 39.23015, 2044.1], [-120.222607, 39.230151, 2044.1], [-120.222622, 39.230149, 2044.1], [-120.222626, 39.230146, 2044.1], [-120.222619, 39.230146, 2044.1], [-120.22263, 39.230143, 2044.1], [-120.222634, 39.230133, 2044.1], [-120.222635, 39.230117, 2044.2], [-120.222634, 39.2301, 2044.2], [-120.222631, 39.230085, 2044.2], [-120.222619, 39.230061, 2044.3], [-120.22261, 39.230058, 2044.3], [-120.222619, 39.230075, 2044.3], [-120.222657, 39.230108, 2044.4], [-120.222701, 39.230133, 2044.5], [-120.222731, 39.230151, 2044.6], [-120.222742, 39.230156, 2044.7], [-120.222778, 39.230175, 2044.8], [-120.222812, 39.230192, 2044.9], [-120.22292, 39.230233, 2045.3], [-120.222971, 39.230265, 2045.5], [-120.223003, 39.230293, 2045.6], [-120.223028, 39.230314, 2045.8], [-120.223052, 39.230347, 2045.9], [-120.223059, 39.230358, 2045.9], [-120.223075, 39.230391, 2046.0], [-120.223089, 39.230429, 2046.1], [-120.223094, 39.230438, 2046.2], [-120.223074, 39.230424, 2046.2], [-120.223062, 39.23041, 2046.3], [-120.223059, 39.2304, 2046.3], [-120.223046, 39.23038, 2046.3], [-120.223037, 39.230373, 2046.3], [-120.222997, 39.230362, 2046.4], [-120.22298, 39.230355, 2046.4], [-120.222964, 39.230338, 2046.5], [-120.222954, 39.23033, 2046.5], [-120.222944, 39.230325, 2046.5], [-120.222937, 39.230326, 2046.5], [-120.222917, 39.230333, 2046.5], [-120.222905, 39.230334, 2046.5], [-120.222892, 39.230319, 2046.5], [-120.222892, 39.230313, 2046.5], [-120.222888, 39.230305, 2046.6], [-120.222864, 39.23028, 2046.6], [-120.222853, 39.230271, 2046.6], [-120.222843, 39.23025, 2046.6], [-120.222831, 39.230233, 2046.7], [-120.222817, 39.230223, 2046.7], [-120.222811, 39.230221, 2046.7], [-120.222802, 39.230209, 2046.7], [-120.222801, 39.230198, 2046.7], [-120.222797, 39.230192, 2046.7], [-120.222784, 39.230182, 2046.7], [-120.222784, 39.230174, 2046.7], [-120.222775, 39.230159, 2046.8], [-120.222776, 39.230148, 2046.8], [-120.222782, 39.230131, 2046.8], [-120.222771, 39.230118, 2046.8], [-120.222755, 39.230108, 2046.9], [-120.222757, 39.230102, 2046.9], [-120.22277, 39.230081, 2047.0], [-120.222776, 39.230075, 2047.0], [-120.222785, 39.23007, 2047.0], [-120.222791, 39.230044, 2047.1], [-120.222795, 39.230031, 2047.1], [-120.222796, 39.229999, 2047.2], [-120.222793, 39.229975, 2047.3], [-120.22279, 39.22996, 2047.3], [-120.222781, 39.229923, 2047.4], [-120.222774, 39.229899, 2047.5], [-120.222775, 39.229878, 2047.5], [-120.222778, 39.229866, 2047.5], [-120.222779, 39.229855, 2047.6], [-120.222778, 39.229843, 2047.6], [-120.222775, 39.229831, 2047.6], [-120.222771, 39.229808, 2047.7], [-120.222763, 39.229789, 2047.7], [-120.222757, 39.229772, 2047.7], [-120.22274, 39.229749, 2047.8], [-120.222734, 39.229749, 2047.8], [-120.222734, 39.229753, 2047.8], [-120.222728, 39.229739, 2047.8], [-120.222727, 39.229719, 2047.9], [-120.222728, 39.22971, 2047.9], [-120.222726, 39.229695, 2047.9], [-120.222725, 39.229675, 2047.9], [-120.222715, 39.229654, 2048.0], [-120.222705, 39.229616, 2048.0], [-120.222696, 39.229593, 2048.1], [-120.222686, 39.229571, 2048.1], [-120.222675, 39.229537, 2048.1], [-120.222672, 39.229525, 2048.1], [-120.222664, 39.229504, 2048.2], [-120.222662, 39.229493, 2048.2], [-120.222656, 39.229473, 2048.2], [-120.222644, 39.229457, 2048.3], [-120.222644, 39.229425, 2048.3], [-120.222642, 39.229414, 2048.4], [-120.222644, 39.229363, 2048.5], [-120.222647, 39.229333, 2048.5], [-120.222656, 39.229302, 2048.6], [-120.22266, 39.229293, 2048.7], [-120.222672, 39.229275, 2048.7], [-120.222685, 39.22926, 2048.8], [-120.222699, 39.229229, 2048.9], [-120.222705, 39.229214, 2048.9], [-120.222719, 39.229185, 2049.0], [-120.222725, 39.229169, 2049.1], [-120.222734, 39.229156, 2049.1], [-120.222754, 39.229143, 2049.2], [-120.222775, 39.22912, 2049.3], [-120.222784, 39.229112, 2049.3], [-120.222801, 39.229102, 2049.4], [-120.222818, 39.229078, 2049.5], [-120.222822, 39.229068, 2049.5], [-120.222837, 39.229048, 2049.6], [-120.222846, 39.229038, 2049.6], [-120.222862, 39.229018, 2049.7], [-120.222874, 39.228997, 2049.7], [-120.22288, 39.228992, 2049.8], [-120.222885, 39.228984, 2049.8], [-120.222905, 39.228959, 2049.9], [-120.222915, 39.228941, 2049.9], [-120.222915, 39.22893, 2050.0], [-120.2229, 39.228934, 2050.0], [-120.222896, 39.228943, 2050.0], [-120.222904, 39.228949, 2050.1], [-120.222906, 39.228954, 2050.1], [-120.22291, 39.228953, 2050.1], [-120.222913, 39.228938, 2050.2], [-120.222906, 39.228899, 2050.3], [-120.22291, 39.228887, 2050.3], [-120.222922, 39.228876, 2050.4], [-120.222945, 39.228868, 2050.4], [-120.222995, 39.228853, 2050.5], [-120.22301, 39.228845, 2050.6], [-120.223017, 39.228836, 2050.6], [-120.223017, 39.228825, 2050.7], [-120.22301, 39.228815, 2050.7], [-120.222999, 39.228811, 2050.7], [-120.222987, 39.228813, 2050.7], [-120.22298, 39.228816, 2050.8], [-120.222975, 39.228812, 2050.8], [-120.222976, 39.228805, 2050.8], [-120.222974, 39.22878, 2050.9], [-120.222968, 39.228752, 2051.0], [-120.222965, 39.228744, 2051.0], [-120.222942, 39.228719, 2051.1], [-120.222913, 39.228692, 2051.3], [-120.222886, 39.228669, 2051.4], [-120.222867, 39.228651, 2051.5], [-120.222851, 39.228632, 2051.6], [-120.222816, 39.228596, 2051.8], [-120.2228, 39.228567, 2051.9], [-120.222791, 39.228548, 2052.0], [-120.222783, 39.228538, 2052.0], [-120.222768, 39.228522, 2052.1], [-120.222755, 39.228503, 2052.2], [-120.22275, 39.228493, 2052.2], [-120.222745, 39.228477, 2052.3], [-120.222737, 39.228431, 2052.5], [-120.222731, 39.228402, 2052.6], [-120.222727, 39.228387, 2052.7], [-120.222715, 39.22836, 2052.8], [-120.222712, 39.228345, 2052.9], [-120.222705, 39.228317, 2053.0], [-120.222703, 39.228295, 2053.1], [-120.222703, 39.228278, 2053.2], [-120.222707, 39.228248, 2053.3], [-120.222715, 39.228213, 2053.4], [-120.222716, 39.228203, 2053.5], [-120.222723, 39.228174, 2053.6], [-120.222724, 39.228165, 2053.6], [-120.222729, 39.228152, 2053.7], [-120.22273, 39.228123, 2053.8], [-120.222732, 39.228107, 2053.8], [-120.222741, 39.228085, 2053.9], [-120.222765, 39.228044, 2054.1], [-120.222778, 39.228018, 2054.2], [-120.222782, 39.228008, 2054.2], [-120.222786, 39.227986, 2054.3], [-120.222796, 39.227956, 2054.4], [-120.222804, 39.22794, 2054.4], [-120.222816, 39.22792, 2054.5], [-120.222829, 39.227904, 2054.6], [-120.222849, 39.227875, 2054.7], [-120.222866, 39.227849, 2054.8], [-120.22289, 39.227824, 2054.9], [-120.222913, 39.227794, 2055.0], [-120.222937, 39.227758, 2055.2], [-120.222942, 39.227749, 2055.2], [-120.222964, 39.227714, 2055.4], [-120.222998, 39.227675, 2055.6], [-120.223027, 39.227645, 2055.7], [-120.223037, 39.227637, 2055.8], [-120.223066, 39.227611, 2055.9], [-120.223076, 39.227604, 2055.9], [-120.223096, 39.227583, 2056.1], [-120.223114, 39.227562, 2056.2], [-120.223123, 39.227554, 2056.2], [-120.223138, 39.227538, 2056.3], [-120.223148, 39.227531, 2056.3], [-120.223166, 39.227515, 2056.4], [-120.223188, 39.227498, 2056.5], [-120.223206, 39.227478, 2056.7], [-120.223226, 39.227464, 2056.7], [-120.223246, 39.227453, 2056.8], [-120.223267, 39.227436, 2056.9], [-120.223284, 39.227421, 2057.0], [-120.223294, 39.22741, 2057.1], [-120.223304, 39.227403, 2057.1], [-120.223333, 39.227386, 2057.2], [-120.223351, 39.227372, 2057.3], [-120.223398, 39.22733, 2057.5], [-120.223429, 39.2273, 2057.7], [-120.223451, 39.227285, 2057.8], [-120.223464, 39.22728, 2057.8], [-120.223487, 39.227269, 2057.9], [-120.223501, 39.227261, 2057.9], [-120.223514, 39.227255, 2058.0], [-120.223526, 39.227247, 2058.0], [-120.223538, 39.227241, 2058.0], [-120.223564, 39.22723, 2058.1], [-120.22359, 39.227216, 2058.2], [-120.223637, 39.227192, 2058.4], [-120.223645, 39.227187, 2058.4], [-120.223682, 39.227171, 2058.5], [-120.223692, 39.227165, 2058.5], [-120.223707, 39.227159, 2058.6], [-120.223733, 39.22715, 2058.6], [-120.223759, 39.227142, 2058.7], [-120.223782, 39.227137, 2058.8], [-120.223826, 39.227119, 2058.9], [-120.223864, 39.227097, 2059.0], [-120.223875, 39.22709, 2059.0], [-120.223913, 39.227069, 2059.1], [-120.223927, 39.227063, 2059.2], [-120.223963, 39.227051, 2059.3], [-120.223985, 39.227042, 2059.3], [-120.224022, 39.227031, 2059.4], [-120.224065, 39.227016, 2059.6], [-120.224089, 39.227007, 2059.6], [-120.224108, 39.227001, 2059.7], [-120.224143, 39.226985, 2059.8], [-120.224167, 39.226971, 2059.9], [-120.224187, 39.226956, 2060.0], [-120.22422, 39.226942, 2060.1], [-120.224227, 39.226937, 2060.1], [-120.224238, 39.226932, 2060.2], [-120.224264, 39.226915, 2060.3], [-120.224284, 39.226907, 2060.4], [-120.224313, 39.226897, 2060.5], [-120.224333, 39.226895, 2060.6], [-120.224341, 39.226891, 2060.6], [-120.224374, 39.226889, 2060.7], [-120.224387, 39.226884, 2060.8], [-120.224407, 39.226872, 2060.9], [-120.224423, 39.226861, 2061.0], [-120.224426, 39.226852, 2061.0], [-120.224435, 39.226848, 2061.0], [-120.224449, 39.226847, 2061.1], [-120.224462, 39.226844, 2061.1], [-120.224487, 39.226834, 2061.2], [-120.224528, 39.226814, 2061.4], [-120.22456, 39.22679, 2061.6], [-120.224592, 39.22677, 2061.7], [-120.224613, 39.226754, 2061.8], [-120.224624, 39.226748, 2061.8], [-120.224648, 39.226737, 2061.9], [-120.224658, 39.226731, 2062.0], [-120.224696, 39.226719, 2062.1], [-120.22471, 39.226712, 2062.1], [-120.224739, 39.226701, 2062.2], [-120.224758, 39.226697, 2062.3], [-120.224772, 39.226693, 2062.3], [-120.224796, 39.226682, 2062.4], [-120.224826, 39.226666, 2062.5], [-120.224837, 39.226658, 2062.5], [-120.224856, 39.226642, 2062.6], [-120.224868, 39.226634, 2062.7], [-120.224882, 39.226627, 2062.7], [-120.224918, 39.226603, 2062.8], [-120.224944, 39.226585, 2062.9], [-120.224975, 39.226565, 2063.0], [-120.224995, 39.226554, 2063.0], [-120.225016, 39.22654, 2063.1], [-120.225041, 39.226527, 2063.1], [-120.225052, 39.22652, 2063.2], [-120.225078, 39.226498, 2063.2], [-120.225093, 39.226482, 2063.3], [-120.225099, 39.226471, 2063.3], [-120.225107, 39.226452, 2063.3], [-120.225115, 39.226448, 2063.3], [-120.225125, 39.226448, 2063.4], [-120.225126, 39.226445, 2063.4], [-120.225102, 39.226445, 2063.4], [-120.225098, 39.226443, 2063.4], [-120.225098, 39.226434, 2063.5], [-120.225094, 39.226391, 2063.5], [-120.225096, 39.226383, 2063.6], [-120.225122, 39.226352, 2063.6], [-120.225139, 39.226327, 2063.7], [-120.225149, 39.226308, 2063.8], [-120.225154, 39.226301, 2063.8], [-120.225164, 39.226282, 2063.8], [-120.225172, 39.22626, 2063.9], [-120.225193, 39.226235, 2063.9], [-120.22521, 39.226222, 2064.0], [-120.225218, 39.226223, 2064.0], [-120.225217, 39.226217, 2064.1], [-120.225229, 39.226214, 2064.1], [-120.225238, 39.226221, 2064.1], [-120.225252, 39.226229, 2064.2], [-120.225265, 39.226234, 2064.2], [-120.225305, 39.226261, 2064.3], [-120.225347, 39.22627, 2064.4], [-120.225352, 39.226266, 2063.8], [-120.225323, 39.226253, 2063.8], [-120.225302, 39.22625, 2062.9], [-120.225283, 39.226243, 2062.9], [-120.225273, 39.226247, 2061.6], [-120.225265, 39.22624, 2061.6], [-120.225257, 39.226237, 2061.6], [-120.225252, 39.22623, 2061.0], [-120.225257, 39.226231, 2061.0], [-120.225272, 39.226223, 2061.0], [-120.225317, 39.226223, 2062.3], [-120.225359, 39.226217, 2063.3], [-120.225381, 39.226211, 2064.2], [-120.22541, 39.226207, 2065.1], [-120.225445, 39.226194, 2065.0], [-120.225472, 39.226183, 2065.9], [-120.225485, 39.226175, 2065.9], [-120.225498, 39.226164, 2066.5], [-120.225535, 39.226141, 2067.1], [-120.225561, 39.226132, 2067.0], [-120.225573, 39.226126, 2067.0], [-120.225607, 39.2261, 2067.4], [-120.225626, 39.226089, 2068.3], [-120.225653, 39.22608, 2068.3], [-120.22568, 39.226074, 2069.1], [-120.225722, 39.226068, 2069.3], [-120.225739, 39.22607, 2069.8], [-120.225764, 39.226069, 2070.0], [-120.225795, 39.22607, 2071.0], [-120.225817, 39.226072, 2071.0], [-120.22584, 39.226076, 2071.6], [-120.225872, 39.226086, 2071.6], [-120.225899, 39.226092, 2072.5], [-120.225918, 39.226094, 2072.5], [-120.225928, 39.226093, 2073.4], [-120.225942, 39.226096, 2073.4], [-120.225963, 39.226106, 2073.6], [-120.225968, 39.22611, 2074.3], [-120.225995, 39.226121, 2074.3], [-120.226011, 39.226129, 2075.2], [-120.226031, 39.226136, 2075.2], [-120.22605, 39.22614, 2076.2], [-120.226081, 39.22614, 2076.2], [-120.226093, 39.226139, 2076.9], [-120.226114, 39.226135, 2076.8], [-120.226136, 39.226132, 2077.3], [-120.226154, 39.226126, 2077.3], [-120.226178, 39.226114, 2077.3], [-120.226207, 39.226104, 2078.1], [-120.226216, 39.226094, 2077.9], [-120.226236, 39.22608, 2078.5], [-120.226254, 39.226075, 2078.5], [-120.226287, 39.226076, 2079.1], [-120.226304, 39.226084, 2079.1], [-120.226336, 39.226091, 2079.9], [-120.226356, 39.226092, 2080.8], [-120.226384, 39.226092, 2080.8], [-120.226391, 39.226091, 2080.8], [-120.226404, 39.226085, 2081.9], [-120.226424, 39.226082, 2081.9], [-120.226439, 39.226077, 2083.1], [-120.226447, 39.226083, 2083.1], [-120.226468, 39.226091, 2083.1], [-120.226483, 39.226098, 2084.3], [-120.226503, 39.226102, 2084.3], [-120.226526, 39.226103, 2085.5], [-120.226546, 39.226102, 2085.5], [-120.226563, 39.2261, 2085.5], [-120.226583, 39.226096, 2086.8], [-120.226598, 39.226088, 2086.8], [-120.226606, 39.226082, 2086.8], [-120.226628, 39.22607, 2088.0], [-120.22665, 39.226063, 2087.4], [-120.226666, 39.226065, 2088.4], [-120.226693, 39.226065, 2088.4], [-120.22671, 39.226067, 2089.5], [-120.226718, 39.226074, 2090.2], [-120.226731, 39.226076, 2090.2], [-120.226745, 39.226076, 2091.3], [-120.226776, 39.226072, 2091.3], [-120.226795, 39.226068, 2091.4], [-120.22681, 39.226062, 2091.4], [-120.22683, 39.226057, 2092.2], [-120.226842, 39.226057, 2092.2], [-120.22687, 39.226049, 2093.2], [-120.226886, 39.22605, 2093.2], [-120.226918, 39.22605, 2094.2], [-120.226955, 39.226048, 2095.3], [-120.226995, 39.226052, 2096.2], [-120.227014, 39.226055, 2096.2], [-120.227031, 39.22606, 2096.2], [-120.227056, 39.226062, 2096.7], [-120.227074, 39.226062, 2096.7], [-120.22709, 39.226067, 2097.2], [-120.227094, 39.226071, 2097.8], [-120.227117, 39.226075, 2097.8], [-120.227126, 39.226075, 2098.6], [-120.227154, 39.226081, 2098.6], [-120.227175, 39.226083, 2099.5], [-120.227195, 39.226082, 2099.5], [-120.227234, 39.226074, 2100.3], [-120.22725, 39.226073, 2100.3], [-120.227277, 39.226069, 2100.4], [-120.227321, 39.226065, 2101.1], [-120.227338, 39.226066, 2101.8], [-120.227361, 39.226074, 2101.7], [-120.227395, 39.226079, 2102.2], [-120.227407, 39.226079, 2102.2], [-120.227439, 39.226076, 2103.0], [-120.227489, 39.22608, 2104.0], [-120.227506, 39.226084, 2104.0], [-120.227522, 39.226086, 2105.2], [-120.227539, 39.226091, 2105.2], [-120.227566, 39.226097, 2106.4], [-120.227582, 39.226103, 2106.4], [-120.227592, 39.226111, 2106.1], [-120.227603, 39.226114, 2107.1], [-120.227623, 39.226127, 2107.1], [-120.227648, 39.22615, 2107.8], [-120.227663, 39.226162, 2107.8], [-120.227669, 39.226165, 2107.8], [-120.227682, 39.226176, 2109.1], [-120.227708, 39.226189, 2109.1], [-120.227724, 39.226192, 2110.3], [-120.22773, 39.226191, 2110.3], [-120.227739, 39.226193, 2110.3], [-120.22775, 39.226189, 2110.3], [-120.227762, 39.226187, 2110.3], [-120.227775, 39.226189, 2111.7], [-120.227794, 39.226183, 2111.7], [-120.227808, 39.226183, 2111.7], [-120.227822, 39.22618, 2112.7], [-120.227838, 39.226182, 2112.7], [-120.227848, 39.226185, 2112.7], [-120.227868, 39.226189, 2113.3], [-120.227907, 39.226191, 2113.9], [-120.227918, 39.226191, 2113.9], [-120.227953, 39.226193, 2114.4], [-120.227977, 39.226198, 2114.4], [-120.227984, 39.226201, 2115.0], [-120.227993, 39.226208, 2115.5], [-120.228017, 39.226213, 2115.5], [-120.228037, 39.22622, 2116.4], [-120.228062, 39.226226, 2116.4], [-120.228071, 39.226227, 2117.5], [-120.228091, 39.226227, 2117.5], [-120.22812, 39.226221, 2118.4], [-120.22815, 39.226207, 2118.4], [-120.228166, 39.226201, 2118.4], [-120.228196, 39.226195, 2119.0], [-120.228224, 39.226191, 2119.0], [-120.228238, 39.226191, 2119.0], [-120.228247, 39.226195, 2119.6], [-120.228257, 39.226193, 2119.6], [-120.228263, 39.226188, 2119.6], [-120.228275, 39.226184, 2119.6], [-120.228289, 39.226185, 2120.4], [-120.22831, 39.226182, 2120.4], [-120.228327, 39.226181, 2121.4], [-120.228349, 39.226185, 2121.4], [-120.228367, 39.22619, 2122.3], [-120.228386, 39.226197, 2122.3], [-120.228409, 39.226199, 2122.3], [-120.228424, 39.226202, 2123.2], [-120.228455, 39.226203, 2123.6], [-120.22847, 39.226207, 2123.6], [-120.228478, 39.226207, 2123.6], [-120.228495, 39.226204, 2123.6], [-120.228511, 39.2262, 2125.0], [-120.228535, 39.226199, 2125.0], [-120.228552, 39.226195, 2125.8], [-120.22857, 39.226193, 2125.8], [-120.228589, 39.226194, 2126.4], [-120.228599, 39.226193, 2126.4], [-120.228615, 39.226188, 2126.4], [-120.22862, 39.226185, 2126.4], [-120.228639, 39.226184, 2127.2], [-120.228676, 39.226186, 2128.1], [-120.228699, 39.226196, 2128.1], [-120.228708, 39.226199, 2128.1], [-120.228744, 39.226216, 2128.3], [-120.228774, 39.226227, 2129.4], [-120.228789, 39.22623, 2129.4], [-120.228818, 39.226243, 2130.5], [-120.228832, 39.226251, 2130.5], [-120.228855, 39.226258, 2131.6], [-120.228879, 39.226269, 2131.6], [-120.228907, 39.226276, 2132.4], [-120.22892, 39.226281, 2132.4], [-120.228932, 39.226284, 2133.4], [-120.228972, 39.226287, 2134.2], [-120.22901, 39.226288, 2134.2], [-120.229024, 39.226292, 2134.8], [-120.229017, 39.226295, 2134.8], [-120.229026, 39.226297, 2134.8], [-120.229041, 39.226303, 2134.0], [-120.229055, 39.226311, 2134.7], [-120.229067, 39.22632, 2134.7], [-120.229079, 39.226334, 2134.7], [-120.229089, 39.22635, 2134.7], [-120.229099, 39.226363, 2135.8], [-120.229105, 39.226378, 2136.6], [-120.229116, 39.226392, 2136.6], [-120.229131, 39.226406, 2137.2], [-120.229146, 39.226424, 2138.1], [-120.229164, 39.226441, 2138.5], [-120.229181, 39.226455, 2138.5], [-120.229199, 39.226467, 2139.2], [-120.229209, 39.226478, 2139.4], [-120.229221, 39.226486, 2139.4], [-120.229249, 39.2265, 2140.0], [-120.229269, 39.226508, 2140.9], [-120.229277, 39.226514, 2140.9], [-120.229298, 39.226522, 2140.9], [-120.229322, 39.226519, 2141.9], [-120.229334, 39.226516, 2141.9], [-120.229354, 39.226519, 2142.7], [-120.229374, 39.22652, 2142.7], [-120.229391, 39.226523, 2142.7], [-120.229403, 39.226531, 2143.3], [-120.229425, 39.226535, 2143.3], [-120.229441, 39.226541, 2144.2], [-120.229448, 39.226546, 2144.2], [-120.229434, 39.226548, 2143.5], [-120.229424, 39.226545, 2143.5], [-120.229427, 39.226555, 2143.5], [-120.229435, 39.226564, 2143.5], [-120.229448, 39.226568, 2144.2], [-120.229457, 39.226586, 2144.5], [-120.229463, 39.226589, 2144.5], [-120.229483, 39.226594, 2145.3], [-120.22952, 39.226609, 2145.8], [-120.229549, 39.226625, 2146.6], [-120.229604, 39.226637, 2147.6], [-120.229617, 39.226637, 2148.1], [-120.229602, 39.226639, 2147.6], [-120.229593, 39.226638, 2147.6], [-120.229584, 39.226641, 2147.6], [-120.229567, 39.226643, 2147.1], [-120.229541, 39.226651, 2147.1], [-120.229538, 39.226656, 2147.1], [-120.229547, 39.226664, 2147.1], [-120.229563, 39.226671, 2147.8], [-120.229581, 39.22667, 2148.4], [-120.229601, 39.226675, 2148.4], [-120.229609, 39.226678, 2148.4], [-120.229617, 39.226688, 2148.9], [-120.229629, 39.226691, 2148.9], [-120.22963, 39.226698, 2148.9], [-120.229627, 39.226699, 2148.9], [-120.229637, 39.226703, 2149.6], [-120.229642, 39.2267, 2148.9], [-120.229637, 39.226698, 2148.9], [-120.229634, 39.226691, 2148.9], [-120.229625, 39.226686, 2148.9], [-120.229601, 39.226687, 2148.4], [-120.22958, 39.226685, 2148.4], [-120.229572, 39.226686, 2148.4], [-120.229554, 39.226685, 2147.8], [-120.229545, 39.226676, 2147.8], [-120.229546, 39.226673, 2147.8], [-120.229561, 39.226661, 2147.1], [-120.229575, 39.226654, 2147.6], [-120.229581, 39.226648, 2147.6], [-120.229587, 39.226647, 2147.6], [-120.229593, 39.226664, 2147.6], [-120.229592, 39.226683, 2148.4], [-120.229577, 39.226682, 2148.4], [-120.229576, 39.226691, 2148.4], [-120.22957, 39.226691, 2148.4], [-120.229563, 39.226681, 2147.8], [-120.229542, 39.226665, 2147.1], [-120.229523, 39.226658, 2146.4], [-120.229521, 39.226651, 2146.4], [-120.229534, 39.226646, 2147.1], [-120.22956, 39.226645, 2147.1], [-120.229584, 39.226647, 2147.6], [-120.229609, 39.226647, 2147.6], [-120.229628, 39.226643, 2148.1], [-120.229661, 39.226648, 2148.6], [-120.229679, 39.226652, 2148.6], [-120.229688, 39.226656, 2148.6], [-120.229733, 39.226671, 2149.8], [-120.229756, 39.226677, 2150.1], [-120.229767, 39.226679, 2150.1], [-120.229792, 39.22668, 2150.3], [-120.229816, 39.226676, 2150.3], [-120.229837, 39.226669, 2150.7], [-120.229861, 39.226664, 2150.1], [-120.229891, 39.22666, 2150.9], [-120.229906, 39.226663, 2150.9], [-120.229918, 39.226667, 2151.9], [-120.229933, 39.226669, 2152.5], [-120.229953, 39.22667, 2152.5], [-120.229965, 39.226676, 2153.3], [-120.229989, 39.226678, 2153.3], [-120.230006, 39.226678, 2153.7], [-120.230045, 39.226686, 2154.0], [-120.230069, 39.226692, 2154.0], [-120.230117, 39.226699, 2154.7], [-120.230127, 39.226702, 2155.8], [-120.230158, 39.226716, 2155.8], [-120.230173, 39.226719, 2156.7], [-120.230193, 39.226717, 2156.7], [-120.230216, 39.226718, 2157.9], [-120.230235, 39.226724, 2157.9], [-120.230259, 39.22674, 2159.3], [-120.230289, 39.226755, 2159.3], [-120.230311, 39.226763, 2160.2], [-120.23033, 39.226769, 2160.3], [-120.230346, 39.226772, 2161.3], [-120.23032, 39.226772, 2160.3], [-120.23034, 39.226776, 2160.3], [-120.230353, 39.226777, 2161.3], [-120.230391, 39.226788, 2162.3], [-120.230405, 39.226794, 2162.3], [-120.230432, 39.226801, 2163.1], [-120.230455, 39.226806, 2163.2], [-120.230461, 39.226804, 2163.2], [-120.230484, 39.22681, 2163.8], [-120.230508, 39.226812, 2163.8], [-120.230519, 39.226812, 2164.6], [-120.230535, 39.22681, 2164.6], [-120.230548, 39.226811, 2164.6], [-120.230559, 39.226816, 2165.1], [-120.230577, 39.22682, 2165.1], [-120.230589, 39.226824, 2165.1], [-120.230708, 39.226824, 2167.3], [-120.230747, 39.226815, 2168.2], [-120.230765, 39.226809, 2168.2], [-120.230782, 39.226802, 2169.0], [-120.230798, 39.226798, 2168.9], [-120.230844, 39.226795, 2169.7], [-120.230867, 39.226797, 2170.3], [-120.230878, 39.226797, 2170.3], [-120.2309, 39.226795, 2170.9], [-120.23093, 39.226789, 2170.9], [-120.23094, 39.226788, 2170.9], [-120.230948, 39.226785, 2171.4], [-120.230968, 39.226781, 2171.4], [-120.230979, 39.226777, 2171.4], [-120.230996, 39.226774, 2172.1], [-120.231003, 39.226774, 2172.1], [-120.231019, 39.226771, 2172.1], [-120.231033, 39.226766, 2172.7], [-120.231065, 39.226763, 2172.7], [-120.231104, 39.226762, 2173.3], [-120.231131, 39.226764, 2174.0], [-120.231164, 39.226768, 2174.8], [-120.23119, 39.226769, 2174.6], [-120.2312, 39.226766, 2175.6], [-120.231229, 39.226762, 2175.6], [-120.231256, 39.226756, 2176.5], [-120.231263, 39.226753, 2176.5], [-120.2313, 39.226741, 2177.2], [-120.231314, 39.226738, 2177.2], [-120.231331, 39.226736, 2177.9], [-120.231362, 39.226729, 2178.0], [-120.231367, 39.226726, 2178.0], [-120.231402, 39.226718, 2178.8], [-120.231413, 39.226717, 2178.8], [-120.23143, 39.226713, 2179.5], [-120.231499, 39.226698, 2179.7], [-120.231509, 39.226695, 2180.2], [-120.231563, 39.226683, 2180.9], [-120.231602, 39.226678, 2181.5], [-120.231621, 39.226678, 2181.5], [-120.231651, 39.226674, 2182.1], [-120.231657, 39.226671, 2182.1], [-120.231675, 39.226656, 2182.7], [-120.231725, 39.22662, 2183.2], [-120.231742, 39.2266, 2183.6], [-120.23175, 39.226585, 2183.6], [-120.231756, 39.226577, 2183.6], [-120.231763, 39.226564, 2185.0], [-120.231771, 39.226558, 2185.0], [-120.231775, 39.226552, 2185.0], [-120.231796, 39.22654, 2185.0], [-120.23181, 39.226536, 2185.9], [-120.231834, 39.226522, 2186.9], [-120.23185, 39.226509, 2187.8], [-120.231864, 39.226493, 2188.6], [-120.231871, 39.22648, 2188.6], [-120.231874, 39.22647, 2188.6], [-120.231883, 39.226457, 2189.7], [-120.231889, 39.226452, 2190.3], [-120.231907, 39.226443, 2190.3], [-120.231925, 39.226439, 2190.3], [-120.231945, 39.226437, 2191.1], [-120.231971, 39.226441, 2191.1], [-120.231987, 39.226445, 2191.6], [-120.231994, 39.226448, 2191.6], [-120.23201, 39.226452, 2191.6], [-120.232031, 39.226452, 2192.0], [-120.232048, 39.22645, 2192.0], [-120.232064, 39.226446, 2192.8], [-120.232067, 39.226447, 2192.8], [-120.232089, 39.226446, 2192.8], [-120.232098, 39.226443, 2192.8], [-120.232128, 39.226437, 2194.2], [-120.232139, 39.226434, 2194.5], [-120.232171, 39.226428, 2195.6], [-120.232196, 39.226426, 2196.4], [-120.232215, 39.226422, 2196.4], [-120.232223, 39.226419, 2196.4], [-120.232252, 39.226415, 2197.1], [-120.232261, 39.226415, 2197.1], [-120.232284, 39.226419, 2197.8], [-120.232304, 39.226421, 2197.8], [-120.23234, 39.226428, 2198.4], [-120.232335, 39.226424, 2198.4], [-120.232377, 39.226416, 2199.2], [-120.232387, 39.226413, 2199.2], [-120.232396, 39.226407, 2199.2], [-120.232416, 39.2264, 2200.9], [-120.232454, 39.226394, 2201.9], [-120.232479, 39.226391, 2201.9], [-120.232507, 39.226389, 2203.0], [-120.232525, 39.22639, 2203.0], [-120.232534, 39.226394, 2204.2], [-120.232551, 39.226399, 2204.2], [-120.232572, 39.226407, 2203.7], [-120.232587, 39.226415, 2204.7], [-120.232609, 39.226429, 2204.7], [-120.232631, 39.226445, 2205.2], [-120.232641, 39.226454, 2205.2], [-120.232649, 39.226459, 2205.2], [-120.232668, 39.226468, 2206.4], [-120.232691, 39.226474, 2206.0], [-120.232701, 39.226475, 2206.0], [-120.232726, 39.226481, 2207.1], [-120.232752, 39.22649, 2208.3], [-120.232758, 39.226489, 2208.3], [-120.232775, 39.226493, 2208.3], [-120.232787, 39.226502, 2208.3], [-120.232804, 39.226513, 2209.4], [-120.232826, 39.226523, 2209.4], [-120.232831, 39.226529, 2210.8], [-120.232849, 39.22654, 2210.5], [-120.232856, 39.226542, 2210.5], [-120.232887, 39.226543, 2212.0], [-120.232904, 39.226553, 2212.0], [-120.232921, 39.226565, 2213.4], [-120.232952, 39.226589, 2213.2], [-120.232971, 39.22661, 2214.4], [-120.232977, 39.226618, 2214.4], [-120.232995, 39.226624, 2214.4], [-120.233016, 39.226629, 2215.5], [-120.233036, 39.226635, 2215.5], [-120.233057, 39.22664, 2216.5], [-120.233077, 39.226646, 2216.5], [-120.233098, 39.226651, 2217.6], [-120.233118, 39.226657, 2217.6], [-120.233139, 39.226662, 2218.4], [-120.233159, 39.226668, 2218.4], [-120.23318, 39.226673, 2219.5], [-120.2332, 39.226679, 2219.5], [-120.233221, 39.226684, 2220.5], [-120.233241, 39.22669, 2220.5], [-120.233262, 39.226695, 2221.4], [-120.233282, 39.226701, 2221.4], [-120.233303, 39.226706, 2222.7], [-120.233323, 39.226712, 2222.7], [-120.233344, 39.226717, 2222.7], [-120.233364, 39.226723, 2223.8], [-120.233385, 39.226728, 2223.8], [-120.233405, 39.226734, 2225.1], [-120.233426, 39.226739, 2226.0], [-120.233446, 39.226745, 2227.2], [-120.233467, 39.22675, 2227.2], [-120.233485, 39.226758, 2228.2], [-120.233503, 39.22677, 2228.7], [-120.233514, 39.226774, 2228.7], [-120.233509, 39.226781, 2228.7], [-120.23351, 39.226787, 2228.7], [-120.233517, 39.226792, 2229.7], [-120.233524, 39.226802, 2230.0], [-120.233524, 39.226808, 2230.0], [-120.233518, 39.226823, 2230.0], [-120.233515, 39.226825, 2229.1], [-120.233391, 39.227014, 2229.5], [-120.233403, 39.227037, 2229.9], [-120.233414, 39.227053, 2229.9], [-120.233423, 39.22706, 2229.9], [-120.233441, 39.227064, 2230.6], [-120.233423, 39.227066, 2229.9], [-120.233431, 39.227069, 2231.2], [-120.23344, 39.227078, 2231.2], [-120.233447, 39.227093, 2231.2], [-120.233458, 39.227107, 2231.9], [-120.233476, 39.22712, 2232.7], [-120.233502, 39.227135, 2233.2], [-120.233514, 39.227141, 2233.2], [-120.233529, 39.227145, 2233.7], [-120.233542, 39.227147, 2233.7], [-120.233564, 39.227154, 2234.1], [-120.233584, 39.227157, 2234.1], [-120.233615, 39.227168, 2235.1], [-120.233622, 39.227176, 2235.1], [-120.233633, 39.227184, 2235.1], [-120.233632, 39.22719, 2235.1], [-120.233626, 39.227191, 2235.1], [-120.233641, 39.227196, 2235.1], [-120.23366, 39.227199, 2235.9], [-120.233686, 39.2272, 2235.9], [-120.233717, 39.227197, 2236.5], [-120.233729, 39.227195, 2236.5], [-120.233758, 39.227193, 2237.3], [-120.233784, 39.227193, 2238.8], [-120.23381, 39.22719, 2238.8], [-120.233861, 39.227186, 2241.4], [-120.233883, 39.227187, 2241.4], [-120.233924, 39.227182, 2241.3], [-120.233932, 39.227171, 2241.3], [-120.233936, 39.227174, 2241.3], [-120.233928, 39.227181, 2241.3], [-120.23393, 39.227168, 2241.3], [-120.233926, 39.227174, 2241.3], [-120.233935, 39.227175, 2241.3], [-120.233935, 39.227167, 2241.3], [-120.23394, 39.227159, 2240.8], [-120.233946, 39.227154, 2241.1], [-120.233953, 39.227153, 2241.1], [-120.233942, 39.22716, 2240.8], [-120.233949, 39.227159, 2241.1], [-120.233951, 39.227155, 2241.1], [-120.233928, 39.227157, 2240.8], [-120.233916, 39.227161, 2240.8], [-120.233901, 39.227158, 2240.8], [-120.233901, 39.227163, 2240.8], [-120.233906, 39.227163, 2240.8], [-120.233875, 39.227184, 2241.4], [-120.23388, 39.227178, 2241.4], [-120.233887, 39.227178, 2241.4], [-120.233879, 39.227182, 2241.4], [-120.233871, 39.227183, 2241.4], [-120.233866, 39.227179, 2241.4], [-120.233858, 39.227164, 2240.1], [-120.233854, 39.227154, 2240.1], [-120.233848, 39.227145, 2240.1], [-120.233835, 39.227139, 2240.1], [-120.233816, 39.227135, 2238.8], [-120.233795, 39.227132, 2238.7], [-120.23377, 39.227131, 2237.3], [-120.233785, 39.227142, 2238.8], [-120.233829, 39.227154, 2240.1], [-120.233791, 39.227146, 2238.8], [-120.233853, 39.227158, 2240.1], [-120.233856, 39.227156, 2240.1], [-120.233875, 39.227095, 2239.7], [-120.233879, 39.227069, 2239.7], [-120.233885, 39.22705, 2239.5], [-120.233893, 39.227034, 2239.5], [-120.233907, 39.227019, 2239.7], [-120.233931, 39.226997, 2239.5], [-120.23395, 39.226987, 2240.0], [-120.233966, 39.22698, 2240.0], [-120.234025, 39.226956, 2240.4], [-120.234043, 39.22695, 2240.6], [-120.234075, 39.226938, 2240.4], [-120.234086, 39.226938, 2240.4], [-120.234105, 39.226936, 2240.4], [-120.234125, 39.226929, 2240.3], [-120.234145, 39.226919, 2240.3], [-120.234174, 39.226901, 2240.0], [-120.234204, 39.226885, 2239.7], [-120.234232, 39.226866, 2239.6], [-120.234251, 39.226851, 2239.3], [-120.234275, 39.226825, 2239.3], [-120.2343, 39.226796, 2239.0], [-120.234313, 39.226778, 2239.0], [-120.234322, 39.226763, 2238.9], [-120.234333, 39.226742, 2238.7], [-120.234338, 39.22673, 2238.8], [-120.234348, 39.226711, 2238.8], [-120.234365, 39.226684, 2238.9], [-120.234372, 39.226664, 2238.9], [-120.234386, 39.226634, 2238.7], [-120.2344, 39.226606, 2238.7], [-120.234417, 39.226567, 2238.9], [-120.234427, 39.226552, 2238.8], [-120.234443, 39.226533, 2239.0], [-120.234449, 39.226518, 2239.0], [-120.234454, 39.226509, 2239.0], [-120.234457, 39.226499, 2239.4], [-120.234476, 39.226459, 2239.9], [-120.234486, 39.226448, 2239.9], [-120.234494, 39.226433, 2240.5], [-120.234504, 39.226418, 2240.4], [-120.234516, 39.226407, 2240.4], [-120.234525, 39.226401, 2241.0], [-120.234529, 39.226394, 2241.0], [-120.234535, 39.226373, 2241.0], [-120.234545, 39.226353, 2241.8], [-120.234561, 39.226328, 2242.3], [-120.234564, 39.226314, 2242.3], [-120.23457, 39.226293, 2243.0], [-120.234574, 39.226286, 2243.0], [-120.234593, 39.226262, 2243.5], [-120.234595, 39.226256, 2243.5], [-120.234603, 39.226244, 2243.5], [-120.234619, 39.226234, 2244.3], [-120.234661, 39.226218, 2243.9], [-120.234682, 39.226205, 2243.3], [-120.234705, 39.226193, 2243.9], [-120.23474, 39.226182, 2243.2], [-120.234757, 39.226175, 2243.2], [-120.234781, 39.226157, 2243.0], [-120.234799, 39.226132, 2243.5], [-120.234809, 39.226112, 2242.8], [-120.234827, 39.226085, 2243.4], [-120.234836, 39.22607, 2243.4], [-120.234845, 39.226048, 2244.0], [-120.234857, 39.226034, 2244.1], [-120.234876, 39.22601, 2244.1], [-120.234891, 39.225993, 2244.3], [-120.234916, 39.225972, 2244.3], [-120.234923, 39.225964, 2245.1], [-120.234929, 39.225954, 2245.1], [-120.234938, 39.225934, 2245.0], [-120.234944, 39.225924, 2245.0], [-120.234972, 39.225892, 2245.7], [-120.23499, 39.225879, 2245.2], [-120.235021, 39.22586, 2245.7], [-120.235036, 39.225848, 2245.7], [-120.235043, 39.225839, 2245.7], [-120.235055, 39.22582, 2246.4], [-120.235076, 39.225797, 2246.8], [-120.235095, 39.225786, 2246.8], [-120.235123, 39.225775, 2246.6], [-120.235139, 39.225766, 2247.5], [-120.235144, 39.225759, 2247.5], [-120.235147, 39.225744, 2247.5], [-120.235154, 39.225724, 2248.4], [-120.235158, 39.225716, 2248.4], [-120.235173, 39.225704, 2249.1], [-120.235195, 39.225693, 2249.0], [-120.235203, 39.22569, 2249.0], [-120.235212, 39.225684, 2249.0], [-120.235231, 39.225666, 2249.6], [-120.235258, 39.225647, 2249.5], [-120.235281, 39.225629, 2249.8], [-120.235298, 39.225614, 2249.8], [-120.235316, 39.225602, 2250.4], [-120.235327, 39.225597, 2250.3], [-120.235338, 39.225594, 2250.3], [-120.235364, 39.225591, 2250.1], [-120.235383, 39.225584, 2250.1], [-120.235408, 39.225568, 2250.8], [-120.235425, 39.225556, 2250.8], [-120.235434, 39.225551, 2250.8], [-120.235453, 39.225538, 2250.8], [-120.235472, 39.225527, 2251.5], [-120.235501, 39.225515, 2251.4], [-120.235522, 39.225507, 2251.4], [-120.235554, 39.2255, 2252.0], [-120.235592, 39.225494, 2252.0], [-120.235618, 39.225487, 2252.0], [-120.235657, 39.225472, 2252.1], [-120.235681, 39.225462, 2252.8], [-120.235726, 39.225446, 2253.1], [-120.235752, 39.22544, 2253.4], [-120.235779, 39.225438, 2253.7], [-120.235806, 39.225435, 2254.2], [-120.235819, 39.225432, 2254.2], [-120.235831, 39.225433, 2254.2], [-120.235851, 39.225442, 2254.4], [-120.235884, 39.22545, 2254.9], [-120.235912, 39.225451, 2254.9], [-120.235926, 39.225448, 2255.3], [-120.235932, 39.225443, 2255.3], [-120.235947, 39.225435, 2255.4], [-120.235959, 39.225421, 2255.4], [-120.235985, 39.225401, 2255.7], [-120.235997, 39.225394, 2255.7], [-120.236011, 39.225389, 2256.0], [-120.236021, 39.225384, 2256.0], [-120.236064, 39.225372, 2256.3], [-120.236094, 39.225366, 2256.9], [-120.236114, 39.225364, 2256.9], [-120.236134, 39.225365, 2256.9], [-120.236166, 39.225373, 2257.4], [-120.236186, 39.225379, 2258.0], [-120.236196, 39.225381, 2258.0], [-120.236218, 39.225383, 2258.0], [-120.236239, 39.225383, 2258.4], [-120.236258, 39.225382, 2258.4], [-120.236266, 39.22538, 2258.8], [-120.236287, 39.225378, 2258.8], [-120.236298, 39.225378, 2258.8], [-120.236318, 39.225375, 2259.1], [-120.236337, 39.225371, 2259.1], [-120.23638, 39.225369, 2259.3], [-120.236405, 39.225369, 2259.6], [-120.236471, 39.225364, 2259.9], [-120.236488, 39.225362, 2260.0], [-120.236544, 39.225348, 2259.9], [-120.23655, 39.225344, 2259.9], [-120.236558, 39.225333, 2259.8], [-120.236559, 39.225311, 2259.8], [-120.236557, 39.225312, 2259.8], [-120.236565, 39.225296, 2259.5], [-120.236578, 39.225292, 2259.5], [-120.236594, 39.225284, 2259.5], [-120.236601, 39.225288, 2259.5], [-120.236606, 39.225302, 2259.5], [-120.236586, 39.225304, 2259.5], [-120.236578, 39.225303, 2259.5], [-120.236553, 39.225303, 2259.6], [-120.236555, 39.225299, 2259.6], [-120.236563, 39.2253, 2259.6], [-120.236567, 39.225305, 2259.5], [-120.236576, 39.225306, 2259.7], [-120.236599, 39.225305, 2259.5], [-120.236615, 39.225301, 2259.4], [-120.236634, 39.225295, 2259.4], [-120.236669, 39.225285, 2259.0], [-120.236688, 39.225282, 2259.0], [-120.236734, 39.225277, 2258.5], [-120.236792, 39.225255, 2257.5], [-120.23685, 39.225238, 2257.1], [-120.236893, 39.225227, 2257.0], [-120.236929, 39.225219, 2256.7], [-120.236966, 39.225209, 2256.0], [-120.237004, 39.225197, 2255.7], [-120.237078, 39.225168, 2257.0], [-120.237114, 39.225155, 2257.3], [-120.237149, 39.225143, 2257.3], [-120.237212, 39.225122, 2258.4], [-120.237264, 39.225112, 2258.8], [-120.237298, 39.225104, 2259.4], [-120.237312, 39.2251, 2259.4], [-120.237346, 39.225092, 2259.8], [-120.237381, 39.225081, 2260.5], [-120.237421, 39.225073, 2260.5], [-120.237463, 39.22507, 2261.6], [-120.237545, 39.22506, 2262.8], [-120.23759, 39.225055, 2263.4], [-120.237637, 39.225052, 2264.8], [-120.237568, 39.225095, 2263.2], [-120.237452, 39.225153, 2260.2], [-120.237369, 39.225195, 2258.6], [-120.237315, 39.225226, 2257.8], [-120.237264, 39.225248, 2256.8], [-120.237232, 39.225265, 2256.4], [-120.237218, 39.225276, 2255.8], [-120.237204, 39.225281, 2255.6], [-120.237198, 39.225289, 2255.6], [-120.237195, 39.2253, 2255.6], [-120.237197, 39.225311, 2255.2], [-120.237197, 39.225323, 2255.2], [-120.237203, 39.225341, 2254.8], [-120.237219, 39.22536, 2254.8], [-120.237242, 39.225389, 2254.4], [-120.237254, 39.2254, 2254.7], [-120.23727, 39.225428, 2254.3], [-120.237299, 39.225457, 2253.8], [-120.237333, 39.22548, 2253.2], [-120.237361, 39.225501, 2253.3], [-120.237406, 39.225525, 2252.3], [-120.237441, 39.225529, 2251.9], [-120.237475, 39.225541, 2250.3], [-120.237511, 39.225564, 2250.0], [-120.237522, 39.22557, 2250.0], [-120.237543, 39.2256, 2248.8], [-120.237552, 39.225635, 2247.1], [-120.237566, 39.225664, 2245.9], [-120.237603, 39.225691, 2244.1], [-120.237635, 39.225716, 2243.3], [-120.237645, 39.225726, 2243.9], [-120.237671, 39.225763, 2243.3], [-120.23768, 39.225775, 2243.5], [-120.237686, 39.22579, 2243.5], [-120.237694, 39.225805, 2242.3], [-120.237714, 39.225826, 2242.3], [-120.237732, 39.225837, 2243.2], [-120.237739, 39.225839, 2242.2], [-120.237751, 39.225838, 2242.2], [-120.237754, 39.225833, 2243.2], [-120.237765, 39.225827, 2243.2], [-120.237775, 39.225827, 2244.0], [-120.237775, 39.225832, 2244.0], [-120.23778, 39.225837, 2244.0], [-120.237787, 39.22584, 2243.1], [-120.237792, 39.225839, 2243.1], [-120.237806, 39.225845, 2243.1], [-120.237812, 39.225846, 2243.6], [-120.237819, 39.225843, 2243.6], [-120.237821, 39.225816, 2244.6], [-120.23783, 39.225794, 2245.7], [-120.237839, 39.225779, 2245.7], [-120.237844, 39.225778, 2245.7], [-120.237851, 39.225785, 2245.7], [-120.237854, 39.225785, 2246.2], [-120.237862, 39.225792, 2246.2], [-120.237867, 39.22579, 2246.2], [-120.237875, 39.225779, 2246.2], [-120.237887, 39.225759, 2247.1], [-120.237892, 39.225754, 2247.1], [-120.237895, 39.225744, 2247.7], [-120.237894, 39.225736, 2247.9], [-120.237888, 39.225725, 2247.9], [-120.237886, 39.225718, 2247.9], [-120.23789, 39.225696, 2248.7], [-120.237903, 39.22568, 2249.6], [-120.23792, 39.22567, 2250.7], [-120.237926, 39.225655, 2250.7], [-120.237925, 39.225631, 2251.6], [-120.237929, 39.225611, 2251.6], [-120.237928, 39.225603, 2252.6], [-120.237923, 39.225599, 2252.6], [-120.237917, 39.225601, 2252.6], [-120.237908, 39.225594, 2252.6], [-120.237908, 39.225587, 2252.6], [-120.237924, 39.225576, 2252.6], [-120.237949, 39.225548, 2254.1], [-120.237953, 39.225545, 2254.1], [-120.237968, 39.225539, 2254.1], [-120.237977, 39.225537, 2255.4], [-120.237979, 39.225533, 2255.4], [-120.237977, 39.225507, 2255.4], [-120.237973, 39.225483, 2257.1], [-120.237975, 39.225479, 2257.1], [-120.237979, 39.225483, 2257.1], [-120.237984, 39.225469, 2259.2], [-120.237987, 39.225454, 2259.2], [-120.237985, 39.225441, 2259.2], [-120.237986, 39.225416, 2260.2], [-120.237979, 39.225421, 2259.6], [-120.237965, 39.225441, 2258.5], [-120.237966, 39.225458, 2258.5], [-120.237969, 39.225465, 2258.5], [-120.23797, 39.22549, 2257.1], [-120.237964, 39.225495, 2257.1], [-120.237954, 39.225497, 2257.1], [-120.237935, 39.225496, 2256.5], [-120.23795, 39.225476, 2257.1], [-120.237988, 39.225437, 2260.2], [-120.238064, 39.225357, 2263.4], [-120.238083, 39.225338, 2265.1], [-120.23837, 39.225036, 2280.4], [-120.238412, 39.224994, 2282.4], [-120.238465, 39.22494, 2284.3], [-120.238494, 39.224917, 2285.3], [-120.238505, 39.22491, 2286.5], [-120.238507, 39.224903, 2287.4], [-120.238523, 39.224903, 2287.4], [-120.238547, 39.224907, 2288.0], [-120.238561, 39.224903, 2288.8], [-120.238583, 39.224888, 2290.1], [-120.238599, 39.224875, 2290.1], [-120.238622, 39.224854, 2290.7], [-120.23864, 39.224842, 2292.2], [-120.23865, 39.224838, 2293.0], [-120.238667, 39.224825, 2294.5], [-120.238681, 39.224817, 2294.5], [-120.238691, 39.224813, 2294.5], [-120.238712, 39.224802, 2297.1], [-120.23873, 39.22479, 2297.1], [-120.238754, 39.224772, 2299.1], [-120.238763, 39.224761, 2299.1], [-120.238762, 39.224746, 2299.1], [-120.238768, 39.224734, 2299.6], [-120.238772, 39.224731, 2299.6], [-120.238779, 39.224713, 2299.6], [-120.238776, 39.224711, 2299.6], [-120.238775, 39.224701, 2300.0], [-120.23878, 39.224685, 2300.0], [-120.23878, 39.224677, 2300.0], [-120.238776, 39.224668, 2300.2], [-120.238774, 39.224651, 2300.2], [-120.238783, 39.224648, 2300.2], [-120.238791, 39.224643, 2300.2], [-120.238815, 39.224638, 2301.4], [-120.238825, 39.224639, 2301.4], [-120.238851, 39.224656, 2302.6], [-120.238872, 39.224676, 2302.6], [-120.238892, 39.224685, 2303.7], [-120.238908, 39.224688, 2303.7], [-120.238942, 39.224686, 2304.7], [-120.238968, 39.224682, 2305.8], [-120.23898, 39.224679, 2305.8], [-120.239001, 39.224677, 2305.8], [-120.239006, 39.224675, 2305.8], [-120.23903, 39.224673, 2307.2], [-120.239042, 39.22467, 2307.2], [-120.23906, 39.22467, 2308.5], [-120.239076, 39.224672, 2308.5], [-120.239093, 39.224672, 2308.5], [-120.239112, 39.224674, 2309.5], [-120.239129, 39.22468, 2309.5], [-120.239143, 39.224692, 2310.7], [-120.239148, 39.224701, 2310.7], [-120.23916, 39.224709, 2310.3], [-120.239182, 39.224717, 2311.3], [-120.239189, 39.224722, 2311.3], [-120.239207, 39.224727, 2311.3], [-120.239223, 39.224735, 2311.3], [-120.239243, 39.224741, 2311.8], [-120.239286, 39.224752, 2313.1], [-120.239319, 39.224759, 2314.2], [-120.239348, 39.224762, 2314.2], [-120.239357, 39.224765, 2315.2], [-120.239424, 39.224773, 2316.1], [-120.239432, 39.224771, 2316.1], [-120.239454, 39.224761, 2317.1], [-120.239478, 39.224754, 2317.1], [-120.23948, 39.224752, 2317.1], [-120.239495, 39.224749, 2318.1], [-120.239493, 39.224745, 2318.1], [-120.239498, 39.22474, 2319.4], [-120.239495, 39.22473, 2319.4], [-120.2395, 39.224716, 2319.4], [-120.239511, 39.224694, 2320.4], [-120.239516, 39.224682, 2320.4], [-120.239524, 39.224669, 2321.0], [-120.239531, 39.224661, 2322.4], [-120.239546, 39.22465, 2322.4], [-120.239557, 39.224646, 2322.4], [-120.239581, 39.224642, 2324.0], [-120.239622, 39.224646, 2325.7], [-120.239644, 39.224649, 2325.7], [-120.239681, 39.224656, 2327.6], [-120.239689, 39.224654, 2327.6], [-120.239701, 39.224636, 2330.3], [-120.239709, 39.224621, 2330.3], [-120.239707, 39.22462, 2330.3], [-120.239714, 39.224607, 2330.9], [-120.239731, 39.224588, 2330.9], [-120.239738, 39.224587, 2330.9], [-120.239746, 39.224591, 2332.9], [-120.239748, 39.224596, 2332.9], [-120.239766, 39.224616, 2332.3], [-120.239776, 39.224616, 2332.3], [-120.23978, 39.22461, 2332.3], [-120.239779, 39.2246, 2332.9], [-120.239801, 39.224604, 2334.8], [-120.239813, 39.224618, 2334.3], [-120.239835, 39.224632, 2336.3], [-120.239872, 39.224666, 2337.4], [-120.23989, 39.22468, 2336.6], [-120.239915, 39.224701, 2338.2], [-120.23993, 39.224711, 2337.0], [-120.239932, 39.224706, 2338.2], [-120.239936, 39.224706, 2338.2], [-120.239942, 39.224711, 2337.0], [-120.239966, 39.224727, 2338.6], [-120.24, 39.224737, 2340.4], [-120.240003, 39.224736, 2340.4], [-120.240018, 39.22474, 2340.4], [-120.240018, 39.224736, 2340.4], [-120.240013, 39.224732, 2340.4], [-120.240015, 39.224727, 2340.4], [-120.240023, 39.224725, 2340.4], [-120.240031, 39.22472, 2340.4], [-120.240044, 39.224719, 2342.0], [-120.24008, 39.224718, 2342.0], [-120.240105, 39.224714, 2343.2], [-120.240112, 39.224709, 2343.2], [-120.24013, 39.22469, 2345.4], [-120.240137, 39.224684, 2345.4], [-120.240141, 39.224675, 2345.4], [-120.240148, 39.224667, 2346.9], [-120.240153, 39.224644, 2346.9], [-120.240164, 39.224635, 2348.6], [-120.240175, 39.224622, 2349.5], [-120.240175, 39.224614, 2349.5], [-120.24017, 39.22461, 2349.5], [-120.240165, 39.224597, 2350.1], [-120.240172, 39.224591, 2351.3], [-120.240183, 39.224576, 2351.3], [-120.240185, 39.224596, 2351.3], [-120.240178, 39.224628, 2349.5], [-120.240164, 39.224637, 2348.6], [-120.24016, 39.224637, 2348.6], [-120.24016, 39.224624, 2348.6], [-120.240169, 39.224595, 2351.3], [-120.240173, 39.224585, 2351.3], [-120.24018, 39.22456, 2353.1], [-120.240184, 39.224551, 2353.1], [-120.240192, 39.22454, 2354.2], [-120.240187, 39.224541, 2353.1], [-120.240187, 39.224536, 2354.2], [-120.240176, 39.22454, 2354.2], [-120.240171, 39.224535, 2354.2], [-120.240165, 39.224545, 2351.5], [-120.240159, 39.224543, 2351.5], [-120.240156, 39.224534, 2352.5], [-120.24015, 39.224545, 2351.5], [-120.240145, 39.224544, 2351.5], [-120.240141, 39.224533, 2352.5], [-120.24014, 39.224514, 2352.5], [-120.240146, 39.224502, 2353.5], [-120.240147, 39.224492, 2353.5], [-120.240154, 39.224481, 2353.5], [-120.240155, 39.224474, 2354.2], [-120.240161, 39.224461, 2354.2], [-120.240163, 39.224446, 2354.2], [-120.240173, 39.224442, 2356.1], [-120.240177, 39.224447, 2356.1], [-120.240181, 39.224443, 2356.1], [-120.240184, 39.224446, 2356.1], [-120.240186, 39.224455, 2356.1], [-120.2402, 39.224449, 2356.1], [-120.240212, 39.224441, 2358.0], [-120.240226, 39.224438, 2359.2], [-120.240234, 39.224425, 2359.2], [-120.240243, 39.224416, 2359.2], [-120.240256, 39.224412, 2361.3], [-120.24026, 39.224393, 2362.2], [-120.24026, 39.224401, 2362.2], [-120.240266, 39.224406, 2362.2], [-120.240256, 39.224419, 2361.3], [-120.240252, 39.224435, 2359.2], [-120.240252, 39.224444, 2358.0], [-120.240256, 39.224462, 2360.1], [-120.240262, 39.224479, 2359.1], [-120.240269, 39.224493, 2359.1], [-120.240271, 39.224509, 2357.7], [-120.240277, 39.224524, 2357.7], [-120.240277, 39.224531, 2357.7], [-120.24028, 39.224548, 2356.5], [-120.240284, 39.224555, 2356.5], [-120.240305, 39.224559, 2358.2], [-120.240316, 39.224559, 2358.2], [-120.240335, 39.224566, 2358.2], [-120.240353, 39.224569, 2359.2], [-120.240368, 39.224569, 2359.2], [-120.240385, 39.224567, 2359.4], [-120.240408, 39.224562, 2359.4], [-120.240427, 39.224554, 2358.7], [-120.240433, 39.224548, 2358.7], [-120.240436, 39.22454, 2360.2], [-120.240442, 39.224533, 2360.2], [-120.240445, 39.224533, 2360.2], [-120.240465, 39.224512, 2360.2], [-120.240467, 39.224502, 2362.1], [-120.240472, 39.224488, 2361.5], [-120.240481, 39.224475, 2361.5], [-120.240514, 39.224447, 2362.8], [-120.240527, 39.22443, 2364.8], [-120.240531, 39.224414, 2364.8], [-120.240535, 39.224407, 2366.4], [-120.240541, 39.224404, 2366.4], [-120.240543, 39.224414, 2364.8], [-120.240541, 39.224425, 2364.8], [-120.240545, 39.224429, 2364.8], [-120.240541, 39.224434, 2364.8], [-120.240529, 39.224443, 2362.8], [-120.240514, 39.224443, 2362.8], [-120.240466, 39.224435, 2365.4], [-120.240488, 39.224441, 2363.3], [-120.240484, 39.224442, 2363.3], [-120.240473, 39.224436, 2365.2], [-120.240464, 39.224433, 2365.4], [-120.240471, 39.224422, 2365.2], [-120.240464, 39.224413, 2365.4], [-120.240465, 39.22441, 2365.4], [-120.240483, 39.224389, 2366.6], [-120.240482, 39.224367, 2368.2], [-120.240451, 39.224356, 2368.2], [-120.240443, 39.224358, 2368.2], [-120.240429, 39.224383, 2366.7], [-120.240424, 39.224387, 2366.3], [-120.240423, 39.224396, 2366.3], [-120.240427, 39.224405, 2366.7], [-120.240434, 39.224404, 2366.7], [-120.240468, 39.22438, 2366.7], [-120.240498, 39.22436, 2368.2], [-120.240508, 39.224354, 2368.2], [-120.240527, 39.22434, 2369.8], [-120.240537, 39.224334, 2369.8], [-120.240571, 39.22431, 2369.8], [-120.240611, 39.224284, 2370.7], [-120.24063, 39.22427, 2372.2], [-120.24067, 39.224244, 2370.9], [-120.240689, 39.22423, 2372.2], [-120.240729, 39.224204, 2374.9], [-120.240748, 39.22419, 2374.9], [-120.240788, 39.224164, 2377.7], [-120.240792, 39.22416, 2377.7], [-120.240817, 39.224144, 2378.0], [-120.240822, 39.22414, 2380.3], [-120.240847, 39.224124, 2380.3], [-120.240851, 39.22412, 2380.3], [-120.240881, 39.2241, 2381.4], [-120.240891, 39.224094, 2381.4], [-120.24091, 39.22408, 2381.2], [-120.24093, 39.224067, 2382.6], [-120.240962, 39.224066, 2383.2], [-120.240954, 39.224065, 2383.2], [-120.240961, 39.22407, 2383.2], [-120.240972, 39.224074, 2383.2], [-120.24099, 39.224076, 2381.8], [-120.241002, 39.224069, 2383.9], [-120.241028, 39.22406, 2384.3], [-120.241051, 39.224054, 2384.3], [-120.241073, 39.224045, 2384.2], [-120.241096, 39.22404, 2385.8], [-120.241106, 39.224035, 2385.8], [-120.241113, 39.224029, 2385.4], [-120.241117, 39.224022, 2385.4], [-120.241122, 39.224004, 2386.9], [-120.241122, 39.223987, 2386.9], [-120.241125, 39.223968, 2388.1], [-120.241125, 39.223948, 2388.1], [-120.241138, 39.223941, 2388.5], [-120.241157, 39.223942, 2389.5], [-120.24116, 39.223949, 2388.8], [-120.241157, 39.223953, 2388.8], [-120.241159, 39.223959, 2388.8], [-120.241178, 39.223966, 2388.8], [-120.241186, 39.223966, 2388.8], [-120.241206, 39.223962, 2389.7], [-120.241227, 39.223961, 2389.7], [-120.241266, 39.223961, 2390.9], [-120.241292, 39.223963, 2391.5], [-120.241306, 39.223963, 2391.5], [-120.241331, 39.223965, 2392.0], [-120.24136, 39.223971, 2392.0], [-120.241415, 39.223988, 2390.3], [-120.241464, 39.223998, 2389.5], [-120.241503, 39.224009, 2386.0], [-120.241527, 39.224012, 2386.0], [-120.241551, 39.224011, 2385.9], [-120.241587, 39.224004, 2388.6], [-120.241602, 39.223994, 2388.6], [-120.241611, 39.223991, 2388.6], [-120.241625, 39.223979, 2388.6], [-120.241627, 39.223975, 2391.1], [-120.241632, 39.223975, 2391.0], [-120.241646, 39.223967, 2391.0], [-120.241657, 39.223957, 2391.0], [-120.241644, 39.223952, 2391.0], [-120.24163, 39.223939, 2393.5], [-120.241635, 39.22393, 2393.5], [-120.241633, 39.223922, 2393.5], [-120.241635, 39.22392, 2393.5], [-120.24163, 39.223913, 2393.5], [-120.241616, 39.223905, 2395.9], [-120.241614, 39.223906, 2395.9], [-120.241604, 39.223898, 2395.9], [-120.241589, 39.223879, 2395.9], [-120.241579, 39.223864, 2396.4], [-120.241581, 39.223848, 2396.4], [-120.241586, 39.223829, 2396.1], [-120.24159, 39.223819, 2396.1], [-120.241596, 39.22381, 2396.1], [-120.241605, 39.223803, 2394.5], [-120.241617, 39.223796, 2394.5], [-120.241666, 39.223777, 2395.6], [-120.241676, 39.223775, 2395.6], [-120.241705, 39.223775, 2395.6], [-120.241725, 39.223776, 2398.6], [-120.241744, 39.223775, 2397.2], [-120.241764, 39.223775, 2398.9], [-120.241806, 39.223773, 2401.1], [-120.241827, 39.223773, 2401.1], [-120.241907, 39.223769, 2405.1], [-120.241942, 39.22377, 2405.9], [-120.241979, 39.223774, 2405.4], [-120.242035, 39.223783, 2403.2], [-120.242072, 39.22379, 2403.1], [-120.242099, 39.223797, 2403.1], [-120.24211, 39.223799, 2402.8], [-120.242137, 39.223806, 2402.8], [-120.242193, 39.223815, 2399.9], [-120.242232, 39.223818, 2399.6], [-120.242257, 39.223821, 2399.6], [-120.242323, 39.223828, 2400.0], [-120.242358, 39.223831, 2400.5], [-120.2424, 39.223836, 2400.5], [-120.242419, 39.22384, 2401.1], [-120.242429, 39.22384, 2401.1], [-120.242448, 39.223842, 2402.1], [-120.242468, 39.223841, 2402.1], [-120.242499, 39.223833, 2403.0], [-120.242558, 39.223806, 2405.6], [-120.24257, 39.2238, 2405.6], [-120.242588, 39.223793, 2405.6], [-120.242608, 39.22378, 2405.6], [-120.242623, 39.223765, 2407.5], [-120.242618, 39.223758, 2407.5], [-120.242618, 39.223754, 2407.5], [-120.242601, 39.223741, 2410.2], [-120.242557, 39.22373, 2410.3], [-120.242535, 39.223724, 2410.3], [-120.242521, 39.223723, 2409.7], [-120.242506, 39.22372, 2409.7], [-120.242496, 39.223715, 2409.7], [-120.242481, 39.223714, 2409.0], [-120.242487, 39.223711, 2409.7], [-120.242481, 39.223706, 2411.1], [-120.242493, 39.223698, 2411.7], [-120.242492, 39.223694, 2411.7], [-120.242485, 39.223692, 2411.1], [-120.242503, 39.223681, 2411.7], [-120.24251, 39.223672, 2413.3], [-120.242517, 39.223669, 2413.3], [-120.242543, 39.22367, 2414.1], [-120.242558, 39.223672, 2414.1], [-120.242583, 39.223677, 2412.7], [-120.242604, 39.223679, 2412.7], [-120.242615, 39.223681, 2412.2], [-120.242656, 39.223681, 2412.2], [-120.242669, 39.223677, 2411.6], [-120.242696, 39.223671, 2414.2], [-120.242705, 39.223668, 2414.2], [-120.242731, 39.223656, 2414.2], [-120.242736, 39.223649, 2414.2], [-120.242748, 39.223644, 2414.1], [-120.242763, 39.223635, 2416.7], [-120.242769, 39.223633, 2416.7], [-120.242782, 39.223625, 2416.7], [-120.242794, 39.223616, 2416.1], [-120.24281, 39.223608, 2418.6], [-120.242827, 39.223601, 2418.6], [-120.242849, 39.223594, 2418.2], [-120.242884, 39.223585, 2417.9], [-120.242916, 39.223574, 2420.1], [-120.242926, 39.223568, 2420.1], [-120.242934, 39.223561, 2420.1], [-120.242971, 39.223538, 2422.2], [-120.24299, 39.223522, 2422.2], [-120.243002, 39.22351, 2424.3], [-120.243008, 39.223506, 2424.3], [-120.243024, 39.223489, 2424.3], [-120.243032, 39.223486, 2424.3], [-120.243047, 39.223472, 2425.7], [-120.243065, 39.22346, 2425.7], [-120.243095, 39.223445, 2425.6], [-120.24311, 39.223439, 2426.8], [-120.243126, 39.223431, 2426.8], [-120.24311, 39.223429, 2426.8], [-120.243102, 39.223425, 2426.8], [-120.243099, 39.223418, 2426.8], [-120.243097, 39.223421, 2426.8], [-120.243089, 39.223406, 2428.2], [-120.243087, 39.223399, 2428.2], [-120.243072, 39.223378, 2427.7], [-120.243056, 39.22336, 2428.9], [-120.243036, 39.223341, 2428.7], [-120.243025, 39.223333, 2428.7], [-120.243003, 39.223313, 2428.7], [-120.242992, 39.223298, 2427.9], [-120.242986, 39.223283, 2427.9], [-120.242987, 39.223275, 2428.3], [-120.242991, 39.223268, 2428.3], [-120.243002, 39.223254, 2429.7], [-120.24301, 39.223247, 2429.7], [-120.243021, 39.22324, 2429.8], [-120.243049, 39.223226, 2431.1], [-120.24309, 39.223208, 2432.5], [-120.243152, 39.223199, 2433.7], [-120.243165, 39.2232, 2433.7], [-120.243184, 39.223204, 2434.9], [-120.24321, 39.223212, 2434.0], [-120.243229, 39.223219, 2435.0], [-120.243264, 39.22323, 2436.0], [-120.243287, 39.223236, 2436.0], [-120.243298, 39.22324, 2436.0], [-120.243327, 39.223244, 2436.7], [-120.243357, 39.223245, 2435.7], [-120.243367, 39.223246, 2435.7], [-120.243388, 39.223245, 2435.9], [-120.243406, 39.223241, 2437.7], [-120.243413, 39.223238, 2437.7], [-120.243422, 39.22323, 2437.7], [-120.243427, 39.223219, 2437.7], [-120.243435, 39.223196, 2440.3], [-120.243442, 39.22317, 2441.8], [-120.243447, 39.223164, 2441.8], [-120.243449, 39.223157, 2441.8], [-120.243461, 39.22314, 2443.0], [-120.243474, 39.223114, 2443.6], [-120.243488, 39.223094, 2444.4], [-120.243492, 39.223083, 2444.4], [-120.243493, 39.223072, 2445.2], [-120.243502, 39.223055, 2445.2], [-120.243514, 39.223042, 2445.6], [-120.243524, 39.223029, 2446.8], [-120.243539, 39.223016, 2446.8], [-120.243546, 39.223008, 2447.1], [-120.243561, 39.222998, 2448.1], [-120.243569, 39.222988, 2448.1], [-120.243575, 39.222983, 2448.1], [-120.243584, 39.22297, 2448.4], [-120.243605, 39.222954, 2449.4], [-120.243627, 39.22295, 2449.4], [-120.243648, 39.222949, 2450.4], [-120.243667, 39.222943, 2450.7], [-120.243708, 39.222926, 2451.6], [-120.243713, 39.222923, 2451.6], [-120.243724, 39.222921, 2451.6], [-120.243768, 39.222924, 2452.4], [-120.243779, 39.222926, 2453.1], [-120.243798, 39.222936, 2453.1], [-120.243811, 39.222938, 2453.1], [-120.243818, 39.222941, 2453.5], [-120.243832, 39.222944, 2453.5], [-120.243849, 39.22295, 2452.8], [-120.24387, 39.222954, 2453.2], [-120.243892, 39.22296, 2453.2], [-120.243934, 39.222966, 2453.5], [-120.243971, 39.22297, 2453.8], [-120.244009, 39.222971, 2454.2], [-120.244023, 39.222969, 2454.2], [-120.244044, 39.222971, 2454.5], [-120.244059, 39.222971, 2454.5], [-120.244086, 39.222969, 2454.8], [-120.244105, 39.22297, 2454.8], [-120.244115, 39.222969, 2454.8], [-120.244142, 39.222969, 2455.1], [-120.24418, 39.222973, 2455.3], [-120.244189, 39.222975, 2455.3], [-120.244212, 39.222977, 2455.4], [-120.244229, 39.222977, 2455.4], [-120.244242, 39.222975, 2455.4], [-120.244248, 39.22297, 2455.5], [-120.244253, 39.22297, 2455.5], [-120.244267, 39.222965, 2455.5], [-120.244298, 39.222962, 2455.9], [-120.244327, 39.222947, 2455.9], [-120.244365, 39.222936, 2458.2], [-120.244396, 39.222925, 2458.8], [-120.244408, 39.222922, 2458.8], [-120.244429, 39.222913, 2459.5], [-120.244459, 39.222903, 2460.8], [-120.244494, 39.222896, 2461.2], [-120.244505, 39.222895, 2461.3], [-120.244542, 39.222888, 2461.3], [-120.244574, 39.222879, 2460.7], [-120.244589, 39.22287, 2461.6], [-120.244606, 39.222855, 2461.6], [-120.244616, 39.222844, 2463.7], [-120.244624, 39.222833, 2463.7], [-120.244627, 39.222822, 2463.7], [-120.244634, 39.222809, 2466.0], [-120.244634, 39.222806, 2466.0], [-120.244627, 39.222802, 2465.3], [-120.244625, 39.222796, 2465.3], [-120.244629, 39.222784, 2465.3], [-120.244642, 39.222765, 2467.9], [-120.244653, 39.222758, 2467.9], [-120.24467, 39.22274, 2469.0], [-120.244689, 39.222714, 2470.3], [-120.244705, 39.222698, 2471.3], [-120.244715, 39.222691, 2471.3], [-120.24473, 39.222678, 2473.4], [-120.244734, 39.222673, 2473.4], [-120.24474, 39.222654, 2473.4], [-120.244741, 39.222637, 2474.2], [-120.244746, 39.222627, 2474.2], [-120.244747, 39.222619, 2474.2], [-120.244753, 39.222603, 2475.0], [-120.244752, 39.222593, 2475.0], [-120.244755, 39.222578, 2476.1], [-120.244771, 39.222547, 2477.7], [-120.244781, 39.222532, 2478.6], [-120.24479, 39.222524, 2478.6], [-120.244804, 39.222515, 2480.7], [-120.244813, 39.222507, 2480.6], [-120.244835, 39.222491, 2480.6], [-120.244859, 39.222471, 2482.9], [-120.244882, 39.222449, 2482.9], [-120.244892, 39.222447, 2485.6], [-120.244905, 39.222437, 2485.7], [-120.244923, 39.222402, 2486.4], [-120.244933, 39.222392, 2489.8], [-120.244938, 39.222389, 2489.8], [-120.245062, 39.22237, 2497.9], [-120.24507, 39.222364, 2497.9], [-120.245072, 39.22237, 2497.9], [-120.245089, 39.222382, 2496.3], [-120.2451, 39.222387, 2496.3], [-120.245105, 39.222379, 2497.7], [-120.245117, 39.222376, 2497.7], [-120.245122, 39.222381, 2495.0], [-120.24513, 39.222383, 2495.0], [-120.245134, 39.222389, 2495.0], [-120.24514, 39.22239, 2495.0], [-120.245142, 39.222387, 2495.0], [-120.245133, 39.22238, 2495.0], [-120.245131, 39.222386, 2494.3], [-120.245133, 39.222394, 2494.1], [-120.245127, 39.222394, 2494.0], [-120.245122, 39.222403, 2493.5], [-120.245121, 39.222414, 2489.5], [-120.245123, 39.222414, 2489.5], [-120.245126, 39.222396, 2492.8], [-120.245131, 39.22239, 2492.8], [-120.245138, 39.222376, 2495.2], [-120.24514, 39.222378, 2495.1], [-120.245148, 39.222402, 2491.0], [-120.245146, 39.222408, 2491.5], [-120.245143, 39.222391, 2491.3], [-120.245145, 39.22238, 2491.1], [-120.245137, 39.222369, 2493.7], [-120.245123, 39.222367, 2493.3], [-120.245121, 39.222362, 2493.3], [-120.24513, 39.22236, 2493.3], [-120.245144, 39.222362, 2493.3], [-120.245162, 39.222366, 2492.8], [-120.245174, 39.222363, 2492.8], [-120.245197, 39.222359, 2492.9], [-120.245245, 39.222358, 2493.0], [-120.245265, 39.222354, 2493.0], [-120.245264, 39.222345, 2496.5], [-120.245255, 39.222342, 2496.5], [-120.245244, 39.222342, 2496.5], [-120.245256, 39.222338, 2496.5], [-120.245276, 39.222334, 2496.1], [-120.245302, 39.222335, 2496.1], [-120.245326, 39.222332, 2496.4], [-120.245371, 39.222323, 2496.9], [-120.245395, 39.222322, 2496.9], [-120.245384, 39.222324, 2496.9], [-120.245374, 39.222324, 2496.9], [-120.245367, 39.222317, 2496.9], [-120.24537, 39.222313, 2499.2], [-120.245375, 39.222313, 2499.2], [-120.24537, 39.222304, 2499.2], [-120.245371, 39.222301, 2499.2], [-120.245394, 39.22228, 2499.2], [-120.245393, 39.222278, 2501.9], [-120.245372, 39.222273, 2501.9], [-120.245362, 39.222273, 2501.9], [-120.245341, 39.222271, 2502.1], [-120.245314, 39.222279, 2502.7], [-120.245302, 39.222281, 2499.2], [-120.245295, 39.22228, 2499.2], [-120.245313, 39.222276, 2502.7], [-120.245344, 39.222267, 2502.1], [-120.245365, 39.222266, 2501.9], [-120.245378, 39.22226, 2501.9], [-120.245383, 39.222256, 2501.9], [-120.245389, 39.222241, 2504.8], [-120.24539, 39.222229, 2504.8], [-120.245394, 39.222217, 2504.8], [-120.245408, 39.222212, 2507.5], [-120.245419, 39.222212, 2507.5], [-120.245428, 39.222214, 2504.7], [-120.245456, 39.222211, 2507.6], [-120.245463, 39.222215, 2505.1], [-120.245473, 39.222226, 2505.1], [-120.245486, 39.222236, 2505.1], [-120.245475, 39.222242, 2505.1], [-120.245453, 39.222248, 2502.9], [-120.245438, 39.22225, 2502.3], [-120.245454, 39.222277, 2502.9], [-120.245427, 39.222293, 2499.7], [-120.245419, 39.222301, 2499.7], [-120.245412, 39.222298, 2499.7], [-120.245399, 39.222297, 2499.2], [-120.245372, 39.222297, 2499.2], [-120.245376, 39.222294, 2499.2], [-120.245393, 39.2223, 2499.2], [-120.245408, 39.222301, 2499.7], [-120.24542, 39.222298, 2499.7], [-120.24543, 39.222298, 2499.7], [-120.24544, 39.2223, 2499.7], [-120.245433, 39.222294, 2499.7], [-120.245432, 39.222287, 2499.7], [-120.245444, 39.222266, 2502.3], [-120.24543, 39.222274, 2502.3], [-120.245429, 39.222277, 2502.3], [-120.245414, 39.222282, 2499.7], [-120.245394, 39.222263, 2501.9], [-120.245395, 39.222253, 2501.9], [-120.245394, 39.222242, 2504.8], [-120.245384, 39.22223, 2504.8], [-120.24539, 39.222227, 2504.8], [-120.245414, 39.222221, 2504.7], [-120.245445, 39.22221, 2507.5], [-120.245468, 39.222197, 2507.6], [-120.24548, 39.222186, 2507.6], [-120.245486, 39.222174, 2510.6], [-120.24549, 39.22216, 2510.6], [-120.245496, 39.222131, 2513.3], [-120.245499, 39.222105, 2515.5], [-120.245507, 39.222083, 2515.5], [-120.245507, 39.222078, 2516.2], [-120.245469, 39.221918, 2509.7], [-120.245437, 39.221921, 2507.1], [-120.245424, 39.221923, 2507.1], [-120.245413, 39.221915, 2507.1], [-120.245405, 39.221904, 2505.9], [-120.245395, 39.221895, 2504.1], [-120.245383, 39.22188, 2503.1], [-120.245394, 39.221872, 2503.1], [-120.24542, 39.221864, 2504.9], [-120.245473, 39.221844, 2505.7], [-120.245522, 39.221826, 2507.7], [-120.245576, 39.221807, 2510.6], [-120.245662, 39.22178, 2514.3], [-120.245692, 39.221766, 2514.3], [-120.245729, 39.22175, 2516.3], [-120.24574, 39.221746, 2514.9], [-120.24578, 39.221739, 2515.6], [-120.245832, 39.221729, 2516.5], [-120.246421, 39.221548, 2530.5], [-120.246422, 39.221537, 2530.5], [-120.246418, 39.221535, 2530.5], [-120.246413, 39.221524, 2530.5], [-120.246406, 39.221518, 2530.5], [-120.246396, 39.221518, 2530.5], [-120.246374, 39.221529, 2529.4], [-120.246352, 39.221542, 2529.4], [-120.24633, 39.221568, 2528.7], [-120.246317, 39.221581, 2528.7], [-120.24633, 39.221589, 2529.4], [-120.246338, 39.221592, 2529.4], [-120.246337, 39.221595, 2529.4], [-120.246341, 39.221606, 2529.4], [-120.246334, 39.221643, 2530.1], [-120.24633, 39.221657, 2530.8], [-120.246319, 39.221687, 2531.5], [-120.246309, 39.221719, 2532.2], [-120.246299, 39.221754, 2532.5], [-120.246297, 39.221794, 2535.3], [-120.246297, 39.221835, 2538.0], [-120.246298, 39.221879, 2539.7], [-120.246301, 39.221923, 2539.4], [-120.246308, 39.221968, 2538.2], [-120.246315, 39.222016, 2533.5], [-120.246318, 39.222067, 2531.8], [-120.246319, 39.222116, 2529.1], [-120.246321, 39.222167, 2527.9], [-120.246328, 39.222218, 2523.9], [-120.246357, 39.222243, 2526.1], [-120.246391, 39.222258, 2523.1], [-120.24644, 39.222265, 2528.2], [-120.246499, 39.222264, 2526.9], [-120.246512, 39.222262, 2526.9], [-120.246548, 39.222247, 2524.8], [-120.246557, 39.22224, 2526.1], [-120.246576, 39.222231, 2523.0], [-120.246595, 39.222227, 2523.0], [-120.246615, 39.222226, 2519.4], [-120.24663, 39.222216, 2519.4], [-120.246662, 39.222186, 2517.9], [-120.246696, 39.222157, 2516.8], [-120.246713, 39.222146, 2517.7], [-120.246731, 39.222138, 2517.7], [-120.246768, 39.222143, 2515.6], [-120.246785, 39.222146, 2513.5], [-120.24682, 39.222154, 2512.8], [-120.246832, 39.222156, 2510.8], [-120.246697, 39.222195, 2516.0], [-120.246677, 39.222143, 2519.8], [-120.246638, 39.222085, 2522.7], [-120.246604, 39.222052, 2525.5], [-120.24657, 39.222032, 2526.5], [-120.246538, 39.222019, 2528.2], [-120.246498, 39.222008, 2530.6], [-120.246487, 39.222004, 2530.6], [-120.246483, 39.221993, 2530.6], [-120.246439, 39.221965, 2532.8], [-120.246427, 39.221954, 2534.6], [-120.246421, 39.221937, 2537.2], [-120.246418, 39.221923, 2537.2], [-120.246409, 39.221858, 2541.9], [-120.246391, 39.221768, 2534.9], [-120.246384, 39.221739, 2533.3], [-120.246373, 39.221708, 2532.4], [-120.246371, 39.221686, 2532.4], [-120.246371, 39.221675, 2531.8], [-120.246366, 39.221656, 2531.8], [-120.246363, 39.221651, 2531.8], [-120.246351, 39.221644, 2531.4], [-120.246346, 39.221639, 2530.1], [-120.246349, 39.221633, 2531.4], [-120.246348, 39.221617, 2530.1], [-120.246356, 39.221614, 2530.8], [-120.246356, 39.221608, 2530.8], [-120.246345, 39.221603, 2529.4], [-120.246353, 39.221596, 2530.8], [-120.246363, 39.221583, 2530.8], [-120.246358, 39.221582, 2530.8], [-120.246339, 39.221583, 2529.4], [-120.246327, 39.221582, 2529.4], [-120.246323, 39.221579, 2528.7], [-120.246319, 39.221567, 2528.7], [-120.246323, 39.221543, 2528.2], [-120.246332, 39.221523, 2528.2], [-120.246335, 39.221513, 2527.9], [-120.246341, 39.221501, 2527.9], [-120.246349, 39.221457, 2528.6], [-120.246357, 39.221449, 2528.6], [-120.246378, 39.221425, 2528.4], [-120.246398, 39.221412, 2529.3], [-120.246405, 39.221409, 2529.3], [-120.246424, 39.221397, 2529.3], [-120.246436, 39.221388, 2530.1], [-120.246453, 39.221383, 2530.1], [-120.246494, 39.221366, 2530.9], [-120.246518, 39.221353, 2530.9], [-120.24653, 39.22134, 2531.9], [-120.246555, 39.221327, 2531.9], [-120.246589, 39.221314, 2533.3], [-120.246621, 39.2213, 2533.3], [-120.246644, 39.221287, 2533.3], [-120.246653, 39.221283, 2532.8], [-120.246685, 39.221266, 2534.4], [-120.246704, 39.221257, 2533.7], [-120.246714, 39.221251, 2533.7], [-120.246732, 39.221236, 2535.1], [-120.246748, 39.22122, 2534.0], [-120.24676, 39.221205, 2535.7], [-120.246729, 39.221201, 2536.7], [-120.246724, 39.221196, 2536.7], [-120.246736, 39.221165, 2537.9], [-120.246736, 39.221158, 2537.9], [-120.246726, 39.221124, 2541.1], [-120.246711, 39.221101, 2543.4], [-120.246699, 39.221088, 2543.4], [-120.246682, 39.221079, 2546.1], [-120.246668, 39.221061, 2546.1], [-120.246655, 39.221053, 2546.1], [-120.246646, 39.221045, 2550.9], [-120.246641, 39.221034, 2550.9], [-120.246637, 39.221019, 2550.9], [-120.246636, 39.220997, 2555.1], [-120.246634, 39.220984, 2555.1], [-120.246634, 39.220968, 2556.5], [-120.246631, 39.220957, 2556.5], [-120.246623, 39.220947, 2554.5], [-120.246615, 39.220946, 2554.5], [-120.246597, 39.220935, 2553.0], [-120.246593, 39.220929, 2553.0], [-120.246583, 39.220929, 2553.0], [-120.246573, 39.220926, 2553.0], [-120.246553, 39.220918, 2550.3], [-120.246518, 39.220916, 2549.2], [-120.246514, 39.220918, 2548.1], [-120.246506, 39.220915, 2549.2], [-120.246496, 39.220907, 2549.2], [-120.246489, 39.220899, 2549.2], [-120.246489, 39.220893, 2549.2], [-120.246484, 39.220881, 2549.6], [-120.246484, 39.220876, 2549.6], [-120.246479, 39.220874, 2549.6], [-120.246485, 39.220854, 2549.6], [-120.246485, 39.220837, 2549.6], [-120.24649, 39.220828, 2549.6], [-120.24651, 39.220808, 2549.7], [-120.246515, 39.220802, 2549.7], [-120.246537, 39.220794, 2549.8], [-120.246549, 39.220801, 2549.8], [-120.246557, 39.220814, 2549.8], [-120.246563, 39.22082, 2549.8], [-120.246569, 39.220822, 2549.8], [-120.246588, 39.22081, 2549.5], [-120.246586, 39.220799, 2549.5], [-120.246596, 39.220789, 2549.5], [-120.246606, 39.220775, 2548.8], [-120.246609, 39.220767, 2548.8], [-120.246615, 39.220761, 2548.8], [-120.246618, 39.220754, 2548.8], [-120.246619, 39.220742, 2549.7], [-120.246614, 39.220732, 2549.7], [-120.246585, 39.220711, 2552.3], [-120.246567, 39.220702, 2552.3], [-120.246554, 39.220693, 2553.5], [-120.246513, 39.220552, 2561.8], [-120.246465, 39.220474, 2565.0], [-120.24647, 39.220481, 2565.0], [-120.246539, 39.22052, 2561.0], [-120.246507, 39.220517, 2564.1], [-120.246492, 39.220514, 2564.1], [-120.246486, 39.220516, 2564.1], [-120.246481, 39.220524, 2563.0], [-120.246477, 39.220518, 2563.7], [-120.246473, 39.220522, 2563.7], [-120.246447, 39.220521, 2563.7], [-120.246441, 39.220528, 2563.7], [-120.246406, 39.220529, 2561.8], [-120.246353, 39.220554, 2557.8], [-120.246319, 39.22056, 2555.6], [-120.246282, 39.220579, 2553.3], [-120.246274, 39.220585, 2551.8], [-120.246235, 39.220596, 2549.7], [-120.246199, 39.220599, 2547.6], [-120.246158, 39.220616, 2545.4], [-120.24611, 39.220629, 2542.0], [-120.245998, 39.220637, 2536.7], [-120.245957, 39.220656, 2534.0], [-120.245898, 39.220677, 2532.2], [-120.245837, 39.220687, 2529.3], [-120.245767, 39.220711, 2525.8], [-120.245761, 39.220741, 2524.8], [-120.245767, 39.220781, 2523.6], [-120.245756, 39.220819, 2521.1], [-120.245753, 39.220832, 2521.1], [-120.245792, 39.220871, 2521.6], [-120.245782, 39.220898, 2519.0], [-120.245755, 39.22093, 2517.8], [-120.24574, 39.22096, 2515.1], [-120.245752, 39.22097, 2516.9], [-120.245761, 39.22098, 2516.9], [-120.245762, 39.221002, 2515.9], [-120.245762, 39.221033, 2514.9], [-120.245756, 39.221031, 2514.9], [-120.245752, 39.221035, 2514.9], [-120.245753, 39.221155, 2511.3], [-120.245755, 39.221155, 2511.3], [-120.245761, 39.221136, 2512.0], [-120.245764, 39.22113, 2512.0], [-120.245772, 39.221104, 2512.9], [-120.245781, 39.221057, 2513.8], [-120.245783, 39.221034, 2514.9], [-120.245785, 39.221, 2515.9], [-120.24579, 39.220971, 2516.9], [-120.245766, 39.220943, 2517.8], [-120.245735, 39.220913, 2517.3], [-120.245726, 39.220898, 2517.3], [-120.245711, 39.220888, 2517.3], [-120.245697, 39.220875, 2516.6], [-120.245712, 39.220878, 2518.3], [-120.245697, 39.22088, 2516.6], [-120.245674, 39.220872, 2516.6], [-120.245667, 39.22086, 2516.6], [-120.245654, 39.220842, 2515.8], [-120.245647, 39.220847, 2515.8], [-120.245637, 39.220851, 2514.7], [-120.24563, 39.220847, 2515.8], [-120.245636, 39.220855, 2514.7], [-120.245644, 39.220853, 2514.7], [-120.245627, 39.220877, 2514.7], [-120.245614, 39.220878, 2512.7], [-120.2456, 39.220883, 2512.7], [-120.245589, 39.220889, 2511.6], [-120.245575, 39.220888, 2509.6], [-120.245573, 39.22089, 2509.6], [-120.245564, 39.220887, 2509.6], [-120.245551, 39.22088, 2510.6], [-120.245528, 39.220856, 2508.5], [-120.245507, 39.220827, 2509.6], [-120.245503, 39.22082, 2509.6], [-120.245514, 39.220851, 2508.5], [-120.245512, 39.220857, 2508.5], [-120.245487, 39.220917, 2504.2], [-120.245469, 39.220951, 2503.2], [-120.245446, 39.220977, 2501.1], [-120.245438, 39.220984, 2500.0], [-120.245402, 39.220988, 2498.0], [-120.245361, 39.22099, 2495.7], [-120.245348, 39.220986, 2495.7], [-120.245291, 39.220988, 2493.4], [-120.245267, 39.220987, 2491.2], [-120.245177, 39.220991, 2485.9], [-120.245161, 39.22099, 2485.9], [-120.245153, 39.220982, 2487.2], [-120.245164, 39.220969, 2487.2], [-120.245159, 39.220958, 2487.2], [-120.245132, 39.220935, 2485.4], [-120.245115, 39.220917, 2485.4], [-120.245106, 39.220909, 2486.4], [-120.245094, 39.220901, 2484.4], [-120.24504, 39.220871, 2483.7], [-120.24497, 39.220839, 2482.8], [-120.244959, 39.22083, 2482.8], [-120.244924, 39.220825, 2482.1], [-120.244911, 39.220827, 2482.1], [-120.244878, 39.220813, 2482.6], [-120.244868, 39.220803, 2482.6], [-120.244832, 39.220791, 2480.8], [-120.244795, 39.220789, 2479.2], [-120.244776, 39.220784, 2479.2], [-120.244735, 39.220778, 2480.6], [-120.244683, 39.220783, 2478.9], [-120.244665, 39.220787, 2474.1], [-120.24462, 39.220806, 2471.1], [-120.244606, 39.220814, 2471.1], [-120.244592, 39.220819, 2468.8], [-120.244616, 39.220807, 2471.1], [-120.244646, 39.220797, 2474.1], [-120.244647, 39.220788, 2474.1], [-120.244639, 39.220776, 2476.3], [-120.244626, 39.220775, 2473.5], [-120.244613, 39.220783, 2473.5], [-120.244606, 39.220791, 2471.1], [-120.24459, 39.220806, 2471.1], [-120.244573, 39.220814, 2468.4], [-120.244554, 39.22082, 2466.1], [-120.244528, 39.220826, 2463.5], [-120.244505, 39.220833, 2463.5], [-120.244499, 39.220837, 2460.9], [-120.244472, 39.22084, 2460.9], [-120.244454, 39.220843, 2459.2], [-120.244447, 39.220843, 2459.2], [-120.244417, 39.220847, 2458.3], [-120.244348, 39.220849, 2457.6], [-120.244219, 39.220851, 2447.9], [-120.244172, 39.220852, 2445.3], [-120.244136, 39.220852, 2443.0], [-120.24411, 39.220853, 2440.2], [-120.24409, 39.220853, 2440.2], [-120.244076, 39.220854, 2440.2], [-120.244052, 39.220854, 2437.3], [-120.244028, 39.22086, 2436.4], [-120.244019, 39.220864, 2436.4], [-120.244004, 39.220868, 2436.4], [-120.243989, 39.220875, 2436.4], [-120.243989, 39.220871, 2436.4], [-120.243975, 39.220892, 2433.1], [-120.24396, 39.220918, 2430.3], [-120.243937, 39.220938, 2427.6], [-120.243923, 39.220943, 2427.6], [-120.243809, 39.220988, 2423.1], [-120.2437, 39.221032, 2423.1], [-120.243592, 39.221076, 2419.7], [-120.243483, 39.22112, 2412.0], [-120.243338, 39.221197, 2403.2], [-120.242482, 39.221455, 2368.2], [-120.242445, 39.221498, 2366.1], [-120.242388, 39.221547, 2364.1], [-120.241999, 39.22178, 2352.0], [-120.241124, 39.222346, 2319.4], [-120.241079, 39.222294, 2317.5], [-120.241059, 39.222236, 2316.0], [-120.241084, 39.222194, 2319.2], [-120.241097, 39.222166, 2320.0], [-120.241106, 39.222152, 2320.0], [-120.241124, 39.222149, 2322.5], [-120.241128, 39.222142, 2323.1], [-120.241129, 39.222132, 2323.1], [-120.241133, 39.222112, 2323.7], [-120.241144, 39.222112, 2323.7], [-120.241149, 39.22211, 2323.7], [-120.241144, 39.222099, 2323.7], [-120.241156, 39.222096, 2325.8], [-120.241161, 39.22209, 2325.8], [-120.241176, 39.222095, 2325.8], [-120.24119, 39.222095, 2325.8], [-120.241201, 39.22209, 2327.4], [-120.241225, 39.22207, 2328.0], [-120.241249, 39.222045, 2329.8], [-120.241255, 39.222036, 2329.8], [-120.24128, 39.222004, 2330.5], [-120.241289, 39.22198, 2331.7], [-120.241296, 39.221973, 2331.7], [-120.241298, 39.221966, 2331.7], [-120.241294, 39.221951, 2331.7], [-120.241291, 39.22197, 2331.7], [-120.241284, 39.221971, 2330.6], [-120.241283, 39.221974, 2330.6], [-120.241289, 39.221985, 2331.4], [-120.24129, 39.221993, 2331.4], [-120.241296, 39.222, 2331.4], [-120.2413, 39.221994, 2331.4], [-120.241297, 39.221987, 2331.4], [-120.2413, 39.221963, 2331.7], [-120.2413, 39.221945, 2331.5], [-120.24129, 39.221902, 2331.3], [-120.241274, 39.221843, 2329.6], [-120.241263, 39.221801, 2329.9], [-120.241249, 39.221768, 2330.2], [-120.24121, 39.221719, 2328.4], [-120.241178, 39.221691, 2326.6], [-120.241103, 39.22164, 2324.9], [-120.241076, 39.221618, 2324.9], [-120.241061, 39.221605, 2326.1], [-120.241027, 39.221592, 2326.1], [-120.240996, 39.221587, 2325.2], [-120.240955, 39.221595, 2324.0], [-120.240946, 39.221599, 2324.0], [-120.240941, 39.221604, 2322.4], [-120.240956, 39.221602, 2324.0], [-120.240964, 39.221596, 2324.0], [-120.240974, 39.221596, 2324.0], [-120.240984, 39.221605, 2325.2], [-120.240986, 39.221613, 2325.2], [-120.240983, 39.22162, 2321.6], [-120.240975, 39.221631, 2321.6], [-120.240971, 39.221634, 2321.6], [-120.240956, 39.221628, 2321.6], [-120.24095, 39.221636, 2321.6], [-120.240943, 39.221656, 2319.0], [-120.240929, 39.221693, 2315.0], [-120.240925, 39.221728, 2313.3], [-120.240925, 39.221757, 2312.3], [-120.24092, 39.221788, 2311.3], [-120.240917, 39.221799, 2311.3], [-120.2409, 39.221816, 2310.7], [-120.240884, 39.22182, 2308.6], [-120.240862, 39.22182, 2308.6], [-120.240844, 39.22183, 2306.4], [-120.240832, 39.221843, 2306.4], [-120.240808, 39.221864, 2303.7], [-120.240789, 39.221877, 2303.7], [-120.24071, 39.221928, 2299.3], [-120.240699, 39.221944, 2299.3], [-120.240697, 39.221972, 2298.8], [-120.240685, 39.221985, 2297.9], [-120.240664, 39.22199, 2296.1], [-120.240615, 39.221983, 2294.2], [-120.240599, 39.221978, 2295.0], [-120.24056, 39.221969, 2292.8], [-120.240521, 39.22197, 2290.0], [-120.240439, 39.22197, 2284.2], [-120.240355, 39.221977, 2281.5], [-120.24034, 39.221978, 2280.8], [-120.240305, 39.221989, 2279.1], [-120.240277, 39.222012, 2278.4], [-120.240237, 39.222034, 2276.5], [-120.240222, 39.222039, 2276.5], [-120.240194, 39.222041, 2276.3], [-120.240177, 39.222045, 2276.3], [-120.240153, 39.222045, 2275.8], [-120.240131, 39.222042, 2275.8], [-120.240107, 39.22204, 2274.5], [-120.240085, 39.222046, 2274.5], [-120.24007, 39.222047, 2273.3], [-120.240057, 39.222046, 2273.3], [-120.239975, 39.222046, 2271.3], [-120.239973, 39.222047, 2271.3], [-120.239952, 39.222047, 2270.2], [-120.239937, 39.222049, 2269.1], [-120.239918, 39.222056, 2269.1], [-120.239885, 39.222074, 2267.9], [-120.239848, 39.222083, 2265.6], [-120.239804, 39.222085, 2264.4], [-120.239755, 39.222076, 2264.1], [-120.239701, 39.222077, 2262.9], [-120.239641, 39.222083, 2259.3], [-120.239579, 39.222087, 2258.1], [-120.239511, 39.222087, 2256.1], [-120.239437, 39.222076, 2255.2], [-120.239369, 39.22205, 2254.5], [-120.239304, 39.222013, 2254.9], [-120.239236, 39.221978, 2254.8], [-120.239166, 39.221953, 2253.0], [-120.239099, 39.221941, 2251.8], [-120.239041, 39.221936, 2249.6], [-120.238996, 39.221934, 2247.8], [-120.238941, 39.221935, 2246.2], [-120.238877, 39.22194, 2243.8], [-120.238822, 39.221936, 2242.4], [-120.238738, 39.221924, 2239.6], [-120.238663, 39.221911, 2237.3], [-120.238617, 39.221889, 2236.2], [-120.238571, 39.221874, 2235.2], [-120.238519, 39.221861, 2234.4], [-120.238457, 39.221843, 2233.7], [-120.238386, 39.22182, 2231.9], [-120.238323, 39.221803, 2230.2], [-120.238277, 39.221788, 2229.2], [-120.238228, 39.221769, 2228.4], [-120.238182, 39.221752, 2227.5], [-120.238134, 39.221718, 2226.3], [-120.238074, 39.221691, 2224.7], [-120.237894, 39.221556, 2220.7], [-120.23772, 39.221463, 2219.3], [-120.237705, 39.221464, 2219.3], [-120.237668, 39.221464, 2218.9], [-120.237661, 39.221466, 2218.9], [-120.237652, 39.221484, 2219.1], [-120.237622, 39.22155, 2218.6], [-120.237596, 39.221611, 2218.2], [-120.237578, 39.221656, 2216.7], [-120.237573, 39.221666, 2216.7], [-120.237562, 39.22171, 2216.4], [-120.237554, 39.221784, 2217.6], [-120.237549, 39.221877, 2217.8], [-120.237549, 39.222068, 2216.0], [-120.237552, 39.222174, 2217.0], [-120.237555, 39.222236, 2217.2], [-120.237556, 39.222285, 2218.2], [-120.237559, 39.222317, 2218.8], [-120.237559, 39.222325, 2218.8], [-120.237563, 39.222356, 2219.5], [-120.237567, 39.222376, 2219.5], [-120.237575, 39.222408, 2220.1], [-120.237574, 39.222415, 2220.6], [-120.23757, 39.222419, 2220.6], [-120.237571, 39.222424, 2220.6], [-120.23759, 39.22243, 2220.6], [-120.237598, 39.222431, 2220.6], [-120.237608, 39.222435, 2220.6], [-120.237589, 39.22242, 2220.6], [-120.237583, 39.222417, 2220.6], [-120.237568, 39.222406, 2220.1], [-120.23755, 39.222401, 2220.0], [-120.237534, 39.222401, 2220.0], [-120.237512, 39.222405, 2220.0], [-120.237533, 39.222404, 2220.0], [-120.237544, 39.222405, 2220.0], [-120.237562, 39.222411, 2220.1], [-120.237563, 39.222419, 2220.6], [-120.237556, 39.222418, 2220.6], [-120.237547, 39.22242, 2220.5], [-120.237538, 39.222414, 2220.5], [-120.237533, 39.222396, 2220.0], [-120.237533, 39.222388, 2220.0], [-120.237536, 39.222385, 2220.0], [-120.237541, 39.22237, 2219.7], [-120.237542, 39.222361, 2219.7], [-120.237536, 39.222358, 2219.7], [-120.237553, 39.222359, 2219.5], [-120.237565, 39.222381, 2220.1], [-120.237579, 39.222418, 2220.6], [-120.23758, 39.222429, 2220.6], [-120.237575, 39.222444, 2220.6], [-120.237567, 39.222444, 2220.6], [-120.23752, 39.222454, 2221.1], [-120.237493, 39.222462, 2220.9], [-120.237474, 39.222469, 2220.9], [-120.23744, 39.222485, 2221.0], [-120.237415, 39.222502, 2220.7], [-120.237403, 39.222512, 2220.7], [-120.237377, 39.222546, 2220.7], [-120.237365, 39.222565, 2220.7], [-120.237361, 39.222574, 2220.7], [-120.23735, 39.222592, 2220.7], [-120.237339, 39.222613, 2220.9], [-120.237309, 39.222659, 2220.7], [-120.23729, 39.222686, 2220.6], [-120.237275, 39.222713, 2220.7], [-120.237269, 39.22274, 2220.7], [-120.237262, 39.222752, 2220.9], [-120.237251, 39.222768, 2220.9], [-120.237234, 39.222796, 2220.9], [-120.23722, 39.22281, 2220.9], [-120.23721, 39.222815, 2221.1], [-120.237191, 39.222822, 2221.5], [-120.237169, 39.222832, 2221.5], [-120.237159, 39.222834, 2221.9], [-120.237149, 39.222833, 2221.9], [-120.237128, 39.222834, 2221.9], [-120.237106, 39.222828, 2222.4], [-120.23708, 39.222817, 2222.4], [-120.237071, 39.222814, 2222.9], [-120.237024, 39.222807, 2222.5], [-120.237007, 39.222803, 2222.5], [-120.236973, 39.222782, 2223.0], [-120.236939, 39.222756, 2222.8], [-120.236911, 39.222744, 2222.4], [-120.236891, 39.222738, 2222.8], [-120.23688, 39.222732, 2222.8], [-120.236865, 39.222714, 2222.8], [-120.236833, 39.222698, 2222.8], [-120.236812, 39.22269, 2223.1], [-120.236792, 39.222688, 2223.1], [-120.236772, 39.222684, 2223.4], [-120.236736, 39.222678, 2223.2], [-120.236712, 39.222677, 2223.5], [-120.236696, 39.222678, 2223.5], [-120.236682, 39.222684, 2223.8], [-120.236677, 39.222694, 2223.8], [-120.236655, 39.222717, 2224.5], [-120.236641, 39.222724, 2224.8], [-120.236616, 39.22273, 2224.8], [-120.23659, 39.222733, 2225.0], [-120.23658, 39.222741, 2225.0], [-120.236574, 39.222751, 2225.9], [-120.23657, 39.222764, 2225.9], [-120.236571, 39.222771, 2225.9], [-120.236569, 39.222784, 2226.7], [-120.236566, 39.222789, 2226.7], [-120.23656, 39.222809, 2226.5], [-120.236555, 39.222816, 2227.4], [-120.236546, 39.222823, 2227.4], [-120.23653, 39.222825, 2227.4], [-120.236523, 39.222843, 2227.4], [-120.23652, 39.222854, 2228.2], [-120.236519, 39.222865, 2228.2], [-120.236524, 39.222872, 2228.3], [-120.236539, 39.222866, 2228.3], [-120.236553, 39.222855, 2228.3], [-120.236563, 39.222839, 2227.4], [-120.236567, 39.222828, 2227.3], [-120.236574, 39.222818, 2227.3], [-120.236589, 39.222809, 2226.7], [-120.236592, 39.222802, 2226.7], [-120.23659, 39.2228, 2226.7], [-120.236535, 39.222794, 2226.5], [-120.236499, 39.222793, 2226.2], [-120.236486, 39.222791, 2226.2], [-120.236439, 39.222788, 2225.6], [-120.236423, 39.222788, 2224.9], [-120.236356, 39.222795, 2224.5], [-120.236309, 39.222802, 2224.0], [-120.236293, 39.222809, 2222.6], [-120.236265, 39.222833, 2223.9], [-120.236239, 39.222854, 2222.9], [-120.236191, 39.222891, 2220.8], [-120.236168, 39.222924, 2219.3], [-120.236162, 39.222935, 2219.3], [-120.236153, 39.222983, 2219.0], [-120.236151, 39.222989, 2219.0], [-120.236142, 39.222998, 2219.0], [-120.236137, 39.222999, 2219.0], [-120.236133, 39.222993, 2218.2], [-120.23612, 39.222988, 2218.2], [-120.236118, 39.222997, 2218.2], [-120.236122, 39.223011, 2218.2], [-120.236132, 39.223019, 2218.0], [-120.236156, 39.223033, 2218.7], [-120.236155, 39.223045, 2218.6], [-120.23615, 39.223052, 2218.6], [-120.236177, 39.223019, 2220.5], [-120.236153, 39.223041, 2220.3], [-120.236142, 39.223047, 2220.2], [-120.23614, 39.223052, 2219.9], [-120.236144, 39.223054, 2219.9], [-120.236144, 39.223062, 2219.8], [-120.23614, 39.223066, 2219.7], [-120.236124, 39.223066, 2219.6], [-120.236013, 39.223051, 2218.1], [-120.235963, 39.223042, 2217.5], [-120.235909, 39.223023, 2216.7], [-120.235871, 39.223013, 2216.2], [-120.235843, 39.223005, 2215.8], [-120.235819, 39.222995, 2215.5], [-120.235798, 39.222981, 2215.1], [-120.235762, 39.222953, 2214.5], [-120.235731, 39.222932, 2214.0], [-120.235702, 39.222911, 2213.5], [-120.235687, 39.222907, 2213.3], [-120.235653, 39.222892, 2212.8], [-120.235636, 39.222882, 2212.5], [-120.235614, 39.222873, 2212.2], [-120.235577, 39.222865, 2211.7], [-120.235562, 39.222858, 2211.5], [-120.233788, 39.222213, 2190.3], [-120.233772, 39.222209, 2190.3], [-120.233781, 39.222152, 2189.9], [-120.233783, 39.222119, 2189.7], [-120.233788, 39.222073, 2189.4], [-120.23377, 39.222042, 2189.2], [-120.233749, 39.221997, 2188.9], [-120.233734, 39.221971, 2188.7], [-120.233709, 39.221941, 2188.5], [-120.233691, 39.221913, 2188.2], [-120.233673, 39.221881, 2187.8], [-120.233659, 39.221855, 2187.5], [-120.233638, 39.221826, 2187.1], [-120.233623, 39.221801, 2186.8], [-120.233618, 39.221787, 2186.6], [-120.233613, 39.221767, 2186.3], [-120.233609, 39.221761, 2186.2], [-120.233581, 39.221747, 2185.8], [-120.233536, 39.22172, 2185.2], [-120.233528, 39.221714, 2185.1], [-120.233514, 39.221709, 2184.9], [-120.233498, 39.221708, 2184.8], [-120.233473, 39.221703, 2184.5], [-120.233463, 39.221704, 2184.4], [-120.233448, 39.221712, 2184.2], [-120.233444, 39.221717, 2184.1], [-120.233424, 39.221731, 2183.8], [-120.233416, 39.221739, 2183.7], [-120.23341, 39.221732, 2183.5], [-120.233401, 39.22173, 2183.4], [-120.233384, 39.221732, 2183.2], [-120.233365, 39.221733, 2183.0], [-120.23336, 39.221731, 2183.0], [-120.233352, 39.221736, 2182.9], [-120.233341, 39.221752, 2182.6], [-120.233338, 39.221764, 2182.5], [-120.233333, 39.221769, 2182.4], [-120.233323, 39.221773, 2182.3], [-120.233317, 39.221779, 2182.2], [-120.233305, 39.221776, 2182.1], [-120.233287, 39.221769, 2181.9], [-120.233276, 39.221762, 2181.8], [-120.23325, 39.221733, 2181.4], [-120.233209, 39.221689, 2180.8], [-120.23318, 39.221655, 2180.4], [-120.233171, 39.221643, 2180.3], [-120.23313, 39.221586, 2179.6], [-120.233084, 39.221521, 2178.9], [-120.233062, 39.221485, 2178.4], [-120.233038, 39.221448, 2178.0], [-120.233014, 39.22141, 2177.5], [-120.232993, 39.221375, 2177.1], [-120.232951, 39.221319, 2176.4], [-120.232937, 39.221293, 2176.1], [-120.232928, 39.221253, 2175.7], [-120.232928, 39.221239, 2175.5], [-120.232922, 39.221203, 2175.2], [-120.232919, 39.221191, 2175.1], [-120.232902, 39.221144, 2174.6], [-120.232885, 39.221114, 2174.2], [-120.232879, 39.221105, 2174.1], [-120.23286, 39.22108, 2173.7], [-120.232855, 39.221072, 2173.6], [-120.232843, 39.221057, 2173.4], [-120.232824, 39.221044, 2173.2], [-120.232773, 39.221024, 2172.7], [-120.232737, 39.221002, 2172.2], [-120.232685, 39.220961, 2171.5], [-120.232662, 39.220956, 2171.3], [-120.232646, 39.220954, 2171.2], [-120.232625, 39.220961, 2171.0], [-120.232615, 39.220968, 2170.8], [-120.232578, 39.220952, 2170.4], [-120.23255, 39.220935, 2170.1], [-120.232541, 39.220928, 2170.0], [-120.232506, 39.220908, 2169.6], [-120.232492, 39.220901, 2169.5], [-120.232456, 39.220879, 2169.1], [-120.232444, 39.220871, 2169.0], [-120.232429, 39.220859, 2168.8], [-120.232401, 39.220835, 2168.6], [-120.232387, 39.220827, 2168.4], [-120.232354, 39.22081, 2168.2], [-120.232315, 39.220782, 2167.9], [-120.232303, 39.22077, 2167.8], [-120.232273, 39.220745, 2167.7], [-120.232256, 39.220734, 2167.6], [-120.232225, 39.220707, 2167.4], [-120.232197, 39.220686, 2167.3], [-120.232155, 39.220662, 2167.1], [-120.232116, 39.220634, 2167.0], [-120.232107, 39.220626, 2166.9], [-120.232072, 39.220591, 2166.8], [-120.232041, 39.220564, 2166.7], [-120.232031, 39.220554, 2166.6], [-120.232003, 39.220528, 2166.5], [-120.23197, 39.220494, 2166.4], [-120.231963, 39.220486, 2166.4], [-120.231937, 39.220452, 2166.3], [-120.231913, 39.220424, 2166.3], [-120.231888, 39.220401, 2166.2], [-120.231856, 39.220363, 2166.2], [-120.23185, 39.220354, 2166.2], [-120.231817, 39.220322, 2166.1], [-120.231781, 39.220289, 2166.0], [-120.231747, 39.220266, 2166.0], [-120.231704, 39.220234, 2166.0], [-120.231696, 39.220226, 2166.0], [-120.231658, 39.2202, 2165.9], [-120.231628, 39.220181, 2165.9], [-120.231618, 39.220173, 2165.9], [-120.23158, 39.220148, 2165.9], [-120.231543, 39.220127, 2165.8], [-120.231514, 39.220113, 2165.8], [-120.231504, 39.220107, 2165.7], [-120.231461, 39.220087, 2165.6], [-120.231425, 39.220075, 2165.5], [-120.231388, 39.220066, 2165.4], [-120.23137, 39.22006, 2165.3], [-120.231351, 39.220056, 2165.3], [-120.231331, 39.220053, 2165.2], [-120.231312, 39.220047, 2165.1], [-120.231276, 39.220042, 2164.9], [-120.231262, 39.220041, 2164.9], [-120.231228, 39.220045, 2164.7], [-120.231191, 39.22005, 2164.5], [-120.231154, 39.220058, 2164.3], [-120.231115, 39.220065, 2164.0], [-120.231075, 39.220076, 2163.7], [-120.231035, 39.220089, 2163.5], [-120.230993, 39.220104, 2163.2], [-120.230909, 39.220138, 2162.6], [-120.230825, 39.22018, 2162.0], [-120.230783, 39.220202, 2161.7], [-120.23074, 39.220224, 2161.4], [-120.230697, 39.220247, 2161.1], [-120.230655, 39.220272, 2160.8], [-120.230619, 39.220299, 2160.6], [-120.230589, 39.220329, 2160.4], [-120.230562, 39.220358, 2160.2], [-120.230538, 39.220386, 2160.1], [-120.230514, 39.220418, 2159.9], [-120.230498, 39.220455, 2159.8], [-120.23048, 39.220491, 2159.6], [-120.230461, 39.220526, 2159.5], [-120.230439, 39.220556, 2159.4], [-120.230418, 39.220581, 2159.3], [-120.230383, 39.220607, 2159.1], [-120.230369, 39.220612, 2159.1], [-120.230331, 39.220618, 2159.0], [-120.230319, 39.220617, 2158.9], [-120.230277, 39.220608, 2158.7], [-120.230263, 39.220604, 2158.7], [-120.230216, 39.220595, 2158.4], [-120.230195, 39.220594, 2158.3], [-120.230179, 39.220598, 2158.2], [-120.230148, 39.220597, 2158.1], [-120.230133, 39.220591, 2158.0], [-120.230114, 39.220579, 2157.8], [-120.230094, 39.220572, 2157.7], [-120.230049, 39.220564, 2157.3], [-120.23003, 39.220562, 2157.2], [-120.229988, 39.220554, 2156.8], [-120.229948, 39.220543, 2156.5], [-120.229918, 39.220524, 2156.2], [-120.229903, 39.220506, 2155.9], [-120.229891, 39.220502, 2155.8], [-120.229861, 39.220496, 2155.6], [-120.229843, 39.220491, 2155.4], [-120.229805, 39.220476, 2155.0], [-120.229755, 39.220452, 2154.5], [-120.229727, 39.220439, 2154.2], [-120.229693, 39.220412, 2153.7], [-120.229683, 39.220402, 2153.5], [-120.229675, 39.220389, 2153.4], [-120.229672, 39.220367, 2153.1], [-120.22965, 39.220348, 2152.8], [-120.229694, 39.220368, 2152.3], [-120.229707, 39.22037, 2152.2], [-120.229718, 39.220369, 2152.1], [-120.229733, 39.220362, 2151.9], [-120.229738, 39.220355, 2151.8], [-120.229736, 39.22035, 2151.8], [-120.229728, 39.220343, 2151.7], [-120.229724, 39.220337, 2151.6], [-120.229727, 39.220321, 2151.4], [-120.229727, 39.220311, 2151.3], [-120.229724, 39.220303, 2151.2], [-120.229719, 39.220301, 2151.1], [-120.229696, 39.220281, 2150.8], [-120.229687, 39.220271, 2150.6], [-120.229681, 39.220261, 2150.5], [-120.22967, 39.220255, 2150.4], [-120.229657, 39.220264, 2150.2], [-120.229642, 39.22027, 2150.1], [-120.229634, 39.220277, 2150.0], [-120.229623, 39.22028, 2149.9], [-120.229615, 39.220288, 2149.7], [-120.229613, 39.220285, 2149.7], [-120.229613, 39.220252, 2149.3], [-120.229612, 39.220248, 2149.3], [-120.229605, 39.220245, 2149.2], [-120.229601, 39.220252, 2149.1], [-120.229599, 39.220261, 2149.0], [-120.229588, 39.220273, 2148.8], [-120.229556, 39.220273, 2148.6], [-120.229527, 39.220269, 2148.3], [-120.229471, 39.220259, 2147.8], [-120.229442, 39.220255, 2147.5], [-120.229386, 39.220245, 2147.0], [-120.229357, 39.220241, 2146.8], [-120.229301, 39.220231, 2146.3], [-120.229272, 39.220227, 2146.1], [-120.229244, 39.220222, 2145.9], [-120.229199, 39.220236, 2145.6], [-120.229157, 39.220239, 2145.3], [-120.229142, 39.220238, 2145.2], [-120.229098, 39.22023, 2145.0], [-120.229084, 39.220228, 2144.9], [-120.229028, 39.220216, 2144.5], [-120.228991, 39.220212, 2144.3], [-120.228979, 39.220212, 2144.2], [-120.228931, 39.220204, 2144.0], [-120.228894, 39.22019, 2143.7], [-120.228848, 39.220165, 2143.4], [-120.228817, 39.220147, 2143.1], [-120.228786, 39.220127, 2142.9], [-120.228719, 39.220079, 2142.2], [-120.228683, 39.220058, 2141.9], [-120.228616, 39.22002, 2141.3], [-120.228565, 39.219994, 2140.9], [-120.228549, 39.219989, 2140.7], [-120.22854, 39.219979, 2140.6], [-120.228502, 39.219962, 2140.3], [-120.228497, 39.219959, 2140.2], [-120.228512, 39.219947, 2140.1], [-120.228521, 39.219937, 2140.0], [-120.228518, 39.219934, 2139.9], [-120.228501, 39.219927, 2139.8], [-120.228484, 39.219916, 2139.6], [-120.228476, 39.219902, 2139.5], [-120.228465, 39.21989, 2139.4], [-120.228475, 39.219889, 2139.3], [-120.228492, 39.219912, 2139.1], [-120.228481, 39.219901, 2139.0], [-120.228452, 39.219882, 2138.8], [-120.228443, 39.219874, 2138.7], [-120.228421, 39.219866, 2138.5], [-120.228396, 39.219859, 2138.4], [-120.22836, 39.219851, 2138.2], [-120.228318, 39.219844, 2137.9], [-120.228298, 39.219838, 2137.8], [-120.228279, 39.219834, 2137.7], [-120.228245, 39.21983, 2137.5], [-120.228235, 39.219831, 2137.4], [-120.22812, 39.219811, 2136.7], [-120.228014, 39.219788, 2136.0], [-120.227907, 39.219766, 2135.3], [-120.227776, 39.219734, 2134.5], [-120.227685, 39.219711, 2133.9], [-120.227611, 39.219693, 2133.3], [-120.22754, 39.219675, 2132.8], [-120.227476, 39.219661, 2132.3], [-120.227415, 39.219649, 2131.9], [-120.227357, 39.219634, 2131.6], [-120.227306, 39.219625, 2131.3], [-120.227261, 39.21962, 2131.0], [-120.227223, 39.219617, 2130.8], [-120.227185, 39.219615, 2130.6], [-120.227144, 39.219614, 2130.4], [-120.227107, 39.219614, 2130.3], [-120.227065, 39.21962, 2130.1], [-120.227056, 39.219624, 2130.0], [-120.227035, 39.219642, 2129.8], [-120.227029, 39.219653, 2129.8], [-120.227029, 39.219681, 2129.6], [-120.227031, 39.219706, 2129.4], [-120.227028, 39.21972, 2129.3], [-120.227018, 39.219741, 2129.2], [-120.227007, 39.21976, 2129.0], [-120.226995, 39.219799, 2128.7], [-120.226975, 39.219843, 2128.2], [-120.22697, 39.219851, 2128.2], [-120.226937, 39.219893, 2127.7], [-120.226926, 39.219905, 2127.5], [-120.226908, 39.21993, 2127.2], [-120.226884, 39.2199, 2126.9], [-120.226871, 39.21993, 2126.5], [-120.22686, 39.219953, 2126.3], [-120.226857, 39.219969, 2126.1], [-120.226847, 39.220001, 2125.7], [-120.226842, 39.220013, 2125.6], [-120.226822, 39.220036, 2125.3], [-120.226791, 39.220063, 2124.9], [-120.226779, 39.220071, 2124.8], [-120.22674, 39.220103, 2124.3], [-120.226709, 39.22013, 2123.9], [-120.226678, 39.220164, 2123.5], [-120.226664, 39.22019, 2123.3], [-120.226656, 39.220222, 2123.0], [-120.226647, 39.220252, 2122.8], [-120.226626, 39.220277, 2122.5], [-120.226563, 39.22032, 2122.0], [-120.226525, 39.220347, 2121.7], [-120.226492, 39.220368, 2121.4], [-120.226459, 39.220391, 2121.1], [-120.226421, 39.220414, 2120.7], [-120.226383, 39.220434, 2120.4], [-120.226348, 39.220454, 2120.0], [-120.22632, 39.220472, 2119.7], [-120.226286, 39.220495, 2119.4], [-120.226241, 39.220516, 2118.9], [-120.226169, 39.220553, 2118.2], [-120.22613, 39.220578, 2117.8], [-120.226095, 39.220606, 2117.4], [-120.226068, 39.22063, 2117.1], [-120.22605, 39.22065, 2116.8], [-120.22603, 39.220669, 2116.5], [-120.226027, 39.220673, 2116.4], [-120.226026, 39.220681, 2116.3], [-120.22603, 39.220691, 2116.2], [-120.226029, 39.220701, 2116.1], [-120.226021, 39.220722, 2115.9], [-120.226017, 39.220729, 2115.8], [-120.226006, 39.22074, 2115.6], [-120.226005, 39.220748, 2115.3], [-120.225991, 39.220742, 2115.2], [-120.225982, 39.220745, 2115.1], [-120.225981, 39.220749, 2115.0], [-120.225988, 39.220744, 2114.9], [-120.225991, 39.220747, 2114.9], [-120.22599, 39.220755, 2114.8], [-120.225985, 39.220768, 2114.6], [-120.225969, 39.220789, 2114.3], [-120.225956, 39.220798, 2114.2], [-120.225945, 39.22081, 2114.0], [-120.225936, 39.220816, 2113.9], [-120.225931, 39.22084, 2113.6], [-120.225931, 39.220852, 2113.5], [-120.22592, 39.22087, 2113.2], [-120.225908, 39.22088, 2113.1], [-120.225895, 39.220878, 2112.9], [-120.225894, 39.22089, 2112.8], [-120.225895, 39.220902, 2112.7], [-120.225893, 39.220926, 2112.4], [-120.225889, 39.220943, 2112.2], [-120.225885, 39.220949, 2112.1], [-120.225859, 39.220974, 2111.8], [-120.22585, 39.220985, 2111.7], [-120.225839, 39.221001, 2111.5], [-120.225829, 39.221011, 2111.3], [-120.225803, 39.22106, 2110.8], [-120.225794, 39.221076, 2110.6], [-120.225788, 39.22109, 2110.5], [-120.225781, 39.221102, 2110.3], [-120.225771, 39.221124, 2110.1], [-120.225766, 39.221144, 2109.9], [-120.225745, 39.221178, 2109.5], [-120.225735, 39.22119, 2109.4], [-120.225709, 39.221217, 2109.0], [-120.225682, 39.221242, 2108.7], [-120.225659, 39.221267, 2108.4], [-120.225637, 39.221293, 2108.0], [-120.225606, 39.221314, 2107.6], [-120.225572, 39.221336, 2107.2], [-120.225533, 39.221368, 2106.6], [-120.225496, 39.221401, 2106.0], [-120.225463, 39.221437, 2105.4], [-120.225438, 39.221475, 2104.9], [-120.225417, 39.22151, 2104.4], [-120.225388, 39.22154, 2103.9], [-120.225355, 39.221567, 2103.4], [-120.22532, 39.221588, 2102.9], [-120.225278, 39.221603, 2102.4], [-120.225231, 39.221611, 2101.9], [-120.225187, 39.221619, 2101.3], [-120.225148, 39.221621, 2100.9], [-120.225103, 39.221619, 2100.3], [-120.225091, 39.221618, 2100.2], [-120.225075, 39.221615, 2100.0], [-120.225056, 39.22161, 2099.7], [-120.225051, 39.22161, 2099.7], [-120.225038, 39.221616, 2099.5], [-120.225032, 39.221626, 2099.3], [-120.225026, 39.221617, 2099.2], [-120.22503, 39.221615, 2099.1], [-120.225031, 39.221608, 2099.0], [-120.225021, 39.221594, 2098.8], [-120.225015, 39.221591, 2098.7], [-120.224988, 39.221586, 2098.3], [-120.224979, 39.221583, 2098.2], [-120.224938, 39.221575, 2097.7], [-120.224917, 39.221569, 2097.5], [-120.224902, 39.221567, 2097.3], [-120.224884, 39.221566, 2097.1], [-120.224866, 39.221561, 2096.9], [-120.224785, 39.221535, 2096.0], [-120.224772, 39.221532, 2095.8], [-120.224759, 39.221531, 2095.7], [-120.224721, 39.221504, 2095.2], [-120.224703, 39.221507, 2095.0], [-120.224684, 39.221512, 2094.8], [-120.224663, 39.221514, 2094.6], [-120.224634, 39.221511, 2094.3], [-120.224619, 39.221519, 2094.2], [-120.224619, 39.221539, 2093.9], [-120.224589, 39.221568, 2093.4], [-120.224586, 39.221572, 2093.4], [-120.224588, 39.221583, 2093.2], [-120.22458, 39.221589, 2093.1], [-120.224572, 39.221599, 2093.0], [-120.224544, 39.221622, 2092.6], [-120.224517, 39.221654, 2092.1], [-120.224506, 39.221666, 2091.9], [-120.224485, 39.221692, 2091.5], [-120.224465, 39.221718, 2091.2], [-120.224446, 39.221745, 2090.8], [-120.224425, 39.221777, 2090.4], [-120.224404, 39.221817, 2089.9], [-120.224379, 39.22186, 2089.4], [-120.224362, 39.221907, 2088.8], [-120.224356, 39.221959, 2088.1], [-120.224344, 39.222029, 2087.0], [-120.224345, 39.222047, 2086.8], [-120.224348, 39.222059, 2086.6], [-120.224359, 39.222075, 2086.3], [-120.224371, 39.222085, 2086.1], [-120.224377, 39.222087, 2086.0], [-120.224382, 39.222085, 2085.9], [-120.224389, 39.222073, 2085.7], [-120.224398, 39.222069, 2085.6], [-120.224417, 39.222069, 2085.4], [-120.224414, 39.222079, 2085.2], [-120.224411, 39.222103, 2084.9], [-120.22441, 39.222131, 2084.5], [-120.224411, 39.222143, 2084.3], [-120.224416, 39.222173, 2083.9], [-120.224435, 39.222236, 2082.9], [-120.224441, 39.22227, 2082.4], [-120.224449, 39.222332, 2081.5], [-120.224443, 39.222369, 2081.0], [-120.224439, 39.22238, 2080.9], [-120.224421, 39.222417, 2080.4], [-120.224418, 39.222436, 2080.2], [-120.224421, 39.222483, 2079.7], [-120.22442, 39.222503, 2079.5], [-120.224422, 39.22251, 2079.4], [-120.224415, 39.222514, 2079.3], [-120.224411, 39.222508, 2079.3], [-120.224405, 39.22252, 2079.1], [-120.224404, 39.222547, 2078.9], [-120.224407, 39.222583, 2078.5], [-120.224406, 39.222595, 2078.4], [-120.224402, 39.222606, 2078.3], [-120.224396, 39.222613, 2078.2], [-120.224392, 39.222612, 2078.2], [-120.224389, 39.22262, 2078.1], [-120.224396, 39.222642, 2077.9], [-120.224398, 39.222657, 2077.7], [-120.224397, 39.22271, 2077.2], [-120.224396, 39.222722, 2077.1], [-120.224401, 39.222758, 2076.8], [-120.224404, 39.222769, 2076.7], [-120.224413, 39.222786, 2076.5], [-120.224428, 39.222805, 2076.3], [-120.224439, 39.222825, 2076.2], [-120.224439, 39.222836, 2076.1], [-120.224435, 39.222843, 2076.0], [-120.224433, 39.22286, 2075.9], [-120.224433, 39.222883, 2075.7], [-120.224428, 39.222902, 2075.5], [-120.224422, 39.222919, 2075.4], [-120.224415, 39.222959, 2075.5], [-120.224401, 39.222986, 2075.5], [-120.224396, 39.222994, 2075.5], [-120.224389, 39.22301, 2075.5], [-120.224382, 39.223023, 2075.5], [-120.22437, 39.223033, 2075.5], [-120.224352, 39.223044, 2075.5], [-120.224332, 39.223061, 2075.5], [-120.224317, 39.223078, 2075.5], [-120.224266, 39.223109, 2075.5], [-120.224237, 39.223126, 2075.6], [-120.224201, 39.223158, 2075.6], [-120.224187, 39.223175, 2075.6], [-120.224181, 39.223191, 2075.6], [-120.224174, 39.223202, 2075.6], [-120.224161, 39.223211, 2075.7], [-120.22416, 39.223218, 2075.7], [-120.224186, 39.223249, 2075.7], [-120.22421, 39.223272, 2075.7], [-120.224243, 39.223283, 2075.8], [-120.22428, 39.223288, 2075.8], [-120.224319, 39.223301, 2075.8], [-120.224351, 39.223319, 2075.8], [-120.224367, 39.223333, 2075.9], [-120.224377, 39.223348, 2075.9], [-120.224388, 39.223378, 2075.9], [-120.224404, 39.223394, 2075.9], [-120.224422, 39.223404, 2075.9], [-120.224432, 39.223404, 2075.9], [-120.224451, 39.223413, 2076.0], [-120.224457, 39.223337, 2076.0], [-120.224462, 39.22334, 2076.0], [-120.224458, 39.223348, 2076.0], [-120.22445, 39.223355, 2076.0], [-120.224441, 39.22336, 2076.1], [-120.224414, 39.223363, 2076.1], [-120.224383, 39.22337, 2076.1], [-120.224289, 39.223367, 2076.2], [-120.224264, 39.223367, 2076.2], [-120.224244, 39.223363, 2076.2], [-120.224229, 39.223361, 2076.2], [-120.224215, 39.223361, 2076.2], [-120.224193, 39.223367, 2076.2], [-120.224185, 39.223374, 2076.2], [-120.224176, 39.223379, 2076.2], [-120.224151, 39.223389, 2076.3], [-120.224147, 39.223392, 2076.3], [-120.224127, 39.223396, 2076.3], [-120.22413, 39.223386, 2076.3], [-120.224139, 39.223384, 2076.3], [-120.224141, 39.223392, 2076.3], [-120.224138, 39.223399, 2076.3], [-120.224143, 39.223414, 2076.3], [-120.224149, 39.223427, 2076.3], [-120.224149, 39.223434, 2076.4], [-120.224135, 39.223429, 2076.4], [-120.22412, 39.223429, 2076.4], [-120.224113, 39.223454, 2076.4], [-120.224096, 39.223446, 2076.5], [-120.224094, 39.223451, 2076.5], [-120.224089, 39.223451, 2076.5], [-120.224062, 39.223456, 2076.5], [-120.224051, 39.223456, 2076.5], [-120.224044, 39.223453, 2076.6], [-120.224039, 39.223448, 2076.6], [-120.224044, 39.223442, 2076.6], [-120.224042, 39.223436, 2076.6], [-120.224027, 39.223437, 2076.6], [-120.224024, 39.223448, 2076.7], [-120.224014, 39.223456, 2076.7], [-120.224014, 39.223463, 2076.7], [-120.22402, 39.223461, 2076.7], [-120.224012, 39.223449, 2076.8], [-120.224006, 39.223445, 2076.8], [-120.223991, 39.223443, 2076.8], [-120.223987, 39.223449, 2076.8], [-120.224003, 39.223457, 2076.9], [-120.224017, 39.223454, 2076.9], [-120.22403, 39.223446, 2076.9], [-120.224045, 39.223442, 2076.9], [-120.224049, 39.223437, 2077.0], [-120.224058, 39.22344, 2077.0], [-120.224059, 39.223434, 2077.0], [-120.224054, 39.223437, 2077.0], [-120.224054, 39.223443, 2077.1], [-120.224059, 39.223437, 2077.1], [-120.224069, 39.223439, 2077.1], [-120.224078, 39.223438, 2077.2], [-120.224101, 39.223431, 2077.2], [-120.224128, 39.223417, 2077.3], [-120.224143, 39.223414, 2077.3], [-120.224146, 39.223405, 2077.3], [-120.224141, 39.223398, 2077.4], [-120.22413, 39.223398, 2077.4], [-120.224097, 39.223414, 2077.5], [-120.224081, 39.223417, 2077.5], [-120.224058, 39.223423, 2077.6], [-120.224043, 39.223423, 2077.6], [-120.22403, 39.223431, 2077.6], [-120.224028, 39.223434, 2077.6], [-120.224037, 39.223434, 2077.7], [-120.224043, 39.223428, 2077.7], [-120.224045, 39.223419, 2077.7], [-120.224043, 39.223415, 2077.7], [-120.224055, 39.223411, 2077.7], [-120.224058, 39.223403, 2077.8], [-120.224059, 39.223417, 2077.8], [-120.224064, 39.223434, 2077.9], [-120.224064, 39.223441, 2077.9], [-120.224071, 39.223458, 2077.9], [-120.224086, 39.223476, 2078.0], [-120.224089, 39.223495, 2078.0], [-120.224079, 39.223521, 2078.1], [-120.224067, 39.223542, 2078.1], [-120.22406, 39.22355, 2078.1], [-120.224038, 39.223572, 2078.2], [-120.224019, 39.223587, 2078.2], [-120.22401, 39.223596, 2078.3], [-120.224003, 39.223606, 2078.3], [-120.223992, 39.223626, 2078.3], [-120.223988, 39.22364, 2078.4], [-120.223982, 39.223654, 2078.4], [-120.223973, 39.223683, 2078.5], [-120.223958, 39.223728, 2078.5], [-120.223943, 39.223759, 2078.6], [-120.223932, 39.223779, 2078.7], [-120.223918, 39.223797, 2078.7], [-120.22391, 39.223805, 2078.7], [-120.223874, 39.223852, 2078.7], [-120.223826, 39.223902, 2078.7], [-120.223814, 39.223917, 2078.6], [-120.223804, 39.223927, 2078.6], [-120.223796, 39.223938, 2078.6], [-120.22381, 39.223948, 2078.6], [-120.223816, 39.223941, 2078.6], [-120.223805, 39.22394, 2078.6], [-120.223801, 39.223951, 2078.6], [-120.223811, 39.223976, 2078.6], [-120.223785, 39.224007, 2078.5], [-120.223763, 39.22403, 2078.5], [-120.223733, 39.224057, 2078.4], [-120.223713, 39.224079, 2078.3], [-120.223699, 39.224103, 2078.3], [-120.223677, 39.22412, 2078.2], [-120.223661, 39.224138, 2078.2], [-120.223655, 39.224152, 2078.1], [-120.223639, 39.224163, 2078.1], [-120.223624, 39.224186, 2078.0], [-120.223625, 39.224196, 2078.0], [-120.223632, 39.2242, 2078.0], [-120.223636, 39.224208, 2078.0], [-120.223637, 39.224228, 2077.9], [-120.22364, 39.224247, 2077.9], [-120.223656, 39.224272, 2077.8], [-120.223665, 39.224283, 2077.8], [-120.22368, 39.22431, 2077.8], [-120.223681, 39.224318, 2077.7], [-120.223688, 39.224339, 2077.7], [-120.223686, 39.224347, 2077.7], [-120.223684, 39.224377, 2077.6], [-120.22369, 39.224403, 2077.6], [-120.223687, 39.224396, 2077.5], [-120.223684, 39.224401, 2077.5], [-120.223669, 39.224419, 2077.5], [-120.223667, 39.224437, 2077.5], [-120.223668, 39.224448, 2077.5], [-120.223665, 39.224469, 2077.4], [-120.223658, 39.224491, 2077.4], [-120.223652, 39.224506, 2077.4], [-120.223648, 39.224521, 2077.4], [-120.223641, 39.224536, 2077.3], [-120.22363, 39.224572, 2077.3], [-120.223622, 39.2246, 2077.3], [-120.223585, 39.224691, 2077.3], [-120.223522, 39.224841, 2077.6], [-120.223477, 39.224922, 2077.8], [-120.22342, 39.225001, 2077.9], [-120.22336, 39.225072, 2077.9], [-120.223303, 39.225134, 2077.8], [-120.223249, 39.225189, 2077.6], [-120.223219, 39.225241, 2077.4], [-120.223185, 39.22529, 2077.2], [-120.223183, 39.225313, 2077.1], [-120.223186, 39.225323, 2077.0], [-120.2232, 39.225323, 2077.0], [-120.223223, 39.225318, 2076.9], [-120.223258, 39.225309, 2076.7], [-120.223269, 39.225307, 2076.7], [-120.223278, 39.225318, 2076.6], [-120.223298, 39.225287, 2076.5], [-120.223322, 39.225262, 2076.3], [-120.223333, 39.225259, 2076.2], [-120.223341, 39.225264, 2076.2], [-120.223348, 39.225282, 2076.1], [-120.223342, 39.225315, 2075.9], [-120.223333, 39.225342, 2075.8], [-120.223327, 39.225373, 2075.6], [-120.223317, 39.225417, 2075.4], [-120.223313, 39.225427, 2075.4], [-120.223311, 39.225455, 2075.2], [-120.223312, 39.225464, 2075.2], [-120.223319, 39.225496, 2075.0], [-120.223323, 39.225508, 2075.0], [-120.223368, 39.225527, 2074.8], [-120.223386, 39.225531, 2074.8], [-120.223446, 39.225534, 2074.6], [-120.223489, 39.225538, 2074.4], [-120.223511, 39.225543, 2074.4], [-120.223525, 39.225548, 2074.3], [-120.223567, 39.225571, 2074.2], [-120.223585, 39.225583, 2074.2], [-120.223599, 39.225598, 2074.1], [-120.223618, 39.225613, 2074.0], [-120.223652, 39.225611, 2074.0], [-120.223771, 39.225569, 2073.7], [-120.223906, 39.225523, 2073.4], [-120.223948, 39.22551, 2073.3], [-120.223957, 39.225506, 2073.3], [-120.223994, 39.225487, 2073.2], [-120.224037, 39.225463, 2073.1], [-120.224073, 39.225437, 2073.0], [-120.224105, 39.225403, 2072.9], [-120.224127, 39.225381, 2072.8], [-120.224136, 39.225367, 2072.8], [-120.224147, 39.225354, 2072.7], [-120.22416, 39.225336, 2072.7], [-120.224167, 39.22532, 2072.6], [-120.224172, 39.225314, 2072.6], [-120.224171, 39.225307, 2072.6], [-120.224159, 39.225294, 2072.6], [-120.224154, 39.225291, 2072.6], [-120.224155, 39.225282, 2072.6], [-120.224158, 39.225278, 2072.5], [-120.224183, 39.225282, 2072.5], [-120.22419, 39.225265, 2072.5], [-120.224213, 39.225253, 2072.4], [-120.224248, 39.225233, 2072.4], [-120.224259, 39.225225, 2072.4], [-120.224281, 39.225212, 2072.3], [-120.224237, 39.225337, 2072.2], [-120.224197, 39.225453, 2072.0], [-120.224182, 39.225522, 2071.9], [-120.224191, 39.225537, 2071.9], [-120.224224, 39.225565, 2071.7], [-120.224239, 39.225585, 2071.5], [-120.224248, 39.225599, 2071.4], [-120.22426, 39.225615, 2071.3], [-120.224303, 39.225654, 2070.9], [-120.224314, 39.225669, 2070.8], [-120.224329, 39.225687, 2070.6], [-120.224342, 39.225699, 2070.5], [-120.224365, 39.225716, 2070.3], [-120.224378, 39.225727, 2070.2], [-120.22439, 39.225734, 2070.2], [-120.224398, 39.225743, 2070.1], [-120.224408, 39.225763, 2069.9], [-120.224415, 39.22577, 2069.9], [-120.224438, 39.225786, 2069.7], [-120.224462, 39.225798, 2069.6], [-120.22451, 39.225827, 2069.3], [-120.224518, 39.225833, 2069.2], [-120.224544, 39.225855, 2069.0], [-120.224555, 39.22586, 2069.0], [-120.224578, 39.225867, 2068.8], [-120.224589, 39.225869, 2068.8], [-120.2246, 39.225868, 2068.7], [-120.224611, 39.225865, 2068.7], [-120.224624, 39.225867, 2068.6], [-120.224664, 39.225891, 2068.4], [-120.224677, 39.225903, 2068.3], [-120.224694, 39.225921, 2068.1], [-120.224708, 39.225932, 2068.0], [-120.224716, 39.225941, 2068.0], [-120.224741, 39.225962, 2067.8], [-120.224753, 39.225976, 2067.7], [-120.224768, 39.225985, 2067.6], [-120.224786, 39.225993, 2067.5], [-120.224802, 39.225997, 2067.4], [-120.224828, 39.226009, 2067.2], [-120.224871, 39.226027, 2067.0], [-120.224896, 39.226034, 2066.9], [-120.224911, 39.226039, 2066.8], [-120.224925, 39.226066, 2066.6], [-120.224938, 39.226089, 2066.4], [-120.224952, 39.226112, 2066.3], [-120.224965, 39.226135, 2066.1], [-120.224979, 39.226158, 2066.0], [-120.224992, 39.226181, 2065.9], [-120.22502, 39.226227, 2065.6], [-120.225033, 39.22625, 2065.5], [-120.225047, 39.226273, 2065.4], [-120.22506, 39.226296, 2065.2], [-120.225074, 39.226319, 2065.1], [-120.225116, 39.226363, 2064.9], [-120.22513, 39.226388, 2064.8], [-120.225147, 39.226421, 2064.6], [-120.225154, 39.226448, 2064.6], [-120.225148, 39.226477, 2064.5], [-120.225145, 39.226485, 2064.4], [-120.225145, 39.226509, 2064.4], [-120.225147, 39.226516, 2064.3], [-120.225153, 39.226524, 2064.3], [-120.225151, 39.226532, 2064.3], [-120.225131, 39.226564, 2064.2], [-120.225115, 39.226573, 2064.1], [-120.225084, 39.226587, 2064.1], [-120.22507, 39.22659, 2064.0], [-120.225035, 39.226603, 2063.9], [-120.225016, 39.226605, 2063.9], [-120.224958, 39.22662, 2063.8], [-120.224946, 39.226622, 2063.8], [-120.224912, 39.22663, 2063.7], [-120.224886, 39.226638, 2063.6], [-120.224847, 39.226651, 2063.5], [-120.224804, 39.226669, 2063.4], [-120.224756, 39.226691, 2063.3], [-120.224736, 39.226699, 2063.3], [-120.224706, 39.226709, 2063.2], [-120.224669, 39.226717, 2063.1], [-120.224638, 39.226725, 2063.0], [-120.224611, 39.226731, 2063.0], [-120.224565, 39.226745, 2062.8], [-120.224555, 39.226747, 2062.8], [-120.224509, 39.226762, 2062.7], [-120.224481, 39.22677, 2062.6], [-120.224464, 39.226773, 2062.5], [-120.224427, 39.226782, 2062.4], [-120.224368, 39.226793, 2062.2], [-120.224346, 39.226795, 2062.1], [-120.224325, 39.226799, 2062.0], [-120.224304, 39.226802, 2061.9], [-120.224255, 39.22681, 2061.7], [-120.22421, 39.22682, 2061.5], [-120.224167, 39.226832, 2061.3], [-120.224148, 39.226836, 2061.2], [-120.224127, 39.226843, 2061.1], [-120.224088, 39.226853, 2060.9], [-120.224051, 39.226867, 2060.8], [-120.224028, 39.226877, 2060.6], [-120.223994, 39.226897, 2060.4], [-120.22396, 39.226911, 2060.3], [-120.223943, 39.226916, 2060.2], [-120.223862, 39.226945, 2059.8], [-120.223833, 39.226964, 2059.7], [-120.223823, 39.226969, 2059.7], [-120.223786, 39.22699, 2059.5], [-120.223759, 39.227007, 2059.4], [-120.223705, 39.227035, 2059.2], [-120.223666, 39.227053, 2059.1], [-120.22363, 39.227067, 2058.9], [-120.22361, 39.227074, 2058.9], [-120.223575, 39.22709, 2058.7], [-120.223527, 39.227119, 2058.6], [-120.223518, 39.227125, 2058.5], [-120.223463, 39.227143, 2058.3], [-120.223444, 39.227148, 2058.3], [-120.223428, 39.227155, 2058.2], [-120.223412, 39.22716, 2058.2], [-120.223384, 39.227172, 2058.0], [-120.223362, 39.227185, 2058.0], [-120.223351, 39.227194, 2057.9], [-120.223327, 39.227209, 2057.8], [-120.223317, 39.227218, 2057.7], [-120.223306, 39.227224, 2057.7], [-120.223254, 39.227245, 2057.5], [-120.223205, 39.227271, 2057.3], [-120.223193, 39.227279, 2057.2], [-120.22317, 39.227292, 2057.1], [-120.22315, 39.227302, 2057.0], [-120.22311, 39.227325, 2056.8], [-120.223086, 39.227332, 2056.7], [-120.223075, 39.227333, 2056.6], [-120.223043, 39.22734, 2056.5], [-120.222989, 39.227358, 2056.2], [-120.222972, 39.227368, 2056.1], [-120.222941, 39.227388, 2056.0], [-120.222925, 39.227397, 2055.9], [-120.222908, 39.227405, 2055.8], [-120.222933, 39.228252, 2051.7], [-120.222902, 39.22824, 2051.6], [-120.222876, 39.228237, 2051.5], [-120.222862, 39.228243, 2051.4], [-120.22285, 39.228256, 2051.4], [-120.22284, 39.228271, 2051.3], [-120.222831, 39.228282, 2051.2], [-120.222837, 39.228294, 2051.2], [-120.222838, 39.228302, 2051.1], [-120.22283, 39.228325, 2051.0], [-120.222824, 39.228336, 2051.0], [-120.222811, 39.228355, 2050.9], [-120.222796, 39.228368, 2050.8], [-120.222779, 39.228379, 2050.7], [-120.222769, 39.22839, 2050.7], [-120.222762, 39.228406, 2050.6], [-120.222758, 39.228424, 2050.5], [-120.222763, 39.228438, 2050.5], [-120.222771, 39.228453, 2050.4], [-120.222807, 39.228495, 2050.3], [-120.222828, 39.228506, 2050.2], [-120.222841, 39.228516, 2050.1], [-120.222861, 39.228527, 2050.1], [-120.222887, 39.228552, 2050.0], [-120.222898, 39.228561, 2049.9], [-120.222918, 39.228583, 2049.8], [-120.222927, 39.228594, 2049.8], [-120.222934, 39.228608, 2049.7], [-120.222939, 39.228629, 2049.6], [-120.222947, 39.22865, 2049.5], [-120.222956, 39.228664, 2049.5], [-120.222974, 39.228708, 2049.3], [-120.222985, 39.22872, 2049.2], [-120.223007, 39.228732, 2049.1], [-120.22302, 39.228758, 2049.0], [-120.223034, 39.228775, 2048.9], [-120.223048, 39.228795, 2048.8], [-120.223054, 39.228811, 2048.8], [-120.223054, 39.22882, 2048.8], [-120.223057, 39.228841, 2048.7], [-120.223055, 39.228853, 2048.6], [-120.223055, 39.228869, 2048.6], [-120.223049, 39.228892, 2048.5], [-120.223048, 39.228904, 2048.5], [-120.223039, 39.228934, 2048.4], [-120.223033, 39.228941, 2048.4], [-120.223033, 39.228951, 2048.3], [-120.223031, 39.228964, 2048.3], [-120.223026, 39.228976, 2048.3], [-120.223012, 39.228992, 2048.2], [-120.222994, 39.229005, 2048.2], [-120.222968, 39.229029, 2048.1], [-120.22294, 39.229046, 2048.1], [-120.222932, 39.229055, 2048.1], [-120.222907, 39.229075, 2048.0], [-120.222894, 39.229084, 2048.0], [-120.222884, 39.229097, 2048.0], [-120.22285, 39.229127, 2047.9], [-120.222836, 39.229144, 2047.9], [-120.222813, 39.229169, 2047.8], [-120.222777, 39.229204, 2047.7], [-120.22277, 39.22921, 2047.7], [-120.222739, 39.229242, 2047.6], [-120.222734, 39.229248, 2047.5], [-120.222731, 39.229257, 2047.5], [-120.222726, 39.229264, 2047.5], [-120.22271, 39.229282, 2047.4], [-120.222704, 39.229296, 2047.4], [-120.222702, 39.229314, 2047.3], [-120.222695, 39.229337, 2047.2], [-120.222698, 39.229361, 2047.2], [-120.222701, 39.229373, 2047.1], [-120.222702, 39.229389, 2047.1], [-120.222709, 39.229408, 2047.0], [-120.222719, 39.229428, 2047.0], [-120.222725, 39.229437, 2046.9], [-120.222741, 39.229474, 2046.9], [-120.222746, 39.229483, 2046.8], [-120.222748, 39.229495, 2046.8], [-120.22275, 39.229523, 2046.7], [-120.222757, 39.229564, 2046.7], [-120.222757, 39.229578, 2046.7], [-120.222762, 39.229617, 2046.6], [-120.222765, 39.229627, 2046.6], [-120.22278, 39.229642, 2046.6], [-120.222797, 39.229676, 2046.5], [-120.222807, 39.229694, 2046.5], [-120.222806, 39.229709, 2046.5], [-120.222797, 39.229723, 2046.4], [-120.222796, 39.229738, 2046.4], [-120.222808, 39.229751, 2046.4], [-120.222812, 39.229767, 2046.4], [-120.222803, 39.229796, 2046.3], [-120.222788, 39.229817, 2046.2], [-120.222777, 39.229835, 2046.1], [-120.222762, 39.229843, 2046.1], [-120.22275, 39.229846, 2046.1], [-120.222742, 39.229846, 2046.0], [-120.222732, 39.22987, 2046.0], [-120.222733, 39.229878, 2045.9], [-120.222729, 39.229888, 2045.9], [-120.22273, 39.229897, 2045.8], [-120.222725, 39.229909, 2045.8], [-120.222725, 39.229922, 2045.7], [-120.222723, 39.229939, 2045.6], [-120.222716, 39.229958, 2045.5], [-120.222704, 39.22997, 2045.5], [-120.222699, 39.229977, 2045.4], [-120.222691, 39.229984, 2045.4], [-120.222687, 39.229998, 2045.3], [-120.222682, 39.23001, 2045.2], [-120.222674, 39.230023, 2045.2], [-120.222673, 39.230042, 2045.1], [-120.222671, 39.230053, 2045.0], [-120.222673, 39.230077, 2044.9], [-120.222668, 39.230079, 2044.9], [-120.222666, 39.230069, 2044.8], [-120.222672, 39.230064, 2044.7], [-120.22268, 39.230071, 2044.7], [-120.222684, 39.23007, 2044.6], [-120.222693, 39.230075, 2044.6], [-120.222687, 39.230086, 2044.5], [-120.222677, 39.230093, 2044.5], [-120.222665, 39.230097, 2044.5], [-120.222671, 39.230098, 2044.4], [-120.22269, 39.230087, 2044.4], [-120.222693, 39.230088, 2044.3], [-120.222695, 39.230149, 2044.2], [-120.222698, 39.230153, 2044.2], [-120.222704, 39.230154, 2044.2], [-120.222708, 39.23015, 2044.2], [-120.222707, 39.230134, 2044.1], [-120.222699, 39.23013, 2044.1], [-120.222693, 39.230119, 2044.1], [-120.222691, 39.230103, 2044.1], [-120.222687, 39.230093, 2044.1], [-120.222668, 39.230079, 2044.0], [-120.222655, 39.230074, 2044.0], [-120.222668, 39.230077, 2044.0], [-120.222667, 39.230086, 2044.0], [-120.22267, 39.230092, 2044.0], [-120.222677, 39.230099, 2043.9], [-120.222691, 39.230126, 2043.9], [-120.2227, 39.230137, 2043.8], [-120.22273, 39.230138, 2043.8], [-120.222737, 39.23014, 2043.8], [-120.222739, 39.230135, 2043.7], [-120.222732, 39.23014, 2043.7], [-120.222735, 39.230148, 2043.7]]}}