{"type": "Feature", "properties": {}, "geometry": {"type": "LineString", "coordinates": [[-120.147069, 39.163995, 1900.5], [-120.147075, 39.163992, 1900.5], [-120.147103, 39.164004, 1900.5], [-120.147107, 39.163999, 1900.5], [-120.147097, 39.164014, 1900.5], [-120.147083, 39.164028, 1900.5], [-120.147065, 39.164047, 1900.5], [-120.147065, 39.164054, 1900.5], [-120.147068, 39.164059, 1900.5], [-120.147069, 39.164062, 1900.5], [-120.147069, 39.164063, 1900.5], [-120.14707, 39.164064, 1900.5], [-120.147071, 39.164069, 1900.5], [-120.147073, 39.164072, 1900.5], [-120.147076, 39.164076, 1900.5], [-120.147078, 39.164076, 1900.5], [-120.14708, 39.164077, 1900.5], [-120.14708, 39.164078, 1900.5], [-120.147085, 39.164083, 1900.5], [-120.147088, 39.164083, 1900.5], [-120.14709, 39.164081, 1900.5], [-120.147091, 39.164082, 1900.5], [-120.147094, 39.164083, 1900.5], [-120.147096, 39.164082, 1900.5], [-120.147094, 39.164078, 1900.5], [-120.147093, 39.164078, 1900.5], [-120.147092, 39.164076, 1900.5], [-120.147094, 39.164077, 1900.5], [-120.147099, 39.164078, 1900.5], [-120.147101, 39.164078, 1900.5], [-120.147095, 39.16408, 1900.5], [-120.147093, 39.164082, 1900.5], [-120.147094, 39.164082, 1900.5], [-120.1471, 39.164081, 1900.5], [-120.147106, 39.164079, 1900.5], [-120.147108, 39.164078, 1900.5], [-120.147108, 39.164077, 1900.5], [-120.147105, 39.164073, 1900.5], [-120.147105, 39.16407, 1900.5], [-120.147107, 39.164071, 1900.5], [-120.147101, 39.164077, 1900.5], [-120.147087, 39.164082, 1900.5], [-120.147077, 39.164083, 1900.5], [-120.147067, 39.164081, 1900.5], [-120.147058, 39.164077, 1900.5], [-120.147048, 39.164076, 1900.5], [-120.147034, 39.16408, 1900.5], [-120.14701, 39.16409, 1900.5], [-120.147003, 39.164096, 1900.5], [-120.146995, 39.164102, 1900.5], [-120.146984, 39.164109, 1900.5], [-120.146975, 39.164116, 1900.5], [-120.14697, 39.164126, 1900.5], [-120.146968, 39.164136, 1900.5], [-120.146965, 39.164147, 1900.5], [-120.146963, 39.164158, 1900.5], [-120.146959, 39.164169, 1900.5], [-120.146956, 39.164179, 1900.5], [-120.146958, 39.164189, 1900.5], [-120.14696, 39.1642, 1900.5], [-120.146961, 39.16421, 1900.5], [-120.146961, 39.164219, 1900.5], [-120.146962, 39.164227, 1900.5], [-120.146965, 39.164233, 1900.5], [-120.146966, 39.164243, 1900.5], [-120.146966, 39.164252, 1900.5], [-120.146967, 39.16426, 1900.5], [-120.146967, 39.16427, 1900.5], [-120.146968, 39.164279, 1900.5], [-120.14697, 39.16429, 1900.5], [-120.146971, 39.1643, 1900.5], [-120.14697, 39.164308, 1900.5], [-120.146971, 39.164318, 1900.5], [-120.146975, 39.164338, 1900.5], [-120.146977, 39.16435, 1900.5], [-120.146981, 39.164361, 1900.5], [-120.146984, 39.164373, 1900.5], [-120.146988, 39.164385, 1900.5], [-120.146992, 39.164395, 1900.5], [-120.146994, 39.164405, 1900.5], [-120.146997, 39.164415, 1900.5], [-120.147001, 39.164426, 1900.5], [-120.147006, 39.164437, 1900.5], [-120.147013, 39.164447, 1900.5], [-120.147021, 39.164456, 1900.5], [-120.14703, 39.164466, 1900.5], [-120.14704, 39.164475, 1900.5], [-120.14705, 39.164483, 1900.5], [-120.147062, 39.164492, 1900.5], [-120.147075, 39.164498, 1900.5], [-120.147099, 39.164512, 1900.4], [-120.147113, 39.164517, 1900.4], [-120.147128, 39.164523, 1900.4], [-120.147141, 39.164528, 1900.4], [-120.147155, 39.164533, 1900.4], [-120.147168, 39.164535, 1900.4], [-120.14718, 39.164538, 1900.4], [-120.147199, 39.164544, 1900.4], [-120.147208, 39.164547, 1900.4], [-120.147216, 39.164551, 1900.4], [-120.147225, 39.164554, 1900.4], [-120.147236, 39.16456, 1900.4], [-120.147247, 39.164567, 1900.4], [-120.147257, 39.164574, 1900.4], [-120.147265, 39.164583, 1900.4], [-120.147271, 39.164592, 1900.4], [-120.147275, 39.164601, 1900.4], [-120.147277, 39.164612, 1900.4], [-120.147281, 39.164622, 1900.4], [-120.147284, 39.164632, 1900.4], [-120.147287, 39.164643, 1900.4], [-120.147287, 39.164654, 1900.5], [-120.147283, 39.164678, 1900.5], [-120.147282, 39.16469, 1900.5], [-120.14728, 39.164702, 1900.5], [-120.147277, 39.164713, 1900.5], [-120.147273, 39.164724, 1900.5], [-120.147267, 39.164734, 1900.5], [-120.147259, 39.164742, 1900.5], [-120.147249, 39.16475, 1900.5], [-120.147242, 39.164758, 1900.5], [-120.147232, 39.164766, 1900.5], [-120.147222, 39.164772, 1900.5], [-120.147211, 39.164778, 1900.5], [-120.147202, 39.164786, 1900.5], [-120.147192, 39.164795, 1900.5], [-120.147182, 39.164803, 1900.5], [-120.147158, 39.164815, 1900.5], [-120.147148, 39.164821, 1900.5], [-120.147139, 39.164827, 1900.5], [-120.147128, 39.164832, 1900.5], [-120.14712, 39.164836, 1900.5], [-120.147112, 39.164842, 1900.5], [-120.147103, 39.164849, 1900.5], [-120.147094, 39.164857, 1900.5], [-120.147084, 39.164866, 1900.5], [-120.147075, 39.164876, 1900.5], [-120.147067, 39.164885, 1900.5], [-120.147058, 39.164894, 1900.5], [-120.14705, 39.164903, 1900.5], [-120.147042, 39.164913, 1900.6], [-120.147036, 39.164923, 1900.6], [-120.147034, 39.164941, 1900.6], [-120.147034, 39.164952, 1900.6], [-120.147038, 39.164964, 1900.6], [-120.147042, 39.16497, 1900.6], [-120.147045, 39.164975, 1900.6], [-120.147049, 39.164981, 1900.6], [-120.147052, 39.164987, 1900.6], [-120.147059, 39.164997, 1900.6], [-120.147066, 39.165006, 1900.6], [-120.147073, 39.165013, 1900.6], [-120.147083, 39.165021, 1900.6], [-120.14709, 39.165028, 1900.6], [-120.147097, 39.165033, 1900.6], [-120.1471, 39.16504, 1900.6], [-120.1471, 39.165041, 1900.6], [-120.147099, 39.165041, 1900.6], [-120.147101, 39.16504, 1900.6], [-120.147101, 39.165039, 1900.6], [-120.147103, 39.165039, 1900.6], [-120.147103, 39.165041, 1900.6], [-120.147107, 39.165043, 1900.6], [-120.147116, 39.165047, 1900.6], [-120.147126, 39.165052, 1900.6], [-120.147135, 39.165059, 1900.6], [-120.147146, 39.165067, 1900.6], [-120.147157, 39.165073, 1900.6], [-120.147167, 39.16508, 1900.7], [-120.147173, 39.165084, 1900.7], [-120.147181, 39.165088, 1900.7], [-120.147192, 39.165092, 1900.7], [-120.147204, 39.165097, 1900.7], [-120.147216, 39.165101, 1900.7], [-120.147228, 39.165106, 1900.7], [-120.147241, 39.16511, 1900.7], [-120.147253, 39.165111, 1900.7], [-120.147265, 39.165115, 1900.7], [-120.147275, 39.16512, 1900.7], [-120.147282, 39.165126, 1900.7], [-120.147286, 39.165128, 1900.7], [-120.147291, 39.16513, 1900.7], [-120.147294, 39.16513, 1900.7], [-120.147294, 39.165129, 1900.7], [-120.147295, 39.165129, 1900.7], [-120.147295, 39.16513, 1900.7], [-120.147298, 39.16513, 1900.7], [-120.147298, 39.165129, 1900.7], [-120.147299, 39.165129, 1900.7], [-120.147301, 39.165127, 1900.8], [-120.147303, 39.165127, 1900.8], [-120.147303, 39.165126, 1900.8], [-120.147306, 39.165127, 1900.8], [-120.147311, 39.165126, 1900.8], [-120.147317, 39.165123, 1900.8], [-120.14732, 39.165123, 1900.8], [-120.14732, 39.165124, 1900.8], [-120.147323, 39.165126, 1900.8], [-120.147326, 39.165131, 1900.8], [-120.147331, 39.165134, 1900.8], [-120.147334, 39.165138, 1900.8], [-120.147332, 39.165138, 1900.8], [-120.147332, 39.165139, 1900.8], [-120.147331, 39.165138, 1900.8], [-120.147331, 39.165137, 1900.8], [-120.147332, 39.165137, 1900.8], [-120.147332, 39.165138, 1900.8], [-120.147334, 39.165138, 1900.8], [-120.147337, 39.16514, 1900.8], [-120.147339, 39.165142, 1900.8], [-120.147342, 39.165144, 1900.8], [-120.147342, 39.165145, 1900.8], [-120.147346, 39.165146, 1900.8], [-120.147345, 39.165147, 1900.8], [-120.147343, 39.165151, 1900.8], [-120.147342, 39.165155, 1900.8], [-120.147342, 39.165158, 1900.8], [-120.147343, 39.165159, 1900.8], [-120.147346, 39.16516, 1900.8], [-120.14735, 39.165164, 1900.8], [-120.147348, 39.165166, 1900.8], [-120.147348, 39.165165, 1900.8], [-120.147347, 39.165165, 1900.8], [-120.147346, 39.165164, 1900.8], [-120.147346, 39.165162, 1900.8], [-120.147347, 39.165162, 1900.8], [-120.147347, 39.165163, 1900.8], [-120.147346, 39.165163, 1900.8], [-120.147346, 39.165162, 1900.8], [-120.147345, 39.165162, 1900.8], [-120.147345, 39.165163, 1900.8], [-120.147348, 39.165163, 1900.8], [-120.147356, 39.165161, 1900.8], [-120.147358, 39.165159, 1900.8], [-120.147359, 39.165159, 1900.8], [-120.147359, 39.165156, 1900.8], [-120.147357, 39.165155, 1900.8], [-120.147357, 39.165153, 1900.8], [-120.147358, 39.165154, 1900.8], [-120.147357, 39.165154, 1900.8], [-120.147355, 39.165156, 1900.8], [-120.147355, 39.165158, 1900.8], [-120.147356, 39.165158, 1900.8], [-120.147356, 39.165157, 1900.8], [-120.147357, 39.165158, 1900.8], [-120.147356, 39.165158, 1900.8], [-120.147356, 39.165157, 1900.8], [-120.147354, 39.165157, 1900.8], [-120.147354, 39.165158, 1900.8], [-120.147358, 39.165158, 1900.8], [-120.147358, 39.165157, 1900.8], [-120.147357, 39.165156, 1900.8], [-120.147357, 39.165155, 1900.9], [-120.147361, 39.165155, 1900.9], [-120.147366, 39.165156, 1900.9], [-120.147369, 39.165156, 1900.9], [-120.147369, 39.165155, 1900.9], [-120.147368, 39.165155, 1900.9], [-120.147366, 39.165156, 1900.9], [-120.147364, 39.165158, 1900.9], [-120.147363, 39.165161, 1900.9], [-120.147364, 39.165165, 1900.9], [-120.147367, 39.165168, 1900.9], [-120.147374, 39.165173, 1900.9], [-120.147385, 39.165175, 1900.9], [-120.147397, 39.165173, 1900.8], [-120.147412, 39.16517, 1900.9], [-120.147425, 39.165164, 1900.9], [-120.147437, 39.165155, 1900.8], [-120.14745, 39.165146, 1900.8], [-120.147476, 39.165124, 1900.8], [-120.147488, 39.165112, 1900.8], [-120.147508, 39.165097, 1900.8], [-120.147515, 39.165091, 1900.8], [-120.147523, 39.165086, 1900.8], [-120.147534, 39.165079, 1900.8], [-120.147556, 39.165061, 1900.9], [-120.147574, 39.165045, 1900.8], [-120.147588, 39.165033, 1900.8], [-120.147605, 39.165018, 1900.9], [-120.147612, 39.165011, 1900.9], [-120.147619, 39.165005, 1900.8], [-120.14763, 39.164995, 1900.8], [-120.14764, 39.164986, 1900.8], [-120.14765, 39.164978, 1900.8], [-120.147667, 39.164963, 1900.8], [-120.147673, 39.164956, 1900.8], [-120.14768, 39.16495, 1900.8], [-120.147692, 39.164942, 1900.8], [-120.147703, 39.164934, 1900.8], [-120.147715, 39.164925, 1900.8], [-120.147727, 39.164915, 1900.8], [-120.147739, 39.164904, 1900.8], [-120.14775, 39.164891, 1900.8], [-120.147763, 39.164879, 1900.8], [-120.147778, 39.164867, 1900.8], [-120.147794, 39.164855, 1900.8], [-120.147818, 39.164835, 1900.8], [-120.147826, 39.164828, 1900.8], [-120.147849, 39.164806, 1900.8], [-120.147857, 39.164798, 1900.8], [-120.147881, 39.164778, 1900.8], [-120.14789, 39.164771, 1900.8], [-120.147915, 39.16475, 1900.8], [-120.147923, 39.164743, 1900.8], [-120.147949, 39.164722, 1900.8], [-120.147957, 39.164715, 1900.8], [-120.147982, 39.164694, 1900.8], [-120.147989, 39.164686, 1900.8], [-120.148013, 39.164664, 1900.8], [-120.148022, 39.164656, 1900.8], [-120.148044, 39.164633, 1900.8], [-120.148051, 39.164625, 1900.8], [-120.148072, 39.164602, 1900.8], [-120.148107, 39.164562, 1900.8], [-120.14813, 39.164538, 1900.8], [-120.148138, 39.16453, 1900.8], [-120.148162, 39.164507, 1900.8], [-120.148169, 39.164499, 1900.7], [-120.148191, 39.164475, 1900.7], [-120.148198, 39.164467, 1900.8], [-120.14822, 39.164442, 1900.8], [-120.148227, 39.164434, 1900.8], [-120.148248, 39.16441, 1900.7], [-120.148255, 39.164401, 1900.7], [-120.148275, 39.164375, 1900.7], [-120.148281, 39.164366, 1900.8], [-120.1483, 39.164339, 1900.7], [-120.148306, 39.164329, 1900.7], [-120.148328, 39.164303, 1900.7], [-120.148335, 39.164294, 1900.7], [-120.148357, 39.164268, 1900.8], [-120.148364, 39.164258, 1900.8], [-120.148382, 39.164231, 1900.7], [-120.148387, 39.164221, 1900.7], [-120.148403, 39.164193, 1900.7], [-120.148408, 39.164183, 1900.7], [-120.148423, 39.164157, 1900.7], [-120.148428, 39.164148, 1900.7], [-120.148443, 39.164123, 1900.7], [-120.148447, 39.164114, 1900.7], [-120.148457, 39.164098, 1900.7], [-120.148473, 39.164068, 1900.7], [-120.148481, 39.164052, 1900.7], [-120.148489, 39.164037, 1900.7], [-120.148503, 39.164007, 1900.7], [-120.148517, 39.163977, 1900.7], [-120.148523, 39.163962, 1900.8], [-120.148539, 39.163932, 1900.8], [-120.148546, 39.163918, 1900.7], [-120.148554, 39.163905, 1900.7], [-120.148562, 39.163891, 1900.7], [-120.148569, 39.163876, 1900.7], [-120.148574, 39.163861, 1900.7], [-120.148578, 39.163848, 1900.7], [-120.148584, 39.163834, 1900.7], [-120.148591, 39.163822, 1900.7], [-120.148599, 39.16381, 1900.7], [-120.14861, 39.163796, 1900.7], [-120.14862, 39.163779, 1900.7], [-120.14864, 39.163749, 1900.7], [-120.148652, 39.163733, 1900.7], [-120.148671, 39.163707, 1900.7], [-120.148678, 39.163697, 1900.6], [-120.148697, 39.163666, 1900.7], [-120.148703, 39.163656, 1900.7], [-120.148722, 39.163631, 1900.7], [-120.148728, 39.163622, 1900.7], [-120.148752, 39.163596, 1900.7], [-120.148759, 39.163587, 1900.6], [-120.14878, 39.163561, 1900.7], [-120.148787, 39.163552, 1900.7], [-120.148805, 39.163527, 1900.6], [-120.148811, 39.163518, 1900.6], [-120.148829, 39.163493, 1900.6], [-120.148835, 39.163485, 1900.6], [-120.148847, 39.16347, 1900.6], [-120.148858, 39.163455, 1900.6], [-120.148869, 39.163439, 1900.6], [-120.14888, 39.163424, 1900.6], [-120.14889, 39.163408, 1900.6], [-120.148901, 39.163393, 1900.6], [-120.14891, 39.16338, 1900.6], [-120.14892, 39.163366, 1900.6], [-120.148931, 39.163354, 1900.5], [-120.14894, 39.16334, 1900.5], [-120.148949, 39.163327, 1900.5], [-120.148958, 39.163312, 1900.5], [-120.148967, 39.163298, 1900.6], [-120.148987, 39.16327, 1900.5], [-120.148996, 39.163257, 1900.5], [-120.149006, 39.163244, 1900.5], [-120.149016, 39.163232, 1900.6], [-120.149026, 39.163221, 1900.5], [-120.149036, 39.163209, 1900.6], [-120.149047, 39.163197, 1900.6], [-120.149056, 39.163185, 1900.6], [-120.149071, 39.163167, 1900.5], [-120.149078, 39.163159, 1900.5], [-120.149084, 39.163152, 1900.5], [-120.149093, 39.163142, 1900.6], [-120.149103, 39.163133, 1900.5], [-120.149113, 39.163125, 1900.5], [-120.149123, 39.163115, 1900.5], [-120.149134, 39.163107, 1900.5], [-120.149143, 39.163097, 1900.5], [-120.149151, 39.163088, 1900.5], [-120.149178, 39.163061, 1900.5], [-120.149187, 39.163053, 1900.5], [-120.149195, 39.163045, 1900.5], [-120.149204, 39.163038, 1900.5], [-120.149215, 39.163031, 1900.5], [-120.149224, 39.163023, 1900.5], [-120.149232, 39.163014, 1900.4], [-120.149241, 39.163006, 1900.5], [-120.14925, 39.162999, 1900.5], [-120.149266, 39.162985, 1900.5], [-120.149282, 39.162969, 1900.5], [-120.149289, 39.162961, 1900.5], [-120.149297, 39.162953, 1900.5], [-120.149311, 39.162936, 1900.5], [-120.149318, 39.162929, 1900.5], [-120.149324, 39.162922, 1900.5], [-120.149336, 39.162912, 1900.5], [-120.149362, 39.162888, 1900.4], [-120.149376, 39.162876, 1900.5], [-120.149391, 39.162863, 1900.5], [-120.149421, 39.162839, 1900.4], [-120.149437, 39.162828, 1900.4], [-120.149453, 39.162815, 1900.4], [-120.14947, 39.162804, 1900.5], [-120.149486, 39.162792, 1900.5], [-120.149502, 39.162781, 1900.4], [-120.149532, 39.162761, 1900.4], [-120.149562, 39.162743, 1900.4], [-120.149585, 39.16273, 1900.4], [-120.149594, 39.162725, 1900.4], [-120.149603, 39.162721, 1900.4], [-120.149626, 39.162711, 1900.3], [-120.149646, 39.162705, 1900.4], [-120.14966, 39.1627, 1900.4], [-120.149673, 39.162694, 1900.3], [-120.149685, 39.162689, 1900.3], [-120.149698, 39.162683, 1900.3], [-120.149709, 39.162677, 1900.3], [-120.149722, 39.162672, 1900.3], [-120.149745, 39.162662, 1900.3], [-120.149755, 39.162657, 1900.3], [-120.149764, 39.162653, 1900.3], [-120.14978, 39.162645, 1900.3], [-120.149812, 39.162631, 1900.3], [-120.149844, 39.162615, 1900.3], [-120.149861, 39.162608, 1900.3], [-120.149879, 39.1626, 1900.3], [-120.149898, 39.162593, 1900.3], [-120.149952, 39.162572, 1900.3], [-120.150009, 39.162551, 1900.3], [-120.150028, 39.162545, 1900.3], [-120.150046, 39.162539, 1900.3], [-120.150063, 39.162533, 1900.3], [-120.15008, 39.162528, 1900.3], [-120.150107, 39.16252, 1900.3], [-120.150117, 39.162516, 1900.3], [-120.150128, 39.162513, 1900.3], [-120.150153, 39.162505, 1900.3], [-120.150162, 39.162502, 1900.3], [-120.150172, 39.162499, 1900.3], [-120.150187, 39.162495, 1900.3], [-120.150215, 39.162489, 1900.3], [-120.150229, 39.162485, 1900.3], [-120.150244, 39.162482, 1900.3], [-120.150259, 39.162478, 1900.3], [-120.150285, 39.162471, 1900.3], [-120.150295, 39.162469, 1900.3], [-120.150306, 39.162466, 1900.3], [-120.150324, 39.162464, 1900.3], [-120.150342, 39.162461, 1900.3], [-120.150362, 39.162461, 1900.3], [-120.150382, 39.16246, 1900.3], [-120.150402, 39.16246, 1900.3], [-120.150442, 39.162458, 1900.3], [-120.150463, 39.162457, 1900.3], [-120.150483, 39.162456, 1900.3], [-120.150504, 39.162456, 1900.3], [-120.150525, 39.162455, 1900.3], [-120.150546, 39.162455, 1900.3], [-120.150567, 39.162454, 1900.3], [-120.150589, 39.162453, 1900.3], [-120.15061, 39.162453, 1900.3], [-120.150631, 39.162452, 1900.3], [-120.150671, 39.16245, 1900.3], [-120.150691, 39.162448, 1900.3], [-120.150729, 39.162446, 1900.3], [-120.150747, 39.162447, 1900.3], [-120.150776, 39.162447, 1900.4], [-120.150788, 39.162446, 1900.4], [-120.150799, 39.162446, 1900.4], [-120.150815, 39.162445, 1900.4], [-120.150845, 39.162443, 1900.2], [-120.150859, 39.162442, 1900.2], [-120.150889, 39.16244, 1900.2], [-120.150903, 39.162438, 1900.2], [-120.150933, 39.162436, 1900.2], [-120.150959, 39.162432, 1900.2], [-120.15097, 39.16243, 1900.2], [-120.150981, 39.162429, 1900.2], [-120.151015, 39.162425, 1900.2], [-120.151033, 39.162423, 1900.2], [-120.151052, 39.162423, 1900.3], [-120.151071, 39.162422, 1900.3], [-120.151091, 39.162424, 1900.3], [-120.151111, 39.162424, 1900.3], [-120.15113, 39.162425, 1900.3], [-120.151149, 39.162427, 1900.3], [-120.151168, 39.162428, 1900.4], [-120.151187, 39.16243, 1900.4], [-120.151205, 39.162431, 1900.4], [-120.151234, 39.162432, 1900.4], [-120.151246, 39.162432, 1900.4], [-120.151257, 39.162433, 1900.4], [-120.151319, 39.162433, 1900.4], [-120.151329, 39.162432, 1900.4], [-120.15134, 39.162432, 1900.4], [-120.151365, 39.16243, 1900.4], [-120.151376, 39.162429, 1900.4], [-120.151386, 39.162427, 1900.4], [-120.151413, 39.162424, 1900.4], [-120.151424, 39.162424, 1900.4], [-120.151435, 39.162423, 1900.4], [-120.151463, 39.16242, 1900.4], [-120.151473, 39.16242, 1900.4], [-120.151484, 39.162419, 1900.4], [-120.151512, 39.162417, 1900.4], [-120.151524, 39.162415, 1900.4], [-120.151535, 39.162414, 1900.4], [-120.151564, 39.162413, 1900.3], [-120.151576, 39.162413, 1900.3], [-120.151588, 39.162412, 1900.3], [-120.151605, 39.162411, 1900.3], [-120.151624, 39.162411, 1900.3], [-120.151643, 39.162409, 1900.2], [-120.151662, 39.162409, 1900.2], [-120.151702, 39.162411, 1900.3], [-120.151721, 39.162414, 1900.3], [-120.151742, 39.162414, 1900.3], [-120.151764, 39.162415, 1900.2], [-120.151786, 39.162415, 1900.2], [-120.151806, 39.162418, 1900.2], [-120.151826, 39.16242, 1900.2], [-120.151843, 39.162424, 1900.2], [-120.151879, 39.162428, 1900.2], [-120.151898, 39.162428, 1900.2], [-120.151916, 39.162429, 1900.2], [-120.151935, 39.162432, 1900.2], [-120.151954, 39.162434, 1900.2], [-120.151973, 39.162435, 1900.2], [-120.151994, 39.162438, 1900.2], [-120.152034, 39.162444, 1900.2], [-120.152053, 39.162446, 1900.2], [-120.152073, 39.162449, 1900.2], [-120.152111, 39.162455, 1900.1], [-120.152131, 39.162457, 1900.1], [-120.15215, 39.162458, 1900.1], [-120.152168, 39.162462, 1900.1], [-120.152187, 39.162466, 1900.1], [-120.152207, 39.162468, 1900.1], [-120.152226, 39.162471, 1900.1], [-120.152247, 39.162475, 1900.1], [-120.152269, 39.162476, 1900.1], [-120.152292, 39.162478, 1900.2], [-120.152328, 39.16248, 1900.1], [-120.152341, 39.162481, 1900.1], [-120.15238, 39.162481, 1900.1], [-120.152393, 39.16248, 1900.1], [-120.152433, 39.162478, 1900.1], [-120.152489, 39.162474, 1900.1], [-120.152503, 39.162473, 1900.1], [-120.152543, 39.162469, 1900.1], [-120.152557, 39.162468, 1900.1], [-120.152597, 39.162464, 1900.1], [-120.15261, 39.162462, 1900.1], [-120.152648, 39.162458, 1900.1], [-120.15266, 39.162457, 1900.1], [-120.152698, 39.162453, 1900.1], [-120.152711, 39.162451, 1900.1], [-120.152748, 39.16245, 1900.1], [-120.15276, 39.162449, 1900.1], [-120.152798, 39.162447, 1900.1], [-120.1529, 39.162447, 1900.1], [-120.152912, 39.162446, 1900.1], [-120.152949, 39.162449, 1900.0], [-120.152961, 39.162449, 1900.0], [-120.152999, 39.162451, 1900.0], [-120.153012, 39.162451, 1900.0], [-120.153053, 39.162452, 1900.0], [-120.153067, 39.162452, 1900.0], [-120.153109, 39.162453, 1900.0], [-120.153123, 39.162453, 1900.0], [-120.153166, 39.162454, 1900.0], [-120.153233, 39.162454, 1900.0], [-120.15327, 39.162455, 1900.0], [-120.153283, 39.162455, 1900.0], [-120.153319, 39.162458, 1900.0], [-120.153331, 39.162458, 1900.0], [-120.153354, 39.16246, 1900.0], [-120.153377, 39.16246, 1900.0], [-120.1534, 39.162461, 1900.0], [-120.153423, 39.16246, 1900.0], [-120.153521, 39.16246, 1900.0], [-120.15356, 39.162459, 1900.0], [-120.153572, 39.162459, 1900.0], [-120.153612, 39.162458, 1900.0], [-120.153625, 39.162457, 1900.0], [-120.153667, 39.162454, 1900.0], [-120.153681, 39.162452, 1900.0], [-120.153724, 39.162447, 1900.0], [-120.153738, 39.162445, 1900.0], [-120.153782, 39.16244, 1900.0], [-120.153796, 39.162438, 1900.0], [-120.153837, 39.162431, 1900.0], [-120.153851, 39.162429, 1900.0], [-120.153893, 39.162424, 1900.0], [-120.153949, 39.162416, 1900.0], [-120.154001, 39.162404, 1900.0], [-120.154014, 39.1624, 1900.0], [-120.154051, 39.162391, 1900.0], [-120.154062, 39.162388, 1900.0], [-120.154097, 39.16238, 1900.0], [-120.154108, 39.162377, 1900.0], [-120.154131, 39.162371, 1900.0], [-120.154153, 39.162367, 1900.0], [-120.154195, 39.162355, 1900.0], [-120.154215, 39.162349, 1900.0], [-120.154234, 39.162344, 1900.0], [-120.154253, 39.162338, 1900.0], [-120.154272, 39.162333, 1900.0], [-120.15429, 39.162327, 1900.0], [-120.154309, 39.162322, 1900.0], [-120.154327, 39.162317, 1900.0], [-120.154346, 39.162312, 1900.0], [-120.154364, 39.162307, 1900.0], [-120.154383, 39.162301, 1900.0], [-120.154419, 39.162285, 1900.0], [-120.154438, 39.162278, 1900.0], [-120.154456, 39.162272, 1900.0], [-120.154473, 39.162266, 1900.0], [-120.15449, 39.162259, 1900.0], [-120.154506, 39.162254, 1900.0], [-120.154522, 39.162248, 1900.0], [-120.154548, 39.162239, 1900.0], [-120.154558, 39.162236, 1900.0], [-120.154568, 39.162232, 1900.0], [-120.154593, 39.162225, 1900.0], [-120.154602, 39.162222, 1900.0], [-120.154612, 39.162219, 1900.0], [-120.154636, 39.162213, 1900.0], [-120.154647, 39.16221, 1900.0], [-120.154657, 39.162208, 1900.0], [-120.154685, 39.162203, 1899.9], [-120.154697, 39.162202, 1899.9], [-120.154709, 39.1622, 1899.9], [-120.154729, 39.162201, 1899.9], [-120.154749, 39.162204, 1899.9], [-120.15477, 39.162207, 1899.9], [-120.154793, 39.162209, 1899.9], [-120.154828, 39.162211, 1899.9], [-120.15484, 39.162212, 1899.9], [-120.154877, 39.162214, 1899.8], [-120.15489, 39.162215, 1899.8], [-120.154926, 39.162222, 1899.8], [-120.154938, 39.162224, 1899.8], [-120.154976, 39.162229, 1899.7], [-120.154989, 39.162231, 1899.7], [-120.155029, 39.16224, 1899.7], [-120.155043, 39.162243, 1899.7], [-120.155082, 39.162255, 1899.8], [-120.155095, 39.162259, 1899.8], [-120.155135, 39.162273, 1899.7], [-120.155148, 39.162277, 1899.7], [-120.155183, 39.162293, 1899.6], [-120.155194, 39.162299, 1899.6], [-120.155229, 39.162316, 1899.7], [-120.155241, 39.162321, 1899.7], [-120.155278, 39.162336, 1899.7], [-120.155291, 39.162341, 1899.7], [-120.155328, 39.162354, 1899.7], [-120.155341, 39.162358, 1899.7], [-120.155378, 39.162371, 1899.7], [-120.15539, 39.162375, 1899.7], [-120.155424, 39.16239, 1899.7], [-120.155436, 39.162396, 1899.7], [-120.15547, 39.162411, 1899.7], [-120.155481, 39.162416, 1899.7], [-120.155515, 39.162431, 1899.7], [-120.155527, 39.162435, 1899.7], [-120.155571, 39.162451, 1899.8], [-120.155604, 39.162462, 1899.7], [-120.155615, 39.162465, 1899.7], [-120.155648, 39.162477, 1899.7], [-120.155659, 39.16248, 1899.7], [-120.15568, 39.162487, 1899.7], [-120.155702, 39.162494, 1899.7], [-120.155734, 39.162506, 1899.7], [-120.155745, 39.162509, 1899.7], [-120.155766, 39.162517, 1899.7], [-120.155786, 39.162525, 1899.7], [-120.155808, 39.162533, 1899.7], [-120.15585, 39.162549, 1899.7], [-120.155869, 39.162558, 1899.7], [-120.155887, 39.162569, 1899.7], [-120.155925, 39.162589, 1899.7], [-120.155943, 39.162598, 1899.6], [-120.155962, 39.162608, 1899.6], [-120.15598, 39.162617, 1899.7], [-120.156034, 39.162647, 1899.7], [-120.156051, 39.162658, 1899.7], [-120.156069, 39.162668, 1899.6], [-120.156086, 39.162678, 1899.7], [-120.156104, 39.162687, 1899.7], [-120.156121, 39.162698, 1899.7], [-120.156136, 39.162711, 1899.6], [-120.156153, 39.162724, 1899.6], [-120.156171, 39.162735, 1899.6], [-120.15619, 39.162745, 1899.6], [-120.156207, 39.162756, 1899.6], [-120.156225, 39.162766, 1899.6], [-120.156242, 39.162776, 1899.6], [-120.156276, 39.162794, 1899.5], [-120.156312, 39.162812, 1899.6], [-120.156329, 39.162821, 1899.6], [-120.156363, 39.162837, 1899.6], [-120.156381, 39.162845, 1899.6], [-120.156398, 39.162852, 1899.6], [-120.156414, 39.16286, 1899.6], [-120.156431, 39.162868, 1899.6], [-120.156447, 39.162875, 1899.6], [-120.156464, 39.162881, 1899.5], [-120.15648, 39.162888, 1899.5], [-120.156497, 39.162895, 1899.5], [-120.156515, 39.1629, 1899.5], [-120.156532, 39.162906, 1899.5], [-120.15658, 39.162924, 1899.5], [-120.156597, 39.16293, 1899.5], [-120.156612, 39.162936, 1899.5], [-120.156629, 39.162941, 1899.6], [-120.156646, 39.162947, 1899.5], [-120.156663, 39.162952, 1899.5], [-120.156679, 39.162958, 1899.5], [-120.156695, 39.162963, 1899.5], [-120.156722, 39.162971, 1899.5], [-120.156732, 39.162975, 1899.5], [-120.156743, 39.162978, 1899.5], [-120.15676, 39.162984, 1899.5], [-120.156777, 39.162989, 1899.5], [-120.156794, 39.162995, 1899.5], [-120.156812, 39.163001, 1899.5], [-120.15686, 39.163019, 1899.5], [-120.156876, 39.163026, 1899.5], [-120.156908, 39.163038, 1899.5], [-120.156923, 39.163044, 1899.5], [-120.156939, 39.163051, 1899.5], [-120.156971, 39.163065, 1899.4], [-120.156987, 39.163073, 1899.4], [-120.157004, 39.16308, 1899.4], [-120.157022, 39.163087, 1899.4], [-120.157056, 39.163103, 1899.4], [-120.157073, 39.16311, 1899.4], [-120.15709, 39.163118, 1899.4], [-120.157106, 39.163125, 1899.4], [-120.157122, 39.163133, 1899.4], [-120.157137, 39.163142, 1899.4], [-120.157153, 39.163151, 1899.3], [-120.157168, 39.163161, 1899.3], [-120.157184, 39.16317, 1899.3], [-120.157226, 39.163203, 1899.3], [-120.157256, 39.163225, 1899.3], [-120.157272, 39.163236, 1899.3], [-120.157289, 39.163247, 1899.3], [-120.157307, 39.163257, 1899.3], [-120.157324, 39.163266, 1899.3], [-120.15736, 39.163284, 1899.3], [-120.157378, 39.163292, 1899.3], [-120.157399, 39.1633, 1899.3], [-120.15742, 39.163307, 1899.3], [-120.157442, 39.163311, 1899.0], [-120.157465, 39.163316, 1899.0], [-120.157486, 39.163319, 1899.1], [-120.157523, 39.163322, 1899.1], [-120.157536, 39.163322, 1899.1], [-120.157575, 39.163319, 1899.2], [-120.157588, 39.163317, 1899.2], [-120.157628, 39.163311, 1899.3], [-120.157641, 39.163308, 1899.0], [-120.157678, 39.163301, 1899.0], [-120.15769, 39.163298, 1899.0], [-120.157728, 39.163291, 1899.0], [-120.157741, 39.163288, 1899.0], [-120.157779, 39.163284, 1899.0], [-120.157791, 39.163282, 1899.0], [-120.157829, 39.163281, 1899.0], [-120.157982, 39.163281, 1899.2], [-120.158024, 39.163277, 1899.2], [-120.158046, 39.163276, 1899.2], [-120.158066, 39.163275, 1898.9], [-120.158087, 39.163274, 1899.0], [-120.158109, 39.163274, 1899.0], [-120.15813, 39.163273, 1899.0], [-120.158172, 39.163269, 1899.1], [-120.158192, 39.163267, 1899.1], [-120.158213, 39.163264, 1899.2], [-120.158232, 39.163262, 1899.2], [-120.158251, 39.163259, 1899.3], [-120.158269, 39.163256, 1899.3], [-120.158289, 39.163252, 1899.4], [-120.158308, 39.163249, 1899.4], [-120.158328, 39.163245, 1899.4], [-120.158346, 39.163241, 1899.0], [-120.158365, 39.163237, 1899.0], [-120.158384, 39.163234, 1899.1], [-120.158403, 39.163229, 1899.1], [-120.158422, 39.163225, 1899.3], [-120.158443, 39.163221, 1899.3], [-120.158463, 39.163217, 1899.3], [-120.158482, 39.163214, 1899.3], [-120.158502, 39.163209, 1899.0], [-120.15852, 39.163204, 1899.0], [-120.158558, 39.163194, 1899.0], [-120.158577, 39.163187, 1899.0], [-120.158598, 39.163179, 1899.1], [-120.158618, 39.163172, 1898.8], [-120.158639, 39.163165, 1898.8], [-120.158657, 39.163156, 1898.8], [-120.158674, 39.163146, 1899.0], [-120.15871, 39.163126, 1898.9], [-120.158727, 39.163115, 1899.0], [-120.158743, 39.163104, 1898.9], [-120.158758, 39.163092, 1898.9], [-120.158774, 39.16308, 1898.9], [-120.158791, 39.16307, 1898.9], [-120.158809, 39.16306, 1898.9], [-120.158827, 39.16305, 1898.9], [-120.158865, 39.163031, 1898.9], [-120.158884, 39.163022, 1898.9], [-120.158901, 39.163012, 1898.9], [-120.158955, 39.162982, 1898.9], [-120.158972, 39.162971, 1898.9], [-120.15899, 39.162959, 1898.9], [-120.159018, 39.162931, 1898.9], [-120.15903, 39.162915, 1898.9], [-120.159042, 39.1629, 1898.9], [-120.159054, 39.162884, 1898.9], [-120.159066, 39.162869, 1898.9], [-120.159079, 39.162855, 1898.9], [-120.159123, 39.162795, 1898.9], [-120.159136, 39.162781, 1898.9], [-120.159148, 39.162767, 1898.8], [-120.159162, 39.162753, 1898.8], [-120.159177, 39.162742, 1898.8], [-120.159194, 39.162733, 1898.8], [-120.159213, 39.162724, 1898.8], [-120.159242, 39.162708, 1898.7], [-120.159251, 39.162702, 1898.7], [-120.159281, 39.162683, 1898.7], [-120.15929, 39.162677, 1898.7], [-120.159326, 39.162663, 1898.4], [-120.159337, 39.162659, 1898.4], [-120.15938, 39.162643, 1898.5], [-120.159393, 39.162638, 1898.5], [-120.159434, 39.162627, 1898.5], [-120.159448, 39.162624, 1898.5], [-120.159496, 39.162622, 1898.5], [-120.159512, 39.162621, 1898.5], [-120.159547, 39.162623, 1898.6], [-120.159594, 39.162625, 1898.6], [-120.159609, 39.162625, 1898.6], [-120.159653, 39.162628, 1898.5], [-120.159668, 39.162629, 1898.4], [-120.159713, 39.162638, 1898.3], [-120.159729, 39.162641, 1898.3], [-120.159778, 39.162648, 1898.5], [-120.159794, 39.162649, 1898.5], [-120.159841, 39.162651, 1898.6], [-120.159857, 39.162652, 1898.6], [-120.159964, 39.162652, 1899.0], [-120.159978, 39.162651, 1899.0], [-120.160023, 39.162648, 1898.8], [-120.160038, 39.162648, 1898.8], [-120.160083, 39.162646, 1898.5], [-120.160097, 39.162644, 1898.5], [-120.160137, 39.162641, 1898.3], [-120.16015, 39.16264, 1898.3], [-120.160188, 39.162639, 1898.3], [-120.160201, 39.162639, 1898.3], [-120.160238, 39.162642, 1898.3], [-120.160251, 39.162643, 1898.3], [-120.160286, 39.162647, 1898.3], [-120.160322, 39.16265, 1898.3], [-120.160344, 39.162651, 1898.3], [-120.160386, 39.162655, 1898.3], [-120.160408, 39.162657, 1898.3], [-120.160429, 39.162659, 1898.3], [-120.16045, 39.16266, 1898.4], [-120.160471, 39.162662, 1898.4], [-120.16049, 39.162664, 1898.4], [-120.160508, 39.162666, 1898.4], [-120.160529, 39.162666, 1898.3], [-120.16055, 39.162672, 1898.3], [-120.160571, 39.16268, 1898.3], [-120.160593, 39.162685, 1898.3], [-120.160614, 39.16269, 1898.3], [-120.160634, 39.162696, 1898.3], [-120.160655, 39.162702, 1898.2], [-120.160676, 39.162709, 1898.2], [-120.160695, 39.162716, 1898.2], [-120.160715, 39.162723, 1898.2], [-120.160734, 39.162729, 1898.2], [-120.160754, 39.162737, 1898.2], [-120.160773, 39.162743, 1898.2], [-120.160811, 39.162753, 1898.1], [-120.16083, 39.162758, 1898.1], [-120.16085, 39.162762, 1898.1], [-120.160869, 39.162766, 1898.1], [-120.160888, 39.162769, 1898.1], [-120.160907, 39.162773, 1898.1], [-120.160927, 39.162776, 1898.1], [-120.160945, 39.162779, 1898.2], [-120.160966, 39.162782, 1898.2], [-120.160986, 39.162786, 1898.2], [-120.161007, 39.16279, 1898.1], [-120.161047, 39.162798, 1898.1], [-120.161067, 39.162801, 1898.1], [-120.161088, 39.162804, 1898.1], [-120.161109, 39.162808, 1898.1], [-120.16113, 39.162813, 1898.1], [-120.16115, 39.162818, 1898.1], [-120.161188, 39.16283, 1898.1], [-120.161208, 39.162836, 1898.1], [-120.161227, 39.162843, 1898.1], [-120.161303, 39.162875, 1898.0], [-120.161341, 39.162889, 1898.0], [-120.16136, 39.162897, 1898.0], [-120.161379, 39.162903, 1898.0], [-120.161397, 39.162909, 1898.0], [-120.161416, 39.162915, 1898.0], [-120.161434, 39.162921, 1898.0], [-120.161452, 39.162926, 1898.0], [-120.161471, 39.16293, 1898.0], [-120.161488, 39.162935, 1898.0], [-120.161522, 39.162943, 1897.9], [-120.16155, 39.162949, 1897.9], [-120.161572, 39.162953, 1897.9], [-120.161606, 39.162959, 1897.9], [-120.161634, 39.162963, 1897.8], [-120.161656, 39.162967, 1897.8], [-120.161674, 39.162972, 1897.8], [-120.161691, 39.162975, 1897.8], [-120.161708, 39.162979, 1897.8], [-120.161726, 39.162984, 1897.8], [-120.161762, 39.162992, 1897.8], [-120.16178, 39.162994, 1897.8], [-120.161798, 39.162997, 1897.8], [-120.161827, 39.162999, 1897.8], [-120.161852, 39.162999, 1897.8], [-120.161872, 39.162998, 1897.8], [-120.161893, 39.162996, 1897.8], [-120.161909, 39.162993, 1897.8], [-120.161934, 39.162991, 1897.9], [-120.161955, 39.162988, 1897.9], [-120.161995, 39.16298, 1898.3], [-120.162013, 39.162975, 1897.8], [-120.16203, 39.162969, 1898.0], [-120.162047, 39.162962, 1898.0], [-120.162065, 39.162955, 1898.1], [-120.162116, 39.162934, 1897.8], [-120.162132, 39.162928, 1897.8], [-120.162148, 39.162921, 1897.8], [-120.16218, 39.162909, 1897.8], [-120.162196, 39.162904, 1897.8], [-120.162211, 39.162896, 1897.8], [-120.162227, 39.162889, 1897.8], [-120.162243, 39.162883, 1897.8], [-120.162258, 39.162877, 1897.8], [-120.162273, 39.162869, 1897.8], [-120.162289, 39.162862, 1897.8], [-120.162304, 39.162855, 1897.8], [-120.162318, 39.162846, 1897.8], [-120.162331, 39.162837, 1897.7], [-120.162347, 39.162828, 1897.7], [-120.162363, 39.162821, 1897.7], [-120.162395, 39.162805, 1897.7], [-120.162409, 39.162797, 1897.8], [-120.16243, 39.162788, 1897.8], [-120.162447, 39.162778, 1897.8], [-120.162481, 39.162762, 1897.7], [-120.162496, 39.162754, 1897.7], [-120.162527, 39.162738, 1897.7], [-120.162536, 39.162731, 1897.7], [-120.162565, 39.162713, 1897.7], [-120.162574, 39.162707, 1897.8], [-120.162603, 39.162692, 1897.7], [-120.162615, 39.162687, 1897.7], [-120.162648, 39.162674, 1897.8], [-120.162659, 39.16267, 1897.8], [-120.162694, 39.162658, 1897.7], [-120.162705, 39.162654, 1897.7], [-120.162739, 39.162644, 1897.7], [-120.162787, 39.162632, 1897.7], [-120.162798, 39.162629, 1897.7], [-120.162832, 39.162619, 1897.7], [-120.162876, 39.162607, 1897.7], [-120.162886, 39.162603, 1897.6], [-120.162908, 39.162596, 1897.6], [-120.162929, 39.162589, 1897.6], [-120.162963, 39.162578, 1897.6], [-120.162974, 39.162573, 1897.7], [-120.163006, 39.162561, 1897.6], [-120.163061, 39.162541, 1897.7], [-120.163097, 39.162531, 1897.6], [-120.163109, 39.162527, 1897.6], [-120.163149, 39.162518, 1897.6], [-120.163162, 39.162514, 1897.6], [-120.163203, 39.162506, 1897.6], [-120.163259, 39.162498, 1897.6], [-120.163272, 39.162495, 1897.6], [-120.16331, 39.162488, 1897.6], [-120.163323, 39.162486, 1897.6], [-120.163362, 39.162481, 1897.6], [-120.163375, 39.162479, 1897.6], [-120.163413, 39.162473, 1897.6], [-120.163426, 39.162471, 1897.6], [-120.163464, 39.162466, 1897.6], [-120.163476, 39.162465, 1897.6], [-120.1635, 39.162464, 1897.6], [-120.163523, 39.162463, 1897.5], [-120.163546, 39.162463, 1897.5], [-120.163569, 39.162465, 1897.4], [-120.163616, 39.162465, 1897.4], [-120.163639, 39.162466, 1897.4], [-120.16366, 39.162469, 1897.3], [-120.163681, 39.162471, 1897.3], [-120.163702, 39.162475, 1897.3], [-120.163723, 39.16248, 1897.5], [-120.163742, 39.162485, 1897.5], [-120.163762, 39.162489, 1897.5], [-120.1638, 39.162497, 1897.5], [-120.163818, 39.162503, 1897.5], [-120.163836, 39.162508, 1897.5], [-120.163872, 39.16252, 1897.5], [-120.163889, 39.162526, 1897.5], [-120.163923, 39.16254, 1897.4], [-120.16394, 39.162548, 1897.5], [-120.163957, 39.162558, 1897.5], [-120.163975, 39.162568, 1897.5], [-120.163997, 39.162574, 1897.4], [-120.164013, 39.162579, 1897.5], [-120.164038, 39.162586, 1897.4], [-120.164059, 39.162593, 1897.4], [-120.164079, 39.162599, 1897.4], [-120.164118, 39.162612, 1897.4], [-120.164153, 39.162622, 1897.4], [-120.164164, 39.162625, 1897.4], [-120.164186, 39.162629, 1897.4], [-120.164207, 39.162634, 1897.4], [-120.164226, 39.162638, 1897.4], [-120.164268, 39.16265, 1897.4], [-120.164288, 39.162656, 1897.4], [-120.164308, 39.162663, 1897.3], [-120.164326, 39.162668, 1897.3], [-120.164346, 39.162671, 1897.3], [-120.164364, 39.162676, 1897.3], [-120.164383, 39.162681, 1897.3], [-120.164403, 39.162686, 1897.3], [-120.164421, 39.16269, 1897.3], [-120.164448, 39.162691, 1897.3], [-120.16447, 39.162694, 1897.3], [-120.164492, 39.162696, 1897.3], [-120.164512, 39.162698, 1897.3], [-120.164531, 39.1627, 1897.3], [-120.164551, 39.162701, 1897.3], [-120.16457, 39.162704, 1897.3], [-120.164589, 39.162705, 1897.3], [-120.16461, 39.162706, 1897.2], [-120.164629, 39.162705, 1897.2], [-120.164675, 39.162705, 1897.2], [-120.164687, 39.162706, 1897.2], [-120.164699, 39.162706, 1897.2], [-120.164729, 39.162707, 1897.2], [-120.164739, 39.162709, 1897.2], [-120.16475, 39.16271, 1897.2], [-120.164767, 39.162711, 1897.2], [-120.164784, 39.162713, 1897.2], [-120.164814, 39.162713, 1897.2], [-120.164832, 39.162711, 1897.2], [-120.164851, 39.162712, 1897.2], [-120.164872, 39.162712, 1897.2], [-120.164894, 39.162714, 1897.2], [-120.164913, 39.162717, 1897.2], [-120.164933, 39.16272, 1897.2], [-120.16495, 39.162719, 1897.2], [-120.164969, 39.162719, 1897.2], [-120.164989, 39.162721, 1897.2], [-120.165008, 39.162721, 1897.2], [-120.165027, 39.162722, 1897.1], [-120.165047, 39.162723, 1897.1], [-120.165063, 39.162724, 1897.1], [-120.165081, 39.162725, 1897.1], [-120.1651, 39.162727, 1897.1], [-120.165119, 39.162726, 1897.1], [-120.16514, 39.16273, 1897.1], [-120.165162, 39.162735, 1897.1], [-120.165182, 39.162737, 1897.1], [-120.165224, 39.162741, 1897.1], [-120.165242, 39.162742, 1897.1], [-120.165267, 39.162746, 1897.1], [-120.165288, 39.162748, 1897.0], [-120.16531, 39.162748, 1897.0], [-120.165332, 39.162749, 1897.0], [-120.165355, 39.162748, 1897.0], [-120.165394, 39.162749, 1897.0], [-120.165408, 39.162749, 1897.0], [-120.165448, 39.16275, 1897.0], [-120.165462, 39.162751, 1897.0], [-120.165504, 39.162755, 1897.0], [-120.165518, 39.162756, 1897.0], [-120.165541, 39.162755, 1897.0], [-120.165562, 39.162757, 1897.0], [-120.165602, 39.162753, 1897.0], [-120.165614, 39.162749, 1897.0], [-120.165633, 39.162741, 1897.0], [-120.165654, 39.162736, 1897.0], [-120.165694, 39.162739, 1897.0], [-120.165754, 39.162743, 1896.9], [-120.16577, 39.162744, 1897.0], [-120.165816, 39.162747, 1897.0], [-120.165833, 39.162747, 1897.0], [-120.165881, 39.16275, 1896.9], [-120.165897, 39.16275, 1896.9], [-120.165943, 39.162749, 1896.9], [-120.165958, 39.162749, 1896.9], [-120.166001, 39.162751, 1896.9], [-120.166016, 39.162752, 1896.9], [-120.166058, 39.162754, 1896.8], [-120.166072, 39.162755, 1896.8], [-120.166115, 39.16276, 1896.8], [-120.16613, 39.162762, 1896.8], [-120.166174, 39.162762, 1896.8], [-120.166188, 39.162761, 1896.8], [-120.166229, 39.162764, 1896.8], [-120.166244, 39.162765, 1896.8], [-120.166288, 39.162762, 1896.7], [-120.166303, 39.162761, 1896.7], [-120.166346, 39.162764, 1896.7], [-120.16636, 39.162765, 1896.7], [-120.166402, 39.16277, 1896.6], [-120.166416, 39.162771, 1896.6], [-120.166456, 39.162777, 1896.6], [-120.16647, 39.16278, 1896.6], [-120.166505, 39.162786, 1896.5], [-120.166517, 39.162788, 1896.5], [-120.166553, 39.162796, 1896.5], [-120.166564, 39.162798, 1896.5], [-120.166599, 39.162809, 1896.5], [-120.166612, 39.162812, 1896.6], [-120.166649, 39.162821, 1896.6], [-120.166661, 39.162824, 1896.5], [-120.166684, 39.162827, 1896.5], [-120.166706, 39.162832, 1896.5], [-120.166727, 39.162835, 1896.5], [-120.166751, 39.162838, 1896.4], [-120.166788, 39.162846, 1896.3], [-120.166824, 39.162852, 1896.3], [-120.166844, 39.162857, 1896.3], [-120.166866, 39.162863, 1896.3], [-120.166884, 39.16287, 1896.3], [-120.166903, 39.162878, 1896.3], [-120.16692, 39.162882, 1896.3], [-120.166938, 39.162886, 1896.3], [-120.166952, 39.162894, 1896.3], [-120.166967, 39.162903, 1896.3], [-120.166983, 39.162912, 1896.2], [-120.166992, 39.162907, 1896.3], [-120.167004, 39.16291, 1896.2], [-120.167018, 39.162914, 1896.2], [-120.167041, 39.162929, 1896.2], [-120.167049, 39.162936, 1896.2], [-120.167058, 39.162943, 1896.2], [-120.167068, 39.162958, 1896.3], [-120.167077, 39.162972, 1896.3], [-120.167101, 39.162996, 1896.2], [-120.167138, 39.163012, 1896.2], [-120.16715, 39.163017, 1896.2], [-120.167188, 39.163031, 1896.2], [-120.167201, 39.163036, 1896.2], [-120.167238, 39.163056, 1896.1], [-120.167251, 39.163062, 1896.1], [-120.167289, 39.16308, 1896.1], [-120.167302, 39.163085, 1896.1], [-120.167337, 39.163095, 1896.1], [-120.167349, 39.163097, 1896.0], [-120.167387, 39.163113, 1896.0], [-120.167398, 39.16312, 1896.0], [-120.167421, 39.163145, 1896.0], [-120.167429, 39.163153, 1896.0], [-120.167454, 39.163176, 1896.0], [-120.167462, 39.163183, 1896.0], [-120.16748, 39.163195, 1895.9], [-120.167499, 39.163204, 1895.9], [-120.167519, 39.163212, 1895.8], [-120.167539, 39.163216, 1895.8], [-120.167561, 39.16322, 1895.8], [-120.167581, 39.163228, 1895.8], [-120.167608, 39.163249, 1895.8], [-120.167618, 39.163256, 1895.8], [-120.167649, 39.163277, 1895.7], [-120.16766, 39.163283, 1895.7], [-120.167697, 39.1633, 1895.6], [-120.167711, 39.163304, 1895.6], [-120.167756, 39.163311, 1896.0], [-120.167772, 39.163313, 1895.8], [-120.167818, 39.163318, 1895.7], [-120.167833, 39.16332, 1895.7], [-120.167879, 39.163328, 1895.6], [-120.167895, 39.16333, 1895.6], [-120.16794, 39.163336, 1895.5], [-120.167956, 39.163339, 1895.4], [-120.168005, 39.163345, 1895.3], [-120.168023, 39.163346, 1895.3], [-120.168075, 39.163348, 1895.2], [-120.168093, 39.163349, 1895.2], [-120.168128, 39.163356, 1895.2], [-120.168162, 39.163362, 1895.2], [-120.168186, 39.163363, 1895.2], [-120.168226, 39.163367, 1895.2], [-120.168306, 39.163379, 1895.2], [-120.168324, 39.163383, 1895.2], [-120.168342, 39.163389, 1895.2], [-120.168359, 39.163394, 1895.2], [-120.168385, 39.163403, 1895.2], [-120.168394, 39.163407, 1895.2], [-120.168404, 39.163411, 1895.2], [-120.168423, 39.163426, 1895.2], [-120.16843, 39.163431, 1895.2], [-120.168437, 39.163437, 1895.2], [-120.168449, 39.163445, 1895.2], [-120.168462, 39.163451, 1895.2], [-120.168474, 39.163458, 1895.1], [-120.168484, 39.163466, 1895.1], [-120.168504, 39.16348, 1895.1], [-120.168512, 39.163488, 1895.1], [-120.16852, 39.163497, 1895.1], [-120.168538, 39.163513, 1895.1], [-120.168543, 39.163522, 1895.1], [-120.16855, 39.163532, 1895.1], [-120.168555, 39.163543, 1895.1], [-120.16856, 39.163553, 1895.1], [-120.168564, 39.163565, 1895.1], [-120.168568, 39.163575, 1895.1], [-120.168573, 39.163585, 1895.1], [-120.168578, 39.163597, 1895.1], [-120.168589, 39.163617, 1895.1], [-120.168593, 39.163625, 1895.1], [-120.168598, 39.163632, 1895.1], [-120.168605, 39.163643, 1895.1], [-120.16861, 39.163653, 1895.1], [-120.168622, 39.163671, 1895.1], [-120.168627, 39.163681, 1895.1], [-120.168633, 39.163691, 1895.1], [-120.168639, 39.1637, 1895.1], [-120.168646, 39.163709, 1895.1], [-120.168661, 39.163733, 1895.1], [-120.168667, 39.163741, 1895.1], [-120.168672, 39.16375, 1895.1], [-120.168677, 39.163756, 1895.1], [-120.168683, 39.163763, 1895.1], [-120.168701, 39.163781, 1895.1], [-120.168707, 39.163788, 1895.1], [-120.168726, 39.163807, 1895.1], [-120.168732, 39.163814, 1895.0], [-120.168737, 39.163822, 1895.0], [-120.168757, 39.163842, 1895.0], [-120.168765, 39.163849, 1895.1], [-120.168773, 39.163857, 1895.0], [-120.168782, 39.163865, 1895.0], [-120.168792, 39.163873, 1895.0], [-120.168802, 39.16388, 1895.0], [-120.168814, 39.163887, 1895.0], [-120.168827, 39.163895, 1895.0], [-120.16885, 39.163908, 1895.1], [-120.168868, 39.163918, 1895.1], [-120.168889, 39.163931, 1895.1], [-120.168897, 39.163936, 1895.1], [-120.168921, 39.163952, 1895.1], [-120.168935, 39.163963, 1895.1], [-120.16895, 39.163973, 1895.1], [-120.168967, 39.163984, 1895.1], [-120.168986, 39.163994, 1895.1], [-120.169004, 39.164005, 1895.1], [-120.169021, 39.164016, 1895.1], [-120.169039, 39.164027, 1895.1], [-120.169056, 39.164038, 1895.0], [-120.169075, 39.16405, 1895.0], [-120.169103, 39.164067, 1895.0], [-120.169113, 39.164072, 1895.0], [-120.16914, 39.164089, 1895.0], [-120.16915, 39.164094, 1895.0], [-120.16918, 39.164111, 1895.0], [-120.169191, 39.164117, 1895.0], [-120.169221, 39.164132, 1894.9], [-120.169232, 39.164137, 1894.9], [-120.169264, 39.164152, 1894.9], [-120.169276, 39.164156, 1894.9], [-120.16931, 39.164166, 1894.9], [-120.169358, 39.164178, 1894.8], [-120.169369, 39.16418, 1894.8], [-120.169403, 39.164188, 1894.8], [-120.169415, 39.16419, 1894.8], [-120.169449, 39.164198, 1894.8], [-120.169461, 39.1642, 1894.8], [-120.169495, 39.164206, 1894.8], [-120.169507, 39.164208, 1894.8], [-120.169553, 39.164214, 1894.7], [-120.169575, 39.164217, 1894.7], [-120.169596, 39.16422, 1894.7], [-120.169617, 39.164222, 1894.7], [-120.169639, 39.164224, 1894.7], [-120.16966, 39.164225, 1894.7], [-120.169682, 39.164226, 1894.7], [-120.169703, 39.164227, 1894.7], [-120.169723, 39.164227, 1894.7], [-120.169744, 39.164226, 1894.7], [-120.169763, 39.164224, 1894.7], [-120.169782, 39.164221, 1894.7], [-120.169801, 39.164217, 1894.7], [-120.169819, 39.164214, 1894.7], [-120.169838, 39.164211, 1894.7], [-120.169874, 39.164203, 1894.7], [-120.169892, 39.164198, 1894.7], [-120.16991, 39.164192, 1894.7], [-120.169929, 39.164186, 1894.7], [-120.169947, 39.16418, 1894.7], [-120.169966, 39.164175, 1894.7], [-120.169985, 39.164169, 1894.8], [-120.170004, 39.164165, 1894.8], [-120.170024, 39.16416, 1894.8], [-120.170064, 39.164152, 1894.8], [-120.170124, 39.164143, 1894.8], [-120.170143, 39.16414, 1894.8], [-120.1702, 39.164134, 1894.8], [-120.17022, 39.164133, 1894.8], [-120.170258, 39.164131, 1894.8], [-120.170336, 39.164131, 1894.7], [-120.170355, 39.164132, 1894.7], [-120.170393, 39.164132, 1894.7], [-120.170413, 39.164133, 1894.7], [-120.170432, 39.164134, 1894.7], [-120.170594, 39.164134, 1894.6], [-120.170621, 39.164136, 1894.6], [-120.170632, 39.164138, 1894.5], [-120.170642, 39.164139, 1894.5], [-120.17067, 39.164141, 1894.5], [-120.17068, 39.164143, 1894.5], [-120.170691, 39.164144, 1894.5], [-120.170717, 39.164148, 1894.5], [-120.170739, 39.16415, 1894.4], [-120.170766, 39.164153, 1894.4], [-120.170776, 39.164155, 1894.4], [-120.170786, 39.164156, 1894.4], [-120.170801, 39.164159, 1894.4], [-120.170817, 39.164161, 1894.4], [-120.170832, 39.164163, 1894.4], [-120.170847, 39.164164, 1894.4], [-120.170862, 39.164166, 1894.4], [-120.170876, 39.164168, 1894.4], [-120.17089, 39.164169, 1894.4], [-120.170905, 39.164172, 1894.4], [-120.17092, 39.164174, 1894.3], [-120.170934, 39.164176, 1894.3], [-120.17095, 39.164178, 1894.3], [-120.170964, 39.16418, 1894.3], [-120.170977, 39.164183, 1894.3], [-120.170991, 39.164187, 1894.3], [-120.171007, 39.16419, 1894.3], [-120.171033, 39.164195, 1894.3], [-120.171045, 39.164197, 1894.3], [-120.171056, 39.164199, 1894.3], [-120.171083, 39.164206, 1894.3], [-120.171094, 39.164208, 1894.3], [-120.171105, 39.164211, 1894.3], [-120.171122, 39.164214, 1894.3], [-120.171139, 39.164219, 1894.3], [-120.171158, 39.164225, 1894.3], [-120.171179, 39.164227, 1894.3], [-120.171201, 39.164227, 1894.3], [-120.171222, 39.164228, 1894.3], [-120.171241, 39.164227, 1894.3], [-120.171261, 39.164228, 1894.3], [-120.17128, 39.164228, 1894.3], [-120.171298, 39.164229, 1894.3], [-120.171317, 39.164229, 1894.3], [-120.171355, 39.164231, 1894.3], [-120.171373, 39.164233, 1894.4], [-120.171401, 39.164236, 1894.4], [-120.171413, 39.164237, 1894.4], [-120.171424, 39.164239, 1894.4], [-120.171444, 39.164243, 1894.4], [-120.171464, 39.164246, 1894.4], [-120.171485, 39.164249, 1894.4], [-120.171527, 39.164253, 1894.4], [-120.171547, 39.164255, 1894.4], [-120.171567, 39.164258, 1894.4], [-120.171588, 39.164261, 1894.4], [-120.17163, 39.164265, 1894.4], [-120.171649, 39.164268, 1894.4], [-120.171669, 39.16427, 1894.4], [-120.17169, 39.164271, 1894.4], [-120.17171, 39.164273, 1894.4], [-120.171729, 39.164274, 1894.4], [-120.171768, 39.164274, 1894.4], [-120.171787, 39.164275, 1894.4], [-120.171806, 39.164277, 1894.4], [-120.171845, 39.164277, 1894.4], [-120.171864, 39.164279, 1894.4], [-120.171884, 39.16428, 1894.4], [-120.171905, 39.164283, 1894.4], [-120.17194, 39.164289, 1894.4], [-120.171952, 39.164292, 1894.4], [-120.171991, 39.1643, 1894.4], [-120.172004, 39.164302, 1894.4], [-120.172042, 39.164313, 1894.4], [-120.172055, 39.164317, 1894.5], [-120.172094, 39.164326, 1894.5], [-120.172108, 39.164328, 1894.5], [-120.172148, 39.164333, 1894.5], [-120.172162, 39.164334, 1894.5], [-120.172204, 39.164338, 1894.5], [-120.172218, 39.164339, 1894.5], [-120.17226, 39.164341, 1894.6], [-120.172274, 39.164339, 1894.6], [-120.172317, 39.164334, 1894.6], [-120.17233, 39.164331, 1894.6], [-120.172366, 39.164321, 1894.6], [-120.172377, 39.164318, 1894.6], [-120.172417, 39.164313, 1894.6], [-120.172431, 39.164312, 1894.7], [-120.172472, 39.164313, 1894.7], [-120.172541, 39.164313, 1894.7], [-120.172578, 39.164315, 1894.7], [-120.17259, 39.164315, 1894.7], [-120.172613, 39.164317, 1894.7], [-120.172655, 39.164323, 1894.7], [-120.172677, 39.164325, 1894.7], [-120.172697, 39.164329, 1894.7], [-120.172717, 39.164332, 1894.7], [-120.172737, 39.164336, 1894.7], [-120.172756, 39.16434, 1894.7], [-120.172774, 39.164344, 1894.7], [-120.172792, 39.164351, 1894.7], [-120.172809, 39.164357, 1894.7], [-120.172822, 39.164366, 1894.7], [-120.172838, 39.164374, 1894.7], [-120.172868, 39.164388, 1894.7], [-120.172884, 39.164397, 1894.7], [-120.172903, 39.164407, 1894.7], [-120.172922, 39.164417, 1894.7], [-120.172938, 39.164426, 1894.7], [-120.172954, 39.164437, 1894.6], [-120.172968, 39.164448, 1894.6], [-120.172984, 39.164459, 1894.6], [-120.173, 39.164468, 1894.6], [-120.173016, 39.164478, 1894.6], [-120.173032, 39.164489, 1894.6], [-120.17305, 39.164499, 1894.6], [-120.173068, 39.16451, 1894.6], [-120.173083, 39.164519, 1894.6], [-120.173101, 39.164529, 1894.6], [-120.173119, 39.16454, 1894.6], [-120.173138, 39.164549, 1894.6], [-120.173157, 39.164557, 1894.6], [-120.173175, 39.164567, 1894.6], [-120.173193, 39.164575, 1894.6], [-120.173225, 39.164589, 1894.6], [-120.173242, 39.164597, 1894.6], [-120.17326, 39.164607, 1894.6], [-120.173277, 39.164616, 1894.6], [-120.173294, 39.164624, 1894.6], [-120.173312, 39.164632, 1894.6], [-120.17333, 39.164639, 1894.7], [-120.173349, 39.164646, 1894.7], [-120.173367, 39.164655, 1894.7], [-120.173384, 39.164664, 1894.7], [-120.173401, 39.164677, 1894.7], [-120.173431, 39.164693, 1894.7], [-120.173442, 39.164698, 1894.7], [-120.173478, 39.164718, 1894.8], [-120.17349, 39.164724, 1894.8], [-120.173528, 39.164746, 1894.8], [-120.173542, 39.164753, 1894.8], [-120.173583, 39.164773, 1894.8], [-120.173597, 39.164779, 1894.8], [-120.173635, 39.164799, 1894.9], [-120.173648, 39.164806, 1894.9], [-120.173685, 39.164826, 1894.9], [-120.173697, 39.164831, 1894.9], [-120.173735, 39.164849, 1894.9], [-120.173748, 39.164855, 1894.9], [-120.173787, 39.164867, 1894.9], [-120.173857, 39.164877, 1894.9], [-120.173899, 39.164884, 1894.8], [-120.173912, 39.164886, 1894.8], [-120.173953, 39.164892, 1894.9], [-120.173967, 39.164894, 1894.9], [-120.174006, 39.164901, 1894.9], [-120.174019, 39.164902, 1894.9], [-120.174057, 39.164907, 1894.9], [-120.174069, 39.164909, 1894.9], [-120.174092, 39.164912, 1894.9], [-120.174136, 39.16492, 1894.9], [-120.174156, 39.164925, 1894.9], [-120.174176, 39.164929, 1894.9], [-120.174195, 39.164933, 1894.9], [-120.174215, 39.164938, 1894.9], [-120.174235, 39.164941, 1894.9], [-120.174253, 39.164945, 1894.9], [-120.174289, 39.164951, 1894.9], [-120.174307, 39.164955, 1894.9], [-120.174325, 39.164958, 1894.9], [-120.174343, 39.16496, 1894.8], [-120.174371, 39.164964, 1894.8], [-120.174381, 39.164966, 1894.8], [-120.174392, 39.164968, 1894.8], [-120.174418, 39.164972, 1894.8], [-120.174438, 39.164976, 1894.9], [-120.174451, 39.164978, 1894.9], [-120.174465, 39.164981, 1894.9], [-120.17448, 39.164984, 1894.9], [-120.174494, 39.164987, 1894.9], [-120.174509, 39.164989, 1894.8], [-120.174523, 39.16499, 1894.8], [-120.174537, 39.164992, 1894.8], [-120.174551, 39.164993, 1894.8], [-120.174564, 39.164995, 1894.8], [-120.174578, 39.164996, 1894.8], [-120.174593, 39.164997, 1894.8], [-120.17464, 39.164997, 1894.8], [-120.174655, 39.164998, 1894.8], [-120.174681, 39.164999, 1894.8], [-120.174692, 39.164999, 1894.8], [-120.174702, 39.165, 1894.9], [-120.174729, 39.165002, 1894.9], [-120.174739, 39.165004, 1894.9], [-120.17475, 39.165005, 1894.9], [-120.174778, 39.165008, 1894.8], [-120.174802, 39.16501, 1894.8], [-120.174819, 39.165011, 1894.8], [-120.174838, 39.165012, 1894.8], [-120.174856, 39.165012, 1894.8], [-120.174875, 39.165013, 1894.8], [-120.174913, 39.165015, 1894.8], [-120.174951, 39.165015, 1894.8], [-120.174971, 39.165017, 1894.8], [-120.174991, 39.165018, 1894.8], [-120.17501, 39.165019, 1894.8], [-120.17503, 39.165022, 1894.8], [-120.17507, 39.165026, 1894.8], [-120.17509, 39.165029, 1894.8], [-120.175111, 39.165031, 1894.8], [-120.175151, 39.165035, 1894.8], [-120.175171, 39.165038, 1894.7], [-120.175192, 39.16504, 1894.9], [-120.175212, 39.165043, 1894.9], [-120.175232, 39.165045, 1894.9], [-120.175253, 39.165048, 1894.8], [-120.175295, 39.165052, 1894.8], [-120.175316, 39.165053, 1894.8], [-120.175337, 39.165055, 1894.8], [-120.175357, 39.165056, 1894.8], [-120.175378, 39.165058, 1894.7], [-120.175399, 39.165059, 1894.7], [-120.175441, 39.165063, 1894.7], [-120.175461, 39.165066, 1894.7], [-120.175499, 39.16507, 1894.7], [-120.175519, 39.165072, 1894.7], [-120.175538, 39.165075, 1894.7], [-120.175558, 39.165077, 1894.7], [-120.175577, 39.16508, 1894.7], [-120.175597, 39.165083, 1894.7], [-120.175616, 39.165086, 1894.7], [-120.175635, 39.165088, 1894.7], [-120.175654, 39.165091, 1894.7], [-120.175672, 39.165094, 1894.7], [-120.175691, 39.165096, 1894.7], [-120.175711, 39.165101, 1894.7], [-120.175731, 39.165105, 1894.7], [-120.175752, 39.165108, 1894.7], [-120.175774, 39.165112, 1894.7], [-120.175818, 39.165118, 1894.7], [-120.175839, 39.165121, 1894.7], [-120.175861, 39.165125, 1894.7], [-120.175903, 39.165133, 1894.7], [-120.175924, 39.165137, 1894.7], [-120.175945, 39.16514, 1894.6], [-120.175966, 39.165142, 1894.6], [-120.175988, 39.16514, 1894.6], [-120.17601, 39.165136, 1894.6], [-120.176031, 39.16513, 1894.6], [-120.176052, 39.165122, 1894.6], [-120.176085, 39.165112, 1894.7], [-120.176096, 39.165108, 1894.9], [-120.17613, 39.165095, 1894.6], [-120.176142, 39.16509, 1894.7], [-120.176178, 39.165077, 1894.7], [-120.176189, 39.165072, 1894.5], [-120.176223, 39.165059, 1894.5], [-120.176233, 39.165055, 1894.5], [-120.176253, 39.165045, 1894.5], [-120.176272, 39.165036, 1894.6], [-120.176312, 39.165018, 1894.6], [-120.176333, 39.165011, 1894.6], [-120.176375, 39.165001, 1894.6], [-120.176395, 39.164997, 1894.6], [-120.176435, 39.164987, 1894.6], [-120.176453, 39.164983, 1894.7], [-120.176472, 39.16498, 1894.7], [-120.17649, 39.164978, 1894.6], [-120.176507, 39.164975, 1894.6], [-120.176521, 39.16497, 1894.5], [-120.176535, 39.164966, 1894.6], [-120.176548, 39.164961, 1894.6], [-120.176561, 39.164957, 1894.6], [-120.176573, 39.164953, 1894.6], [-120.176586, 39.164951, 1894.6], [-120.176598, 39.164948, 1894.6], [-120.176611, 39.164946, 1894.6], [-120.176623, 39.164944, 1894.6], [-120.176636, 39.164943, 1894.6], [-120.176648, 39.164942, 1894.6], [-120.176661, 39.164942, 1894.6], [-120.176691, 39.164945, 1894.6], [-120.1767, 39.164947, 1894.6], [-120.17671, 39.16495, 1894.6], [-120.176719, 39.164952, 1894.6], [-120.176725, 39.164956, 1894.6], [-120.17673, 39.16496, 1894.6], [-120.176736, 39.164965, 1894.6], [-120.176742, 39.164969, 1894.6], [-120.176747, 39.164974, 1894.6], [-120.176748, 39.164976, 1894.6], [-120.17675, 39.164979, 1894.6], [-120.17675, 39.164984, 1894.6], [-120.176748, 39.164988, 1894.6], [-120.176744, 39.16499, 1894.6], [-120.176742, 39.164992, 1894.6], [-120.176741, 39.164994, 1894.6], [-120.17674, 39.164995, 1894.6], [-120.176737, 39.164997, 1894.6], [-120.176734, 39.165, 1894.6], [-120.176734, 39.164999, 1894.6], [-120.176733, 39.164998, 1894.6], [-120.176732, 39.164999, 1894.6], [-120.176732, 39.165, 1894.6], [-120.176731, 39.165, 1894.6], [-120.176732, 39.165002, 1894.6], [-120.176732, 39.165005, 1894.6], [-120.176734, 39.165003, 1894.6], [-120.176734, 39.165, 1894.6], [-120.176733, 39.164999, 1894.6], [-120.176733, 39.164996, 1894.6], [-120.176732, 39.164994, 1894.6], [-120.176729, 39.164991, 1894.6], [-120.176728, 39.164988, 1894.6], [-120.176727, 39.164987, 1894.6], [-120.176727, 39.164977, 1894.6], [-120.176728, 39.164975, 1894.6], [-120.176728, 39.164972, 1894.6], [-120.176729, 39.164969, 1894.6], [-120.176733, 39.164969, 1894.6], [-120.176735, 39.164968, 1894.6], [-120.176741, 39.164966, 1894.6], [-120.176744, 39.164966, 1894.6], [-120.17675, 39.164964, 1894.6], [-120.176753, 39.164964, 1894.6], [-120.176759, 39.164962, 1894.6], [-120.176763, 39.164962, 1894.6], [-120.176766, 39.164961, 1894.6], [-120.176772, 39.164963, 1894.6], [-120.176776, 39.164964, 1894.6], [-120.176781, 39.164964, 1894.6], [-120.176781, 39.164962, 1894.6], [-120.17678, 39.164958, 1894.6], [-120.176777, 39.164956, 1894.6], [-120.176775, 39.164953, 1894.6], [-120.17677, 39.164954, 1894.6], [-120.176766, 39.164957, 1894.6], [-120.176767, 39.164956, 1894.6], [-120.17677, 39.164955, 1894.6], [-120.176776, 39.164954, 1894.6], [-120.17679, 39.16495, 1894.6], [-120.176798, 39.164948, 1894.6], [-120.176807, 39.164945, 1894.6], [-120.176816, 39.164943, 1894.6], [-120.176826, 39.16494, 1894.6], [-120.176835, 39.164938, 1894.6], [-120.176843, 39.164934, 1894.6], [-120.17685, 39.16493, 1894.6], [-120.176857, 39.164925, 1894.6], [-120.176865, 39.164921, 1894.6], [-120.176874, 39.164917, 1894.6], [-120.176883, 39.164915, 1894.6], [-120.176888, 39.164911, 1894.6], [-120.17689, 39.164904, 1894.7], [-120.176895, 39.164899, 1894.7], [-120.176901, 39.164897, 1894.7], [-120.176906, 39.164895, 1894.7], [-120.176912, 39.164893, 1894.7], [-120.176919, 39.16489, 1894.7], [-120.176925, 39.164887, 1894.7], [-120.176932, 39.164885, 1894.7], [-120.176938, 39.164881, 1894.7], [-120.176944, 39.164876, 1894.7], [-120.17695, 39.16487, 1894.6], [-120.176959, 39.164866, 1894.6], [-120.176971, 39.164863, 1894.6], [-120.176981, 39.164856, 1894.6], [-120.176993, 39.16485, 1894.6], [-120.177007, 39.164844, 1894.7], [-120.17703, 39.164834, 1894.7], [-120.177039, 39.164831, 1894.7], [-120.177049, 39.164827, 1894.7], [-120.177063, 39.164821, 1894.7], [-120.177091, 39.164811, 1894.6], [-120.177115, 39.164801, 1894.6], [-120.177124, 39.164796, 1894.6], [-120.177134, 39.164792, 1894.6], [-120.177158, 39.164782, 1894.6], [-120.177178, 39.164774, 1894.6], [-120.177203, 39.164765, 1894.6], [-120.177214, 39.164762, 1894.6], [-120.177224, 39.164759, 1894.6], [-120.17725, 39.164752, 1894.6], [-120.17726, 39.16475, 1894.6], [-120.177271, 39.164748, 1894.6], [-120.177299, 39.164745, 1894.6], [-120.177309, 39.164743, 1894.6], [-120.17732, 39.164742, 1894.6], [-120.177346, 39.16474, 1894.6], [-120.177357, 39.16474, 1894.6], [-120.177368, 39.164739, 1894.6], [-120.177386, 39.16474, 1894.6], [-120.177407, 39.16474, 1894.6], [-120.177428, 39.164743, 1894.6], [-120.17745, 39.164746, 1894.6], [-120.177486, 39.164752, 1894.6], [-120.177499, 39.164753, 1894.6], [-120.177536, 39.164755, 1894.6], [-120.177549, 39.164756, 1894.6], [-120.177682, 39.164756, 1894.6], [-120.177715, 39.164753, 1894.6], [-120.177737, 39.164752, 1894.6], [-120.17778, 39.164752, 1894.6], [-120.1778, 39.164753, 1894.6], [-120.177821, 39.164755, 1894.6], [-120.177839, 39.164757, 1894.6], [-120.17786, 39.16476, 1894.6], [-120.17788, 39.164762, 1894.6], [-120.177899, 39.164764, 1894.6], [-120.177916, 39.164766, 1894.6], [-120.177933, 39.164769, 1894.6], [-120.177948, 39.164776, 1894.5], [-120.177964, 39.164783, 1894.5], [-120.177979, 39.164791, 1894.5], [-120.177997, 39.1648, 1894.5], [-120.17801, 39.164808, 1894.5], [-120.178027, 39.164822, 1894.5], [-120.17804, 39.164836, 1894.5], [-120.178052, 39.16485, 1894.5], [-120.178064, 39.164865, 1894.5], [-120.178074, 39.164876, 1894.5], [-120.178092, 39.164903, 1894.5], [-120.178098, 39.16491, 1894.5], [-120.178108, 39.164925, 1894.5], [-120.178118, 39.164939, 1894.5], [-120.178126, 39.164952, 1894.5], [-120.178134, 39.164971, 1894.5], [-120.178143, 39.164986, 1894.3], [-120.178152, 39.165002, 1894.3], [-120.17816, 39.165021, 1894.3], [-120.178169, 39.165034, 1894.3], [-120.178185, 39.165065, 1894.2], [-120.178208, 39.165091, 1894.2], [-120.178217, 39.165099, 1894.2], [-120.178246, 39.165119, 1894.2], [-120.178256, 39.165125, 1894.2], [-120.178295, 39.165145, 1894.2], [-120.178306, 39.16515, 1894.2], [-120.178339, 39.16517, 1894.2], [-120.178349, 39.165177, 1894.1], [-120.178379, 39.165194, 1894.2], [-120.178392, 39.165198, 1894.2], [-120.17842, 39.165214, 1894.1], [-120.178432, 39.165219, 1894.1], [-120.178467, 39.165236, 1894.1], [-120.178477, 39.165241, 1894.0], [-120.178519, 39.165257, 1894.0], [-120.178531, 39.165262, 1894.0], [-120.178572, 39.165273, 1894.1], [-120.178586, 39.165276, 1894.1], [-120.178624, 39.165289, 1894.1], [-120.178639, 39.165294, 1894.1], [-120.178672, 39.165308, 1894.0], [-120.178684, 39.165312, 1894.0], [-120.178718, 39.165325, 1894.1], [-120.17873, 39.165329, 1894.1], [-120.178749, 39.165337, 1894.1], [-120.178769, 39.165346, 1894.0], [-120.178788, 39.165355, 1894.0], [-120.178807, 39.165366, 1894.0], [-120.178828, 39.165377, 1894.0], [-120.178845, 39.165386, 1894.0], [-120.178863, 39.165396, 1894.0], [-120.178882, 39.165406, 1894.0], [-120.178901, 39.165415, 1894.0], [-120.178919, 39.165425, 1894.0], [-120.178935, 39.165436, 1894.0], [-120.178952, 39.165447, 1894.0], [-120.178968, 39.165456, 1894.0], [-120.178983, 39.165466, 1894.0], [-120.178998, 39.165477, 1893.9], [-120.179015, 39.165486, 1893.9], [-120.179031, 39.165496, 1893.9], [-120.179046, 39.165507, 1893.9], [-120.17906, 39.165518, 1893.9], [-120.179073, 39.165527, 1893.9], [-120.179085, 39.165537, 1893.9], [-120.179098, 39.165547, 1893.9], [-120.179118, 39.165563, 1893.9], [-120.179125, 39.16557, 1893.9], [-120.179133, 39.165576, 1893.9], [-120.179153, 39.16559, 1893.9], [-120.179161, 39.165596, 1893.9], [-120.179169, 39.165601, 1893.9], [-120.17918, 39.16561, 1893.9], [-120.179191, 39.165617, 1893.9], [-120.179203, 39.165624, 1893.9], [-120.179214, 39.16563, 1893.9], [-120.179224, 39.165637, 1893.9], [-120.179246, 39.165649, 1893.9], [-120.179257, 39.165654, 1893.9], [-120.179268, 39.16566, 1893.9], [-120.179278, 39.165666, 1893.9], [-120.179288, 39.165671, 1893.9], [-120.179299, 39.165676, 1893.9], [-120.179309, 39.165681, 1893.9], [-120.179318, 39.165686, 1893.9], [-120.179338, 39.165696, 1893.9], [-120.179348, 39.1657, 1893.9], [-120.179359, 39.165704, 1893.9], [-120.179369, 39.165709, 1893.9], [-120.179379, 39.165713, 1893.9], [-120.179389, 39.165718, 1893.9], [-120.179399, 39.165722, 1893.9], [-120.179408, 39.165727, 1893.9], [-120.179418, 39.165731, 1893.9], [-120.179436, 39.165739, 1893.9], [-120.179445, 39.165744, 1893.9], [-120.179454, 39.165748, 1893.9], [-120.179462, 39.165753, 1893.9], [-120.179473, 39.165756, 1893.9], [-120.179485, 39.16576, 1893.9], [-120.179495, 39.165766, 1893.9], [-120.179507, 39.165772, 1893.9], [-120.179519, 39.165779, 1893.9], [-120.179531, 39.165787, 1893.9], [-120.179553, 39.165799, 1893.9], [-120.179563, 39.165804, 1893.9], [-120.179572, 39.165809, 1893.9], [-120.179586, 39.165816, 1894.0], [-120.179601, 39.165824, 1894.0], [-120.179615, 39.165832, 1894.0], [-120.17963, 39.165839, 1893.9], [-120.179653, 39.165852, 1893.9], [-120.179661, 39.165856, 1893.9], [-120.17967, 39.165861, 1893.9], [-120.179692, 39.165874, 1893.9], [-120.179701, 39.165878, 1894.0], [-120.17971, 39.165883, 1894.0], [-120.179732, 39.165896, 1894.0], [-120.17974, 39.165901, 1894.0], [-120.179749, 39.165906, 1893.9], [-120.179771, 39.165919, 1893.9], [-120.179779, 39.165924, 1893.9], [-120.179788, 39.165929, 1894.0], [-120.17981, 39.165942, 1894.0], [-120.179819, 39.165948, 1894.0], [-120.179828, 39.165953, 1894.0], [-120.179849, 39.165968, 1893.9], [-120.179857, 39.165973, 1893.9], [-120.179866, 39.165979, 1893.9], [-120.179886, 39.165994, 1894.0], [-120.179895, 39.166, 1894.0], [-120.179903, 39.166006, 1893.9], [-120.179923, 39.166021, 1894.0], [-120.179932, 39.166028, 1894.0], [-120.17994, 39.166034, 1894.0], [-120.179976, 39.166064, 1894.0], [-120.18, 39.166086, 1894.0], [-120.180012, 39.166096, 1894.0], [-120.180025, 39.166107, 1894.0], [-120.180038, 39.166116, 1894.0], [-120.180051, 39.166126, 1894.0], [-120.180063, 39.166136, 1894.0], [-120.180076, 39.166146, 1893.9], [-120.1801, 39.166166, 1893.9], [-120.180126, 39.166186, 1893.9], [-120.180152, 39.166204, 1893.9], [-120.180165, 39.166214, 1893.9], [-120.180178, 39.166223, 1893.9], [-120.18019, 39.166233, 1893.9], [-120.180203, 39.166243, 1893.9], [-120.180216, 39.166252, 1893.9], [-120.180228, 39.166262, 1893.9], [-120.180241, 39.166272, 1893.9], [-120.180265, 39.166292, 1893.9], [-120.180276, 39.166302, 1893.9], [-120.180288, 39.166313, 1893.9], [-120.180298, 39.166325, 1893.9], [-120.18031, 39.166338, 1893.9], [-120.180323, 39.16635, 1893.9], [-120.180357, 39.16637, 1893.9], [-120.180376, 39.166379, 1893.9], [-120.180406, 39.166393, 1893.9], [-120.180416, 39.166398, 1893.9], [-120.180434, 39.166409, 1893.9], [-120.180451, 39.166422, 1893.9], [-120.180467, 39.166434, 1893.9], [-120.180483, 39.166447, 1893.9], [-120.180505, 39.16647, 1893.9], [-120.180512, 39.166477, 1893.9], [-120.180534, 39.1665, 1893.9], [-120.180542, 39.166507, 1893.9], [-120.180565, 39.166529, 1893.9], [-120.180573, 39.166535, 1893.9], [-120.180588, 39.166549, 1893.9], [-120.180603, 39.166562, 1893.9], [-120.180619, 39.166574, 1893.9], [-120.180634, 39.166587, 1893.9], [-120.18065, 39.166599, 1893.9], [-120.180666, 39.16661, 1893.9], [-120.180682, 39.166622, 1893.9], [-120.180698, 39.166633, 1893.9], [-120.180713, 39.166644, 1893.8], [-120.180729, 39.166654, 1893.8], [-120.180746, 39.166664, 1893.8], [-120.180762, 39.166673, 1893.8], [-120.180779, 39.166682, 1893.9], [-120.180795, 39.16669, 1893.9], [-120.180829, 39.166704, 1893.8], [-120.180846, 39.16671, 1893.8], [-120.180863, 39.166717, 1893.8], [-120.18088, 39.166723, 1893.8], [-120.180895, 39.166728, 1893.8], [-120.180912, 39.166734, 1893.8], [-120.180927, 39.16674, 1893.7], [-120.180953, 39.166751, 1893.8], [-120.180963, 39.166754, 1893.8], [-120.180974, 39.166758, 1893.8], [-120.180999, 39.166764, 1893.8], [-120.181009, 39.166767, 1893.8], [-120.181019, 39.166769, 1893.8], [-120.181044, 39.166775, 1893.8], [-120.181089, 39.166784, 1893.7], [-120.1811, 39.166786, 1893.7], [-120.18111, 39.166788, 1893.7], [-120.181125, 39.16679, 1893.7], [-120.181139, 39.166792, 1893.7], [-120.181155, 39.166793, 1893.7], [-120.181172, 39.166795, 1893.7], [-120.18119, 39.166797, 1893.7], [-120.181209, 39.166798, 1893.7], [-120.181229, 39.166801, 1893.7], [-120.18125, 39.166803, 1893.7], [-120.181273, 39.166805, 1893.7], [-120.181321, 39.166809, 1893.8], [-120.181359, 39.166812, 1893.8], [-120.181372, 39.166813, 1893.8], [-120.181411, 39.166818, 1893.8], [-120.181425, 39.166819, 1893.8], [-120.181465, 39.166824, 1893.8], [-120.181479, 39.166825, 1893.8], [-120.181519, 39.166831, 1893.8], [-120.181533, 39.166833, 1893.8], [-120.181573, 39.166841, 1893.8], [-120.181586, 39.166843, 1893.8], [-120.181625, 39.166852, 1893.8], [-120.181639, 39.166855, 1893.8], [-120.18168, 39.166864, 1893.8], [-120.181694, 39.166866, 1893.8], [-120.181735, 39.166872, 1893.7], [-120.181749, 39.166874, 1893.7], [-120.181792, 39.166878, 1893.8], [-120.181807, 39.166879, 1893.8], [-120.18185, 39.166883, 1893.8], [-120.181865, 39.166884, 1893.8], [-120.181908, 39.166889, 1893.8], [-120.181923, 39.166891, 1893.8], [-120.181966, 39.166896, 1893.8], [-120.18198, 39.166898, 1893.8], [-120.182023, 39.166902, 1893.8], [-120.182037, 39.166903, 1893.7], [-120.182081, 39.166905, 1893.6], [-120.182095, 39.166905, 1893.6], [-120.182139, 39.166907, 1893.6], [-120.182154, 39.166907, 1893.6], [-120.182197, 39.166908, 1893.6], [-120.182212, 39.166908, 1893.6], [-120.182256, 39.166913, 1893.7], [-120.182271, 39.166914, 1893.7], [-120.182314, 39.166918, 1893.8], [-120.182329, 39.166919, 1893.8], [-120.18237, 39.166924, 1893.8], [-120.182426, 39.166932, 1893.8], [-120.182441, 39.166933, 1893.8], [-120.182482, 39.166939, 1893.8], [-120.1825, 39.16694, 1893.8], [-120.182541, 39.166947, 1893.8], [-120.182555, 39.166949, 1893.8], [-120.182593, 39.166955, 1893.8], [-120.182605, 39.166957, 1893.8], [-120.182639, 39.166965, 1893.8], [-120.18265, 39.166967, 1893.8], [-120.18267, 39.166973, 1893.9], [-120.182689, 39.16698, 1893.9], [-120.182711, 39.166986, 1893.9], [-120.182724, 39.166996, 1893.9], [-120.182738, 39.167005, 1893.8], [-120.182751, 39.167014, 1893.8], [-120.182764, 39.167024, 1893.8], [-120.182778, 39.167035, 1893.8], [-120.182789, 39.167041, 1893.9], [-120.182813, 39.167057, 1893.9], [-120.182824, 39.167064, 1893.9], [-120.182838, 39.167072, 1893.8], [-120.182845, 39.167077, 1893.8], [-120.182857, 39.167082, 1893.8], [-120.182869, 39.167088, 1893.8], [-120.182882, 39.167093, 1893.8], [-120.182897, 39.167098, 1893.8], [-120.18291, 39.167103, 1893.8], [-120.182924, 39.167109, 1893.9], [-120.182947, 39.167119, 1893.9], [-120.182957, 39.167123, 1893.9], [-120.182966, 39.167127, 1893.9], [-120.182978, 39.167134, 1893.9], [-120.18299, 39.16714, 1893.8], [-120.183002, 39.167147, 1893.8], [-120.183022, 39.16716, 1893.8], [-120.183031, 39.167165, 1893.8], [-120.183039, 39.16717, 1893.8], [-120.183052, 39.167175, 1893.8], [-120.183066, 39.167181, 1893.8], [-120.183079, 39.167187, 1893.8], [-120.183093, 39.167192, 1893.9], [-120.183104, 39.167197, 1893.9], [-120.183116, 39.167202, 1893.9], [-120.183128, 39.167208, 1893.8], [-120.183141, 39.167213, 1893.8], [-120.18318, 39.167228, 1893.9], [-120.183192, 39.167235, 1893.9], [-120.183204, 39.16724, 1893.9], [-120.183216, 39.167246, 1893.9], [-120.183228, 39.167251, 1893.9], [-120.183239, 39.167258, 1893.9], [-120.183251, 39.167264, 1893.9], [-120.183263, 39.167269, 1893.8], [-120.183276, 39.167275, 1893.8], [-120.18329, 39.167281, 1893.8], [-120.183302, 39.167288, 1893.8], [-120.183325, 39.1673, 1893.8], [-120.183333, 39.167306, 1893.8], [-120.183342, 39.167311, 1893.8], [-120.183364, 39.167324, 1893.8], [-120.183382, 39.167336, 1893.8], [-120.183403, 39.167351, 1893.8], [-120.183421, 39.167363, 1893.8], [-120.183435, 39.167371, 1893.8], [-120.183449, 39.16738, 1893.8], [-120.18347, 39.167395, 1893.8], [-120.183486, 39.167407, 1893.8], [-120.183501, 39.167416, 1893.8], [-120.183515, 39.167424, 1893.8], [-120.18353, 39.167432, 1893.8], [-120.183544, 39.167441, 1893.8], [-120.183565, 39.167456, 1893.8], [-120.183574, 39.167463, 1893.8], [-120.183602, 39.167484, 1893.8], [-120.18361, 39.167489, 1893.8], [-120.183638, 39.16751, 1893.8], [-120.183645, 39.167516, 1893.8], [-120.183653, 39.167522, 1893.8], [-120.18367, 39.167538, 1893.8], [-120.183676, 39.167545, 1893.8], [-120.183683, 39.167551, 1893.8], [-120.183706, 39.167574, 1893.8], [-120.183712, 39.167581, 1893.8], [-120.183726, 39.167598, 1893.8], [-120.183733, 39.167605, 1893.8], [-120.183739, 39.167612, 1893.8], [-120.18378, 39.167653, 1893.8], [-120.183791, 39.167663, 1893.8], [-120.183802, 39.167674, 1893.8], [-120.18382, 39.167698, 1893.8], [-120.18384, 39.167722, 1893.8], [-120.183849, 39.167734, 1893.8], [-120.183859, 39.167745, 1893.8], [-120.183868, 39.167757, 1893.8], [-120.183878, 39.16777, 1893.8], [-120.183889, 39.167782, 1893.8], [-120.183898, 39.167794, 1893.8], [-120.183908, 39.167807, 1893.8], [-120.183917, 39.167819, 1893.8], [-120.183927, 39.167831, 1893.8], [-120.183945, 39.167855, 1893.7], [-120.183954, 39.167868, 1893.7], [-120.183962, 39.16788, 1893.7], [-120.18397, 39.167893, 1893.7], [-120.183979, 39.167905, 1893.7], [-120.183986, 39.167918, 1893.7], [-120.183994, 39.167931, 1893.7], [-120.184001, 39.167943, 1893.7], [-120.18401, 39.167956, 1893.7], [-120.184019, 39.167968, 1893.7], [-120.184027, 39.16798, 1893.7], [-120.184036, 39.167993, 1893.7], [-120.184044, 39.168005, 1893.7], [-120.184053, 39.168018, 1893.7], [-120.184061, 39.16803, 1893.7], [-120.18407, 39.168042, 1893.7], [-120.184097, 39.168078, 1893.7], [-120.184106, 39.16809, 1893.7], [-120.184115, 39.168101, 1893.7], [-120.18413, 39.168121, 1893.7], [-120.184136, 39.168128, 1893.7], [-120.184142, 39.168136, 1893.7], [-120.184158, 39.168155, 1893.7], [-120.184164, 39.168162, 1893.7], [-120.18417, 39.16817, 1893.7], [-120.184186, 39.168188, 1893.7], [-120.184192, 39.168196, 1893.7], [-120.184199, 39.168203, 1893.7], [-120.184215, 39.16822, 1893.7], [-120.184221, 39.168228, 1893.7], [-120.184227, 39.168235, 1893.7], [-120.184244, 39.168253, 1893.7], [-120.184252, 39.168259, 1893.7], [-120.184259, 39.168266, 1893.7], [-120.184277, 39.168283, 1893.7], [-120.184283, 39.168291, 1893.7], [-120.184307, 39.168315, 1893.7], [-120.184313, 39.168322, 1893.7], [-120.18432, 39.168329, 1893.7], [-120.184336, 39.168347, 1893.7], [-120.184343, 39.168353, 1893.7], [-120.184349, 39.16836, 1893.7], [-120.184357, 39.16837, 1893.7], [-120.184366, 39.16838, 1893.7], [-120.184374, 39.16839, 1893.7], [-120.184383, 39.1684, 1893.7], [-120.184391, 39.168409, 1893.7], [-120.1844, 39.168419, 1893.7], [-120.184408, 39.168429, 1893.7], [-120.184424, 39.168447, 1893.7], [-120.184431, 39.168457, 1893.7], [-120.184447, 39.168475, 1893.7], [-120.184455, 39.168485, 1893.7], [-120.184463, 39.168494, 1893.7], [-120.184472, 39.168503, 1893.7], [-120.184496, 39.16853, 1893.7], [-120.184505, 39.168539, 1893.7], [-120.184537, 39.168575, 1893.7], [-120.184544, 39.168584, 1893.7], [-120.184568, 39.168611, 1893.7], [-120.184575, 39.168621, 1893.7], [-120.184583, 39.16863, 1893.7], [-120.18459, 39.16864, 1893.7], [-120.184598, 39.168649, 1893.7], [-120.184606, 39.168659, 1893.7], [-120.18462, 39.168677, 1893.7], [-120.184627, 39.168686, 1893.7], [-120.184635, 39.168695, 1893.7], [-120.184649, 39.168713, 1893.7], [-120.184656, 39.168721, 1893.7], [-120.184664, 39.16873, 1893.7], [-120.184672, 39.168738, 1893.7], [-120.18468, 39.168747, 1893.7], [-120.184687, 39.168756, 1893.7], [-120.184695, 39.168766, 1893.7], [-120.184703, 39.168775, 1893.7], [-120.184712, 39.168784, 1893.7], [-120.184722, 39.168793, 1893.7], [-120.184741, 39.168812, 1893.7], [-120.18475, 39.168822, 1893.7], [-120.184769, 39.168841, 1893.7], [-120.184778, 39.168851, 1893.7], [-120.184788, 39.16886, 1893.7], [-120.184797, 39.168869, 1893.7], [-120.184815, 39.168889, 1893.7], [-120.184829, 39.168906, 1893.7], [-120.184842, 39.168919, 1893.7], [-120.184852, 39.168928, 1893.7], [-120.184863, 39.168937, 1893.7], [-120.184874, 39.168945, 1893.7], [-120.184892, 39.168961, 1893.7], [-120.184899, 39.168968, 1893.7], [-120.184906, 39.168974, 1893.7], [-120.184924, 39.16899, 1893.7], [-120.184931, 39.168997, 1893.7], [-120.184939, 39.169003, 1893.7], [-120.184958, 39.169019, 1893.7], [-120.184965, 39.169026, 1893.7], [-120.184973, 39.169032, 1893.7], [-120.184991, 39.169048, 1893.7], [-120.184999, 39.169054, 1893.7], [-120.185006, 39.169061, 1893.7], [-120.185023, 39.169076, 1893.7], [-120.185031, 39.169083, 1893.7], [-120.185038, 39.169089, 1893.7], [-120.185055, 39.169104, 1893.7], [-120.185062, 39.16911, 1893.7], [-120.18507, 39.169116, 1893.7], [-120.185087, 39.169132, 1893.8], [-120.185094, 39.169137, 1893.8], [-120.185101, 39.169143, 1893.8], [-120.185112, 39.169152, 1893.7], [-120.185124, 39.16916, 1893.7], [-120.185135, 39.169167, 1893.7], [-120.185144, 39.169176, 1893.7], [-120.185154, 39.169184, 1893.7], [-120.185164, 39.169193, 1893.7], [-120.185174, 39.169201, 1893.8], [-120.185196, 39.169219, 1893.7], [-120.185216, 39.169235, 1893.7], [-120.185228, 39.169243, 1893.7], [-120.18525, 39.169261, 1893.7], [-120.18526, 39.16927, 1893.8], [-120.185282, 39.169286, 1893.8], [-120.185293, 39.169295, 1893.8], [-120.185315, 39.169311, 1893.7], [-120.185326, 39.16932, 1893.8], [-120.185345, 39.169334, 1893.7], [-120.185352, 39.16934, 1893.7], [-120.18536, 39.169345, 1893.7], [-120.18538, 39.169359, 1893.8], [-120.185388, 39.169365, 1893.7], [-120.185396, 39.16937, 1893.7], [-120.185408, 39.169378, 1893.7], [-120.18542, 39.169385, 1893.7], [-120.185432, 39.169393, 1893.7], [-120.185452, 39.169405, 1893.7], [-120.185461, 39.16941, 1893.7], [-120.185469, 39.169415, 1893.7], [-120.185481, 39.169422, 1893.7], [-120.185494, 39.16943, 1893.7], [-120.185505, 39.169438, 1893.7], [-120.185517, 39.169445, 1893.7], [-120.18553, 39.169452, 1893.7], [-120.185542, 39.169459, 1893.7], [-120.185553, 39.169466, 1893.7], [-120.185589, 39.169487, 1893.7], [-120.185601, 39.169492, 1893.7], [-120.185625, 39.169504, 1893.8], [-120.185637, 39.169511, 1893.8], [-120.185649, 39.169517, 1893.8], [-120.185662, 39.169522, 1893.8], [-120.185674, 39.169528, 1893.8], [-120.185687, 39.169533, 1893.7], [-120.185711, 39.169545, 1893.8], [-120.185724, 39.169551, 1893.8], [-120.185736, 39.169556, 1893.8], [-120.185749, 39.169562, 1893.8], [-120.185761, 39.169567, 1893.8], [-120.185797, 39.169585, 1893.8], [-120.185808, 39.16959, 1893.8], [-120.18582, 39.169595, 1893.8], [-120.185844, 39.169607, 1893.7], [-120.185856, 39.169612, 1893.7], [-120.185867, 39.169618, 1893.7], [-120.185879, 39.169624, 1893.7], [-120.18589, 39.16963, 1893.8], [-120.185903, 39.169636, 1893.8], [-120.185927, 39.169646, 1893.8], [-120.185939, 39.169652, 1893.8], [-120.18595, 39.169658, 1893.8], [-120.18596, 39.169663, 1893.8], [-120.185971, 39.169669, 1893.8], [-120.185995, 39.169681, 1893.8], [-120.186006, 39.169687, 1893.8], [-120.186018, 39.169692, 1893.8], [-120.186029, 39.169698, 1893.8], [-120.186041, 39.169703, 1893.8], [-120.186052, 39.16971, 1893.8], [-120.186064, 39.169716, 1893.8], [-120.186075, 39.169722, 1893.8], [-120.186097, 39.169732, 1893.8], [-120.186119, 39.169744, 1893.8], [-120.186131, 39.169749, 1893.8], [-120.186142, 39.169755, 1893.8], [-120.186154, 39.169761, 1893.8], [-120.186167, 39.169766, 1893.8], [-120.186179, 39.169772, 1893.8], [-120.18619, 39.169778, 1893.8], [-120.186202, 39.169784, 1893.8], [-120.186214, 39.169789, 1893.8], [-120.186226, 39.169795, 1893.8], [-120.186237, 39.169801, 1893.8], [-120.186249, 39.169806, 1893.8], [-120.186261, 39.169812, 1893.8], [-120.186294, 39.16983, 1893.8], [-120.186305, 39.169837, 1893.8], [-120.186316, 39.169843, 1893.8], [-120.186327, 39.16985, 1893.8], [-120.186337, 39.169857, 1893.8], [-120.186348, 39.169863, 1893.8], [-120.186358, 39.16987, 1893.8], [-120.186367, 39.169877, 1893.8], [-120.186387, 39.169891, 1893.8], [-120.186397, 39.169897, 1893.8], [-120.186417, 39.169911, 1893.8], [-120.186426, 39.169918, 1893.8], [-120.186436, 39.169925, 1893.8], [-120.186445, 39.169932, 1893.8], [-120.186455, 39.169939, 1893.8], [-120.186473, 39.169953, 1893.8], [-120.186482, 39.169961, 1893.8], [-120.18649, 39.169968, 1893.8], [-120.186506, 39.169984, 1893.8], [-120.186513, 39.169993, 1893.8], [-120.186521, 39.17, 1893.8], [-120.186529, 39.170008, 1893.8], [-120.186537, 39.170015, 1893.8], [-120.186553, 39.170031, 1893.8], [-120.186561, 39.170038, 1893.8], [-120.18657, 39.170046, 1893.8], [-120.186577, 39.170053, 1893.8], [-120.186584, 39.170062, 1893.8], [-120.186592, 39.170069, 1893.8], [-120.1866, 39.170077, 1893.8], [-120.186607, 39.170086, 1893.8], [-120.186614, 39.170094, 1893.8], [-120.186622, 39.170101, 1893.8], [-120.186629, 39.170109, 1893.8], [-120.186636, 39.170116, 1893.8], [-120.186643, 39.170124, 1893.8], [-120.186649, 39.170132, 1893.8], [-120.186677, 39.17016, 1893.8], [-120.186683, 39.170167, 1893.8], [-120.186704, 39.170188, 1893.8], [-120.18671, 39.170195, 1893.8], [-120.186717, 39.170202, 1893.8], [-120.186724, 39.170208, 1893.8], [-120.186737, 39.170221, 1893.8], [-120.18674, 39.170228, 1893.8], [-120.186744, 39.170235, 1893.8], [-120.186748, 39.170241, 1893.8], [-120.186754, 39.170248, 1893.8], [-120.186761, 39.170256, 1893.8], [-120.186783, 39.170266, 1893.7], [-120.186793, 39.17027, 1893.7], [-120.186803, 39.170275, 1893.7], [-120.186813, 39.170281, 1893.7], [-120.186833, 39.170291, 1893.8], [-120.18686, 39.170306, 1893.8], [-120.186869, 39.17031, 1893.7], [-120.186879, 39.170315, 1893.7], [-120.186897, 39.170325, 1893.7], [-120.186917, 39.170335, 1893.8], [-120.186925, 39.17034, 1893.8], [-120.186943, 39.170352, 1893.8], [-120.186952, 39.170356, 1893.8], [-120.186961, 39.170362, 1893.8], [-120.18697, 39.170367, 1893.8], [-120.186979, 39.170373, 1893.8], [-120.186989, 39.170376, 1893.8], [-120.187011, 39.170384, 1893.8], [-120.187021, 39.170389, 1893.8], [-120.187045, 39.170399, 1893.8], [-120.187064, 39.170413, 1893.8], [-120.187071, 39.170418, 1893.8], [-120.187079, 39.170424, 1893.8], [-120.1871, 39.170438, 1893.8], [-120.187108, 39.170445, 1893.8], [-120.187117, 39.170451, 1893.8], [-120.18713, 39.170461, 1893.8], [-120.187144, 39.170472, 1893.8], [-120.187159, 39.170483, 1893.8], [-120.187174, 39.170496, 1893.8], [-120.18719, 39.170508, 1893.8], [-120.187222, 39.170534, 1893.8], [-120.187239, 39.170547, 1893.8], [-120.187264, 39.170568, 1893.8], [-120.187273, 39.170575, 1893.8], [-120.1873, 39.170595, 1893.8], [-120.187309, 39.170601, 1893.8], [-120.187337, 39.170621, 1893.8], [-120.187347, 39.170627, 1893.8], [-120.187375, 39.170647, 1893.8], [-120.187384, 39.170653, 1893.8], [-120.187403, 39.170665, 1893.8], [-120.187421, 39.170675, 1893.8], [-120.187438, 39.170685, 1893.8], [-120.187454, 39.170695, 1893.8], [-120.187472, 39.170704, 1893.8], [-120.18749, 39.170711, 1893.8], [-120.187507, 39.170719, 1893.8], [-120.187525, 39.170728, 1893.8], [-120.187543, 39.170735, 1893.8], [-120.187562, 39.170743, 1893.8], [-120.187581, 39.170752, 1893.8], [-120.1876, 39.170762, 1893.8], [-120.187617, 39.170772, 1893.8], [-120.187635, 39.170782, 1893.8], [-120.187652, 39.170793, 1893.8], [-120.187684, 39.170813, 1893.8], [-120.187698, 39.170824, 1893.8], [-120.187712, 39.170834, 1893.8], [-120.187738, 39.170854, 1893.8], [-120.18775, 39.170863, 1893.8], [-120.187769, 39.170879, 1893.8], [-120.187776, 39.170885, 1893.8], [-120.187802, 39.170911, 1893.8], [-120.187812, 39.17092, 1893.8], [-120.18782, 39.170929, 1893.8], [-120.187829, 39.170938, 1893.8], [-120.187843, 39.170956, 1893.8], [-120.187853, 39.170976, 1893.8], [-120.187859, 39.170987, 1893.8], [-120.187866, 39.170997, 1893.8], [-120.187874, 39.171007, 1893.8], [-120.18788, 39.171016, 1893.8], [-120.187908, 39.171052, 1893.8], [-120.187915, 39.17106, 1893.8], [-120.187922, 39.171069, 1893.8], [-120.187929, 39.171079, 1893.8], [-120.187936, 39.171088, 1893.8], [-120.187942, 39.171097, 1893.8], [-120.18795, 39.171107, 1893.8], [-120.187958, 39.171118, 1893.8], [-120.187965, 39.171128, 1893.8], [-120.187973, 39.171138, 1893.8], [-120.18798, 39.171149, 1893.8], [-120.187993, 39.171169, 1893.8], [-120.187997, 39.171177, 1893.8], [-120.188002, 39.171185, 1893.8], [-120.188014, 39.171205, 1893.8], [-120.188018, 39.171213, 1893.8], [-120.188023, 39.171221, 1893.8], [-120.188031, 39.171235, 1893.8], [-120.188047, 39.171265, 1893.8], [-120.188055, 39.171281, 1893.8], [-120.188069, 39.171307, 1893.8], [-120.188074, 39.171315, 1893.9], [-120.188088, 39.171342, 1893.9], [-120.188093, 39.171351, 1893.9], [-120.188108, 39.17138, 1893.9], [-120.188113, 39.171389, 1893.8], [-120.188127, 39.171419, 1893.8], [-120.188132, 39.171428, 1893.8], [-120.18815, 39.171458, 1893.8], [-120.188156, 39.171467, 1893.8], [-120.18818, 39.171503, 1893.8], [-120.188196, 39.171532, 1893.8], [-120.188202, 39.171541, 1893.9], [-120.18822, 39.17157, 1893.9], [-120.188227, 39.171579, 1893.9], [-120.188246, 39.171605, 1893.8], [-120.188253, 39.171614, 1893.8], [-120.188271, 39.171642, 1893.8], [-120.188277, 39.171651, 1893.8], [-120.188296, 39.171678, 1893.8], [-120.188302, 39.171687, 1893.8], [-120.188321, 39.171713, 1893.8], [-120.188328, 39.171721, 1893.8], [-120.188352, 39.171753, 1893.8], [-120.188369, 39.171778, 1893.8], [-120.188375, 39.171786, 1893.9], [-120.188393, 39.171811, 1893.9], [-120.188399, 39.171818, 1893.9], [-120.188418, 39.171842, 1893.8], [-120.188425, 39.171849, 1893.8], [-120.188442, 39.171874, 1893.8], [-120.188448, 39.171882, 1893.8], [-120.188465, 39.171907, 1893.9], [-120.188471, 39.171915, 1893.9], [-120.188482, 39.171931, 1893.8], [-120.188494, 39.171947, 1893.9], [-120.188518, 39.171979, 1893.9], [-120.18853, 39.171993, 1893.9], [-120.188552, 39.172025, 1893.8], [-120.188564, 39.172041, 1893.9], [-120.18858, 39.172065, 1893.9], [-120.188598, 39.172089, 1893.9], [-120.18861, 39.172104, 1893.9], [-120.188634, 39.172136, 1893.9], [-120.188646, 39.172151, 1893.9], [-120.188655, 39.172165, 1893.9], [-120.188664, 39.17218, 1893.9], [-120.188676, 39.172194, 1893.8], [-120.188687, 39.172208, 1893.8], [-120.188699, 39.172222, 1893.8], [-120.18871, 39.172236, 1893.8], [-120.188722, 39.172249, 1893.8], [-120.188747, 39.172274, 1893.8], [-120.188759, 39.172287, 1893.8], [-120.188796, 39.172324, 1893.8], [-120.18881, 39.172337, 1893.8], [-120.188824, 39.172351, 1893.8], [-120.188846, 39.172372, 1893.8], [-120.188884, 39.17241, 1893.8], [-120.188908, 39.172433, 1893.9], [-120.188917, 39.172441, 1893.9], [-120.188943, 39.172466, 1893.9], [-120.188953, 39.172474, 1893.9], [-120.188978, 39.172499, 1893.8], [-120.188987, 39.172507, 1893.8], [-120.189019, 39.172539, 1893.8], [-120.189039, 39.172562, 1893.9], [-120.189045, 39.17257, 1893.9], [-120.189064, 39.172594, 1893.8], [-120.18907, 39.172602, 1893.8], [-120.189087, 39.172628, 1893.9], [-120.189092, 39.172636, 1893.9], [-120.189102, 39.172653, 1893.8], [-120.189113, 39.172669, 1893.9], [-120.189123, 39.172684, 1893.9], [-120.189133, 39.1727, 1893.9], [-120.189144, 39.172715, 1893.9], [-120.189154, 39.172731, 1893.9], [-120.18917, 39.172756, 1893.9], [-120.189176, 39.172764, 1893.9], [-120.189186, 39.17278, 1893.9], [-120.189195, 39.172793, 1893.9], [-120.189202, 39.172809, 1893.9], [-120.18922, 39.172839, 1893.9], [-120.189229, 39.172854, 1893.9], [-120.189237, 39.172867, 1893.9], [-120.189244, 39.172881, 1893.9], [-120.18925, 39.172895, 1893.9], [-120.189255, 39.17291, 1893.9], [-120.189261, 39.172922, 1893.9], [-120.189266, 39.172936, 1893.9], [-120.189272, 39.172949, 1893.9], [-120.189279, 39.172961, 1893.9], [-120.189289, 39.172982, 1893.9], [-120.189293, 39.17299, 1893.9], [-120.189297, 39.172999, 1893.9], [-120.189303, 39.173011, 1893.9], [-120.189307, 39.173025, 1893.9], [-120.189311, 39.173037, 1893.9], [-120.189316, 39.173048, 1893.9], [-120.189321, 39.173058, 1893.9], [-120.189325, 39.173068, 1893.9], [-120.189331, 39.173077, 1893.9], [-120.189349, 39.173107, 1893.9], [-120.189353, 39.173116, 1893.9], [-120.189356, 39.173125, 1893.9], [-120.189361, 39.173133, 1893.9], [-120.189366, 39.173143, 1893.9], [-120.189372, 39.173152, 1893.9], [-120.189377, 39.173161, 1893.9], [-120.189382, 39.173169, 1893.9], [-120.189385, 39.173177, 1893.9], [-120.189389, 39.173184, 1893.9], [-120.189394, 39.173192, 1893.9], [-120.189398, 39.173199, 1893.9], [-120.189403, 39.173206, 1893.9], [-120.189407, 39.173213, 1893.9], [-120.189415, 39.173225, 1893.9], [-120.189418, 39.173232, 1893.9], [-120.18942, 39.173238, 1893.9], [-120.189422, 39.173245, 1893.9], [-120.189425, 39.173251, 1893.9], [-120.189428, 39.173258, 1893.9], [-120.189431, 39.173264, 1893.9], [-120.189434, 39.173271, 1893.9], [-120.189437, 39.173277, 1893.9], [-120.189439, 39.173282, 1893.9], [-120.189442, 39.173288, 1893.9], [-120.189445, 39.173295, 1893.9], [-120.189447, 39.1733, 1893.9], [-120.18945, 39.173306, 1893.9], [-120.189454, 39.173318, 1893.9], [-120.189457, 39.173323, 1893.9], [-120.189459, 39.17333, 1893.9], [-120.18946, 39.173336, 1893.9], [-120.189464, 39.173348, 1893.9], [-120.189466, 39.173353, 1893.9], [-120.189469, 39.173359, 1893.9], [-120.189471, 39.173365, 1893.9], [-120.189472, 39.173371, 1893.9], [-120.189472, 39.173378, 1893.9], [-120.189477, 39.173386, 1893.9], [-120.189481, 39.173394, 1893.9], [-120.189487, 39.173403, 1893.9], [-120.189493, 39.173413, 1893.9], [-120.189498, 39.173423, 1893.9], [-120.18951, 39.173445, 1893.9], [-120.189516, 39.173457, 1893.9], [-120.189527, 39.173476, 1893.9], [-120.189532, 39.173484, 1893.9], [-120.189536, 39.173492, 1893.9], [-120.189545, 39.173513, 1893.9], [-120.189549, 39.17352, 1893.9], [-120.189552, 39.173528, 1893.9], [-120.189564, 39.173548, 1893.9], [-120.189568, 39.173555, 1893.9], [-120.189573, 39.173563, 1893.9], [-120.189581, 39.173575, 1893.9], [-120.189589, 39.173588, 1893.9], [-120.1896, 39.173608, 1893.9], [-120.189605, 39.173615, 1893.9], [-120.189609, 39.173623, 1893.9], [-120.189623, 39.173641, 1893.9], [-120.189628, 39.173648, 1893.9], [-120.189634, 39.173655, 1893.9], [-120.189641, 39.173666, 1893.9], [-120.189649, 39.173676, 1893.9], [-120.189656, 39.173686, 1893.9], [-120.189663, 39.173695, 1893.9], [-120.189669, 39.173704, 1893.9], [-120.189677, 39.173724, 1893.9], [-120.189687, 39.173742, 1894.0], [-120.189691, 39.173751, 1894.0], [-120.189694, 39.17376, 1893.9], [-120.189699, 39.173768, 1893.9], [-120.189705, 39.173777, 1893.9], [-120.189711, 39.173787, 1893.9], [-120.189716, 39.173796, 1893.9], [-120.189722, 39.173816, 1893.9], [-120.189726, 39.173825, 1894.0], [-120.18973, 39.173835, 1894.0], [-120.189733, 39.173844, 1894.0], [-120.189737, 39.173853, 1894.0], [-120.189743, 39.173863, 1894.0], [-120.189749, 39.173872, 1893.9], [-120.189753, 39.173882, 1893.9], [-120.189756, 39.173893, 1893.9], [-120.189764, 39.173913, 1893.9], [-120.189775, 39.173935, 1894.0], [-120.189778, 39.173946, 1894.0], [-120.189785, 39.173966, 1894.0], [-120.189787, 39.173973, 1893.9], [-120.189789, 39.173981, 1893.9], [-120.189793, 39.173993, 1893.9], [-120.189797, 39.174004, 1893.9], [-120.1898, 39.174014, 1893.9], [-120.189804, 39.174026, 1894.0], [-120.189807, 39.174036, 1894.0], [-120.189811, 39.174047, 1894.0], [-120.189814, 39.174058, 1894.0], [-120.189822, 39.174078, 1894.0], [-120.189833, 39.1741, 1894.0], [-120.189837, 39.174112, 1894.0], [-120.189845, 39.174132, 1894.0], [-120.189847, 39.174141, 1894.0], [-120.189849, 39.174149, 1894.0], [-120.189857, 39.174169, 1894.0], [-120.18986, 39.174176, 1894.0], [-120.189863, 39.174184, 1894.0], [-120.189866, 39.174196, 1894.0], [-120.189871, 39.174207, 1894.0], [-120.189874, 39.174219, 1894.0], [-120.18988, 39.174239, 1894.0], [-120.189883, 39.174247, 1894.0], [-120.189885, 39.174256, 1894.0], [-120.189889, 39.174269, 1894.0], [-120.189892, 39.174283, 1894.0], [-120.189899, 39.174303, 1894.0], [-120.1899, 39.174311, 1894.0], [-120.189902, 39.174319, 1894.0], [-120.189904, 39.174331, 1894.0], [-120.189906, 39.174341, 1894.0], [-120.189908, 39.174353, 1894.0], [-120.18991, 39.174366, 1894.0], [-120.189913, 39.174377, 1894.0], [-120.189915, 39.174388, 1894.0], [-120.189915, 39.17441, 1894.0], [-120.189917, 39.174419, 1894.0], [-120.189919, 39.174427, 1894.0], [-120.189922, 39.174437, 1894.0], [-120.189924, 39.174447, 1894.0], [-120.189925, 39.174458, 1894.0], [-120.189928, 39.174469, 1894.0], [-120.18993, 39.174478, 1894.0], [-120.189931, 39.174485, 1894.0], [-120.189929, 39.174507, 1894.0], [-120.189928, 39.174527, 1894.0], [-120.189928, 39.174536, 1894.0], [-120.189927, 39.174544, 1894.0], [-120.189925, 39.174563, 1894.0], [-120.189923, 39.174572, 1894.0], [-120.189922, 39.17458, 1894.0], [-120.189919, 39.174594, 1894.0], [-120.189915, 39.174606, 1894.0], [-120.189916, 39.174621, 1894.0], [-120.189917, 39.174635, 1894.0], [-120.189918, 39.174656, 1894.0], [-120.189917, 39.174665, 1894.0], [-120.189917, 39.174673, 1894.0], [-120.189915, 39.174696, 1894.0], [-120.189915, 39.174713, 1894.0], [-120.189913, 39.174726, 1894.0], [-120.189912, 39.17474, 1894.0], [-120.189909, 39.174754, 1894.0], [-120.189908, 39.174767, 1894.0], [-120.189905, 39.174788, 1894.0], [-120.189902, 39.174797, 1894.0], [-120.1899, 39.174806, 1894.0], [-120.189894, 39.174827, 1894.0], [-120.189892, 39.174836, 1894.0], [-120.189889, 39.174845, 1894.0], [-120.189885, 39.174867, 1894.0], [-120.189883, 39.174874, 1894.0], [-120.189881, 39.174882, 1894.0], [-120.189873, 39.174902, 1893.9], [-120.189871, 39.17491, 1893.9], [-120.189868, 39.174918, 1893.9], [-120.189862, 39.174939, 1893.9], [-120.189859, 39.174946, 1893.9], [-120.189854, 39.174966, 1893.9], [-120.189851, 39.174977, 1893.9], [-120.189847, 39.174988, 1893.9], [-120.189845, 39.174999, 1893.9], [-120.189842, 39.17501, 1893.9], [-120.189839, 39.17502, 1893.9], [-120.189832, 39.175039, 1893.9], [-120.189828, 39.175048, 1894.0], [-120.189825, 39.175056, 1894.0], [-120.189823, 39.175069, 1894.0], [-120.189826, 39.175102, 1894.0], [-120.189829, 39.175111, 1893.9], [-120.189831, 39.175121, 1893.9], [-120.189828, 39.175132, 1894.0], [-120.189826, 39.175141, 1894.0], [-120.189827, 39.175152, 1894.0], [-120.189828, 39.175164, 1894.0], [-120.189829, 39.175174, 1893.9], [-120.189831, 39.175184, 1893.9], [-120.189834, 39.175195, 1893.9], [-120.189838, 39.175205, 1893.9], [-120.189839, 39.175215, 1893.9], [-120.18984, 39.175224, 1893.9], [-120.18984, 39.175232, 1893.9], [-120.189842, 39.175241, 1893.9], [-120.189843, 39.175249, 1893.9], [-120.189846, 39.175258, 1893.9], [-120.189845, 39.175268, 1893.9], [-120.189845, 39.175309, 1894.0], [-120.189847, 39.175317, 1894.0], [-120.189849, 39.175324, 1894.0], [-120.189849, 39.175346, 1894.0], [-120.18985, 39.175353, 1894.0], [-120.18985, 39.175359, 1894.0], [-120.189851, 39.175366, 1894.0], [-120.189851, 39.175372, 1894.0], [-120.189852, 39.175379, 1894.0], [-120.189859, 39.175421, 1894.0], [-120.18986, 39.175426, 1894.0], [-120.189861, 39.175432, 1894.0], [-120.189862, 39.175437, 1894.0], [-120.189864, 39.175441, 1894.0], [-120.189862, 39.175448, 1894.0], [-120.189861, 39.175458, 1894.0], [-120.18986, 39.175467, 1894.0], [-120.18986, 39.175476, 1894.0], [-120.189862, 39.175496, 1894.0], [-120.189862, 39.175521, 1894.0], [-120.189864, 39.175532, 1894.0], [-120.18987, 39.175537, 1894.0], [-120.189877, 39.17554, 1894.0], [-120.189886, 39.175541, 1894.0], [-120.189898, 39.175547, 1894.0], [-120.189903, 39.17555, 1894.0], [-120.189915, 39.175558, 1894.0], [-120.18992, 39.175562, 1894.0], [-120.189925, 39.175567, 1894.0], [-120.189929, 39.175572, 1894.0], [-120.189942, 39.175585, 1894.0], [-120.189945, 39.175589, 1894.0], [-120.189949, 39.175594, 1894.0], [-120.189952, 39.175599, 1894.0], [-120.189956, 39.175603, 1894.0], [-120.189972, 39.175623, 1894.0], [-120.189974, 39.175628, 1894.0], [-120.189974, 39.175633, 1894.0], [-120.189975, 39.175638, 1894.0], [-120.189977, 39.175642, 1894.0], [-120.189978, 39.175646, 1894.0], [-120.18998, 39.175649, 1894.0], [-120.189983, 39.175653, 1894.0], [-120.189986, 39.175656, 1894.0], [-120.189988, 39.175659, 1894.0], [-120.189992, 39.175663, 1894.0], [-120.189995, 39.175667, 1894.0], [-120.189999, 39.175671, 1894.0], [-120.190002, 39.175675, 1894.0], [-120.190005, 39.17568, 1894.0], [-120.190005, 39.175682, 1894.0], [-120.190008, 39.175683, 1894.0], [-120.190023, 39.175686, 1894.0], [-120.190041, 39.175689, 1894.0], [-120.190049, 39.175689, 1894.0], [-120.190054, 39.175692, 1894.0], [-120.190064, 39.1757, 1894.0], [-120.190074, 39.175706, 1894.0], [-120.190078, 39.175709, 1894.0], [-120.190082, 39.175713, 1894.0], [-120.190092, 39.175719, 1894.0], [-120.190095, 39.175722, 1894.0], [-120.190101, 39.175732, 1894.0], [-120.190107, 39.17574, 1894.0], [-120.190114, 39.175747, 1894.0], [-120.190117, 39.175751, 1894.0], [-120.190121, 39.175755, 1894.0], [-120.190124, 39.175759, 1894.0], [-120.190128, 39.175763, 1894.0], [-120.190132, 39.175768, 1894.0], [-120.190137, 39.175772, 1894.0], [-120.190141, 39.175776, 1894.0], [-120.190147, 39.175779, 1894.0], [-120.190152, 39.175783, 1894.0], [-120.190167, 39.175798, 1894.0], [-120.190172, 39.175802, 1894.0], [-120.190177, 39.175807, 1894.0], [-120.190183, 39.175811, 1894.0], [-120.190188, 39.175818, 1894.0], [-120.190194, 39.175825, 1894.0], [-120.190203, 39.175829, 1894.0], [-120.190212, 39.175835, 1894.0], [-120.190223, 39.175841, 1894.0], [-120.190235, 39.175845, 1894.0], [-120.190248, 39.175849, 1894.0], [-120.190259, 39.175854, 1894.0], [-120.190271, 39.175858, 1894.0], [-120.190283, 39.175863, 1894.0], [-120.190295, 39.175867, 1894.0], [-120.190307, 39.175872, 1894.0], [-120.19032, 39.175878, 1894.0], [-120.190332, 39.175883, 1894.0], [-120.190344, 39.175887, 1894.0], [-120.190366, 39.175897, 1894.0], [-120.190375, 39.175904, 1894.0], [-120.190385, 39.175907, 1894.0], [-120.190393, 39.175909, 1894.0], [-120.190407, 39.175916, 1894.0], [-120.190412, 39.175917, 1894.0], [-120.190417, 39.175916, 1894.0], [-120.190418, 39.175916, 1894.0], [-120.190422, 39.175915, 1894.0], [-120.190427, 39.175915, 1894.0], [-120.190427, 39.175916, 1894.0], [-120.190429, 39.175916, 1894.1], [-120.190429, 39.175917, 1894.1], [-120.19043, 39.175918, 1894.1], [-120.190433, 39.175918, 1894.1], [-120.190434, 39.175917, 1894.1], [-120.190436, 39.175916, 1894.1], [-120.190438, 39.175914, 1894.1], [-120.190441, 39.175913, 1894.1], [-120.19046, 39.175913, 1894.1], [-120.190465, 39.175914, 1894.1], [-120.190472, 39.175914, 1894.1], [-120.190475, 39.175913, 1894.1], [-120.190478, 39.175913, 1894.1], [-120.190482, 39.175912, 1894.1], [-120.190494, 39.175914, 1894.1], [-120.1905, 39.175916, 1894.1], [-120.190506, 39.17592, 1894.1], [-120.190511, 39.175923, 1894.1], [-120.190516, 39.175925, 1894.1], [-120.190521, 39.175928, 1894.1], [-120.190525, 39.17593, 1894.1], [-120.190537, 39.175939, 1894.1], [-120.190542, 39.175944, 1894.1], [-120.190544, 39.175948, 1894.1], [-120.190547, 39.175953, 1894.1], [-120.190549, 39.175956, 1894.1], [-120.190549, 39.175958, 1894.1], [-120.190545, 39.17596, 1894.1], [-120.190544, 39.175961, 1894.1], [-120.190542, 39.175962, 1894.1], [-120.19054, 39.175965, 1894.1], [-120.190536, 39.175969, 1894.1], [-120.190534, 39.175973, 1894.1], [-120.19053, 39.175977, 1894.1], [-120.190528, 39.175981, 1894.1], [-120.19053, 39.175988, 1894.1], [-120.190531, 39.175994, 1894.1], [-120.190534, 39.176001, 1894.1], [-120.190538, 39.176009, 1894.1], [-120.190543, 39.176017, 1894.1], [-120.190549, 39.176026, 1894.1], [-120.190554, 39.176034, 1894.1], [-120.190561, 39.176042, 1894.1], [-120.190569, 39.176052, 1894.1], [-120.190578, 39.176065, 1894.1], [-120.190585, 39.176079, 1894.1], [-120.190594, 39.176094, 1894.1], [-120.190602, 39.176107, 1894.1], [-120.190612, 39.176123, 1894.1], [-120.190624, 39.176137, 1894.1], [-120.190632, 39.176149, 1894.1], [-120.190641, 39.176162, 1894.1], [-120.190651, 39.176173, 1894.1], [-120.19066, 39.176182, 1894.1], [-120.190665, 39.176192, 1894.1], [-120.190671, 39.176198, 1894.1], [-120.190678, 39.176202, 1894.1], [-120.190683, 39.17621, 1894.1], [-120.190688, 39.176215, 1894.1], [-120.190692, 39.17622, 1894.1], [-120.190697, 39.176225, 1894.1], [-120.190701, 39.17623, 1894.1], [-120.190727, 39.176256, 1894.1], [-120.190732, 39.17626, 1894.1], [-120.190734, 39.176262, 1894.1], [-120.190736, 39.176265, 1894.1], [-120.19074, 39.17627, 1894.1], [-120.190741, 39.176274, 1894.1], [-120.190744, 39.176277, 1894.1], [-120.190748, 39.176285, 1894.1], [-120.190751, 39.176289, 1894.1], [-120.190753, 39.176293, 1894.1], [-120.190757, 39.176298, 1894.1], [-120.190761, 39.176304, 1894.1], [-120.190764, 39.176308, 1894.1], [-120.190766, 39.176314, 1894.1], [-120.190767, 39.176319, 1894.1], [-120.190768, 39.176325, 1894.1], [-120.19077, 39.17633, 1894.1], [-120.19077, 39.176334, 1894.1], [-120.190771, 39.176338, 1894.1], [-120.190773, 39.176344, 1894.2], [-120.190773, 39.17635, 1894.2], [-120.190771, 39.176357, 1894.2], [-120.190766, 39.176364, 1894.2], [-120.190765, 39.17637, 1894.2], [-120.190765, 39.176377, 1894.2], [-120.190769, 39.176394, 1894.2], [-120.190771, 39.176402, 1894.2], [-120.190773, 39.176409, 1894.2], [-120.190775, 39.176417, 1894.0], [-120.19078, 39.176439, 1894.0], [-120.190782, 39.176448, 1894.0], [-120.190785, 39.176457, 1894.0], [-120.190791, 39.176469, 1894.0], [-120.190794, 39.176483, 1894.0], [-120.190796, 39.176497, 1894.0], [-120.190798, 39.176512, 1894.0], [-120.190799, 39.176527, 1894.0], [-120.190798, 39.176542, 1894.0], [-120.190799, 39.176556, 1894.0], [-120.190802, 39.17657, 1894.0], [-120.190803, 39.176585, 1894.1], [-120.190805, 39.176599, 1894.1], [-120.190805, 39.176611, 1894.1], [-120.190803, 39.176623, 1894.1], [-120.190806, 39.176634, 1894.1], [-120.190807, 39.176655, 1894.1], [-120.190808, 39.176663, 1894.1], [-120.190808, 39.176681, 1894.1], [-120.19081, 39.176693, 1894.1], [-120.190812, 39.176713, 1894.1], [-120.190814, 39.176723, 1894.1], [-120.190817, 39.176733, 1894.1], [-120.190818, 39.176743, 1894.1], [-120.19082, 39.176754, 1894.1], [-120.190822, 39.176764, 1894.1], [-120.190824, 39.176773, 1894.1], [-120.190827, 39.176783, 1894.1], [-120.190833, 39.176799, 1894.1], [-120.190837, 39.176808, 1894.1], [-120.190838, 39.17681, 1894.1], [-120.19084, 39.176815, 1894.1], [-120.190842, 39.176821, 1894.1], [-120.190844, 39.176829, 1894.1], [-120.190848, 39.176836, 1894.1], [-120.190851, 39.176843, 1894.1], [-120.190852, 39.176845, 1894.1], [-120.190854, 39.17685, 1894.1], [-120.190854, 39.176851, 1894.1], [-120.190856, 39.176854, 1894.1], [-120.190862, 39.17686, 1894.2], [-120.190867, 39.176871, 1894.2], [-120.190872, 39.176881, 1894.2], [-120.190876, 39.176891, 1894.2], [-120.190879, 39.1769, 1894.2], [-120.190883, 39.176908, 1894.2], [-120.190888, 39.176916, 1894.2], [-120.190891, 39.176923, 1894.1], [-120.190903, 39.176944, 1894.1], [-120.190907, 39.176951, 1894.1], [-120.190913, 39.176965, 1894.1], [-120.190917, 39.176972, 1894.1], [-120.19092, 39.176979, 1894.1], [-120.190925, 39.176988, 1894.1], [-120.190926, 39.176995, 1894.1], [-120.190936, 39.177011, 1894.1], [-120.190948, 39.177035, 1894.1], [-120.190952, 39.177042, 1894.1], [-120.190953, 39.177044, 1894.1], [-120.190956, 39.177049, 1894.1], [-120.190959, 39.177056, 1894.1], [-120.190964, 39.177063, 1894.1], [-120.190968, 39.17707, 1894.1], [-120.190973, 39.177077, 1894.1], [-120.190981, 39.177085, 1894.1], [-120.190988, 39.177094, 1894.1], [-120.190994, 39.177104, 1894.1], [-120.191001, 39.177114, 1894.1], [-120.191007, 39.177125, 1894.2], [-120.191014, 39.177136, 1894.2], [-120.19102, 39.177147, 1894.2], [-120.191026, 39.177157, 1894.2], [-120.191033, 39.177167, 1894.1], [-120.191041, 39.177177, 1894.1], [-120.191048, 39.177188, 1894.2], [-120.191055, 39.177197, 1894.2], [-120.191061, 39.177208, 1894.2], [-120.191068, 39.177218, 1894.2], [-120.191074, 39.177228, 1894.1], [-120.191081, 39.177237, 1894.1], [-120.191093, 39.177253, 1894.1], [-120.191099, 39.17726, 1894.1], [-120.191105, 39.177268, 1894.1], [-120.191111, 39.177277, 1894.2], [-120.191117, 39.177285, 1894.1], [-120.191124, 39.177294, 1894.1], [-120.191131, 39.177302, 1894.1], [-120.191139, 39.17731, 1894.1], [-120.191147, 39.177319, 1894.2], [-120.191155, 39.177327, 1894.2], [-120.191162, 39.177336, 1894.1], [-120.191168, 39.177345, 1894.1], [-120.191175, 39.177354, 1894.1], [-120.191187, 39.177372, 1894.1], [-120.191193, 39.17738, 1894.1], [-120.191198, 39.17739, 1894.1], [-120.191204, 39.177399, 1894.1], [-120.191225, 39.177426, 1894.1], [-120.191233, 39.177436, 1894.1], [-120.191241, 39.177445, 1894.1], [-120.191255, 39.177463, 1894.1], [-120.19126, 39.17747, 1894.1], [-120.191266, 39.177477, 1894.1], [-120.19128, 39.177494, 1894.1], [-120.191292, 39.177508, 1894.1], [-120.191301, 39.177518, 1894.1], [-120.191318, 39.177535, 1894.1], [-120.191328, 39.177544, 1894.1], [-120.191336, 39.177553, 1894.1], [-120.191354, 39.177569, 1894.1], [-120.191362, 39.177577, 1894.1], [-120.191371, 39.177585, 1894.1], [-120.19138, 39.177592, 1894.1], [-120.191391, 39.177598, 1894.1], [-120.191402, 39.177605, 1894.1], [-120.191411, 39.177613, 1894.1], [-120.191423, 39.177621, 1894.1], [-120.191434, 39.17763, 1894.1], [-120.191444, 39.177638, 1894.1], [-120.191454, 39.177647, 1894.1], [-120.191464, 39.177657, 1894.1], [-120.191482, 39.177672, 1894.1], [-120.191489, 39.177679, 1894.1], [-120.191496, 39.177685, 1894.1], [-120.191514, 39.177702, 1894.1], [-120.191521, 39.177709, 1894.1], [-120.191529, 39.177715, 1894.1], [-120.191551, 39.177733, 1894.1], [-120.191569, 39.177751, 1894.1], [-120.191579, 39.17776, 1894.1], [-120.191598, 39.177779, 1894.1], [-120.191609, 39.177787, 1894.1], [-120.191618, 39.177796, 1894.1], [-120.191628, 39.177804, 1894.1], [-120.191637, 39.177811, 1894.1], [-120.191646, 39.177819, 1894.1], [-120.191655, 39.177826, 1894.1], [-120.191665, 39.177833, 1894.1], [-120.191673, 39.17784, 1894.1], [-120.191691, 39.177854, 1894.1], [-120.191701, 39.17786, 1894.1], [-120.191712, 39.177867, 1894.1], [-120.191722, 39.177876, 1894.1], [-120.191734, 39.177884, 1894.1], [-120.191747, 39.177893, 1894.1], [-120.191761, 39.177902, 1894.1], [-120.191789, 39.177922, 1894.1], [-120.191804, 39.177932, 1894.1], [-120.19182, 39.177941, 1894.1], [-120.191836, 39.177951, 1894.1], [-120.191853, 39.177961, 1894.1], [-120.191868, 39.177972, 1894.1], [-120.191883, 39.177982, 1894.1], [-120.191898, 39.177993, 1894.1], [-120.191913, 39.178003, 1894.1], [-120.191945, 39.178023, 1894.1], [-120.191961, 39.178032, 1894.1], [-120.191976, 39.178042, 1894.2], [-120.191991, 39.178051, 1894.1], [-120.192005, 39.178059, 1894.1], [-120.192028, 39.178072, 1894.1], [-120.192046, 39.178082, 1894.1], [-120.192059, 39.178089, 1894.1], [-120.192107, 39.178113, 1894.1], [-120.192118, 39.178118, 1894.1], [-120.19213, 39.178124, 1894.1], [-120.192142, 39.178128, 1894.1], [-120.192156, 39.178132, 1894.1], [-120.192168, 39.178138, 1894.1], [-120.192181, 39.178144, 1894.1], [-120.192194, 39.178151, 1894.1], [-120.192214, 39.178166, 1894.1], [-120.192223, 39.178172, 1894.1], [-120.192231, 39.178178, 1894.1], [-120.192246, 39.178186, 1894.1], [-120.192261, 39.178195, 1894.1], [-120.192274, 39.178205, 1894.1], [-120.192304, 39.17823, 1894.1], [-120.192317, 39.178243, 1894.1], [-120.192337, 39.178267, 1894.0], [-120.19235, 39.178277, 1894.0], [-120.192359, 39.178289, 1894.0], [-120.19237, 39.178301, 1894.1], [-120.19238, 39.178315, 1894.1], [-120.19239, 39.178328, 1894.1], [-120.19241, 39.178352, 1894.0], [-120.192421, 39.178363, 1894.0], [-120.192433, 39.178373, 1894.0], [-120.192446, 39.178387, 1894.0], [-120.192466, 39.178411, 1894.1], [-120.192472, 39.178419, 1894.1], [-120.192484, 39.178447, 1894.1], [-120.192487, 39.178456, 1894.1], [-120.192494, 39.178487, 1894.1], [-120.192497, 39.178497, 1894.1], [-120.192506, 39.178525, 1894.1], [-120.19251, 39.178534, 1894.1], [-120.192517, 39.178563, 1894.1], [-120.19252, 39.178573, 1894.1], [-120.192524, 39.178591, 1894.1], [-120.19253, 39.178607, 1894.1], [-120.19254, 39.178621, 1894.1], [-120.192554, 39.178632, 1894.1], [-120.192569, 39.178641, 1894.1], [-120.192583, 39.178647, 1894.0], [-120.19261, 39.178656, 1894.1], [-120.192621, 39.178658, 1894.1], [-120.192631, 39.178661, 1894.1], [-120.192646, 39.178665, 1894.1], [-120.192661, 39.178668, 1894.1], [-120.192675, 39.178672, 1894.0], [-120.192688, 39.178676, 1894.0], [-120.19271, 39.17869, 1894.1], [-120.192722, 39.178695, 1894.1], [-120.192732, 39.178701, 1894.1], [-120.192743, 39.178706, 1894.1], [-120.192754, 39.178712, 1894.0], [-120.192765, 39.178719, 1894.1], [-120.192775, 39.178726, 1894.1], [-120.192785, 39.178734, 1894.1], [-120.192821, 39.17877, 1894.1], [-120.19283, 39.17878, 1894.1], [-120.192862, 39.178812, 1894.1], [-120.192875, 39.178823, 1894.1], [-120.192888, 39.178835, 1894.1], [-120.192903, 39.178847, 1894.1], [-120.192917, 39.178859, 1894.1], [-120.192947, 39.178881, 1894.1], [-120.192963, 39.178892, 1894.1], [-120.192979, 39.178902, 1894.1], [-120.192995, 39.178913, 1894.1], [-120.19301, 39.178923, 1894.1], [-120.193025, 39.178934, 1894.1], [-120.193039, 39.178945, 1894.1], [-120.193052, 39.178956, 1894.1], [-120.193064, 39.178968, 1894.1], [-120.193077, 39.17898, 1894.1], [-120.19309, 39.178991, 1894.1], [-120.193103, 39.179001, 1894.1], [-120.193117, 39.179012, 1894.1], [-120.193129, 39.179023, 1894.1], [-120.193141, 39.179033, 1894.1], [-120.193154, 39.179043, 1894.1], [-120.193164, 39.179055, 1894.1], [-120.193174, 39.179068, 1894.1], [-120.193184, 39.17908, 1894.1], [-120.193208, 39.179104, 1894.1], [-120.19322, 39.179115, 1894.1], [-120.193232, 39.179127, 1894.1], [-120.193243, 39.179139, 1894.1], [-120.193255, 39.179152, 1894.1], [-120.193267, 39.179164, 1894.1], [-120.193295, 39.179188, 1894.1], [-120.193309, 39.179199, 1894.1], [-120.193325, 39.17921, 1894.1], [-120.193342, 39.179221, 1894.1], [-120.193358, 39.179231, 1894.1], [-120.193394, 39.179251, 1894.1], [-120.193432, 39.179269, 1894.1], [-120.193452, 39.179278, 1894.1], [-120.193483, 39.179293, 1894.1], [-120.193494, 39.179298, 1894.1], [-120.193526, 39.179313, 1894.1], [-120.193537, 39.179318, 1894.1], [-120.193571, 39.179332, 1894.1], [-120.193583, 39.179337, 1894.1], [-120.193617, 39.179352, 1894.1], [-120.193629, 39.179357, 1894.1], [-120.193663, 39.179371, 1894.1], [-120.193675, 39.179376, 1894.1], [-120.19371, 39.179389, 1894.1], [-120.193722, 39.179393, 1894.1], [-120.193758, 39.179406, 1894.1], [-120.19377, 39.17941, 1894.1], [-120.193804, 39.179423, 1894.1], [-120.193816, 39.179427, 1894.1], [-120.193848, 39.17944, 1894.1], [-120.193859, 39.179444, 1894.1], [-120.193891, 39.179458, 1894.1], [-120.193901, 39.179462, 1894.1], [-120.193921, 39.179471, 1894.1], [-120.19394, 39.179481, 1894.1], [-120.193971, 39.179495, 1894.1], [-120.193981, 39.1795, 1894.1], [-120.194009, 39.179517, 1894.1], [-120.194019, 39.179522, 1894.1], [-120.194037, 39.179532, 1894.1], [-120.194073, 39.179554, 1894.1], [-120.19409, 39.179565, 1894.1], [-120.194106, 39.179575, 1894.1], [-120.194123, 39.179585, 1894.1], [-120.194139, 39.179595, 1894.1], [-120.194154, 39.179604, 1894.1], [-120.19417, 39.179613, 1894.1], [-120.194184, 39.179622, 1894.1], [-120.194199, 39.179632, 1894.1], [-120.194214, 39.179641, 1894.1], [-120.19423, 39.17965, 1894.1], [-120.19426, 39.17967, 1894.1], [-120.194275, 39.179681, 1894.1], [-120.194289, 39.179692, 1894.1], [-120.194304, 39.179702, 1894.1], [-120.194318, 39.179712, 1894.1], [-120.194333, 39.179722, 1894.1], [-120.194359, 39.17974, 1894.1], [-120.194381, 39.179756, 1894.1], [-120.194389, 39.179761, 1894.1], [-120.194398, 39.179767, 1894.1], [-120.194418, 39.179783, 1894.1], [-120.194425, 39.179789, 1894.1], [-120.194433, 39.179796, 1894.1], [-120.194446, 39.179806, 1894.1], [-120.19446, 39.179815, 1894.2], [-120.194474, 39.179825, 1894.1], [-120.194489, 39.179835, 1894.1], [-120.194523, 39.179855, 1894.1], [-120.194539, 39.179865, 1894.1], [-120.194571, 39.179883, 1894.1], [-120.194586, 39.179891, 1894.1], [-120.194601, 39.1799, 1894.1], [-120.194615, 39.179908, 1894.1], [-120.194636, 39.179921, 1894.1], [-120.194643, 39.179927, 1894.1], [-120.194651, 39.179932, 1894.1], [-120.194661, 39.17994, 1894.1], [-120.194683, 39.179958, 1894.2], [-120.194703, 39.179974, 1894.2], [-120.194712, 39.179981, 1894.2], [-120.19472, 39.179988, 1894.2], [-120.194733, 39.179998, 1894.1], [-120.194746, 39.180009, 1894.1], [-120.194764, 39.180026, 1894.2], [-120.194771, 39.180032, 1894.1], [-120.194778, 39.180039, 1894.1], [-120.194787, 39.180051, 1894.1], [-120.194796, 39.180064, 1894.1], [-120.194812, 39.180092, 1894.1], [-120.194822, 39.180124, 1894.1], [-120.194826, 39.180141, 1894.1], [-120.194831, 39.180159, 1894.1], [-120.194834, 39.180176, 1894.1], [-120.194836, 39.180193, 1894.1], [-120.194838, 39.180211, 1894.1], [-120.19484, 39.180228, 1894.1], [-120.19484, 39.180246, 1894.1], [-120.194841, 39.180262, 1894.1], [-120.194842, 39.180279, 1894.1], [-120.194843, 39.180295, 1894.1], [-120.194845, 39.180325, 1894.1], [-120.194846, 39.180338, 1894.1], [-120.194847, 39.180352, 1894.1], [-120.194848, 39.180374, 1894.1], [-120.194848, 39.180413, 1894.1], [-120.194849, 39.180421, 1894.1], [-120.194849, 39.180429, 1894.1], [-120.194851, 39.180453, 1894.1], [-120.194852, 39.180464, 1894.1], [-120.194852, 39.180474, 1894.1], [-120.194853, 39.180485, 1894.1], [-120.194854, 39.180495, 1894.1], [-120.194856, 39.180505, 1894.1], [-120.194857, 39.180515, 1894.1], [-120.19486, 39.180524, 1894.1], [-120.194861, 39.180535, 1894.1], [-120.194862, 39.180545, 1894.1], [-120.194866, 39.180565, 1894.1], [-120.194869, 39.180576, 1894.1], [-120.19487, 39.180587, 1894.1], [-120.194872, 39.180597, 1894.1], [-120.194873, 39.180608, 1894.1], [-120.194875, 39.180619, 1894.1], [-120.194877, 39.180639, 1894.1], [-120.194879, 39.180648, 1894.1], [-120.19488, 39.180658, 1894.1], [-120.194882, 39.180667, 1894.1], [-120.194883, 39.180677, 1894.1], [-120.194883, 39.180688, 1894.1], [-120.194886, 39.180698, 1894.1], [-120.194889, 39.180709, 1894.1], [-120.194891, 39.180719, 1894.1], [-120.194894, 39.18073, 1894.1], [-120.194896, 39.180741, 1894.1], [-120.1949, 39.180752, 1894.1], [-120.194904, 39.180762, 1894.1], [-120.194909, 39.180771, 1894.1], [-120.194915, 39.18078, 1894.1], [-120.19492, 39.180788, 1894.1], [-120.194926, 39.180796, 1894.1], [-120.194932, 39.180802, 1894.1], [-120.194939, 39.180806, 1894.1], [-120.194946, 39.180811, 1894.1], [-120.19495, 39.180819, 1894.1], [-120.194949, 39.180828, 1894.1], [-120.194946, 39.180838, 1894.1], [-120.194942, 39.180849, 1894.1], [-120.19493, 39.180869, 1894.1], [-120.194926, 39.18088, 1894.1], [-120.19492, 39.1809, 1894.1], [-120.194918, 39.180908, 1894.1], [-120.194917, 39.180916, 1894.1], [-120.194917, 39.180928, 1894.1], [-120.194919, 39.18094, 1894.1], [-120.19492, 39.180952, 1894.1], [-120.194922, 39.180963, 1894.1], [-120.194924, 39.180973, 1894.1], [-120.194926, 39.180984, 1894.1], [-120.19493, 39.181004, 1894.1], [-120.194932, 39.181015, 1894.1], [-120.194935, 39.181025, 1894.1], [-120.194938, 39.181034, 1894.1], [-120.19494, 39.181044, 1894.1], [-120.194943, 39.181053, 1894.1], [-120.194946, 39.181063, 1894.1], [-120.194949, 39.181071, 1894.1], [-120.194955, 39.181089, 1894.1], [-120.194959, 39.181098, 1894.1], [-120.194962, 39.181107, 1894.1], [-120.194966, 39.181116, 1894.1], [-120.19497, 39.181124, 1894.1], [-120.194974, 39.181133, 1894.1], [-120.194978, 39.181141, 1894.1], [-120.194981, 39.181149, 1894.1], [-120.194989, 39.181165, 1894.1], [-120.194993, 39.181174, 1894.1], [-120.194998, 39.181183, 1894.1], [-120.195003, 39.181193, 1894.1], [-120.195007, 39.181203, 1894.1], [-120.195019, 39.181225, 1894.1], [-120.195024, 39.181236, 1894.1], [-120.195031, 39.181247, 1894.1], [-120.195042, 39.181266, 1894.1], [-120.195047, 39.181273, 1894.1], [-120.195052, 39.181281, 1894.1], [-120.195059, 39.181292, 1894.1], [-120.195065, 39.181303, 1894.1], [-120.195072, 39.181314, 1894.1], [-120.195078, 39.181324, 1894.1], [-120.195085, 39.181334, 1894.1], [-120.195092, 39.181345, 1894.1], [-120.195106, 39.181365, 1894.1], [-120.195112, 39.181375, 1894.1], [-120.195118, 39.181384, 1894.1], [-120.195125, 39.181393, 1894.1], [-120.19513, 39.181402, 1894.1], [-120.195136, 39.18141, 1894.1], [-120.195141, 39.181419, 1894.1], [-120.195146, 39.181427, 1894.1], [-120.195151, 39.181436, 1894.1], [-120.195155, 39.181445, 1894.1], [-120.19516, 39.181454, 1894.1], [-120.195166, 39.181464, 1894.1], [-120.195171, 39.181473, 1894.1], [-120.195177, 39.181482, 1894.1], [-120.195182, 39.181491, 1894.1], [-120.195197, 39.181521, 1894.1], [-120.195201, 39.181531, 1894.1], [-120.195204, 39.181541, 1894.1], [-120.195207, 39.18155, 1894.1], [-120.195208, 39.181561, 1894.1], [-120.195209, 39.181571, 1894.1], [-120.195211, 39.181581, 1894.1], [-120.195213, 39.18159, 1894.1], [-120.195221, 39.18161, 1894.1], [-120.195225, 39.18162, 1894.1], [-120.195227, 39.181629, 1894.1], [-120.19523, 39.181639, 1894.1], [-120.195232, 39.181648, 1894.1], [-120.195235, 39.181656, 1894.1], [-120.195236, 39.181666, 1894.1], [-120.195238, 39.181676, 1894.1], [-120.19524, 39.181687, 1894.1], [-120.195246, 39.181707, 1894.1], [-120.19525, 39.181715, 1894.1], [-120.195252, 39.181724, 1894.1], [-120.195256, 39.181744, 1894.1], [-120.195257, 39.181752, 1894.1], [-120.195259, 39.181761, 1894.1], [-120.195262, 39.181769, 1894.1], [-120.195265, 39.181778, 1894.1], [-120.195268, 39.181786, 1894.1], [-120.19527, 39.181795, 1894.1], [-120.195272, 39.181813, 1894.1], [-120.195275, 39.181821, 1894.1], [-120.195279, 39.18183, 1894.2], [-120.195281, 39.181838, 1894.2], [-120.195284, 39.181846, 1894.1], [-120.195286, 39.181855, 1894.1], [-120.195288, 39.181863, 1894.1], [-120.19529, 39.181872, 1894.1], [-120.195293, 39.18188, 1894.1], [-120.195295, 39.181889, 1894.1], [-120.195295, 39.181899, 1894.1], [-120.195297, 39.181908, 1894.2], [-120.1953, 39.181917, 1894.2], [-120.195303, 39.181925, 1894.2], [-120.195306, 39.181934, 1894.2], [-120.19531, 39.181943, 1894.2], [-120.195313, 39.181952, 1894.2], [-120.195318, 39.18196, 1894.2], [-120.195326, 39.18198, 1894.2], [-120.195331, 39.181991, 1894.2], [-120.195337, 39.182002, 1894.2], [-120.195344, 39.182013, 1894.2], [-120.195351, 39.182023, 1894.2], [-120.195359, 39.182037, 1894.2], [-120.195369, 39.182049, 1894.2], [-120.195389, 39.182071, 1894.2], [-120.195404, 39.182082, 1894.2], [-120.195419, 39.182094, 1894.2], [-120.195433, 39.182107, 1894.2], [-120.195449, 39.182121, 1894.2], [-120.195463, 39.18213, 1894.1], [-120.195482, 39.182141, 1894.2], [-120.195512, 39.182161, 1894.1], [-120.195523, 39.182167, 1894.1], [-120.19556, 39.182186, 1894.1], [-120.195572, 39.182192, 1894.1], [-120.195607, 39.18221, 1894.1], [-120.195618, 39.182215, 1894.1], [-120.19565, 39.182231, 1894.0], [-120.195661, 39.182236, 1894.0], [-120.195696, 39.182258, 1894.0], [-120.195708, 39.182266, 1894.0], [-120.195736, 39.182288, 1894.0], [-120.195746, 39.182295, 1894.0], [-120.195775, 39.182316, 1893.9], [-120.195783, 39.182323, 1893.9], [-120.195804, 39.182346, 1893.9], [-120.195824, 39.182366, 1893.9], [-120.195837, 39.182381, 1894.0], [-120.195848, 39.182395, 1893.9], [-120.195857, 39.18241, 1893.9], [-120.195865, 39.182423, 1893.9], [-120.195871, 39.182435, 1893.9], [-120.195876, 39.182455, 1893.9], [-120.195877, 39.182464, 1893.9], [-120.195878, 39.182472, 1893.9], [-120.195878, 39.182485, 1893.9], [-120.195874, 39.182515, 1893.9], [-120.195875, 39.182529, 1893.9], [-120.195875, 39.182557, 1893.9], [-120.195876, 39.182571, 1893.9], [-120.195876, 39.182585, 1893.9], [-120.195873, 39.182596, 1893.9], [-120.195871, 39.182609, 1893.9], [-120.195869, 39.182619, 1893.9], [-120.195868, 39.182629, 1893.9], [-120.195865, 39.182639, 1893.9], [-120.195864, 39.182649, 1894.0], [-120.195867, 39.182658, 1894.0], [-120.19587, 39.182665, 1894.0], [-120.195875, 39.182672, 1894.0], [-120.195877, 39.182678, 1893.9], [-120.195878, 39.182685, 1893.9], [-120.195879, 39.182693, 1893.9], [-120.195876, 39.182701, 1893.9], [-120.19587, 39.182709, 1893.9], [-120.195866, 39.182716, 1893.9], [-120.195865, 39.182724, 1893.9], [-120.195866, 39.182733, 1893.9], [-120.195864, 39.182741, 1893.8], [-120.195862, 39.182748, 1893.8], [-120.195857, 39.182752, 1893.8], [-120.195855, 39.182758, 1893.8], [-120.195855, 39.182761, 1893.8], [-120.195853, 39.182767, 1893.8], [-120.19585, 39.182771, 1893.8], [-120.195848, 39.182778, 1893.8], [-120.195849, 39.182786, 1893.8], [-120.195852, 39.182794, 1893.8], [-120.195852, 39.182802, 1893.8], [-120.195853, 39.182809, 1893.8], [-120.195856, 39.182816, 1893.8], [-120.195859, 39.182828, 1893.8], [-120.195867, 39.182842, 1893.8], [-120.195875, 39.182857, 1893.8], [-120.195886, 39.182884, 1893.7], [-120.195892, 39.182894, 1893.8], [-120.195912, 39.18293, 1893.7], [-120.19592, 39.182943, 1893.7], [-120.195934, 39.182971, 1893.7], [-120.195945, 39.182999, 1893.7], [-120.195954, 39.183027, 1893.7], [-120.195964, 39.183054, 1893.6], [-120.195982, 39.183089, 1893.7], [-120.195989, 39.1831, 1893.7], [-120.195999, 39.183118, 1893.5], [-120.196007, 39.183131, 1893.5], [-120.196018, 39.183143, 1893.6], [-120.19603, 39.183152, 1893.6], [-120.196042, 39.183162, 1893.6], [-120.196051, 39.183175, 1893.5], [-120.196061, 39.18319, 1893.5], [-120.196072, 39.183204, 1893.5], [-120.196091, 39.18323, 1893.5], [-120.196097, 39.183239, 1893.5], [-120.196115, 39.183267, 1893.5], [-120.196122, 39.183276, 1893.4], [-120.196142, 39.183305, 1893.3], [-120.196149, 39.183314, 1893.3], [-120.19617, 39.183344, 1893.3], [-120.196178, 39.183354, 1893.3], [-120.196201, 39.183383, 1893.3], [-120.196209, 39.183392, 1893.3], [-120.196234, 39.183422, 1893.3], [-120.196243, 39.183433, 1893.3], [-120.196269, 39.183463, 1893.3], [-120.196278, 39.183472, 1893.2], [-120.196305, 39.183501, 1893.2], [-120.196313, 39.183509, 1893.2], [-120.196343, 39.183536, 1893.2], [-120.196354, 39.183544, 1893.0], [-120.196383, 39.18357, 1893.0], [-120.196393, 39.183579, 1892.7], [-120.196427, 39.183601, 1892.8], [-120.19644, 39.183607, 1892.8], [-120.196476, 39.183624, 1892.8], [-120.196487, 39.183629, 1892.8], [-120.196508, 39.183637, 1892.7], [-120.196526, 39.183646, 1892.8], [-120.19654, 39.183658, 1892.8], [-120.196558, 39.183669, 1892.8], [-120.196582, 39.183688, 1892.9], [-120.196592, 39.183695, 1892.9], [-120.196626, 39.183717, 1892.8], [-120.196639, 39.183725, 1892.8], [-120.196673, 39.183746, 1892.9], [-120.196684, 39.183754, 1892.9], [-120.196714, 39.183775, 1892.8], [-120.196726, 39.183782, 1892.8], [-120.196759, 39.183801, 1892.8], [-120.196769, 39.183808, 1892.8], [-120.196785, 39.183823, 1892.9], [-120.196792, 39.183838, 1892.9], [-120.196796, 39.183856, 1892.9], [-120.196803, 39.183873, 1892.9], [-120.196815, 39.183893, 1892.9], [-120.196823, 39.183909, 1892.8], [-120.196814, 39.183927, 1892.8], [-120.196813, 39.183936, 1892.8], [-120.196811, 39.183945, 1892.8], [-120.196808, 39.183959, 1892.8], [-120.196801, 39.183977, 1892.8], [-120.196779, 39.184006, 1892.7], [-120.19677, 39.184016, 1892.7], [-120.196746, 39.184044, 1892.7], [-120.196741, 39.184051, 1892.7], [-120.196709, 39.184081, 1892.7], [-120.196686, 39.184102, 1892.6], [-120.196665, 39.184126, 1892.6], [-120.196645, 39.18415, 1892.5], [-120.196621, 39.184181, 1892.4], [-120.196609, 39.184195, 1892.4], [-120.196579, 39.184226, 1892.4], [-120.196567, 39.184236, 1892.3], [-120.196533, 39.184261, 1892.3], [-120.196522, 39.184269, 1892.3], [-120.196498, 39.184288, 1892.3], [-120.196468, 39.184306, 1892.2], [-120.196452, 39.184317, 1892.2], [-120.196429, 39.184334, 1892.2], [-120.196423, 39.184339, 1892.2], [-120.196417, 39.184343, 1892.2], [-120.19641, 39.184359, 1892.2], [-120.196391, 39.184374, 1892.1], [-120.19636, 39.184399, 1892.1], [-120.196349, 39.184407, 1892.1], [-120.196315, 39.184428, 1892.1], [-120.196303, 39.184433, 1892.0], [-120.196262, 39.184452, 1891.9], [-120.196248, 39.184458, 1891.9], [-120.196216, 39.184469, 1891.8], [-120.196168, 39.184482, 1891.8], [-120.196152, 39.184486, 1891.8], [-120.196107, 39.184502, 1891.7], [-120.196092, 39.184507, 1891.7], [-120.196059, 39.184517, 1891.7], [-120.196023, 39.184529, 1891.6], [-120.19599, 39.184538, 1891.6], [-120.195957, 39.184551, 1891.6], [-120.195913, 39.184566, 1891.5], [-120.195853, 39.184582, 1891.3], [-120.195793, 39.184597, 1891.3], [-120.195779, 39.1846, 1891.3], [-120.195737, 39.184606, 1891.3], [-120.195723, 39.184609, 1891.3], [-120.195685, 39.184619, 1891.3], [-120.195672, 39.184623, 1891.3], [-120.195634, 39.184634, 1891.3], [-120.195621, 39.184637, 1891.2], [-120.195584, 39.184649, 1891.2], [-120.195551, 39.184663, 1891.2], [-120.19552, 39.184682, 1891.0], [-120.195493, 39.184703, 1890.9], [-120.195457, 39.184732, 1890.9], [-120.195442, 39.184745, 1890.8], [-120.19542, 39.184766, 1890.8], [-120.195397, 39.184789, 1890.8], [-120.195378, 39.184812, 1890.7], [-120.19536, 39.184836, 1890.6], [-120.195342, 39.18486, 1890.6], [-120.19532, 39.184895, 1890.5], [-120.195314, 39.184907, 1890.4], [-120.195302, 39.184946, 1890.3], [-120.195298, 39.18496, 1890.3], [-120.19529, 39.184987, 1890.3], [-120.195275, 39.185013, 1890.2], [-120.195256, 39.185049, 1890.3], [-120.195248, 39.185061, 1890.3], [-120.195231, 39.185087, 1890.1], [-120.195217, 39.185112, 1890.2], [-120.195207, 39.185138, 1890.2], [-120.195196, 39.185173, 1890.1], [-120.195192, 39.185184, 1890.1], [-120.195174, 39.185219, 1890.0], [-120.195167, 39.18523, 1890.0], [-120.195147, 39.185254, 1890.0], [-120.19514, 39.18526, 1890.0], [-120.195129, 39.185274, 1890.0], [-120.195124, 39.185291, 1890.0], [-120.195118, 39.185306, 1890.0], [-120.19511, 39.185321, 1890.0], [-120.195101, 39.185332, 1890.0], [-120.195091, 39.18534, 1890.0], [-120.195078, 39.185343, 1890.0], [-120.195067, 39.185343, 1890.0], [-120.195057, 39.185341, 1890.0], [-120.195047, 39.185338, 1890.0], [-120.19504, 39.185333, 1890.0], [-120.195035, 39.185328, 1890.0], [-120.195033, 39.185324, 1890.0], [-120.195029, 39.185321, 1890.0], [-120.195026, 39.185317, 1890.0], [-120.195027, 39.185315, 1890.0], [-120.19503, 39.185313, 1890.0], [-120.195027, 39.185308, 1890.0], [-120.195024, 39.185301, 1890.0], [-120.195024, 39.185298, 1890.0], [-120.195023, 39.185292, 1890.1], [-120.195021, 39.185289, 1890.1], [-120.195019, 39.185275, 1890.1], [-120.195017, 39.185266, 1890.1], [-120.195016, 39.185258, 1890.1], [-120.195014, 39.185249, 1890.1], [-120.195011, 39.185242, 1890.1], [-120.195012, 39.185234, 1890.1], [-120.195009, 39.185227, 1890.1], [-120.195001, 39.185221, 1890.1], [-120.19499, 39.18521, 1890.1], [-120.194978, 39.185199, 1890.0], [-120.194974, 39.185196, 1890.0], [-120.194971, 39.185193, 1890.0], [-120.194965, 39.185189, 1890.0], [-120.194958, 39.185187, 1890.0], [-120.194959, 39.185187, 1890.0], [-120.194956, 39.185186, 1890.0], [-120.194954, 39.185185, 1890.0], [-120.194955, 39.185184, 1890.0], [-120.194953, 39.185184, 1890.0], [-120.194954, 39.185183, 1890.0], [-120.194953, 39.185183, 1890.0], [-120.194953, 39.185185, 1890.0], [-120.194951, 39.185185, 1890.0], [-120.194951, 39.185186, 1890.0], [-120.19495, 39.185187, 1890.0], [-120.194949, 39.185186, 1890.0], [-120.194949, 39.185187, 1890.0], [-120.19495, 39.185187, 1890.0], [-120.194951, 39.185188, 1890.0], [-120.19495, 39.185188, 1890.0], [-120.194951, 39.185189, 1890.0], [-120.194951, 39.18519, 1890.0], [-120.194928, 39.18519, 1889.9], [-120.194924, 39.185188, 1889.9], [-120.194925, 39.185189, 1889.9], [-120.194925, 39.185188, 1889.9], [-120.194927, 39.185189, 1889.9], [-120.194925, 39.185193, 1889.9], [-120.194918, 39.185198, 1889.9], [-120.194908, 39.185202, 1890.1], [-120.194897, 39.185203, 1890.1], [-120.194892, 39.185205, 1889.9], [-120.194892, 39.185209, 1889.9], [-120.194893, 39.185209, 1890.1], [-120.194894, 39.185204, 1890.1], [-120.194894, 39.185197, 1890.0], [-120.194892, 39.185197, 1890.2], [-120.194891, 39.185199, 1890.2], [-120.194895, 39.185201, 1890.1], [-120.194896, 39.185201, 1890.1], [-120.194896, 39.185202, 1890.1], [-120.194897, 39.185202, 1890.1], [-120.194896, 39.185203, 1890.1], [-120.194896, 39.185204, 1890.1], [-120.194894, 39.185204, 1890.1], [-120.194896, 39.185203, 1890.2], [-120.194897, 39.185201, 1890.2], [-120.194901, 39.185197, 1890.0], [-120.194906, 39.185191, 1890.0], [-120.194914, 39.185185, 1890.0], [-120.194932, 39.185181, 1890.0], [-120.194948, 39.185182, 1890.1], [-120.194955, 39.18518, 1890.1], [-120.194947, 39.185177, 1890.1], [-120.194937, 39.185174, 1890.1], [-120.194924, 39.185174, 1890.1], [-120.194917, 39.185173, 1890.1], [-120.194915, 39.185174, 1890.1], [-120.194915, 39.185175, 1890.1], [-120.194913, 39.185175, 1890.1], [-120.194912, 39.185176, 1890.1], [-120.194909, 39.185176, 1890.1], [-120.194907, 39.185177, 1890.1], [-120.194909, 39.185177, 1890.1], [-120.194912, 39.185175, 1890.1], [-120.194913, 39.185177, 1890.1], [-120.194918, 39.185175, 1890.1], [-120.194922, 39.185173, 1890.1], [-120.194924, 39.185174, 1890.1], [-120.194925, 39.185172, 1890.1], [-120.194922, 39.185173, 1890.1], [-120.194908, 39.185181, 1890.1], [-120.194895, 39.185194, 1890.1], [-120.19489, 39.185198, 1890.1], [-120.194888, 39.185201, 1890.1], [-120.194887, 39.185201, 1890.1], [-120.194889, 39.185199, 1890.1], [-120.194889, 39.185197, 1890.1], [-120.194885, 39.185196, 1890.1], [-120.194884, 39.185194, 1890.1], [-120.194888, 39.185191, 1890.1], [-120.194897, 39.185183, 1890.1], [-120.194906, 39.185173, 1890.1], [-120.194909, 39.185166, 1890.1], [-120.194911, 39.185168, 1890.1], [-120.194913, 39.185174, 1890.1], [-120.194914, 39.185179, 1890.1], [-120.194916, 39.185185, 1890.1], [-120.194918, 39.185197, 1890.1], [-120.19492, 39.185203, 1890.1], [-120.194921, 39.185208, 1890.1], [-120.194923, 39.185214, 1890.1], [-120.194924, 39.18522, 1890.1], [-120.194934, 39.185225, 1890.1], [-120.194946, 39.185234, 1890.1], [-120.194899, 39.185216, 1890.1], [-120.194942, 39.185226, 1890.1], [-120.194952, 39.185226, 1890.1], [-120.194961, 39.185235, 1890.1], [-120.194966, 39.185238, 1890.1], [-120.194968, 39.185236, 1890.1], [-120.194909, 39.185177, 1890.1], [-120.194921, 39.185175, 1890.1], [-120.194949, 39.185189, 1890.1], [-120.194976, 39.185203, 1890.1], [-120.194988, 39.185185, 1890.1], [-120.194988, 39.185174, 1890.1], [-120.194987, 39.185164, 1890.1], [-120.194981, 39.185148, 1890.2], [-120.194976, 39.185135, 1890.2], [-120.194972, 39.185126, 1890.2], [-120.194968, 39.185119, 1890.2], [-120.194924, 39.185093, 1890.3], [-120.19492, 39.185083, 1890.3], [-120.194916, 39.185077, 1890.3], [-120.194912, 39.185072, 1890.3], [-120.194908, 39.18507, 1890.3], [-120.194906, 39.185066, 1890.3], [-120.194905, 39.185063, 1890.3], [-120.194905, 39.185056, 1890.3], [-120.194908, 39.185052, 1890.3], [-120.194912, 39.185048, 1890.3], [-120.19491, 39.185045, 1890.4], [-120.194907, 39.185042, 1890.4], [-120.194907, 39.18505, 1890.4], [-120.194903, 39.185058, 1890.4], [-120.194898, 39.185065, 1890.4], [-120.194891, 39.18507, 1890.4], [-120.194886, 39.185078, 1890.4], [-120.194883, 39.185082, 1890.4], [-120.194882, 39.185093, 1890.4], [-120.194877, 39.185105, 1890.5], [-120.194867, 39.185103, 1890.5], [-120.194859, 39.185097, 1890.5], [-120.194857, 39.185087, 1890.5], [-120.194861, 39.185077, 1890.5], [-120.194866, 39.185069, 1890.5], [-120.194876, 39.185051, 1890.6], [-120.19488, 39.185042, 1890.6], [-120.194891, 39.185031, 1890.6], [-120.194893, 39.185023, 1890.6], [-120.194895, 39.185005, 1890.6], [-120.194897, 39.184997, 1890.7], [-120.1949, 39.184989, 1890.7], [-120.194902, 39.184977, 1890.7], [-120.194905, 39.184956, 1890.7], [-120.194906, 39.184947, 1890.8], [-120.194908, 39.184939, 1890.8], [-120.194911, 39.184918, 1890.8], [-120.194913, 39.184909, 1890.9], [-120.194914, 39.184901, 1890.9], [-120.194914, 39.184889, 1890.9], [-120.194915, 39.184878, 1890.9], [-120.194923, 39.184854, 1891.0], [-120.194927, 39.184844, 1891.0], [-120.194932, 39.184831, 1891.1], [-120.194938, 39.184811, 1891.1], [-120.194941, 39.184803, 1891.1], [-120.194943, 39.184795, 1891.2], [-120.194945, 39.184784, 1891.2], [-120.194948, 39.184772, 1891.2], [-120.194952, 39.184761, 1891.3], [-120.194957, 39.18475, 1891.3], [-120.194962, 39.18474, 1891.3], [-120.194969, 39.184729, 1891.4], [-120.194977, 39.184719, 1891.4], [-120.194984, 39.184709, 1891.5], [-120.19499, 39.184699, 1891.5], [-120.194997, 39.184689, 1891.5], [-120.195004, 39.18468, 1891.6], [-120.19501, 39.184672, 1891.6], [-120.195017, 39.184664, 1891.6], [-120.195023, 39.184656, 1891.7], [-120.195028, 39.18465, 1891.7], [-120.195034, 39.184653, 1891.7], [-120.195037, 39.184648, 1891.7], [-120.195049, 39.18464, 1891.8], [-120.195062, 39.184629, 1891.9], [-120.195068, 39.184619, 1891.9], [-120.195075, 39.184609, 1891.9], [-120.195087, 39.184585, 1892.0], [-120.195092, 39.18457, 1892.1], [-120.195098, 39.184559, 1892.1], [-120.195103, 39.184548, 1892.2], [-120.195109, 39.184538, 1892.2], [-120.195117, 39.184527, 1892.3], [-120.195123, 39.184517, 1892.3], [-120.195128, 39.184507, 1892.4], [-120.195132, 39.184498, 1892.4], [-120.195135, 39.184488, 1892.5], [-120.195138, 39.184477, 1892.5], [-120.195152, 39.184473, 1892.6], [-120.195164, 39.184467, 1892.6], [-120.195167, 39.184457, 1892.7], [-120.195168, 39.184446, 1892.7], [-120.195168, 39.184434, 1892.8], [-120.195184, 39.184433, 1892.8], [-120.195195, 39.184427, 1892.9], [-120.195203, 39.184418, 1892.9], [-120.195208, 39.184406, 1893.0], [-120.195212, 39.184395, 1893.0], [-120.195225, 39.184383, 1893.1], [-120.195227, 39.184375, 1893.1], [-120.195228, 39.184366, 1893.2], [-120.195229, 39.184358, 1893.2], [-120.195234, 39.184345, 1893.3], [-120.19524, 39.184331, 1893.3], [-120.195247, 39.184318, 1893.4], [-120.195255, 39.184304, 1893.5], [-120.195265, 39.184289, 1893.6], [-120.195273, 39.184275, 1893.7], [-120.19528, 39.184264, 1893.7], [-120.195287, 39.184254, 1893.8], [-120.195297, 39.184247, 1893.8], [-120.195313, 39.18424, 1893.9], [-120.195327, 39.18424, 1894.0], [-120.19533, 39.184244, 1894.0], [-120.195325, 39.184245, 1894.0], [-120.19532, 39.18424, 1894.0], [-120.195317, 39.184235, 1894.1], [-120.195316, 39.184232, 1894.1], [-120.195313, 39.184225, 1894.1], [-120.195313, 39.184222, 1894.1], [-120.195312, 39.184219, 1894.1], [-120.195312, 39.184216, 1894.2], [-120.195311, 39.184214, 1894.2], [-120.195312, 39.184213, 1894.2], [-120.195311, 39.184212, 1894.2], [-120.195311, 39.184211, 1894.2], [-120.195312, 39.184211, 1894.2], [-120.195313, 39.184207, 1894.2], [-120.195317, 39.184209, 1894.2], [-120.195322, 39.18421, 1894.2], [-120.195324, 39.18421, 1894.3], [-120.195326, 39.184214, 1894.3], [-120.195329, 39.184219, 1894.3], [-120.195328, 39.184225, 1894.3], [-120.19533, 39.184228, 1894.3], [-120.195333, 39.184228, 1894.4], [-120.195334, 39.184225, 1894.4], [-120.195331, 39.184223, 1894.4], [-120.195329, 39.184226, 1894.4], [-120.19533, 39.184229, 1894.4], [-120.195327, 39.184226, 1894.4], [-120.195329, 39.184226, 1894.5], [-120.195327, 39.184227, 1894.5], [-120.195329, 39.184227, 1894.5], [-120.195331, 39.184229, 1894.5], [-120.195334, 39.18423, 1894.5], [-120.195345, 39.184232, 1894.5], [-120.195369, 39.184246, 1894.7], [-120.195371, 39.184248, 1894.7], [-120.195368, 39.184249, 1894.7], [-120.195361, 39.18425, 1894.7], [-120.195353, 39.184248, 1894.7], [-120.195344, 39.184244, 1894.8], [-120.195337, 39.184236, 1894.8], [-120.195334, 39.184228, 1894.9], [-120.195332, 39.184223, 1894.9], [-120.195328, 39.18422, 1894.9], [-120.195325, 39.184218, 1894.9], [-120.195321, 39.184213, 1895.0], [-120.195315, 39.184207, 1895.0], [-120.195322, 39.184213, 1895.0], [-120.195327, 39.184224, 1895.1], [-120.195322, 39.184235, 1895.1], [-120.195318, 39.184237, 1895.2], [-120.195318, 39.184235, 1895.2]]}}