<?xml version="1.0" encoding="UTF-8"?>
<gpx xmlns="http://www.topografix.com/GPX/1/1" xmlns:xsi="http://www.w3.org/2001/XMLSchema-instance" xsi:schemaLocation="http://www.topografix.com/GPX/1/1 http://www.topografix.com/GPX/1/1/gpx.xsd" version="1.1" creator="gpx.py -- https://github.com/tkrajina/gpxpy">
  <trk>
    <trkseg>
      <trkpt lat="37.664926" lon="-119.66352">
        <ele>2214.3</ele>
        <time>2024-02-16T18:41:06Z</time>
      </trkpt>
      <trkpt lat="37.664916" lon="-119.663542">
        <ele>2215.8</ele>
        <time>2024-02-16T18:42:44Z</time>
      </trkpt>
      <trkpt lat="37.664927" lon="-119.66357">
        <ele>2215.7</ele>
        <time>2024-02-16T18:43:18Z</time>
      </trkpt>
      <trkpt lat="37.665015" lon="-119.663655">
        <ele>2214.7</ele>
        <time>2024-02-16T18:43:25Z</time>
      </trkpt>
      <trkpt lat="37.665066" lon="-119.66369">
        <ele>2213.0</ele>
        <time>2024-02-16T18:43:29Z</time>
      </trkpt>
      <trkpt lat="37.665106" lon="-119.663688">
        <ele>2212.2</ele>
        <time>2024-02-16T18:43:32Z</time>
      </trkpt>
      <trkpt lat="37.665127" lon="-119.663705">
        <ele>2212.3</ele>
        <time>2024-02-16T18:43:34Z</time>
      </trkpt>
      <trkpt lat="37.665182" lon="-119.663725">
        <ele>2211.4</ele>
        <time>2024-02-16T18:43:39Z</time>
      </trkpt>
      <trkpt lat="37.665209" lon="-119.663756">
        <ele>2211.1</ele>
        <time>2024-02-16T18:43:41Z</time>
      </trkpt>
      <trkpt lat="37.665284" lon="-119.663789">
        <ele>2209.1</ele>
        <time>2024-02-16T18:43:45Z</time>
      </trkpt>
      <trkpt lat="37.665317" lon="-119.663833">
        <ele>2208.3</ele>
        <time>2024-02-16T18:43:47Z</time>
      </trkpt>
      <trkpt lat="37.665373" lon="-119.663873">
        <ele>2208.0</ele>
        <time>2024-02-16T18:43:51Z</time>
      </trkpt>
      <trkpt lat="37.665436" lon="-119.663947">
        <ele>2205.3</ele>
        <time>2024-02-16T18:43:58Z</time>
      </trkpt>
      <trkpt lat="37.66551" lon="-119.663988">
        <ele>2203.4</ele>
        <time>2024-02-16T18:44:05Z</time>
      </trkpt>
      <trkpt lat="37.665561" lon="-119.664023">
        <ele>2203.6</ele>
        <time>2024-02-16T18:44:10Z</time>
      </trkpt>
      <trkpt lat="37.665602" lon="-119.664083">
        <ele>2203.7</ele>
        <time>2024-02-16T18:44:14Z</time>
      </trkpt>
      <trkpt lat="37.665767" lon="-119.664198">
        <ele>2201.4</ele>
        <time>2024-02-16T18:44:28Z</time>
      </trkpt>
      <trkpt lat="37.66581" lon="-119.664211">
        <ele>2201.5</ele>
        <time>2024-02-16T18:44:30Z</time>
      </trkpt>
      <trkpt lat="37.665905" lon="-119.664255">
        <ele>2199.4</ele>
        <time>2024-02-16T18:44:35Z</time>
      </trkpt>
      <trkpt lat="37.665993" lon="-119.664266">
        <ele>2200.3</ele>
        <time>2024-02-16T18:44:41Z</time>
      </trkpt>
      <trkpt lat="37.666085" lon="-119.664263">
        <ele>2202.5</ele>
        <time>2024-02-16T18:44:48Z</time>
      </trkpt>
      <trkpt lat="37.666111" lon="-119.664243">
        <ele>2202.8</ele>
        <time>2024-02-16T18:44:50Z</time>
      </trkpt>
      <trkpt lat="37.666173" lon="-119.664234">
        <ele>2203.5</ele>
        <time>2024-02-16T18:44:56Z</time>
      </trkpt>
      <trkpt lat="37.666241" lon="-119.664216">
        <ele>2204.3</ele>
        <time>2024-02-16T18:45:03Z</time>
      </trkpt>
      <trkpt lat="37.666327" lon="-119.664174">
        <ele>2204.4</ele>
        <time>2024-02-16T18:45:12Z</time>
      </trkpt>
      <trkpt lat="37.666481" lon="-119.664068">
        <ele>2205.8</ele>
        <time>2024-02-16T18:45:28Z</time>
      </trkpt>
      <trkpt lat="37.666534" lon="-119.664045">
        <ele>2206.6</ele>
        <time>2024-02-16T18:45:34Z</time>
      </trkpt>
      <trkpt lat="37.666646" lon="-119.663957">
        <ele>2206.1</ele>
        <time>2024-02-16T18:45:48Z</time>
      </trkpt>
      <trkpt lat="37.666708" lon="-119.663886">
        <ele>2207.0</ele>
        <time>2024-02-16T18:45:56Z</time>
      </trkpt>
      <trkpt lat="37.666731" lon="-119.663881">
        <ele>2207.5</ele>
        <time>2024-02-16T18:45:58Z</time>
      </trkpt>
      <trkpt lat="37.666794" lon="-119.663844">
        <ele>2207.1</ele>
        <time>2024-02-16T18:46:04Z</time>
      </trkpt>
      <trkpt lat="37.666827" lon="-119.663803">
        <ele>2207.0</ele>
        <time>2024-02-16T18:46:10Z</time>
      </trkpt>
      <trkpt lat="37.66687" lon="-119.663706">
        <ele>2206.6</ele>
        <time>2024-02-16T18:46:21Z</time>
      </trkpt>
      <trkpt lat="37.66692" lon="-119.663652">
        <ele>2207.3</ele>
        <time>2024-02-16T18:46:28Z</time>
      </trkpt>
      <trkpt lat="37.666971" lon="-119.663612">
        <ele>2209.1</ele>
        <time>2024-02-16T18:46:32Z</time>
      </trkpt>
      <trkpt lat="37.667017" lon="-119.663516">
        <ele>2208.9</ele>
        <time>2024-02-16T18:46:42Z</time>
      </trkpt>
      <trkpt lat="37.667046" lon="-119.66348">
        <ele>2208.9</ele>
        <time>2024-02-16T18:46:46Z</time>
      </trkpt>
      <trkpt lat="37.667077" lon="-119.66346">
        <ele>2209.7</ele>
        <time>2024-02-16T18:46:49Z</time>
      </trkpt>
      <trkpt lat="37.667178" lon="-119.663317">
        <ele>2211.4</ele>
        <time>2024-02-16T18:47:03Z</time>
      </trkpt>
      <trkpt lat="37.667195" lon="-119.663277">
        <ele>2211.1</ele>
        <time>2024-02-16T18:47:07Z</time>
      </trkpt>
      <trkpt lat="37.66725" lon="-119.663213">
        <ele>2211.8</ele>
        <time>2024-02-16T18:47:14Z</time>
      </trkpt>
      <trkpt lat="37.667284" lon="-119.66312">
        <ele>2212.1</ele>
        <time>2024-02-16T18:47:23Z</time>
      </trkpt>
      <trkpt lat="37.667329" lon="-119.663012">
        <ele>2211.8</ele>
        <time>2024-02-16T18:47:32Z</time>
      </trkpt>
      <trkpt lat="37.667348" lon="-119.662995">
        <ele>2211.8</ele>
        <time>2024-02-16T18:47:34Z</time>
      </trkpt>
      <trkpt lat="37.667408" lon="-119.662863">
        <ele>2214.3</ele>
        <time>2024-02-16T18:47:46Z</time>
      </trkpt>
      <trkpt lat="37.667435" lon="-119.662759">
        <ele>2215.2</ele>
        <time>2024-02-16T18:47:55Z</time>
      </trkpt>
      <trkpt lat="37.667476" lon="-119.662711">
        <ele>2214.8</ele>
        <time>2024-02-16T18:48:00Z</time>
      </trkpt>
      <trkpt lat="37.667524" lon="-119.662619">
        <ele>2214.7</ele>
        <time>2024-02-16T18:48:09Z</time>
      </trkpt>
      <trkpt lat="37.667555" lon="-119.662511">
        <ele>2216.1</ele>
        <time>2024-02-16T18:48:18Z</time>
      </trkpt>
      <trkpt lat="37.667583" lon="-119.66246">
        <ele>2216.1</ele>
        <time>2024-02-16T18:48:22Z</time>
      </trkpt>
      <trkpt lat="37.667607" lon="-119.662352">
        <ele>2215.7</ele>
        <time>2024-02-16T18:48:31Z</time>
      </trkpt>
      <trkpt lat="37.667612" lon="-119.662281">
        <ele>2214.6</ele>
        <time>2024-02-16T18:48:37Z</time>
      </trkpt>
      <trkpt lat="37.667665" lon="-119.662232">
        <ele>2215.1</ele>
        <time>2024-02-16T18:48:42Z</time>
      </trkpt>
      <trkpt lat="37.667733" lon="-119.662106">
        <ele>2215.8</ele>
        <time>2024-02-16T18:48:53Z</time>
      </trkpt>
      <trkpt lat="37.667767" lon="-119.662064">
        <ele>2217.5</ele>
        <time>2024-02-16T18:48:57Z</time>
      </trkpt>
      <trkpt lat="37.667834" lon="-119.661902">
        <ele>2218.6</ele>
        <time>2024-02-16T18:49:12Z</time>
      </trkpt>
      <trkpt lat="37.667854" lon="-119.661775">
        <ele>2219.5</ele>
        <time>2024-02-16T18:49:22Z</time>
      </trkpt>
      <trkpt lat="37.667885" lon="-119.661679">
        <ele>2218.4</ele>
        <time>2024-02-16T18:49:31Z</time>
      </trkpt>
      <trkpt lat="37.667913" lon="-119.661629">
        <ele>2219.7</ele>
        <time>2024-02-16T18:49:35Z</time>
      </trkpt>
      <trkpt lat="37.667971" lon="-119.661456">
        <ele>2220.0</ele>
        <time>2024-02-16T18:49:50Z</time>
      </trkpt>
      <trkpt lat="37.668019" lon="-119.661386">
        <ele>2221.5</ele>
        <time>2024-02-16T18:49:57Z</time>
      </trkpt>
      <trkpt lat="37.66804" lon="-119.661256">
        <ele>2222.2</ele>
        <time>2024-02-16T18:50:09Z</time>
      </trkpt>
      <trkpt lat="37.668067" lon="-119.661186">
        <ele>2222.5</ele>
        <time>2024-02-16T18:50:15Z</time>
      </trkpt>
      <trkpt lat="37.668068" lon="-119.661125">
        <ele>2222.4</ele>
        <time>2024-02-16T18:50:20Z</time>
      </trkpt>
      <trkpt lat="37.668095" lon="-119.66104">
        <ele>2221.0</ele>
        <time>2024-02-16T18:50:28Z</time>
      </trkpt>
      <trkpt lat="37.668093" lon="-119.661028">
        <ele>2220.6</ele>
        <time>2024-02-16T18:50:29Z</time>
      </trkpt>
      <trkpt lat="37.668149" lon="-119.660893">
        <ele>2222.6</ele>
        <time>2024-02-16T18:50:42Z</time>
      </trkpt>
      <trkpt lat="37.6682" lon="-119.66084">
        <ele>2222.2</ele>
        <time>2024-02-16T18:50:48Z</time>
      </trkpt>
      <trkpt lat="37.668236" lon="-119.660716">
        <ele>2221.4</ele>
        <time>2024-02-16T18:50:58Z</time>
      </trkpt>
      <trkpt lat="37.668274" lon="-119.660675">
        <ele>2221.2</ele>
        <time>2024-02-16T18:51:03Z</time>
      </trkpt>
      <trkpt lat="37.668292" lon="-119.660625">
        <ele>2221.3</ele>
        <time>2024-02-16T18:51:07Z</time>
      </trkpt>
      <trkpt lat="37.66838" lon="-119.660534">
        <ele>2222.3</ele>
        <time>2024-02-16T18:51:18Z</time>
      </trkpt>
      <trkpt lat="37.668395" lon="-119.660512">
        <ele>2223.0</ele>
        <time>2024-02-16T18:51:20Z</time>
      </trkpt>
      <trkpt lat="37.668419" lon="-119.660429">
        <ele>2225.3</ele>
        <time>2024-02-16T18:51:27Z</time>
      </trkpt>
      <trkpt lat="37.668486" lon="-119.660353">
        <ele>2227.0</ele>
        <time>2024-02-16T18:51:35Z</time>
      </trkpt>
      <trkpt lat="37.668601" lon="-119.66016">
        <ele>2228.9</ele>
        <time>2024-02-16T18:51:52Z</time>
      </trkpt>
      <trkpt lat="37.668649" lon="-119.660122">
        <ele>2230.5</ele>
        <time>2024-02-16T18:51:56Z</time>
      </trkpt>
      <trkpt lat="37.668674" lon="-119.66008">
        <ele>2230.5</ele>
        <time>2024-02-16T18:52:00Z</time>
      </trkpt>
      <trkpt lat="37.668738" lon="-119.66003">
        <ele>2232.3</ele>
        <time>2024-02-16T18:52:05Z</time>
      </trkpt>
      <trkpt lat="37.668758" lon="-119.659992">
        <ele>2231.5</ele>
        <time>2024-02-16T18:52:09Z</time>
      </trkpt>
      <trkpt lat="37.668819" lon="-119.659904">
        <ele>2233.5</ele>
        <time>2024-02-16T18:52:18Z</time>
      </trkpt>
      <trkpt lat="37.668858" lon="-119.659809">
        <ele>2232.5</ele>
        <time>2024-02-16T18:52:26Z</time>
      </trkpt>
      <trkpt lat="37.668871" lon="-119.659755">
        <ele>2232.7</ele>
        <time>2024-02-16T18:52:30Z</time>
      </trkpt>
      <trkpt lat="37.668905" lon="-119.659718">
        <ele>2232.6</ele>
        <time>2024-02-16T18:52:35Z</time>
      </trkpt>
      <trkpt lat="37.668948" lon="-119.659585">
        <ele>2232.6</ele>
        <time>2024-02-16T18:52:47Z</time>
      </trkpt>
      <trkpt lat="37.669011" lon="-119.659551">
        <ele>2234.3</ele>
        <time>2024-02-16T18:52:51Z</time>
      </trkpt>
      <trkpt lat="37.669052" lon="-119.659515">
        <ele>2233.9</ele>
        <time>2024-02-16T18:52:56Z</time>
      </trkpt>
      <trkpt lat="37.669065" lon="-119.659481">
        <ele>2233.5</ele>
        <time>2024-02-16T18:52:59Z</time>
      </trkpt>
      <trkpt lat="37.669121" lon="-119.659413">
        <ele>2235.2</ele>
        <time>2024-02-16T18:53:05Z</time>
      </trkpt>
      <trkpt lat="37.669162" lon="-119.659381">
        <ele>2236.2</ele>
        <time>2024-02-16T18:53:09Z</time>
      </trkpt>
      <trkpt lat="37.669234" lon="-119.659303">
        <ele>2236.5</ele>
        <time>2024-02-16T18:53:18Z</time>
      </trkpt>
      <trkpt lat="37.669278" lon="-119.659222">
        <ele>2236.7</ele>
        <time>2024-02-16T18:53:25Z</time>
      </trkpt>
      <trkpt lat="37.669289" lon="-119.659171">
        <ele>2235.8</ele>
        <time>2024-02-16T18:53:31Z</time>
      </trkpt>
      <trkpt lat="37.669322" lon="-119.65913">
        <ele>2235.8</ele>
        <time>2024-02-16T18:53:37Z</time>
      </trkpt>
      <trkpt lat="37.669325" lon="-119.659111">
        <ele>2235.8</ele>
        <time>2024-02-16T18:53:39Z</time>
      </trkpt>
      <trkpt lat="37.669386" lon="-119.659017">
        <ele>2234.3</ele>
        <time>2024-02-16T18:53:48Z</time>
      </trkpt>
      <trkpt lat="37.669444" lon="-119.658963">
        <ele>2234.7</ele>
        <time>2024-02-16T18:53:53Z</time>
      </trkpt>
      <trkpt lat="37.669516" lon="-119.658911">
        <ele>2235.2</ele>
        <time>2024-02-16T18:54:01Z</time>
      </trkpt>
      <trkpt lat="37.66959" lon="-119.658817">
        <ele>2236.5</ele>
        <time>2024-02-16T18:54:10Z</time>
      </trkpt>
      <trkpt lat="37.66969" lon="-119.658743">
        <ele>2238.1</ele>
        <time>2024-02-16T18:54:20Z</time>
      </trkpt>
      <trkpt lat="37.669801" lon="-119.658615">
        <ele>2238.2</ele>
        <time>2024-02-16T18:54:33Z</time>
      </trkpt>
      <trkpt lat="37.669856" lon="-119.658589">
        <ele>2240.7</ele>
        <time>2024-02-16T18:54:36Z</time>
      </trkpt>
      <trkpt lat="37.670033" lon="-119.658366">
        <ele>2240.6</ele>
        <time>2024-02-16T18:55:01Z</time>
      </trkpt>
      <trkpt lat="37.670105" lon="-119.658272">
        <ele>2240.3</ele>
        <time>2024-02-16T18:55:12Z</time>
      </trkpt>
      <trkpt lat="37.670143" lon="-119.658266">
        <ele>2240.3</ele>
        <time>2024-02-16T18:55:16Z</time>
      </trkpt>
      <trkpt lat="37.670179" lon="-119.658229">
        <ele>2239.9</ele>
        <time>2024-02-16T18:55:20Z</time>
      </trkpt>
      <trkpt lat="37.670249" lon="-119.658193">
        <ele>2241.1</ele>
        <time>2024-02-16T18:55:26Z</time>
      </trkpt>
      <trkpt lat="37.670314" lon="-119.658131">
        <ele>2242.0</ele>
        <time>2024-02-16T18:55:33Z</time>
      </trkpt>
      <trkpt lat="37.670348" lon="-119.658123">
        <ele>2242.4</ele>
        <time>2024-02-16T18:55:36Z</time>
      </trkpt>
      <trkpt lat="37.67046" lon="-119.658">
        <ele>2244.0</ele>
        <time>2024-02-16T18:55:50Z</time>
      </trkpt>
      <trkpt lat="37.670506" lon="-119.657963">
        <ele>2244.7</ele>
        <time>2024-02-16T18:55:56Z</time>
      </trkpt>
      <trkpt lat="37.670566" lon="-119.657928">
        <ele>2245.2</ele>
        <time>2024-02-16T18:56:03Z</time>
      </trkpt>
      <trkpt lat="37.670615" lon="-119.657872">
        <ele>2245.3</ele>
        <time>2024-02-16T18:56:09Z</time>
      </trkpt>
      <trkpt lat="37.670749" lon="-119.657731">
        <ele>2244.5</ele>
        <time>2024-02-16T18:56:27Z</time>
      </trkpt>
      <trkpt lat="37.670756" lon="-119.65772">
        <ele>2244.5</ele>
        <time>2024-02-16T18:56:28Z</time>
      </trkpt>
      <trkpt lat="37.670901" lon="-119.657614">
        <ele>2245.0</ele>
        <time>2024-02-16T18:56:43Z</time>
      </trkpt>
      <trkpt lat="37.670976" lon="-119.657527">
        <ele>2244.7</ele>
        <time>2024-02-16T18:56:54Z</time>
      </trkpt>
      <trkpt lat="37.671073" lon="-119.657441">
        <ele>2245.5</ele>
        <time>2024-02-16T18:57:04Z</time>
      </trkpt>
      <trkpt lat="37.671209" lon="-119.65736">
        <ele>2248.5</ele>
        <time>2024-02-16T18:57:18Z</time>
      </trkpt>
      <trkpt lat="37.671299" lon="-119.65726">
        <ele>2247.9</ele>
        <time>2024-02-16T18:57:41Z</time>
      </trkpt>
      <trkpt lat="37.671346" lon="-119.657186">
        <ele>2247.3</ele>
        <time>2024-02-16T18:57:47Z</time>
      </trkpt>
      <trkpt lat="37.671388" lon="-119.657177">
        <ele>2246.8</ele>
        <time>2024-02-16T18:58:05Z</time>
      </trkpt>
      <trkpt lat="37.671472" lon="-119.657111">
        <ele>2246.7</ele>
        <time>2024-02-16T18:58:12Z</time>
      </trkpt>
      <trkpt lat="37.671498" lon="-119.657063">
        <ele>2247.2</ele>
        <time>2024-02-16T18:58:16Z</time>
      </trkpt>
      <trkpt lat="37.671512" lon="-119.657057">
        <ele>2247.3</ele>
        <time>2024-02-16T18:58:17Z</time>
      </trkpt>
      <trkpt lat="37.671608" lon="-119.656939">
        <ele>2247.5</ele>
        <time>2024-02-16T18:58:27Z</time>
      </trkpt>
      <trkpt lat="37.671744" lon="-119.65681">
        <ele>2246.3</ele>
        <time>2024-02-16T18:58:37Z</time>
      </trkpt>
      <trkpt lat="37.671755" lon="-119.656796">
        <ele>2246.4</ele>
        <time>2024-02-16T18:58:38Z</time>
      </trkpt>
      <trkpt lat="37.671882" lon="-119.656679">
        <ele>2247.2</ele>
        <time>2024-02-16T18:58:47Z</time>
      </trkpt>
      <trkpt lat="37.671891" lon="-119.656666">
        <ele>2247.1</ele>
        <time>2024-02-16T18:58:48Z</time>
      </trkpt>
      <trkpt lat="37.671879" lon="-119.656627">
        <ele>2245.6</ele>
        <time>2024-02-16T18:59:11Z</time>
      </trkpt>
      <trkpt lat="37.671918" lon="-119.656601">
        <ele>2244.5</ele>
        <time>2024-02-16T18:59:17Z</time>
      </trkpt>
      <trkpt lat="37.671944" lon="-119.656604">
        <ele>2240.0</ele>
        <time>2024-02-16T18:59:40Z</time>
      </trkpt>
      <trkpt lat="37.671992" lon="-119.656538">
        <ele>2239.6</ele>
        <time>2024-02-16T18:59:46Z</time>
      </trkpt>
      <trkpt lat="37.672035" lon="-119.656499">
        <ele>2239.1</ele>
        <time>2024-02-16T18:59:50Z</time>
      </trkpt>
      <trkpt lat="37.672075" lon="-119.656478">
        <ele>2237.5</ele>
        <time>2024-02-16T19:00:02Z</time>
      </trkpt>
      <trkpt lat="37.672119" lon="-119.656409">
        <ele>2234.1</ele>
        <time>2024-02-16T19:00:09Z</time>
      </trkpt>
      <trkpt lat="37.672159" lon="-119.656386">
        <ele>2233.6</ele>
        <time>2024-02-16T19:00:11Z</time>
      </trkpt>
      <trkpt lat="37.67228" lon="-119.656176">
        <ele>2234.3</ele>
        <time>2024-02-16T19:00:18Z</time>
      </trkpt>
      <trkpt lat="37.67236" lon="-119.655979">
        <ele>2237.2</ele>
        <time>2024-02-16T19:00:23Z</time>
      </trkpt>
      <trkpt lat="37.672377" lon="-119.655866">
        <ele>2239.0</ele>
        <time>2024-02-16T19:00:27Z</time>
      </trkpt>
      <trkpt lat="37.672458" lon="-119.655769">
        <ele>2241.1</ele>
        <time>2024-02-16T19:00:31Z</time>
      </trkpt>
      <trkpt lat="37.672479" lon="-119.655737">
        <ele>2240.8</ele>
        <time>2024-02-16T19:00:33Z</time>
      </trkpt>
      <trkpt lat="37.672529" lon="-119.655613">
        <ele>2240.7</ele>
        <time>2024-02-16T19:00:40Z</time>
      </trkpt>
      <trkpt lat="37.672552" lon="-119.655612">
        <ele>2240.1</ele>
        <time>2024-02-16T19:00:41Z</time>
      </trkpt>
      <trkpt lat="37.672622" lon="-119.655552">
        <ele>2237.9</ele>
        <time>2024-02-16T19:00:46Z</time>
      </trkpt>
      <trkpt lat="37.672671" lon="-119.655519">
        <ele>2235.7</ele>
        <time>2024-02-16T19:00:49Z</time>
      </trkpt>
      <trkpt lat="37.672845" lon="-119.655232">
        <ele>2235.2</ele>
        <time>2024-02-16T19:01:00Z</time>
      </trkpt>
      <trkpt lat="37.672845" lon="-119.655193">
        <ele>2234.7</ele>
        <time>2024-02-16T19:01:01Z</time>
      </trkpt>
      <trkpt lat="37.67306" lon="-119.6548">
        <ele>2239.4</ele>
        <time>2024-02-16T19:01:17Z</time>
      </trkpt>
      <trkpt lat="37.673071" lon="-119.654765">
        <ele>2238.8</ele>
        <time>2024-02-16T19:01:19Z</time>
      </trkpt>
      <trkpt lat="37.673116" lon="-119.654718">
        <ele>2239.0</ele>
        <time>2024-02-16T19:01:22Z</time>
      </trkpt>
      <trkpt lat="37.673181" lon="-119.654626">
        <ele>2238.3</ele>
        <time>2024-02-16T19:01:27Z</time>
      </trkpt>
      <trkpt lat="37.673215" lon="-119.654532">
        <ele>2238.1</ele>
        <time>2024-02-16T19:01:32Z</time>
      </trkpt>
      <trkpt lat="37.673264" lon="-119.654492">
        <ele>2237.8</ele>
        <time>2024-02-16T19:01:35Z</time>
      </trkpt>
      <trkpt lat="37.673292" lon="-119.654443">
        <ele>2235.6</ele>
        <time>2024-02-16T19:01:38Z</time>
      </trkpt>
      <trkpt lat="37.673358" lon="-119.654139">
        <ele>2234.6</ele>
        <time>2024-02-16T19:01:52Z</time>
      </trkpt>
      <trkpt lat="37.673427" lon="-119.653969">
        <ele>2232.7</ele>
        <time>2024-02-16T19:02:03Z</time>
      </trkpt>
      <trkpt lat="37.673485" lon="-119.653761">
        <ele>2233.6</ele>
        <time>2024-02-16T19:02:14Z</time>
      </trkpt>
      <trkpt lat="37.673525" lon="-119.653572">
        <ele>2235.8</ele>
        <time>2024-02-16T19:02:23Z</time>
      </trkpt>
      <trkpt lat="37.67355" lon="-119.653396">
        <ele>2235.0</ele>
        <time>2024-02-16T19:02:33Z</time>
      </trkpt>
      <trkpt lat="37.673585" lon="-119.653298">
        <ele>2234.1</ele>
        <time>2024-02-16T19:02:38Z</time>
      </trkpt>
      <trkpt lat="37.673602" lon="-119.653276">
        <ele>2232.7</ele>
        <time>2024-02-16T19:02:52Z</time>
      </trkpt>
      <trkpt lat="37.673618" lon="-119.653118">
        <ele>2232.7</ele>
        <time>2024-02-16T19:03:48Z</time>
      </trkpt>
      <trkpt lat="37.673648" lon="-119.652909">
        <ele>2231.3</ele>
        <time>2024-02-16T19:04:02Z</time>
      </trkpt>
      <trkpt lat="37.673679" lon="-119.652822">
        <ele>2230.0</ele>
        <time>2024-02-16T19:04:08Z</time>
      </trkpt>
      <trkpt lat="37.673695" lon="-119.652683">
        <ele>2229.2</ele>
        <time>2024-02-16T19:04:15Z</time>
      </trkpt>
      <trkpt lat="37.673736" lon="-119.652595">
        <ele>2230.5</ele>
        <time>2024-02-16T19:04:21Z</time>
      </trkpt>
      <trkpt lat="37.673752" lon="-119.65245">
        <ele>2228.8</ele>
        <time>2024-02-16T19:04:29Z</time>
      </trkpt>
      <trkpt lat="37.673753" lon="-119.652399">
        <ele>2229.9</ele>
        <time>2024-02-16T19:04:31Z</time>
      </trkpt>
      <trkpt lat="37.673816" lon="-119.652311">
        <ele>2229.0</ele>
        <time>2024-02-16T19:04:35Z</time>
      </trkpt>
      <trkpt lat="37.673846" lon="-119.652232">
        <ele>2230.4</ele>
        <time>2024-02-16T19:04:40Z</time>
      </trkpt>
      <trkpt lat="37.673895" lon="-119.652165">
        <ele>2229.0</ele>
        <time>2024-02-16T19:04:47Z</time>
      </trkpt>
      <trkpt lat="37.673933" lon="-119.652012">
        <ele>2228.0</ele>
        <time>2024-02-16T19:04:57Z</time>
      </trkpt>
      <trkpt lat="37.673932" lon="-119.651954">
        <ele>2228.6</ele>
        <time>2024-02-16T19:05:00Z</time>
      </trkpt>
      <trkpt lat="37.673955" lon="-119.651817">
        <ele>2228.2</ele>
        <time>2024-02-16T19:05:08Z</time>
      </trkpt>
      <trkpt lat="37.673992" lon="-119.651691">
        <ele>2230.2</ele>
        <time>2024-02-16T19:05:14Z</time>
      </trkpt>
      <trkpt lat="37.673998" lon="-119.651628">
        <ele>2230.7</ele>
        <time>2024-02-16T19:05:17Z</time>
      </trkpt>
      <trkpt lat="37.673999" lon="-119.651516">
        <ele>2230.4</ele>
        <time>2024-02-16T19:05:24Z</time>
      </trkpt>
      <trkpt lat="37.674037" lon="-119.65141">
        <ele>2229.8</ele>
        <time>2024-02-16T19:05:32Z</time>
      </trkpt>
      <trkpt lat="37.674091" lon="-119.651184">
        <ele>2228.7</ele>
        <time>2024-02-16T19:05:48Z</time>
      </trkpt>
      <trkpt lat="37.674092" lon="-119.651166">
        <ele>2229.0</ele>
        <time>2024-02-16T19:05:49Z</time>
      </trkpt>
      <trkpt lat="37.67413" lon="-119.650978">
        <ele>2229.9</ele>
        <time>2024-02-16T19:06:02Z</time>
      </trkpt>
      <trkpt lat="37.674127" lon="-119.650959">
        <ele>2230.1</ele>
        <time>2024-02-16T19:06:03Z</time>
      </trkpt>
      <trkpt lat="37.674164" lon="-119.650764">
        <ele>2229.8</ele>
        <time>2024-02-16T19:06:16Z</time>
      </trkpt>
      <trkpt lat="37.674181" lon="-119.650747">
        <ele>2229.6</ele>
        <time>2024-02-16T19:06:17Z</time>
      </trkpt>
      <trkpt lat="37.674207" lon="-119.650676">
        <ele>2230.4</ele>
        <time>2024-02-16T19:06:21Z</time>
      </trkpt>
      <trkpt lat="37.674231" lon="-119.650562">
        <ele>2231.1</ele>
        <time>2024-02-16T19:06:28Z</time>
      </trkpt>
      <trkpt lat="37.674258" lon="-119.650402">
        <ele>2231.5</ele>
        <time>2024-02-16T19:06:38Z</time>
      </trkpt>
      <trkpt lat="37.674275" lon="-119.650357">
        <ele>2231.2</ele>
        <time>2024-02-16T19:06:42Z</time>
      </trkpt>
      <trkpt lat="37.674314" lon="-119.6502">
        <ele>2229.7</ele>
        <time>2024-02-16T19:06:55Z</time>
      </trkpt>
      <trkpt lat="37.674332" lon="-119.650184">
        <ele>2229.4</ele>
        <time>2024-02-16T19:06:57Z</time>
      </trkpt>
      <trkpt lat="37.674344" lon="-119.650136">
        <ele>2229.1</ele>
        <time>2024-02-16T19:07:01Z</time>
      </trkpt>
      <trkpt lat="37.674379" lon="-119.650039">
        <ele>2229.5</ele>
        <time>2024-02-16T19:07:07Z</time>
      </trkpt>
      <trkpt lat="37.674388" lon="-119.649938">
        <ele>2227.8</ele>
        <time>2024-02-16T19:07:13Z</time>
      </trkpt>
      <trkpt lat="37.674418" lon="-119.64973">
        <ele>2226.7</ele>
        <time>2024-02-16T19:07:26Z</time>
      </trkpt>
      <trkpt lat="37.67441" lon="-119.649697">
        <ele>2226.7</ele>
        <time>2024-02-16T19:07:29Z</time>
      </trkpt>
      <trkpt lat="37.674422" lon="-119.649585">
        <ele>2227.2</ele>
        <time>2024-02-16T19:07:36Z</time>
      </trkpt>
      <trkpt lat="37.674413" lon="-119.649506">
        <ele>2227.8</ele>
        <time>2024-02-16T19:07:42Z</time>
      </trkpt>
      <trkpt lat="37.674392" lon="-119.649466">
        <ele>2228.5</ele>
        <time>2024-02-16T19:07:46Z</time>
      </trkpt>
      <trkpt lat="37.674402" lon="-119.649308">
        <ele>2231.6</ele>
        <time>2024-02-16T19:07:53Z</time>
      </trkpt>
      <trkpt lat="37.674391" lon="-119.649188">
        <ele>2232.7</ele>
        <time>2024-02-16T19:07:59Z</time>
      </trkpt>
      <trkpt lat="37.674395" lon="-119.649083">
        <ele>2233.7</ele>
        <time>2024-02-16T19:08:05Z</time>
      </trkpt>
      <trkpt lat="37.674375" lon="-119.648997">
        <ele>2235.2</ele>
        <time>2024-02-16T19:08:15Z</time>
      </trkpt>
      <trkpt lat="37.674378" lon="-119.648946">
        <ele>2233.9</ele>
        <time>2024-02-16T19:08:18Z</time>
      </trkpt>
      <trkpt lat="37.674367" lon="-119.648885">
        <ele>2231.8</ele>
        <time>2024-02-16T19:08:22Z</time>
      </trkpt>
      <trkpt lat="37.674363" lon="-119.648694">
        <ele>2231.3</ele>
        <time>2024-02-16T19:08:30Z</time>
      </trkpt>
      <trkpt lat="37.67438" lon="-119.6486">
        <ele>2231.6</ele>
        <time>2024-02-16T19:08:34Z</time>
      </trkpt>
      <trkpt lat="37.674347" lon="-119.648385">
        <ele>2233.3</ele>
        <time>2024-02-16T19:08:47Z</time>
      </trkpt>
      <trkpt lat="37.674327" lon="-119.648175">
        <ele>2237.0</ele>
        <time>2024-02-16T19:08:56Z</time>
      </trkpt>
      <trkpt lat="37.674309" lon="-119.648106">
        <ele>2237.2</ele>
        <time>2024-02-16T19:09:00Z</time>
      </trkpt>
      <trkpt lat="37.674213" lon="-119.64787">
        <ele>2234.2</ele>
        <time>2024-02-16T19:09:19Z</time>
      </trkpt>
      <trkpt lat="37.674192" lon="-119.647759">
        <ele>2234.7</ele>
        <time>2024-02-16T19:09:25Z</time>
      </trkpt>
      <trkpt lat="37.674123" lon="-119.647545">
        <ele>2234.4</ele>
        <time>2024-02-16T19:09:39Z</time>
      </trkpt>
      <trkpt lat="37.674047" lon="-119.647364">
        <ele>2234.0</ele>
        <time>2024-02-16T19:09:51Z</time>
      </trkpt>
      <trkpt lat="37.674036" lon="-119.647353">
        <ele>2234.2</ele>
        <time>2024-02-16T19:09:52Z</time>
      </trkpt>
      <trkpt lat="37.67395" lon="-119.647197">
        <ele>2236.2</ele>
        <time>2024-02-16T19:10:03Z</time>
      </trkpt>
      <trkpt lat="37.673943" lon="-119.647139">
        <ele>2235.0</ele>
        <time>2024-02-16T19:10:36Z</time>
      </trkpt>
      <trkpt lat="37.673912" lon="-119.647096">
        <ele>2235.0</ele>
        <time>2024-02-16T19:10:41Z</time>
      </trkpt>
      <trkpt lat="37.673858" lon="-119.646988">
        <ele>2235.3</ele>
        <time>2024-02-16T19:10:47Z</time>
      </trkpt>
      <trkpt lat="37.67374" lon="-119.646812">
        <ele>2234.9</ele>
        <time>2024-02-16T19:10:59Z</time>
      </trkpt>
      <trkpt lat="37.673736" lon="-119.646763">
        <ele>2230.4</ele>
        <time>2024-02-16T19:16:52Z</time>
      </trkpt>
      <trkpt lat="37.673754" lon="-119.646745">
        <ele>2230.4</ele>
        <time>2024-02-16T19:17:02Z</time>
      </trkpt>
      <trkpt lat="37.673774" lon="-119.646763">
        <ele>2231.0</ele>
        <time>2024-02-16T19:17:08Z</time>
      </trkpt>
      <trkpt lat="37.673769" lon="-119.646799">
        <ele>2230.7</ele>
        <time>2024-02-16T19:17:10Z</time>
      </trkpt>
      <trkpt lat="37.673792" lon="-119.646836">
        <ele>2231.2</ele>
        <time>2024-02-16T19:17:12Z</time>
      </trkpt>
      <trkpt lat="37.673817" lon="-119.646844">
        <ele>2231.8</ele>
        <time>2024-02-16T19:17:15Z</time>
      </trkpt>
      <trkpt lat="37.673807" lon="-119.646862">
        <ele>2232.2</ele>
        <time>2024-02-16T19:17:17Z</time>
      </trkpt>
      <trkpt lat="37.673778" lon="-119.646781">
        <ele>2227.3</ele>
        <time>2024-02-16T19:17:40Z</time>
      </trkpt>
      <trkpt lat="37.673686" lon="-119.646667">
        <ele>2226.1</ele>
        <time>2024-02-16T19:20:40Z</time>
      </trkpt>
      <trkpt lat="37.673564" lon="-119.64645">
        <ele>2223.9</ele>
        <time>2024-02-16T19:20:47Z</time>
      </trkpt>
      <trkpt lat="37.673526" lon="-119.646405">
        <ele>2223.7</ele>
        <time>2024-02-16T19:20:49Z</time>
      </trkpt>
      <trkpt lat="37.673388" lon="-119.64627">
        <ele>2222.0</ele>
        <time>2024-02-16T19:20:56Z</time>
      </trkpt>
      <trkpt lat="37.673339" lon="-119.646182">
        <ele>2220.7</ele>
        <time>2024-02-16T19:20:59Z</time>
      </trkpt>
      <trkpt lat="37.67322" lon="-119.645997">
        <ele>2219.3</ele>
        <time>2024-02-16T19:21:04Z</time>
      </trkpt>
      <trkpt lat="37.673133" lon="-119.645895">
        <ele>2218.4</ele>
        <time>2024-02-16T19:21:07Z</time>
      </trkpt>
      <trkpt lat="37.67307" lon="-119.645774">
        <ele>2216.8</ele>
        <time>2024-02-16T19:21:10Z</time>
      </trkpt>
      <trkpt lat="37.672875" lon="-119.645454">
        <ele>2216.6</ele>
        <time>2024-02-16T19:21:17Z</time>
      </trkpt>
      <trkpt lat="37.672832" lon="-119.645367">
        <ele>2217.3</ele>
        <time>2024-02-16T19:21:19Z</time>
      </trkpt>
      <trkpt lat="37.672733" lon="-119.645232">
        <ele>2213.4</ele>
        <time>2024-02-16T19:21:23Z</time>
      </trkpt>
      <trkpt lat="37.672684" lon="-119.645127">
        <ele>2214.9</ele>
        <time>2024-02-16T19:21:25Z</time>
      </trkpt>
      <trkpt lat="37.672627" lon="-119.645045">
        <ele>2215.2</ele>
        <time>2024-02-16T19:21:27Z</time>
      </trkpt>
      <trkpt lat="37.672602" lon="-119.644999">
        <ele>2215.8</ele>
        <time>2024-02-16T19:21:28Z</time>
      </trkpt>
      <trkpt lat="37.672542" lon="-119.64483">
        <ele>2223.0</ele>
        <time>2024-02-16T19:21:30Z</time>
      </trkpt>
      <trkpt lat="37.672454" lon="-119.64463">
        <ele>2224.2</ele>
        <time>2024-02-16T19:21:34Z</time>
      </trkpt>
      <trkpt lat="37.672307" lon="-119.644372">
        <ele>2222.5</ele>
        <time>2024-02-16T19:21:40Z</time>
      </trkpt>
      <trkpt lat="37.672184" lon="-119.64416">
        <ele>2219.9</ele>
        <time>2024-02-16T19:21:45Z</time>
      </trkpt>
      <trkpt lat="37.672059" lon="-119.643902">
        <ele>2218.4</ele>
        <time>2024-02-16T19:21:50Z</time>
      </trkpt>
      <trkpt lat="37.671846" lon="-119.643411">
        <ele>2213.5</ele>
        <time>2024-02-16T19:21:59Z</time>
      </trkpt>
      <trkpt lat="37.671795" lon="-119.643275">
        <ele>2211.2</ele>
        <time>2024-02-16T19:22:02Z</time>
      </trkpt>
      <trkpt lat="37.671769" lon="-119.643159">
        <ele>2211.9</ele>
        <time>2024-02-16T19:22:04Z</time>
      </trkpt>
      <trkpt lat="37.671726" lon="-119.642795">
        <ele>2214.9</ele>
        <time>2024-02-16T19:22:09Z</time>
      </trkpt>
      <trkpt lat="37.67172" lon="-119.642726">
        <ele>2215.0</ele>
        <time>2024-02-16T19:22:10Z</time>
      </trkpt>
      <trkpt lat="37.671689" lon="-119.642488">
        <ele>2211.2</ele>
        <time>2024-02-16T19:22:14Z</time>
      </trkpt>
      <trkpt lat="37.671664" lon="-119.642176">
        <ele>2210.8</ele>
        <time>2024-02-16T19:22:19Z</time>
      </trkpt>
      <trkpt lat="37.671623" lon="-119.641897">
        <ele>2208.5</ele>
        <time>2024-02-16T19:22:24Z</time>
      </trkpt>
      <trkpt lat="37.6716" lon="-119.641387">
        <ele>2203.5</ele>
        <time>2024-02-16T19:22:33Z</time>
      </trkpt>
      <trkpt lat="37.671601" lon="-119.641045">
        <ele>2201.6</ele>
        <time>2024-02-16T19:22:39Z</time>
      </trkpt>
      <trkpt lat="37.671608" lon="-119.640987">
        <ele>2200.3</ele>
        <time>2024-02-16T19:22:40Z</time>
      </trkpt>
      <trkpt lat="37.671664" lon="-119.640689">
        <ele>2197.0</ele>
        <time>2024-02-16T19:22:45Z</time>
      </trkpt>
      <trkpt lat="37.671732" lon="-119.640439">
        <ele>2197.6</ele>
        <time>2024-02-16T19:22:50Z</time>
      </trkpt>
      <trkpt lat="37.671835" lon="-119.640194">
        <ele>2193.6</ele>
        <time>2024-02-16T19:22:56Z</time>
      </trkpt>
      <trkpt lat="37.671895" lon="-119.640105">
        <ele>2192.2</ele>
        <time>2024-02-16T19:22:59Z</time>
      </trkpt>
      <trkpt lat="37.67192" lon="-119.640086">
        <ele>2191.9</ele>
        <time>2024-02-16T19:23:00Z</time>
      </trkpt>
      <trkpt lat="37.672098" lon="-119.64004">
        <ele>2189.8</ele>
        <time>2024-02-16T19:23:05Z</time>
      </trkpt>
      <trkpt lat="37.672178" lon="-119.639999">
        <ele>2189.0</ele>
        <time>2024-02-16T19:23:07Z</time>
      </trkpt>
      <trkpt lat="37.672334" lon="-119.639942">
        <ele>2190.1</ele>
        <time>2024-02-16T19:23:10Z</time>
      </trkpt>
      <trkpt lat="37.672389" lon="-119.639915">
        <ele>2189.6</ele>
        <time>2024-02-16T19:23:11Z</time>
      </trkpt>
      <trkpt lat="37.672714" lon="-119.639735">
        <ele>2187.8</ele>
        <time>2024-02-16T19:23:16Z</time>
      </trkpt>
      <trkpt lat="37.672961" lon="-119.639575">
        <ele>2188.2</ele>
        <time>2024-02-16T19:23:20Z</time>
      </trkpt>
      <trkpt lat="37.673026" lon="-119.63953">
        <ele>2187.5</ele>
        <time>2024-02-16T19:23:21Z</time>
      </trkpt>
      <trkpt lat="37.673266" lon="-119.639346">
        <ele>2184.4</ele>
        <time>2024-02-16T19:23:25Z</time>
      </trkpt>
      <trkpt lat="37.673496" lon="-119.639127">
        <ele>2183.5</ele>
        <time>2024-02-16T19:23:30Z</time>
      </trkpt>
      <trkpt lat="37.673628" lon="-119.638968">
        <ele>2183.7</ele>
        <time>2024-02-16T19:23:33Z</time>
      </trkpt>
      <trkpt lat="37.673699" lon="-119.638855">
        <ele>2183.7</ele>
        <time>2024-02-16T19:23:35Z</time>
      </trkpt>
      <trkpt lat="37.673769" lon="-119.638664">
        <ele>2186.0</ele>
        <time>2024-02-16T19:23:38Z</time>
      </trkpt>
      <trkpt lat="37.67385" lon="-119.63837">
        <ele>2184.1</ele>
        <time>2024-02-16T19:23:43Z</time>
      </trkpt>
      <trkpt lat="37.67385" lon="-119.63823">
        <ele>2184.0</ele>
        <time>2024-02-16T19:23:46Z</time>
      </trkpt>
      <trkpt lat="37.673893" lon="-119.638216">
        <ele>2182.6</ele>
        <time>2024-02-16T19:24:00Z</time>
      </trkpt>
      <trkpt lat="37.673893" lon="-119.638073">
        <ele>2181.6</ele>
        <time>2024-02-16T19:24:05Z</time>
      </trkpt>
      <trkpt lat="37.673865" lon="-119.637884">
        <ele>2178.7</ele>
        <time>2024-02-16T19:24:10Z</time>
      </trkpt>
      <trkpt lat="37.673861" lon="-119.637792">
        <ele>2177.5</ele>
        <time>2024-02-16T19:24:12Z</time>
      </trkpt>
      <trkpt lat="37.673868" lon="-119.637711">
        <ele>2175.7</ele>
        <time>2024-02-16T19:24:14Z</time>
      </trkpt>
      <trkpt lat="37.673857" lon="-119.637585">
        <ele>2175.8</ele>
        <time>2024-02-16T19:24:17Z</time>
      </trkpt>
      <trkpt lat="37.673787" lon="-119.637373">
        <ele>2175.7</ele>
        <time>2024-02-16T19:24:23Z</time>
      </trkpt>
      <trkpt lat="37.673641" lon="-119.636965">
        <ele>2173.6</ele>
        <time>2024-02-16T19:24:32Z</time>
      </trkpt>
      <trkpt lat="37.673489" lon="-119.636615">
        <ele>2176.2</ele>
        <time>2024-02-16T19:24:38Z</time>
      </trkpt>
      <trkpt lat="37.673461" lon="-119.636566">
        <ele>2175.9</ele>
        <time>2024-02-16T19:24:39Z</time>
      </trkpt>
      <trkpt lat="37.673357" lon="-119.636432">
        <ele>2175.3</ele>
        <time>2024-02-16T19:24:42Z</time>
      </trkpt>
      <trkpt lat="37.673326" lon="-119.636386">
        <ele>2175.4</ele>
        <time>2024-02-16T19:24:43Z</time>
      </trkpt>
      <trkpt lat="37.673203" lon="-119.636252">
        <ele>2175.8</ele>
        <time>2024-02-16T19:24:46Z</time>
      </trkpt>
      <trkpt lat="37.672862" lon="-119.635986">
        <ele>2173.8</ele>
        <time>2024-02-16T19:24:53Z</time>
      </trkpt>
      <trkpt lat="37.672559" lon="-119.635773">
        <ele>2172.7</ele>
        <time>2024-02-16T19:24:59Z</time>
      </trkpt>
      <trkpt lat="37.672415" lon="-119.635683">
        <ele>2172.9</ele>
        <time>2024-02-16T19:25:02Z</time>
      </trkpt>
      <trkpt lat="37.672329" lon="-119.635637">
        <ele>2172.8</ele>
        <time>2024-02-16T19:25:04Z</time>
      </trkpt>
      <trkpt lat="37.672035" lon="-119.635371">
        <ele>2173.9</ele>
        <time>2024-02-16T19:25:12Z</time>
      </trkpt>
      <trkpt lat="37.671773" lon="-119.635123">
        <ele>2176.5</ele>
        <time>2024-02-16T19:25:22Z</time>
      </trkpt>
      <trkpt lat="37.671745" lon="-119.635099">
        <ele>2176.7</ele>
        <time>2024-02-16T19:25:23Z</time>
      </trkpt>
      <trkpt lat="37.671603" lon="-119.634838">
        <ele>2174.7</ele>
        <time>2024-02-16T19:25:32Z</time>
      </trkpt>
      <trkpt lat="37.671536" lon="-119.634723">
        <ele>2173.1</ele>
        <time>2024-02-16T19:25:36Z</time>
      </trkpt>
      <trkpt lat="37.671434" lon="-119.634495">
        <ele>2172.6</ele>
        <time>2024-02-16T19:25:43Z</time>
      </trkpt>
      <trkpt lat="37.671308" lon="-119.63425">
        <ele>2171.4</ele>
        <time>2024-02-16T19:25:52Z</time>
      </trkpt>
      <trkpt lat="37.671277" lon="-119.634215">
        <ele>2166.8</ele>
        <time>2024-02-16T19:29:34Z</time>
      </trkpt>
      <trkpt lat="37.671267" lon="-119.6341">
        <ele>2166.4</ele>
        <time>2024-02-16T19:29:39Z</time>
      </trkpt>
      <trkpt lat="37.671239" lon="-119.634013">
        <ele>2165.9</ele>
        <time>2024-02-16T19:29:42Z</time>
      </trkpt>
      <trkpt lat="37.6712" lon="-119.633686">
        <ele>2165.9</ele>
        <time>2024-02-16T19:29:52Z</time>
      </trkpt>
      <trkpt lat="37.671193" lon="-119.633651">
        <ele>2165.9</ele>
        <time>2024-02-16T19:29:53Z</time>
      </trkpt>
      <trkpt lat="37.671164" lon="-119.633427">
        <ele>2165.6</ele>
        <time>2024-02-16T19:29:59Z</time>
      </trkpt>
      <trkpt lat="37.671134" lon="-119.633291">
        <ele>2165.0</ele>
        <time>2024-02-16T19:30:02Z</time>
      </trkpt>
      <trkpt lat="37.671095" lon="-119.633146">
        <ele>2164.2</ele>
        <time>2024-02-16T19:30:05Z</time>
      </trkpt>
      <trkpt lat="37.671039" lon="-119.632788">
        <ele>2162.2</ele>
        <time>2024-02-16T19:30:12Z</time>
      </trkpt>
      <trkpt lat="37.671033" lon="-119.632737">
        <ele>2161.0</ele>
        <time>2024-02-16T19:30:13Z</time>
      </trkpt>
      <trkpt lat="37.670978" lon="-119.632179">
        <ele>2160.9</ele>
        <time>2024-02-16T19:30:22Z</time>
      </trkpt>
      <trkpt lat="37.670969" lon="-119.632118">
        <ele>2160.3</ele>
        <time>2024-02-16T19:30:23Z</time>
      </trkpt>
      <trkpt lat="37.670922" lon="-119.631723">
        <ele>2159.4</ele>
        <time>2024-02-16T19:30:29Z</time>
      </trkpt>
      <trkpt lat="37.670909" lon="-119.631534">
        <ele>2158.4</ele>
        <time>2024-02-16T19:30:32Z</time>
      </trkpt>
      <trkpt lat="37.67084" lon="-119.63102">
        <ele>2158.6</ele>
        <time>2024-02-16T19:30:42Z</time>
      </trkpt>
      <trkpt lat="37.670841" lon="-119.630981">
        <ele>2158.2</ele>
        <time>2024-02-16T19:30:43Z</time>
      </trkpt>
      <trkpt lat="37.670824" lon="-119.630861">
        <ele>2159.5</ele>
        <time>2024-02-16T19:30:46Z</time>
      </trkpt>
      <trkpt lat="37.670771" lon="-119.630643">
        <ele>2159.2</ele>
        <time>2024-02-16T19:30:52Z</time>
      </trkpt>
      <trkpt lat="37.670747" lon="-119.630501">
        <ele>2158.6</ele>
        <time>2024-02-16T19:30:56Z</time>
      </trkpt>
      <trkpt lat="37.670744" lon="-119.630392">
        <ele>2158.6</ele>
        <time>2024-02-16T19:30:59Z</time>
      </trkpt>
      <trkpt lat="37.670714" lon="-119.630265">
        <ele>2157.9</ele>
        <time>2024-02-16T19:31:03Z</time>
      </trkpt>
      <trkpt lat="37.670667" lon="-119.63002">
        <ele>2159.4</ele>
        <time>2024-02-16T19:31:10Z</time>
      </trkpt>
      <trkpt lat="37.670668" lon="-119.62991">
        <ele>2157.3</ele>
        <time>2024-02-16T19:31:13Z</time>
      </trkpt>
      <trkpt lat="37.670631" lon="-119.629622">
        <ele>2158.7</ele>
        <time>2024-02-16T19:31:22Z</time>
      </trkpt>
      <trkpt lat="37.670617" lon="-119.629468">
        <ele>2160.5</ele>
        <time>2024-02-16T19:31:27Z</time>
      </trkpt>
      <trkpt lat="37.670579" lon="-119.629321">
        <ele>2161.9</ele>
        <time>2024-02-16T19:31:32Z</time>
      </trkpt>
      <trkpt lat="37.670546" lon="-119.629072">
        <ele>2161.6</ele>
        <time>2024-02-16T19:31:42Z</time>
      </trkpt>
      <trkpt lat="37.67049" lon="-119.628766">
        <ele>2161.9</ele>
        <time>2024-02-16T19:31:52Z</time>
      </trkpt>
      <trkpt lat="37.67048" lon="-119.628723">
        <ele>2161.3</ele>
        <time>2024-02-16T19:31:53Z</time>
      </trkpt>
      <trkpt lat="37.670432" lon="-119.628572">
        <ele>2158.4</ele>
        <time>2024-02-16T19:31:57Z</time>
      </trkpt>
      <trkpt lat="37.670408" lon="-119.628408">
        <ele>2155.0</ele>
        <time>2024-02-16T19:32:01Z</time>
      </trkpt>
      <trkpt lat="37.670386" lon="-119.628341">
        <ele>2153.1</ele>
        <time>2024-02-16T19:32:03Z</time>
      </trkpt>
      <trkpt lat="37.67028" lon="-119.628067">
        <ele>2142.2</ele>
        <time>2024-02-16T19:32:10Z</time>
      </trkpt>
      <trkpt lat="37.670242" lon="-119.627894">
        <ele>2136.1</ele>
        <time>2024-02-16T19:32:14Z</time>
      </trkpt>
      <trkpt lat="37.670216" lon="-119.627799">
        <ele>2135.7</ele>
        <time>2024-02-16T19:32:16Z</time>
      </trkpt>
      <trkpt lat="37.670172" lon="-119.627469">
        <ele>2140.2</ele>
        <time>2024-02-16T19:32:23Z</time>
      </trkpt>
      <trkpt lat="37.670096" lon="-119.627227">
        <ele>2131.1</ele>
        <time>2024-02-16T19:32:28Z</time>
      </trkpt>
      <trkpt lat="37.670024" lon="-119.626944">
        <ele>2126.5</ele>
        <time>2024-02-16T19:32:31Z</time>
      </trkpt>
      <trkpt lat="37.669962" lon="-119.626777">
        <ele>2123.7</ele>
        <time>2024-02-16T19:32:33Z</time>
      </trkpt>
      <trkpt lat="37.669919" lon="-119.626678">
        <ele>2122.2</ele>
        <time>2024-02-16T19:32:34Z</time>
      </trkpt>
      <trkpt lat="37.669779" lon="-119.626087">
        <ele>2137.0</ele>
        <time>2024-02-16T19:32:38Z</time>
      </trkpt>
      <trkpt lat="37.669611" lon="-119.625645">
        <ele>2139.6</ele>
        <time>2024-02-16T19:32:44Z</time>
      </trkpt>
      <trkpt lat="37.669585" lon="-119.625582">
        <ele>2138.9</ele>
        <time>2024-02-16T19:32:45Z</time>
      </trkpt>
      <trkpt lat="37.669346" lon="-119.624957">
        <ele>2134.9</ele>
        <time>2024-02-16T19:32:54Z</time>
      </trkpt>
      <trkpt lat="37.669322" lon="-119.624884">
        <ele>2135.2</ele>
        <time>2024-02-16T19:32:55Z</time>
      </trkpt>
      <trkpt lat="37.669099" lon="-119.624171">
        <ele>2134.9</ele>
        <time>2024-02-16T19:33:05Z</time>
      </trkpt>
      <trkpt lat="37.668912" lon="-119.62361">
        <ele>2132.4</ele>
        <time>2024-02-16T19:33:15Z</time>
      </trkpt>
      <trkpt lat="37.668828" lon="-119.623411">
        <ele>2131.7</ele>
        <time>2024-02-16T19:33:20Z</time>
      </trkpt>
      <trkpt lat="37.668794" lon="-119.623256">
        <ele>2131.5</ele>
        <time>2024-02-16T19:33:24Z</time>
      </trkpt>
      <trkpt lat="37.668746" lon="-119.623142">
        <ele>2131.1</ele>
        <time>2024-02-16T19:33:28Z</time>
      </trkpt>
      <trkpt lat="37.668696" lon="-119.622955">
        <ele>2131.4</ele>
        <time>2024-02-16T19:33:34Z</time>
      </trkpt>
      <trkpt lat="37.668659" lon="-119.622771">
        <ele>2132.1</ele>
        <time>2024-02-16T19:33:40Z</time>
      </trkpt>
      <trkpt lat="37.668682" lon="-119.622729">
        <ele>2127.9</ele>
        <time>2024-02-16T19:34:06Z</time>
      </trkpt>
      <trkpt lat="37.668655" lon="-119.622688">
        <ele>2126.5</ele>
        <time>2024-02-16T19:34:09Z</time>
      </trkpt>
      <trkpt lat="37.668589" lon="-119.6225">
        <ele>2127.4</ele>
        <time>2024-02-16T19:34:18Z</time>
      </trkpt>
      <trkpt lat="37.668542" lon="-119.622343">
        <ele>2128.2</ele>
        <time>2024-02-16T19:34:25Z</time>
      </trkpt>
      <trkpt lat="37.668496" lon="-119.622239">
        <ele>2127.5</ele>
        <time>2024-02-16T19:34:29Z</time>
      </trkpt>
      <trkpt lat="37.66846" lon="-119.622129">
        <ele>2129.4</ele>
        <time>2024-02-16T19:34:33Z</time>
      </trkpt>
      <trkpt lat="37.668413" lon="-119.622046">
        <ele>2132.7</ele>
        <time>2024-02-16T19:34:36Z</time>
      </trkpt>
      <trkpt lat="37.668342" lon="-119.621809">
        <ele>2134.6</ele>
        <time>2024-02-16T19:34:45Z</time>
      </trkpt>
      <trkpt lat="37.668332" lon="-119.621726">
        <ele>2136.3</ele>
        <time>2024-02-16T19:34:48Z</time>
      </trkpt>
      <trkpt lat="37.668294" lon="-119.621574">
        <ele>2144.6</ele>
        <time>2024-02-16T19:35:17Z</time>
      </trkpt>
      <trkpt lat="37.668225" lon="-119.621467">
        <ele>2143.0</ele>
        <time>2024-02-16T19:35:22Z</time>
      </trkpt>
      <trkpt lat="37.66816" lon="-119.621338">
        <ele>2140.0</ele>
        <time>2024-02-16T19:35:27Z</time>
      </trkpt>
      <trkpt lat="37.668111" lon="-119.621213">
        <ele>2140.1</ele>
        <time>2024-02-16T19:35:31Z</time>
      </trkpt>
      <trkpt lat="37.668052" lon="-119.621">
        <ele>2139.6</ele>
        <time>2024-02-16T19:35:41Z</time>
      </trkpt>
      <trkpt lat="37.668043" lon="-119.620978">
        <ele>2139.7</ele>
        <time>2024-02-16T19:35:42Z</time>
      </trkpt>
      <trkpt lat="37.668014" lon="-119.620814">
        <ele>2137.0</ele>
        <time>2024-02-16T19:36:09Z</time>
      </trkpt>
      <trkpt lat="37.667988" lon="-119.620825">
        <ele>2136.2</ele>
        <time>2024-02-16T19:36:30Z</time>
      </trkpt>
      <trkpt lat="37.667989" lon="-119.620848">
        <ele>2135.9</ele>
        <time>2024-02-16T19:36:32Z</time>
      </trkpt>
      <trkpt lat="37.667938" lon="-119.620732">
        <ele>2132.6</ele>
        <time>2024-02-16T19:40:17Z</time>
      </trkpt>
      <trkpt lat="37.667898" lon="-119.620602">
        <ele>2133.2</ele>
        <time>2024-02-16T19:40:22Z</time>
      </trkpt>
      <trkpt lat="37.667812" lon="-119.620414">
        <ele>2129.6</ele>
        <time>2024-02-16T19:40:28Z</time>
      </trkpt>
      <trkpt lat="37.667779" lon="-119.620257">
        <ele>2127.0</ele>
        <time>2024-02-16T19:40:32Z</time>
      </trkpt>
      <trkpt lat="37.667747" lon="-119.62019">
        <ele>2125.2</ele>
        <time>2024-02-16T19:40:35Z</time>
      </trkpt>
      <trkpt lat="37.667742" lon="-119.620087">
        <ele>2119.8</ele>
        <time>2024-02-16T19:40:38Z</time>
      </trkpt>
      <trkpt lat="37.667733" lon="-119.620048">
        <ele>2119.1</ele>
        <time>2024-02-16T19:40:39Z</time>
      </trkpt>
      <trkpt lat="37.66768" lon="-119.619938">
        <ele>2118.3</ele>
        <time>2024-02-16T19:40:43Z</time>
      </trkpt>
      <trkpt lat="37.667639" lon="-119.619804">
        <ele>2115.8</ele>
        <time>2024-02-16T19:40:47Z</time>
      </trkpt>
      <trkpt lat="37.667537" lon="-119.619518">
        <ele>2113.7</ele>
        <time>2024-02-16T19:40:53Z</time>
      </trkpt>
      <trkpt lat="37.667485" lon="-119.619293">
        <ele>2116.5</ele>
        <time>2024-02-16T19:40:57Z</time>
      </trkpt>
      <trkpt lat="37.667433" lon="-119.619116">
        <ele>2117.1</ele>
        <time>2024-02-16T19:41:01Z</time>
      </trkpt>
      <trkpt lat="37.667361" lon="-119.618801">
        <ele>2119.8</ele>
        <time>2024-02-16T19:41:07Z</time>
      </trkpt>
      <trkpt lat="37.667352" lon="-119.618738">
        <ele>2120.7</ele>
        <time>2024-02-16T19:41:08Z</time>
      </trkpt>
      <trkpt lat="37.667282" lon="-119.61831">
        <ele>2127.4</ele>
        <time>2024-02-16T19:41:17Z</time>
      </trkpt>
      <trkpt lat="37.667278" lon="-119.618269">
        <ele>2126.7</ele>
        <time>2024-02-16T19:41:18Z</time>
      </trkpt>
      <trkpt lat="37.667206" lon="-119.617967">
        <ele>2130.3</ele>
        <time>2024-02-16T19:41:27Z</time>
      </trkpt>
      <trkpt lat="37.667202" lon="-119.61793">
        <ele>2129.6</ele>
        <time>2024-02-16T19:41:28Z</time>
      </trkpt>
      <trkpt lat="37.667125" lon="-119.617738">
        <ele>2126.4</ele>
        <time>2024-02-16T19:41:34Z</time>
      </trkpt>
      <trkpt lat="37.667102" lon="-119.617645">
        <ele>2125.3</ele>
        <time>2024-02-16T19:41:37Z</time>
      </trkpt>
      <trkpt lat="37.6671" lon="-119.617614">
        <ele>2124.9</ele>
        <time>2024-02-16T19:41:38Z</time>
      </trkpt>
      <trkpt lat="37.667004" lon="-119.617305">
        <ele>2121.8</ele>
        <time>2024-02-16T19:41:47Z</time>
      </trkpt>
      <trkpt lat="37.666993" lon="-119.617264">
        <ele>2121.4</ele>
        <time>2024-02-16T19:41:48Z</time>
      </trkpt>
      <trkpt lat="37.666881" lon="-119.616948">
        <ele>2120.9</ele>
        <time>2024-02-16T19:41:56Z</time>
      </trkpt>
      <trkpt lat="37.666859" lon="-119.616825">
        <ele>2123.7</ele>
        <time>2024-02-16T19:41:58Z</time>
      </trkpt>
      <trkpt lat="37.666754" lon="-119.61644">
        <ele>2124.3</ele>
        <time>2024-02-16T19:42:07Z</time>
      </trkpt>
      <trkpt lat="37.666713" lon="-119.616304">
        <ele>2122.6</ele>
        <time>2024-02-16T19:42:12Z</time>
      </trkpt>
      <trkpt lat="37.666729" lon="-119.616282">
        <ele>2119.9</ele>
        <time>2024-02-16T19:45:26Z</time>
      </trkpt>
      <trkpt lat="37.66672" lon="-119.616331">
        <ele>2119.9</ele>
        <time>2024-02-16T19:45:28Z</time>
      </trkpt>
      <trkpt lat="37.666696" lon="-119.616346">
        <ele>2119.7</ele>
        <time>2024-02-16T19:46:09Z</time>
      </trkpt>
      <trkpt lat="37.666675" lon="-119.616314">
        <ele>2123.0</ele>
        <time>2024-02-16T19:56:57Z</time>
      </trkpt>
      <trkpt lat="37.666642" lon="-119.615986">
        <ele>2118.8</ele>
        <time>2024-02-16T20:00:09Z</time>
      </trkpt>
      <trkpt lat="37.666592" lon="-119.615822">
        <ele>2117.0</ele>
        <time>2024-02-16T20:00:11Z</time>
      </trkpt>
      <trkpt lat="37.666593" lon="-119.615764">
        <ele>2129.4</ele>
        <time>2024-02-16T20:00:13Z</time>
      </trkpt>
      <trkpt lat="37.666567" lon="-119.615724">
        <ele>2130.1</ele>
        <time>2024-02-16T20:00:16Z</time>
      </trkpt>
      <trkpt lat="37.666475" lon="-119.615617">
        <ele>2123.4</ele>
        <time>2024-02-16T20:00:26Z</time>
      </trkpt>
      <trkpt lat="37.666433" lon="-119.615455">
        <ele>2123.7</ele>
        <time>2024-02-16T20:00:36Z</time>
      </trkpt>
      <trkpt lat="37.666431" lon="-119.615381">
        <ele>2122.2</ele>
        <time>2024-02-16T20:00:41Z</time>
      </trkpt>
      <trkpt lat="37.666407" lon="-119.615297">
        <ele>2121.9</ele>
        <time>2024-02-16T20:00:47Z</time>
      </trkpt>
      <trkpt lat="37.666404" lon="-119.615221">
        <ele>2121.5</ele>
        <time>2024-02-16T20:00:52Z</time>
      </trkpt>
      <trkpt lat="37.666373" lon="-119.615062">
        <ele>2119.9</ele>
        <time>2024-02-16T20:01:03Z</time>
      </trkpt>
      <trkpt lat="37.666351" lon="-119.615014">
        <ele>2120.7</ele>
        <time>2024-02-16T20:01:06Z</time>
      </trkpt>
      <trkpt lat="37.666343" lon="-119.614883">
        <ele>2119.8</ele>
        <time>2024-02-16T20:01:15Z</time>
      </trkpt>
      <trkpt lat="37.66636" lon="-119.61476">
        <ele>2121.1</ele>
        <time>2024-02-16T20:01:23Z</time>
      </trkpt>
      <trkpt lat="37.666352" lon="-119.614576">
        <ele>2123.0</ele>
        <time>2024-02-16T20:01:33Z</time>
      </trkpt>
      <trkpt lat="37.666387" lon="-119.614377">
        <ele>2123.8</ele>
        <time>2024-02-16T20:01:45Z</time>
      </trkpt>
      <trkpt lat="37.666378" lon="-119.614318">
        <ele>2124.9</ele>
        <time>2024-02-16T20:01:50Z</time>
      </trkpt>
      <trkpt lat="37.666392" lon="-119.614241">
        <ele>2125.6</ele>
        <time>2024-02-16T20:01:55Z</time>
      </trkpt>
      <trkpt lat="37.666389" lon="-119.614134">
        <ele>2127.6</ele>
        <time>2024-02-16T20:02:02Z</time>
      </trkpt>
      <trkpt lat="37.666414" lon="-119.61402">
        <ele>2126.5</ele>
        <time>2024-02-16T20:02:12Z</time>
      </trkpt>
      <trkpt lat="37.666421" lon="-119.613939">
        <ele>2124.4</ele>
        <time>2024-02-16T20:02:19Z</time>
      </trkpt>
      <trkpt lat="37.666418" lon="-119.613901">
        <ele>2125.0</ele>
        <time>2024-02-16T20:02:22Z</time>
      </trkpt>
      <trkpt lat="37.666447" lon="-119.613815">
        <ele>2125.7</ele>
        <time>2024-02-16T20:02:27Z</time>
      </trkpt>
      <trkpt lat="37.666458" lon="-119.613738">
        <ele>2126.4</ele>
        <time>2024-02-16T20:02:31Z</time>
      </trkpt>
      <trkpt lat="37.666476" lon="-119.613702">
        <ele>2126.7</ele>
        <time>2024-02-16T20:02:34Z</time>
      </trkpt>
      <trkpt lat="37.666489" lon="-119.613645">
        <ele>2128.3</ele>
        <time>2024-02-16T20:02:38Z</time>
      </trkpt>
      <trkpt lat="37.666506" lon="-119.613625">
        <ele>2128.4</ele>
        <time>2024-02-16T20:02:40Z</time>
      </trkpt>
      <trkpt lat="37.66657" lon="-119.613464">
        <ele>2129.5</ele>
        <time>2024-02-16T20:02:51Z</time>
      </trkpt>
      <trkpt lat="37.666602" lon="-119.613437">
        <ele>2129.2</ele>
        <time>2024-02-16T20:02:54Z</time>
      </trkpt>
      <trkpt lat="37.666628" lon="-119.613337">
        <ele>2129.3</ele>
        <time>2024-02-16T20:03:09Z</time>
      </trkpt>
      <trkpt lat="37.666671" lon="-119.613229">
        <ele>2131.1</ele>
        <time>2024-02-16T20:03:16Z</time>
      </trkpt>
      <trkpt lat="37.666739" lon="-119.61317">
        <ele>2131.6</ele>
        <time>2024-02-16T20:03:22Z</time>
      </trkpt>
      <trkpt lat="37.666819" lon="-119.613073">
        <ele>2131.4</ele>
        <time>2024-02-16T20:03:33Z</time>
      </trkpt>
      <trkpt lat="37.666828" lon="-119.613003">
        <ele>2132.1</ele>
        <time>2024-02-16T20:03:38Z</time>
      </trkpt>
      <trkpt lat="37.666845" lon="-119.612985">
        <ele>2131.6</ele>
        <time>2024-02-16T20:03:40Z</time>
      </trkpt>
      <trkpt lat="37.666859" lon="-119.612935">
        <ele>2131.7</ele>
        <time>2024-02-16T20:03:45Z</time>
      </trkpt>
      <trkpt lat="37.666878" lon="-119.61279">
        <ele>2132.1</ele>
        <time>2024-02-16T20:03:57Z</time>
      </trkpt>
      <trkpt lat="37.666903" lon="-119.612737">
        <ele>2130.9</ele>
        <time>2024-02-16T20:04:02Z</time>
      </trkpt>
      <trkpt lat="37.667007" lon="-119.612654">
        <ele>2129.6</ele>
        <time>2024-02-16T20:04:12Z</time>
      </trkpt>
      <trkpt lat="37.66706" lon="-119.612589">
        <ele>2130.2</ele>
        <time>2024-02-16T20:04:18Z</time>
      </trkpt>
      <trkpt lat="37.667157" lon="-119.612542">
        <ele>2130.1</ele>
        <time>2024-02-16T20:04:26Z</time>
      </trkpt>
      <trkpt lat="37.66716" lon="-119.612534">
        <ele>2130.1</ele>
        <time>2024-02-16T20:04:27Z</time>
      </trkpt>
      <trkpt lat="37.6673" lon="-119.612431">
        <ele>2133.1</ele>
        <time>2024-02-16T20:04:43Z</time>
      </trkpt>
      <trkpt lat="37.667318" lon="-119.612385">
        <ele>2132.7</ele>
        <time>2024-02-16T20:04:47Z</time>
      </trkpt>
      <trkpt lat="37.667364" lon="-119.612325">
        <ele>2133.1</ele>
        <time>2024-02-16T20:04:56Z</time>
      </trkpt>
      <trkpt lat="37.667429" lon="-119.61227">
        <ele>2135.2</ele>
        <time>2024-02-16T20:05:04Z</time>
      </trkpt>
      <trkpt lat="37.667469" lon="-119.612244">
        <ele>2134.9</ele>
        <time>2024-02-16T20:05:08Z</time>
      </trkpt>
      <trkpt lat="37.667527" lon="-119.612165">
        <ele>2135.8</ele>
        <time>2024-02-16T20:05:18Z</time>
      </trkpt>
      <trkpt lat="37.667599" lon="-119.612114">
        <ele>2135.8</ele>
        <time>2024-02-16T20:05:24Z</time>
      </trkpt>
      <trkpt lat="37.667617" lon="-119.612089">
        <ele>2135.0</ele>
        <time>2024-02-16T20:05:27Z</time>
      </trkpt>
      <trkpt lat="37.6677" lon="-119.612032">
        <ele>2133.2</ele>
        <time>2024-02-16T20:05:35Z</time>
      </trkpt>
      <trkpt lat="37.667723" lon="-119.611984">
        <ele>2133.4</ele>
        <time>2024-02-16T20:05:39Z</time>
      </trkpt>
      <trkpt lat="37.667771" lon="-119.611945">
        <ele>2136.2</ele>
        <time>2024-02-16T20:05:48Z</time>
      </trkpt>
      <trkpt lat="37.667803" lon="-119.611896">
        <ele>2137.6</ele>
        <time>2024-02-16T20:05:55Z</time>
      </trkpt>
      <trkpt lat="37.66786" lon="-119.611856">
        <ele>2136.4</ele>
        <time>2024-02-16T20:06:01Z</time>
      </trkpt>
      <trkpt lat="37.667945" lon="-119.611747">
        <ele>2134.1</ele>
        <time>2024-02-16T20:06:14Z</time>
      </trkpt>
      <trkpt lat="37.66813" lon="-119.611617">
        <ele>2133.0</ele>
        <time>2024-02-16T20:06:32Z</time>
      </trkpt>
      <trkpt lat="37.668184" lon="-119.611584">
        <ele>2133.1</ele>
        <time>2024-02-16T20:06:38Z</time>
      </trkpt>
      <trkpt lat="37.668253" lon="-119.611517">
        <ele>2134.1</ele>
        <time>2024-02-16T20:06:48Z</time>
      </trkpt>
      <trkpt lat="37.668302" lon="-119.6115">
        <ele>2132.8</ele>
        <time>2024-02-16T20:06:53Z</time>
      </trkpt>
      <trkpt lat="37.668444" lon="-119.611403">
        <ele>2133.6</ele>
        <time>2024-02-16T20:07:10Z</time>
      </trkpt>
      <trkpt lat="37.668518" lon="-119.611386">
        <ele>2135.8</ele>
        <time>2024-02-16T20:07:17Z</time>
      </trkpt>
      <trkpt lat="37.668527" lon="-119.611355">
        <ele>2136.4</ele>
        <time>2024-02-16T20:07:20Z</time>
      </trkpt>
      <trkpt lat="37.668594" lon="-119.611274">
        <ele>2140.9</ele>
        <time>2024-02-16T20:07:31Z</time>
      </trkpt>
      <trkpt lat="37.668741" lon="-119.611158">
        <ele>2141.4</ele>
        <time>2024-02-16T20:07:46Z</time>
      </trkpt>
      <trkpt lat="37.668783" lon="-119.611131">
        <ele>2140.9</ele>
        <time>2024-02-16T20:07:50Z</time>
      </trkpt>
      <trkpt lat="37.668805" lon="-119.611103">
        <ele>2140.8</ele>
        <time>2024-02-16T20:07:52Z</time>
      </trkpt>
      <trkpt lat="37.668894" lon="-119.611045">
        <ele>2140.9</ele>
        <time>2024-02-16T20:08:00Z</time>
      </trkpt>
      <trkpt lat="37.66897" lon="-119.610978">
        <ele>2140.0</ele>
        <time>2024-02-16T20:08:08Z</time>
      </trkpt>
      <trkpt lat="37.668995" lon="-119.610939">
        <ele>2140.8</ele>
        <time>2024-02-16T20:08:13Z</time>
      </trkpt>
      <trkpt lat="37.669055" lon="-119.610898">
        <ele>2141.8</ele>
        <time>2024-02-16T20:08:18Z</time>
      </trkpt>
      <trkpt lat="37.669205" lon="-119.610773">
        <ele>2144.5</ele>
        <time>2024-02-16T20:08:32Z</time>
      </trkpt>
      <trkpt lat="37.66926" lon="-119.610671">
        <ele>2145.3</ele>
        <time>2024-02-16T20:08:40Z</time>
      </trkpt>
      <trkpt lat="37.669308" lon="-119.610633">
        <ele>2145.4</ele>
        <time>2024-02-16T20:08:44Z</time>
      </trkpt>
      <trkpt lat="37.669467" lon="-119.61054">
        <ele>2146.9</ele>
        <time>2024-02-16T20:08:58Z</time>
      </trkpt>
      <trkpt lat="37.669568" lon="-119.610461">
        <ele>2145.7</ele>
        <time>2024-02-16T20:09:08Z</time>
      </trkpt>
      <trkpt lat="37.669628" lon="-119.610399">
        <ele>2144.3</ele>
        <time>2024-02-16T20:09:15Z</time>
      </trkpt>
      <trkpt lat="37.669677" lon="-119.610318">
        <ele>2144.9</ele>
        <time>2024-02-16T20:09:22Z</time>
      </trkpt>
      <trkpt lat="37.66973" lon="-119.610181">
        <ele>2147.6</ele>
        <time>2024-02-16T20:09:34Z</time>
      </trkpt>
      <trkpt lat="37.669776" lon="-119.610103">
        <ele>2147.5</ele>
        <time>2024-02-16T20:09:41Z</time>
      </trkpt>
      <trkpt lat="37.669838" lon="-119.610029">
        <ele>2145.9</ele>
        <time>2024-02-16T20:09:47Z</time>
      </trkpt>
      <trkpt lat="37.669865" lon="-119.609945">
        <ele>2145.0</ele>
        <time>2024-02-16T20:09:54Z</time>
      </trkpt>
      <trkpt lat="37.669931" lon="-119.609788">
        <ele>2145.7</ele>
        <time>2024-02-16T20:10:05Z</time>
      </trkpt>
      <trkpt lat="37.669948" lon="-119.609591">
        <ele>2144.5</ele>
        <time>2024-02-16T20:10:20Z</time>
      </trkpt>
      <trkpt lat="37.66996" lon="-119.609506">
        <ele>2145.7</ele>
        <time>2024-02-16T20:10:24Z</time>
      </trkpt>
      <trkpt lat="37.66995" lon="-119.60938">
        <ele>2146.6</ele>
        <time>2024-02-16T20:10:30Z</time>
      </trkpt>
      <trkpt lat="37.669959" lon="-119.609243">
        <ele>2145.7</ele>
        <time>2024-02-16T20:10:38Z</time>
      </trkpt>
      <trkpt lat="37.66995" lon="-119.609141">
        <ele>2145.6</ele>
        <time>2024-02-16T20:10:44Z</time>
      </trkpt>
      <trkpt lat="37.669905" lon="-119.608919">
        <ele>2144.2</ele>
        <time>2024-02-16T20:10:58Z</time>
      </trkpt>
      <trkpt lat="37.669828" lon="-119.608691">
        <ele>2144.6</ele>
        <time>2024-02-16T20:11:08Z</time>
      </trkpt>
      <trkpt lat="37.669778" lon="-119.608585">
        <ele>2144.8</ele>
        <time>2024-02-16T20:11:13Z</time>
      </trkpt>
      <trkpt lat="37.669715" lon="-119.608496">
        <ele>2143.2</ele>
        <time>2024-02-16T20:11:18Z</time>
      </trkpt>
      <trkpt lat="37.669696" lon="-119.60846">
        <ele>2144.7</ele>
        <time>2024-02-16T20:11:19Z</time>
      </trkpt>
      <trkpt lat="37.669562" lon="-119.608264">
        <ele>2143.5</ele>
        <time>2024-02-16T20:11:28Z</time>
      </trkpt>
      <trkpt lat="37.669401" lon="-119.608091">
        <ele>2143.0</ele>
        <time>2024-02-16T20:11:38Z</time>
      </trkpt>
      <trkpt lat="37.669324" lon="-119.608005">
        <ele>2142.2</ele>
        <time>2024-02-16T20:11:43Z</time>
      </trkpt>
      <trkpt lat="37.66924" lon="-119.607937">
        <ele>2141.8</ele>
        <time>2024-02-16T20:11:48Z</time>
      </trkpt>
      <trkpt lat="37.669158" lon="-119.607864">
        <ele>2140.4</ele>
        <time>2024-02-16T20:11:53Z</time>
      </trkpt>
      <trkpt lat="37.669062" lon="-119.607736">
        <ele>2140.3</ele>
        <time>2024-02-16T20:11:59Z</time>
      </trkpt>
      <trkpt lat="37.668905" lon="-119.607573">
        <ele>2135.6</ele>
        <time>2024-02-16T20:12:09Z</time>
      </trkpt>
      <trkpt lat="37.668783" lon="-119.607378">
        <ele>2137.2</ele>
        <time>2024-02-16T20:12:18Z</time>
      </trkpt>
      <trkpt lat="37.668665" lon="-119.607222">
        <ele>2136.4</ele>
        <time>2024-02-16T20:12:28Z</time>
      </trkpt>
      <trkpt lat="37.668579" lon="-119.607145">
        <ele>2133.5</ele>
        <time>2024-02-16T20:12:34Z</time>
      </trkpt>
      <trkpt lat="37.668516" lon="-119.607059">
        <ele>2133.6</ele>
        <time>2024-02-16T20:12:39Z</time>
      </trkpt>
      <trkpt lat="37.668452" lon="-119.606957">
        <ele>2132.3</ele>
        <time>2024-02-16T20:12:44Z</time>
      </trkpt>
      <trkpt lat="37.668392" lon="-119.606891">
        <ele>2133.4</ele>
        <time>2024-02-16T20:12:48Z</time>
      </trkpt>
      <trkpt lat="37.668261" lon="-119.606715">
        <ele>2132.2</ele>
        <time>2024-02-16T20:12:58Z</time>
      </trkpt>
      <trkpt lat="37.668096" lon="-119.606525">
        <ele>2130.4</ele>
        <time>2024-02-16T20:13:08Z</time>
      </trkpt>
      <trkpt lat="37.668078" lon="-119.606487">
        <ele>2131.3</ele>
        <time>2024-02-16T20:13:09Z</time>
      </trkpt>
      <trkpt lat="37.667915" lon="-119.606238">
        <ele>2131.1</ele>
        <time>2024-02-16T20:13:19Z</time>
      </trkpt>
      <trkpt lat="37.667881" lon="-119.606204">
        <ele>2130.9</ele>
        <time>2024-02-16T20:13:22Z</time>
      </trkpt>
      <trkpt lat="37.66781" lon="-119.606088">
        <ele>2129.7</ele>
        <time>2024-02-16T20:13:30Z</time>
      </trkpt>
      <trkpt lat="37.66777" lon="-119.606047">
        <ele>2129.0</ele>
        <time>2024-02-16T20:13:34Z</time>
      </trkpt>
      <trkpt lat="37.667795" lon="-119.606035">
        <ele>2130.0</ele>
        <time>2024-02-16T20:14:00Z</time>
      </trkpt>
      <trkpt lat="37.667758" lon="-119.606006">
        <ele>2127.3</ele>
        <time>2024-02-16T20:14:25Z</time>
      </trkpt>
      <trkpt lat="37.66772" lon="-119.605951">
        <ele>2126.8</ele>
        <time>2024-02-16T20:14:30Z</time>
      </trkpt>
      <trkpt lat="37.667658" lon="-119.605761">
        <ele>2124.0</ele>
        <time>2024-02-16T20:14:43Z</time>
      </trkpt>
      <trkpt lat="37.667582" lon="-119.605584">
        <ele>2125.0</ele>
        <time>2024-02-16T20:14:55Z</time>
      </trkpt>
      <trkpt lat="37.667556" lon="-119.605538">
        <ele>2124.7</ele>
        <time>2024-02-16T20:15:00Z</time>
      </trkpt>
      <trkpt lat="37.667546" lon="-119.60547">
        <ele>2123.1</ele>
        <time>2024-02-16T20:15:05Z</time>
      </trkpt>
      <trkpt lat="37.667483" lon="-119.605308">
        <ele>2122.5</ele>
        <time>2024-02-16T20:15:16Z</time>
      </trkpt>
      <trkpt lat="37.667485" lon="-119.605247">
        <ele>2121.7</ele>
        <time>2024-02-16T20:15:21Z</time>
      </trkpt>
      <trkpt lat="37.667454" lon="-119.605141">
        <ele>2123.9</ele>
        <time>2024-02-16T20:15:30Z</time>
      </trkpt>
      <trkpt lat="37.667355" lon="-119.604917">
        <ele>2122.6</ele>
        <time>2024-02-16T20:15:47Z</time>
      </trkpt>
      <trkpt lat="37.667336" lon="-119.604748">
        <ele>2123.3</ele>
        <time>2024-02-16T20:15:59Z</time>
      </trkpt>
      <trkpt lat="37.667335" lon="-119.604607">
        <ele>2127.2</ele>
        <time>2024-02-16T20:16:06Z</time>
      </trkpt>
      <trkpt lat="37.667289" lon="-119.60451">
        <ele>2132.3</ele>
        <time>2024-02-16T20:16:14Z</time>
      </trkpt>
      <trkpt lat="37.667274" lon="-119.604329">
        <ele>2131.1</ele>
        <time>2024-02-16T20:16:27Z</time>
      </trkpt>
      <trkpt lat="37.667252" lon="-119.604277">
        <ele>2131.7</ele>
        <time>2024-02-16T20:16:30Z</time>
      </trkpt>
      <trkpt lat="37.667248" lon="-119.603987">
        <ele>2133.6</ele>
        <time>2024-02-16T20:16:47Z</time>
      </trkpt>
      <trkpt lat="37.667227" lon="-119.603863">
        <ele>2133.6</ele>
        <time>2024-02-16T20:16:55Z</time>
      </trkpt>
      <trkpt lat="37.667234" lon="-119.603747">
        <ele>2133.9</ele>
        <time>2024-02-16T20:17:04Z</time>
      </trkpt>
      <trkpt lat="37.667224" lon="-119.603612">
        <ele>2133.4</ele>
        <time>2024-02-16T20:17:13Z</time>
      </trkpt>
      <trkpt lat="37.667235" lon="-119.6034">
        <ele>2135.4</ele>
        <time>2024-02-16T20:17:26Z</time>
      </trkpt>
      <trkpt lat="37.667238" lon="-119.603389">
        <ele>2135.4</ele>
        <time>2024-02-16T20:17:27Z</time>
      </trkpt>
      <trkpt lat="37.667235" lon="-119.603223">
        <ele>2135.7</ele>
        <time>2024-02-16T20:17:39Z</time>
      </trkpt>
      <trkpt lat="37.667242" lon="-119.603139">
        <ele>2137.5</ele>
        <time>2024-02-16T20:17:44Z</time>
      </trkpt>
      <trkpt lat="37.66726" lon="-119.603022">
        <ele>2138.1</ele>
        <time>2024-02-16T20:17:53Z</time>
      </trkpt>
      <trkpt lat="37.66726" lon="-119.602928">
        <ele>2137.6</ele>
        <time>2024-02-16T20:17:59Z</time>
      </trkpt>
      <trkpt lat="37.667269" lon="-119.602876">
        <ele>2137.0</ele>
        <time>2024-02-16T20:18:03Z</time>
      </trkpt>
      <trkpt lat="37.667266" lon="-119.602728">
        <ele>2136.7</ele>
        <time>2024-02-16T20:18:13Z</time>
      </trkpt>
      <trkpt lat="37.667274" lon="-119.602715">
        <ele>2137.0</ele>
        <time>2024-02-16T20:18:14Z</time>
      </trkpt>
      <trkpt lat="37.66731" lon="-119.602489">
        <ele>2138.1</ele>
        <time>2024-02-16T20:18:30Z</time>
      </trkpt>
      <trkpt lat="37.667322" lon="-119.602393">
        <ele>2138.5</ele>
        <time>2024-02-16T20:18:36Z</time>
      </trkpt>
      <trkpt lat="37.667308" lon="-119.602269">
        <ele>2137.8</ele>
        <time>2024-02-16T20:18:45Z</time>
      </trkpt>
      <trkpt lat="37.667319" lon="-119.602124">
        <ele>2137.0</ele>
        <time>2024-02-16T20:18:54Z</time>
      </trkpt>
      <trkpt lat="37.667306" lon="-119.602053">
        <ele>2137.6</ele>
        <time>2024-02-16T20:18:59Z</time>
      </trkpt>
      <trkpt lat="37.667331" lon="-119.601818">
        <ele>2138.0</ele>
        <time>2024-02-16T20:19:17Z</time>
      </trkpt>
      <trkpt lat="37.667368" lon="-119.601633">
        <ele>2137.7</ele>
        <time>2024-02-16T20:19:27Z</time>
      </trkpt>
      <trkpt lat="37.667372" lon="-119.601566">
        <ele>2139.0</ele>
        <time>2024-02-16T20:19:31Z</time>
      </trkpt>
      <trkpt lat="37.667391" lon="-119.6015">
        <ele>2138.2</ele>
        <time>2024-02-16T20:19:35Z</time>
      </trkpt>
      <trkpt lat="37.667374" lon="-119.601395">
        <ele>2138.6</ele>
        <time>2024-02-16T20:19:41Z</time>
      </trkpt>
      <trkpt lat="37.667374" lon="-119.601197">
        <ele>2142.0</ele>
        <time>2024-02-16T20:19:53Z</time>
      </trkpt>
      <trkpt lat="37.667397" lon="-119.601005">
        <ele>2142.4</ele>
        <time>2024-02-16T20:20:05Z</time>
      </trkpt>
      <trkpt lat="37.667402" lon="-119.600918">
        <ele>2142.8</ele>
        <time>2024-02-16T20:20:10Z</time>
      </trkpt>
      <trkpt lat="37.66739" lon="-119.600871">
        <ele>2143.2</ele>
        <time>2024-02-16T20:20:13Z</time>
      </trkpt>
      <trkpt lat="37.667398" lon="-119.600711">
        <ele>2142.8</ele>
        <time>2024-02-16T20:20:24Z</time>
      </trkpt>
      <trkpt lat="37.667434" lon="-119.60061">
        <ele>2140.6</ele>
        <time>2024-02-16T20:20:33Z</time>
      </trkpt>
      <trkpt lat="37.667434" lon="-119.600539">
        <ele>2139.1</ele>
        <time>2024-02-16T20:20:38Z</time>
      </trkpt>
      <trkpt lat="37.667418" lon="-119.600408">
        <ele>2141.0</ele>
        <time>2024-02-16T20:20:45Z</time>
      </trkpt>
      <trkpt lat="37.667472" lon="-119.600073">
        <ele>2144.1</ele>
        <time>2024-02-16T20:21:06Z</time>
      </trkpt>
      <trkpt lat="37.66746" lon="-119.599949">
        <ele>2143.6</ele>
        <time>2024-02-16T20:21:17Z</time>
      </trkpt>
      <trkpt lat="37.66748" lon="-119.599843">
        <ele>2143.0</ele>
        <time>2024-02-16T20:21:23Z</time>
      </trkpt>
      <trkpt lat="37.667475" lon="-119.599799">
        <ele>2143.5</ele>
        <time>2024-02-16T20:21:26Z</time>
      </trkpt>
      <trkpt lat="37.667486" lon="-119.599719">
        <ele>2145.0</ele>
        <time>2024-02-16T20:21:32Z</time>
      </trkpt>
      <trkpt lat="37.667485" lon="-119.599622">
        <ele>2146.3</ele>
        <time>2024-02-16T20:21:40Z</time>
      </trkpt>
      <trkpt lat="37.667492" lon="-119.599567">
        <ele>2146.4</ele>
        <time>2024-02-16T20:21:44Z</time>
      </trkpt>
      <trkpt lat="37.66748" lon="-119.599543">
        <ele>2146.7</ele>
        <time>2024-02-16T20:21:46Z</time>
      </trkpt>
      <trkpt lat="37.667493" lon="-119.599511">
        <ele>2147.3</ele>
        <time>2024-02-16T20:21:48Z</time>
      </trkpt>
      <trkpt lat="37.667508" lon="-119.599415">
        <ele>2146.6</ele>
        <time>2024-02-16T20:21:54Z</time>
      </trkpt>
      <trkpt lat="37.66751" lon="-119.599194">
        <ele>2146.7</ele>
        <time>2024-02-16T20:22:08Z</time>
      </trkpt>
      <trkpt lat="37.667517" lon="-119.599099">
        <ele>2147.5</ele>
        <time>2024-02-16T20:22:15Z</time>
      </trkpt>
      <trkpt lat="37.667508" lon="-119.598997">
        <ele>2147.9</ele>
        <time>2024-02-16T20:22:22Z</time>
      </trkpt>
      <trkpt lat="37.667502" lon="-119.598853">
        <ele>2148.7</ele>
        <time>2024-02-16T20:22:34Z</time>
      </trkpt>
      <trkpt lat="37.667513" lon="-119.598759">
        <ele>2150.2</ele>
        <time>2024-02-16T20:22:42Z</time>
      </trkpt>
      <trkpt lat="37.667553" lon="-119.598657">
        <ele>2149.6</ele>
        <time>2024-02-16T20:22:50Z</time>
      </trkpt>
      <trkpt lat="37.66755" lon="-119.598527">
        <ele>2148.8</ele>
        <time>2024-02-16T20:23:04Z</time>
      </trkpt>
      <trkpt lat="37.667602" lon="-119.598424">
        <ele>2148.4</ele>
        <time>2024-02-16T20:23:14Z</time>
      </trkpt>
      <trkpt lat="37.667619" lon="-119.598331">
        <ele>2149.3</ele>
        <time>2024-02-16T20:23:18Z</time>
      </trkpt>
      <trkpt lat="37.667637" lon="-119.598089">
        <ele>2150.3</ele>
        <time>2024-02-16T20:23:37Z</time>
      </trkpt>
      <trkpt lat="37.667688" lon="-119.5979">
        <ele>2151.0</ele>
        <time>2024-02-16T20:23:49Z</time>
      </trkpt>
      <trkpt lat="37.667708" lon="-119.597868">
        <ele>2151.6</ele>
        <time>2024-02-16T20:23:53Z</time>
      </trkpt>
      <trkpt lat="37.667723" lon="-119.597879">
        <ele>2149.3</ele>
        <time>2024-02-16T20:42:53Z</time>
      </trkpt>
      <trkpt lat="37.666563" lon="-119.595691">
        <ele>2196.7</ele>
        <time>2024-02-16T20:42:56Z</time>
      </trkpt>
      <trkpt lat="37.666581" lon="-119.595727">
        <ele>2191.7</ele>
        <time>2024-02-16T20:42:57Z</time>
      </trkpt>
      <trkpt lat="37.666609" lon="-119.595747">
        <ele>2184.8</ele>
        <time>2024-02-16T20:42:58Z</time>
      </trkpt>
      <trkpt lat="37.666613" lon="-119.595809">
        <ele>2183.7</ele>
        <time>2024-02-16T20:43:18Z</time>
      </trkpt>
      <trkpt lat="37.666594" lon="-119.595848">
        <ele>2186.6</ele>
        <time>2024-02-16T20:43:23Z</time>
      </trkpt>
      <trkpt lat="37.666555" lon="-119.595879">
        <ele>2192.3</ele>
        <time>2024-02-16T20:43:50Z</time>
      </trkpt>
      <trkpt lat="37.666605" lon="-119.595903">
        <ele>2197.8</ele>
        <time>2024-02-16T20:44:10Z</time>
      </trkpt>
      <trkpt lat="37.666614" lon="-119.595875">
        <ele>2200.5</ele>
        <time>2024-02-16T20:44:17Z</time>
      </trkpt>
      <trkpt lat="37.666591" lon="-119.595823">
        <ele>2202.6</ele>
        <time>2024-02-16T20:44:26Z</time>
      </trkpt>
      <trkpt lat="37.666588" lon="-119.595793">
        <ele>2203.8</ele>
        <time>2024-02-16T20:44:28Z</time>
      </trkpt>
      <trkpt lat="37.666609" lon="-119.595773">
        <ele>2204.6</ele>
        <time>2024-02-16T20:44:44Z</time>
      </trkpt>
      <trkpt lat="37.666614" lon="-119.595694">
        <ele>2204.9</ele>
        <time>2024-02-16T20:44:49Z</time>
      </trkpt>
      <trkpt lat="37.666607" lon="-119.595634">
        <ele>2204.5</ele>
        <time>2024-02-16T20:44:56Z</time>
      </trkpt>
      <trkpt lat="37.666567" lon="-119.595556">
        <ele>2203.8</ele>
        <time>2024-02-16T20:45:08Z</time>
      </trkpt>
      <trkpt lat="37.666548" lon="-119.595379">
        <ele>2203.4</ele>
        <time>2024-02-16T20:45:24Z</time>
      </trkpt>
      <trkpt lat="37.666515" lon="-119.595265">
        <ele>2202.7</ele>
        <time>2024-02-16T20:45:35Z</time>
      </trkpt>
      <trkpt lat="37.666537" lon="-119.594984">
        <ele>2197.6</ele>
        <time>2024-02-16T20:45:36Z</time>
      </trkpt>
      <trkpt lat="37.66655" lon="-119.595047">
        <ele>2194.0</ele>
        <time>2024-02-16T20:45:38Z</time>
      </trkpt>
      <trkpt lat="37.666521" lon="-119.595041">
        <ele>2194.8</ele>
        <time>2024-02-16T20:45:39Z</time>
      </trkpt>
      <trkpt lat="37.666498" lon="-119.59515">
        <ele>2194.3</ele>
        <time>2024-02-16T20:45:40Z</time>
      </trkpt>
      <trkpt lat="37.666539" lon="-119.595236">
        <ele>2199.4</ele>
        <time>2024-02-16T20:45:42Z</time>
      </trkpt>
      <trkpt lat="37.666515" lon="-119.595065">
        <ele>2195.3</ele>
        <time>2024-02-16T20:45:43Z</time>
      </trkpt>
      <trkpt lat="37.666491" lon="-119.594979">
        <ele>2172.3</ele>
        <time>2024-02-16T20:45:57Z</time>
      </trkpt>
      <trkpt lat="37.666492" lon="-119.594875">
        <ele>2169.4</ele>
        <time>2024-02-16T20:46:06Z</time>
      </trkpt>
      <trkpt lat="37.666544" lon="-119.594787">
        <ele>2165.4</ele>
        <time>2024-02-16T20:46:14Z</time>
      </trkpt>
      <trkpt lat="37.66657" lon="-119.594681">
        <ele>2162.8</ele>
        <time>2024-02-16T20:46:21Z</time>
      </trkpt>
      <trkpt lat="37.666565" lon="-119.594652">
        <ele>2162.1</ele>
        <time>2024-02-16T20:46:25Z</time>
      </trkpt>
      <trkpt lat="37.666579" lon="-119.594627">
        <ele>2161.4</ele>
        <time>2024-02-16T20:46:32Z</time>
      </trkpt>
      <trkpt lat="37.666589" lon="-119.594551">
        <ele>2161.0</ele>
        <time>2024-02-16T20:46:37Z</time>
      </trkpt>
      <trkpt lat="37.666584" lon="-119.594508">
        <ele>2161.0</ele>
        <time>2024-02-16T20:46:41Z</time>
      </trkpt>
      <trkpt lat="37.666519" lon="-119.594296">
        <ele>2161.4</ele>
        <time>2024-02-16T20:47:01Z</time>
      </trkpt>
      <trkpt lat="37.666484" lon="-119.594225">
        <ele>2161.9</ele>
        <time>2024-02-16T20:47:09Z</time>
      </trkpt>
      <trkpt lat="37.666436" lon="-119.594089">
        <ele>2160.9</ele>
        <time>2024-02-16T20:47:28Z</time>
      </trkpt>
      <trkpt lat="37.666326" lon="-119.593898">
        <ele>2160.9</ele>
        <time>2024-02-16T20:47:50Z</time>
      </trkpt>
      <trkpt lat="37.666267" lon="-119.593828">
        <ele>2160.6</ele>
        <time>2024-02-16T20:47:58Z</time>
      </trkpt>
      <trkpt lat="37.666206" lon="-119.593732">
        <ele>2160.1</ele>
        <time>2024-02-16T20:48:11Z</time>
      </trkpt>
      <trkpt lat="37.666077" lon="-119.593576">
        <ele>2162.0</ele>
        <time>2024-02-16T20:48:38Z</time>
      </trkpt>
      <trkpt lat="37.665975" lon="-119.593417">
        <ele>2147.1</ele>
        <time>2024-02-16T20:48:56Z</time>
      </trkpt>
      <trkpt lat="37.665891" lon="-119.59332">
        <ele>2145.3</ele>
        <time>2024-02-16T20:49:10Z</time>
      </trkpt>
      <trkpt lat="37.665784" lon="-119.593247">
        <ele>2129.0</ele>
        <time>2024-02-16T20:49:16Z</time>
      </trkpt>
      <trkpt lat="37.665754" lon="-119.593218">
        <ele>2122.6</ele>
        <time>2024-02-16T20:49:17Z</time>
      </trkpt>
      <trkpt lat="37.665737" lon="-119.593142">
        <ele>2112.4</ele>
        <time>2024-02-16T20:49:22Z</time>
      </trkpt>
      <trkpt lat="37.665681" lon="-119.593108">
        <ele>2107.0</ele>
        <time>2024-02-16T20:49:28Z</time>
      </trkpt>
      <trkpt lat="37.665648" lon="-119.593073">
        <ele>2097.8</ele>
        <time>2024-02-16T20:49:38Z</time>
      </trkpt>
      <trkpt lat="37.665636" lon="-119.593033">
        <ele>2099.7</ele>
        <time>2024-02-16T20:49:42Z</time>
      </trkpt>
      <trkpt lat="37.665611" lon="-119.593028">
        <ele>2092.7</ele>
        <time>2024-02-16T20:49:44Z</time>
      </trkpt>
      <trkpt lat="37.665488" lon="-119.592922">
        <ele>2078.2</ele>
        <time>2024-02-16T20:50:01Z</time>
      </trkpt>
      <trkpt lat="37.665327" lon="-119.592888">
        <ele>2072.2</ele>
        <time>2024-02-16T20:50:14Z</time>
      </trkpt>
      <trkpt lat="37.665236" lon="-119.592847">
        <ele>2068.2</ele>
        <time>2024-02-16T20:50:20Z</time>
      </trkpt>
      <trkpt lat="37.66521" lon="-119.592854">
        <ele>2066.4</ele>
        <time>2024-02-16T20:50:22Z</time>
      </trkpt>
      <trkpt lat="37.665212" lon="-119.592877">
        <ele>2064.8</ele>
        <time>2024-02-16T20:50:23Z</time>
      </trkpt>
      <trkpt lat="37.665177" lon="-119.592887">
        <ele>2061.5</ele>
        <time>2024-02-16T20:50:31Z</time>
      </trkpt>
      <trkpt lat="37.665139" lon="-119.592884">
        <ele>2061.2</ele>
        <time>2024-02-16T20:50:34Z</time>
      </trkpt>
      <trkpt lat="37.665084" lon="-119.592766">
        <ele>2055.5</ele>
        <time>2024-02-16T20:50:44Z</time>
      </trkpt>
      <trkpt lat="37.665043" lon="-119.59274">
        <ele>2055.0</ele>
        <time>2024-02-16T20:50:49Z</time>
      </trkpt>
      <trkpt lat="37.665011" lon="-119.592706">
        <ele>2053.3</ele>
        <time>2024-02-16T20:50:52Z</time>
      </trkpt>
      <trkpt lat="37.664982" lon="-119.592646">
        <ele>2050.7</ele>
        <time>2024-02-16T20:50:55Z</time>
      </trkpt>
      <trkpt lat="37.664935" lon="-119.592595">
        <ele>2048.4</ele>
        <time>2024-02-16T20:51:00Z</time>
      </trkpt>
      <trkpt lat="37.664876" lon="-119.592509">
        <ele>2045.4</ele>
        <time>2024-02-16T20:51:06Z</time>
      </trkpt>
      <trkpt lat="37.664804" lon="-119.592437">
        <ele>2044.5</ele>
        <time>2024-02-16T20:51:11Z</time>
      </trkpt>
      <trkpt lat="37.664643" lon="-119.592248">
        <ele>2043.8</ele>
        <time>2024-02-16T20:51:25Z</time>
      </trkpt>
      <trkpt lat="37.664595" lon="-119.59223">
        <ele>2043.6</ele>
        <time>2024-02-16T20:51:30Z</time>
      </trkpt>
      <trkpt lat="37.664561" lon="-119.592237">
        <ele>2041.8</ele>
        <time>2024-02-16T20:51:33Z</time>
      </trkpt>
      <trkpt lat="37.664516" lon="-119.592217">
        <ele>2038.9</ele>
        <time>2024-02-16T20:51:37Z</time>
      </trkpt>
      <trkpt lat="37.664456" lon="-119.592161">
        <ele>2035.7</ele>
        <time>2024-02-16T20:51:40Z</time>
      </trkpt>
      <trkpt lat="37.664362" lon="-119.592032">
        <ele>2031.3</ele>
        <time>2024-02-16T20:51:50Z</time>
      </trkpt>
      <trkpt lat="37.664258" lon="-119.59196">
        <ele>2025.8</ele>
        <time>2024-02-16T20:52:00Z</time>
      </trkpt>
      <trkpt lat="37.664218" lon="-119.591926">
        <ele>2025.7</ele>
        <time>2024-02-16T20:52:03Z</time>
      </trkpt>
      <trkpt lat="37.664179" lon="-119.591916">
        <ele>2024.5</ele>
        <time>2024-02-16T20:52:06Z</time>
      </trkpt>
      <trkpt lat="37.664092" lon="-119.591863">
        <ele>2021.2</ele>
        <time>2024-02-16T20:52:11Z</time>
      </trkpt>
      <trkpt lat="37.663982" lon="-119.59183">
        <ele>2018.9</ele>
        <time>2024-02-16T20:52:18Z</time>
      </trkpt>
      <trkpt lat="37.663916" lon="-119.591781">
        <ele>2017.6</ele>
        <time>2024-02-16T20:52:24Z</time>
      </trkpt>
      <trkpt lat="37.663768" lon="-119.591645">
        <ele>2010.9</ele>
        <time>2024-02-16T20:52:36Z</time>
      </trkpt>
      <trkpt lat="37.663645" lon="-119.59145">
        <ele>2005.7</ele>
        <time>2024-02-16T20:52:46Z</time>
      </trkpt>
      <trkpt lat="37.663586" lon="-119.591374">
        <ele>2004.5</ele>
        <time>2024-02-16T20:52:51Z</time>
      </trkpt>
      <trkpt lat="37.663524" lon="-119.591319">
        <ele>2002.1</ele>
        <time>2024-02-16T20:52:55Z</time>
      </trkpt>
      <trkpt lat="37.663447" lon="-119.591235">
        <ele>1998.7</ele>
        <time>2024-02-16T20:53:02Z</time>
      </trkpt>
      <trkpt lat="37.663349" lon="-119.591087">
        <ele>1995.3</ele>
        <time>2024-02-16T20:53:17Z</time>
      </trkpt>
      <trkpt lat="37.663301" lon="-119.590957">
        <ele>1992.3</ele>
        <time>2024-02-16T20:53:28Z</time>
      </trkpt>
      <trkpt lat="37.663236" lon="-119.590833">
        <ele>1989.6</ele>
        <time>2024-02-16T20:53:38Z</time>
      </trkpt>
      <trkpt lat="37.66321" lon="-119.590735">
        <ele>1986.7</ele>
        <time>2024-02-16T20:53:46Z</time>
      </trkpt>
      <trkpt lat="37.663199" lon="-119.590606">
        <ele>1984.7</ele>
        <time>2024-02-16T20:53:56Z</time>
      </trkpt>
      <trkpt lat="37.663212" lon="-119.590512">
        <ele>1981.9</ele>
        <time>2024-02-16T20:54:06Z</time>
      </trkpt>
      <trkpt lat="37.663185" lon="-119.590424">
        <ele>1978.8</ele>
        <time>2024-02-16T20:54:15Z</time>
      </trkpt>
      <trkpt lat="37.663195" lon="-119.590383">
        <ele>1977.8</ele>
        <time>2024-02-16T20:54:18Z</time>
      </trkpt>
      <trkpt lat="37.663166" lon="-119.590241">
        <ele>1971.1</ele>
        <time>2024-02-16T20:54:33Z</time>
      </trkpt>
      <trkpt lat="37.663032" lon="-119.590038">
        <ele>1966.8</ele>
        <time>2024-02-16T20:54:53Z</time>
      </trkpt>
      <trkpt lat="37.662996" lon="-119.589932">
        <ele>1965.4</ele>
        <time>2024-02-16T20:54:58Z</time>
      </trkpt>
      <trkpt lat="37.662987" lon="-119.589877">
        <ele>1965.7</ele>
        <time>2024-02-16T20:55:01Z</time>
      </trkpt>
      <trkpt lat="37.662967" lon="-119.589827">
        <ele>1965.0</ele>
        <time>2024-02-16T20:55:04Z</time>
      </trkpt>
      <trkpt lat="37.662917" lon="-119.589755">
        <ele>1964.4</ele>
        <time>2024-02-16T20:55:12Z</time>
      </trkpt>
      <trkpt lat="37.662859" lon="-119.589695">
        <ele>1963.9</ele>
        <time>2024-02-16T20:55:18Z</time>
      </trkpt>
      <trkpt lat="37.662816" lon="-119.589601">
        <ele>1964.7</ele>
        <time>2024-02-16T20:55:23Z</time>
      </trkpt>
      <trkpt lat="37.662766" lon="-119.58955">
        <ele>1964.9</ele>
        <time>2024-02-16T20:55:27Z</time>
      </trkpt>
      <trkpt lat="37.662647" lon="-119.589404">
        <ele>1960.2</ele>
        <time>2024-02-16T20:55:40Z</time>
      </trkpt>
      <trkpt lat="37.662631" lon="-119.589358">
        <ele>1955.9</ele>
        <time>2024-02-16T20:55:49Z</time>
      </trkpt>
      <trkpt lat="37.662508" lon="-119.589151">
        <ele>1949.2</ele>
        <time>2024-02-16T20:56:06Z</time>
      </trkpt>
      <trkpt lat="37.662471" lon="-119.589104">
        <ele>1948.2</ele>
        <time>2024-02-16T20:56:12Z</time>
      </trkpt>
      <trkpt lat="37.662482" lon="-119.589068">
        <ele>1953.1</ele>
        <time>2024-02-16T20:56:13Z</time>
      </trkpt>
      <trkpt lat="37.662465" lon="-119.589044">
        <ele>1952.7</ele>
        <time>2024-02-16T20:56:16Z</time>
      </trkpt>
      <trkpt lat="37.662536" lon="-119.589078">
        <ele>1954.1</ele>
        <time>2024-02-16T20:56:17Z</time>
      </trkpt>
      <trkpt lat="37.662523" lon="-119.589031">
        <ele>1952.4</ele>
        <time>2024-02-16T20:56:20Z</time>
      </trkpt>
      <trkpt lat="37.662476" lon="-119.58895">
        <ele>1950.1</ele>
        <time>2024-02-16T20:56:28Z</time>
      </trkpt>
      <trkpt lat="37.662467" lon="-119.588884">
        <ele>1947.7</ele>
        <time>2024-02-16T20:56:35Z</time>
      </trkpt>
      <trkpt lat="37.66242" lon="-119.588763">
        <ele>1942.3</ele>
        <time>2024-02-16T20:56:50Z</time>
      </trkpt>
      <trkpt lat="37.662392" lon="-119.588723">
        <ele>1938.9</ele>
        <time>2024-02-16T20:56:58Z</time>
      </trkpt>
      <trkpt lat="37.662374" lon="-119.588649">
        <ele>1937.7</ele>
        <time>2024-02-16T20:57:04Z</time>
      </trkpt>
      <trkpt lat="37.662341" lon="-119.588607">
        <ele>1937.0</ele>
        <time>2024-02-16T20:57:08Z</time>
      </trkpt>
      <trkpt lat="37.662343" lon="-119.588561">
        <ele>1933.8</ele>
        <time>2024-02-16T20:57:14Z</time>
      </trkpt>
      <trkpt lat="37.66228" lon="-119.588488">
        <ele>1932.2</ele>
        <time>2024-02-16T20:57:20Z</time>
      </trkpt>
      <trkpt lat="37.662247" lon="-119.588471">
        <ele>1931.4</ele>
        <time>2024-02-16T20:57:23Z</time>
      </trkpt>
      <trkpt lat="37.662236" lon="-119.58845">
        <ele>1931.9</ele>
        <time>2024-02-16T20:57:24Z</time>
      </trkpt>
      <trkpt lat="37.662242" lon="-119.588396">
        <ele>1932.0</ele>
        <time>2024-02-16T20:57:29Z</time>
      </trkpt>
      <trkpt lat="37.662222" lon="-119.588348">
        <ele>1931.7</ele>
        <time>2024-02-16T20:57:31Z</time>
      </trkpt>
      <trkpt lat="37.662229" lon="-119.588327">
        <ele>1931.7</ele>
        <time>2024-02-16T20:57:32Z</time>
      </trkpt>
      <trkpt lat="37.662218" lon="-119.588289">
        <ele>1931.5</ele>
        <time>2024-02-16T20:57:34Z</time>
      </trkpt>
      <trkpt lat="37.66223" lon="-119.588188">
        <ele>1930.9</ele>
        <time>2024-02-16T20:57:39Z</time>
      </trkpt>
      <trkpt lat="37.662217" lon="-119.588165">
        <ele>1929.4</ele>
        <time>2024-02-16T20:57:43Z</time>
      </trkpt>
      <trkpt lat="37.662267" lon="-119.587917">
        <ele>1917.6</ele>
        <time>2024-02-16T20:58:03Z</time>
      </trkpt>
      <trkpt lat="37.662276" lon="-119.587843">
        <ele>1916.8</ele>
        <time>2024-02-16T20:58:06Z</time>
      </trkpt>
      <trkpt lat="37.662262" lon="-119.587826">
        <ele>1914.4</ele>
        <time>2024-02-16T20:58:08Z</time>
      </trkpt>
      <trkpt lat="37.662293" lon="-119.587706">
        <ele>1902.2</ele>
        <time>2024-02-16T20:58:22Z</time>
      </trkpt>
      <trkpt lat="37.66229" lon="-119.587663">
        <ele>1896.5</ele>
        <time>2024-02-16T20:58:31Z</time>
      </trkpt>
      <trkpt lat="37.663027" lon="-119.587957">
        <ele>1887.1</ele>
        <time>2024-02-16T20:58:38Z</time>
      </trkpt>
      <trkpt lat="37.663188" lon="-119.58842">
        <ele>1889.8</ele>
        <time>2024-02-16T20:58:40Z</time>
      </trkpt>
      <trkpt lat="37.662982" lon="-119.58838">
        <ele>1880.3</ele>
        <time>2024-02-16T20:58:45Z</time>
      </trkpt>
      <trkpt lat="37.662964" lon="-119.588322">
        <ele>1878.5</ele>
        <time>2024-02-16T20:58:50Z</time>
      </trkpt>
      <trkpt lat="37.662966" lon="-119.588268">
        <ele>1878.2</ele>
        <time>2024-02-16T20:58:54Z</time>
      </trkpt>
      <trkpt lat="37.662955" lon="-119.588211">
        <ele>1877.4</ele>
        <time>2024-02-16T20:59:04Z</time>
      </trkpt>
      <trkpt lat="37.662959" lon="-119.588182">
        <ele>1877.6</ele>
        <time>2024-02-16T20:59:06Z</time>
      </trkpt>
      <trkpt lat="37.662869" lon="-119.58803">
        <ele>1883.0</ele>
        <time>2024-02-16T20:59:19Z</time>
      </trkpt>
      <trkpt lat="37.662713" lon="-119.587545">
        <ele>1928.9</ele>
        <time>2024-02-16T20:59:39Z</time>
      </trkpt>
      <trkpt lat="37.662669" lon="-119.587304">
        <ele>1948.2</ele>
        <time>2024-02-16T20:59:50Z</time>
      </trkpt>
      <trkpt lat="37.662612" lon="-119.587116">
        <ele>1970.7</ele>
        <time>2024-02-16T21:00:00Z</time>
      </trkpt>
      <trkpt lat="37.662602" lon="-119.586989">
        <ele>1978.0</ele>
        <time>2024-02-16T21:00:06Z</time>
      </trkpt>
      <trkpt lat="37.66261" lon="-119.586935">
        <ele>1983.6</ele>
        <time>2024-02-16T21:00:14Z</time>
      </trkpt>
      <trkpt lat="37.662597" lon="-119.586884">
        <ele>1991.3</ele>
        <time>2024-02-16T21:00:17Z</time>
      </trkpt>
      <trkpt lat="37.662612" lon="-119.586863">
        <ele>1994.2</ele>
        <time>2024-02-16T21:00:23Z</time>
      </trkpt>
      <trkpt lat="37.662626" lon="-119.586733">
        <ele>1999.3</ele>
        <time>2024-02-16T21:00:31Z</time>
      </trkpt>
      <trkpt lat="37.662629" lon="-119.586664">
        <ele>2003.8</ele>
        <time>2024-02-16T21:00:34Z</time>
      </trkpt>
      <trkpt lat="37.662618" lon="-119.586597">
        <ele>2008.4</ele>
        <time>2024-02-16T21:00:36Z</time>
      </trkpt>
      <trkpt lat="37.662628" lon="-119.586505">
        <ele>2036.2</ele>
        <time>2024-02-16T21:00:53Z</time>
      </trkpt>
      <trkpt lat="37.662593" lon="-119.58633">
        <ele>2054.3</ele>
        <time>2024-02-16T21:01:10Z</time>
      </trkpt>
      <trkpt lat="37.662554" lon="-119.586282">
        <ele>2059.7</ele>
        <time>2024-02-16T21:01:16Z</time>
      </trkpt>
      <trkpt lat="37.662517" lon="-119.586182">
        <ele>2068.2</ele>
        <time>2024-02-16T21:01:22Z</time>
      </trkpt>
      <trkpt lat="37.662496" lon="-119.586009">
        <ele>2078.8</ele>
        <time>2024-02-16T21:01:29Z</time>
      </trkpt>
      <trkpt lat="37.662491" lon="-119.585992">
        <ele>2080.1</ele>
        <time>2024-02-16T21:01:30Z</time>
      </trkpt>
      <trkpt lat="37.662435" lon="-119.585553">
        <ele>2112.2</ele>
        <time>2024-02-16T21:01:54Z</time>
      </trkpt>
      <trkpt lat="37.662375" lon="-119.585371">
        <ele>2116.2</ele>
        <time>2024-02-16T21:02:04Z</time>
      </trkpt>
      <trkpt lat="37.662313" lon="-119.585233">
        <ele>2120.7</ele>
        <time>2024-02-16T21:02:15Z</time>
      </trkpt>
      <trkpt lat="37.662248" lon="-119.58513">
        <ele>2118.4</ele>
        <time>2024-02-16T21:02:25Z</time>
      </trkpt>
      <trkpt lat="37.662238" lon="-119.585105">
        <ele>2119.7</ele>
        <time>2024-02-16T21:02:26Z</time>
      </trkpt>
      <trkpt lat="37.662167" lon="-119.58498">
        <ele>2123.3</ele>
        <time>2024-02-16T21:02:34Z</time>
      </trkpt>
      <trkpt lat="37.662113" lon="-119.584837">
        <ele>2135.2</ele>
        <time>2024-02-16T21:02:42Z</time>
      </trkpt>
      <trkpt lat="37.661925" lon="-119.584518">
        <ele>2147.3</ele>
        <time>2024-02-16T21:03:07Z</time>
      </trkpt>
      <trkpt lat="37.661878" lon="-119.584467">
        <ele>2149.7</ele>
        <time>2024-02-16T21:03:16Z</time>
      </trkpt>
      <trkpt lat="37.661853" lon="-119.584395">
        <ele>2151.5</ele>
        <time>2024-02-16T21:03:24Z</time>
      </trkpt>
      <trkpt lat="37.661804" lon="-119.584337">
        <ele>2152.5</ele>
        <time>2024-02-16T21:03:29Z</time>
      </trkpt>
      <trkpt lat="37.661788" lon="-119.584295">
        <ele>2154.8</ele>
        <time>2024-02-16T21:03:31Z</time>
      </trkpt>
      <trkpt lat="37.661726" lon="-119.584244">
        <ele>2157.4</ele>
        <time>2024-02-16T21:03:38Z</time>
      </trkpt>
      <trkpt lat="37.66169" lon="-119.584229">
        <ele>2161.0</ele>
        <time>2024-02-16T21:03:42Z</time>
      </trkpt>
      <trkpt lat="37.661626" lon="-119.584142">
        <ele>2162.0</ele>
        <time>2024-02-16T21:03:49Z</time>
      </trkpt>
      <trkpt lat="37.661565" lon="-119.584088">
        <ele>2163.3</ele>
        <time>2024-02-16T21:03:54Z</time>
      </trkpt>
      <trkpt lat="37.661516" lon="-119.584017">
        <ele>2164.0</ele>
        <time>2024-02-16T21:04:02Z</time>
      </trkpt>
      <trkpt lat="37.661475" lon="-119.584002">
        <ele>2161.8</ele>
        <time>2024-02-16T21:04:05Z</time>
      </trkpt>
      <trkpt lat="37.66137" lon="-119.583951">
        <ele>2164.2</ele>
        <time>2024-02-16T21:04:12Z</time>
      </trkpt>
      <trkpt lat="37.661324" lon="-119.583904">
        <ele>2164.3</ele>
        <time>2024-02-16T21:04:18Z</time>
      </trkpt>
      <trkpt lat="37.661199" lon="-119.583742">
        <ele>2165.9</ele>
        <time>2024-02-16T21:04:35Z</time>
      </trkpt>
      <trkpt lat="37.66112" lon="-119.583647">
        <ele>2166.0</ele>
        <time>2024-02-16T21:04:44Z</time>
      </trkpt>
      <trkpt lat="37.661066" lon="-119.583606">
        <ele>2166.9</ele>
        <time>2024-02-16T21:04:50Z</time>
      </trkpt>
      <trkpt lat="37.660985" lon="-119.583605">
        <ele>2168.2</ele>
        <time>2024-02-16T21:04:56Z</time>
      </trkpt>
      <trkpt lat="37.660871" lon="-119.583622">
        <ele>2169.3</ele>
        <time>2024-02-16T21:05:04Z</time>
      </trkpt>
      <trkpt lat="37.660799" lon="-119.583609">
        <ele>2169.4</ele>
        <time>2024-02-16T21:05:09Z</time>
      </trkpt>
      <trkpt lat="37.660706" lon="-119.583541">
        <ele>2170.0</ele>
        <time>2024-02-16T21:05:17Z</time>
      </trkpt>
      <trkpt lat="37.660584" lon="-119.583474">
        <ele>2170.0</ele>
        <time>2024-02-16T21:05:30Z</time>
      </trkpt>
      <trkpt lat="37.660524" lon="-119.583462">
        <ele>2170.4</ele>
        <time>2024-02-16T21:05:36Z</time>
      </trkpt>
      <trkpt lat="37.660446" lon="-119.58346">
        <ele>2169.4</ele>
        <time>2024-02-16T21:05:41Z</time>
      </trkpt>
      <trkpt lat="37.66038" lon="-119.583445">
        <ele>2169.2</ele>
        <time>2024-02-16T21:05:45Z</time>
      </trkpt>
      <trkpt lat="37.660273" lon="-119.583431">
        <ele>2169.2</ele>
        <time>2024-02-16T21:05:52Z</time>
      </trkpt>
      <trkpt lat="37.66025" lon="-119.583447">
        <ele>2171.0</ele>
        <time>2024-02-16T21:06:20Z</time>
      </trkpt>
      <trkpt lat="37.660198" lon="-119.583424">
        <ele>2177.5</ele>
        <time>2024-02-16T21:08:06Z</time>
      </trkpt>
      <trkpt lat="37.660154" lon="-119.583461">
        <ele>2177.4</ele>
        <time>2024-02-16T21:08:16Z</time>
      </trkpt>
      <trkpt lat="37.660086" lon="-119.583443">
        <ele>2178.7</ele>
        <time>2024-02-16T21:08:28Z</time>
      </trkpt>
      <trkpt lat="37.660026" lon="-119.583464">
        <ele>2179.0</ele>
        <time>2024-02-16T21:08:35Z</time>
      </trkpt>
      <trkpt lat="37.659902" lon="-119.583453">
        <ele>2179.9</ele>
        <time>2024-02-16T21:08:47Z</time>
      </trkpt>
      <trkpt lat="37.659849" lon="-119.583434">
        <ele>2181.0</ele>
        <time>2024-02-16T21:08:54Z</time>
      </trkpt>
      <trkpt lat="37.659839" lon="-119.58342">
        <ele>2181.5</ele>
        <time>2024-02-16T21:09:01Z</time>
      </trkpt>
      <trkpt lat="37.659779" lon="-119.583389">
        <ele>2181.6</ele>
        <time>2024-02-16T21:09:08Z</time>
      </trkpt>
      <trkpt lat="37.659703" lon="-119.583283">
        <ele>2183.0</ele>
        <time>2024-02-16T21:09:19Z</time>
      </trkpt>
      <trkpt lat="37.659652" lon="-119.583139">
        <ele>2183.8</ele>
        <time>2024-02-16T21:09:28Z</time>
      </trkpt>
      <trkpt lat="37.659597" lon="-119.583131">
        <ele>2183.7</ele>
        <time>2024-02-16T21:09:34Z</time>
      </trkpt>
      <trkpt lat="37.659544" lon="-119.583082">
        <ele>2184.9</ele>
        <time>2024-02-16T21:09:40Z</time>
      </trkpt>
      <trkpt lat="37.659515" lon="-119.582999">
        <ele>2185.8</ele>
        <time>2024-02-16T21:09:47Z</time>
      </trkpt>
      <trkpt lat="37.659424" lon="-119.58283">
        <ele>2186.8</ele>
        <time>2024-02-16T21:10:01Z</time>
      </trkpt>
      <trkpt lat="37.659385" lon="-119.582734">
        <ele>2185.5</ele>
        <time>2024-02-16T21:10:12Z</time>
      </trkpt>
      <trkpt lat="37.659313" lon="-119.582665">
        <ele>2185.3</ele>
        <time>2024-02-16T21:10:22Z</time>
      </trkpt>
      <trkpt lat="37.65914" lon="-119.582535">
        <ele>2184.8</ele>
        <time>2024-02-16T21:10:41Z</time>
      </trkpt>
      <trkpt lat="37.659092" lon="-119.582485">
        <ele>2184.0</ele>
        <time>2024-02-16T21:10:47Z</time>
      </trkpt>
      <trkpt lat="37.659031" lon="-119.582452">
        <ele>2183.8</ele>
        <time>2024-02-16T21:10:53Z</time>
      </trkpt>
      <trkpt lat="37.658985" lon="-119.582388">
        <ele>2183.9</ele>
        <time>2024-02-16T21:10:59Z</time>
      </trkpt>
      <trkpt lat="37.658882" lon="-119.58221">
        <ele>2184.7</ele>
        <time>2024-02-16T21:11:17Z</time>
      </trkpt>
      <trkpt lat="37.658823" lon="-119.582118">
        <ele>2185.7</ele>
        <time>2024-02-16T21:11:26Z</time>
      </trkpt>
      <trkpt lat="37.658779" lon="-119.582085">
        <ele>2186.1</ele>
        <time>2024-02-16T21:11:31Z</time>
      </trkpt>
      <trkpt lat="37.658736" lon="-119.582073">
        <ele>2186.1</ele>
        <time>2024-02-16T21:11:36Z</time>
      </trkpt>
      <trkpt lat="37.658581" lon="-119.582015">
        <ele>2185.9</ele>
        <time>2024-02-16T21:11:49Z</time>
      </trkpt>
      <trkpt lat="37.658516" lon="-119.581945">
        <ele>2186.2</ele>
        <time>2024-02-16T21:11:57Z</time>
      </trkpt>
      <trkpt lat="37.658431" lon="-119.581918">
        <ele>2189.4</ele>
        <time>2024-02-16T21:12:07Z</time>
      </trkpt>
      <trkpt lat="37.65839" lon="-119.581859">
        <ele>2189.5</ele>
        <time>2024-02-16T21:12:16Z</time>
      </trkpt>
      <trkpt lat="37.658347" lon="-119.58182">
        <ele>2188.9</ele>
        <time>2024-02-16T21:12:20Z</time>
      </trkpt>
      <trkpt lat="37.658331" lon="-119.58182">
        <ele>2188.4</ele>
        <time>2024-02-16T21:12:22Z</time>
      </trkpt>
      <trkpt lat="37.658265" lon="-119.581772">
        <ele>2187.5</ele>
        <time>2024-02-16T21:12:31Z</time>
      </trkpt>
      <trkpt lat="37.658222" lon="-119.5818">
        <ele>2186.9</ele>
        <time>2024-02-16T21:12:36Z</time>
      </trkpt>
      <trkpt lat="37.658176" lon="-119.581779">
        <ele>2188.2</ele>
        <time>2024-02-16T21:12:39Z</time>
      </trkpt>
      <trkpt lat="37.658138" lon="-119.581787">
        <ele>2187.9</ele>
        <time>2024-02-16T21:12:43Z</time>
      </trkpt>
      <trkpt lat="37.658039" lon="-119.581702">
        <ele>2191.6</ele>
        <time>2024-02-16T21:12:51Z</time>
      </trkpt>
      <trkpt lat="37.657992" lon="-119.581627">
        <ele>2192.7</ele>
        <time>2024-02-16T21:12:57Z</time>
      </trkpt>
      <trkpt lat="37.657921" lon="-119.581524">
        <ele>2195.2</ele>
        <time>2024-02-16T21:13:05Z</time>
      </trkpt>
      <trkpt lat="37.657701" lon="-119.581379">
        <ele>2195.8</ele>
        <time>2024-02-16T21:13:33Z</time>
      </trkpt>
      <trkpt lat="37.657555" lon="-119.581225">
        <ele>2196.1</ele>
        <time>2024-02-16T21:13:52Z</time>
      </trkpt>
      <trkpt lat="37.657509" lon="-119.58121">
        <ele>2196.5</ele>
        <time>2024-02-16T21:13:56Z</time>
      </trkpt>
      <trkpt lat="37.657423" lon="-119.581129">
        <ele>2195.9</ele>
        <time>2024-02-16T21:14:03Z</time>
      </trkpt>
      <trkpt lat="37.657371" lon="-119.581102">
        <ele>2201.7</ele>
        <time>2024-02-16T21:14:07Z</time>
      </trkpt>
      <trkpt lat="37.657262" lon="-119.581089">
        <ele>2209.0</ele>
        <time>2024-02-16T21:14:15Z</time>
      </trkpt>
      <trkpt lat="37.657121" lon="-119.581052">
        <ele>2211.3</ele>
        <time>2024-02-16T21:14:27Z</time>
      </trkpt>
      <trkpt lat="37.657022" lon="-119.580917">
        <ele>2211.8</ele>
        <time>2024-02-16T21:14:37Z</time>
      </trkpt>
      <trkpt lat="37.656963" lon="-119.580895">
        <ele>2211.1</ele>
        <time>2024-02-16T21:14:40Z</time>
      </trkpt>
      <trkpt lat="37.65688" lon="-119.580878">
        <ele>2212.0</ele>
        <time>2024-02-16T21:14:46Z</time>
      </trkpt>
      <trkpt lat="37.656846" lon="-119.58085">
        <ele>2211.7</ele>
        <time>2024-02-16T21:14:49Z</time>
      </trkpt>
      <trkpt lat="37.656824" lon="-119.580805">
        <ele>2211.3</ele>
        <time>2024-02-16T21:14:53Z</time>
      </trkpt>
      <trkpt lat="37.656767" lon="-119.580736">
        <ele>2209.5</ele>
        <time>2024-02-16T21:15:27Z</time>
      </trkpt>
      <trkpt lat="37.656741" lon="-119.580635">
        <ele>2208.1</ele>
        <time>2024-02-16T21:15:39Z</time>
      </trkpt>
      <trkpt lat="37.656589" lon="-119.580531">
        <ele>2207.7</ele>
        <time>2024-02-16T21:16:00Z</time>
      </trkpt>
      <trkpt lat="37.656496" lon="-119.580353">
        <ele>2207.6</ele>
        <time>2024-02-16T21:16:18Z</time>
      </trkpt>
      <trkpt lat="37.656425" lon="-119.580289">
        <ele>2207.5</ele>
        <time>2024-02-16T21:16:28Z</time>
      </trkpt>
      <trkpt lat="37.65639" lon="-119.580289">
        <ele>2207.4</ele>
        <time>2024-02-16T21:16:31Z</time>
      </trkpt>
      <trkpt lat="37.656283" lon="-119.580261">
        <ele>2207.3</ele>
        <time>2024-02-16T21:16:46Z</time>
      </trkpt>
      <trkpt lat="37.656232" lon="-119.580168">
        <ele>2209.8</ele>
        <time>2024-02-16T21:16:57Z</time>
      </trkpt>
      <trkpt lat="37.656168" lon="-119.580128">
        <ele>2210.8</ele>
        <time>2024-02-16T21:17:06Z</time>
      </trkpt>
      <trkpt lat="37.656123" lon="-119.580084">
        <ele>2210.8</ele>
        <time>2024-02-16T21:17:13Z</time>
      </trkpt>
      <trkpt lat="37.655965" lon="-119.579972">
        <ele>2215.3</ele>
        <time>2024-02-16T21:17:30Z</time>
      </trkpt>
      <trkpt lat="37.655911" lon="-119.579974">
        <ele>2216.2</ele>
        <time>2024-02-16T21:17:36Z</time>
      </trkpt>
      <trkpt lat="37.655805" lon="-119.579905">
        <ele>2217.9</ele>
        <time>2024-02-16T21:17:49Z</time>
      </trkpt>
      <trkpt lat="37.655781" lon="-119.579874">
        <ele>2218.1</ele>
        <time>2024-02-16T21:17:53Z</time>
      </trkpt>
      <trkpt lat="37.655708" lon="-119.579823">
        <ele>2218.2</ele>
        <time>2024-02-16T21:18:08Z</time>
      </trkpt>
      <trkpt lat="37.655652" lon="-119.57977">
        <ele>2219.7</ele>
        <time>2024-02-16T21:18:15Z</time>
      </trkpt>
      <trkpt lat="37.655566" lon="-119.579677">
        <ele>2219.8</ele>
        <time>2024-02-16T21:18:22Z</time>
      </trkpt>
      <trkpt lat="37.655507" lon="-119.579652">
        <ele>2220.7</ele>
        <time>2024-02-16T21:18:29Z</time>
      </trkpt>
      <trkpt lat="37.655491" lon="-119.579659">
        <ele>2221.1</ele>
        <time>2024-02-16T21:18:31Z</time>
      </trkpt>
      <trkpt lat="37.655457" lon="-119.579623">
        <ele>2221.2</ele>
        <time>2024-02-16T21:18:40Z</time>
      </trkpt>
      <trkpt lat="37.655414" lon="-119.579546">
        <ele>2218.5</ele>
        <time>2024-02-16T21:18:52Z</time>
      </trkpt>
      <trkpt lat="37.655361" lon="-119.57951">
        <ele>2219.0</ele>
        <time>2024-02-16T21:19:04Z</time>
      </trkpt>
      <trkpt lat="37.655339" lon="-119.579518">
        <ele>2219.1</ele>
        <time>2024-02-16T21:19:09Z</time>
      </trkpt>
      <trkpt lat="37.655299" lon="-119.579493">
        <ele>2218.8</ele>
        <time>2024-02-16T21:19:13Z</time>
      </trkpt>
      <trkpt lat="37.655293" lon="-119.579468">
        <ele>2219.1</ele>
        <time>2024-02-16T21:19:14Z</time>
      </trkpt>
      <trkpt lat="37.655237" lon="-119.579383">
        <ele>2218.5</ele>
        <time>2024-02-16T21:19:22Z</time>
      </trkpt>
      <trkpt lat="37.655093" lon="-119.579245">
        <ele>2221.4</ele>
        <time>2024-02-16T21:19:42Z</time>
      </trkpt>
      <trkpt lat="37.655033" lon="-119.57912">
        <ele>2219.9</ele>
        <time>2024-02-16T21:19:52Z</time>
      </trkpt>
      <trkpt lat="37.654969" lon="-119.579079">
        <ele>2219.1</ele>
        <time>2024-02-16T21:20:03Z</time>
      </trkpt>
      <trkpt lat="37.65493" lon="-119.579018">
        <ele>2220.1</ele>
        <time>2024-02-16T21:20:09Z</time>
      </trkpt>
      <trkpt lat="37.65493" lon="-119.578973">
        <ele>2220.0</ele>
        <time>2024-02-16T21:20:12Z</time>
      </trkpt>
      <trkpt lat="37.654883" lon="-119.578938">
        <ele>2220.6</ele>
        <time>2024-02-16T21:20:17Z</time>
      </trkpt>
      <trkpt lat="37.654852" lon="-119.578929">
        <ele>2220.9</ele>
        <time>2024-02-16T21:20:24Z</time>
      </trkpt>
      <trkpt lat="37.654785" lon="-119.578813">
        <ele>2221.8</ele>
        <time>2024-02-16T21:20:46Z</time>
      </trkpt>
      <trkpt lat="37.654678" lon="-119.578764">
        <ele>2223.1</ele>
        <time>2024-02-16T21:20:57Z</time>
      </trkpt>
      <trkpt lat="37.654644" lon="-119.578715">
        <ele>2222.5</ele>
        <time>2024-02-16T21:21:02Z</time>
      </trkpt>
      <trkpt lat="37.654618" lon="-119.578701">
        <ele>2221.4</ele>
        <time>2024-02-16T21:21:06Z</time>
      </trkpt>
      <trkpt lat="37.654549" lon="-119.578696">
        <ele>2220.7</ele>
        <time>2024-02-16T21:21:12Z</time>
      </trkpt>
      <trkpt lat="37.654524" lon="-119.578703">
        <ele>2221.5</ele>
        <time>2024-02-16T21:21:16Z</time>
      </trkpt>
      <trkpt lat="37.654548" lon="-119.578646">
        <ele>2224.2</ele>
        <time>2024-02-16T21:21:34Z</time>
      </trkpt>
      <trkpt lat="37.654503" lon="-119.57869">
        <ele>2223.6</ele>
        <time>2024-02-16T21:22:08Z</time>
      </trkpt>
      <trkpt lat="37.654475" lon="-119.578675">
        <ele>2223.2</ele>
        <time>2024-02-16T21:22:13Z</time>
      </trkpt>
      <trkpt lat="37.654429" lon="-119.578628">
        <ele>2222.3</ele>
        <time>2024-02-16T21:22:17Z</time>
      </trkpt>
      <trkpt lat="37.654392" lon="-119.578528">
        <ele>2222.2</ele>
        <time>2024-02-16T21:22:24Z</time>
      </trkpt>
      <trkpt lat="37.654334" lon="-119.578467">
        <ele>2220.7</ele>
        <time>2024-02-16T21:22:37Z</time>
      </trkpt>
      <trkpt lat="37.654299" lon="-119.57845">
        <ele>2220.9</ele>
        <time>2024-02-16T21:22:41Z</time>
      </trkpt>
      <trkpt lat="37.65424" lon="-119.578441">
        <ele>2220.7</ele>
        <time>2024-02-16T21:22:48Z</time>
      </trkpt>
      <trkpt lat="37.654183" lon="-119.578444">
        <ele>2222.6</ele>
        <time>2024-02-16T21:22:56Z</time>
      </trkpt>
      <trkpt lat="37.654136" lon="-119.578459">
        <ele>2223.4</ele>
        <time>2024-02-16T21:23:03Z</time>
      </trkpt>
      <trkpt lat="37.654057" lon="-119.578434">
        <ele>2229.8</ele>
        <time>2024-02-16T21:23:21Z</time>
      </trkpt>
      <trkpt lat="37.654046" lon="-119.578418">
        <ele>2229.7</ele>
        <time>2024-02-16T21:23:23Z</time>
      </trkpt>
      <trkpt lat="37.653974" lon="-119.578414">
        <ele>2230.6</ele>
        <time>2024-02-16T21:23:34Z</time>
      </trkpt>
      <trkpt lat="37.653903" lon="-119.578445">
        <ele>2234.2</ele>
        <time>2024-02-16T21:23:46Z</time>
      </trkpt>
      <trkpt lat="37.653842" lon="-119.578404">
        <ele>2233.7</ele>
        <time>2024-02-16T21:23:54Z</time>
      </trkpt>
      <trkpt lat="37.65379" lon="-119.578405">
        <ele>2233.3</ele>
        <time>2024-02-16T21:23:59Z</time>
      </trkpt>
      <trkpt lat="37.65374" lon="-119.578326">
        <ele>2235.5</ele>
        <time>2024-02-16T21:24:07Z</time>
      </trkpt>
      <trkpt lat="37.65365" lon="-119.578264">
        <ele>2239.4</ele>
        <time>2024-02-16T21:24:24Z</time>
      </trkpt>
      <trkpt lat="37.653564" lon="-119.578247">
        <ele>2242.7</ele>
        <time>2024-02-16T21:24:37Z</time>
      </trkpt>
      <trkpt lat="37.653497" lon="-119.578271">
        <ele>2245.2</ele>
        <time>2024-02-16T21:25:03Z</time>
      </trkpt>
      <trkpt lat="37.653398" lon="-119.578255">
        <ele>2244.8</ele>
        <time>2024-02-16T21:25:13Z</time>
      </trkpt>
      <trkpt lat="37.653337" lon="-119.578232">
        <ele>2247.7</ele>
        <time>2024-02-16T21:25:28Z</time>
      </trkpt>
      <trkpt lat="37.653311" lon="-119.578234">
        <ele>2249.7</ele>
        <time>2024-02-16T21:25:33Z</time>
      </trkpt>
      <trkpt lat="37.653323" lon="-119.578204">
        <ele>2254.0</ele>
        <time>2024-02-16T21:25:47Z</time>
      </trkpt>
      <trkpt lat="37.6533" lon="-119.578169">
        <ele>2254.8</ele>
        <time>2024-02-16T21:26:50Z</time>
      </trkpt>
      <trkpt lat="37.653298" lon="-119.578221">
        <ele>2261.4</ele>
        <time>2024-02-16T21:29:19Z</time>
      </trkpt>
      <trkpt lat="37.653284" lon="-119.578204">
        <ele>2255.6</ele>
        <time>2024-02-16T21:31:34Z</time>
      </trkpt>
      <trkpt lat="37.6533" lon="-119.578181">
        <ele>2255.9</ele>
        <time>2024-02-16T21:33:20Z</time>
      </trkpt>
      <trkpt lat="37.653313" lon="-119.578209">
        <ele>2258.2</ele>
        <time>2024-02-16T21:33:39Z</time>
      </trkpt>
      <trkpt lat="37.653245" lon="-119.578208">
        <ele>2253.9</ele>
        <time>2024-02-16T21:36:08Z</time>
      </trkpt>
      <trkpt lat="37.653208" lon="-119.578147">
        <ele>2256.0</ele>
        <time>2024-02-16T21:36:13Z</time>
      </trkpt>
      <trkpt lat="37.653148" lon="-119.578131">
        <ele>2257.9</ele>
        <time>2024-02-16T21:36:20Z</time>
      </trkpt>
      <trkpt lat="37.653116" lon="-119.578088">
        <ele>2257.7</ele>
        <time>2024-02-16T21:36:26Z</time>
      </trkpt>
      <trkpt lat="37.653048" lon="-119.578041">
        <ele>2258.8</ele>
        <time>2024-02-16T21:36:44Z</time>
      </trkpt>
      <trkpt lat="37.653017" lon="-119.578036">
        <ele>2258.5</ele>
        <time>2024-02-16T21:36:48Z</time>
      </trkpt>
      <trkpt lat="37.652971" lon="-119.578059">
        <ele>2259.8</ele>
        <time>2024-02-16T21:36:56Z</time>
      </trkpt>
      <trkpt lat="37.652922" lon="-119.578044">
        <ele>2262.6</ele>
        <time>2024-02-16T21:37:18Z</time>
      </trkpt>
      <trkpt lat="37.652897" lon="-119.57805">
        <ele>2262.2</ele>
        <time>2024-02-16T21:37:23Z</time>
      </trkpt>
      <trkpt lat="37.652868" lon="-119.578033">
        <ele>2262.1</ele>
        <time>2024-02-16T21:37:29Z</time>
      </trkpt>
      <trkpt lat="37.652846" lon="-119.577986">
        <ele>2265.9</ele>
        <time>2024-02-16T21:38:22Z</time>
      </trkpt>
      <trkpt lat="37.652754" lon="-119.577954">
        <ele>2266.5</ele>
        <time>2024-02-16T21:38:35Z</time>
      </trkpt>
      <trkpt lat="37.652709" lon="-119.577865">
        <ele>2268.7</ele>
        <time>2024-02-16T21:38:56Z</time>
      </trkpt>
      <trkpt lat="37.652635" lon="-119.577853">
        <ele>2270.0</ele>
        <time>2024-02-16T21:39:11Z</time>
      </trkpt>
      <trkpt lat="37.652616" lon="-119.577837">
        <ele>2270.3</ele>
        <time>2024-02-16T21:39:18Z</time>
      </trkpt>
      <trkpt lat="37.652474" lon="-119.577875">
        <ele>2272.2</ele>
        <time>2024-02-16T21:39:46Z</time>
      </trkpt>
      <trkpt lat="37.652321" lon="-119.577851">
        <ele>2276.2</ele>
        <time>2024-02-16T21:40:13Z</time>
      </trkpt>
      <trkpt lat="37.652252" lon="-119.577881">
        <ele>2277.9</ele>
        <time>2024-02-16T21:40:31Z</time>
      </trkpt>
      <trkpt lat="37.652223" lon="-119.577852">
        <ele>2279.2</ele>
        <time>2024-02-16T21:40:39Z</time>
      </trkpt>
      <trkpt lat="37.652163" lon="-119.577765">
        <ele>2284.2</ele>
        <time>2024-02-16T21:41:11Z</time>
      </trkpt>
      <trkpt lat="37.652101" lon="-119.577715">
        <ele>2285.9</ele>
        <time>2024-02-16T21:41:26Z</time>
      </trkpt>
      <trkpt lat="37.652032" lon="-119.577589">
        <ele>2286.0</ele>
        <time>2024-02-16T21:41:35Z</time>
      </trkpt>
      <trkpt lat="37.651992" lon="-119.577448">
        <ele>2288.3</ele>
        <time>2024-02-16T21:41:49Z</time>
      </trkpt>
      <trkpt lat="37.651909" lon="-119.577353">
        <ele>2291.7</ele>
        <time>2024-02-16T21:42:14Z</time>
      </trkpt>
      <trkpt lat="37.651873" lon="-119.577318">
        <ele>2293.5</ele>
        <time>2024-02-16T21:42:29Z</time>
      </trkpt>
      <trkpt lat="37.651824" lon="-119.577161">
        <ele>2296.7</ele>
        <time>2024-02-16T21:42:52Z</time>
      </trkpt>
      <trkpt lat="37.651808" lon="-119.577129">
        <ele>2296.6</ele>
        <time>2024-02-16T21:42:58Z</time>
      </trkpt>
      <trkpt lat="37.651754" lon="-119.577074">
        <ele>2300.3</ele>
        <time>2024-02-16T21:43:15Z</time>
      </trkpt>
      <trkpt lat="37.651692" lon="-119.576982">
        <ele>2300.2</ele>
        <time>2024-02-16T21:43:27Z</time>
      </trkpt>
      <trkpt lat="37.651621" lon="-119.576903">
        <ele>2300.9</ele>
        <time>2024-02-16T21:43:37Z</time>
      </trkpt>
      <trkpt lat="37.651572" lon="-119.576829">
        <ele>2304.1</ele>
        <time>2024-02-16T21:43:48Z</time>
      </trkpt>
      <trkpt lat="37.651544" lon="-119.576719">
        <ele>2304.4</ele>
        <time>2024-02-16T21:43:59Z</time>
      </trkpt>
      <trkpt lat="37.65151" lon="-119.576663">
        <ele>2305.0</ele>
        <time>2024-02-16T21:44:04Z</time>
      </trkpt>
      <trkpt lat="37.651451" lon="-119.576446">
        <ele>2307.9</ele>
        <time>2024-02-16T21:44:17Z</time>
      </trkpt>
      <trkpt lat="37.651398" lon="-119.576379">
        <ele>2311.1</ele>
        <time>2024-02-16T21:44:25Z</time>
      </trkpt>
      <trkpt lat="37.651397" lon="-119.576352">
        <ele>2312.6</ele>
        <time>2024-02-16T21:44:30Z</time>
      </trkpt>
      <trkpt lat="37.651355" lon="-119.576259">
        <ele>2313.1</ele>
        <time>2024-02-16T21:44:41Z</time>
      </trkpt>
      <trkpt lat="37.651335" lon="-119.576173">
        <ele>2311.7</ele>
        <time>2024-02-16T21:44:51Z</time>
      </trkpt>
      <trkpt lat="37.651342" lon="-119.576112">
        <ele>2314.4</ele>
        <time>2024-02-16T21:45:14Z</time>
      </trkpt>
      <trkpt lat="37.651325" lon="-119.575986">
        <ele>2314.8</ele>
        <time>2024-02-16T21:45:25Z</time>
      </trkpt>
      <trkpt lat="37.651265" lon="-119.575934">
        <ele>2312.0</ele>
        <time>2024-02-16T21:45:40Z</time>
      </trkpt>
      <trkpt lat="37.651231" lon="-119.575855">
        <ele>2311.2</ele>
        <time>2024-02-16T21:45:51Z</time>
      </trkpt>
      <trkpt lat="37.651202" lon="-119.575814">
        <ele>2305.1</ele>
        <time>2024-02-16T21:46:44Z</time>
      </trkpt>
      <trkpt lat="37.651226" lon="-119.575826">
        <ele>2304.7</ele>
        <time>2024-02-16T21:47:18Z</time>
      </trkpt>
      <trkpt lat="37.651135" lon="-119.575801">
        <ele>2308.7</ele>
        <time>2024-02-16T21:47:53Z</time>
      </trkpt>
      <trkpt lat="37.651127" lon="-119.575771">
        <ele>2310.2</ele>
        <time>2024-02-16T21:48:06Z</time>
      </trkpt>
      <trkpt lat="37.651095" lon="-119.575727">
        <ele>2314.8</ele>
        <time>2024-02-16T21:48:18Z</time>
      </trkpt>
      <trkpt lat="37.651072" lon="-119.575739">
        <ele>2316.3</ele>
        <time>2024-02-16T21:48:30Z</time>
      </trkpt>
      <trkpt lat="37.65104" lon="-119.575847">
        <ele>2318.0</ele>
        <time>2024-02-16T21:48:43Z</time>
      </trkpt>
      <trkpt lat="37.651021" lon="-119.575865">
        <ele>2317.7</ele>
        <time>2024-02-16T21:48:46Z</time>
      </trkpt>
      <trkpt lat="37.650973" lon="-119.575769">
        <ele>2316.7</ele>
        <time>2024-02-16T21:48:56Z</time>
      </trkpt>
      <trkpt lat="37.650963" lon="-119.575731">
        <ele>2319.2</ele>
        <time>2024-02-16T21:49:00Z</time>
      </trkpt>
      <trkpt lat="37.650945" lon="-119.57561">
        <ele>2318.8</ele>
        <time>2024-02-16T21:49:06Z</time>
      </trkpt>
      <trkpt lat="37.650915" lon="-119.575528">
        <ele>2318.3</ele>
        <time>2024-02-16T21:49:11Z</time>
      </trkpt>
      <trkpt lat="37.650907" lon="-119.575465">
        <ele>2318.1</ele>
        <time>2024-02-16T21:49:18Z</time>
      </trkpt>
      <trkpt lat="37.650834" lon="-119.575349">
        <ele>2321.9</ele>
        <time>2024-02-16T21:49:33Z</time>
      </trkpt>
      <trkpt lat="37.650798" lon="-119.575254">
        <ele>2323.4</ele>
        <time>2024-02-16T21:49:57Z</time>
      </trkpt>
      <trkpt lat="37.650801" lon="-119.575172">
        <ele>2323.2</ele>
        <time>2024-02-16T21:50:09Z</time>
      </trkpt>
      <trkpt lat="37.650785" lon="-119.57512">
        <ele>2323.2</ele>
        <time>2024-02-16T21:50:13Z</time>
      </trkpt>
      <trkpt lat="37.650782" lon="-119.575054">
        <ele>2323.7</ele>
        <time>2024-02-16T21:50:17Z</time>
      </trkpt>
      <trkpt lat="37.650733" lon="-119.574901">
        <ele>2324.8</ele>
        <time>2024-02-16T21:50:32Z</time>
      </trkpt>
      <trkpt lat="37.650723" lon="-119.574792">
        <ele>2326.9</ele>
        <time>2024-02-16T21:50:47Z</time>
      </trkpt>
      <trkpt lat="37.650732" lon="-119.574692">
        <ele>2327.6</ele>
        <time>2024-02-16T21:50:56Z</time>
      </trkpt>
      <trkpt lat="37.650746" lon="-119.574683">
        <ele>2327.8</ele>
        <time>2024-02-16T21:50:58Z</time>
      </trkpt>
      <trkpt lat="37.650731" lon="-119.574594">
        <ele>2329.2</ele>
        <time>2024-02-16T21:51:06Z</time>
      </trkpt>
      <trkpt lat="37.650645" lon="-119.574483">
        <ele>2330.4</ele>
        <time>2024-02-16T21:51:23Z</time>
      </trkpt>
      <trkpt lat="37.650617" lon="-119.574344">
        <ele>2330.2</ele>
        <time>2024-02-16T21:51:46Z</time>
      </trkpt>
      <trkpt lat="37.650657" lon="-119.574225">
        <ele>2330.5</ele>
        <time>2024-02-16T21:51:57Z</time>
      </trkpt>
      <trkpt lat="37.650636" lon="-119.574209">
        <ele>2331.5</ele>
        <time>2024-02-16T21:52:34Z</time>
      </trkpt>
      <trkpt lat="37.65062" lon="-119.57413">
        <ele>2331.8</ele>
        <time>2024-02-16T21:52:53Z</time>
      </trkpt>
      <trkpt lat="37.650598" lon="-119.574068">
        <ele>2331.2</ele>
        <time>2024-02-16T21:53:02Z</time>
      </trkpt>
      <trkpt lat="37.650597" lon="-119.573993">
        <ele>2332.3</ele>
        <time>2024-02-16T21:53:10Z</time>
      </trkpt>
      <trkpt lat="37.650578" lon="-119.573936">
        <ele>2332.5</ele>
        <time>2024-02-16T21:53:15Z</time>
      </trkpt>
      <trkpt lat="37.650571" lon="-119.573887">
        <ele>2332.3</ele>
        <time>2024-02-16T21:53:21Z</time>
      </trkpt>
      <trkpt lat="37.650534" lon="-119.573797">
        <ele>2334.7</ele>
        <time>2024-02-16T21:53:31Z</time>
      </trkpt>
      <trkpt lat="37.650507" lon="-119.57376">
        <ele>2335.0</ele>
        <time>2024-02-16T21:53:38Z</time>
      </trkpt>
      <trkpt lat="37.650507" lon="-119.573732">
        <ele>2339.5</ele>
        <time>2024-02-16T21:59:14Z</time>
      </trkpt>
      <trkpt lat="37.65047" lon="-119.573691">
        <ele>2339.7</ele>
        <time>2024-02-16T21:59:35Z</time>
      </trkpt>
      <trkpt lat="37.650457" lon="-119.573541">
        <ele>2341.7</ele>
        <time>2024-02-16T21:59:53Z</time>
      </trkpt>
      <trkpt lat="37.650423" lon="-119.5734">
        <ele>2345.1</ele>
        <time>2024-02-16T22:00:13Z</time>
      </trkpt>
      <trkpt lat="37.650388" lon="-119.573346">
        <ele>2346.0</ele>
        <time>2024-02-16T22:00:21Z</time>
      </trkpt>
      <trkpt lat="37.65036" lon="-119.573203">
        <ele>2346.7</ele>
        <time>2024-02-16T22:00:49Z</time>
      </trkpt>
      <trkpt lat="37.650322" lon="-119.573159">
        <ele>2346.7</ele>
        <time>2024-02-16T22:01:05Z</time>
      </trkpt>
      <trkpt lat="37.650316" lon="-119.57312">
        <ele>2349.0</ele>
        <time>2024-02-16T22:01:18Z</time>
      </trkpt>
      <trkpt lat="37.650271" lon="-119.573007">
        <ele>2352.3</ele>
        <time>2024-02-16T22:01:41Z</time>
      </trkpt>
      <trkpt lat="37.650267" lon="-119.572953">
        <ele>2355.3</ele>
        <time>2024-02-16T22:01:57Z</time>
      </trkpt>
      <trkpt lat="37.650211" lon="-119.57282">
        <ele>2358.1</ele>
        <time>2024-02-16T22:02:20Z</time>
      </trkpt>
      <trkpt lat="37.650206" lon="-119.572762">
        <ele>2360.6</ele>
        <time>2024-02-16T22:02:37Z</time>
      </trkpt>
      <trkpt lat="37.650169" lon="-119.572706">
        <ele>2361.8</ele>
        <time>2024-02-16T22:02:49Z</time>
      </trkpt>
      <trkpt lat="37.65011" lon="-119.572465">
        <ele>2364.6</ele>
        <time>2024-02-16T22:03:25Z</time>
      </trkpt>
      <trkpt lat="37.650053" lon="-119.572367">
        <ele>2366.8</ele>
        <time>2024-02-16T22:03:50Z</time>
      </trkpt>
      <trkpt lat="37.650036" lon="-119.572303">
        <ele>2368.5</ele>
        <time>2024-02-16T22:04:02Z</time>
      </trkpt>
      <trkpt lat="37.64999" lon="-119.572213">
        <ele>2369.5</ele>
        <time>2024-02-16T22:04:17Z</time>
      </trkpt>
      <trkpt lat="37.649987" lon="-119.572126">
        <ele>2373.8</ele>
        <time>2024-02-16T22:04:27Z</time>
      </trkpt>
      <trkpt lat="37.649975" lon="-119.572078">
        <ele>2374.2</ele>
        <time>2024-02-16T22:04:33Z</time>
      </trkpt>
      <trkpt lat="37.649993" lon="-119.572056">
        <ele>2375.5</ele>
        <time>2024-02-16T22:04:46Z</time>
      </trkpt>
      <trkpt lat="37.649964" lon="-119.571972">
        <ele>2376.9</ele>
        <time>2024-02-16T22:05:01Z</time>
      </trkpt>
      <trkpt lat="37.649938" lon="-119.571855">
        <ele>2379.8</ele>
        <time>2024-02-16T22:05:35Z</time>
      </trkpt>
      <trkpt lat="37.649929" lon="-119.571754">
        <ele>2381.4</ele>
        <time>2024-02-16T22:06:08Z</time>
      </trkpt>
      <trkpt lat="37.64992" lon="-119.571717">
        <ele>2382.5</ele>
        <time>2024-02-16T22:06:11Z</time>
      </trkpt>
      <trkpt lat="37.649851" lon="-119.5716">
        <ele>2385.1</ele>
        <time>2024-02-16T22:06:39Z</time>
      </trkpt>
      <trkpt lat="37.649831" lon="-119.571581">
        <ele>2385.9</ele>
        <time>2024-02-16T22:06:43Z</time>
      </trkpt>
      <trkpt lat="37.64979" lon="-119.571479">
        <ele>2388.1</ele>
        <time>2024-02-16T22:07:07Z</time>
      </trkpt>
      <trkpt lat="37.649721" lon="-119.571387">
        <ele>2392.3</ele>
        <time>2024-02-16T22:07:34Z</time>
      </trkpt>
      <trkpt lat="37.649691" lon="-119.571293">
        <ele>2393.1</ele>
        <time>2024-02-16T22:07:51Z</time>
      </trkpt>
      <trkpt lat="37.649646" lon="-119.571192">
        <ele>2396.0</ele>
        <time>2024-02-16T22:08:00Z</time>
      </trkpt>
      <trkpt lat="37.649634" lon="-119.571128">
        <ele>2396.8</ele>
        <time>2024-02-16T22:08:07Z</time>
      </trkpt>
      <trkpt lat="37.64964" lon="-119.571082">
        <ele>2398.6</ele>
        <time>2024-02-16T22:08:12Z</time>
      </trkpt>
      <trkpt lat="37.649633" lon="-119.571005">
        <ele>2399.3</ele>
        <time>2024-02-16T22:08:26Z</time>
      </trkpt>
      <trkpt lat="37.649645" lon="-119.570951">
        <ele>2399.4</ele>
        <time>2024-02-16T22:08:32Z</time>
      </trkpt>
      <trkpt lat="37.649605" lon="-119.570869">
        <ele>2405.1</ele>
        <time>2024-02-16T22:08:58Z</time>
      </trkpt>
      <trkpt lat="37.649563" lon="-119.570827">
        <ele>2405.3</ele>
        <time>2024-02-16T22:09:15Z</time>
      </trkpt>
      <trkpt lat="37.649511" lon="-119.570685">
        <ele>2406.7</ele>
        <time>2024-02-16T22:09:32Z</time>
      </trkpt>
      <trkpt lat="37.649512" lon="-119.570674">
        <ele>2407.2</ele>
        <time>2024-02-16T22:09:33Z</time>
      </trkpt>
      <trkpt lat="37.649473" lon="-119.570566">
        <ele>2413.9</ele>
        <time>2024-02-16T22:09:57Z</time>
      </trkpt>
      <trkpt lat="37.649482" lon="-119.570536">
        <ele>2414.8</ele>
        <time>2024-02-16T22:10:00Z</time>
      </trkpt>
      <trkpt lat="37.649484" lon="-119.570461">
        <ele>2415.8</ele>
        <time>2024-02-16T22:10:08Z</time>
      </trkpt>
      <trkpt lat="37.649494" lon="-119.570421">
        <ele>2415.6</ele>
        <time>2024-02-16T22:10:13Z</time>
      </trkpt>
      <trkpt lat="37.649487" lon="-119.570372">
        <ele>2416.5</ele>
        <time>2024-02-16T22:10:21Z</time>
      </trkpt>
      <trkpt lat="37.649453" lon="-119.570291">
        <ele>2418.0</ele>
        <time>2024-02-16T22:10:37Z</time>
      </trkpt>
      <trkpt lat="37.64943" lon="-119.57027">
        <ele>2419.4</ele>
        <time>2024-02-16T22:10:49Z</time>
      </trkpt>
      <trkpt lat="37.649437" lon="-119.570251">
        <ele>2420.5</ele>
        <time>2024-02-16T22:14:06Z</time>
      </trkpt>
      <trkpt lat="37.649417" lon="-119.570163">
        <ele>2421.7</ele>
        <time>2024-02-16T22:14:27Z</time>
      </trkpt>
      <trkpt lat="37.649396" lon="-119.570147">
        <ele>2422.9</ele>
        <time>2024-02-16T22:14:40Z</time>
      </trkpt>
      <trkpt lat="37.64938" lon="-119.570099">
        <ele>2425.3</ele>
        <time>2024-02-16T22:16:24Z</time>
      </trkpt>
      <trkpt lat="37.64934" lon="-119.570047">
        <ele>2425.4</ele>
        <time>2024-02-16T22:16:32Z</time>
      </trkpt>
      <trkpt lat="37.649292" lon="-119.569903">
        <ele>2425.5</ele>
        <time>2024-02-16T22:16:55Z</time>
      </trkpt>
      <trkpt lat="37.649249" lon="-119.569866">
        <ele>2426.6</ele>
        <time>2024-02-16T22:17:05Z</time>
      </trkpt>
      <trkpt lat="37.649202" lon="-119.569847">
        <ele>2428.1</ele>
        <time>2024-02-16T22:17:16Z</time>
      </trkpt>
      <trkpt lat="37.649134" lon="-119.569768">
        <ele>2431.1</ele>
        <time>2024-02-16T22:17:33Z</time>
      </trkpt>
      <trkpt lat="37.649061" lon="-119.569713">
        <ele>2433.2</ele>
        <time>2024-02-16T22:17:46Z</time>
      </trkpt>
      <trkpt lat="37.648999" lon="-119.569689">
        <ele>2433.8</ele>
        <time>2024-02-16T22:18:04Z</time>
      </trkpt>
      <trkpt lat="37.648991" lon="-119.569652">
        <ele>2434.0</ele>
        <time>2024-02-16T22:18:09Z</time>
      </trkpt>
      <trkpt lat="37.648944" lon="-119.569615">
        <ele>2436.3</ele>
        <time>2024-02-16T22:18:23Z</time>
      </trkpt>
      <trkpt lat="37.648921" lon="-119.56956">
        <ele>2440.1</ele>
        <time>2024-02-16T22:19:44Z</time>
      </trkpt>
      <trkpt lat="37.648862" lon="-119.569498">
        <ele>2439.9</ele>
        <time>2024-02-16T22:19:57Z</time>
      </trkpt>
      <trkpt lat="37.64878" lon="-119.569423">
        <ele>2442.1</ele>
        <time>2024-02-16T22:20:15Z</time>
      </trkpt>
      <trkpt lat="37.648732" lon="-119.569359">
        <ele>2442.8</ele>
        <time>2024-02-16T22:20:22Z</time>
      </trkpt>
      <trkpt lat="37.648694" lon="-119.569298">
        <ele>2444.9</ele>
        <time>2024-02-16T22:20:30Z</time>
      </trkpt>
      <trkpt lat="37.648644" lon="-119.569297">
        <ele>2446.4</ele>
        <time>2024-02-16T22:20:38Z</time>
      </trkpt>
      <trkpt lat="37.648606" lon="-119.569331">
        <ele>2447.3</ele>
        <time>2024-02-16T22:21:00Z</time>
      </trkpt>
      <trkpt lat="37.648528" lon="-119.56936">
        <ele>2447.2</ele>
        <time>2024-02-16T22:21:08Z</time>
      </trkpt>
      <trkpt lat="37.648465" lon="-119.569355">
        <ele>2446.7</ele>
        <time>2024-02-16T22:21:16Z</time>
      </trkpt>
      <trkpt lat="37.648398" lon="-119.569396">
        <ele>2446.8</ele>
        <time>2024-02-16T22:21:25Z</time>
      </trkpt>
      <trkpt lat="37.648304" lon="-119.569441">
        <ele>2448.1</ele>
        <time>2024-02-16T22:21:35Z</time>
      </trkpt>
      <trkpt lat="37.648187" lon="-119.569456">
        <ele>2448.6</ele>
        <time>2024-02-16T22:21:47Z</time>
      </trkpt>
      <trkpt lat="37.648106" lon="-119.569497">
        <ele>2450.1</ele>
        <time>2024-02-16T22:21:56Z</time>
      </trkpt>
      <trkpt lat="37.648043" lon="-119.569508">
        <ele>2449.7</ele>
        <time>2024-02-16T22:22:02Z</time>
      </trkpt>
      <trkpt lat="37.647966" lon="-119.569548">
        <ele>2449.0</ele>
        <time>2024-02-16T22:22:13Z</time>
      </trkpt>
      <trkpt lat="37.647934" lon="-119.569575">
        <ele>2448.6</ele>
        <time>2024-02-16T22:22:17Z</time>
      </trkpt>
      <trkpt lat="37.647792" lon="-119.569576">
        <ele>2448.0</ele>
        <time>2024-02-16T22:22:33Z</time>
      </trkpt>
      <trkpt lat="37.647655" lon="-119.569624">
        <ele>2449.9</ele>
        <time>2024-02-16T22:22:48Z</time>
      </trkpt>
      <trkpt lat="37.647595" lon="-119.569674">
        <ele>2451.2</ele>
        <time>2024-02-16T22:22:58Z</time>
      </trkpt>
      <trkpt lat="37.647503" lon="-119.569705">
        <ele>2453.7</ele>
        <time>2024-02-16T22:23:10Z</time>
      </trkpt>
      <trkpt lat="37.647396" lon="-119.56968">
        <ele>2456.4</ele>
        <time>2024-02-16T22:23:22Z</time>
      </trkpt>
      <trkpt lat="37.647308" lon="-119.569689">
        <ele>2457.7</ele>
        <time>2024-02-16T22:23:32Z</time>
      </trkpt>
      <trkpt lat="37.647223" lon="-119.569653">
        <ele>2459.1</ele>
        <time>2024-02-16T22:23:43Z</time>
      </trkpt>
      <trkpt lat="37.647181" lon="-119.569681">
        <ele>2460.6</ele>
        <time>2024-02-16T22:23:50Z</time>
      </trkpt>
      <trkpt lat="37.647146" lon="-119.569681">
        <ele>2461.0</ele>
        <time>2024-02-16T22:23:54Z</time>
      </trkpt>
      <trkpt lat="37.647034" lon="-119.569713">
        <ele>2461.3</ele>
        <time>2024-02-16T22:24:15Z</time>
      </trkpt>
      <trkpt lat="37.647008" lon="-119.569711">
        <ele>2461.4</ele>
        <time>2024-02-16T22:24:17Z</time>
      </trkpt>
      <trkpt lat="37.64691" lon="-119.56976">
        <ele>2461.1</ele>
        <time>2024-02-16T22:24:31Z</time>
      </trkpt>
      <trkpt lat="37.646841" lon="-119.569747">
        <ele>2461.4</ele>
        <time>2024-02-16T22:24:47Z</time>
      </trkpt>
      <trkpt lat="37.646799" lon="-119.569747">
        <ele>2461.8</ele>
        <time>2024-02-16T22:24:54Z</time>
      </trkpt>
      <trkpt lat="37.64678" lon="-119.569762">
        <ele>2461.5</ele>
        <time>2024-02-16T22:24:56Z</time>
      </trkpt>
      <trkpt lat="37.646725" lon="-119.569778">
        <ele>2461.1</ele>
        <time>2024-02-16T22:25:02Z</time>
      </trkpt>
      <trkpt lat="37.646623" lon="-119.569864">
        <ele>2464.2</ele>
        <time>2024-02-16T22:25:18Z</time>
      </trkpt>
      <trkpt lat="37.646528" lon="-119.569876">
        <ele>2463.0</ele>
        <time>2024-02-16T22:25:34Z</time>
      </trkpt>
      <trkpt lat="37.646509" lon="-119.569895">
        <ele>2462.8</ele>
        <time>2024-02-16T22:25:38Z</time>
      </trkpt>
      <trkpt lat="37.64646" lon="-119.569869">
        <ele>2465.2</ele>
        <time>2024-02-16T22:25:51Z</time>
      </trkpt>
      <trkpt lat="37.646343" lon="-119.569726">
        <ele>2465.4</ele>
        <time>2024-02-16T22:26:16Z</time>
      </trkpt>
      <trkpt lat="37.646269" lon="-119.569648">
        <ele>2468.0</ele>
        <time>2024-02-16T22:26:35Z</time>
      </trkpt>
      <trkpt lat="37.646254" lon="-119.569621">
        <ele>2468.3</ele>
        <time>2024-02-16T22:26:43Z</time>
      </trkpt>
      <trkpt lat="37.646184" lon="-119.569606">
        <ele>2469.3</ele>
        <time>2024-02-16T22:26:52Z</time>
      </trkpt>
      <trkpt lat="37.646146" lon="-119.569526">
        <ele>2471.0</ele>
        <time>2024-02-16T22:26:59Z</time>
      </trkpt>
      <trkpt lat="37.646077" lon="-119.569457">
        <ele>2473.6</ele>
        <time>2024-02-16T22:27:12Z</time>
      </trkpt>
      <trkpt lat="37.646058" lon="-119.569417">
        <ele>2474.9</ele>
        <time>2024-02-16T22:27:15Z</time>
      </trkpt>
      <trkpt lat="37.64603" lon="-119.569396">
        <ele>2474.7</ele>
        <time>2024-02-16T22:27:19Z</time>
      </trkpt>
      <trkpt lat="37.645941" lon="-119.569268">
        <ele>2478.0</ele>
        <time>2024-02-16T22:27:35Z</time>
      </trkpt>
      <trkpt lat="37.645853" lon="-119.569193">
        <ele>2478.4</ele>
        <time>2024-02-16T22:27:50Z</time>
      </trkpt>
      <trkpt lat="37.645824" lon="-119.569146">
        <ele>2479.1</ele>
        <time>2024-02-16T22:27:59Z</time>
      </trkpt>
      <trkpt lat="37.645764" lon="-119.569098">
        <ele>2481.5</ele>
        <time>2024-02-16T22:28:11Z</time>
      </trkpt>
      <trkpt lat="37.645713" lon="-119.569041">
        <ele>2488.1</ele>
        <time>2024-02-16T22:28:56Z</time>
      </trkpt>
      <trkpt lat="37.645601" lon="-119.568965">
        <ele>2489.1</ele>
        <time>2024-02-16T22:29:11Z</time>
      </trkpt>
      <trkpt lat="37.645572" lon="-119.568915">
        <ele>2489.5</ele>
        <time>2024-02-16T22:29:20Z</time>
      </trkpt>
      <trkpt lat="37.645554" lon="-119.568908">
        <ele>2488.6</ele>
        <time>2024-02-16T22:29:29Z</time>
      </trkpt>
      <trkpt lat="37.645512" lon="-119.568836">
        <ele>2488.9</ele>
        <time>2024-02-16T22:29:38Z</time>
      </trkpt>
      <trkpt lat="37.645423" lon="-119.568723">
        <ele>2488.8</ele>
        <time>2024-02-16T22:30:03Z</time>
      </trkpt>
      <trkpt lat="37.645401" lon="-119.568658">
        <ele>2490.2</ele>
        <time>2024-02-16T22:30:10Z</time>
      </trkpt>
      <trkpt lat="37.645327" lon="-119.568648">
        <ele>2490.6</ele>
        <time>2024-02-16T22:30:19Z</time>
      </trkpt>
      <trkpt lat="37.645313" lon="-119.568622">
        <ele>2490.9</ele>
        <time>2024-02-16T22:30:28Z</time>
      </trkpt>
      <trkpt lat="37.645226" lon="-119.568568">
        <ele>2491.3</ele>
        <time>2024-02-16T22:30:41Z</time>
      </trkpt>
      <trkpt lat="37.645139" lon="-119.568486">
        <ele>2491.4</ele>
        <time>2024-02-16T22:30:51Z</time>
      </trkpt>
      <trkpt lat="37.64506" lon="-119.568372">
        <ele>2493.3</ele>
        <time>2024-02-16T22:31:07Z</time>
      </trkpt>
      <trkpt lat="37.644992" lon="-119.568334">
        <ele>2494.3</ele>
        <time>2024-02-16T22:31:17Z</time>
      </trkpt>
      <trkpt lat="37.644869" lon="-119.568218">
        <ele>2498.8</ele>
        <time>2024-02-16T22:31:38Z</time>
      </trkpt>
      <trkpt lat="37.644854" lon="-119.568177">
        <ele>2498.1</ele>
        <time>2024-02-16T22:31:41Z</time>
      </trkpt>
      <trkpt lat="37.644775" lon="-119.568132">
        <ele>2499.3</ele>
        <time>2024-02-16T22:31:50Z</time>
      </trkpt>
      <trkpt lat="37.644742" lon="-119.568097">
        <ele>2498.9</ele>
        <time>2024-02-16T22:31:55Z</time>
      </trkpt>
      <trkpt lat="37.644705" lon="-119.56808">
        <ele>2499.7</ele>
        <time>2024-02-16T22:31:59Z</time>
      </trkpt>
      <trkpt lat="37.644669" lon="-119.568031">
        <ele>2500.7</ele>
        <time>2024-02-16T22:32:07Z</time>
      </trkpt>
      <trkpt lat="37.644639" lon="-119.567977">
        <ele>2502.0</ele>
        <time>2024-02-16T22:32:13Z</time>
      </trkpt>
      <trkpt lat="37.644599" lon="-119.56796">
        <ele>2502.8</ele>
        <time>2024-02-16T22:32:19Z</time>
      </trkpt>
      <trkpt lat="37.644562" lon="-119.567896">
        <ele>2503.3</ele>
        <time>2024-02-16T22:32:26Z</time>
      </trkpt>
      <trkpt lat="37.644525" lon="-119.567874">
        <ele>2503.5</ele>
        <time>2024-02-16T22:32:32Z</time>
      </trkpt>
      <trkpt lat="37.644375" lon="-119.567761">
        <ele>2502.5</ele>
        <time>2024-02-16T22:32:53Z</time>
      </trkpt>
      <trkpt lat="37.644343" lon="-119.567741">
        <ele>2502.9</ele>
        <time>2024-02-16T22:32:57Z</time>
      </trkpt>
      <trkpt lat="37.644318" lon="-119.567688">
        <ele>2503.6</ele>
        <time>2024-02-16T22:33:01Z</time>
      </trkpt>
      <trkpt lat="37.64428" lon="-119.567654">
        <ele>2503.0</ele>
        <time>2024-02-16T22:33:07Z</time>
      </trkpt>
      <trkpt lat="37.644247" lon="-119.567594">
        <ele>2502.5</ele>
        <time>2024-02-16T22:33:14Z</time>
      </trkpt>
      <trkpt lat="37.64422" lon="-119.567527">
        <ele>2501.9</ele>
        <time>2024-02-16T22:33:20Z</time>
      </trkpt>
      <trkpt lat="37.644187" lon="-119.567482">
        <ele>2501.4</ele>
        <time>2024-02-16T22:33:24Z</time>
      </trkpt>
      <trkpt lat="37.644098" lon="-119.567428">
        <ele>2501.4</ele>
        <time>2024-02-16T22:33:34Z</time>
      </trkpt>
      <trkpt lat="37.644113" lon="-119.567401">
        <ele>2501.1</ele>
        <time>2024-02-16T22:35:01Z</time>
      </trkpt>
      <trkpt lat="37.643869" lon="-119.567105">
        <ele>2488.6</ele>
        <time>2024-02-16T22:45:25Z</time>
      </trkpt>
      <trkpt lat="37.643527" lon="-119.566582">
        <ele>2491.0</ele>
        <time>2024-02-16T22:45:32Z</time>
      </trkpt>
      <trkpt lat="37.643533" lon="-119.566513">
        <ele>2490.0</ele>
        <time>2024-02-16T22:45:38Z</time>
      </trkpt>
      <trkpt lat="37.643421" lon="-119.566412">
        <ele>2486.1</ele>
        <time>2024-02-16T22:45:48Z</time>
      </trkpt>
      <trkpt lat="37.643259" lon="-119.566314">
        <ele>2483.5</ele>
        <time>2024-02-16T22:45:51Z</time>
      </trkpt>
      <trkpt lat="37.643195" lon="-119.566293">
        <ele>2483.4</ele>
        <time>2024-02-16T22:45:52Z</time>
      </trkpt>
      <trkpt lat="37.643004" lon="-119.566201">
        <ele>2481.5</ele>
        <time>2024-02-16T22:45:55Z</time>
      </trkpt>
      <trkpt lat="37.64293" lon="-119.566101">
        <ele>2479.3</ele>
        <time>2024-02-16T22:45:57Z</time>
      </trkpt>
      <trkpt lat="37.642842" lon="-119.566022">
        <ele>2477.8</ele>
        <time>2024-02-16T22:45:59Z</time>
      </trkpt>
      <trkpt lat="37.642816" lon="-119.565981">
        <ele>2477.0</ele>
        <time>2024-02-16T22:46:00Z</time>
      </trkpt>
      <trkpt lat="37.642801" lon="-119.565888">
        <ele>2475.7</ele>
        <time>2024-02-16T22:46:02Z</time>
      </trkpt>
      <trkpt lat="37.642766" lon="-119.565805">
        <ele>2474.6</ele>
        <time>2024-02-16T22:46:04Z</time>
      </trkpt>
      <trkpt lat="37.642721" lon="-119.565779">
        <ele>2474.4</ele>
        <time>2024-02-16T22:46:08Z</time>
      </trkpt>
      <trkpt lat="37.642737" lon="-119.565725">
        <ele>2471.4</ele>
        <time>2024-02-16T22:46:30Z</time>
      </trkpt>
      <trkpt lat="37.642761" lon="-119.565693">
        <ele>2470.5</ele>
        <time>2024-02-16T22:46:32Z</time>
      </trkpt>
      <trkpt lat="37.642761" lon="-119.565621">
        <ele>2469.3</ele>
        <time>2024-02-16T22:46:34Z</time>
      </trkpt>
      <trkpt lat="37.642753" lon="-119.565362">
        <ele>2466.1</ele>
        <time>2024-02-16T22:46:39Z</time>
      </trkpt>
      <trkpt lat="37.642736" lon="-119.565294">
        <ele>2465.8</ele>
        <time>2024-02-16T22:46:40Z</time>
      </trkpt>
      <trkpt lat="37.64262" lon="-119.565058">
        <ele>2465.7</ele>
        <time>2024-02-16T22:46:44Z</time>
      </trkpt>
      <trkpt lat="37.642569" lon="-119.564925">
        <ele>2464.5</ele>
        <time>2024-02-16T22:46:46Z</time>
      </trkpt>
      <trkpt lat="37.642404" lon="-119.564648">
        <ele>2462.4</ele>
        <time>2024-02-16T22:46:50Z</time>
      </trkpt>
      <trkpt lat="37.642316" lon="-119.56447">
        <ele>2459.3</ele>
        <time>2024-02-16T22:46:53Z</time>
      </trkpt>
      <trkpt lat="37.642287" lon="-119.564405">
        <ele>2458.0</ele>
        <time>2024-02-16T22:46:54Z</time>
      </trkpt>
      <trkpt lat="37.642252" lon="-119.564349">
        <ele>2456.7</ele>
        <time>2024-02-16T22:46:55Z</time>
      </trkpt>
      <trkpt lat="37.642065" lon="-119.564122">
        <ele>2452.3</ele>
        <time>2024-02-16T22:47:00Z</time>
      </trkpt>
      <trkpt lat="37.641987" lon="-119.563985">
        <ele>2452.1</ele>
        <time>2024-02-16T22:47:02Z</time>
      </trkpt>
      <trkpt lat="37.641956" lon="-119.563905">
        <ele>2452.3</ele>
        <time>2024-02-16T22:47:03Z</time>
      </trkpt>
      <trkpt lat="37.641922" lon="-119.563749">
        <ele>2450.6</ele>
        <time>2024-02-16T22:47:05Z</time>
      </trkpt>
      <trkpt lat="37.641895" lon="-119.563687">
        <ele>2450.2</ele>
        <time>2024-02-16T22:47:06Z</time>
      </trkpt>
      <trkpt lat="37.641864" lon="-119.563642">
        <ele>2449.8</ele>
        <time>2024-02-16T22:47:07Z</time>
      </trkpt>
      <trkpt lat="37.64155" lon="-119.563414">
        <ele>2447.6</ele>
        <time>2024-02-16T22:47:13Z</time>
      </trkpt>
      <trkpt lat="37.641437" lon="-119.563319">
        <ele>2445.8</ele>
        <time>2024-02-16T22:47:15Z</time>
      </trkpt>
      <trkpt lat="37.641302" lon="-119.563178">
        <ele>2445.0</ele>
        <time>2024-02-16T22:47:18Z</time>
      </trkpt>
      <trkpt lat="37.64127" lon="-119.563157">
        <ele>2444.9</ele>
        <time>2024-02-16T22:47:19Z</time>
      </trkpt>
      <trkpt lat="37.641152" lon="-119.56312">
        <ele>2441.9</ele>
        <time>2024-02-16T22:47:22Z</time>
      </trkpt>
      <trkpt lat="37.64112" lon="-119.563097">
        <ele>2441.0</ele>
        <time>2024-02-16T22:47:23Z</time>
      </trkpt>
      <trkpt lat="37.641083" lon="-119.56304">
        <ele>2439.3</ele>
        <time>2024-02-16T22:47:25Z</time>
      </trkpt>
      <trkpt lat="37.6411" lon="-119.563024">
        <ele>2431.9</ele>
        <time>2024-02-16T22:47:46Z</time>
      </trkpt>
      <trkpt lat="37.640977" lon="-119.56293">
        <ele>2432.7</ele>
        <time>2024-02-16T22:47:53Z</time>
      </trkpt>
      <trkpt lat="37.640828" lon="-119.562851">
        <ele>2431.9</ele>
        <time>2024-02-16T22:47:59Z</time>
      </trkpt>
      <trkpt lat="37.640683" lon="-119.562813">
        <ele>2428.4</ele>
        <time>2024-02-16T22:48:03Z</time>
      </trkpt>
      <trkpt lat="37.640568" lon="-119.56277">
        <ele>2425.5</ele>
        <time>2024-02-16T22:48:05Z</time>
      </trkpt>
      <trkpt lat="37.640377" lon="-119.562639">
        <ele>2424.7</ele>
        <time>2024-02-16T22:48:09Z</time>
      </trkpt>
      <trkpt lat="37.640341" lon="-119.562602">
        <ele>2425.0</ele>
        <time>2024-02-16T22:48:10Z</time>
      </trkpt>
      <trkpt lat="37.640289" lon="-119.56252">
        <ele>2425.2</ele>
        <time>2024-02-16T22:48:12Z</time>
      </trkpt>
      <trkpt lat="37.640205" lon="-119.562373">
        <ele>2426.7</ele>
        <time>2024-02-16T22:48:20Z</time>
      </trkpt>
      <trkpt lat="37.640245" lon="-119.562336">
        <ele>2426.5</ele>
        <time>2024-02-16T22:49:25Z</time>
      </trkpt>
      <trkpt lat="37.640256" lon="-119.562329">
        <ele>2427.9</ele>
        <time>2024-02-16T22:55:33Z</time>
      </trkpt>
      <trkpt lat="37.640199" lon="-119.562297">
        <ele>2426.1</ele>
        <time>2024-02-16T22:56:58Z</time>
      </trkpt>
      <trkpt lat="37.640138" lon="-119.562165">
        <ele>2427.9</ele>
        <time>2024-02-16T22:57:11Z</time>
      </trkpt>
      <trkpt lat="37.640121" lon="-119.56207">
        <ele>2427.9</ele>
        <time>2024-02-16T22:57:20Z</time>
      </trkpt>
      <trkpt lat="37.640097" lon="-119.562044">
        <ele>2429.5</ele>
        <time>2024-02-16T22:57:27Z</time>
      </trkpt>
      <trkpt lat="37.640077" lon="-119.56196">
        <ele>2429.2</ele>
        <time>2024-02-16T22:57:33Z</time>
      </trkpt>
      <trkpt lat="37.640031" lon="-119.561873">
        <ele>2430.1</ele>
        <time>2024-02-16T22:57:44Z</time>
      </trkpt>
      <trkpt lat="37.640003" lon="-119.561832">
        <ele>2432.2</ele>
        <time>2024-02-16T22:57:58Z</time>
      </trkpt>
      <trkpt lat="37.639988" lon="-119.561772">
        <ele>2432.2</ele>
        <time>2024-02-16T22:58:00Z</time>
      </trkpt>
      <trkpt lat="37.63995" lon="-119.561692">
        <ele>2433.4</ele>
        <time>2024-02-16T22:58:05Z</time>
      </trkpt>
      <trkpt lat="37.639924" lon="-119.561666">
        <ele>2435.9</ele>
        <time>2024-02-16T22:58:16Z</time>
      </trkpt>
      <trkpt lat="37.639918" lon="-119.561576">
        <ele>2435.1</ele>
        <time>2024-02-16T22:58:25Z</time>
      </trkpt>
      <trkpt lat="37.639877" lon="-119.561552">
        <ele>2436.9</ele>
        <time>2024-02-16T22:58:34Z</time>
      </trkpt>
      <trkpt lat="37.639856" lon="-119.561515">
        <ele>2435.1</ele>
        <time>2024-02-16T22:58:41Z</time>
      </trkpt>
      <trkpt lat="37.639825" lon="-119.561356">
        <ele>2436.1</ele>
        <time>2024-02-16T22:59:04Z</time>
      </trkpt>
      <trkpt lat="37.639806" lon="-119.561335">
        <ele>2436.4</ele>
        <time>2024-02-16T22:59:08Z</time>
      </trkpt>
      <trkpt lat="37.639807" lon="-119.561215">
        <ele>2435.4</ele>
        <time>2024-02-16T22:59:26Z</time>
      </trkpt>
      <trkpt lat="37.639773" lon="-119.561096">
        <ele>2438.2</ele>
        <time>2024-02-16T22:59:48Z</time>
      </trkpt>
      <trkpt lat="37.639764" lon="-119.561081">
        <ele>2438.4</ele>
        <time>2024-02-16T22:59:49Z</time>
      </trkpt>
      <trkpt lat="37.639725" lon="-119.560957">
        <ele>2439.6</ele>
        <time>2024-02-16T23:00:03Z</time>
      </trkpt>
      <trkpt lat="37.639725" lon="-119.560879">
        <ele>2439.7</ele>
        <time>2024-02-16T23:00:09Z</time>
      </trkpt>
      <trkpt lat="37.639712" lon="-119.560838">
        <ele>2439.7</ele>
        <time>2024-02-16T23:00:12Z</time>
      </trkpt>
      <trkpt lat="37.639682" lon="-119.560798">
        <ele>2443.6</ele>
        <time>2024-02-16T23:00:24Z</time>
      </trkpt>
      <trkpt lat="37.639668" lon="-119.560797">
        <ele>2442.8</ele>
        <time>2024-02-16T23:00:51Z</time>
      </trkpt>
      <trkpt lat="37.639619" lon="-119.5606">
        <ele>2443.3</ele>
        <time>2024-02-16T23:01:01Z</time>
      </trkpt>
      <trkpt lat="37.639567" lon="-119.560522">
        <ele>2443.7</ele>
        <time>2024-02-16T23:01:13Z</time>
      </trkpt>
      <trkpt lat="37.639556" lon="-119.560489">
        <ele>2445.0</ele>
        <time>2024-02-16T23:01:27Z</time>
      </trkpt>
      <trkpt lat="37.639464" lon="-119.560377">
        <ele>2446.3</ele>
        <time>2024-02-16T23:01:49Z</time>
      </trkpt>
      <trkpt lat="37.639443" lon="-119.560276">
        <ele>2449.4</ele>
        <time>2024-02-16T23:02:01Z</time>
      </trkpt>
      <trkpt lat="37.639422" lon="-119.560255">
        <ele>2451.3</ele>
        <time>2024-02-16T23:02:10Z</time>
      </trkpt>
      <trkpt lat="37.639412" lon="-119.560197">
        <ele>2451.8</ele>
        <time>2024-02-16T23:02:16Z</time>
      </trkpt>
      <trkpt lat="37.639387" lon="-119.56015">
        <ele>2452.5</ele>
        <time>2024-02-16T23:02:30Z</time>
      </trkpt>
      <trkpt lat="37.639369" lon="-119.560084">
        <ele>2453.9</ele>
        <time>2024-02-16T23:02:38Z</time>
      </trkpt>
      <trkpt lat="37.639371" lon="-119.560003">
        <ele>2457.8</ele>
        <time>2024-02-16T23:02:48Z</time>
      </trkpt>
      <trkpt lat="37.639334" lon="-119.559864">
        <ele>2459.0</ele>
        <time>2024-02-16T23:03:17Z</time>
      </trkpt>
      <trkpt lat="37.639317" lon="-119.559848">
        <ele>2459.2</ele>
        <time>2024-02-16T23:03:21Z</time>
      </trkpt>
      <trkpt lat="37.6393" lon="-119.559798">
        <ele>2461.2</ele>
        <time>2024-02-16T23:03:28Z</time>
      </trkpt>
      <trkpt lat="37.639281" lon="-119.559668">
        <ele>2461.0</ele>
        <time>2024-02-16T23:03:47Z</time>
      </trkpt>
      <trkpt lat="37.639253" lon="-119.559617">
        <ele>2464.3</ele>
        <time>2024-02-16T23:03:59Z</time>
      </trkpt>
      <trkpt lat="37.63923" lon="-119.559534">
        <ele>2466.5</ele>
        <time>2024-02-16T23:04:07Z</time>
      </trkpt>
      <trkpt lat="37.639223" lon="-119.559454">
        <ele>2469.4</ele>
        <time>2024-02-16T23:04:17Z</time>
      </trkpt>
      <trkpt lat="37.639119" lon="-119.559301">
        <ele>2471.3</ele>
        <time>2024-02-16T23:04:48Z</time>
      </trkpt>
      <trkpt lat="37.639046" lon="-119.559221">
        <ele>2472.9</ele>
        <time>2024-02-16T23:05:01Z</time>
      </trkpt>
      <trkpt lat="37.639021" lon="-119.559168">
        <ele>2473.5</ele>
        <time>2024-02-16T23:05:10Z</time>
      </trkpt>
      <trkpt lat="37.638978" lon="-119.559119">
        <ele>2474.1</ele>
        <time>2024-02-16T23:05:18Z</time>
      </trkpt>
      <trkpt lat="37.63895" lon="-119.559118">
        <ele>2474.7</ele>
        <time>2024-02-16T23:05:22Z</time>
      </trkpt>
      <trkpt lat="37.638918" lon="-119.55909">
        <ele>2475.2</ele>
        <time>2024-02-16T23:05:27Z</time>
      </trkpt>
      <trkpt lat="37.638818" lon="-119.559044">
        <ele>2475.6</ele>
        <time>2024-02-16T23:05:41Z</time>
      </trkpt>
      <trkpt lat="37.638759" lon="-119.559001">
        <ele>2477.0</ele>
        <time>2024-02-16T23:05:52Z</time>
      </trkpt>
      <trkpt lat="37.638746" lon="-119.558974">
        <ele>2477.9</ele>
        <time>2024-02-16T23:05:55Z</time>
      </trkpt>
      <trkpt lat="37.638669" lon="-119.558896">
        <ele>2479.4</ele>
        <time>2024-02-16T23:06:07Z</time>
      </trkpt>
      <trkpt lat="37.63862" lon="-119.558854">
        <ele>2478.9</ele>
        <time>2024-02-16T23:06:16Z</time>
      </trkpt>
      <trkpt lat="37.63862" lon="-119.558767">
        <ele>2480.4</ele>
        <time>2024-02-16T23:06:31Z</time>
      </trkpt>
      <trkpt lat="37.638568" lon="-119.558638">
        <ele>2481.7</ele>
        <time>2024-02-16T23:06:53Z</time>
      </trkpt>
      <trkpt lat="37.638551" lon="-119.558623">
        <ele>2483.0</ele>
        <time>2024-02-16T23:06:56Z</time>
      </trkpt>
      <trkpt lat="37.638532" lon="-119.558524">
        <ele>2483.0</ele>
        <time>2024-02-16T23:07:04Z</time>
      </trkpt>
      <trkpt lat="37.638446" lon="-119.558312">
        <ele>2486.3</ele>
        <time>2024-02-16T23:07:47Z</time>
      </trkpt>
      <trkpt lat="37.638422" lon="-119.558298">
        <ele>2484.4</ele>
        <time>2024-02-16T23:08:09Z</time>
      </trkpt>
      <trkpt lat="37.638387" lon="-119.558226">
        <ele>2484.4</ele>
        <time>2024-02-16T23:08:12Z</time>
      </trkpt>
      <trkpt lat="37.638334" lon="-119.558162">
        <ele>2484.7</ele>
        <time>2024-02-16T23:08:17Z</time>
      </trkpt>
      <trkpt lat="37.638279" lon="-119.55812">
        <ele>2486.4</ele>
        <time>2024-02-16T23:08:25Z</time>
      </trkpt>
      <trkpt lat="37.638241" lon="-119.558042">
        <ele>2489.5</ele>
        <time>2024-02-16T23:08:38Z</time>
      </trkpt>
      <trkpt lat="37.638206" lon="-119.558017">
        <ele>2489.8</ele>
        <time>2024-02-16T23:08:43Z</time>
      </trkpt>
      <trkpt lat="37.638198" lon="-119.557972">
        <ele>2489.7</ele>
        <time>2024-02-16T23:08:46Z</time>
      </trkpt>
      <trkpt lat="37.638158" lon="-119.557906">
        <ele>2490.9</ele>
        <time>2024-02-16T23:08:56Z</time>
      </trkpt>
      <trkpt lat="37.638139" lon="-119.557891">
        <ele>2493.1</ele>
        <time>2024-02-16T23:09:03Z</time>
      </trkpt>
      <trkpt lat="37.638039" lon="-119.557736">
        <ele>2496.3</ele>
        <time>2024-02-16T23:09:31Z</time>
      </trkpt>
      <trkpt lat="37.63802" lon="-119.55773">
        <ele>2494.9</ele>
        <time>2024-02-16T23:09:34Z</time>
      </trkpt>
      <trkpt lat="37.637989" lon="-119.557649">
        <ele>2496.0</ele>
        <time>2024-02-16T23:10:32Z</time>
      </trkpt>
      <trkpt lat="37.637956" lon="-119.55762">
        <ele>2496.7</ele>
        <time>2024-02-16T23:10:38Z</time>
      </trkpt>
      <trkpt lat="37.637949" lon="-119.557534">
        <ele>2498.8</ele>
        <time>2024-02-16T23:10:46Z</time>
      </trkpt>
      <trkpt lat="37.63796" lon="-119.557482">
        <ele>2499.3</ele>
        <time>2024-02-16T23:10:51Z</time>
      </trkpt>
      <trkpt lat="37.637937" lon="-119.557416">
        <ele>2499.4</ele>
        <time>2024-02-16T23:10:57Z</time>
      </trkpt>
      <trkpt lat="37.637878" lon="-119.557366">
        <ele>2500.3</ele>
        <time>2024-02-16T23:11:09Z</time>
      </trkpt>
      <trkpt lat="37.637846" lon="-119.557304">
        <ele>2501.4</ele>
        <time>2024-02-16T23:11:20Z</time>
      </trkpt>
      <trkpt lat="37.637847" lon="-119.557199">
        <ele>2500.3</ele>
        <time>2024-02-16T23:11:31Z</time>
      </trkpt>
      <trkpt lat="37.637803" lon="-119.557143">
        <ele>2504.0</ele>
        <time>2024-02-16T23:11:42Z</time>
      </trkpt>
      <trkpt lat="37.637777" lon="-119.557146">
        <ele>2503.7</ele>
        <time>2024-02-16T23:11:51Z</time>
      </trkpt>
      <trkpt lat="37.637774" lon="-119.557092">
        <ele>2504.5</ele>
        <time>2024-02-16T23:11:57Z</time>
      </trkpt>
      <trkpt lat="37.637742" lon="-119.557033">
        <ele>2502.9</ele>
        <time>2024-02-16T23:12:02Z</time>
      </trkpt>
      <trkpt lat="37.637719" lon="-119.557043">
        <ele>2501.9</ele>
        <time>2024-02-16T23:12:06Z</time>
      </trkpt>
      <trkpt lat="37.63769" lon="-119.556969">
        <ele>2504.2</ele>
        <time>2024-02-16T23:12:20Z</time>
      </trkpt>
      <trkpt lat="37.637599" lon="-119.556788">
        <ele>2512.1</ele>
        <time>2024-02-16T23:12:49Z</time>
      </trkpt>
      <trkpt lat="37.637567" lon="-119.556744">
        <ele>2512.4</ele>
        <time>2024-02-16T23:12:54Z</time>
      </trkpt>
      <trkpt lat="37.63757" lon="-119.556679">
        <ele>2512.4</ele>
        <time>2024-02-16T23:13:03Z</time>
      </trkpt>
      <trkpt lat="37.637535" lon="-119.556602">
        <ele>2514.3</ele>
        <time>2024-02-16T23:13:13Z</time>
      </trkpt>
      <trkpt lat="37.637467" lon="-119.556546">
        <ele>2514.9</ele>
        <time>2024-02-16T23:13:25Z</time>
      </trkpt>
      <trkpt lat="37.637442" lon="-119.556496">
        <ele>2517.0</ele>
        <time>2024-02-16T23:13:31Z</time>
      </trkpt>
      <trkpt lat="37.637439" lon="-119.55641">
        <ele>2518.7</ele>
        <time>2024-02-16T23:13:44Z</time>
      </trkpt>
      <trkpt lat="37.637398" lon="-119.55637">
        <ele>2515.1</ele>
        <time>2024-02-16T23:13:50Z</time>
      </trkpt>
      <trkpt lat="37.637381" lon="-119.556311">
        <ele>2516.9</ele>
        <time>2024-02-16T23:13:55Z</time>
      </trkpt>
      <trkpt lat="37.637356" lon="-119.556304">
        <ele>2518.4</ele>
        <time>2024-02-16T23:13:58Z</time>
      </trkpt>
      <trkpt lat="37.637324" lon="-119.556259">
        <ele>2521.7</ele>
        <time>2024-02-16T23:14:02Z</time>
      </trkpt>
      <trkpt lat="37.637284" lon="-119.556243">
        <ele>2517.9</ele>
        <time>2024-02-16T23:14:10Z</time>
      </trkpt>
      <trkpt lat="37.637258" lon="-119.556191">
        <ele>2519.9</ele>
        <time>2024-02-16T23:14:20Z</time>
      </trkpt>
      <trkpt lat="37.637265" lon="-119.556161">
        <ele>2520.7</ele>
        <time>2024-02-16T23:14:26Z</time>
      </trkpt>
      <trkpt lat="37.637221" lon="-119.556083">
        <ele>2523.6</ele>
        <time>2024-02-16T23:14:37Z</time>
      </trkpt>
      <trkpt lat="37.637209" lon="-119.556039">
        <ele>2525.1</ele>
        <time>2024-02-16T23:14:43Z</time>
      </trkpt>
      <trkpt lat="37.63716" lon="-119.555966">
        <ele>2524.3</ele>
        <time>2024-02-16T23:14:54Z</time>
      </trkpt>
      <trkpt lat="37.637142" lon="-119.555954">
        <ele>2525.1</ele>
        <time>2024-02-16T23:14:57Z</time>
      </trkpt>
      <trkpt lat="37.637112" lon="-119.555892">
        <ele>2524.1</ele>
        <time>2024-02-16T23:15:09Z</time>
      </trkpt>
      <trkpt lat="37.637094" lon="-119.555815">
        <ele>2525.4</ele>
        <time>2024-02-16T23:15:17Z</time>
      </trkpt>
      <trkpt lat="37.637014" lon="-119.55574">
        <ele>2525.1</ele>
        <time>2024-02-16T23:15:27Z</time>
      </trkpt>
      <trkpt lat="37.636984" lon="-119.555644">
        <ele>2525.3</ele>
        <time>2024-02-16T23:15:40Z</time>
      </trkpt>
      <trkpt lat="37.636901" lon="-119.555592">
        <ele>2522.7</ele>
        <time>2024-02-16T23:15:53Z</time>
      </trkpt>
      <trkpt lat="37.636877" lon="-119.555551">
        <ele>2529.4</ele>
        <time>2024-02-16T23:16:02Z</time>
      </trkpt>
      <trkpt lat="37.63684" lon="-119.55552">
        <ele>2528.0</ele>
        <time>2024-02-16T23:16:11Z</time>
      </trkpt>
      <trkpt lat="37.636793" lon="-119.555407">
        <ele>2532.8</ele>
        <time>2024-02-16T23:16:26Z</time>
      </trkpt>
      <trkpt lat="37.636731" lon="-119.555389">
        <ele>2533.7</ele>
        <time>2024-02-16T23:16:32Z</time>
      </trkpt>
      <trkpt lat="37.63666" lon="-119.555284">
        <ele>2529.4</ele>
        <time>2024-02-16T23:16:44Z</time>
      </trkpt>
      <trkpt lat="37.636623" lon="-119.555141">
        <ele>2530.8</ele>
        <time>2024-02-16T23:17:03Z</time>
      </trkpt>
      <trkpt lat="37.636609" lon="-119.555112">
        <ele>2530.8</ele>
        <time>2024-02-16T23:17:05Z</time>
      </trkpt>
      <trkpt lat="37.636584" lon="-119.555095">
        <ele>2530.5</ele>
        <time>2024-02-16T23:17:08Z</time>
      </trkpt>
      <trkpt lat="37.636557" lon="-119.55505">
        <ele>2532.4</ele>
        <time>2024-02-16T23:17:15Z</time>
      </trkpt>
      <trkpt lat="37.636537" lon="-119.555048">
        <ele>2536.9</ele>
        <time>2024-02-16T23:17:26Z</time>
      </trkpt>
      <trkpt lat="37.636546" lon="-119.554968">
        <ele>2540.0</ele>
        <time>2024-02-16T23:17:36Z</time>
      </trkpt>
      <trkpt lat="37.636521" lon="-119.554969">
        <ele>2539.6</ele>
        <time>2024-02-16T23:17:40Z</time>
      </trkpt>
      <trkpt lat="37.636498" lon="-119.554994">
        <ele>2539.3</ele>
        <time>2024-02-16T23:17:46Z</time>
      </trkpt>
      <trkpt lat="37.636457" lon="-119.555012">
        <ele>2538.7</ele>
        <time>2024-02-16T23:17:55Z</time>
      </trkpt>
      <trkpt lat="37.636441" lon="-119.555039">
        <ele>2540.3</ele>
        <time>2024-02-16T23:18:06Z</time>
      </trkpt>
      <trkpt lat="37.636419" lon="-119.555027">
        <ele>2543.8</ele>
        <time>2024-02-16T23:18:11Z</time>
      </trkpt>
      <trkpt lat="37.636391" lon="-119.554937">
        <ele>2545.2</ele>
        <time>2024-02-16T23:18:18Z</time>
      </trkpt>
      <trkpt lat="37.636397" lon="-119.554899">
        <ele>2545.1</ele>
        <time>2024-02-16T23:18:20Z</time>
      </trkpt>
      <trkpt lat="37.636418" lon="-119.554852">
        <ele>2547.1</ele>
        <time>2024-02-16T23:18:28Z</time>
      </trkpt>
      <trkpt lat="37.636383" lon="-119.554818">
        <ele>2543.0</ele>
        <time>2024-02-16T23:18:40Z</time>
      </trkpt>
      <trkpt lat="37.63632" lon="-119.554779">
        <ele>2543.5</ele>
        <time>2024-02-16T23:18:53Z</time>
      </trkpt>
      <trkpt lat="37.636287" lon="-119.554744">
        <ele>2541.9</ele>
        <time>2024-02-16T23:18:57Z</time>
      </trkpt>
      <trkpt lat="37.63627" lon="-119.554649">
        <ele>2546.2</ele>
        <time>2024-02-16T23:19:06Z</time>
      </trkpt>
      <trkpt lat="37.63625" lon="-119.5546">
        <ele>2547.2</ele>
        <time>2024-02-16T23:19:10Z</time>
      </trkpt>
      <trkpt lat="37.636209" lon="-119.554551">
        <ele>2545.7</ele>
        <time>2024-02-16T23:19:20Z</time>
      </trkpt>
      <trkpt lat="37.636196" lon="-119.554522">
        <ele>2547.0</ele>
        <time>2024-02-16T23:19:27Z</time>
      </trkpt>
      <trkpt lat="37.636227" lon="-119.554434">
        <ele>2551.7</ele>
        <time>2024-02-16T23:19:36Z</time>
      </trkpt>
      <trkpt lat="37.636194" lon="-119.5544">
        <ele>2550.3</ele>
        <time>2024-02-16T23:19:44Z</time>
      </trkpt>
      <trkpt lat="37.636165" lon="-119.554353">
        <ele>2555.1</ele>
        <time>2024-02-16T23:19:49Z</time>
      </trkpt>
      <trkpt lat="37.636111" lon="-119.554304">
        <ele>2551.3</ele>
        <time>2024-02-16T23:19:58Z</time>
      </trkpt>
      <trkpt lat="37.636081" lon="-119.554202">
        <ele>2549.6</ele>
        <time>2024-02-16T23:20:20Z</time>
      </trkpt>
      <trkpt lat="37.636091" lon="-119.554171">
        <ele>2551.0</ele>
        <time>2024-02-16T23:20:23Z</time>
      </trkpt>
      <trkpt lat="37.63608" lon="-119.554123">
        <ele>2554.5</ele>
        <time>2024-02-16T23:20:26Z</time>
      </trkpt>
      <trkpt lat="37.636083" lon="-119.554076">
        <ele>2556.0</ele>
        <time>2024-02-16T23:20:32Z</time>
      </trkpt>
      <trkpt lat="37.636008" lon="-119.553973">
        <ele>2563.3</ele>
        <time>2024-02-16T23:25:33Z</time>
      </trkpt>
      <trkpt lat="37.636033" lon="-119.554018">
        <ele>2559.8</ele>
        <time>2024-02-16T23:25:51Z</time>
      </trkpt>
      <trkpt lat="37.63604" lon="-119.554112">
        <ele>2555.6</ele>
        <time>2024-02-16T23:26:02Z</time>
      </trkpt>
      <trkpt lat="37.636061" lon="-119.554132">
        <ele>2552.4</ele>
        <time>2024-02-16T23:26:05Z</time>
      </trkpt>
      <trkpt lat="37.635973" lon="-119.553986">
        <ele>2555.3</ele>
        <time>2024-02-16T23:26:16Z</time>
      </trkpt>
      <trkpt lat="37.635929" lon="-119.553959">
        <ele>2553.7</ele>
        <time>2024-02-16T23:26:24Z</time>
      </trkpt>
      <trkpt lat="37.635845" lon="-119.553953">
        <ele>2551.8</ele>
        <time>2024-02-16T23:26:35Z</time>
      </trkpt>
      <trkpt lat="37.635809" lon="-119.553967">
        <ele>2551.4</ele>
        <time>2024-02-16T23:26:39Z</time>
      </trkpt>
      <trkpt lat="37.635771" lon="-119.553896">
        <ele>2555.4</ele>
        <time>2024-02-16T23:26:47Z</time>
      </trkpt>
      <trkpt lat="37.635733" lon="-119.553927">
        <ele>2552.3</ele>
        <time>2024-02-16T23:26:56Z</time>
      </trkpt>
      <trkpt lat="37.635708" lon="-119.554002">
        <ele>2553.3</ele>
        <time>2024-02-16T23:27:06Z</time>
      </trkpt>
      <trkpt lat="37.635654" lon="-119.554043">
        <ele>2552.5</ele>
        <time>2024-02-16T23:27:16Z</time>
      </trkpt>
      <trkpt lat="37.635548" lon="-119.554088">
        <ele>2551.7</ele>
        <time>2024-02-16T23:27:33Z</time>
      </trkpt>
      <trkpt lat="37.635548" lon="-119.554063">
        <ele>2550.6</ele>
        <time>2024-02-16T23:27:35Z</time>
      </trkpt>
      <trkpt lat="37.635524" lon="-119.554052">
        <ele>2550.2</ele>
        <time>2024-02-16T23:27:42Z</time>
      </trkpt>
      <trkpt lat="37.635503" lon="-119.554065">
        <ele>2550.3</ele>
        <time>2024-02-16T23:27:44Z</time>
      </trkpt>
      <trkpt lat="37.635397" lon="-119.554253">
        <ele>2553.7</ele>
        <time>2024-02-16T23:28:00Z</time>
      </trkpt>
      <trkpt lat="37.635363" lon="-119.554231">
        <ele>2554.2</ele>
        <time>2024-02-16T23:28:07Z</time>
      </trkpt>
      <trkpt lat="37.635346" lon="-119.554254">
        <ele>2554.9</ele>
        <time>2024-02-16T23:28:09Z</time>
      </trkpt>
      <trkpt lat="37.635269" lon="-119.55431">
        <ele>2554.7</ele>
        <time>2024-02-16T23:28:25Z</time>
      </trkpt>
      <trkpt lat="37.635273" lon="-119.554377">
        <ele>2554.6</ele>
        <time>2024-02-16T23:28:31Z</time>
      </trkpt>
      <trkpt lat="37.635323" lon="-119.554501">
        <ele>2557.3</ele>
        <time>2024-02-16T23:28:58Z</time>
      </trkpt>
      <trkpt lat="37.635298" lon="-119.554485">
        <ele>2557.2</ele>
        <time>2024-02-16T23:29:02Z</time>
      </trkpt>
      <trkpt lat="37.635204" lon="-119.554488">
        <ele>2558.0</ele>
        <time>2024-02-16T23:29:19Z</time>
      </trkpt>
      <trkpt lat="37.635158" lon="-119.55453">
        <ele>2557.1</ele>
        <time>2024-02-16T23:29:31Z</time>
      </trkpt>
      <trkpt lat="37.635125" lon="-119.554532">
        <ele>2555.3</ele>
        <time>2024-02-16T23:29:37Z</time>
      </trkpt>
      <trkpt lat="37.635105" lon="-119.554552">
        <ele>2555.0</ele>
        <time>2024-02-16T23:29:40Z</time>
      </trkpt>
      <trkpt lat="37.635082" lon="-119.554647">
        <ele>2554.6</ele>
        <time>2024-02-16T23:29:47Z</time>
      </trkpt>
      <trkpt lat="37.635077" lon="-119.554705">
        <ele>2555.2</ele>
        <time>2024-02-16T23:29:51Z</time>
      </trkpt>
      <trkpt lat="37.635042" lon="-119.554782">
        <ele>2556.9</ele>
        <time>2024-02-16T23:30:03Z</time>
      </trkpt>
      <trkpt lat="37.635013" lon="-119.554783">
        <ele>2554.8</ele>
        <time>2024-02-16T23:30:13Z</time>
      </trkpt>
      <trkpt lat="37.634975" lon="-119.554866">
        <ele>2554.4</ele>
        <time>2024-02-16T23:30:19Z</time>
      </trkpt>
      <trkpt lat="37.634832" lon="-119.555152">
        <ele>2557.5</ele>
        <time>2024-02-16T23:30:48Z</time>
      </trkpt>
      <trkpt lat="37.634763" lon="-119.555249">
        <ele>2562.8</ele>
        <time>2024-02-16T23:31:00Z</time>
      </trkpt>
      <trkpt lat="37.634743" lon="-119.555294">
        <ele>2561.8</ele>
        <time>2024-02-16T23:31:05Z</time>
      </trkpt>
      <trkpt lat="37.634704" lon="-119.555326">
        <ele>2564.1</ele>
        <time>2024-02-16T23:31:13Z</time>
      </trkpt>
      <trkpt lat="37.634645" lon="-119.555414">
        <ele>2567.7</ele>
        <time>2024-02-16T23:31:40Z</time>
      </trkpt>
      <trkpt lat="37.634627" lon="-119.555424">
        <ele>2567.8</ele>
        <time>2024-02-16T23:31:43Z</time>
      </trkpt>
      <trkpt lat="37.634584" lon="-119.555534">
        <ele>2567.9</ele>
        <time>2024-02-16T23:31:55Z</time>
      </trkpt>
      <trkpt lat="37.634492" lon="-119.555677">
        <ele>2569.9</ele>
        <time>2024-02-16T23:32:14Z</time>
      </trkpt>
      <trkpt lat="37.634368" lon="-119.555814">
        <ele>2571.3</ele>
        <time>2024-02-16T23:32:36Z</time>
      </trkpt>
      <trkpt lat="37.634356" lon="-119.555873">
        <ele>2576.2</ele>
        <time>2024-02-16T23:32:41Z</time>
      </trkpt>
      <trkpt lat="37.634308" lon="-119.555868">
        <ele>2575.7</ele>
        <time>2024-02-16T23:32:51Z</time>
      </trkpt>
      <trkpt lat="37.634214" lon="-119.555835">
        <ele>2576.2</ele>
        <time>2024-02-16T23:33:04Z</time>
      </trkpt>
      <trkpt lat="37.634191" lon="-119.555845">
        <ele>2575.6</ele>
        <time>2024-02-16T23:33:07Z</time>
      </trkpt>
      <trkpt lat="37.634155" lon="-119.555812">
        <ele>2576.1</ele>
        <time>2024-02-16T23:33:12Z</time>
      </trkpt>
      <trkpt lat="37.634104" lon="-119.555814">
        <ele>2577.3</ele>
        <time>2024-02-16T23:33:17Z</time>
      </trkpt>
      <trkpt lat="37.634063" lon="-119.555795">
        <ele>2578.1</ele>
        <time>2024-02-16T23:33:22Z</time>
      </trkpt>
      <trkpt lat="37.634026" lon="-119.555812">
        <ele>2578.5</ele>
        <time>2024-02-16T23:33:27Z</time>
      </trkpt>
      <trkpt lat="37.633955" lon="-119.555788">
        <ele>2577.7</ele>
        <time>2024-02-16T23:33:35Z</time>
      </trkpt>
      <trkpt lat="37.633904" lon="-119.555743">
        <ele>2577.7</ele>
        <time>2024-02-16T23:33:39Z</time>
      </trkpt>
      <trkpt lat="37.633881" lon="-119.555748">
        <ele>2577.2</ele>
        <time>2024-02-16T23:33:42Z</time>
      </trkpt>
      <trkpt lat="37.633817" lon="-119.555714">
        <ele>2576.4</ele>
        <time>2024-02-16T23:33:50Z</time>
      </trkpt>
      <trkpt lat="37.633773" lon="-119.555668">
        <ele>2577.0</ele>
        <time>2024-02-16T23:33:55Z</time>
      </trkpt>
      <trkpt lat="37.633676" lon="-119.555626">
        <ele>2577.1</ele>
        <time>2024-02-16T23:34:04Z</time>
      </trkpt>
      <trkpt lat="37.633615" lon="-119.555613">
        <ele>2577.8</ele>
        <time>2024-02-16T23:34:12Z</time>
      </trkpt>
      <trkpt lat="37.633596" lon="-119.555564">
        <ele>2577.0</ele>
        <time>2024-02-16T23:34:16Z</time>
      </trkpt>
      <trkpt lat="37.633601" lon="-119.555518">
        <ele>2577.3</ele>
        <time>2024-02-16T23:34:21Z</time>
      </trkpt>
      <trkpt lat="37.633559" lon="-119.555398">
        <ele>2579.9</ele>
        <time>2024-02-16T23:34:38Z</time>
      </trkpt>
      <trkpt lat="37.633513" lon="-119.555344">
        <ele>2581.3</ele>
        <time>2024-02-16T23:34:44Z</time>
      </trkpt>
      <trkpt lat="37.633483" lon="-119.555324">
        <ele>2580.8</ele>
        <time>2024-02-16T23:34:49Z</time>
      </trkpt>
      <trkpt lat="37.63347" lon="-119.555297">
        <ele>2581.5</ele>
        <time>2024-02-16T23:34:54Z</time>
      </trkpt>
      <trkpt lat="37.633487" lon="-119.555282">
        <ele>2585.8</ele>
        <time>2024-02-16T23:35:34Z</time>
      </trkpt>
      <trkpt lat="37.633453" lon="-119.555155">
        <ele>2585.9</ele>
        <time>2024-02-16T23:35:52Z</time>
      </trkpt>
      <trkpt lat="37.633456" lon="-119.555086">
        <ele>2585.7</ele>
        <time>2024-02-16T23:36:05Z</time>
      </trkpt>
      <trkpt lat="37.633426" lon="-119.554947">
        <ele>2587.8</ele>
        <time>2024-02-16T23:36:21Z</time>
      </trkpt>
      <trkpt lat="37.63341" lon="-119.55491">
        <ele>2588.3</ele>
        <time>2024-02-16T23:36:25Z</time>
      </trkpt>
      <trkpt lat="37.633417" lon="-119.554825">
        <ele>2590.3</ele>
        <time>2024-02-16T23:36:39Z</time>
      </trkpt>
      <trkpt lat="37.633362" lon="-119.554674">
        <ele>2590.4</ele>
        <time>2024-02-16T23:37:11Z</time>
      </trkpt>
      <trkpt lat="37.633316" lon="-119.55441">
        <ele>2593.0</ele>
        <time>2024-02-16T23:38:04Z</time>
      </trkpt>
      <trkpt lat="37.633324" lon="-119.55438">
        <ele>2593.3</ele>
        <time>2024-02-16T23:38:11Z</time>
      </trkpt>
      <trkpt lat="37.633312" lon="-119.554307">
        <ele>2594.3</ele>
        <time>2024-02-16T23:38:22Z</time>
      </trkpt>
      <trkpt lat="37.633309" lon="-119.554238">
        <ele>2594.5</ele>
        <time>2024-02-16T23:38:28Z</time>
      </trkpt>
      <trkpt lat="37.633275" lon="-119.554197">
        <ele>2597.3</ele>
        <time>2024-02-16T23:38:36Z</time>
      </trkpt>
      <trkpt lat="37.633268" lon="-119.554165">
        <ele>2598.7</ele>
        <time>2024-02-16T23:38:40Z</time>
      </trkpt>
      <trkpt lat="37.633279" lon="-119.554139">
        <ele>2599.5</ele>
        <time>2024-02-16T23:38:43Z</time>
      </trkpt>
      <trkpt lat="37.633262" lon="-119.554095">
        <ele>2600.3</ele>
        <time>2024-02-16T23:38:47Z</time>
      </trkpt>
      <trkpt lat="37.633234" lon="-119.553966">
        <ele>2601.2</ele>
        <time>2024-02-16T23:39:52Z</time>
      </trkpt>
      <trkpt lat="37.633188" lon="-119.553892">
        <ele>2601.9</ele>
        <time>2024-02-16T23:40:04Z</time>
      </trkpt>
      <trkpt lat="37.633171" lon="-119.553777">
        <ele>2603.3</ele>
        <time>2024-02-16T23:41:17Z</time>
      </trkpt>
      <trkpt lat="37.63312" lon="-119.553695">
        <ele>2603.4</ele>
        <time>2024-02-16T23:41:24Z</time>
      </trkpt>
      <trkpt lat="37.63312" lon="-119.553624">
        <ele>2604.5</ele>
        <time>2024-02-16T23:41:31Z</time>
      </trkpt>
      <trkpt lat="37.633108" lon="-119.553597">
        <ele>2604.9</ele>
        <time>2024-02-16T23:41:34Z</time>
      </trkpt>
      <trkpt lat="37.633126" lon="-119.553507">
        <ele>2606.3</ele>
        <time>2024-02-16T23:41:45Z</time>
      </trkpt>
      <trkpt lat="37.633106" lon="-119.553473">
        <ele>2607.3</ele>
        <time>2024-02-16T23:41:49Z</time>
      </trkpt>
      <trkpt lat="37.633108" lon="-119.553402">
        <ele>2608.6</ele>
        <time>2024-02-16T23:42:00Z</time>
      </trkpt>
      <trkpt lat="37.633095" lon="-119.553348">
        <ele>2609.0</ele>
        <time>2024-02-16T23:42:07Z</time>
      </trkpt>
      <trkpt lat="37.633101" lon="-119.553289">
        <ele>2610.7</ele>
        <time>2024-02-16T23:42:19Z</time>
      </trkpt>
      <trkpt lat="37.633086" lon="-119.553238">
        <ele>2611.1</ele>
        <time>2024-02-16T23:42:25Z</time>
      </trkpt>
      <trkpt lat="37.633029" lon="-119.553133">
        <ele>2611.7</ele>
        <time>2024-02-16T23:42:40Z</time>
      </trkpt>
      <trkpt lat="37.633011" lon="-119.553042">
        <ele>2612.5</ele>
        <time>2024-02-16T23:42:51Z</time>
      </trkpt>
      <trkpt lat="37.632925" lon="-119.552925">
        <ele>2612.2</ele>
        <time>2024-02-16T23:43:05Z</time>
      </trkpt>
      <trkpt lat="37.632923" lon="-119.552855">
        <ele>2614.0</ele>
        <time>2024-02-16T23:43:13Z</time>
      </trkpt>
      <trkpt lat="37.632904" lon="-119.552783">
        <ele>2614.9</ele>
        <time>2024-02-16T23:43:21Z</time>
      </trkpt>
      <trkpt lat="37.632913" lon="-119.552726">
        <ele>2617.1</ele>
        <time>2024-02-16T23:43:29Z</time>
      </trkpt>
      <trkpt lat="37.632852" lon="-119.552652">
        <ele>2617.1</ele>
        <time>2024-02-16T23:43:40Z</time>
      </trkpt>
      <trkpt lat="37.632863" lon="-119.552513">
        <ele>2619.1</ele>
        <time>2024-02-16T23:44:00Z</time>
      </trkpt>
      <trkpt lat="37.632838" lon="-119.552506">
        <ele>2619.3</ele>
        <time>2024-02-16T23:44:02Z</time>
      </trkpt>
      <trkpt lat="37.632822" lon="-119.552478">
        <ele>2620.0</ele>
        <time>2024-02-16T23:44:07Z</time>
      </trkpt>
      <trkpt lat="37.632829" lon="-119.552438">
        <ele>2621.0</ele>
        <time>2024-02-16T23:44:13Z</time>
      </trkpt>
      <trkpt lat="37.632818" lon="-119.552408">
        <ele>2622.6</ele>
        <time>2024-02-16T23:44:16Z</time>
      </trkpt>
      <trkpt lat="37.632762" lon="-119.552348">
        <ele>2621.1</ele>
        <time>2024-02-16T23:44:26Z</time>
      </trkpt>
      <trkpt lat="37.632729" lon="-119.552289">
        <ele>2622.6</ele>
        <time>2024-02-16T23:44:41Z</time>
      </trkpt>
      <trkpt lat="37.632713" lon="-119.552241">
        <ele>2622.6</ele>
        <time>2024-02-16T23:44:46Z</time>
      </trkpt>
      <trkpt lat="37.63271" lon="-119.552182">
        <ele>2622.7</ele>
        <time>2024-02-16T23:44:54Z</time>
      </trkpt>
      <trkpt lat="37.632686" lon="-119.552175">
        <ele>2623.8</ele>
        <time>2024-02-16T23:45:08Z</time>
      </trkpt>
      <trkpt lat="37.632688" lon="-119.552149">
        <ele>2622.2</ele>
        <time>2024-02-16T23:45:21Z</time>
      </trkpt>
      <trkpt lat="37.63271" lon="-119.552137">
        <ele>2621.3</ele>
        <time>2024-02-16T23:45:27Z</time>
      </trkpt>
      <trkpt lat="37.632704" lon="-119.552087">
        <ele>2623.6</ele>
        <time>2024-02-16T23:45:40Z</time>
      </trkpt>
      <trkpt lat="37.632687" lon="-119.552054">
        <ele>2624.0</ele>
        <time>2024-02-16T23:45:47Z</time>
      </trkpt>
      <trkpt lat="37.632651" lon="-119.551878">
        <ele>2625.4</ele>
        <time>2024-02-16T23:46:09Z</time>
      </trkpt>
      <trkpt lat="37.632652" lon="-119.551789">
        <ele>2626.6</ele>
        <time>2024-02-16T23:46:16Z</time>
      </trkpt>
      <trkpt lat="37.632615" lon="-119.551688">
        <ele>2629.9</ele>
        <time>2024-02-16T23:46:29Z</time>
      </trkpt>
      <trkpt lat="37.632616" lon="-119.551648">
        <ele>2630.1</ele>
        <time>2024-02-16T23:46:36Z</time>
      </trkpt>
      <trkpt lat="37.632591" lon="-119.551552">
        <ele>2631.3</ele>
        <time>2024-02-16T23:46:45Z</time>
      </trkpt>
      <trkpt lat="37.632539" lon="-119.551463">
        <ele>2631.6</ele>
        <time>2024-02-16T23:46:54Z</time>
      </trkpt>
      <trkpt lat="37.632541" lon="-119.551456">
        <ele>2631.8</ele>
        <time>2024-02-16T23:46:55Z</time>
      </trkpt>
      <trkpt lat="37.632502" lon="-119.551341">
        <ele>2632.2</ele>
        <time>2024-02-16T23:47:05Z</time>
      </trkpt>
      <trkpt lat="37.632445" lon="-119.551273">
        <ele>2632.1</ele>
        <time>2024-02-16T23:47:15Z</time>
      </trkpt>
      <trkpt lat="37.632401" lon="-119.551124">
        <ele>2632.7</ele>
        <time>2024-02-16T23:47:26Z</time>
      </trkpt>
      <trkpt lat="37.632352" lon="-119.551058">
        <ele>2632.4</ele>
        <time>2024-02-16T23:47:30Z</time>
      </trkpt>
      <trkpt lat="37.632322" lon="-119.550844">
        <ele>2633.1</ele>
        <time>2024-02-16T23:47:49Z</time>
      </trkpt>
      <trkpt lat="37.632278" lon="-119.550769">
        <ele>2633.4</ele>
        <time>2024-02-16T23:47:55Z</time>
      </trkpt>
      <trkpt lat="37.632197" lon="-119.550697">
        <ele>2632.3</ele>
        <time>2024-02-16T23:48:02Z</time>
      </trkpt>
      <trkpt lat="37.632147" lon="-119.550638">
        <ele>2631.3</ele>
        <time>2024-02-16T23:48:09Z</time>
      </trkpt>
      <trkpt lat="37.632117" lon="-119.550581">
        <ele>2632.3</ele>
        <time>2024-02-16T23:48:13Z</time>
      </trkpt>
      <trkpt lat="37.632001" lon="-119.550487">
        <ele>2631.4</ele>
        <time>2024-02-16T23:48:27Z</time>
      </trkpt>
      <trkpt lat="37.631953" lon="-119.550422">
        <ele>2631.7</ele>
        <time>2024-02-16T23:48:33Z</time>
      </trkpt>
      <trkpt lat="37.631926" lon="-119.550414">
        <ele>2632.2</ele>
        <time>2024-02-16T23:48:37Z</time>
      </trkpt>
      <trkpt lat="37.631893" lon="-119.550359">
        <ele>2632.4</ele>
        <time>2024-02-16T23:48:41Z</time>
      </trkpt>
      <trkpt lat="37.631828" lon="-119.550344">
        <ele>2632.4</ele>
        <time>2024-02-16T23:48:47Z</time>
      </trkpt>
      <trkpt lat="37.63175" lon="-119.550338">
        <ele>2631.8</ele>
        <time>2024-02-16T23:48:55Z</time>
      </trkpt>
      <trkpt lat="37.631704" lon="-119.550323">
        <ele>2630.6</ele>
        <time>2024-02-16T23:48:58Z</time>
      </trkpt>
      <trkpt lat="37.631636" lon="-119.550262">
        <ele>2628.9</ele>
        <time>2024-02-16T23:49:05Z</time>
      </trkpt>
      <trkpt lat="37.631587" lon="-119.550262">
        <ele>2627.2</ele>
        <time>2024-02-16T23:49:10Z</time>
      </trkpt>
      <trkpt lat="37.631523" lon="-119.550238">
        <ele>2624.0</ele>
        <time>2024-02-16T23:49:15Z</time>
      </trkpt>
      <trkpt lat="37.631307" lon="-119.550211">
        <ele>2619.3</ele>
        <time>2024-02-16T23:49:27Z</time>
      </trkpt>
      <trkpt lat="37.631245" lon="-119.550243">
        <ele>2619.3</ele>
        <time>2024-02-16T23:49:31Z</time>
      </trkpt>
      <trkpt lat="37.631227" lon="-119.550227">
        <ele>2619.7</ele>
        <time>2024-02-16T23:49:33Z</time>
      </trkpt>
      <trkpt lat="37.631198" lon="-119.550166">
        <ele>2620.2</ele>
        <time>2024-02-16T23:49:37Z</time>
      </trkpt>
      <trkpt lat="37.631024" lon="-119.549947">
        <ele>2622.4</ele>
        <time>2024-02-16T23:50:00Z</time>
      </trkpt>
      <trkpt lat="37.630963" lon="-119.549944">
        <ele>2621.5</ele>
        <time>2024-02-16T23:50:05Z</time>
      </trkpt>
      <trkpt lat="37.630894" lon="-119.549902">
        <ele>2620.6</ele>
        <time>2024-02-16T23:50:12Z</time>
      </trkpt>
      <trkpt lat="37.630783" lon="-119.549889">
        <ele>2617.2</ele>
        <time>2024-02-16T23:50:22Z</time>
      </trkpt>
      <trkpt lat="37.630757" lon="-119.549895">
        <ele>2616.9</ele>
        <time>2024-02-16T23:50:25Z</time>
      </trkpt>
      <trkpt lat="37.63074" lon="-119.549878">
        <ele>2617.0</ele>
        <time>2024-02-16T23:50:27Z</time>
      </trkpt>
      <trkpt lat="37.630721" lon="-119.549895">
        <ele>2616.9</ele>
        <time>2024-02-16T23:50:32Z</time>
      </trkpt>
      <trkpt lat="37.63069" lon="-119.549886">
        <ele>2616.6</ele>
        <time>2024-02-16T23:50:34Z</time>
      </trkpt>
      <trkpt lat="37.630654" lon="-119.549846">
        <ele>2617.0</ele>
        <time>2024-02-16T23:50:39Z</time>
      </trkpt>
      <trkpt lat="37.630595" lon="-119.549862">
        <ele>2616.5</ele>
        <time>2024-02-16T23:50:44Z</time>
      </trkpt>
      <trkpt lat="37.630566" lon="-119.549822">
        <ele>2618.7</ele>
        <time>2024-02-16T23:50:47Z</time>
      </trkpt>
      <trkpt lat="37.630524" lon="-119.549803">
        <ele>2618.6</ele>
        <time>2024-02-16T23:50:51Z</time>
      </trkpt>
      <trkpt lat="37.630428" lon="-119.549737">
        <ele>2619.6</ele>
        <time>2024-02-16T23:51:00Z</time>
      </trkpt>
      <trkpt lat="37.630324" lon="-119.549719">
        <ele>2620.3</ele>
        <time>2024-02-16T23:51:09Z</time>
      </trkpt>
      <trkpt lat="37.630303" lon="-119.549735">
        <ele>2619.6</ele>
        <time>2024-02-16T23:51:12Z</time>
      </trkpt>
      <trkpt lat="37.630267" lon="-119.549701">
        <ele>2621.2</ele>
        <time>2024-02-16T23:51:16Z</time>
      </trkpt>
      <trkpt lat="37.630195" lon="-119.549672">
        <ele>2623.9</ele>
        <time>2024-02-16T23:51:33Z</time>
      </trkpt>
      <trkpt lat="37.630148" lon="-119.549673">
        <ele>2623.4</ele>
        <time>2024-02-16T23:51:36Z</time>
      </trkpt>
      <trkpt lat="37.630099" lon="-119.549689">
        <ele>2624.0</ele>
        <time>2024-02-16T23:51:41Z</time>
      </trkpt>
      <trkpt lat="37.630063" lon="-119.549719">
        <ele>2624.1</ele>
        <time>2024-02-16T23:51:49Z</time>
      </trkpt>
      <trkpt lat="37.629992" lon="-119.549681">
        <ele>2623.9</ele>
        <time>2024-02-16T23:51:59Z</time>
      </trkpt>
      <trkpt lat="37.629923" lon="-119.549666">
        <ele>2623.6</ele>
        <time>2024-02-16T23:52:04Z</time>
      </trkpt>
      <trkpt lat="37.629862" lon="-119.549639">
        <ele>2622.6</ele>
        <time>2024-02-16T23:52:10Z</time>
      </trkpt>
      <trkpt lat="37.629741" lon="-119.549608">
        <ele>2622.7</ele>
        <time>2024-02-16T23:52:24Z</time>
      </trkpt>
      <trkpt lat="37.629663" lon="-119.549517">
        <ele>2622.7</ele>
        <time>2024-02-16T23:52:35Z</time>
      </trkpt>
      <trkpt lat="37.629547" lon="-119.549451">
        <ele>2624.4</ele>
        <time>2024-02-16T23:52:47Z</time>
      </trkpt>
      <trkpt lat="37.629487" lon="-119.549425">
        <ele>2625.0</ele>
        <time>2024-02-16T23:52:53Z</time>
      </trkpt>
      <trkpt lat="37.629444" lon="-119.549423">
        <ele>2623.5</ele>
        <time>2024-02-16T23:53:00Z</time>
      </trkpt>
      <trkpt lat="37.629347" lon="-119.549387">
        <ele>2625.0</ele>
        <time>2024-02-16T23:53:19Z</time>
      </trkpt>
      <trkpt lat="37.629312" lon="-119.549369">
        <ele>2624.6</ele>
        <time>2024-02-16T23:53:22Z</time>
      </trkpt>
      <trkpt lat="37.629263" lon="-119.549381">
        <ele>2624.4</ele>
        <time>2024-02-16T23:53:25Z</time>
      </trkpt>
      <trkpt lat="37.629196" lon="-119.549344">
        <ele>2622.7</ele>
        <time>2024-02-16T23:53:33Z</time>
      </trkpt>
      <trkpt lat="37.62909" lon="-119.549203">
        <ele>2621.8</ele>
        <time>2024-02-16T23:53:45Z</time>
      </trkpt>
      <trkpt lat="37.62906" lon="-119.549185">
        <ele>2621.0</ele>
        <time>2024-02-16T23:53:50Z</time>
      </trkpt>
      <trkpt lat="37.629022" lon="-119.549183">
        <ele>2620.8</ele>
        <time>2024-02-16T23:53:54Z</time>
      </trkpt>
      <trkpt lat="37.628981" lon="-119.549139">
        <ele>2621.1</ele>
        <time>2024-02-16T23:53:59Z</time>
      </trkpt>
      <trkpt lat="37.628937" lon="-119.549118">
        <ele>2621.1</ele>
        <time>2024-02-16T23:54:03Z</time>
      </trkpt>
      <trkpt lat="37.628894" lon="-119.549074">
        <ele>2622.3</ele>
        <time>2024-02-16T23:54:10Z</time>
      </trkpt>
      <trkpt lat="37.628859" lon="-119.549018">
        <ele>2622.4</ele>
        <time>2024-02-16T23:54:14Z</time>
      </trkpt>
      <trkpt lat="37.628716" lon="-119.548897">
        <ele>2621.5</ele>
        <time>2024-02-16T23:54:21Z</time>
      </trkpt>
      <trkpt lat="37.628667" lon="-119.548905">
        <ele>2622.4</ele>
        <time>2024-02-16T23:54:28Z</time>
      </trkpt>
      <trkpt lat="37.628568" lon="-119.548849">
        <ele>2621.7</ele>
        <time>2024-02-16T23:54:36Z</time>
      </trkpt>
      <trkpt lat="37.628527" lon="-119.548858">
        <ele>2620.8</ele>
        <time>2024-02-16T23:54:40Z</time>
      </trkpt>
      <trkpt lat="37.628506" lon="-119.548838">
        <ele>2620.9</ele>
        <time>2024-02-16T23:54:43Z</time>
      </trkpt>
      <trkpt lat="37.628443" lon="-119.548848">
        <ele>2621.0</ele>
        <time>2024-02-16T23:54:49Z</time>
      </trkpt>
      <trkpt lat="37.628373" lon="-119.548836">
        <ele>2619.6</ele>
        <time>2024-02-16T23:54:54Z</time>
      </trkpt>
      <trkpt lat="37.628221" lon="-119.548791">
        <ele>2618.0</ele>
        <time>2024-02-16T23:55:03Z</time>
      </trkpt>
      <trkpt lat="37.628153" lon="-119.548778">
        <ele>2618.3</ele>
        <time>2024-02-16T23:55:06Z</time>
      </trkpt>
      <trkpt lat="37.628118" lon="-119.548798">
        <ele>2618.5</ele>
        <time>2024-02-16T23:55:09Z</time>
      </trkpt>
      <trkpt lat="37.627996" lon="-119.5488">
        <ele>2618.3</ele>
        <time>2024-02-16T23:55:15Z</time>
      </trkpt>
      <trkpt lat="37.627921" lon="-119.548833">
        <ele>2617.8</ele>
        <time>2024-02-16T23:55:19Z</time>
      </trkpt>
      <trkpt lat="37.627825" lon="-119.548913">
        <ele>2616.1</ele>
        <time>2024-02-16T23:55:24Z</time>
      </trkpt>
      <trkpt lat="37.627813" lon="-119.548912">
        <ele>2616.1</ele>
        <time>2024-02-16T23:55:25Z</time>
      </trkpt>
      <trkpt lat="37.627695" lon="-119.549029">
        <ele>2615.7</ele>
        <time>2024-02-16T23:55:37Z</time>
      </trkpt>
      <trkpt lat="37.627635" lon="-119.549099">
        <ele>2615.8</ele>
        <time>2024-02-16T23:55:41Z</time>
      </trkpt>
      <trkpt lat="37.62759" lon="-119.549124">
        <ele>2614.3</ele>
        <time>2024-02-16T23:55:44Z</time>
      </trkpt>
      <trkpt lat="37.62754" lon="-119.549172">
        <ele>2612.3</ele>
        <time>2024-02-16T23:55:48Z</time>
      </trkpt>
      <trkpt lat="37.627445" lon="-119.549241">
        <ele>2610.0</ele>
        <time>2024-02-16T23:55:52Z</time>
      </trkpt>
      <trkpt lat="37.627328" lon="-119.549278">
        <ele>2608.6</ele>
        <time>2024-02-16T23:55:57Z</time>
      </trkpt>
      <trkpt lat="37.62726" lon="-119.549323">
        <ele>2608.1</ele>
        <time>2024-02-16T23:56:00Z</time>
      </trkpt>
      <trkpt lat="37.627195" lon="-119.549391">
        <ele>2607.0</ele>
        <time>2024-02-16T23:56:05Z</time>
      </trkpt>
      <trkpt lat="37.627125" lon="-119.549403">
        <ele>2605.1</ele>
        <time>2024-02-16T23:56:11Z</time>
      </trkpt>
      <trkpt lat="37.627051" lon="-119.549429">
        <ele>2604.0</ele>
        <time>2024-02-16T23:56:18Z</time>
      </trkpt>
      <trkpt lat="37.627014" lon="-119.549464">
        <ele>2603.5</ele>
        <time>2024-02-16T23:56:22Z</time>
      </trkpt>
      <trkpt lat="37.626949" lon="-119.549475">
        <ele>2602.5</ele>
        <time>2024-02-16T23:56:27Z</time>
      </trkpt>
      <trkpt lat="37.626894" lon="-119.549504">
        <ele>2602.3</ele>
        <time>2024-02-16T23:56:33Z</time>
      </trkpt>
      <trkpt lat="37.626792" lon="-119.549603">
        <ele>2599.9</ele>
        <time>2024-02-16T23:56:39Z</time>
      </trkpt>
      <trkpt lat="37.626753" lon="-119.549674">
        <ele>2600.6</ele>
        <time>2024-02-16T23:56:43Z</time>
      </trkpt>
      <trkpt lat="37.626731" lon="-119.549688">
        <ele>2600.0</ele>
        <time>2024-02-17T00:15:07Z</time>
      </trkpt>
      <trkpt lat="37.626835" lon="-119.550058">
        <ele>2655.7</ele>
        <time>2024-02-17T17:06:39Z</time>
      </trkpt>
      <trkpt lat="37.6266" lon="-119.549708">
        <ele>2626.1</ele>
        <time>2024-02-17T18:18:55Z</time>
      </trkpt>
      <trkpt lat="37.62656" lon="-119.549674">
        <ele>2625.1</ele>
        <time>2024-02-17T18:18:57Z</time>
      </trkpt>
      <trkpt lat="37.626587" lon="-119.549675">
        <ele>2619.0</ele>
        <time>2024-02-17T18:18:59Z</time>
      </trkpt>
      <trkpt lat="37.626615" lon="-119.549721">
        <ele>2614.6</ele>
        <time>2024-02-17T18:19:03Z</time>
      </trkpt>
      <trkpt lat="37.626651" lon="-119.549715">
        <ele>2611.0</ele>
        <time>2024-02-17T18:19:13Z</time>
      </trkpt>
      <trkpt lat="37.626692" lon="-119.549752">
        <ele>2603.5</ele>
        <time>2024-02-17T18:19:49Z</time>
      </trkpt>
      <trkpt lat="37.62676" lon="-119.549746">
        <ele>2602.5</ele>
        <time>2024-02-17T18:20:00Z</time>
      </trkpt>
      <trkpt lat="37.626754" lon="-119.549643">
        <ele>2598.6</ele>
        <time>2024-02-17T18:20:44Z</time>
      </trkpt>
      <trkpt lat="37.626731" lon="-119.549637">
        <ele>2605.1</ele>
        <time>2024-02-17T18:21:00Z</time>
      </trkpt>
      <trkpt lat="37.626714" lon="-119.549663">
        <ele>2608.3</ele>
        <time>2024-02-17T18:21:30Z</time>
      </trkpt>
      <trkpt lat="37.626665" lon="-119.549684">
        <ele>2609.3</ele>
        <time>2024-02-17T18:23:01Z</time>
      </trkpt>
      <trkpt lat="37.626676" lon="-119.549661">
        <ele>2604.7</ele>
        <time>2024-02-17T18:24:02Z</time>
      </trkpt>
      <trkpt lat="37.626666" lon="-119.549608">
        <ele>2606.5</ele>
        <time>2024-02-17T18:24:13Z</time>
      </trkpt>
      <trkpt lat="37.626692" lon="-119.549486">
        <ele>2606.3</ele>
        <time>2024-02-17T18:24:22Z</time>
      </trkpt>
      <trkpt lat="37.626684" lon="-119.549463">
        <ele>2606.2</ele>
        <time>2024-02-17T18:24:24Z</time>
      </trkpt>
      <trkpt lat="37.626685" lon="-119.549377">
        <ele>2606.7</ele>
        <time>2024-02-17T18:24:29Z</time>
      </trkpt>
      <trkpt lat="37.626697" lon="-119.549281">
        <ele>2606.1</ele>
        <time>2024-02-17T18:24:36Z</time>
      </trkpt>
      <trkpt lat="37.626678" lon="-119.549117">
        <ele>2606.6</ele>
        <time>2024-02-17T18:24:47Z</time>
      </trkpt>
      <trkpt lat="37.626658" lon="-119.549074">
        <ele>2607.3</ele>
        <time>2024-02-17T18:24:51Z</time>
      </trkpt>
      <trkpt lat="37.626655" lon="-119.549011">
        <ele>2609.1</ele>
        <time>2024-02-17T18:24:55Z</time>
      </trkpt>
      <trkpt lat="37.626624" lon="-119.548976">
        <ele>2609.0</ele>
        <time>2024-02-17T18:24:58Z</time>
      </trkpt>
      <trkpt lat="37.626579" lon="-119.548899">
        <ele>2609.9</ele>
        <time>2024-02-17T18:25:04Z</time>
      </trkpt>
      <trkpt lat="37.626559" lon="-119.54879">
        <ele>2608.5</ele>
        <time>2024-02-17T18:25:12Z</time>
      </trkpt>
      <trkpt lat="37.626552" lon="-119.548664">
        <ele>2607.9</ele>
        <time>2024-02-17T18:25:19Z</time>
      </trkpt>
      <trkpt lat="37.626537" lon="-119.548589">
        <ele>2608.1</ele>
        <time>2024-02-17T18:25:25Z</time>
      </trkpt>
      <trkpt lat="37.626529" lon="-119.548447">
        <ele>2606.7</ele>
        <time>2024-02-17T18:25:37Z</time>
      </trkpt>
      <trkpt lat="37.626504" lon="-119.548393">
        <ele>2607.4</ele>
        <time>2024-02-17T18:25:41Z</time>
      </trkpt>
      <trkpt lat="37.62645" lon="-119.548331">
        <ele>2607.2</ele>
        <time>2024-02-17T18:25:46Z</time>
      </trkpt>
      <trkpt lat="37.626387" lon="-119.548182">
        <ele>2609.4</ele>
        <time>2024-02-17T18:26:04Z</time>
      </trkpt>
      <trkpt lat="37.626345" lon="-119.548052">
        <ele>2612.9</ele>
        <time>2024-02-17T18:26:19Z</time>
      </trkpt>
      <trkpt lat="37.626294" lon="-119.547996">
        <ele>2612.8</ele>
        <time>2024-02-17T18:26:28Z</time>
      </trkpt>
      <trkpt lat="37.626253" lon="-119.547969">
        <ele>2612.5</ele>
        <time>2024-02-17T18:26:33Z</time>
      </trkpt>
      <trkpt lat="37.626121" lon="-119.547931">
        <ele>2611.3</ele>
        <time>2024-02-17T18:26:41Z</time>
      </trkpt>
      <trkpt lat="37.626027" lon="-119.547881">
        <ele>2611.9</ele>
        <time>2024-02-17T18:26:48Z</time>
      </trkpt>
      <trkpt lat="37.625996" lon="-119.547853">
        <ele>2611.6</ele>
        <time>2024-02-17T18:26:53Z</time>
      </trkpt>
      <trkpt lat="37.625939" lon="-119.547835">
        <ele>2612.0</ele>
        <time>2024-02-17T18:26:57Z</time>
      </trkpt>
      <trkpt lat="37.625873" lon="-119.547764">
        <ele>2615.3</ele>
        <time>2024-02-17T18:27:07Z</time>
      </trkpt>
      <trkpt lat="37.625812" lon="-119.547755">
        <ele>2615.9</ele>
        <time>2024-02-17T18:27:14Z</time>
      </trkpt>
      <trkpt lat="37.625764" lon="-119.547716">
        <ele>2618.1</ele>
        <time>2024-02-17T18:27:25Z</time>
      </trkpt>
      <trkpt lat="37.625721" lon="-119.547714">
        <ele>2618.2</ele>
        <time>2024-02-17T18:27:29Z</time>
      </trkpt>
      <trkpt lat="37.625659" lon="-119.547658">
        <ele>2619.4</ele>
        <time>2024-02-17T18:27:38Z</time>
      </trkpt>
      <trkpt lat="37.625619" lon="-119.547611">
        <ele>2620.4</ele>
        <time>2024-02-17T18:27:48Z</time>
      </trkpt>
      <trkpt lat="37.625555" lon="-119.547592">
        <ele>2621.5</ele>
        <time>2024-02-17T18:27:55Z</time>
      </trkpt>
      <trkpt lat="37.625521" lon="-119.547545">
        <ele>2623.1</ele>
        <time>2024-02-17T18:28:01Z</time>
      </trkpt>
      <trkpt lat="37.625466" lon="-119.547512">
        <ele>2624.5</ele>
        <time>2024-02-17T18:28:07Z</time>
      </trkpt>
      <trkpt lat="37.6254" lon="-119.547502">
        <ele>2626.2</ele>
        <time>2024-02-17T18:28:14Z</time>
      </trkpt>
      <trkpt lat="37.625327" lon="-119.547475">
        <ele>2626.3</ele>
        <time>2024-02-17T18:28:24Z</time>
      </trkpt>
      <trkpt lat="37.625215" lon="-119.547389">
        <ele>2626.4</ele>
        <time>2024-02-17T18:28:35Z</time>
      </trkpt>
      <trkpt lat="37.625182" lon="-119.547352">
        <ele>2625.8</ele>
        <time>2024-02-17T18:28:39Z</time>
      </trkpt>
      <trkpt lat="37.625081" lon="-119.547275">
        <ele>2628.4</ele>
        <time>2024-02-17T18:28:49Z</time>
      </trkpt>
      <trkpt lat="37.625037" lon="-119.547276">
        <ele>2627.8</ele>
        <time>2024-02-17T18:28:52Z</time>
      </trkpt>
      <trkpt lat="37.624898" lon="-119.547257">
        <ele>2628.1</ele>
        <time>2024-02-17T18:29:03Z</time>
      </trkpt>
      <trkpt lat="37.624872" lon="-119.547229">
        <ele>2628.6</ele>
        <time>2024-02-17T18:29:07Z</time>
      </trkpt>
      <trkpt lat="37.624821" lon="-119.547228">
        <ele>2628.2</ele>
        <time>2024-02-17T18:29:12Z</time>
      </trkpt>
      <trkpt lat="37.624776" lon="-119.547215">
        <ele>2629.3</ele>
        <time>2024-02-17T18:29:17Z</time>
      </trkpt>
      <trkpt lat="37.624697" lon="-119.547254">
        <ele>2629.9</ele>
        <time>2024-02-17T18:29:26Z</time>
      </trkpt>
      <trkpt lat="37.624575" lon="-119.547256">
        <ele>2630.5</ele>
        <time>2024-02-17T18:29:44Z</time>
      </trkpt>
      <trkpt lat="37.624547" lon="-119.547204">
        <ele>2631.1</ele>
        <time>2024-02-17T18:29:48Z</time>
      </trkpt>
      <trkpt lat="37.624537" lon="-119.547124">
        <ele>2632.2</ele>
        <time>2024-02-17T18:29:55Z</time>
      </trkpt>
      <trkpt lat="37.624566" lon="-119.546977">
        <ele>2633.3</ele>
        <time>2024-02-17T18:30:11Z</time>
      </trkpt>
      <trkpt lat="37.624595" lon="-119.546733">
        <ele>2637.6</ele>
        <time>2024-02-17T18:30:34Z</time>
      </trkpt>
      <trkpt lat="37.624617" lon="-119.546698">
        <ele>2637.9</ele>
        <time>2024-02-17T18:30:37Z</time>
      </trkpt>
      <trkpt lat="37.62463" lon="-119.546616">
        <ele>2637.9</ele>
        <time>2024-02-17T18:30:44Z</time>
      </trkpt>
      <trkpt lat="37.624661" lon="-119.546555">
        <ele>2637.9</ele>
        <time>2024-02-17T18:30:48Z</time>
      </trkpt>
      <trkpt lat="37.624667" lon="-119.546515">
        <ele>2637.7</ele>
        <time>2024-02-17T18:30:50Z</time>
      </trkpt>
      <trkpt lat="37.624669" lon="-119.546392">
        <ele>2638.9</ele>
        <time>2024-02-17T18:31:03Z</time>
      </trkpt>
      <trkpt lat="37.624653" lon="-119.546374">
        <ele>2639.1</ele>
        <time>2024-02-17T18:31:05Z</time>
      </trkpt>
      <trkpt lat="37.624644" lon="-119.5463">
        <ele>2640.3</ele>
        <time>2024-02-17T18:31:12Z</time>
      </trkpt>
      <trkpt lat="37.624615" lon="-119.546193">
        <ele>2642.0</ele>
        <time>2024-02-17T18:31:21Z</time>
      </trkpt>
      <trkpt lat="37.624616" lon="-119.546123">
        <ele>2642.0</ele>
        <time>2024-02-17T18:31:27Z</time>
      </trkpt>
      <trkpt lat="37.624562" lon="-119.545964">
        <ele>2644.3</ele>
        <time>2024-02-17T18:31:44Z</time>
      </trkpt>
      <trkpt lat="37.624502" lon="-119.545883">
        <ele>2645.0</ele>
        <time>2024-02-17T18:31:54Z</time>
      </trkpt>
      <trkpt lat="37.624489" lon="-119.545876">
        <ele>2645.1</ele>
        <time>2024-02-17T18:31:55Z</time>
      </trkpt>
      <trkpt lat="37.624449" lon="-119.545806">
        <ele>2646.8</ele>
        <time>2024-02-17T18:32:05Z</time>
      </trkpt>
      <trkpt lat="37.624434" lon="-119.545719">
        <ele>2648.2</ele>
        <time>2024-02-17T18:32:14Z</time>
      </trkpt>
      <trkpt lat="37.624411" lon="-119.545698">
        <ele>2648.9</ele>
        <time>2024-02-17T18:32:19Z</time>
      </trkpt>
      <trkpt lat="37.624373" lon="-119.545685">
        <ele>2649.5</ele>
        <time>2024-02-17T18:32:24Z</time>
      </trkpt>
      <trkpt lat="37.624346" lon="-119.545645">
        <ele>2650.9</ele>
        <time>2024-02-17T18:32:28Z</time>
      </trkpt>
      <trkpt lat="37.624297" lon="-119.545602">
        <ele>2651.3</ele>
        <time>2024-02-17T18:32:35Z</time>
      </trkpt>
      <trkpt lat="37.624283" lon="-119.545568">
        <ele>2651.4</ele>
        <time>2024-02-17T18:32:40Z</time>
      </trkpt>
      <trkpt lat="37.624218" lon="-119.545508">
        <ele>2652.0</ele>
        <time>2024-02-17T18:32:50Z</time>
      </trkpt>
      <trkpt lat="37.624157" lon="-119.545402">
        <ele>2651.5</ele>
        <time>2024-02-17T18:32:59Z</time>
      </trkpt>
      <trkpt lat="37.62414" lon="-119.545343">
        <ele>2651.2</ele>
        <time>2024-02-17T18:33:04Z</time>
      </trkpt>
      <trkpt lat="37.624142" lon="-119.545295">
        <ele>2651.2</ele>
        <time>2024-02-17T18:33:08Z</time>
      </trkpt>
      <trkpt lat="37.624126" lon="-119.545201">
        <ele>2651.9</ele>
        <time>2024-02-17T18:33:14Z</time>
      </trkpt>
      <trkpt lat="37.624117" lon="-119.545058">
        <ele>2653.5</ele>
        <time>2024-02-17T18:33:24Z</time>
      </trkpt>
      <trkpt lat="37.624156" lon="-119.544973">
        <ele>2655.5</ele>
        <time>2024-02-17T18:33:34Z</time>
      </trkpt>
      <trkpt lat="37.624139" lon="-119.54491">
        <ele>2657.6</ele>
        <time>2024-02-17T18:34:09Z</time>
      </trkpt>
      <trkpt lat="37.624137" lon="-119.544826">
        <ele>2657.1</ele>
        <time>2024-02-17T18:34:16Z</time>
      </trkpt>
      <trkpt lat="37.624116" lon="-119.54477">
        <ele>2657.9</ele>
        <time>2024-02-17T18:34:20Z</time>
      </trkpt>
      <trkpt lat="37.624112" lon="-119.544685">
        <ele>2658.3</ele>
        <time>2024-02-17T18:34:27Z</time>
      </trkpt>
      <trkpt lat="37.624097" lon="-119.544661">
        <ele>2658.4</ele>
        <time>2024-02-17T18:34:29Z</time>
      </trkpt>
      <trkpt lat="37.624011" lon="-119.544624">
        <ele>2658.1</ele>
        <time>2024-02-17T18:34:36Z</time>
      </trkpt>
      <trkpt lat="37.623962" lon="-119.544583">
        <ele>2659.0</ele>
        <time>2024-02-17T18:34:43Z</time>
      </trkpt>
      <trkpt lat="37.623927" lon="-119.544578">
        <ele>2658.8</ele>
        <time>2024-02-17T18:34:47Z</time>
      </trkpt>
      <trkpt lat="37.623884" lon="-119.544557">
        <ele>2658.7</ele>
        <time>2024-02-17T18:34:51Z</time>
      </trkpt>
      <trkpt lat="37.623848" lon="-119.544465">
        <ele>2658.7</ele>
        <time>2024-02-17T18:34:57Z</time>
      </trkpt>
      <trkpt lat="37.623775" lon="-119.544441">
        <ele>2657.0</ele>
        <time>2024-02-17T18:35:05Z</time>
      </trkpt>
      <trkpt lat="37.623681" lon="-119.544448">
        <ele>2657.6</ele>
        <time>2024-02-17T18:35:10Z</time>
      </trkpt>
      <trkpt lat="37.623563" lon="-119.544393">
        <ele>2656.1</ele>
        <time>2024-02-17T18:35:23Z</time>
      </trkpt>
      <trkpt lat="37.623525" lon="-119.544413">
        <ele>2655.9</ele>
        <time>2024-02-17T18:35:27Z</time>
      </trkpt>
      <trkpt lat="37.623418" lon="-119.544407">
        <ele>2655.9</ele>
        <time>2024-02-17T18:35:36Z</time>
      </trkpt>
      <trkpt lat="37.623308" lon="-119.544337">
        <ele>2656.3</ele>
        <time>2024-02-17T18:35:45Z</time>
      </trkpt>
      <trkpt lat="37.62325" lon="-119.544337">
        <ele>2656.5</ele>
        <time>2024-02-17T18:35:49Z</time>
      </trkpt>
      <trkpt lat="37.623073" lon="-119.544268">
        <ele>2655.4</ele>
        <time>2024-02-17T18:36:03Z</time>
      </trkpt>
      <trkpt lat="37.622991" lon="-119.544253">
        <ele>2657.8</ele>
        <time>2024-02-17T18:36:10Z</time>
      </trkpt>
      <trkpt lat="37.622975" lon="-119.544259">
        <ele>2657.7</ele>
        <time>2024-02-17T18:36:11Z</time>
      </trkpt>
      <trkpt lat="37.622853" lon="-119.544244">
        <ele>2660.1</ele>
        <time>2024-02-17T18:36:22Z</time>
      </trkpt>
      <trkpt lat="37.622779" lon="-119.544276">
        <ele>2659.7</ele>
        <time>2024-02-17T18:36:26Z</time>
      </trkpt>
      <trkpt lat="37.622762" lon="-119.544276">
        <ele>2659.8</ele>
        <time>2024-02-17T18:36:27Z</time>
      </trkpt>
      <trkpt lat="37.622713" lon="-119.54422">
        <ele>2661.0</ele>
        <time>2024-02-17T18:36:38Z</time>
      </trkpt>
      <trkpt lat="37.622671" lon="-119.544219">
        <ele>2660.8</ele>
        <time>2024-02-17T18:36:40Z</time>
      </trkpt>
      <trkpt lat="37.622619" lon="-119.544257">
        <ele>2660.9</ele>
        <time>2024-02-17T18:36:48Z</time>
      </trkpt>
      <trkpt lat="37.622588" lon="-119.544252">
        <ele>2661.1</ele>
        <time>2024-02-17T18:36:51Z</time>
      </trkpt>
      <trkpt lat="37.622467" lon="-119.544164">
        <ele>2661.4</ele>
        <time>2024-02-17T18:37:04Z</time>
      </trkpt>
      <trkpt lat="37.622395" lon="-119.544155">
        <ele>2662.3</ele>
        <time>2024-02-17T18:37:21Z</time>
      </trkpt>
      <trkpt lat="37.622333" lon="-119.544187">
        <ele>2662.7</ele>
        <time>2024-02-17T18:37:27Z</time>
      </trkpt>
      <trkpt lat="37.622298" lon="-119.544177">
        <ele>2662.5</ele>
        <time>2024-02-17T18:37:35Z</time>
      </trkpt>
      <trkpt lat="37.622274" lon="-119.54415">
        <ele>2662.1</ele>
        <time>2024-02-17T18:37:41Z</time>
      </trkpt>
      <trkpt lat="37.622248" lon="-119.544148">
        <ele>2661.3</ele>
        <time>2024-02-17T18:37:45Z</time>
      </trkpt>
      <trkpt lat="37.622112" lon="-119.544093">
        <ele>2663.2</ele>
        <time>2024-02-17T18:38:01Z</time>
      </trkpt>
      <trkpt lat="37.622062" lon="-119.544068">
        <ele>2664.8</ele>
        <time>2024-02-17T18:38:10Z</time>
      </trkpt>
      <trkpt lat="37.622024" lon="-119.544076">
        <ele>2665.0</ele>
        <time>2024-02-17T18:38:14Z</time>
      </trkpt>
      <trkpt lat="37.621934" lon="-119.544068">
        <ele>2666.7</ele>
        <time>2024-02-17T18:38:23Z</time>
      </trkpt>
      <trkpt lat="37.621879" lon="-119.544053">
        <ele>2667.2</ele>
        <time>2024-02-17T18:38:31Z</time>
      </trkpt>
      <trkpt lat="37.621819" lon="-119.544015">
        <ele>2665.6</ele>
        <time>2024-02-17T18:38:40Z</time>
      </trkpt>
      <trkpt lat="37.621799" lon="-119.543993">
        <ele>2666.6</ele>
        <time>2024-02-17T18:39:03Z</time>
      </trkpt>
      <trkpt lat="37.6218" lon="-119.543963">
        <ele>2671.1</ele>
        <time>2024-02-17T18:39:47Z</time>
      </trkpt>
      <trkpt lat="37.621773" lon="-119.543918">
        <ele>2670.6</ele>
        <time>2024-02-17T18:39:52Z</time>
      </trkpt>
      <trkpt lat="37.621748" lon="-119.543906">
        <ele>2670.1</ele>
        <time>2024-02-17T18:39:55Z</time>
      </trkpt>
      <trkpt lat="37.621734" lon="-119.543863">
        <ele>2669.9</ele>
        <time>2024-02-17T18:40:00Z</time>
      </trkpt>
      <trkpt lat="37.621688" lon="-119.543821">
        <ele>2670.2</ele>
        <time>2024-02-17T18:40:03Z</time>
      </trkpt>
      <trkpt lat="37.621647" lon="-119.543741">
        <ele>2669.4</ele>
        <time>2024-02-17T18:40:18Z</time>
      </trkpt>
      <trkpt lat="37.621638" lon="-119.543619">
        <ele>2670.9</ele>
        <time>2024-02-17T18:40:24Z</time>
      </trkpt>
      <trkpt lat="37.621627" lon="-119.543559">
        <ele>2670.9</ele>
        <time>2024-02-17T18:40:27Z</time>
      </trkpt>
      <trkpt lat="37.621649" lon="-119.5435">
        <ele>2671.3</ele>
        <time>2024-02-17T18:40:49Z</time>
      </trkpt>
      <trkpt lat="37.621643" lon="-119.543471">
        <ele>2671.7</ele>
        <time>2024-02-17T18:40:51Z</time>
      </trkpt>
      <trkpt lat="37.621588" lon="-119.543439">
        <ele>2673.0</ele>
        <time>2024-02-17T18:41:00Z</time>
      </trkpt>
      <trkpt lat="37.621578" lon="-119.543383">
        <ele>2674.5</ele>
        <time>2024-02-17T18:41:08Z</time>
      </trkpt>
      <trkpt lat="37.621556" lon="-119.54338">
        <ele>2674.6</ele>
        <time>2024-02-17T18:41:10Z</time>
      </trkpt>
      <trkpt lat="37.6215" lon="-119.543331">
        <ele>2676.6</ele>
        <time>2024-02-17T18:41:18Z</time>
      </trkpt>
      <trkpt lat="37.621468" lon="-119.543331">
        <ele>2677.0</ele>
        <time>2024-02-17T18:41:22Z</time>
      </trkpt>
      <trkpt lat="37.621424" lon="-119.543363">
        <ele>2676.2</ele>
        <time>2024-02-17T18:41:27Z</time>
      </trkpt>
      <trkpt lat="37.62141" lon="-119.543181">
        <ele>2676.4</ele>
        <time>2024-02-17T18:41:48Z</time>
      </trkpt>
      <trkpt lat="37.621368" lon="-119.543113">
        <ele>2678.5</ele>
        <time>2024-02-17T18:41:54Z</time>
      </trkpt>
      <trkpt lat="37.621336" lon="-119.543009">
        <ele>2681.0</ele>
        <time>2024-02-17T18:42:04Z</time>
      </trkpt>
      <trkpt lat="37.621294" lon="-119.542932">
        <ele>2682.9</ele>
        <time>2024-02-17T18:42:10Z</time>
      </trkpt>
      <trkpt lat="37.621281" lon="-119.54284">
        <ele>2685.9</ele>
        <time>2024-02-17T18:42:23Z</time>
      </trkpt>
      <trkpt lat="37.621248" lon="-119.542763">
        <ele>2687.9</ele>
        <time>2024-02-17T18:42:31Z</time>
      </trkpt>
      <trkpt lat="37.621207" lon="-119.542704">
        <ele>2688.9</ele>
        <time>2024-02-17T18:42:40Z</time>
      </trkpt>
      <trkpt lat="37.621195" lon="-119.542644">
        <ele>2688.8</ele>
        <time>2024-02-17T18:42:48Z</time>
      </trkpt>
      <trkpt lat="37.621118" lon="-119.542578">
        <ele>2690.3</ele>
        <time>2024-02-17T18:42:58Z</time>
      </trkpt>
      <trkpt lat="37.621075" lon="-119.542523">
        <ele>2691.6</ele>
        <time>2024-02-17T18:43:04Z</time>
      </trkpt>
      <trkpt lat="37.621074" lon="-119.542494">
        <ele>2692.8</ele>
        <time>2024-02-17T18:43:09Z</time>
      </trkpt>
      <trkpt lat="37.621106" lon="-119.542413">
        <ele>2694.0</ele>
        <time>2024-02-17T18:43:18Z</time>
      </trkpt>
      <trkpt lat="37.621104" lon="-119.542372">
        <ele>2694.3</ele>
        <time>2024-02-17T18:43:22Z</time>
      </trkpt>
      <trkpt lat="37.621083" lon="-119.54235">
        <ele>2694.5</ele>
        <time>2024-02-17T18:43:26Z</time>
      </trkpt>
      <trkpt lat="37.621045" lon="-119.54227">
        <ele>2696.1</ele>
        <time>2024-02-17T18:43:36Z</time>
      </trkpt>
      <trkpt lat="37.621018" lon="-119.542241">
        <ele>2697.0</ele>
        <time>2024-02-17T18:43:40Z</time>
      </trkpt>
      <trkpt lat="37.621013" lon="-119.542194">
        <ele>2697.7</ele>
        <time>2024-02-17T18:43:44Z</time>
      </trkpt>
      <trkpt lat="37.620961" lon="-119.542014">
        <ele>2695.8</ele>
        <time>2024-02-17T18:44:01Z</time>
      </trkpt>
      <trkpt lat="37.620969" lon="-119.541968">
        <ele>2696.3</ele>
        <time>2024-02-17T18:44:06Z</time>
      </trkpt>
      <trkpt lat="37.620963" lon="-119.541884">
        <ele>2697.4</ele>
        <time>2024-02-17T18:44:17Z</time>
      </trkpt>
      <trkpt lat="37.620953" lon="-119.541858">
        <ele>2698.0</ele>
        <time>2024-02-17T18:44:21Z</time>
      </trkpt>
      <trkpt lat="37.620965" lon="-119.54169">
        <ele>2702.3</ele>
        <time>2024-02-17T18:44:41Z</time>
      </trkpt>
      <trkpt lat="37.620975" lon="-119.541666">
        <ele>2703.1</ele>
        <time>2024-02-17T18:44:43Z</time>
      </trkpt>
      <trkpt lat="37.620953" lon="-119.541522">
        <ele>2705.1</ele>
        <time>2024-02-17T18:44:58Z</time>
      </trkpt>
      <trkpt lat="37.62093" lon="-119.541439">
        <ele>2706.8</ele>
        <time>2024-02-17T18:45:06Z</time>
      </trkpt>
      <trkpt lat="37.620897" lon="-119.541379">
        <ele>2706.7</ele>
        <time>2024-02-17T18:45:14Z</time>
      </trkpt>
      <trkpt lat="37.620838" lon="-119.541314">
        <ele>2706.8</ele>
        <time>2024-02-17T18:45:24Z</time>
      </trkpt>
      <trkpt lat="37.620774" lon="-119.541189">
        <ele>2709.4</ele>
        <time>2024-02-17T18:45:41Z</time>
      </trkpt>
      <trkpt lat="37.620747" lon="-119.541086">
        <ele>2711.5</ele>
        <time>2024-02-17T18:45:52Z</time>
      </trkpt>
      <trkpt lat="37.620709" lon="-119.541018">
        <ele>2713.2</ele>
        <time>2024-02-17T18:46:01Z</time>
      </trkpt>
      <trkpt lat="37.620679" lon="-119.540987">
        <ele>2714.2</ele>
        <time>2024-02-17T18:46:06Z</time>
      </trkpt>
      <trkpt lat="37.620647" lon="-119.54093">
        <ele>2714.5</ele>
        <time>2024-02-17T18:46:12Z</time>
      </trkpt>
      <trkpt lat="37.620641" lon="-119.540871">
        <ele>2715.2</ele>
        <time>2024-02-17T18:46:21Z</time>
      </trkpt>
      <trkpt lat="37.620652" lon="-119.540842">
        <ele>2716.2</ele>
        <time>2024-02-17T18:46:24Z</time>
      </trkpt>
      <trkpt lat="37.62063" lon="-119.540777">
        <ele>2716.9</ele>
        <time>2024-02-17T18:46:29Z</time>
      </trkpt>
      <trkpt lat="37.620647" lon="-119.540701">
        <ele>2718.4</ele>
        <time>2024-02-17T18:46:38Z</time>
      </trkpt>
      <trkpt lat="37.620684" lon="-119.54066">
        <ele>2718.5</ele>
        <time>2024-02-17T18:46:42Z</time>
      </trkpt>
      <trkpt lat="37.620706" lon="-119.540586">
        <ele>2719.3</ele>
        <time>2024-02-17T18:46:52Z</time>
      </trkpt>
      <trkpt lat="37.62069" lon="-119.540518">
        <ele>2720.2</ele>
        <time>2024-02-17T18:47:00Z</time>
      </trkpt>
      <trkpt lat="37.6207" lon="-119.540463">
        <ele>2721.7</ele>
        <time>2024-02-17T18:47:06Z</time>
      </trkpt>
      <trkpt lat="37.62069" lon="-119.540372">
        <ele>2723.8</ele>
        <time>2024-02-17T18:47:18Z</time>
      </trkpt>
      <trkpt lat="37.620664" lon="-119.540374">
        <ele>2723.4</ele>
        <time>2024-02-17T18:47:20Z</time>
      </trkpt>
      <trkpt lat="37.620515" lon="-119.54046">
        <ele>2724.8</ele>
        <time>2024-02-17T18:48:00Z</time>
      </trkpt>
      <trkpt lat="37.62049" lon="-119.540458">
        <ele>2724.9</ele>
        <time>2024-02-17T18:48:04Z</time>
      </trkpt>
      <trkpt lat="37.620458" lon="-119.540482">
        <ele>2724.7</ele>
        <time>2024-02-17T18:48:09Z</time>
      </trkpt>
      <trkpt lat="37.620428" lon="-119.540526">
        <ele>2725.8</ele>
        <time>2024-02-17T18:48:15Z</time>
      </trkpt>
      <trkpt lat="37.620365" lon="-119.540546">
        <ele>2728.1</ele>
        <time>2024-02-17T18:48:26Z</time>
      </trkpt>
      <trkpt lat="37.620312" lon="-119.540572">
        <ele>2728.6</ele>
        <time>2024-02-17T18:48:37Z</time>
      </trkpt>
      <trkpt lat="37.620287" lon="-119.540563">
        <ele>2728.9</ele>
        <time>2024-02-17T18:48:41Z</time>
      </trkpt>
      <trkpt lat="37.620274" lon="-119.540535">
        <ele>2729.4</ele>
        <time>2024-02-17T18:48:44Z</time>
      </trkpt>
      <trkpt lat="37.620271" lon="-119.540474">
        <ele>2729.9</ele>
        <time>2024-02-17T18:48:50Z</time>
      </trkpt>
      <trkpt lat="37.620255" lon="-119.540436">
        <ele>2730.5</ele>
        <time>2024-02-17T18:48:55Z</time>
      </trkpt>
      <trkpt lat="37.620246" lon="-119.540352">
        <ele>2731.3</ele>
        <time>2024-02-17T18:49:04Z</time>
      </trkpt>
      <trkpt lat="37.620266" lon="-119.540301">
        <ele>2733.4</ele>
        <time>2024-02-17T18:49:13Z</time>
      </trkpt>
      <trkpt lat="37.620259" lon="-119.54023">
        <ele>2735.1</ele>
        <time>2024-02-17T18:49:20Z</time>
      </trkpt>
      <trkpt lat="37.620279" lon="-119.540108">
        <ele>2735.7</ele>
        <time>2024-02-17T18:49:30Z</time>
      </trkpt>
      <trkpt lat="37.620264" lon="-119.540081">
        <ele>2735.0</ele>
        <time>2024-02-17T18:49:35Z</time>
      </trkpt>
      <trkpt lat="37.620258" lon="-119.540015">
        <ele>2735.8</ele>
        <time>2024-02-17T18:49:42Z</time>
      </trkpt>
      <trkpt lat="37.620217" lon="-119.53993">
        <ele>2737.2</ele>
        <time>2024-02-17T18:49:53Z</time>
      </trkpt>
      <trkpt lat="37.620202" lon="-119.539807">
        <ele>2736.8</ele>
        <time>2024-02-17T18:50:07Z</time>
      </trkpt>
      <trkpt lat="37.620196" lon="-119.539704">
        <ele>2736.7</ele>
        <time>2024-02-17T18:50:17Z</time>
      </trkpt>
      <trkpt lat="37.620179" lon="-119.539658">
        <ele>2736.6</ele>
        <time>2024-02-17T18:50:22Z</time>
      </trkpt>
      <trkpt lat="37.620186" lon="-119.539594">
        <ele>2737.9</ele>
        <time>2024-02-17T18:50:29Z</time>
      </trkpt>
      <trkpt lat="37.620179" lon="-119.53957">
        <ele>2737.9</ele>
        <time>2024-02-17T18:50:31Z</time>
      </trkpt>
      <trkpt lat="37.62022" lon="-119.539557">
        <ele>2741.1</ele>
        <time>2024-02-17T18:50:49Z</time>
      </trkpt>
      <trkpt lat="37.620256" lon="-119.539518">
        <ele>2741.7</ele>
        <time>2024-02-17T18:50:56Z</time>
      </trkpt>
      <trkpt lat="37.620258" lon="-119.539455">
        <ele>2741.6</ele>
        <time>2024-02-17T18:51:05Z</time>
      </trkpt>
      <trkpt lat="37.620235" lon="-119.539424">
        <ele>2742.1</ele>
        <time>2024-02-17T18:51:11Z</time>
      </trkpt>
      <trkpt lat="37.620173" lon="-119.539278">
        <ele>2743.2</ele>
        <time>2024-02-17T18:51:24Z</time>
      </trkpt>
      <trkpt lat="37.620136" lon="-119.539271">
        <ele>2743.8</ele>
        <time>2024-02-17T18:51:31Z</time>
      </trkpt>
      <trkpt lat="37.620052" lon="-119.539185">
        <ele>2743.0</ele>
        <time>2024-02-17T18:51:44Z</time>
      </trkpt>
      <trkpt lat="37.619984" lon="-119.539149">
        <ele>2743.5</ele>
        <time>2024-02-17T18:51:52Z</time>
      </trkpt>
      <trkpt lat="37.619948" lon="-119.53911">
        <ele>2742.7</ele>
        <time>2024-02-17T18:51:57Z</time>
      </trkpt>
      <trkpt lat="37.619931" lon="-119.539062">
        <ele>2743.5</ele>
        <time>2024-02-17T18:52:02Z</time>
      </trkpt>
      <trkpt lat="37.619894" lon="-119.539029">
        <ele>2745.0</ele>
        <time>2024-02-17T18:52:08Z</time>
      </trkpt>
      <trkpt lat="37.619864" lon="-119.538961">
        <ele>2745.7</ele>
        <time>2024-02-17T18:52:19Z</time>
      </trkpt>
      <trkpt lat="37.61976" lon="-119.538872">
        <ele>2745.9</ele>
        <time>2024-02-17T18:52:33Z</time>
      </trkpt>
      <trkpt lat="37.619676" lon="-119.538777">
        <ele>2746.1</ele>
        <time>2024-02-17T18:52:48Z</time>
      </trkpt>
      <trkpt lat="37.619697" lon="-119.538723">
        <ele>2745.8</ele>
        <time>2024-02-17T18:52:56Z</time>
      </trkpt>
      <trkpt lat="37.619763" lon="-119.53868">
        <ele>2748.2</ele>
        <time>2024-02-17T18:53:05Z</time>
      </trkpt>
      <trkpt lat="37.619777" lon="-119.538652">
        <ele>2748.8</ele>
        <time>2024-02-17T18:53:08Z</time>
      </trkpt>
      <trkpt lat="37.61979" lon="-119.538554">
        <ele>2751.5</ele>
        <time>2024-02-17T18:53:26Z</time>
      </trkpt>
      <trkpt lat="37.619807" lon="-119.538539">
        <ele>2752.1</ele>
        <time>2024-02-17T18:53:29Z</time>
      </trkpt>
      <trkpt lat="37.619822" lon="-119.538462">
        <ele>2753.1</ele>
        <time>2024-02-17T18:53:38Z</time>
      </trkpt>
      <trkpt lat="37.619851" lon="-119.53842">
        <ele>2754.4</ele>
        <time>2024-02-17T18:53:45Z</time>
      </trkpt>
      <trkpt lat="37.619861" lon="-119.538327">
        <ele>2756.3</ele>
        <time>2024-02-17T18:54:06Z</time>
      </trkpt>
      <trkpt lat="37.619839" lon="-119.538292">
        <ele>2756.4</ele>
        <time>2024-02-17T18:54:11Z</time>
      </trkpt>
      <trkpt lat="37.619834" lon="-119.538197">
        <ele>2756.4</ele>
        <time>2024-02-17T18:54:23Z</time>
      </trkpt>
      <trkpt lat="37.619848" lon="-119.538078">
        <ele>2758.8</ele>
        <time>2024-02-17T18:54:40Z</time>
      </trkpt>
      <trkpt lat="37.619877" lon="-119.537976">
        <ele>2759.2</ele>
        <time>2024-02-17T18:54:54Z</time>
      </trkpt>
      <trkpt lat="37.619891" lon="-119.537957">
        <ele>2760.7</ele>
        <time>2024-02-17T18:54:57Z</time>
      </trkpt>
      <trkpt lat="37.619883" lon="-119.537897">
        <ele>2762.1</ele>
        <time>2024-02-17T18:55:06Z</time>
      </trkpt>
      <trkpt lat="37.619935" lon="-119.537709">
        <ele>2767.1</ele>
        <time>2024-02-17T18:55:31Z</time>
      </trkpt>
      <trkpt lat="37.619928" lon="-119.537463">
        <ele>2769.9</ele>
        <time>2024-02-17T18:56:11Z</time>
      </trkpt>
      <trkpt lat="37.61994" lon="-119.537423">
        <ele>2771.3</ele>
        <time>2024-02-17T18:56:16Z</time>
      </trkpt>
      <trkpt lat="37.619981" lon="-119.537212">
        <ele>2773.9</ele>
        <time>2024-02-17T18:56:42Z</time>
      </trkpt>
      <trkpt lat="37.619979" lon="-119.537169">
        <ele>2774.2</ele>
        <time>2024-02-17T18:56:48Z</time>
      </trkpt>
      <trkpt lat="37.620017" lon="-119.53705">
        <ele>2776.4</ele>
        <time>2024-02-17T18:57:04Z</time>
      </trkpt>
      <trkpt lat="37.62001" lon="-119.537015">
        <ele>2776.9</ele>
        <time>2024-02-17T18:57:12Z</time>
      </trkpt>
      <trkpt lat="37.62003" lon="-119.536902">
        <ele>2777.3</ele>
        <time>2024-02-17T18:57:35Z</time>
      </trkpt>
      <trkpt lat="37.620073" lon="-119.536823">
        <ele>2778.4</ele>
        <time>2024-02-17T18:57:44Z</time>
      </trkpt>
      <trkpt lat="37.620143" lon="-119.536727">
        <ele>2780.7</ele>
        <time>2024-02-17T18:58:10Z</time>
      </trkpt>
      <trkpt lat="37.620181" lon="-119.536642">
        <ele>2782.1</ele>
        <time>2024-02-17T18:58:24Z</time>
      </trkpt>
      <trkpt lat="37.620232" lon="-119.536599">
        <ele>2784.3</ele>
        <time>2024-02-17T18:58:35Z</time>
      </trkpt>
      <trkpt lat="37.620244" lon="-119.536514">
        <ele>2785.0</ele>
        <time>2024-02-17T18:59:05Z</time>
      </trkpt>
      <trkpt lat="37.620265" lon="-119.536454">
        <ele>2784.9</ele>
        <time>2024-02-17T18:59:10Z</time>
      </trkpt>
      <trkpt lat="37.620294" lon="-119.536429">
        <ele>2788.2</ele>
        <time>2024-02-17T19:01:08Z</time>
      </trkpt>
      <trkpt lat="37.620296" lon="-119.536411">
        <ele>2785.9</ele>
        <time>2024-02-17T19:11:14Z</time>
      </trkpt>
      <trkpt lat="37.618321" lon="-119.536732">
        <ele>2841.2</ele>
        <time>2024-02-17T19:11:18Z</time>
      </trkpt>
      <trkpt lat="37.618295" lon="-119.53676">
        <ele>2839.3</ele>
        <time>2024-02-17T19:11:19Z</time>
      </trkpt>
      <trkpt lat="37.618249" lon="-119.536769">
        <ele>2832.8</ele>
        <time>2024-02-17T19:11:34Z</time>
      </trkpt>
      <trkpt lat="37.618214" lon="-119.536754">
        <ele>2833.5</ele>
        <time>2024-02-17T19:11:39Z</time>
      </trkpt>
      <trkpt lat="37.618085" lon="-119.53674">
        <ele>2833.9</ele>
        <time>2024-02-17T19:12:07Z</time>
      </trkpt>
      <trkpt lat="37.61806" lon="-119.536752">
        <ele>2833.9</ele>
        <time>2024-02-17T19:12:15Z</time>
      </trkpt>
      <trkpt lat="37.618023" lon="-119.53675">
        <ele>2834.4</ele>
        <time>2024-02-17T19:12:20Z</time>
      </trkpt>
      <trkpt lat="37.618018" lon="-119.536717">
        <ele>2835.5</ele>
        <time>2024-02-17T19:12:28Z</time>
      </trkpt>
      <trkpt lat="37.617971" lon="-119.53661">
        <ele>2838.6</ele>
        <time>2024-02-17T19:12:54Z</time>
      </trkpt>
      <trkpt lat="37.617954" lon="-119.536584">
        <ele>2838.9</ele>
        <time>2024-02-17T19:13:02Z</time>
      </trkpt>
      <trkpt lat="37.617916" lon="-119.536582">
        <ele>2838.8</ele>
        <time>2024-02-17T19:13:24Z</time>
      </trkpt>
      <trkpt lat="37.617739" lon="-119.536665">
        <ele>2840.6</ele>
        <time>2024-02-17T19:13:56Z</time>
      </trkpt>
      <trkpt lat="37.617663" lon="-119.536698">
        <ele>2842.0</ele>
        <time>2024-02-17T19:14:09Z</time>
      </trkpt>
      <trkpt lat="37.617626" lon="-119.536742">
        <ele>2844.4</ele>
        <time>2024-02-17T19:14:21Z</time>
      </trkpt>
      <trkpt lat="37.617622" lon="-119.536773">
        <ele>2849.3</ele>
        <time>2024-02-17T19:17:02Z</time>
      </trkpt>
      <trkpt lat="37.617467" lon="-119.536849">
        <ele>2849.6</ele>
        <time>2024-02-17T19:17:26Z</time>
      </trkpt>
      <trkpt lat="37.617427" lon="-119.536894">
        <ele>2850.7</ele>
        <time>2024-02-17T19:17:38Z</time>
      </trkpt>
      <trkpt lat="37.617376" lon="-119.536912">
        <ele>2852.3</ele>
        <time>2024-02-17T19:19:39Z</time>
      </trkpt>
      <trkpt lat="37.617353" lon="-119.536907">
        <ele>2852.4</ele>
        <time>2024-02-17T19:19:41Z</time>
      </trkpt>
      <trkpt lat="37.617311" lon="-119.536941">
        <ele>2854.0</ele>
        <time>2024-02-17T19:19:59Z</time>
      </trkpt>
      <trkpt lat="37.617252" lon="-119.536934">
        <ele>2856.3</ele>
        <time>2024-02-17T19:20:29Z</time>
      </trkpt>
      <trkpt lat="37.617192" lon="-119.536994">
        <ele>2861.5</ele>
        <time>2024-02-17T19:21:35Z</time>
      </trkpt>
      <trkpt lat="37.617167" lon="-119.536991">
        <ele>2861.6</ele>
        <time>2024-02-17T19:21:45Z</time>
      </trkpt>
      <trkpt lat="37.617101" lon="-119.537041">
        <ele>2863.3</ele>
        <time>2024-02-17T19:22:29Z</time>
      </trkpt>
      <trkpt lat="37.617012" lon="-119.537086">
        <ele>2866.6</ele>
        <time>2024-02-17T19:23:30Z</time>
      </trkpt>
      <trkpt lat="37.616937" lon="-119.537084">
        <ele>2866.0</ele>
        <time>2024-02-17T19:23:43Z</time>
      </trkpt>
      <trkpt lat="37.616884" lon="-119.537154">
        <ele>2869.1</ele>
        <time>2024-02-17T19:24:41Z</time>
      </trkpt>
      <trkpt lat="37.616837" lon="-119.537175">
        <ele>2873.1</ele>
        <time>2024-02-17T19:25:54Z</time>
      </trkpt>
      <trkpt lat="37.616842" lon="-119.537207">
        <ele>2871.8</ele>
        <time>2024-02-17T19:26:21Z</time>
      </trkpt>
      <trkpt lat="37.616875" lon="-119.53715">
        <ele>2876.3</ele>
        <time>2024-02-17T19:27:13Z</time>
      </trkpt>
      <trkpt lat="37.616899" lon="-119.53714">
        <ele>2876.4</ele>
        <time>2024-02-17T19:27:26Z</time>
      </trkpt>
      <trkpt lat="37.616845" lon="-119.537073">
        <ele>2879.1</ele>
        <time>2024-02-17T19:31:25Z</time>
      </trkpt>
      <trkpt lat="37.616833" lon="-119.537077">
        <ele>2882.2</ele>
        <time>2024-02-17T19:34:54Z</time>
      </trkpt>
      <trkpt lat="37.616962" lon="-119.537098">
        <ele>2916.5</ele>
        <time>2024-02-17T19:34:55Z</time>
      </trkpt>
      <trkpt lat="37.616854" lon="-119.537125">
        <ele>2869.2</ele>
        <time>2024-02-17T19:34:57Z</time>
      </trkpt>
      <trkpt lat="37.616843" lon="-119.53712">
        <ele>2870.3</ele>
        <time>2024-02-17T19:34:58Z</time>
      </trkpt>
      <trkpt lat="37.616849" lon="-119.537059">
        <ele>2891.4</ele>
        <time>2024-02-17T19:35:01Z</time>
      </trkpt>
      <trkpt lat="37.61682" lon="-119.537008">
        <ele>2881.1</ele>
        <time>2024-02-17T19:35:15Z</time>
      </trkpt>
      <trkpt lat="37.616771" lon="-119.537003">
        <ele>2884.4</ele>
        <time>2024-02-17T19:35:34Z</time>
      </trkpt>
      <trkpt lat="37.616751" lon="-119.536979">
        <ele>2891.4</ele>
        <time>2024-02-17T19:36:27Z</time>
      </trkpt>
      <trkpt lat="37.616752" lon="-119.536944">
        <ele>2896.2</ele>
        <time>2024-02-17T19:36:55Z</time>
      </trkpt>
      <trkpt lat="37.616728" lon="-119.536902">
        <ele>2891.5</ele>
        <time>2024-02-17T19:58:35Z</time>
      </trkpt>
      <trkpt lat="37.616763" lon="-119.536922">
        <ele>2890.3</ele>
        <time>2024-02-17T19:58:42Z</time>
      </trkpt>
      <trkpt lat="37.616783" lon="-119.536874">
        <ele>2894.5</ele>
        <time>2024-02-17T19:59:57Z</time>
      </trkpt>
      <trkpt lat="37.616839" lon="-119.536855">
        <ele>2893.1</ele>
        <time>2024-02-17T20:00:00Z</time>
      </trkpt>
      <trkpt lat="37.616851" lon="-119.536903">
        <ele>2891.8</ele>
        <time>2024-02-17T20:00:02Z</time>
      </trkpt>
      <trkpt lat="37.61687" lon="-119.536917">
        <ele>2892.6</ele>
        <time>2024-02-17T20:00:03Z</time>
      </trkpt>
      <trkpt lat="37.616917" lon="-119.536927">
        <ele>2891.7</ele>
        <time>2024-02-17T20:00:05Z</time>
      </trkpt>
      <trkpt lat="37.616995" lon="-119.537009">
        <ele>2886.1</ele>
        <time>2024-02-17T20:00:08Z</time>
      </trkpt>
      <trkpt lat="37.61703" lon="-119.537031">
        <ele>2883.9</ele>
        <time>2024-02-17T20:00:09Z</time>
      </trkpt>
      <trkpt lat="37.6171" lon="-119.537175">
        <ele>2879.7</ele>
        <time>2024-02-17T20:00:11Z</time>
      </trkpt>
      <trkpt lat="37.617126" lon="-119.537252">
        <ele>2879.8</ele>
        <time>2024-02-17T20:00:12Z</time>
      </trkpt>
      <trkpt lat="37.617176" lon="-119.537347">
        <ele>2879.9</ele>
        <time>2024-02-17T20:00:13Z</time>
      </trkpt>
      <trkpt lat="37.61721" lon="-119.537443">
        <ele>2879.0</ele>
        <time>2024-02-17T20:00:14Z</time>
      </trkpt>
      <trkpt lat="37.61724" lon="-119.537558">
        <ele>2879.7</ele>
        <time>2024-02-17T20:00:15Z</time>
      </trkpt>
      <trkpt lat="37.61726" lon="-119.53772">
        <ele>2877.7</ele>
        <time>2024-02-17T20:00:17Z</time>
      </trkpt>
      <trkpt lat="37.617287" lon="-119.537821">
        <ele>2874.3</ele>
        <time>2024-02-17T20:00:19Z</time>
      </trkpt>
      <trkpt lat="37.617322" lon="-119.537785">
        <ele>2863.8</ele>
        <time>2024-02-17T20:00:27Z</time>
      </trkpt>
      <trkpt lat="37.617308" lon="-119.537722">
        <ele>2847.2</ele>
        <time>2024-02-17T20:01:22Z</time>
      </trkpt>
      <trkpt lat="37.617323" lon="-119.537723">
        <ele>2844.6</ele>
        <time>2024-02-17T20:01:27Z</time>
      </trkpt>
      <trkpt lat="37.617364" lon="-119.537767">
        <ele>2845.4</ele>
        <time>2024-02-17T20:01:30Z</time>
      </trkpt>
      <trkpt lat="37.61742" lon="-119.537804">
        <ele>2845.1</ele>
        <time>2024-02-17T20:01:32Z</time>
      </trkpt>
      <trkpt lat="37.617463" lon="-119.537848">
        <ele>2844.3</ele>
        <time>2024-02-17T20:01:33Z</time>
      </trkpt>
      <trkpt lat="37.617571" lon="-119.538012">
        <ele>2843.4</ele>
        <time>2024-02-17T20:01:36Z</time>
      </trkpt>
      <trkpt lat="37.617597" lon="-119.538109">
        <ele>2844.6</ele>
        <time>2024-02-17T20:01:39Z</time>
      </trkpt>
      <trkpt lat="37.617677" lon="-119.538267">
        <ele>2841.2</ele>
        <time>2024-02-17T20:01:46Z</time>
      </trkpt>
      <trkpt lat="37.617729" lon="-119.538327">
        <ele>2836.9</ele>
        <time>2024-02-17T20:01:49Z</time>
      </trkpt>
      <trkpt lat="37.617773" lon="-119.538431">
        <ele>2838.8</ele>
        <time>2024-02-17T20:01:52Z</time>
      </trkpt>
      <trkpt lat="37.617762" lon="-119.538455">
        <ele>2833.4</ele>
        <time>2024-02-17T20:03:41Z</time>
      </trkpt>
      <trkpt lat="37.617996" lon="-119.538617">
        <ele>2832.5</ele>
        <time>2024-02-17T20:03:42Z</time>
      </trkpt>
      <trkpt lat="37.618007" lon="-119.538643">
        <ele>2826.5</ele>
        <time>2024-02-17T20:03:44Z</time>
      </trkpt>
      <trkpt lat="37.618672" lon="-119.53921">
        <ele>2823.2</ele>
        <time>2024-02-17T20:03:47Z</time>
      </trkpt>
      <trkpt lat="37.618719" lon="-119.539358">
        <ele>2780.1</ele>
        <time>2024-02-17T20:03:49Z</time>
      </trkpt>
      <trkpt lat="37.618776" lon="-119.539454">
        <ele>2775.3</ele>
        <time>2024-02-17T20:03:50Z</time>
      </trkpt>
      <trkpt lat="37.61896" lon="-119.539737">
        <ele>2771.7</ele>
        <time>2024-02-17T20:03:54Z</time>
      </trkpt>
      <trkpt lat="37.619103" lon="-119.539865">
        <ele>2780.0</ele>
        <time>2024-02-17T20:03:56Z</time>
      </trkpt>
      <trkpt lat="37.619161" lon="-119.539929">
        <ele>2781.1</ele>
        <time>2024-02-17T20:03:57Z</time>
      </trkpt>
      <trkpt lat="37.619237" lon="-119.539978">
        <ele>2782.2</ele>
        <time>2024-02-17T20:03:58Z</time>
      </trkpt>
      <trkpt lat="37.619592" lon="-119.539985">
        <ele>2780.4</ele>
        <time>2024-02-17T20:04:02Z</time>
      </trkpt>
      <trkpt lat="37.619701" lon="-119.53996">
        <ele>2780.7</ele>
        <time>2024-02-17T20:04:04Z</time>
      </trkpt>
      <trkpt lat="37.619743" lon="-119.539879">
        <ele>2771.5</ele>
        <time>2024-02-17T20:04:05Z</time>
      </trkpt>
      <trkpt lat="37.619779" lon="-119.539892">
        <ele>2760.8</ele>
        <time>2024-02-17T20:04:07Z</time>
      </trkpt>
      <trkpt lat="37.619873" lon="-119.539981">
        <ele>2755.8</ele>
        <time>2024-02-17T20:04:10Z</time>
      </trkpt>
      <trkpt lat="37.619859" lon="-119.540025">
        <ele>2747.6</ele>
        <time>2024-02-17T20:04:54Z</time>
      </trkpt>
      <trkpt lat="37.619898" lon="-119.540072">
        <ele>2746.9</ele>
        <time>2024-02-17T20:04:56Z</time>
      </trkpt>
      <trkpt lat="37.620023" lon="-119.540184">
        <ele>2745.8</ele>
        <time>2024-02-17T20:04:59Z</time>
      </trkpt>
      <trkpt lat="37.620175" lon="-119.540361">
        <ele>2742.8</ele>
        <time>2024-02-17T20:05:02Z</time>
      </trkpt>
      <trkpt lat="37.620253" lon="-119.540497">
        <ele>2740.7</ele>
        <time>2024-02-17T20:05:04Z</time>
      </trkpt>
      <trkpt lat="37.620308" lon="-119.54066">
        <ele>2739.2</ele>
        <time>2024-02-17T20:05:06Z</time>
      </trkpt>
      <trkpt lat="37.620393" lon="-119.5409">
        <ele>2739.3</ele>
        <time>2024-02-17T20:05:10Z</time>
      </trkpt>
      <trkpt lat="37.620549" lon="-119.541069">
        <ele>2737.0</ele>
        <time>2024-02-17T20:05:14Z</time>
      </trkpt>
      <trkpt lat="37.620619" lon="-119.541181">
        <ele>2734.6</ele>
        <time>2024-02-17T20:05:16Z</time>
      </trkpt>
      <trkpt lat="37.620755" lon="-119.541431">
        <ele>2729.8</ele>
        <time>2024-02-17T20:05:21Z</time>
      </trkpt>
      <trkpt lat="37.620876" lon="-119.541574">
        <ele>2725.4</ele>
        <time>2024-02-17T20:05:24Z</time>
      </trkpt>
      <trkpt lat="37.62092" lon="-119.54168">
        <ele>2723.7</ele>
        <time>2024-02-17T20:05:26Z</time>
      </trkpt>
      <trkpt lat="37.620917" lon="-119.541718">
        <ele>2722.9</ele>
        <time>2024-02-17T20:05:27Z</time>
      </trkpt>
      <trkpt lat="37.620872" lon="-119.541723">
        <ele>2717.5</ele>
        <time>2024-02-17T20:05:32Z</time>
      </trkpt>
      <trkpt lat="37.620888" lon="-119.541697">
        <ele>2709.0</ele>
        <time>2024-02-17T20:06:00Z</time>
      </trkpt>
      <trkpt lat="37.620951" lon="-119.541693">
        <ele>2706.6</ele>
        <time>2024-02-17T20:06:02Z</time>
      </trkpt>
      <trkpt lat="37.620988" lon="-119.541732">
        <ele>2706.2</ele>
        <time>2024-02-17T20:06:03Z</time>
      </trkpt>
      <trkpt lat="37.621011" lon="-119.541797">
        <ele>2705.5</ele>
        <time>2024-02-17T20:06:04Z</time>
      </trkpt>
      <trkpt lat="37.621042" lon="-119.541953">
        <ele>2704.7</ele>
        <time>2024-02-17T20:06:07Z</time>
      </trkpt>
      <trkpt lat="37.621093" lon="-119.542246">
        <ele>2699.8</ele>
        <time>2024-02-17T20:06:12Z</time>
      </trkpt>
      <trkpt lat="37.621133" lon="-119.542336">
        <ele>2695.2</ele>
        <time>2024-02-17T20:06:14Z</time>
      </trkpt>
      <trkpt lat="37.621159" lon="-119.542451">
        <ele>2692.0</ele>
        <time>2024-02-17T20:06:16Z</time>
      </trkpt>
      <trkpt lat="37.621164" lon="-119.542512">
        <ele>2689.9</ele>
        <time>2024-02-17T20:06:17Z</time>
      </trkpt>
      <trkpt lat="37.621195" lon="-119.54266">
        <ele>2691.6</ele>
        <time>2024-02-17T20:06:20Z</time>
      </trkpt>
      <trkpt lat="37.62119" lon="-119.542699">
        <ele>2688.8</ele>
        <time>2024-02-17T20:07:20Z</time>
      </trkpt>
      <trkpt lat="37.621206" lon="-119.542741">
        <ele>2688.1</ele>
        <time>2024-02-17T20:07:22Z</time>
      </trkpt>
      <trkpt lat="37.621272" lon="-119.542832">
        <ele>2686.6</ele>
        <time>2024-02-17T20:07:25Z</time>
      </trkpt>
      <trkpt lat="37.621479" lon="-119.543197">
        <ele>2681.7</ele>
        <time>2024-02-17T20:07:31Z</time>
      </trkpt>
      <trkpt lat="37.621515" lon="-119.543277">
        <ele>2680.8</ele>
        <time>2024-02-17T20:07:32Z</time>
      </trkpt>
      <trkpt lat="37.621533" lon="-119.543352">
        <ele>2680.5</ele>
        <time>2024-02-17T20:07:33Z</time>
      </trkpt>
      <trkpt lat="37.621542" lon="-119.54347">
        <ele>2690.7</ele>
        <time>2024-02-17T20:07:35Z</time>
      </trkpt>
      <trkpt lat="37.621504" lon="-119.543444">
        <ele>2676.7</ele>
        <time>2024-02-17T20:14:35Z</time>
      </trkpt>
      <trkpt lat="37.621531" lon="-119.543438">
        <ele>2680.6</ele>
        <time>2024-02-17T20:14:39Z</time>
      </trkpt>
      <trkpt lat="37.621519" lon="-119.54341">
        <ele>2681.0</ele>
        <time>2024-02-17T20:14:56Z</time>
      </trkpt>
      <trkpt lat="37.621514" lon="-119.543442">
        <ele>2678.2</ele>
        <time>2024-02-17T20:15:13Z</time>
      </trkpt>
      <trkpt lat="37.621533" lon="-119.543471">
        <ele>2682.2</ele>
        <time>2024-02-17T20:15:37Z</time>
      </trkpt>
      <trkpt lat="37.621496" lon="-119.543388">
        <ele>2685.5</ele>
        <time>2024-02-17T20:17:08Z</time>
      </trkpt>
      <trkpt lat="37.621495" lon="-119.543412">
        <ele>2681.4</ele>
        <time>2024-02-17T20:17:46Z</time>
      </trkpt>
      <trkpt lat="37.621454" lon="-119.543496">
        <ele>2679.5</ele>
        <time>2024-02-17T20:17:54Z</time>
      </trkpt>
      <trkpt lat="37.621451" lon="-119.543468">
        <ele>2676.2</ele>
        <time>2024-02-17T20:18:25Z</time>
      </trkpt>
      <trkpt lat="37.621432" lon="-119.543554">
        <ele>2677.4</ele>
        <time>2024-02-17T20:19:14Z</time>
      </trkpt>
      <trkpt lat="37.621404" lon="-119.543617">
        <ele>2678.5</ele>
        <time>2024-02-17T20:19:21Z</time>
      </trkpt>
      <trkpt lat="37.621354" lon="-119.543806">
        <ele>2680.1</ele>
        <time>2024-02-17T20:19:36Z</time>
      </trkpt>
      <trkpt lat="37.621274" lon="-119.544194">
        <ele>2683.7</ele>
        <time>2024-02-17T20:20:07Z</time>
      </trkpt>
      <trkpt lat="37.621268" lon="-119.54427">
        <ele>2684.2</ele>
        <time>2024-02-17T20:20:15Z</time>
      </trkpt>
      <trkpt lat="37.621252" lon="-119.544386">
        <ele>2684.8</ele>
        <time>2024-02-17T20:20:30Z</time>
      </trkpt>
      <trkpt lat="37.621216" lon="-119.544478">
        <ele>2687.0</ele>
        <time>2024-02-17T20:20:40Z</time>
      </trkpt>
      <trkpt lat="37.62122" lon="-119.544604">
        <ele>2690.4</ele>
        <time>2024-02-17T20:20:57Z</time>
      </trkpt>
      <trkpt lat="37.621206" lon="-119.544753">
        <ele>2691.4</ele>
        <time>2024-02-17T20:21:13Z</time>
      </trkpt>
      <trkpt lat="37.621231" lon="-119.544861">
        <ele>2692.4</ele>
        <time>2024-02-17T20:21:28Z</time>
      </trkpt>
      <trkpt lat="37.621222" lon="-119.544952">
        <ele>2692.9</ele>
        <time>2024-02-17T20:21:38Z</time>
      </trkpt>
      <trkpt lat="37.621257" lon="-119.545077">
        <ele>2692.7</ele>
        <time>2024-02-17T20:24:40Z</time>
      </trkpt>
      <trkpt lat="37.62065" lon="-119.54525">
        <ele>2696.1</ele>
        <time>2024-02-17T20:24:44Z</time>
      </trkpt>
      <trkpt lat="37.620648" lon="-119.545321">
        <ele>2715.3</ele>
        <time>2024-02-17T20:24:45Z</time>
      </trkpt>
      <trkpt lat="37.620596" lon="-119.545388">
        <ele>2722.3</ele>
        <time>2024-02-17T20:24:50Z</time>
      </trkpt>
      <trkpt lat="37.620572" lon="-119.545484">
        <ele>2720.6</ele>
        <time>2024-02-17T20:25:05Z</time>
      </trkpt>
      <trkpt lat="37.62054" lon="-119.545563">
        <ele>2719.6</ele>
        <time>2024-02-17T20:25:13Z</time>
      </trkpt>
      <trkpt lat="37.620515" lon="-119.545595">
        <ele>2719.7</ele>
        <time>2024-02-17T20:25:18Z</time>
      </trkpt>
      <trkpt lat="37.620479" lon="-119.545674">
        <ele>2721.0</ele>
        <time>2024-02-17T20:25:28Z</time>
      </trkpt>
      <trkpt lat="37.620345" lon="-119.545826">
        <ele>2727.2</ele>
        <time>2024-02-17T20:25:51Z</time>
      </trkpt>
      <trkpt lat="37.620263" lon="-119.545995">
        <ele>2731.1</ele>
        <time>2024-02-17T20:26:17Z</time>
      </trkpt>
      <trkpt lat="37.620165" lon="-119.546081">
        <ele>2734.5</ele>
        <time>2024-02-17T20:26:38Z</time>
      </trkpt>
      <trkpt lat="37.620124" lon="-119.546154">
        <ele>2735.5</ele>
        <time>2024-02-17T20:26:47Z</time>
      </trkpt>
      <trkpt lat="37.620101" lon="-119.546237">
        <ele>2735.8</ele>
        <time>2024-02-17T20:26:58Z</time>
      </trkpt>
      <trkpt lat="37.620067" lon="-119.546303">
        <ele>2738.5</ele>
        <time>2024-02-17T20:27:05Z</time>
      </trkpt>
      <trkpt lat="37.620019" lon="-119.546376">
        <ele>2740.4</ele>
        <time>2024-02-17T20:27:20Z</time>
      </trkpt>
      <trkpt lat="37.619978" lon="-119.546378">
        <ele>2743.0</ele>
        <time>2024-02-17T20:27:27Z</time>
      </trkpt>
      <trkpt lat="37.619933" lon="-119.546405">
        <ele>2744.0</ele>
        <time>2024-02-17T20:27:36Z</time>
      </trkpt>
      <trkpt lat="37.619912" lon="-119.546474">
        <ele>2744.0</ele>
        <time>2024-02-17T20:27:45Z</time>
      </trkpt>
      <trkpt lat="37.619864" lon="-119.546565">
        <ele>2744.8</ele>
        <time>2024-02-17T20:27:54Z</time>
      </trkpt>
      <trkpt lat="37.619857" lon="-119.546655">
        <ele>2746.6</ele>
        <time>2024-02-17T20:28:05Z</time>
      </trkpt>
      <trkpt lat="37.619871" lon="-119.546676">
        <ele>2747.3</ele>
        <time>2024-02-17T20:28:18Z</time>
      </trkpt>
      <trkpt lat="37.619933" lon="-119.5467">
        <ele>2748.4</ele>
        <time>2024-02-17T20:28:24Z</time>
      </trkpt>
      <trkpt lat="37.61995" lon="-119.546765">
        <ele>2747.7</ele>
        <time>2024-02-17T20:28:48Z</time>
      </trkpt>
      <trkpt lat="37.619951" lon="-119.546844">
        <ele>2746.7</ele>
        <time>2024-02-17T20:28:52Z</time>
      </trkpt>
      <trkpt lat="37.620024" lon="-119.547026">
        <ele>2745.4</ele>
        <time>2024-02-17T20:28:58Z</time>
      </trkpt>
      <trkpt lat="37.620041" lon="-119.547146">
        <ele>2744.6</ele>
        <time>2024-02-17T20:29:01Z</time>
      </trkpt>
      <trkpt lat="37.62007" lon="-119.547221">
        <ele>2743.9</ele>
        <time>2024-02-17T20:29:03Z</time>
      </trkpt>
      <trkpt lat="37.620153" lon="-119.547324">
        <ele>2743.0</ele>
        <time>2024-02-17T20:29:06Z</time>
      </trkpt>
      <trkpt lat="37.620209" lon="-119.547369">
        <ele>2741.9</ele>
        <time>2024-02-17T20:29:08Z</time>
      </trkpt>
      <trkpt lat="37.620226" lon="-119.547392">
        <ele>2741.1</ele>
        <time>2024-02-17T20:29:09Z</time>
      </trkpt>
      <trkpt lat="37.620268" lon="-119.547496">
        <ele>2737.6</ele>
        <time>2024-02-17T20:29:16Z</time>
      </trkpt>
      <trkpt lat="37.62026" lon="-119.547558">
        <ele>2736.4</ele>
        <time>2024-02-17T20:29:23Z</time>
      </trkpt>
      <trkpt lat="37.62027" lon="-119.547632">
        <ele>2735.3</ele>
        <time>2024-02-17T20:29:27Z</time>
      </trkpt>
      <trkpt lat="37.620334" lon="-119.547918">
        <ele>2735.7</ele>
        <time>2024-02-17T20:29:36Z</time>
      </trkpt>
      <trkpt lat="37.620349" lon="-119.548004">
        <ele>2734.9</ele>
        <time>2024-02-17T20:29:41Z</time>
      </trkpt>
      <trkpt lat="37.620423" lon="-119.548064">
        <ele>2731.3</ele>
        <time>2024-02-17T20:29:57Z</time>
      </trkpt>
      <trkpt lat="37.620489" lon="-119.548145">
        <ele>2731.6</ele>
        <time>2024-02-17T20:30:03Z</time>
      </trkpt>
      <trkpt lat="37.620523" lon="-119.548222">
        <ele>2731.1</ele>
        <time>2024-02-17T20:30:08Z</time>
      </trkpt>
      <trkpt lat="37.620566" lon="-119.548282">
        <ele>2731.7</ele>
        <time>2024-02-17T20:30:13Z</time>
      </trkpt>
      <trkpt lat="37.6206" lon="-119.548312">
        <ele>2731.9</ele>
        <time>2024-02-17T20:30:18Z</time>
      </trkpt>
      <trkpt lat="37.620659" lon="-119.548345">
        <ele>2733.8</ele>
        <time>2024-02-17T20:30:24Z</time>
      </trkpt>
      <trkpt lat="37.620708" lon="-119.548407">
        <ele>2734.2</ele>
        <time>2024-02-17T20:30:30Z</time>
      </trkpt>
      <trkpt lat="37.620734" lon="-119.548422">
        <ele>2734.7</ele>
        <time>2024-02-17T20:45:18Z</time>
      </trkpt>
      <trkpt lat="37.620991" lon="-119.548463">
        <ele>2677.0</ele>
        <time>2024-02-17T20:45:24Z</time>
      </trkpt>
      <trkpt lat="37.621382" lon="-119.548465">
        <ele>2701.7</ele>
        <time>2024-02-17T20:45:26Z</time>
      </trkpt>
      <trkpt lat="37.621407" lon="-119.548446">
        <ele>2700.2</ele>
        <time>2024-02-17T20:45:27Z</time>
      </trkpt>
      <trkpt lat="37.621442" lon="-119.548451">
        <ele>2700.5</ele>
        <time>2024-02-17T20:45:28Z</time>
      </trkpt>
      <trkpt lat="37.621508" lon="-119.548549">
        <ele>2698.4</ele>
        <time>2024-02-17T20:45:31Z</time>
      </trkpt>
      <trkpt lat="37.621461" lon="-119.548572">
        <ele>2692.0</ele>
        <time>2024-02-17T20:45:44Z</time>
      </trkpt>
      <trkpt lat="37.621444" lon="-119.548593">
        <ele>2689.2</ele>
        <time>2024-02-17T20:46:42Z</time>
      </trkpt>
      <trkpt lat="37.621452" lon="-119.548742">
        <ele>2686.8</ele>
        <time>2024-02-17T20:46:48Z</time>
      </trkpt>
      <trkpt lat="37.621486" lon="-119.548809">
        <ele>2685.8</ele>
        <time>2024-02-17T20:46:55Z</time>
      </trkpt>
      <trkpt lat="37.621539" lon="-119.549002">
        <ele>2681.9</ele>
        <time>2024-02-17T20:46:59Z</time>
      </trkpt>
      <trkpt lat="37.621619" lon="-119.54917">
        <ele>2679.7</ele>
        <time>2024-02-17T20:47:02Z</time>
      </trkpt>
      <trkpt lat="37.621622" lon="-119.549209">
        <ele>2679.0</ele>
        <time>2024-02-17T20:47:03Z</time>
      </trkpt>
      <trkpt lat="37.621694" lon="-119.549397">
        <ele>2675.2</ele>
        <time>2024-02-17T20:47:07Z</time>
      </trkpt>
      <trkpt lat="37.621752" lon="-119.549495">
        <ele>2676.1</ele>
        <time>2024-02-17T20:47:09Z</time>
      </trkpt>
      <trkpt lat="37.621752" lon="-119.549528">
        <ele>2674.9</ele>
        <time>2024-02-17T20:47:10Z</time>
      </trkpt>
      <trkpt lat="37.621766" lon="-119.549541">
        <ele>2674.0</ele>
        <time>2024-02-17T20:47:11Z</time>
      </trkpt>
      <trkpt lat="37.621875" lon="-119.549469">
        <ele>2663.2</ele>
        <time>2024-02-17T20:47:17Z</time>
      </trkpt>
      <trkpt lat="37.621911" lon="-119.549425">
        <ele>2658.2</ele>
        <time>2024-02-17T20:47:48Z</time>
      </trkpt>
      <trkpt lat="37.621951" lon="-119.549429">
        <ele>2657.5</ele>
        <time>2024-02-17T20:47:50Z</time>
      </trkpt>
      <trkpt lat="37.621988" lon="-119.549419">
        <ele>2656.9</ele>
        <time>2024-02-17T20:47:51Z</time>
      </trkpt>
      <trkpt lat="37.622086" lon="-119.549372">
        <ele>2655.6</ele>
        <time>2024-02-17T20:47:55Z</time>
      </trkpt>
      <trkpt lat="37.62214" lon="-119.549353">
        <ele>2654.5</ele>
        <time>2024-02-17T20:47:58Z</time>
      </trkpt>
      <trkpt lat="37.622196" lon="-119.549369">
        <ele>2654.3</ele>
        <time>2024-02-17T20:48:01Z</time>
      </trkpt>
      <trkpt lat="37.622246" lon="-119.549395">
        <ele>2653.0</ele>
        <time>2024-02-17T20:48:03Z</time>
      </trkpt>
      <trkpt lat="37.622452" lon="-119.54959">
        <ele>2642.9</ele>
        <time>2024-02-17T20:48:09Z</time>
      </trkpt>
      <trkpt lat="37.622543" lon="-119.549694">
        <ele>2639.6</ele>
        <time>2024-02-17T20:48:12Z</time>
      </trkpt>
      <trkpt lat="37.622596" lon="-119.549707">
        <ele>2638.1</ele>
        <time>2024-02-17T20:48:13Z</time>
      </trkpt>
      <trkpt lat="37.622685" lon="-119.549768">
        <ele>2636.2</ele>
        <time>2024-02-17T20:48:15Z</time>
      </trkpt>
      <trkpt lat="37.622729" lon="-119.549811">
        <ele>2634.8</ele>
        <time>2024-02-17T20:48:16Z</time>
      </trkpt>
      <trkpt lat="37.62275" lon="-119.549853">
        <ele>2633.0</ele>
        <time>2024-02-17T20:48:17Z</time>
      </trkpt>
      <trkpt lat="37.622978" lon="-119.550114">
        <ele>2633.8</ele>
        <time>2024-02-17T20:48:22Z</time>
      </trkpt>
      <trkpt lat="37.623041" lon="-119.550212">
        <ele>2632.9</ele>
        <time>2024-02-17T20:48:23Z</time>
      </trkpt>
      <trkpt lat="37.62306" lon="-119.550271">
        <ele>2626.2</ele>
        <time>2024-02-17T20:48:24Z</time>
      </trkpt>
      <trkpt lat="37.623059" lon="-119.550304">
        <ele>2602.1</ele>
        <time>2024-02-17T20:48:50Z</time>
      </trkpt>
      <trkpt lat="37.623085" lon="-119.550337">
        <ele>2601.2</ele>
        <time>2024-02-17T20:49:16Z</time>
      </trkpt>
      <trkpt lat="37.623143" lon="-119.550378">
        <ele>2601.6</ele>
        <time>2024-02-17T20:49:19Z</time>
      </trkpt>
      <trkpt lat="37.62331" lon="-119.550485">
        <ele>2602.4</ele>
        <time>2024-02-17T20:49:33Z</time>
      </trkpt>
      <trkpt lat="37.623416" lon="-119.550556">
        <ele>2601.3</ele>
        <time>2024-02-17T20:49:43Z</time>
      </trkpt>
      <trkpt lat="37.623463" lon="-119.550561">
        <ele>2601.7</ele>
        <time>2024-02-17T20:49:46Z</time>
      </trkpt>
      <trkpt lat="37.623548" lon="-119.550527">
        <ele>2600.5</ele>
        <time>2024-02-17T20:49:51Z</time>
      </trkpt>
      <trkpt lat="37.623672" lon="-119.550516">
        <ele>2599.1</ele>
        <time>2024-02-17T20:49:59Z</time>
      </trkpt>
      <trkpt lat="37.623703" lon="-119.550482">
        <ele>2597.5</ele>
        <time>2024-02-17T20:50:03Z</time>
      </trkpt>
      <trkpt lat="37.623787" lon="-119.550434">
        <ele>2598.2</ele>
        <time>2024-02-17T20:50:12Z</time>
      </trkpt>
      <trkpt lat="37.623918" lon="-119.550376">
        <ele>2599.1</ele>
        <time>2024-02-17T20:50:24Z</time>
      </trkpt>
      <trkpt lat="37.624097" lon="-119.550342">
        <ele>2599.3</ele>
        <time>2024-02-17T20:50:38Z</time>
      </trkpt>
      <trkpt lat="37.624163" lon="-119.550311">
        <ele>2598.9</ele>
        <time>2024-02-17T20:50:44Z</time>
      </trkpt>
      <trkpt lat="37.624329" lon="-119.550242">
        <ele>2600.9</ele>
        <time>2024-02-17T20:51:01Z</time>
      </trkpt>
      <trkpt lat="37.624421" lon="-119.550227">
        <ele>2600.2</ele>
        <time>2024-02-17T20:51:10Z</time>
      </trkpt>
      <trkpt lat="37.624504" lon="-119.550205">
        <ele>2600.0</ele>
        <time>2024-02-17T20:51:19Z</time>
      </trkpt>
      <trkpt lat="37.624671" lon="-119.550167">
        <ele>2597.6</ele>
        <time>2024-02-17T20:51:35Z</time>
      </trkpt>
      <trkpt lat="37.624754" lon="-119.550154">
        <ele>2597.0</ele>
        <time>2024-02-17T20:51:41Z</time>
      </trkpt>
      <trkpt lat="37.62486" lon="-119.550156">
        <ele>2597.2</ele>
        <time>2024-02-17T20:51:49Z</time>
      </trkpt>
      <trkpt lat="37.624979" lon="-119.550132">
        <ele>2599.1</ele>
        <time>2024-02-17T20:52:00Z</time>
      </trkpt>
      <trkpt lat="37.625044" lon="-119.550109">
        <ele>2598.7</ele>
        <time>2024-02-17T20:52:07Z</time>
      </trkpt>
      <trkpt lat="37.625157" lon="-119.550123">
        <ele>2597.6</ele>
        <time>2024-02-17T20:52:16Z</time>
      </trkpt>
      <trkpt lat="37.625294" lon="-119.550118">
        <ele>2598.1</ele>
        <time>2024-02-17T20:52:26Z</time>
      </trkpt>
      <trkpt lat="37.625348" lon="-119.550132">
        <ele>2598.0</ele>
        <time>2024-02-17T20:52:30Z</time>
      </trkpt>
      <trkpt lat="37.625468" lon="-119.550142">
        <ele>2597.2</ele>
        <time>2024-02-17T20:52:39Z</time>
      </trkpt>
      <trkpt lat="37.625662" lon="-119.550107">
        <ele>2596.5</ele>
        <time>2024-02-17T20:52:55Z</time>
      </trkpt>
      <trkpt lat="37.625783" lon="-119.550024">
        <ele>2597.7</ele>
        <time>2024-02-17T20:53:08Z</time>
      </trkpt>
      <trkpt lat="37.62589" lon="-119.549994">
        <ele>2598.1</ele>
        <time>2024-02-17T20:53:19Z</time>
      </trkpt>
      <trkpt lat="37.625953" lon="-119.549952">
        <ele>2597.7</ele>
        <time>2024-02-17T20:53:26Z</time>
      </trkpt>
      <trkpt lat="37.626046" lon="-119.549925">
        <ele>2596.3</ele>
        <time>2024-02-17T20:53:35Z</time>
      </trkpt>
      <trkpt lat="37.626053" lon="-119.549915">
        <ele>2596.2</ele>
        <time>2024-02-17T20:53:36Z</time>
      </trkpt>
      <trkpt lat="37.626209" lon="-119.549839">
        <ele>2597.6</ele>
        <time>2024-02-17T20:53:51Z</time>
      </trkpt>
      <trkpt lat="37.626262" lon="-119.549828">
        <ele>2598.2</ele>
        <time>2024-02-17T20:53:55Z</time>
      </trkpt>
      <trkpt lat="37.626374" lon="-119.549772">
        <ele>2599.0</ele>
        <time>2024-02-17T20:54:06Z</time>
      </trkpt>
      <trkpt lat="37.626421" lon="-119.54977">
        <ele>2602.5</ele>
        <time>2024-02-17T20:54:30Z</time>
      </trkpt>
      <trkpt lat="37.626485" lon="-119.549738">
        <ele>2604.6</ele>
        <time>2024-02-17T20:54:48Z</time>
      </trkpt>
      <trkpt lat="37.62654" lon="-119.549765">
        <ele>2604.1</ele>
        <time>2024-02-17T20:54:54Z</time>
      </trkpt>
      <trkpt lat="37.626608" lon="-119.549782">
        <ele>2604.2</ele>
        <time>2024-02-17T20:55:01Z</time>
      </trkpt>
      <trkpt lat="37.626654" lon="-119.549806">
        <ele>2604.1</ele>
        <time>2024-02-17T20:55:06Z</time>
      </trkpt>
      <trkpt lat="37.62668" lon="-119.549806">
        <ele>2603.9</ele>
        <time>2024-02-17T20:55:10Z</time>
      </trkpt>
      <trkpt lat="37.626714" lon="-119.549788">
        <ele>2603.8</ele>
        <time>2024-02-17T20:55:16Z</time>
      </trkpt>
      <trkpt lat="37.626705" lon="-119.549732">
        <ele>2605.2</ele>
        <time>2024-02-17T20:55:29Z</time>
      </trkpt>
      <trkpt lat="37.626729" lon="-119.54972">
        <ele>2605.2</ele>
        <time>2024-02-17T20:55:32Z</time>
      </trkpt>
      <trkpt lat="37.62678" lon="-119.549733">
        <ele>2605.2</ele>
        <time>2024-02-17T20:55:40Z</time>
      </trkpt>
      <trkpt lat="37.626835" lon="-119.5497">
        <ele>2606.2</ele>
        <time>2024-02-17T20:55:46Z</time>
      </trkpt>
      <trkpt lat="37.62693" lon="-119.549655">
        <ele>2606.5</ele>
        <time>2024-02-17T20:56:05Z</time>
      </trkpt>
      <trkpt lat="37.626893" lon="-119.549658">
        <ele>2607.7</ele>
        <time>2024-02-17T20:56:16Z</time>
      </trkpt>
      <trkpt lat="37.626924" lon="-119.549671">
        <ele>2607.2</ele>
        <time>2024-02-17T20:56:32Z</time>
      </trkpt>
      <trkpt lat="37.626917" lon="-119.549688">
        <ele>2606.5</ele>
        <time>2024-02-17T21:04:30Z</time>
      </trkpt>
      <trkpt lat="37.626128" lon="-119.550303">
        <ele>2574.7</ele>
        <time>2024-02-18T15:08:17Z</time>
      </trkpt>
      <trkpt lat="37.625324" lon="-119.550981">
        <ele>2550.4</ele>
        <time>2024-02-18T15:10:28Z</time>
      </trkpt>
      <trkpt lat="37.625334" lon="-119.55094">
        <ele>2573.1</ele>
        <time>2024-02-18T15:10:29Z</time>
      </trkpt>
      <trkpt lat="37.625125" lon="-119.550976">
        <ele>2593.1</ele>
        <time>2024-02-18T15:10:30Z</time>
      </trkpt>
      <trkpt lat="37.625085" lon="-119.550968">
        <ele>2596.2</ele>
        <time>2024-02-18T15:10:32Z</time>
      </trkpt>
      <trkpt lat="37.625093" lon="-119.55099">
        <ele>2597.4</ele>
        <time>2024-02-18T15:10:33Z</time>
      </trkpt>
      <trkpt lat="37.625064" lon="-119.551002">
        <ele>2600.4</ele>
        <time>2024-02-18T15:10:36Z</time>
      </trkpt>
      <trkpt lat="37.624911" lon="-119.551114">
        <ele>2599.4</ele>
        <time>2024-02-18T15:10:59Z</time>
      </trkpt>
      <trkpt lat="37.624845" lon="-119.55115">
        <ele>2599.6</ele>
        <time>2024-02-18T15:11:06Z</time>
      </trkpt>
      <trkpt lat="37.624778" lon="-119.551169">
        <ele>2600.3</ele>
        <time>2024-02-18T15:11:16Z</time>
      </trkpt>
      <trkpt lat="37.624761" lon="-119.551189">
        <ele>2600.6</ele>
        <time>2024-02-18T15:11:19Z</time>
      </trkpt>
      <trkpt lat="37.624723" lon="-119.551206">
        <ele>2600.1</ele>
        <time>2024-02-18T15:11:25Z</time>
      </trkpt>
      <trkpt lat="37.624667" lon="-119.551267">
        <ele>2597.7</ele>
        <time>2024-02-18T15:11:35Z</time>
      </trkpt>
      <trkpt lat="37.624579" lon="-119.551333">
        <ele>2597.4</ele>
        <time>2024-02-18T15:11:46Z</time>
      </trkpt>
      <trkpt lat="37.624433" lon="-119.551426">
        <ele>2595.8</ele>
        <time>2024-02-18T15:12:05Z</time>
      </trkpt>
      <trkpt lat="37.624346" lon="-119.551475">
        <ele>2597.0</ele>
        <time>2024-02-18T15:12:17Z</time>
      </trkpt>
      <trkpt lat="37.624312" lon="-119.551513">
        <ele>2596.3</ele>
        <time>2024-02-18T15:12:22Z</time>
      </trkpt>
      <trkpt lat="37.624209" lon="-119.551585">
        <ele>2596.4</ele>
        <time>2024-02-18T15:12:33Z</time>
      </trkpt>
      <trkpt lat="37.624133" lon="-119.551611">
        <ele>2596.7</ele>
        <time>2024-02-18T15:12:41Z</time>
      </trkpt>
      <trkpt lat="37.62411" lon="-119.551638">
        <ele>2596.7</ele>
        <time>2024-02-18T15:12:44Z</time>
      </trkpt>
      <trkpt lat="37.62403" lon="-119.551683">
        <ele>2596.6</ele>
        <time>2024-02-18T15:12:56Z</time>
      </trkpt>
      <trkpt lat="37.623936" lon="-119.551699">
        <ele>2597.1</ele>
        <time>2024-02-18T15:13:07Z</time>
      </trkpt>
      <trkpt lat="37.623846" lon="-119.551709">
        <ele>2597.8</ele>
        <time>2024-02-18T15:13:17Z</time>
      </trkpt>
      <trkpt lat="37.62381" lon="-119.551733">
        <ele>2597.6</ele>
        <time>2024-02-18T15:13:22Z</time>
      </trkpt>
      <trkpt lat="37.623747" lon="-119.551751">
        <ele>2598.1</ele>
        <time>2024-02-18T15:13:29Z</time>
      </trkpt>
      <trkpt lat="37.62356" lon="-119.551783">
        <ele>2596.8</ele>
        <time>2024-02-18T15:13:51Z</time>
      </trkpt>
      <trkpt lat="37.62349" lon="-119.551826">
        <ele>2595.9</ele>
        <time>2024-02-18T15:14:00Z</time>
      </trkpt>
      <trkpt lat="37.623438" lon="-119.551829">
        <ele>2596.2</ele>
        <time>2024-02-18T15:14:07Z</time>
      </trkpt>
      <trkpt lat="37.623386" lon="-119.551853">
        <ele>2595.1</ele>
        <time>2024-02-18T15:14:13Z</time>
      </trkpt>
      <trkpt lat="37.623225" lon="-119.551917">
        <ele>2593.4</ele>
        <time>2024-02-18T15:14:33Z</time>
      </trkpt>
      <trkpt lat="37.623162" lon="-119.551938">
        <ele>2593.8</ele>
        <time>2024-02-18T15:14:41Z</time>
      </trkpt>
      <trkpt lat="37.623126" lon="-119.551978">
        <ele>2593.9</ele>
        <time>2024-02-18T15:14:47Z</time>
      </trkpt>
      <trkpt lat="37.623041" lon="-119.552017">
        <ele>2595.2</ele>
        <time>2024-02-18T15:14:58Z</time>
      </trkpt>
      <trkpt lat="37.622812" lon="-119.552175">
        <ele>2592.4</ele>
        <time>2024-02-18T15:15:30Z</time>
      </trkpt>
      <trkpt lat="37.622676" lon="-119.552187">
        <ele>2590.4</ele>
        <time>2024-02-18T15:15:46Z</time>
      </trkpt>
      <trkpt lat="37.622632" lon="-119.55217">
        <ele>2591.4</ele>
        <time>2024-02-18T15:15:51Z</time>
      </trkpt>
      <trkpt lat="37.622598" lon="-119.552209">
        <ele>2592.1</ele>
        <time>2024-02-18T15:17:23Z</time>
      </trkpt>
      <trkpt lat="37.622541" lon="-119.552248">
        <ele>2592.4</ele>
        <time>2024-02-18T15:17:39Z</time>
      </trkpt>
      <trkpt lat="37.622492" lon="-119.552323">
        <ele>2592.3</ele>
        <time>2024-02-18T15:17:53Z</time>
      </trkpt>
      <trkpt lat="37.622438" lon="-119.55238">
        <ele>2593.7</ele>
        <time>2024-02-18T15:18:04Z</time>
      </trkpt>
      <trkpt lat="37.622395" lon="-119.552398">
        <ele>2594.3</ele>
        <time>2024-02-18T15:18:13Z</time>
      </trkpt>
      <trkpt lat="37.622349" lon="-119.552536">
        <ele>2594.5</ele>
        <time>2024-02-18T15:18:35Z</time>
      </trkpt>
      <trkpt lat="37.622329" lon="-119.552559">
        <ele>2595.1</ele>
        <time>2024-02-18T15:18:39Z</time>
      </trkpt>
      <trkpt lat="37.622297" lon="-119.552569">
        <ele>2594.6</ele>
        <time>2024-02-18T15:18:46Z</time>
      </trkpt>
      <trkpt lat="37.622294" lon="-119.552605">
        <ele>2594.7</ele>
        <time>2024-02-18T15:18:52Z</time>
      </trkpt>
      <trkpt lat="37.622271" lon="-119.552617">
        <ele>2596.2</ele>
        <time>2024-02-18T15:18:57Z</time>
      </trkpt>
      <trkpt lat="37.622226" lon="-119.552724">
        <ele>2598.5</ele>
        <time>2024-02-18T15:19:27Z</time>
      </trkpt>
      <trkpt lat="37.622192" lon="-119.552739">
        <ele>2599.7</ele>
        <time>2024-02-18T15:19:35Z</time>
      </trkpt>
      <trkpt lat="37.622189" lon="-119.552836">
        <ele>2603.0</ele>
        <time>2024-02-18T15:20:03Z</time>
      </trkpt>
      <trkpt lat="37.622176" lon="-119.552864">
        <ele>2604.2</ele>
        <time>2024-02-18T15:20:06Z</time>
      </trkpt>
      <trkpt lat="37.622163" lon="-119.552985">
        <ele>2607.8</ele>
        <time>2024-02-18T15:20:27Z</time>
      </trkpt>
      <trkpt lat="37.622124" lon="-119.552981">
        <ele>2612.2</ele>
        <time>2024-02-18T15:20:58Z</time>
      </trkpt>
      <trkpt lat="37.622073" lon="-119.55293">
        <ele>2613.4</ele>
        <time>2024-02-18T15:21:09Z</time>
      </trkpt>
      <trkpt lat="37.622049" lon="-119.55292">
        <ele>2613.7</ele>
        <time>2024-02-18T15:21:17Z</time>
      </trkpt>
      <trkpt lat="37.621992" lon="-119.552853">
        <ele>2618.1</ele>
        <time>2024-02-18T15:21:45Z</time>
      </trkpt>
      <trkpt lat="37.62192" lon="-119.55283">
        <ele>2621.9</ele>
        <time>2024-02-18T15:22:19Z</time>
      </trkpt>
      <trkpt lat="37.621862" lon="-119.552845">
        <ele>2624.2</ele>
        <time>2024-02-18T15:22:36Z</time>
      </trkpt>
      <trkpt lat="37.621744" lon="-119.553127">
        <ele>2628.4</ele>
        <time>2024-02-18T15:23:57Z</time>
      </trkpt>
      <trkpt lat="37.621749" lon="-119.553211">
        <ele>2632.5</ele>
        <time>2024-02-18T15:24:34Z</time>
      </trkpt>
      <trkpt lat="37.621733" lon="-119.553237">
        <ele>2633.6</ele>
        <time>2024-02-18T15:24:51Z</time>
      </trkpt>
      <trkpt lat="37.621693" lon="-119.553234">
        <ele>2634.6</ele>
        <time>2024-02-18T15:24:56Z</time>
      </trkpt>
      <trkpt lat="37.621641" lon="-119.553207">
        <ele>2638.1</ele>
        <time>2024-02-18T15:25:20Z</time>
      </trkpt>
      <trkpt lat="37.62161" lon="-119.553167">
        <ele>2638.2</ele>
        <time>2024-02-18T15:25:36Z</time>
      </trkpt>
      <trkpt lat="37.621545" lon="-119.553121">
        <ele>2640.4</ele>
        <time>2024-02-18T15:25:59Z</time>
      </trkpt>
      <trkpt lat="37.621484" lon="-119.553053">
        <ele>2642.0</ele>
        <time>2024-02-18T15:26:44Z</time>
      </trkpt>
      <trkpt lat="37.62142" lon="-119.553287">
        <ele>2646.2</ele>
        <time>2024-02-18T15:27:53Z</time>
      </trkpt>
      <trkpt lat="37.621397" lon="-119.553303">
        <ele>2647.0</ele>
        <time>2024-02-18T15:28:14Z</time>
      </trkpt>
      <trkpt lat="37.621329" lon="-119.553297">
        <ele>2648.7</ele>
        <time>2024-02-18T15:28:41Z</time>
      </trkpt>
      <trkpt lat="37.6213" lon="-119.553337">
        <ele>2649.0</ele>
        <time>2024-02-18T15:28:56Z</time>
      </trkpt>
      <trkpt lat="37.621304" lon="-119.5534">
        <ele>2650.2</ele>
        <time>2024-02-18T15:29:07Z</time>
      </trkpt>
      <trkpt lat="37.621281" lon="-119.553413">
        <ele>2653.3</ele>
        <time>2024-02-18T15:29:48Z</time>
      </trkpt>
      <trkpt lat="37.621238" lon="-119.553349">
        <ele>2661.2</ele>
        <time>2024-02-18T15:30:25Z</time>
      </trkpt>
      <trkpt lat="37.62115" lon="-119.553027">
        <ele>2666.6</ele>
        <time>2024-02-18T15:31:46Z</time>
      </trkpt>
      <trkpt lat="37.621101" lon="-119.552951">
        <ele>2666.2</ele>
        <time>2024-02-18T15:32:15Z</time>
      </trkpt>
      <trkpt lat="37.621097" lon="-119.552914">
        <ele>2668.2</ele>
        <time>2024-02-18T15:33:58Z</time>
      </trkpt>
      <trkpt lat="37.621068" lon="-119.552871">
        <ele>2669.2</ele>
        <time>2024-02-18T15:34:33Z</time>
      </trkpt>
      <trkpt lat="37.621043" lon="-119.552788">
        <ele>2669.8</ele>
        <time>2024-02-18T15:34:42Z</time>
      </trkpt>
      <trkpt lat="37.620999" lon="-119.552722">
        <ele>2671.4</ele>
        <time>2024-02-18T15:34:59Z</time>
      </trkpt>
      <trkpt lat="37.620921" lon="-119.552518">
        <ele>2671.6</ele>
        <time>2024-02-18T15:35:30Z</time>
      </trkpt>
      <trkpt lat="37.620883" lon="-119.552454">
        <ele>2672.5</ele>
        <time>2024-02-18T15:35:46Z</time>
      </trkpt>
      <trkpt lat="37.62087" lon="-119.552399">
        <ele>2672.6</ele>
        <time>2024-02-18T15:35:52Z</time>
      </trkpt>
      <trkpt lat="37.62088" lon="-119.552336">
        <ele>2674.6</ele>
        <time>2024-02-18T15:36:07Z</time>
      </trkpt>
      <trkpt lat="37.620873" lon="-119.552285">
        <ele>2675.8</ele>
        <time>2024-02-18T15:36:17Z</time>
      </trkpt>
      <trkpt lat="37.620837" lon="-119.552245">
        <ele>2676.9</ele>
        <time>2024-02-18T15:36:27Z</time>
      </trkpt>
      <trkpt lat="37.620816" lon="-119.552192">
        <ele>2677.8</ele>
        <time>2024-02-18T15:36:36Z</time>
      </trkpt>
      <trkpt lat="37.620803" lon="-119.552129">
        <ele>2679.0</ele>
        <time>2024-02-18T15:36:50Z</time>
      </trkpt>
      <trkpt lat="37.620815" lon="-119.552079">
        <ele>2679.1</ele>
        <time>2024-02-18T15:36:55Z</time>
      </trkpt>
      <trkpt lat="37.620792" lon="-119.551961">
        <ele>2680.7</ele>
        <time>2024-02-18T15:37:12Z</time>
      </trkpt>
      <trkpt lat="37.620752" lon="-119.551922">
        <ele>2682.5</ele>
        <time>2024-02-18T15:37:23Z</time>
      </trkpt>
      <trkpt lat="37.620727" lon="-119.551845">
        <ele>2683.3</ele>
        <time>2024-02-18T15:38:05Z</time>
      </trkpt>
      <trkpt lat="37.620705" lon="-119.551831">
        <ele>2683.6</ele>
        <time>2024-02-18T15:38:15Z</time>
      </trkpt>
      <trkpt lat="37.620681" lon="-119.551787">
        <ele>2684.7</ele>
        <time>2024-02-18T15:38:32Z</time>
      </trkpt>
      <trkpt lat="37.62065" lon="-119.551756">
        <ele>2685.2</ele>
        <time>2024-02-18T15:38:37Z</time>
      </trkpt>
      <trkpt lat="37.620637" lon="-119.551708">
        <ele>2686.4</ele>
        <time>2024-02-18T15:38:48Z</time>
      </trkpt>
      <trkpt lat="37.620581" lon="-119.551637">
        <ele>2688.0</ele>
        <time>2024-02-18T15:39:03Z</time>
      </trkpt>
      <trkpt lat="37.620537" lon="-119.551608">
        <ele>2689.5</ele>
        <time>2024-02-18T15:39:27Z</time>
      </trkpt>
      <trkpt lat="37.620503" lon="-119.551536">
        <ele>2690.5</ele>
        <time>2024-02-18T15:39:35Z</time>
      </trkpt>
      <trkpt lat="37.62047" lon="-119.551412">
        <ele>2694.3</ele>
        <time>2024-02-18T15:41:40Z</time>
      </trkpt>
      <trkpt lat="37.620498" lon="-119.551329">
        <ele>2694.0</ele>
        <time>2024-02-18T15:41:47Z</time>
      </trkpt>
      <trkpt lat="37.620534" lon="-119.551257">
        <ele>2692.5</ele>
        <time>2024-02-18T15:41:54Z</time>
      </trkpt>
      <trkpt lat="37.620549" lon="-119.551096">
        <ele>2693.7</ele>
        <time>2024-02-18T15:42:30Z</time>
      </trkpt>
      <trkpt lat="37.620555" lon="-119.55108">
        <ele>2694.0</ele>
        <time>2024-02-18T15:42:31Z</time>
      </trkpt>
      <trkpt lat="37.620566" lon="-119.550945">
        <ele>2694.1</ele>
        <time>2024-02-18T15:42:43Z</time>
      </trkpt>
      <trkpt lat="37.62061" lon="-119.550859">
        <ele>2693.9</ele>
        <time>2024-02-18T15:42:52Z</time>
      </trkpt>
      <trkpt lat="37.620589" lon="-119.550758">
        <ele>2695.9</ele>
        <time>2024-02-18T15:43:01Z</time>
      </trkpt>
      <trkpt lat="37.620591" lon="-119.550695">
        <ele>2695.9</ele>
        <time>2024-02-18T15:43:14Z</time>
      </trkpt>
      <trkpt lat="37.620572" lon="-119.550673">
        <ele>2696.8</ele>
        <time>2024-02-18T15:43:19Z</time>
      </trkpt>
      <trkpt lat="37.620551" lon="-119.550582">
        <ele>2694.5</ele>
        <time>2024-02-18T15:43:39Z</time>
      </trkpt>
      <trkpt lat="37.620563" lon="-119.550491">
        <ele>2694.0</ele>
        <time>2024-02-18T15:43:48Z</time>
      </trkpt>
      <trkpt lat="37.620537" lon="-119.550436">
        <ele>2693.2</ele>
        <time>2024-02-18T15:44:07Z</time>
      </trkpt>
      <trkpt lat="37.620537" lon="-119.55039">
        <ele>2694.1</ele>
        <time>2024-02-18T15:44:16Z</time>
      </trkpt>
      <trkpt lat="37.620464" lon="-119.550268">
        <ele>2694.6</ele>
        <time>2024-02-18T15:44:36Z</time>
      </trkpt>
      <trkpt lat="37.620458" lon="-119.550152">
        <ele>2697.6</ele>
        <time>2024-02-18T15:44:59Z</time>
      </trkpt>
      <trkpt lat="37.620469" lon="-119.550125">
        <ele>2702.6</ele>
        <time>2024-02-18T15:45:28Z</time>
      </trkpt>
      <trkpt lat="37.620454" lon="-119.550063">
        <ele>2704.5</ele>
        <time>2024-02-18T15:45:40Z</time>
      </trkpt>
      <trkpt lat="37.620445" lon="-119.549954">
        <ele>2705.5</ele>
        <time>2024-02-18T15:45:57Z</time>
      </trkpt>
      <trkpt lat="37.620445" lon="-119.549752">
        <ele>2707.9</ele>
        <time>2024-02-18T15:46:31Z</time>
      </trkpt>
      <trkpt lat="37.620484" lon="-119.549522">
        <ele>2715.2</ele>
        <time>2024-02-18T15:48:01Z</time>
      </trkpt>
      <trkpt lat="37.620507" lon="-119.549419">
        <ele>2716.6</ele>
        <time>2024-02-18T15:48:13Z</time>
      </trkpt>
      <trkpt lat="37.620534" lon="-119.549363">
        <ele>2717.9</ele>
        <time>2024-02-18T15:48:23Z</time>
      </trkpt>
      <trkpt lat="37.620538" lon="-119.549295">
        <ele>2718.7</ele>
        <time>2024-02-18T15:48:31Z</time>
      </trkpt>
      <trkpt lat="37.62056" lon="-119.549274">
        <ele>2720.4</ele>
        <time>2024-02-18T15:53:17Z</time>
      </trkpt>
      <trkpt lat="37.620592" lon="-119.54932">
        <ele>2720.9</ele>
        <time>2024-02-18T15:55:03Z</time>
      </trkpt>
      <trkpt lat="37.620641" lon="-119.54933">
        <ele>2719.6</ele>
        <time>2024-02-18T15:55:10Z</time>
      </trkpt>
      <trkpt lat="37.62066" lon="-119.549346">
        <ele>2719.0</ele>
        <time>2024-02-18T15:55:12Z</time>
      </trkpt>
      <trkpt lat="37.620674" lon="-119.549391">
        <ele>2718.1</ele>
        <time>2024-02-18T15:55:15Z</time>
      </trkpt>
      <trkpt lat="37.620748" lon="-119.549404">
        <ele>2715.8</ele>
        <time>2024-02-18T15:55:21Z</time>
      </trkpt>
      <trkpt lat="37.62076" lon="-119.549429">
        <ele>2714.7</ele>
        <time>2024-02-18T15:55:23Z</time>
      </trkpt>
      <trkpt lat="37.620794" lon="-119.549457">
        <ele>2712.8</ele>
        <time>2024-02-18T15:55:25Z</time>
      </trkpt>
      <trkpt lat="37.620821" lon="-119.549592">
        <ele>2708.1</ele>
        <time>2024-02-18T15:55:28Z</time>
      </trkpt>
      <trkpt lat="37.62084" lon="-119.549708">
        <ele>2705.1</ele>
        <time>2024-02-18T15:55:30Z</time>
      </trkpt>
      <trkpt lat="37.620874" lon="-119.549973">
        <ele>2704.7</ele>
        <time>2024-02-18T15:55:35Z</time>
      </trkpt>
      <trkpt lat="37.620905" lon="-119.550039">
        <ele>2704.6</ele>
        <time>2024-02-18T15:55:37Z</time>
      </trkpt>
      <trkpt lat="37.620919" lon="-119.550141">
        <ele>2704.8</ele>
        <time>2024-02-18T15:55:40Z</time>
      </trkpt>
      <trkpt lat="37.620977" lon="-119.550129">
        <ele>2682.1</ele>
        <time>2024-02-18T15:55:41Z</time>
      </trkpt>
      <trkpt lat="37.620973" lon="-119.550121">
        <ele>2680.0</ele>
        <time>2024-02-18T15:55:42Z</time>
      </trkpt>
      <trkpt lat="37.621109" lon="-119.550094">
        <ele>2689.4</ele>
        <time>2024-02-18T15:55:48Z</time>
      </trkpt>
      <trkpt lat="37.621163" lon="-119.550031">
        <ele>2683.8</ele>
        <time>2024-02-18T15:56:06Z</time>
      </trkpt>
      <trkpt lat="37.621254" lon="-119.550027">
        <ele>2679.0</ele>
        <time>2024-02-18T15:56:14Z</time>
      </trkpt>
      <trkpt lat="37.621313" lon="-119.549996">
        <ele>2677.2</ele>
        <time>2024-02-18T15:56:17Z</time>
      </trkpt>
      <trkpt lat="37.621415" lon="-119.549975">
        <ele>2673.9</ele>
        <time>2024-02-18T15:56:21Z</time>
      </trkpt>
      <trkpt lat="37.621508" lon="-119.549871">
        <ele>2670.8</ele>
        <time>2024-02-18T15:56:26Z</time>
      </trkpt>
      <trkpt lat="37.621557" lon="-119.549837">
        <ele>2668.2</ele>
        <time>2024-02-18T15:56:30Z</time>
      </trkpt>
      <trkpt lat="37.621575" lon="-119.549835">
        <ele>2667.7</ele>
        <time>2024-02-18T15:56:32Z</time>
      </trkpt>
      <trkpt lat="37.621717" lon="-119.549917">
        <ele>2651.9</ele>
        <time>2024-02-18T15:57:03Z</time>
      </trkpt>
      <trkpt lat="37.621889" lon="-119.549971">
        <ele>2646.3</ele>
        <time>2024-02-18T15:57:11Z</time>
      </trkpt>
      <trkpt lat="37.621951" lon="-119.550002">
        <ele>2644.2</ele>
        <time>2024-02-18T15:57:13Z</time>
      </trkpt>
      <trkpt lat="37.621972" lon="-119.550031">
        <ele>2643.5</ele>
        <time>2024-02-18T15:57:14Z</time>
      </trkpt>
      <trkpt lat="37.622049" lon="-119.550069">
        <ele>2640.3</ele>
        <time>2024-02-18T15:57:16Z</time>
      </trkpt>
      <trkpt lat="37.622132" lon="-119.550103">
        <ele>2639.0</ele>
        <time>2024-02-18T15:57:17Z</time>
      </trkpt>
      <trkpt lat="37.622257" lon="-119.550164">
        <ele>2635.2</ele>
        <time>2024-02-18T15:57:18Z</time>
      </trkpt>
      <trkpt lat="37.622365" lon="-119.550233">
        <ele>2631.8</ele>
        <time>2024-02-18T15:57:19Z</time>
      </trkpt>
      <trkpt lat="37.622591" lon="-119.550578">
        <ele>2613.6</ele>
        <time>2024-02-18T15:57:24Z</time>
      </trkpt>
      <trkpt lat="37.622643" lon="-119.550738">
        <ele>2607.6</ele>
        <time>2024-02-18T15:57:27Z</time>
      </trkpt>
      <trkpt lat="37.622642" lon="-119.55084">
        <ele>2597.2</ele>
        <time>2024-02-18T15:57:41Z</time>
      </trkpt>
      <trkpt lat="37.622662" lon="-119.550909">
        <ele>2593.0</ele>
        <time>2024-02-18T15:58:07Z</time>
      </trkpt>
      <trkpt lat="37.622731" lon="-119.551015">
        <ele>2596.0</ele>
        <time>2024-02-18T15:58:12Z</time>
      </trkpt>
      <trkpt lat="37.62274" lon="-119.551069">
        <ele>2598.3</ele>
        <time>2024-02-18T15:58:23Z</time>
      </trkpt>
      <trkpt lat="37.622761" lon="-119.551089">
        <ele>2598.3</ele>
        <time>2024-02-18T15:58:26Z</time>
      </trkpt>
      <trkpt lat="37.622815" lon="-119.55123">
        <ele>2593.8</ele>
        <time>2024-02-18T16:02:04Z</time>
      </trkpt>
      <trkpt lat="37.622812" lon="-119.55138">
        <ele>2594.4</ele>
        <time>2024-02-18T16:02:15Z</time>
      </trkpt>
      <trkpt lat="37.62282" lon="-119.551543">
        <ele>2593.9</ele>
        <time>2024-02-18T16:02:27Z</time>
      </trkpt>
      <trkpt lat="37.622793" lon="-119.551761">
        <ele>2592.6</ele>
        <time>2024-02-18T16:02:44Z</time>
      </trkpt>
      <trkpt lat="37.622821" lon="-119.551983">
        <ele>2595.0</ele>
        <time>2024-02-18T16:03:01Z</time>
      </trkpt>
      <trkpt lat="37.62281" lon="-119.552089">
        <ele>2595.1</ele>
        <time>2024-02-18T16:03:17Z</time>
      </trkpt>
      <trkpt lat="37.622784" lon="-119.552141">
        <ele>2591.9</ele>
        <time>2024-02-18T16:03:27Z</time>
      </trkpt>
      <trkpt lat="37.622712" lon="-119.552159">
        <ele>2590.8</ele>
        <time>2024-02-18T16:03:33Z</time>
      </trkpt>
      <trkpt lat="37.622588" lon="-119.552167">
        <ele>2592.4</ele>
        <time>2024-02-18T16:03:46Z</time>
      </trkpt>
      <trkpt lat="37.622566" lon="-119.55218">
        <ele>2593.9</ele>
        <time>2024-02-18T16:03:51Z</time>
      </trkpt>
      <trkpt lat="37.622512" lon="-119.552297">
        <ele>2589.5</ele>
        <time>2024-02-18T16:04:14Z</time>
      </trkpt>
      <trkpt lat="37.62239" lon="-119.552427">
        <ele>2590.2</ele>
        <time>2024-02-18T16:04:37Z</time>
      </trkpt>
      <trkpt lat="37.622347" lon="-119.552521">
        <ele>2590.3</ele>
        <time>2024-02-18T16:04:53Z</time>
      </trkpt>
      <trkpt lat="37.622312" lon="-119.552568">
        <ele>2591.6</ele>
        <time>2024-02-18T16:05:09Z</time>
      </trkpt>
      <trkpt lat="37.622247" lon="-119.552709">
        <ele>2592.4</ele>
        <time>2024-02-18T16:05:33Z</time>
      </trkpt>
      <trkpt lat="37.622225" lon="-119.552722">
        <ele>2592.7</ele>
        <time>2024-02-18T16:05:39Z</time>
      </trkpt>
      <trkpt lat="37.622171" lon="-119.552834">
        <ele>2591.6</ele>
        <time>2024-02-18T16:06:05Z</time>
      </trkpt>
      <trkpt lat="37.622146" lon="-119.552868">
        <ele>2591.2</ele>
        <time>2024-02-18T16:06:11Z</time>
      </trkpt>
      <trkpt lat="37.622147" lon="-119.552926">
        <ele>2597.3</ele>
        <time>2024-02-18T16:06:35Z</time>
      </trkpt>
      <trkpt lat="37.622126" lon="-119.552985">
        <ele>2602.5</ele>
        <time>2024-02-18T16:06:48Z</time>
      </trkpt>
      <trkpt lat="37.622036" lon="-119.552939">
        <ele>2605.8</ele>
        <time>2024-02-18T16:07:10Z</time>
      </trkpt>
      <trkpt lat="37.621999" lon="-119.552904">
        <ele>2609.1</ele>
        <time>2024-02-18T16:07:20Z</time>
      </trkpt>
      <trkpt lat="37.621969" lon="-119.552854">
        <ele>2614.4</ele>
        <time>2024-02-18T16:07:32Z</time>
      </trkpt>
      <trkpt lat="37.62191" lon="-119.552835">
        <ele>2617.2</ele>
        <time>2024-02-18T16:07:46Z</time>
      </trkpt>
      <trkpt lat="37.621886" lon="-119.552818">
        <ele>2619.2</ele>
        <time>2024-02-18T16:07:59Z</time>
      </trkpt>
      <trkpt lat="37.621861" lon="-119.552827">
        <ele>2621.1</ele>
        <time>2024-02-18T16:08:07Z</time>
      </trkpt>
      <trkpt lat="37.621775" lon="-119.552944">
        <ele>2618.5</ele>
        <time>2024-02-18T16:08:37Z</time>
      </trkpt>
      <trkpt lat="37.62175" lon="-119.553007">
        <ele>2618.1</ele>
        <time>2024-02-18T16:08:56Z</time>
      </trkpt>
      <trkpt lat="37.621736" lon="-119.553149">
        <ele>2619.4</ele>
        <time>2024-02-18T16:09:29Z</time>
      </trkpt>
      <trkpt lat="37.621748" lon="-119.553185">
        <ele>2621.3</ele>
        <time>2024-02-18T16:09:45Z</time>
      </trkpt>
      <trkpt lat="37.621707" lon="-119.553211">
        <ele>2624.1</ele>
        <time>2024-02-18T16:10:02Z</time>
      </trkpt>
      <trkpt lat="37.621682" lon="-119.553198">
        <ele>2625.8</ele>
        <time>2024-02-18T16:10:10Z</time>
      </trkpt>
      <trkpt lat="37.621635" lon="-119.553199">
        <ele>2632.2</ele>
        <time>2024-02-18T16:10:27Z</time>
      </trkpt>
      <trkpt lat="37.621487" lon="-119.553054">
        <ele>2647.0</ele>
        <time>2024-02-18T16:11:14Z</time>
      </trkpt>
      <trkpt lat="37.621469" lon="-119.553091">
        <ele>2646.8</ele>
        <time>2024-02-18T16:11:23Z</time>
      </trkpt>
      <trkpt lat="37.621444" lon="-119.553101">
        <ele>2646.7</ele>
        <time>2024-02-18T16:11:33Z</time>
      </trkpt>
      <trkpt lat="37.621403" lon="-119.553264">
        <ele>2643.2</ele>
        <time>2024-02-18T16:12:00Z</time>
      </trkpt>
      <trkpt lat="37.621358" lon="-119.553308">
        <ele>2644.4</ele>
        <time>2024-02-18T16:12:11Z</time>
      </trkpt>
      <trkpt lat="37.621346" lon="-119.553337">
        <ele>2642.8</ele>
        <time>2024-02-18T16:12:17Z</time>
      </trkpt>
      <trkpt lat="37.621338" lon="-119.553311">
        <ele>2641.3</ele>
        <time>2024-02-18T16:12:30Z</time>
      </trkpt>
      <trkpt lat="37.621304" lon="-119.553278">
        <ele>2644.6</ele>
        <time>2024-02-18T16:12:37Z</time>
      </trkpt>
      <trkpt lat="37.62132" lon="-119.553358">
        <ele>2641.7</ele>
        <time>2024-02-18T16:12:49Z</time>
      </trkpt>
      <trkpt lat="37.621303" lon="-119.553439">
        <ele>2645.3</ele>
        <time>2024-02-18T16:13:07Z</time>
      </trkpt>
      <trkpt lat="37.621282" lon="-119.553426">
        <ele>2648.7</ele>
        <time>2024-02-18T16:13:13Z</time>
      </trkpt>
      <trkpt lat="37.62124" lon="-119.553363">
        <ele>2652.7</ele>
        <time>2024-02-18T16:13:20Z</time>
      </trkpt>
      <trkpt lat="37.621208" lon="-119.553304">
        <ele>2657.1</ele>
        <time>2024-02-18T16:13:27Z</time>
      </trkpt>
      <trkpt lat="37.621198" lon="-119.553241">
        <ele>2658.9</ele>
        <time>2024-02-18T16:13:38Z</time>
      </trkpt>
      <trkpt lat="37.621161" lon="-119.553144">
        <ele>2662.0</ele>
        <time>2024-02-18T16:13:51Z</time>
      </trkpt>
      <trkpt lat="37.6211" lon="-119.552927">
        <ele>2668.4</ele>
        <time>2024-02-18T16:14:27Z</time>
      </trkpt>
      <trkpt lat="37.621086" lon="-119.55289">
        <ele>2670.2</ele>
        <time>2024-02-18T16:14:33Z</time>
      </trkpt>
      <trkpt lat="37.62106" lon="-119.552889">
        <ele>2672.1</ele>
        <time>2024-02-18T16:14:47Z</time>
      </trkpt>
      <trkpt lat="37.621014" lon="-119.552862">
        <ele>2673.3</ele>
        <time>2024-02-18T16:14:57Z</time>
      </trkpt>
      <trkpt lat="37.62099" lon="-119.552865">
        <ele>2672.3</ele>
        <time>2024-02-18T16:15:05Z</time>
      </trkpt>
      <trkpt lat="37.620922" lon="-119.552816">
        <ele>2674.0</ele>
        <time>2024-02-18T16:15:35Z</time>
      </trkpt>
      <trkpt lat="37.62087" lon="-119.552754">
        <ele>2676.9</ele>
        <time>2024-02-18T16:15:51Z</time>
      </trkpt>
      <trkpt lat="37.620867" lon="-119.55282">
        <ele>2678.4</ele>
        <time>2024-02-18T16:16:50Z</time>
      </trkpt>
      <trkpt lat="37.620809" lon="-119.552829">
        <ele>2679.9</ele>
        <time>2024-02-18T16:17:09Z</time>
      </trkpt>
      <trkpt lat="37.620791" lon="-119.552877">
        <ele>2679.4</ele>
        <time>2024-02-18T16:17:20Z</time>
      </trkpt>
      <trkpt lat="37.620765" lon="-119.552885">
        <ele>2678.1</ele>
        <time>2024-02-18T16:17:33Z</time>
      </trkpt>
      <trkpt lat="37.620747" lon="-119.552936">
        <ele>2681.5</ele>
        <time>2024-02-18T16:18:10Z</time>
      </trkpt>
      <trkpt lat="37.620715" lon="-119.552951">
        <ele>2682.0</ele>
        <time>2024-02-18T16:18:14Z</time>
      </trkpt>
      <trkpt lat="37.620664" lon="-119.552918">
        <ele>2684.0</ele>
        <time>2024-02-18T16:18:30Z</time>
      </trkpt>
      <trkpt lat="37.620647" lon="-119.552895">
        <ele>2684.4</ele>
        <time>2024-02-18T16:18:34Z</time>
      </trkpt>
      <trkpt lat="37.620626" lon="-119.55291">
        <ele>2683.8</ele>
        <time>2024-02-18T16:18:46Z</time>
      </trkpt>
      <trkpt lat="37.620629" lon="-119.552938">
        <ele>2683.1</ele>
        <time>2024-02-18T16:19:01Z</time>
      </trkpt>
      <trkpt lat="37.620609" lon="-119.552952">
        <ele>2682.4</ele>
        <time>2024-02-18T16:19:06Z</time>
      </trkpt>
      <trkpt lat="37.620601" lon="-119.552992">
        <ele>2681.1</ele>
        <time>2024-02-18T16:19:17Z</time>
      </trkpt>
      <trkpt lat="37.620549" lon="-119.553052">
        <ele>2682.8</ele>
        <time>2024-02-18T16:19:43Z</time>
      </trkpt>
      <trkpt lat="37.620523" lon="-119.553046">
        <ele>2684.2</ele>
        <time>2024-02-18T16:19:47Z</time>
      </trkpt>
      <trkpt lat="37.620509" lon="-119.553072">
        <ele>2689.7</ele>
        <time>2024-02-18T16:20:19Z</time>
      </trkpt>
      <trkpt lat="37.620474" lon="-119.553017">
        <ele>2697.7</ele>
        <time>2024-02-18T16:20:59Z</time>
      </trkpt>
      <trkpt lat="37.620458" lon="-119.552978">
        <ele>2697.7</ele>
        <time>2024-02-18T16:21:07Z</time>
      </trkpt>
      <trkpt lat="37.620437" lon="-119.552991">
        <ele>2697.5</ele>
        <time>2024-02-18T16:21:17Z</time>
      </trkpt>
      <trkpt lat="37.620435" lon="-119.553021">
        <ele>2697.0</ele>
        <time>2024-02-18T16:21:21Z</time>
      </trkpt>
      <trkpt lat="37.62039" lon="-119.553052">
        <ele>2696.2</ele>
        <time>2024-02-18T16:21:38Z</time>
      </trkpt>
      <trkpt lat="37.620393" lon="-119.552974">
        <ele>2704.2</ele>
        <time>2024-02-18T16:22:17Z</time>
      </trkpt>
      <trkpt lat="37.620357" lon="-119.552872">
        <ele>2707.0</ele>
        <time>2024-02-18T16:22:39Z</time>
      </trkpt>
      <trkpt lat="37.620362" lon="-119.552811">
        <ele>2711.4</ele>
        <time>2024-02-18T16:23:32Z</time>
      </trkpt>
      <trkpt lat="37.620372" lon="-119.55285">
        <ele>2713.6</ele>
        <time>2024-02-18T16:26:12Z</time>
      </trkpt>
      <trkpt lat="37.620377" lon="-119.552817">
        <ele>2716.0</ele>
        <time>2024-02-18T16:28:29Z</time>
      </trkpt>
      <trkpt lat="37.620364" lon="-119.552795">
        <ele>2714.6</ele>
        <time>2024-02-18T16:28:56Z</time>
      </trkpt>
      <trkpt lat="37.620411" lon="-119.552816">
        <ele>2713.9</ele>
        <time>2024-02-18T16:30:48Z</time>
      </trkpt>
      <trkpt lat="37.620434" lon="-119.552808">
        <ele>2713.2</ele>
        <time>2024-02-18T16:30:51Z</time>
      </trkpt>
      <trkpt lat="37.620465" lon="-119.552767">
        <ele>2712.3</ele>
        <time>2024-02-18T16:30:54Z</time>
      </trkpt>
      <trkpt lat="37.620479" lon="-119.552733">
        <ele>2706.7</ele>
        <time>2024-02-18T16:31:03Z</time>
      </trkpt>
      <trkpt lat="37.620603" lon="-119.552828">
        <ele>2698.3</ele>
        <time>2024-02-18T16:31:08Z</time>
      </trkpt>
      <trkpt lat="37.620634" lon="-119.552822">
        <ele>2695.5</ele>
        <time>2024-02-18T16:31:09Z</time>
      </trkpt>
      <trkpt lat="37.620627" lon="-119.552771">
        <ele>2692.4</ele>
        <time>2024-02-18T16:31:10Z</time>
      </trkpt>
      <trkpt lat="37.620637" lon="-119.552728">
        <ele>2678.2</ele>
        <time>2024-02-18T16:31:26Z</time>
      </trkpt>
      <trkpt lat="37.620682" lon="-119.552686">
        <ele>2675.1</ele>
        <time>2024-02-18T16:31:32Z</time>
      </trkpt>
      <trkpt lat="37.620763" lon="-119.552665">
        <ele>2671.6</ele>
        <time>2024-02-18T16:31:34Z</time>
      </trkpt>
      <trkpt lat="37.620792" lon="-119.552646">
        <ele>2670.2</ele>
        <time>2024-02-18T16:31:35Z</time>
      </trkpt>
      <trkpt lat="37.620853" lon="-119.552626">
        <ele>2668.5</ele>
        <time>2024-02-18T16:31:36Z</time>
      </trkpt>
      <trkpt lat="37.620862" lon="-119.552607">
        <ele>2667.7</ele>
        <time>2024-02-18T16:31:37Z</time>
      </trkpt>
      <trkpt lat="37.620943" lon="-119.552542">
        <ele>2664.7</ele>
        <time>2024-02-18T16:31:40Z</time>
      </trkpt>
      <trkpt lat="37.622645" lon="-119.552136">
        <ele>2650.3</ele>
        <time>2024-02-18T16:31:54Z</time>
      </trkpt>
      <trkpt lat="37.622728" lon="-119.552082">
        <ele>2650.1</ele>
        <time>2024-02-18T16:31:55Z</time>
      </trkpt>
      <trkpt lat="37.622892" lon="-119.551924">
        <ele>2629.0</ele>
        <time>2024-02-18T16:31:59Z</time>
      </trkpt>
      <trkpt lat="37.623004" lon="-119.551845">
        <ele>2619.8</ele>
        <time>2024-02-18T16:32:03Z</time>
      </trkpt>
      <trkpt lat="37.62295" lon="-119.551826">
        <ele>2616.8</ele>
        <time>2024-02-18T16:32:07Z</time>
      </trkpt>
      <trkpt lat="37.622926" lon="-119.551828">
        <ele>2614.4</ele>
        <time>2024-02-18T16:32:09Z</time>
      </trkpt>
      <trkpt lat="37.622834" lon="-119.55186">
        <ele>2596.8</ele>
        <time>2024-02-18T16:32:36Z</time>
      </trkpt>
      <trkpt lat="37.622752" lon="-119.551923">
        <ele>2595.0</ele>
        <time>2024-02-18T16:33:19Z</time>
      </trkpt>
      <trkpt lat="37.622719" lon="-119.551968">
        <ele>2597.6</ele>
        <time>2024-02-18T16:34:01Z</time>
      </trkpt>
      <trkpt lat="37.622719" lon="-119.551991">
        <ele>2595.1</ele>
        <time>2024-02-18T16:38:53Z</time>
      </trkpt>
      <trkpt lat="37.622682" lon="-119.552093">
        <ele>2589.5</ele>
        <time>2024-02-18T16:43:25Z</time>
      </trkpt>
      <trkpt lat="37.622655" lon="-119.552138">
        <ele>2589.8</ele>
        <time>2024-02-18T16:43:29Z</time>
      </trkpt>
      <trkpt lat="37.622631" lon="-119.552148">
        <ele>2589.3</ele>
        <time>2024-02-18T16:43:33Z</time>
      </trkpt>
      <trkpt lat="37.622523" lon="-119.552242">
        <ele>2592.0</ele>
        <time>2024-02-18T16:43:57Z</time>
      </trkpt>
      <trkpt lat="37.622461" lon="-119.552373">
        <ele>2591.8</ele>
        <time>2024-02-18T16:44:10Z</time>
      </trkpt>
      <trkpt lat="37.622417" lon="-119.552414">
        <ele>2592.4</ele>
        <time>2024-02-18T16:44:19Z</time>
      </trkpt>
      <trkpt lat="37.622387" lon="-119.55243">
        <ele>2592.8</ele>
        <time>2024-02-18T16:44:27Z</time>
      </trkpt>
      <trkpt lat="37.622374" lon="-119.552489">
        <ele>2595.7</ele>
        <time>2024-02-18T16:44:39Z</time>
      </trkpt>
      <trkpt lat="37.622313" lon="-119.552598">
        <ele>2597.4</ele>
        <time>2024-02-18T16:44:56Z</time>
      </trkpt>
      <trkpt lat="37.622238" lon="-119.552679">
        <ele>2597.0</ele>
        <time>2024-02-18T16:45:14Z</time>
      </trkpt>
      <trkpt lat="37.622207" lon="-119.552762">
        <ele>2597.9</ele>
        <time>2024-02-18T16:45:31Z</time>
      </trkpt>
      <trkpt lat="37.622165" lon="-119.552819">
        <ele>2599.1</ele>
        <time>2024-02-18T16:45:42Z</time>
      </trkpt>
      <trkpt lat="37.622157" lon="-119.552849">
        <ele>2599.9</ele>
        <time>2024-02-18T16:45:50Z</time>
      </trkpt>
      <trkpt lat="37.622167" lon="-119.552914">
        <ele>2601.1</ele>
        <time>2024-02-18T16:46:07Z</time>
      </trkpt>
      <trkpt lat="37.622156" lon="-119.552943">
        <ele>2601.1</ele>
        <time>2024-02-18T16:46:12Z</time>
      </trkpt>
      <trkpt lat="37.622172" lon="-119.552979">
        <ele>2602.7</ele>
        <time>2024-02-18T16:46:18Z</time>
      </trkpt>
      <trkpt lat="37.622106" lon="-119.552986">
        <ele>2604.7</ele>
        <time>2024-02-18T16:46:28Z</time>
      </trkpt>
      <trkpt lat="37.622014" lon="-119.55294">
        <ele>2607.0</ele>
        <time>2024-02-18T16:46:42Z</time>
      </trkpt>
      <trkpt lat="37.62193" lon="-119.552832">
        <ele>2608.5</ele>
        <time>2024-02-18T16:46:59Z</time>
      </trkpt>
      <trkpt lat="37.621861" lon="-119.552802">
        <ele>2612.6</ele>
        <time>2024-02-18T16:47:25Z</time>
      </trkpt>
      <trkpt lat="37.621836" lon="-119.552805">
        <ele>2613.5</ele>
        <time>2024-02-18T16:47:30Z</time>
      </trkpt>
      <trkpt lat="37.621787" lon="-119.552945">
        <ele>2616.4</ele>
        <time>2024-02-18T16:48:01Z</time>
      </trkpt>
      <trkpt lat="37.621743" lon="-119.553111">
        <ele>2621.2</ele>
        <time>2024-02-18T16:48:32Z</time>
      </trkpt>
      <trkpt lat="37.621758" lon="-119.553179">
        <ele>2621.1</ele>
        <time>2024-02-18T16:48:42Z</time>
      </trkpt>
      <trkpt lat="37.621763" lon="-119.553261">
        <ele>2622.9</ele>
        <time>2024-02-18T16:48:58Z</time>
      </trkpt>
      <trkpt lat="37.621736" lon="-119.553259">
        <ele>2621.0</ele>
        <time>2024-02-18T16:49:05Z</time>
      </trkpt>
      <trkpt lat="37.621633" lon="-119.55322">
        <ele>2622.9</ele>
        <time>2024-02-18T16:49:28Z</time>
      </trkpt>
      <trkpt lat="37.621547" lon="-119.553141">
        <ele>2624.9</ele>
        <time>2024-02-18T16:49:47Z</time>
      </trkpt>
      <trkpt lat="37.621487" lon="-119.553019">
        <ele>2627.9</ele>
        <time>2024-02-18T16:50:10Z</time>
      </trkpt>
      <trkpt lat="37.621468" lon="-119.553041">
        <ele>2631.1</ele>
        <time>2024-02-18T16:50:24Z</time>
      </trkpt>
      <trkpt lat="37.621466" lon="-119.553074">
        <ele>2631.4</ele>
        <time>2024-02-18T16:50:30Z</time>
      </trkpt>
      <trkpt lat="37.621427" lon="-119.553191">
        <ele>2633.7</ele>
        <time>2024-02-18T16:50:52Z</time>
      </trkpt>
      <trkpt lat="37.621415" lon="-119.553289">
        <ele>2635.0</ele>
        <time>2024-02-18T16:51:10Z</time>
      </trkpt>
      <trkpt lat="37.621393" lon="-119.553296">
        <ele>2635.5</ele>
        <time>2024-02-18T16:51:16Z</time>
      </trkpt>
      <trkpt lat="37.621311" lon="-119.553274">
        <ele>2636.5</ele>
        <time>2024-02-18T16:51:32Z</time>
      </trkpt>
      <trkpt lat="37.621319" lon="-119.553331">
        <ele>2638.2</ele>
        <time>2024-02-18T16:51:48Z</time>
      </trkpt>
      <trkpt lat="37.621306" lon="-119.553382">
        <ele>2637.5</ele>
        <time>2024-02-18T16:51:52Z</time>
      </trkpt>
      <trkpt lat="37.621257" lon="-119.553392">
        <ele>2639.3</ele>
        <time>2024-02-18T16:52:07Z</time>
      </trkpt>
      <trkpt lat="37.62124" lon="-119.553363">
        <ele>2640.7</ele>
        <time>2024-02-18T16:52:12Z</time>
      </trkpt>
      <trkpt lat="37.621181" lon="-119.5532">
        <ele>2641.8</ele>
        <time>2024-02-18T16:52:35Z</time>
      </trkpt>
      <trkpt lat="37.621179" lon="-119.553107">
        <ele>2645.9</ele>
        <time>2024-02-18T16:52:49Z</time>
      </trkpt>
      <trkpt lat="37.621167" lon="-119.553048">
        <ele>2648.5</ele>
        <time>2024-02-18T16:52:56Z</time>
      </trkpt>
      <trkpt lat="37.621117" lon="-119.552945">
        <ele>2650.4</ele>
        <time>2024-02-18T16:53:11Z</time>
      </trkpt>
      <trkpt lat="37.621067" lon="-119.552885">
        <ele>2652.1</ele>
        <time>2024-02-18T16:53:22Z</time>
      </trkpt>
      <trkpt lat="37.620981" lon="-119.55283">
        <ele>2656.6</ele>
        <time>2024-02-18T16:54:03Z</time>
      </trkpt>
      <trkpt lat="37.620921" lon="-119.552752">
        <ele>2658.1</ele>
        <time>2024-02-18T16:54:19Z</time>
      </trkpt>
      <trkpt lat="37.620899" lon="-119.552759">
        <ele>2658.0</ele>
        <time>2024-02-18T16:54:27Z</time>
      </trkpt>
      <trkpt lat="37.620894" lon="-119.552785">
        <ele>2659.4</ele>
        <time>2024-02-18T16:54:30Z</time>
      </trkpt>
      <trkpt lat="37.62085" lon="-119.552817">
        <ele>2660.1</ele>
        <time>2024-02-18T16:54:38Z</time>
      </trkpt>
      <trkpt lat="37.620831" lon="-119.552846">
        <ele>2662.0</ele>
        <time>2024-02-18T16:54:46Z</time>
      </trkpt>
      <trkpt lat="37.620788" lon="-119.552864">
        <ele>2663.3</ele>
        <time>2024-02-18T16:54:54Z</time>
      </trkpt>
      <trkpt lat="37.620759" lon="-119.552914">
        <ele>2665.4</ele>
        <time>2024-02-18T16:55:11Z</time>
      </trkpt>
      <trkpt lat="37.620736" lon="-119.552923">
        <ele>2666.1</ele>
        <time>2024-02-18T16:55:18Z</time>
      </trkpt>
      <trkpt lat="37.620711" lon="-119.552956">
        <ele>2668.0</ele>
        <time>2024-02-18T16:55:27Z</time>
      </trkpt>
      <trkpt lat="37.62068" lon="-119.552913">
        <ele>2670.2</ele>
        <time>2024-02-18T16:56:13Z</time>
      </trkpt>
      <trkpt lat="37.620653" lon="-119.552961">
        <ele>2673.7</ele>
        <time>2024-02-18T16:56:38Z</time>
      </trkpt>
      <trkpt lat="37.620538" lon="-119.553079">
        <ele>2681.1</ele>
        <time>2024-02-18T16:57:32Z</time>
      </trkpt>
      <trkpt lat="37.620512" lon="-119.553088">
        <ele>2681.9</ele>
        <time>2024-02-18T16:57:41Z</time>
      </trkpt>
      <trkpt lat="37.620494" lon="-119.553026">
        <ele>2683.8</ele>
        <time>2024-02-18T16:58:01Z</time>
      </trkpt>
      <trkpt lat="37.620467" lon="-119.553021">
        <ele>2686.5</ele>
        <time>2024-02-18T16:58:42Z</time>
      </trkpt>
      <trkpt lat="37.620396" lon="-119.553067">
        <ele>2690.1</ele>
        <time>2024-02-18T16:59:33Z</time>
      </trkpt>
      <trkpt lat="37.620386" lon="-119.553038">
        <ele>2691.7</ele>
        <time>2024-02-18T16:59:43Z</time>
      </trkpt>
      <trkpt lat="37.620398" lon="-119.552945">
        <ele>2695.9</ele>
        <time>2024-02-18T17:00:01Z</time>
      </trkpt>
      <trkpt lat="37.620377" lon="-119.552812">
        <ele>2700.8</ele>
        <time>2024-02-18T17:00:37Z</time>
      </trkpt>
      <trkpt lat="37.620338" lon="-119.552737">
        <ele>2705.0</ele>
        <time>2024-02-18T17:02:01Z</time>
      </trkpt>
      <trkpt lat="37.620311" lon="-119.552736">
        <ele>2707.6</ele>
        <time>2024-02-18T17:02:25Z</time>
      </trkpt>
      <trkpt lat="37.62032" lon="-119.552796">
        <ele>2707.5</ele>
        <time>2024-02-18T17:03:09Z</time>
      </trkpt>
      <trkpt lat="37.620296" lon="-119.552787">
        <ele>2709.3</ele>
        <time>2024-02-18T17:03:27Z</time>
      </trkpt>
      <trkpt lat="37.620288" lon="-119.552757">
        <ele>2709.9</ele>
        <time>2024-02-18T17:03:35Z</time>
      </trkpt>
      <trkpt lat="37.620258" lon="-119.552731">
        <ele>2711.9</ele>
        <time>2024-02-18T17:04:32Z</time>
      </trkpt>
      <trkpt lat="37.620211" lon="-119.552759">
        <ele>2715.0</ele>
        <time>2024-02-18T17:05:46Z</time>
      </trkpt>
      <trkpt lat="37.6202" lon="-119.552729">
        <ele>2716.6</ele>
        <time>2024-02-18T17:06:02Z</time>
      </trkpt>
      <trkpt lat="37.620177" lon="-119.552742">
        <ele>2716.6</ele>
        <time>2024-02-18T17:06:15Z</time>
      </trkpt>
      <trkpt lat="37.620161" lon="-119.552719">
        <ele>2717.8</ele>
        <time>2024-02-18T17:06:42Z</time>
      </trkpt>
      <trkpt lat="37.62017" lon="-119.552684">
        <ele>2720.0</ele>
        <time>2024-02-18T17:07:09Z</time>
      </trkpt>
      <trkpt lat="37.620122" lon="-119.552675">
        <ele>2722.0</ele>
        <time>2024-02-18T17:08:23Z</time>
      </trkpt>
      <trkpt lat="37.620119" lon="-119.552708">
        <ele>2722.1</ele>
        <time>2024-02-18T17:08:45Z</time>
      </trkpt>
      <trkpt lat="37.620097" lon="-119.552697">
        <ele>2721.8</ele>
        <time>2024-02-18T17:09:07Z</time>
      </trkpt>
      <trkpt lat="37.6201" lon="-119.552728">
        <ele>2721.7</ele>
        <time>2024-02-18T17:11:15Z</time>
      </trkpt>
      <trkpt lat="37.620076" lon="-119.552785">
        <ele>2723.4</ele>
        <time>2024-02-18T17:12:52Z</time>
      </trkpt>
      <trkpt lat="37.620047" lon="-119.552786">
        <ele>2724.5</ele>
        <time>2024-02-18T17:13:12Z</time>
      </trkpt>
      <trkpt lat="37.620012" lon="-119.552831">
        <ele>2728.2</ele>
        <time>2024-02-18T17:14:19Z</time>
      </trkpt>
      <trkpt lat="37.619963" lon="-119.55284">
        <ele>2736.3</ele>
        <time>2024-02-18T17:15:41Z</time>
      </trkpt>
      <trkpt lat="37.619941" lon="-119.552858">
        <ele>2739.5</ele>
        <time>2024-02-18T17:16:23Z</time>
      </trkpt>
      <trkpt lat="37.61993" lon="-119.552897">
        <ele>2740.8</ele>
        <time>2024-02-18T17:17:07Z</time>
      </trkpt>
      <trkpt lat="37.619901" lon="-119.552898">
        <ele>2749.5</ele>
        <time>2024-02-18T17:19:23Z</time>
      </trkpt>
      <trkpt lat="37.619902" lon="-119.552928">
        <ele>2750.9</ele>
        <time>2024-02-18T17:20:06Z</time>
      </trkpt>
      <trkpt lat="37.619881" lon="-119.552946">
        <ele>2751.6</ele>
        <time>2024-02-18T17:21:10Z</time>
      </trkpt>
      <trkpt lat="37.619889" lon="-119.553047">
        <ele>2758.5</ele>
        <time>2024-02-18T17:22:10Z</time>
      </trkpt>
      <trkpt lat="37.619859" lon="-119.55306">
        <ele>2758.2</ele>
        <time>2024-02-18T17:22:22Z</time>
      </trkpt>
      <trkpt lat="37.619849" lon="-119.553033">
        <ele>2756.8</ele>
        <time>2024-02-18T17:22:29Z</time>
      </trkpt>
      <trkpt lat="37.619847" lon="-119.55297">
        <ele>2756.9</ele>
        <time>2024-02-18T17:22:39Z</time>
      </trkpt>
      <trkpt lat="37.619859" lon="-119.552912">
        <ele>2757.8</ele>
        <time>2024-02-18T17:22:47Z</time>
      </trkpt>
      <trkpt lat="37.619826" lon="-119.552893">
        <ele>2761.7</ele>
        <time>2024-02-18T17:30:25Z</time>
      </trkpt>
      <trkpt lat="37.619867" lon="-119.552896">
        <ele>2763.0</ele>
        <time>2024-02-18T17:31:16Z</time>
      </trkpt>
      <trkpt lat="37.619904" lon="-119.552831">
        <ele>2759.3</ele>
        <time>2024-02-18T17:31:29Z</time>
      </trkpt>
      <trkpt lat="37.619897" lon="-119.552758">
        <ele>2749.7</ele>
        <time>2024-02-18T17:31:46Z</time>
      </trkpt>
      <trkpt lat="37.619941" lon="-119.55268">
        <ele>2746.7</ele>
        <time>2024-02-18T17:31:51Z</time>
      </trkpt>
      <trkpt lat="37.619973" lon="-119.55267">
        <ele>2745.4</ele>
        <time>2024-02-18T17:31:53Z</time>
      </trkpt>
      <trkpt lat="37.620064" lon="-119.552729">
        <ele>2740.3</ele>
        <time>2024-02-18T17:31:59Z</time>
      </trkpt>
      <trkpt lat="37.620131" lon="-119.552743">
        <ele>2739.6</ele>
        <time>2024-02-18T17:32:04Z</time>
      </trkpt>
      <trkpt lat="37.620202" lon="-119.552727">
        <ele>2732.2</ele>
        <time>2024-02-18T17:32:11Z</time>
      </trkpt>
      <trkpt lat="37.620204" lon="-119.552676">
        <ele>2728.5</ele>
        <time>2024-02-18T17:32:12Z</time>
      </trkpt>
      <trkpt lat="37.620223" lon="-119.552623">
        <ele>2724.0</ele>
        <time>2024-02-18T17:32:14Z</time>
      </trkpt>
      <trkpt lat="37.620267" lon="-119.552588">
        <ele>2721.6</ele>
        <time>2024-02-18T17:32:16Z</time>
      </trkpt>
      <trkpt lat="37.620306" lon="-119.552587">
        <ele>2719.2</ele>
        <time>2024-02-18T17:32:18Z</time>
      </trkpt>
      <trkpt lat="37.620302" lon="-119.55257">
        <ele>2716.6</ele>
        <time>2024-02-18T17:32:20Z</time>
      </trkpt>
      <trkpt lat="37.620353" lon="-119.552555">
        <ele>2720.0</ele>
        <time>2024-02-18T17:32:23Z</time>
      </trkpt>
      <trkpt lat="37.620418" lon="-119.552581">
        <ele>2714.8</ele>
        <time>2024-02-18T17:32:56Z</time>
      </trkpt>
      <trkpt lat="37.620431" lon="-119.552578">
        <ele>2714.1</ele>
        <time>2024-02-18T17:32:57Z</time>
      </trkpt>
      <trkpt lat="37.620486" lon="-119.552515">
        <ele>2710.0</ele>
        <time>2024-02-18T17:33:01Z</time>
      </trkpt>
      <trkpt lat="37.620528" lon="-119.552482">
        <ele>2709.6</ele>
        <time>2024-02-18T17:33:03Z</time>
      </trkpt>
      <trkpt lat="37.620556" lon="-119.552471">
        <ele>2709.1</ele>
        <time>2024-02-18T17:33:04Z</time>
      </trkpt>
      <trkpt lat="37.620625" lon="-119.552405">
        <ele>2706.7</ele>
        <time>2024-02-18T17:33:06Z</time>
      </trkpt>
      <trkpt lat="37.620746" lon="-119.552411">
        <ele>2702.8</ele>
        <time>2024-02-18T17:33:08Z</time>
      </trkpt>
      <trkpt lat="37.620995" lon="-119.552342">
        <ele>2692.3</ele>
        <time>2024-02-18T17:33:11Z</time>
      </trkpt>
      <trkpt lat="37.621141" lon="-119.552291">
        <ele>2688.8</ele>
        <time>2024-02-18T17:33:13Z</time>
      </trkpt>
      <trkpt lat="37.621182" lon="-119.552261">
        <ele>2688.0</ele>
        <time>2024-02-18T17:33:14Z</time>
      </trkpt>
      <trkpt lat="37.621177" lon="-119.552224">
        <ele>2684.6</ele>
        <time>2024-02-18T17:33:15Z</time>
      </trkpt>
      <trkpt lat="37.621285" lon="-119.552211">
        <ele>2686.4</ele>
        <time>2024-02-18T17:33:16Z</time>
      </trkpt>
      <trkpt lat="37.621502" lon="-119.552123">
        <ele>2683.1</ele>
        <time>2024-02-18T17:33:20Z</time>
      </trkpt>
      <trkpt lat="37.621515" lon="-119.55209">
        <ele>2659.5</ele>
        <time>2024-02-18T17:34:04Z</time>
      </trkpt>
      <trkpt lat="37.621508" lon="-119.55206">
        <ele>2659.1</ele>
        <time>2024-02-18T17:34:08Z</time>
      </trkpt>
      <trkpt lat="37.621554" lon="-119.551983">
        <ele>2657.0</ele>
        <time>2024-02-18T17:34:14Z</time>
      </trkpt>
      <trkpt lat="37.621573" lon="-119.551983">
        <ele>2655.8</ele>
        <time>2024-02-18T17:34:15Z</time>
      </trkpt>
      <trkpt lat="37.621702" lon="-119.551913">
        <ele>2649.0</ele>
        <time>2024-02-18T17:34:17Z</time>
      </trkpt>
      <trkpt lat="37.621847" lon="-119.551816">
        <ele>2642.0</ele>
        <time>2024-02-18T17:34:19Z</time>
      </trkpt>
      <trkpt lat="37.622108" lon="-119.551573">
        <ele>2639.1</ele>
        <time>2024-02-18T17:34:24Z</time>
      </trkpt>
      <trkpt lat="37.622193" lon="-119.551511">
        <ele>2640.4</ele>
        <time>2024-02-18T17:34:25Z</time>
      </trkpt>
      <trkpt lat="37.622241" lon="-119.551462">
        <ele>2640.3</ele>
        <time>2024-02-18T17:34:26Z</time>
      </trkpt>
      <trkpt lat="37.622385" lon="-119.551368">
        <ele>2637.2</ele>
        <time>2024-02-18T17:34:29Z</time>
      </trkpt>
      <trkpt lat="37.622454" lon="-119.551348">
        <ele>2635.9</ele>
        <time>2024-02-18T17:34:30Z</time>
      </trkpt>
      <trkpt lat="37.622491" lon="-119.551323">
        <ele>2634.2</ele>
        <time>2024-02-18T17:34:31Z</time>
      </trkpt>
      <trkpt lat="37.622892" lon="-119.551291">
        <ele>2628.7</ele>
        <time>2024-02-18T17:34:33Z</time>
      </trkpt>
      <trkpt lat="37.623244" lon="-119.551239">
        <ele>2629.9</ele>
        <time>2024-02-18T17:34:36Z</time>
      </trkpt>
      <trkpt lat="37.623332" lon="-119.551216">
        <ele>2630.3</ele>
        <time>2024-02-18T17:34:37Z</time>
      </trkpt>
      <trkpt lat="37.623408" lon="-119.551187">
        <ele>2629.6</ele>
        <time>2024-02-18T17:34:38Z</time>
      </trkpt>
      <trkpt lat="37.623534" lon="-119.551115">
        <ele>2628.1</ele>
        <time>2024-02-18T17:34:40Z</time>
      </trkpt>
      <trkpt lat="37.623573" lon="-119.551057">
        <ele>2626.7</ele>
        <time>2024-02-18T17:34:41Z</time>
      </trkpt>
      <trkpt lat="37.623623" lon="-119.55101">
        <ele>2626.3</ele>
        <time>2024-02-18T17:34:42Z</time>
      </trkpt>
      <trkpt lat="37.623656" lon="-119.550938">
        <ele>2628.3</ele>
        <time>2024-02-18T17:34:43Z</time>
      </trkpt>
      <trkpt lat="37.623703" lon="-119.550891">
        <ele>2627.8</ele>
        <time>2024-02-18T17:34:44Z</time>
      </trkpt>
      <trkpt lat="37.623814" lon="-119.550742">
        <ele>2628.7</ele>
        <time>2024-02-18T17:34:47Z</time>
      </trkpt>
      <trkpt lat="37.623806" lon="-119.550723">
        <ele>2632.8</ele>
        <time>2024-02-18T17:34:48Z</time>
      </trkpt>
      <trkpt lat="37.623836" lon="-119.550684">
        <ele>2633.5</ele>
        <time>2024-02-18T17:34:49Z</time>
      </trkpt>
      <trkpt lat="37.623779" lon="-119.550732">
        <ele>2634.4</ele>
        <time>2024-02-18T17:34:50Z</time>
      </trkpt>
      <trkpt lat="37.623779" lon="-119.550708">
        <ele>2635.0</ele>
        <time>2024-02-18T17:34:53Z</time>
      </trkpt>
      <trkpt lat="37.623814" lon="-119.550661">
        <ele>2635.0</ele>
        <time>2024-02-18T17:34:56Z</time>
      </trkpt>
      <trkpt lat="37.622827" lon="-119.551722">
        <ele>2597.3</ele>
        <time>2024-02-18T17:37:14Z</time>
      </trkpt>
      <trkpt lat="37.622788" lon="-119.551771">
        <ele>2598.6</ele>
        <time>2024-02-18T17:37:36Z</time>
      </trkpt>
      <trkpt lat="37.622743" lon="-119.551799">
        <ele>2599.6</ele>
        <time>2024-02-18T17:37:50Z</time>
      </trkpt>
      <trkpt lat="37.622766" lon="-119.551797">
        <ele>2599.4</ele>
        <time>2024-02-18T17:38:03Z</time>
      </trkpt>
      <trkpt lat="37.62277" lon="-119.551829">
        <ele>2599.4</ele>
        <time>2024-02-18T17:38:07Z</time>
      </trkpt>
      <trkpt lat="37.622743" lon="-119.551852">
        <ele>2599.8</ele>
        <time>2024-02-18T17:38:31Z</time>
      </trkpt>
      <trkpt lat="37.622734" lon="-119.551823">
        <ele>2596.8</ele>
        <time>2024-02-18T17:39:28Z</time>
      </trkpt>
      <trkpt lat="37.622767" lon="-119.551838">
        <ele>2597.2</ele>
        <time>2024-02-18T17:40:38Z</time>
      </trkpt>
      <trkpt lat="37.622937" lon="-119.551861">
        <ele>2596.0</ele>
        <time>2024-02-18T17:41:04Z</time>
      </trkpt>
      <trkpt lat="37.622997" lon="-119.551893">
        <ele>2596.1</ele>
        <time>2024-02-18T17:41:10Z</time>
      </trkpt>
      <trkpt lat="37.623033" lon="-119.5519">
        <ele>2596.3</ele>
        <time>2024-02-18T17:41:13Z</time>
      </trkpt>
      <trkpt lat="37.623079" lon="-119.551887">
        <ele>2596.4</ele>
        <time>2024-02-18T17:41:17Z</time>
      </trkpt>
      <trkpt lat="37.623167" lon="-119.551897">
        <ele>2596.4</ele>
        <time>2024-02-18T17:41:25Z</time>
      </trkpt>
      <trkpt lat="37.623234" lon="-119.551878">
        <ele>2596.1</ele>
        <time>2024-02-18T17:41:30Z</time>
      </trkpt>
      <trkpt lat="37.62339" lon="-119.551789">
        <ele>2597.0</ele>
        <time>2024-02-18T17:41:43Z</time>
      </trkpt>
      <trkpt lat="37.623535" lon="-119.551723">
        <ele>2598.9</ele>
        <time>2024-02-18T17:41:54Z</time>
      </trkpt>
      <trkpt lat="37.623553" lon="-119.551719">
        <ele>2599.3</ele>
        <time>2024-02-18T17:41:55Z</time>
      </trkpt>
      <trkpt lat="37.623807" lon="-119.551595">
        <ele>2598.8</ele>
        <time>2024-02-18T17:42:20Z</time>
      </trkpt>
      <trkpt lat="37.623917" lon="-119.551565">
        <ele>2599.1</ele>
        <time>2024-02-18T17:42:28Z</time>
      </trkpt>
      <trkpt lat="37.623991" lon="-119.551521">
        <ele>2596.7</ele>
        <time>2024-02-18T17:42:36Z</time>
      </trkpt>
      <trkpt lat="37.6241" lon="-119.551475">
        <ele>2597.0</ele>
        <time>2024-02-18T17:42:44Z</time>
      </trkpt>
      <trkpt lat="37.624262" lon="-119.551432">
        <ele>2598.0</ele>
        <time>2024-02-18T17:42:54Z</time>
      </trkpt>
      <trkpt lat="37.62433" lon="-119.551401">
        <ele>2595.8</ele>
        <time>2024-02-18T17:43:02Z</time>
      </trkpt>
      <trkpt lat="37.6244" lon="-119.551348">
        <ele>2594.8</ele>
        <time>2024-02-18T17:43:10Z</time>
      </trkpt>
      <trkpt lat="37.624443" lon="-119.551334">
        <ele>2596.5</ele>
        <time>2024-02-18T17:43:12Z</time>
      </trkpt>
      <trkpt lat="37.624486" lon="-119.551305">
        <ele>2594.8</ele>
        <time>2024-02-18T17:43:17Z</time>
      </trkpt>
      <trkpt lat="37.624602" lon="-119.551274">
        <ele>2598.6</ele>
        <time>2024-02-18T17:43:23Z</time>
      </trkpt>
      <trkpt lat="37.624703" lon="-119.551243">
        <ele>2599.2</ele>
        <time>2024-02-18T17:43:30Z</time>
      </trkpt>
      <trkpt lat="37.624762" lon="-119.551199">
        <ele>2598.3</ele>
        <time>2024-02-18T17:43:36Z</time>
      </trkpt>
      <trkpt lat="37.624809" lon="-119.551154">
        <ele>2596.6</ele>
        <time>2024-02-18T17:43:43Z</time>
      </trkpt>
      <trkpt lat="37.624914" lon="-119.551096">
        <ele>2595.5</ele>
        <time>2024-02-18T17:43:52Z</time>
      </trkpt>
      <trkpt lat="37.625047" lon="-119.550982">
        <ele>2593.0</ele>
        <time>2024-02-18T17:44:06Z</time>
      </trkpt>
      <trkpt lat="37.625069" lon="-119.550955">
        <ele>2591.6</ele>
        <time>2024-02-18T17:44:09Z</time>
      </trkpt>
      <trkpt lat="37.625176" lon="-119.550901">
        <ele>2593.2</ele>
        <time>2024-02-18T17:44:16Z</time>
      </trkpt>
      <trkpt lat="37.625184" lon="-119.550891">
        <ele>2593.2</ele>
        <time>2024-02-18T17:44:17Z</time>
      </trkpt>
      <trkpt lat="37.625325" lon="-119.550811">
        <ele>2595.4</ele>
        <time>2024-02-18T17:44:28Z</time>
      </trkpt>
      <trkpt lat="37.625466" lon="-119.550723">
        <ele>2598.0</ele>
        <time>2024-02-18T17:44:40Z</time>
      </trkpt>
      <trkpt lat="37.625559" lon="-119.550688">
        <ele>2599.4</ele>
        <time>2024-02-18T17:44:46Z</time>
      </trkpt>
      <trkpt lat="37.625642" lon="-119.550633">
        <ele>2598.4</ele>
        <time>2024-02-18T17:44:55Z</time>
      </trkpt>
      <trkpt lat="37.62568" lon="-119.550598">
        <ele>2598.2</ele>
        <time>2024-02-18T17:44:59Z</time>
      </trkpt>
      <trkpt lat="37.625689" lon="-119.550571">
        <ele>2596.3</ele>
        <time>2024-02-18T17:45:03Z</time>
      </trkpt>
      <trkpt lat="37.625781" lon="-119.550502">
        <ele>2599.5</ele>
        <time>2024-02-18T17:45:09Z</time>
      </trkpt>
      <trkpt lat="37.625939" lon="-119.550414">
        <ele>2600.1</ele>
        <time>2024-02-18T17:45:22Z</time>
      </trkpt>
      <trkpt lat="37.626021" lon="-119.550354">
        <ele>2599.9</ele>
        <time>2024-02-18T17:45:29Z</time>
      </trkpt>
      <trkpt lat="37.626042" lon="-119.550316">
        <ele>2597.8</ele>
        <time>2024-02-18T17:45:33Z</time>
      </trkpt>
      <trkpt lat="37.626085" lon="-119.550276">
        <ele>2597.9</ele>
        <time>2024-02-18T17:45:37Z</time>
      </trkpt>
      <trkpt lat="37.626201" lon="-119.550191">
        <ele>2599.5</ele>
        <time>2024-02-18T17:45:46Z</time>
      </trkpt>
      <trkpt lat="37.626354" lon="-119.550063">
        <ele>2600.8</ele>
        <time>2024-02-18T17:45:58Z</time>
      </trkpt>
      <trkpt lat="37.626402" lon="-119.550031">
        <ele>2600.7</ele>
        <time>2024-02-18T17:46:03Z</time>
      </trkpt>
      <trkpt lat="37.626425" lon="-119.549985">
        <ele>2600.4</ele>
        <time>2024-02-18T17:46:09Z</time>
      </trkpt>
      <trkpt lat="37.626426" lon="-119.549953">
        <ele>2600.2</ele>
        <time>2024-02-18T17:46:12Z</time>
      </trkpt>
      <trkpt lat="37.626488" lon="-119.549883">
        <ele>2600.7</ele>
        <time>2024-02-18T17:46:27Z</time>
      </trkpt>
      <trkpt lat="37.626578" lon="-119.549828">
        <ele>2602.8</ele>
        <time>2024-02-18T17:46:36Z</time>
      </trkpt>
      <trkpt lat="37.626649" lon="-119.549801">
        <ele>2601.9</ele>
        <time>2024-02-18T17:46:52Z</time>
      </trkpt>
      <trkpt lat="37.626677" lon="-119.549815">
        <ele>2601.0</ele>
        <time>2024-02-18T17:46:59Z</time>
      </trkpt>
      <trkpt lat="37.626691" lon="-119.549753">
        <ele>2600.9</ele>
        <time>2024-02-18T17:47:37Z</time>
      </trkpt>
      <trkpt lat="37.626647" lon="-119.549787">
        <ele>2600.0</ele>
        <time>2024-02-18T17:47:46Z</time>
      </trkpt>
      <trkpt lat="37.626659" lon="-119.54981">
        <ele>2612.6</ele>
        <time>2024-02-18T17:49:36Z</time>
      </trkpt>
      <trkpt lat="37.626616" lon="-119.549898">
        <ele>2614.3</ele>
        <time>2024-02-18T17:49:43Z</time>
      </trkpt>
      <trkpt lat="37.626748" lon="-119.549709">
        <ele>2607.0</ele>
        <time>2024-02-18T18:09:11Z</time>
      </trkpt>
      <trkpt lat="37.62677" lon="-119.549659">
        <ele>2607.1</ele>
        <time>2024-02-18T18:09:23Z</time>
      </trkpt>
      <trkpt lat="37.626796" lon="-119.549659">
        <ele>2606.1</ele>
        <time>2024-02-18T18:09:25Z</time>
      </trkpt>
      <trkpt lat="37.626819" lon="-119.549635">
        <ele>2604.8</ele>
        <time>2024-02-18T18:09:30Z</time>
      </trkpt>
      <trkpt lat="37.626847" lon="-119.549634">
        <ele>2604.7</ele>
        <time>2024-02-18T18:09:35Z</time>
      </trkpt>
      <trkpt lat="37.626891" lon="-119.549659">
        <ele>2605.0</ele>
        <time>2024-02-18T18:09:41Z</time>
      </trkpt>
      <trkpt lat="37.626921" lon="-119.549715">
        <ele>2606.5</ele>
        <time>2024-02-18T18:09:51Z</time>
      </trkpt>
      <trkpt lat="37.626895" lon="-119.549713">
        <ele>2605.1</ele>
        <time>2024-02-18T18:10:02Z</time>
      </trkpt>
      <trkpt lat="37.626857" lon="-119.549744">
        <ele>2605.8</ele>
        <time>2024-02-18T18:16:00Z</time>
      </trkpt>
      <trkpt lat="37.626878" lon="-119.549752">
        <ele>2606.7</ele>
        <time>2024-02-18T18:16:08Z</time>
      </trkpt>
      <trkpt lat="37.626925" lon="-119.549728">
        <ele>2604.9</ele>
        <time>2024-02-18T18:16:18Z</time>
      </trkpt>
      <trkpt lat="37.626868" lon="-119.549675">
        <ele>2599.4</ele>
        <time>2024-02-18T18:17:19Z</time>
      </trkpt>
      <trkpt lat="37.626817" lon="-119.549665">
        <ele>2598.8</ele>
        <time>2024-02-18T18:17:23Z</time>
      </trkpt>
      <trkpt lat="37.626783" lon="-119.54964">
        <ele>2598.6</ele>
        <time>2024-02-18T18:17:29Z</time>
      </trkpt>
      <trkpt lat="37.626759" lon="-119.549642">
        <ele>2597.6</ele>
        <time>2024-02-18T18:17:31Z</time>
      </trkpt>
      <trkpt lat="37.626741" lon="-119.549671">
        <ele>2597.2</ele>
        <time>2024-02-18T18:17:46Z</time>
      </trkpt>
      <trkpt lat="37.626751" lon="-119.5497">
        <ele>2596.5</ele>
        <time>2024-02-18T18:17:51Z</time>
      </trkpt>
      <trkpt lat="37.626784" lon="-119.549739">
        <ele>2596.9</ele>
        <time>2024-02-18T18:17:57Z</time>
      </trkpt>
      <trkpt lat="37.626812" lon="-119.549753">
        <ele>2597.0</ele>
        <time>2024-02-18T18:18:04Z</time>
      </trkpt>
      <trkpt lat="37.626604" lon="-119.549685">
        <ele>2643.1</ele>
        <time>2024-02-18T18:28:18Z</time>
      </trkpt>
      <trkpt lat="37.626712" lon="-119.549619">
        <ele>2612.6</ele>
        <time>2024-02-18T18:31:47Z</time>
      </trkpt>
      <trkpt lat="37.626712" lon="-119.549652">
        <ele>2611.3</ele>
        <time>2024-02-18T18:32:10Z</time>
      </trkpt>
      <trkpt lat="37.626742" lon="-119.549712">
        <ele>2585.0</ele>
        <time>2024-02-18T18:41:38Z</time>
      </trkpt>
      <trkpt lat="37.627568" lon="-119.548845">
        <ele>2613.2</ele>
        <time>2024-02-18T18:46:43Z</time>
      </trkpt>
      <trkpt lat="37.627586" lon="-119.548862">
        <ele>2606.0</ele>
        <time>2024-02-18T18:46:44Z</time>
      </trkpt>
      <trkpt lat="37.627481" lon="-119.548974">
        <ele>2608.6</ele>
        <time>2024-02-18T18:46:45Z</time>
      </trkpt>
      <trkpt lat="37.627669" lon="-119.548889">
        <ele>2594.7</ele>
        <time>2024-02-18T18:46:50Z</time>
      </trkpt>
      <trkpt lat="37.627691" lon="-119.548899">
        <ele>2597.0</ele>
        <time>2024-02-18T18:46:58Z</time>
      </trkpt>
      <trkpt lat="37.627712" lon="-119.548885">
        <ele>2599.1</ele>
        <time>2024-02-18T18:47:01Z</time>
      </trkpt>
      <trkpt lat="37.62772" lon="-119.548856">
        <ele>2602.8</ele>
        <time>2024-02-18T18:47:03Z</time>
      </trkpt>
      <trkpt lat="37.627764" lon="-119.548856">
        <ele>2608.1</ele>
        <time>2024-02-18T18:47:07Z</time>
      </trkpt>
      <trkpt lat="37.627809" lon="-119.548835">
        <ele>2610.1</ele>
        <time>2024-02-18T18:47:10Z</time>
      </trkpt>
      <trkpt lat="37.627904" lon="-119.548818">
        <ele>2612.4</ele>
        <time>2024-02-18T18:47:18Z</time>
      </trkpt>
      <trkpt lat="37.627971" lon="-119.548819">
        <ele>2612.7</ele>
        <time>2024-02-18T18:47:23Z</time>
      </trkpt>
      <trkpt lat="37.628045" lon="-119.548796">
        <ele>2613.1</ele>
        <time>2024-02-18T18:47:28Z</time>
      </trkpt>
      <trkpt lat="37.628094" lon="-119.548802">
        <ele>2612.5</ele>
        <time>2024-02-18T18:47:38Z</time>
      </trkpt>
      <trkpt lat="37.628301" lon="-119.548873">
        <ele>2610.4</ele>
        <time>2024-02-18T18:48:04Z</time>
      </trkpt>
      <trkpt lat="37.628422" lon="-119.548882">
        <ele>2611.3</ele>
        <time>2024-02-18T18:48:17Z</time>
      </trkpt>
      <trkpt lat="37.628508" lon="-119.548858">
        <ele>2611.6</ele>
        <time>2024-02-18T18:48:26Z</time>
      </trkpt>
      <trkpt lat="37.628568" lon="-119.548881">
        <ele>2608.1</ele>
        <time>2024-02-18T18:48:33Z</time>
      </trkpt>
      <trkpt lat="37.628614" lon="-119.548914">
        <ele>2606.5</ele>
        <time>2024-02-18T18:48:40Z</time>
      </trkpt>
      <trkpt lat="37.628637" lon="-119.548902">
        <ele>2609.6</ele>
        <time>2024-02-18T18:48:58Z</time>
      </trkpt>
      <trkpt lat="37.628661" lon="-119.548916">
        <ele>2611.1</ele>
        <time>2024-02-18T18:49:02Z</time>
      </trkpt>
      <trkpt lat="37.628734" lon="-119.549">
        <ele>2613.8</ele>
        <time>2024-02-18T18:49:14Z</time>
      </trkpt>
      <trkpt lat="37.628832" lon="-119.549091">
        <ele>2613.9</ele>
        <time>2024-02-18T18:49:31Z</time>
      </trkpt>
      <trkpt lat="37.628902" lon="-119.549181">
        <ele>2613.7</ele>
        <time>2024-02-18T18:49:41Z</time>
      </trkpt>
      <trkpt lat="37.628971" lon="-119.549185">
        <ele>2612.9</ele>
        <time>2024-02-18T18:49:49Z</time>
      </trkpt>
      <trkpt lat="37.629025" lon="-119.549249">
        <ele>2611.3</ele>
        <time>2024-02-18T18:49:56Z</time>
      </trkpt>
      <trkpt lat="37.629067" lon="-119.549272">
        <ele>2611.0</ele>
        <time>2024-02-18T18:50:00Z</time>
      </trkpt>
      <trkpt lat="37.629144" lon="-119.549247">
        <ele>2608.7</ele>
        <time>2024-02-18T18:50:06Z</time>
      </trkpt>
      <trkpt lat="37.629232" lon="-119.549278">
        <ele>2604.4</ele>
        <time>2024-02-18T18:50:20Z</time>
      </trkpt>
      <trkpt lat="37.629253" lon="-119.549276">
        <ele>2604.0</ele>
        <time>2024-02-18T18:50:22Z</time>
      </trkpt>
      <trkpt lat="37.629264" lon="-119.549304">
        <ele>2604.8</ele>
        <time>2024-02-18T18:50:25Z</time>
      </trkpt>
      <trkpt lat="37.629291" lon="-119.549304">
        <ele>2605.9</ele>
        <time>2024-02-18T18:50:28Z</time>
      </trkpt>
      <trkpt lat="37.629338" lon="-119.549324">
        <ele>2607.7</ele>
        <time>2024-02-18T18:50:33Z</time>
      </trkpt>
      <trkpt lat="37.629375" lon="-119.549361">
        <ele>2607.3</ele>
        <time>2024-02-18T18:50:38Z</time>
      </trkpt>
      <trkpt lat="37.629449" lon="-119.549381">
        <ele>2606.9</ele>
        <time>2024-02-18T18:50:46Z</time>
      </trkpt>
      <trkpt lat="37.629513" lon="-119.549422">
        <ele>2607.3</ele>
        <time>2024-02-18T18:50:50Z</time>
      </trkpt>
      <trkpt lat="37.629606" lon="-119.549459">
        <ele>2604.0</ele>
        <time>2024-02-18T18:50:59Z</time>
      </trkpt>
      <trkpt lat="37.629637" lon="-119.549499">
        <ele>2604.6</ele>
        <time>2024-02-18T18:51:04Z</time>
      </trkpt>
      <trkpt lat="37.629683" lon="-119.549513">
        <ele>2602.1</ele>
        <time>2024-02-18T18:51:08Z</time>
      </trkpt>
      <trkpt lat="37.629751" lon="-119.549553">
        <ele>2602.6</ele>
        <time>2024-02-18T18:51:15Z</time>
      </trkpt>
      <trkpt lat="37.629772" lon="-119.549556">
        <ele>2603.0</ele>
        <time>2024-02-18T18:51:17Z</time>
      </trkpt>
      <trkpt lat="37.629807" lon="-119.549585">
        <ele>2603.1</ele>
        <time>2024-02-18T18:51:21Z</time>
      </trkpt>
      <trkpt lat="37.629853" lon="-119.549603">
        <ele>2601.0</ele>
        <time>2024-02-18T18:51:25Z</time>
      </trkpt>
      <trkpt lat="37.629908" lon="-119.549609">
        <ele>2598.6</ele>
        <time>2024-02-18T18:51:29Z</time>
      </trkpt>
      <trkpt lat="37.629946" lon="-119.549649">
        <ele>2596.5</ele>
        <time>2024-02-18T18:51:36Z</time>
      </trkpt>
      <trkpt lat="37.63001" lon="-119.549665">
        <ele>2596.3</ele>
        <time>2024-02-18T18:51:45Z</time>
      </trkpt>
      <trkpt lat="37.630064" lon="-119.549706">
        <ele>2596.9</ele>
        <time>2024-02-18T18:51:55Z</time>
      </trkpt>
      <trkpt lat="37.63009" lon="-119.5497">
        <ele>2596.1</ele>
        <time>2024-02-18T18:51:58Z</time>
      </trkpt>
      <trkpt lat="37.630203" lon="-119.549709">
        <ele>2595.1</ele>
        <time>2024-02-18T18:52:08Z</time>
      </trkpt>
      <trkpt lat="37.630273" lon="-119.549728">
        <ele>2595.4</ele>
        <time>2024-02-18T18:52:16Z</time>
      </trkpt>
      <trkpt lat="37.630312" lon="-119.549753">
        <ele>2596.0</ele>
        <time>2024-02-18T18:52:20Z</time>
      </trkpt>
      <trkpt lat="37.63038" lon="-119.549754">
        <ele>2594.9</ele>
        <time>2024-02-18T18:52:28Z</time>
      </trkpt>
      <trkpt lat="37.630538" lon="-119.549771">
        <ele>2598.0</ele>
        <time>2024-02-18T18:52:43Z</time>
      </trkpt>
      <trkpt lat="37.630548" lon="-119.549777">
        <ele>2598.0</ele>
        <time>2024-02-18T18:52:44Z</time>
      </trkpt>
      <trkpt lat="37.63073" lon="-119.549817">
        <ele>2596.9</ele>
        <time>2024-02-18T18:53:02Z</time>
      </trkpt>
      <trkpt lat="37.630876" lon="-119.549887">
        <ele>2593.8</ele>
        <time>2024-02-18T18:53:20Z</time>
      </trkpt>
      <trkpt lat="37.630913" lon="-119.549893">
        <ele>2597.4</ele>
        <time>2024-02-18T18:53:26Z</time>
      </trkpt>
      <trkpt lat="37.630932" lon="-119.549871">
        <ele>2594.5</ele>
        <time>2024-02-18T18:53:37Z</time>
      </trkpt>
      <trkpt lat="37.630955" lon="-119.549876">
        <ele>2597.6</ele>
        <time>2024-02-18T18:53:48Z</time>
      </trkpt>
      <trkpt lat="37.631066" lon="-119.549935">
        <ele>2601.8</ele>
        <time>2024-02-18T18:54:02Z</time>
      </trkpt>
      <trkpt lat="37.631162" lon="-119.549972">
        <ele>2602.6</ele>
        <time>2024-02-18T18:54:11Z</time>
      </trkpt>
      <trkpt lat="37.631168" lon="-119.549998">
        <ele>2602.4</ele>
        <time>2024-02-18T18:54:17Z</time>
      </trkpt>
      <trkpt lat="37.631245" lon="-119.550068">
        <ele>2600.0</ele>
        <time>2024-02-18T18:54:28Z</time>
      </trkpt>
      <trkpt lat="37.631241" lon="-119.550122">
        <ele>2599.4</ele>
        <time>2024-02-18T18:54:31Z</time>
      </trkpt>
      <trkpt lat="37.631257" lon="-119.550222">
        <ele>2612.6</ele>
        <time>2024-02-18T18:56:02Z</time>
      </trkpt>
      <trkpt lat="37.631296" lon="-119.550293">
        <ele>2611.5</ele>
        <time>2024-02-18T18:56:08Z</time>
      </trkpt>
      <trkpt lat="37.631325" lon="-119.550423">
        <ele>2609.5</ele>
        <time>2024-02-18T18:56:14Z</time>
      </trkpt>
      <trkpt lat="37.631335" lon="-119.550439">
        <ele>2609.3</ele>
        <time>2024-02-18T18:56:15Z</time>
      </trkpt>
      <trkpt lat="37.631379" lon="-119.550591">
        <ele>2606.9</ele>
        <time>2024-02-18T18:56:24Z</time>
      </trkpt>
      <trkpt lat="37.631358" lon="-119.550778">
        <ele>2605.5</ele>
        <time>2024-02-18T18:56:32Z</time>
      </trkpt>
      <trkpt lat="37.631371" lon="-119.550923">
        <ele>2605.6</ele>
        <time>2024-02-18T18:56:37Z</time>
      </trkpt>
      <trkpt lat="37.631378" lon="-119.55094">
        <ele>2605.5</ele>
        <time>2024-02-18T18:56:38Z</time>
      </trkpt>
      <trkpt lat="37.631435" lon="-119.551005">
        <ele>2602.9</ele>
        <time>2024-02-18T18:56:47Z</time>
      </trkpt>
      <trkpt lat="37.631467" lon="-119.551132">
        <ele>2602.7</ele>
        <time>2024-02-18T18:56:53Z</time>
      </trkpt>
      <trkpt lat="37.631526" lon="-119.551237">
        <ele>2600.7</ele>
        <time>2024-02-18T18:56:58Z</time>
      </trkpt>
      <trkpt lat="37.631529" lon="-119.551519">
        <ele>2601.0</ele>
        <time>2024-02-18T18:57:09Z</time>
      </trkpt>
      <trkpt lat="37.631551" lon="-119.551605">
        <ele>2600.4</ele>
        <time>2024-02-18T18:57:13Z</time>
      </trkpt>
      <trkpt lat="37.63155" lon="-119.551643">
        <ele>2600.2</ele>
        <time>2024-02-18T18:57:14Z</time>
      </trkpt>
      <trkpt lat="37.63157" lon="-119.55184">
        <ele>2599.7</ele>
        <time>2024-02-18T18:57:19Z</time>
      </trkpt>
      <trkpt lat="37.631607" lon="-119.551924">
        <ele>2597.3</ele>
        <time>2024-02-18T18:57:23Z</time>
      </trkpt>
      <trkpt lat="37.631642" lon="-119.55195">
        <ele>2596.7</ele>
        <time>2024-02-18T18:57:25Z</time>
      </trkpt>
      <trkpt lat="37.631698" lon="-119.552084">
        <ele>2596.2</ele>
        <time>2024-02-18T18:57:32Z</time>
      </trkpt>
      <trkpt lat="37.631725" lon="-119.552119">
        <ele>2596.0</ele>
        <time>2024-02-18T18:57:34Z</time>
      </trkpt>
      <trkpt lat="37.631734" lon="-119.55215">
        <ele>2596.1</ele>
        <time>2024-02-18T18:57:35Z</time>
      </trkpt>
      <trkpt lat="37.631808" lon="-119.552504">
        <ele>2598.7</ele>
        <time>2024-02-18T18:57:49Z</time>
      </trkpt>
      <trkpt lat="37.631856" lon="-119.552643">
        <ele>2599.6</ele>
        <time>2024-02-18T18:57:56Z</time>
      </trkpt>
      <trkpt lat="37.631892" lon="-119.552673">
        <ele>2598.2</ele>
        <time>2024-02-18T18:57:59Z</time>
      </trkpt>
      <trkpt lat="37.631919" lon="-119.552713">
        <ele>2596.8</ele>
        <time>2024-02-18T18:58:02Z</time>
      </trkpt>
      <trkpt lat="37.631992" lon="-119.552766">
        <ele>2594.3</ele>
        <time>2024-02-18T18:58:08Z</time>
      </trkpt>
      <trkpt lat="37.632028" lon="-119.552844">
        <ele>2590.8</ele>
        <time>2024-02-18T18:58:15Z</time>
      </trkpt>
      <trkpt lat="37.632113" lon="-119.552974">
        <ele>2588.2</ele>
        <time>2024-02-18T18:58:21Z</time>
      </trkpt>
      <trkpt lat="37.632166" lon="-119.553024">
        <ele>2587.1</ele>
        <time>2024-02-18T18:58:25Z</time>
      </trkpt>
      <trkpt lat="37.632211" lon="-119.553102">
        <ele>2585.9</ele>
        <time>2024-02-18T18:58:30Z</time>
      </trkpt>
      <trkpt lat="37.632357" lon="-119.553258">
        <ele>2581.8</ele>
        <time>2024-02-18T18:58:42Z</time>
      </trkpt>
      <trkpt lat="37.632418" lon="-119.553357">
        <ele>2582.0</ele>
        <time>2024-02-18T18:58:47Z</time>
      </trkpt>
      <trkpt lat="37.632432" lon="-119.553372">
        <ele>2581.2</ele>
        <time>2024-02-18T18:58:48Z</time>
      </trkpt>
      <trkpt lat="37.632477" lon="-119.553514">
        <ele>2579.1</ele>
        <time>2024-02-18T18:58:53Z</time>
      </trkpt>
      <trkpt lat="37.632538" lon="-119.553604">
        <ele>2576.3</ele>
        <time>2024-02-18T18:58:57Z</time>
      </trkpt>
      <trkpt lat="37.632549" lon="-119.553649">
        <ele>2576.8</ele>
        <time>2024-02-18T18:58:58Z</time>
      </trkpt>
      <trkpt lat="37.632629" lon="-119.553823">
        <ele>2573.9</ele>
        <time>2024-02-18T18:59:07Z</time>
      </trkpt>
      <trkpt lat="37.632626" lon="-119.553911">
        <ele>2574.8</ele>
        <time>2024-02-18T18:59:11Z</time>
      </trkpt>
      <trkpt lat="37.632636" lon="-119.553947">
        <ele>2575.0</ele>
        <time>2024-02-18T18:59:13Z</time>
      </trkpt>
      <trkpt lat="37.632619" lon="-119.554016">
        <ele>2577.7</ele>
        <time>2024-02-18T18:59:25Z</time>
      </trkpt>
      <trkpt lat="37.632596" lon="-119.554033">
        <ele>2577.8</ele>
        <time>2024-02-18T18:59:28Z</time>
      </trkpt>
      <trkpt lat="37.632597" lon="-119.554064">
        <ele>2578.1</ele>
        <time>2024-02-18T18:59:31Z</time>
      </trkpt>
      <trkpt lat="37.632622" lon="-119.554109">
        <ele>2579.6</ele>
        <time>2024-02-18T18:59:39Z</time>
      </trkpt>
      <trkpt lat="37.632602" lon="-119.554137">
        <ele>2574.9</ele>
        <time>2024-02-18T19:00:02Z</time>
      </trkpt>
      <trkpt lat="37.632679" lon="-119.554274">
        <ele>2575.8</ele>
        <time>2024-02-18T19:00:39Z</time>
      </trkpt>
      <trkpt lat="37.632684" lon="-119.554321">
        <ele>2575.8</ele>
        <time>2024-02-18T19:00:44Z</time>
      </trkpt>
      <trkpt lat="37.632722" lon="-119.55436">
        <ele>2575.9</ele>
        <time>2024-02-18T19:00:50Z</time>
      </trkpt>
      <trkpt lat="37.632757" lon="-119.554456">
        <ele>2575.9</ele>
        <time>2024-02-18T19:00:57Z</time>
      </trkpt>
      <trkpt lat="37.632819" lon="-119.554547">
        <ele>2572.2</ele>
        <time>2024-02-18T19:01:27Z</time>
      </trkpt>
      <trkpt lat="37.632824" lon="-119.554573">
        <ele>2569.0</ele>
        <time>2024-02-18T19:02:00Z</time>
      </trkpt>
      <trkpt lat="37.632925" lon="-119.554661">
        <ele>2569.1</ele>
        <time>2024-02-18T19:02:09Z</time>
      </trkpt>
      <trkpt lat="37.633002" lon="-119.554804">
        <ele>2571.2</ele>
        <time>2024-02-18T19:02:16Z</time>
      </trkpt>
      <trkpt lat="37.633062" lon="-119.554875">
        <ele>2571.8</ele>
        <time>2024-02-18T19:02:20Z</time>
      </trkpt>
      <trkpt lat="37.633104" lon="-119.554898">
        <ele>2571.3</ele>
        <time>2024-02-18T19:02:23Z</time>
      </trkpt>
      <trkpt lat="37.633156" lon="-119.554959">
        <ele>2572.2</ele>
        <time>2024-02-18T19:02:29Z</time>
      </trkpt>
      <trkpt lat="37.633225" lon="-119.555029">
        <ele>2570.1</ele>
        <time>2024-02-18T19:02:37Z</time>
      </trkpt>
      <trkpt lat="37.633296" lon="-119.55507">
        <ele>2570.9</ele>
        <time>2024-02-18T19:02:43Z</time>
      </trkpt>
      <trkpt lat="37.633349" lon="-119.555113">
        <ele>2568.5</ele>
        <time>2024-02-18T19:02:48Z</time>
      </trkpt>
      <trkpt lat="37.633428" lon="-119.555221">
        <ele>2569.2</ele>
        <time>2024-02-18T19:02:58Z</time>
      </trkpt>
      <trkpt lat="37.633475" lon="-119.55527">
        <ele>2569.0</ele>
        <time>2024-02-18T19:03:02Z</time>
      </trkpt>
      <trkpt lat="37.633535" lon="-119.555363">
        <ele>2567.7</ele>
        <time>2024-02-18T19:03:09Z</time>
      </trkpt>
      <trkpt lat="37.633539" lon="-119.555379">
        <ele>2568.4</ele>
        <time>2024-02-18T19:03:10Z</time>
      </trkpt>
      <trkpt lat="37.633574" lon="-119.555394">
        <ele>2568.4</ele>
        <time>2024-02-18T19:03:13Z</time>
      </trkpt>
      <trkpt lat="37.633606" lon="-119.555428">
        <ele>2568.7</ele>
        <time>2024-02-18T19:03:16Z</time>
      </trkpt>
      <trkpt lat="37.633651" lon="-119.555448">
        <ele>2569.8</ele>
        <time>2024-02-18T19:03:20Z</time>
      </trkpt>
      <trkpt lat="37.633738" lon="-119.555588">
        <ele>2567.8</ele>
        <time>2024-02-18T19:03:33Z</time>
      </trkpt>
      <trkpt lat="37.63377" lon="-119.555618">
        <ele>2568.0</ele>
        <time>2024-02-18T19:03:36Z</time>
      </trkpt>
      <trkpt lat="37.633827" lon="-119.555649">
        <ele>2568.4</ele>
        <time>2024-02-18T19:03:40Z</time>
      </trkpt>
      <trkpt lat="37.633881" lon="-119.555702">
        <ele>2568.7</ele>
        <time>2024-02-18T19:03:44Z</time>
      </trkpt>
      <trkpt lat="37.63399" lon="-119.555732">
        <ele>2568.6</ele>
        <time>2024-02-18T19:03:54Z</time>
      </trkpt>
      <trkpt lat="37.634042" lon="-119.555768">
        <ele>2567.8</ele>
        <time>2024-02-18T19:04:00Z</time>
      </trkpt>
      <trkpt lat="37.634114" lon="-119.555779">
        <ele>2567.7</ele>
        <time>2024-02-18T19:04:05Z</time>
      </trkpt>
      <trkpt lat="37.63417" lon="-119.5558">
        <ele>2567.5</ele>
        <time>2024-02-18T19:04:08Z</time>
      </trkpt>
      <trkpt lat="37.63428" lon="-119.555813">
        <ele>2584.4</ele>
        <time>2024-02-18T19:06:35Z</time>
      </trkpt>
      <trkpt lat="37.634249" lon="-119.555834">
        <ele>2586.1</ele>
        <time>2024-02-18T19:11:24Z</time>
      </trkpt>
      <trkpt lat="37.634321" lon="-119.555804">
        <ele>2586.1</ele>
        <time>2024-02-18T19:13:55Z</time>
      </trkpt>
      <trkpt lat="37.634475" lon="-119.555646">
        <ele>2584.7</ele>
        <time>2024-02-18T19:14:02Z</time>
      </trkpt>
      <trkpt lat="37.634547" lon="-119.555478">
        <ele>2583.5</ele>
        <time>2024-02-18T19:14:07Z</time>
      </trkpt>
      <trkpt lat="37.634588" lon="-119.555419">
        <ele>2582.7</ele>
        <time>2024-02-18T19:14:10Z</time>
      </trkpt>
      <trkpt lat="37.63465" lon="-119.555148">
        <ele>2575.1</ele>
        <time>2024-02-18T19:14:24Z</time>
      </trkpt>
      <trkpt lat="37.634664" lon="-119.555097">
        <ele>2575.1</ele>
        <time>2024-02-18T19:14:25Z</time>
      </trkpt>
      <trkpt lat="37.634724" lon="-119.554952">
        <ele>2573.6</ele>
        <time>2024-02-18T19:14:28Z</time>
      </trkpt>
      <trkpt lat="37.634879" lon="-119.554666">
        <ele>2572.1</ele>
        <time>2024-02-18T19:14:34Z</time>
      </trkpt>
      <trkpt lat="37.634908" lon="-119.554626">
        <ele>2572.1</ele>
        <time>2024-02-18T19:14:35Z</time>
      </trkpt>
      <trkpt lat="37.634948" lon="-119.554554">
        <ele>2571.4</ele>
        <time>2024-02-18T19:14:37Z</time>
      </trkpt>
      <trkpt lat="37.635086" lon="-119.554149">
        <ele>2565.2</ele>
        <time>2024-02-18T19:14:47Z</time>
      </trkpt>
      <trkpt lat="37.635104" lon="-119.553919">
        <ele>2563.0</ele>
        <time>2024-02-18T19:14:52Z</time>
      </trkpt>
      <trkpt lat="37.635135" lon="-119.553797">
        <ele>2561.8</ele>
        <time>2024-02-18T19:14:54Z</time>
      </trkpt>
      <trkpt lat="37.635199" lon="-119.553606">
        <ele>2560.9</ele>
        <time>2024-02-18T19:14:58Z</time>
      </trkpt>
      <trkpt lat="37.635225" lon="-119.553478">
        <ele>2558.9</ele>
        <time>2024-02-18T19:15:02Z</time>
      </trkpt>
      <trkpt lat="37.635282" lon="-119.553384">
        <ele>2558.9</ele>
        <time>2024-02-18T19:15:05Z</time>
      </trkpt>
      <trkpt lat="37.635375" lon="-119.553269">
        <ele>2557.6</ele>
        <time>2024-02-18T19:15:10Z</time>
      </trkpt>
      <trkpt lat="37.635426" lon="-119.553253">
        <ele>2556.0</ele>
        <time>2024-02-18T19:15:13Z</time>
      </trkpt>
      <trkpt lat="37.635512" lon="-119.553249">
        <ele>2555.3</ele>
        <time>2024-02-18T19:15:17Z</time>
      </trkpt>
      <trkpt lat="37.635602" lon="-119.553283">
        <ele>2554.0</ele>
        <time>2024-02-18T19:15:22Z</time>
      </trkpt>
      <trkpt lat="37.635852" lon="-119.553496">
        <ele>2550.4</ele>
        <time>2024-02-18T19:15:33Z</time>
      </trkpt>
      <trkpt lat="37.635882" lon="-119.553621">
        <ele>2548.6</ele>
        <time>2024-02-18T19:15:37Z</time>
      </trkpt>
      <trkpt lat="37.635899" lon="-119.553662">
        <ele>2548.8</ele>
        <time>2024-02-18T19:15:38Z</time>
      </trkpt>
      <trkpt lat="37.635945" lon="-119.553736">
        <ele>2547.1</ele>
        <time>2024-02-18T19:15:40Z</time>
      </trkpt>
      <trkpt lat="37.635975" lon="-119.553834">
        <ele>2546.6</ele>
        <time>2024-02-18T19:15:42Z</time>
      </trkpt>
      <trkpt lat="37.63607" lon="-119.554017">
        <ele>2545.9</ele>
        <time>2024-02-18T19:15:46Z</time>
      </trkpt>
      <trkpt lat="37.636105" lon="-119.55413">
        <ele>2544.8</ele>
        <time>2024-02-18T19:15:48Z</time>
      </trkpt>
      <trkpt lat="37.636143" lon="-119.554234">
        <ele>2543.7</ele>
        <time>2024-02-18T19:15:50Z</time>
      </trkpt>
      <trkpt lat="37.636205" lon="-119.554357">
        <ele>2543.9</ele>
        <time>2024-02-18T19:15:53Z</time>
      </trkpt>
      <trkpt lat="37.636239" lon="-119.554555">
        <ele>2543.1</ele>
        <time>2024-02-18T19:15:57Z</time>
      </trkpt>
      <trkpt lat="37.636246" lon="-119.554829">
        <ele>2542.0</ele>
        <time>2024-02-18T19:16:04Z</time>
      </trkpt>
      <trkpt lat="37.636226" lon="-119.554844">
        <ele>2541.6</ele>
        <time>2024-02-18T19:16:07Z</time>
      </trkpt>
      <trkpt lat="37.63619" lon="-119.554915">
        <ele>2546.2</ele>
        <time>2024-02-18T19:16:17Z</time>
      </trkpt>
      <trkpt lat="37.636188" lon="-119.554946">
        <ele>2551.2</ele>
        <time>2024-02-18T19:16:32Z</time>
      </trkpt>
      <trkpt lat="37.63624" lon="-119.555162">
        <ele>2546.3</ele>
        <time>2024-02-18T19:16:40Z</time>
      </trkpt>
      <trkpt lat="37.636293" lon="-119.555349">
        <ele>2540.0</ele>
        <time>2024-02-18T19:16:44Z</time>
      </trkpt>
      <trkpt lat="37.636316" lon="-119.555397">
        <ele>2539.0</ele>
        <time>2024-02-18T19:16:45Z</time>
      </trkpt>
      <trkpt lat="37.636387" lon="-119.555468">
        <ele>2536.5</ele>
        <time>2024-02-18T19:16:47Z</time>
      </trkpt>
      <trkpt lat="37.636501" lon="-119.555548">
        <ele>2535.0</ele>
        <time>2024-02-18T19:16:50Z</time>
      </trkpt>
      <trkpt lat="37.636621" lon="-119.555613">
        <ele>2533.1</ele>
        <time>2024-02-18T19:16:53Z</time>
      </trkpt>
      <trkpt lat="37.636743" lon="-119.555663">
        <ele>2532.1</ele>
        <time>2024-02-18T19:16:55Z</time>
      </trkpt>
      <trkpt lat="37.636799" lon="-119.555703">
        <ele>2530.7</ele>
        <time>2024-02-18T19:16:57Z</time>
      </trkpt>
      <trkpt lat="37.636858" lon="-119.555789">
        <ele>2531.7</ele>
        <time>2024-02-18T19:17:00Z</time>
      </trkpt>
      <trkpt lat="37.636911" lon="-119.555939">
        <ele>2527.6</ele>
        <time>2024-02-18T19:17:04Z</time>
      </trkpt>
      <trkpt lat="37.637004" lon="-119.556146">
        <ele>2522.7</ele>
        <time>2024-02-18T19:17:09Z</time>
      </trkpt>
      <trkpt lat="37.637061" lon="-119.55638">
        <ele>2520.5</ele>
        <time>2024-02-18T19:17:14Z</time>
      </trkpt>
      <trkpt lat="37.637121" lon="-119.556516">
        <ele>2519.5</ele>
        <time>2024-02-18T19:17:19Z</time>
      </trkpt>
      <trkpt lat="37.637152" lon="-119.55666">
        <ele>2518.7</ele>
        <time>2024-02-18T19:17:24Z</time>
      </trkpt>
      <trkpt lat="37.637286" lon="-119.556899">
        <ele>2515.2</ele>
        <time>2024-02-18T19:17:30Z</time>
      </trkpt>
      <trkpt lat="37.637457" lon="-119.557238">
        <ele>2510.3</ele>
        <time>2024-02-18T19:17:39Z</time>
      </trkpt>
      <trkpt lat="37.637551" lon="-119.557357">
        <ele>2507.4</ele>
        <time>2024-02-18T19:17:43Z</time>
      </trkpt>
      <trkpt lat="37.637702" lon="-119.557628">
        <ele>2503.2</ele>
        <time>2024-02-18T19:17:49Z</time>
      </trkpt>
      <trkpt lat="37.637961" lon="-119.557977">
        <ele>2499.0</ele>
        <time>2024-02-18T19:17:57Z</time>
      </trkpt>
      <trkpt lat="37.638058" lon="-119.558151">
        <ele>2497.2</ele>
        <time>2024-02-18T19:18:00Z</time>
      </trkpt>
      <trkpt lat="37.638185" lon="-119.558367">
        <ele>2494.8</ele>
        <time>2024-02-18T19:18:04Z</time>
      </trkpt>
      <trkpt lat="37.638353" lon="-119.558746">
        <ele>2492.8</ele>
        <time>2024-02-18T19:18:09Z</time>
      </trkpt>
      <trkpt lat="37.638393" lon="-119.558828">
        <ele>2492.8</ele>
        <time>2024-02-18T19:18:10Z</time>
      </trkpt>
      <trkpt lat="37.638529" lon="-119.559173">
        <ele>2489.5</ele>
        <time>2024-02-18T19:18:14Z</time>
      </trkpt>
      <trkpt lat="37.638638" lon="-119.559388">
        <ele>2487.9</ele>
        <time>2024-02-18T19:18:17Z</time>
      </trkpt>
      <trkpt lat="37.63875" lon="-119.559569">
        <ele>2484.4</ele>
        <time>2024-02-18T19:18:20Z</time>
      </trkpt>
      <trkpt lat="37.638874" lon="-119.559718">
        <ele>2481.6</ele>
        <time>2024-02-18T19:18:23Z</time>
      </trkpt>
      <trkpt lat="37.638992" lon="-119.559882">
        <ele>2478.7</ele>
        <time>2024-02-18T19:18:26Z</time>
      </trkpt>
      <trkpt lat="37.639078" lon="-119.560021">
        <ele>2477.6</ele>
        <time>2024-02-18T19:18:28Z</time>
      </trkpt>
      <trkpt lat="37.639148" lon="-119.560198">
        <ele>2474.6</ele>
        <time>2024-02-18T19:18:30Z</time>
      </trkpt>
      <trkpt lat="37.639255" lon="-119.560504">
        <ele>2473.0</ele>
        <time>2024-02-18T19:18:33Z</time>
      </trkpt>
      <trkpt lat="37.639299" lon="-119.560769">
        <ele>2469.9</ele>
        <time>2024-02-18T19:18:36Z</time>
      </trkpt>
      <trkpt lat="37.639362" lon="-119.560986">
        <ele>2466.8</ele>
        <time>2024-02-18T19:18:39Z</time>
      </trkpt>
      <trkpt lat="37.639386" lon="-119.561052">
        <ele>2465.8</ele>
        <time>2024-02-18T19:18:40Z</time>
      </trkpt>
      <trkpt lat="37.639475" lon="-119.561233">
        <ele>2463.2</ele>
        <time>2024-02-18T19:18:43Z</time>
      </trkpt>
      <trkpt lat="37.639516" lon="-119.561356">
        <ele>2460.4</ele>
        <time>2024-02-18T19:18:45Z</time>
      </trkpt>
      <trkpt lat="37.639518" lon="-119.561459">
        <ele>2458.4</ele>
        <time>2024-02-18T19:18:47Z</time>
      </trkpt>
      <trkpt lat="37.639481" lon="-119.561498">
        <ele>2456.1</ele>
        <time>2024-02-18T19:18:49Z</time>
      </trkpt>
      <trkpt lat="37.639282" lon="-119.561611">
        <ele>2447.5</ele>
        <time>2024-02-18T19:18:56Z</time>
      </trkpt>
      <trkpt lat="37.639257" lon="-119.561612">
        <ele>2446.9</ele>
        <time>2024-02-18T19:18:57Z</time>
      </trkpt>
      <trkpt lat="37.639223" lon="-119.56157">
        <ele>2447.1</ele>
        <time>2024-02-18T19:19:01Z</time>
      </trkpt>
      <trkpt lat="37.639181" lon="-119.561592">
        <ele>2446.4</ele>
        <time>2024-02-18T19:19:29Z</time>
      </trkpt>
      <trkpt lat="37.639129" lon="-119.561702">
        <ele>2444.3</ele>
        <time>2024-02-18T19:19:32Z</time>
      </trkpt>
      <trkpt lat="37.639122" lon="-119.561673">
        <ele>2443.6</ele>
        <time>2024-02-18T19:19:39Z</time>
      </trkpt>
      <trkpt lat="37.639132" lon="-119.561638">
        <ele>2442.4</ele>
        <time>2024-02-18T19:20:30Z</time>
      </trkpt>
      <trkpt lat="37.639136" lon="-119.561771">
        <ele>2440.4</ele>
        <time>2024-02-18T19:20:33Z</time>
      </trkpt>
      <trkpt lat="37.639207" lon="-119.561879">
        <ele>2439.4</ele>
        <time>2024-02-18T19:20:37Z</time>
      </trkpt>
      <trkpt lat="37.639222" lon="-119.561895">
        <ele>2439.4</ele>
        <time>2024-02-18T19:20:38Z</time>
      </trkpt>
      <trkpt lat="37.639339" lon="-119.561979">
        <ele>2438.1</ele>
        <time>2024-02-18T19:20:44Z</time>
      </trkpt>
      <trkpt lat="37.639436" lon="-119.562093">
        <ele>2434.2</ele>
        <time>2024-02-18T19:20:50Z</time>
      </trkpt>
      <trkpt lat="37.639512" lon="-119.562141">
        <ele>2434.6</ele>
        <time>2024-02-18T19:20:53Z</time>
      </trkpt>
      <trkpt lat="37.639579" lon="-119.56222">
        <ele>2432.8</ele>
        <time>2024-02-18T19:20:58Z</time>
      </trkpt>
      <trkpt lat="37.639637" lon="-119.562266">
        <ele>2430.6</ele>
        <time>2024-02-18T19:21:01Z</time>
      </trkpt>
      <trkpt lat="37.639735" lon="-119.562407">
        <ele>2431.7</ele>
        <time>2024-02-18T19:21:07Z</time>
      </trkpt>
      <trkpt lat="37.639749" lon="-119.562419">
        <ele>2432.5</ele>
        <time>2024-02-18T19:21:08Z</time>
      </trkpt>
      <trkpt lat="37.639865" lon="-119.562465">
        <ele>2431.9</ele>
        <time>2024-02-18T19:21:15Z</time>
      </trkpt>
      <trkpt lat="37.639911" lon="-119.562454">
        <ele>2433.7</ele>
        <time>2024-02-18T19:21:22Z</time>
      </trkpt>
      <trkpt lat="37.639934" lon="-119.562464">
        <ele>2433.7</ele>
        <time>2024-02-18T19:21:24Z</time>
      </trkpt>
      <trkpt lat="37.640077" lon="-119.562588">
        <ele>2433.0</ele>
        <time>2024-02-18T19:22:04Z</time>
      </trkpt>
      <trkpt lat="37.640117" lon="-119.562613">
        <ele>2432.8</ele>
        <time>2024-02-18T19:22:11Z</time>
      </trkpt>
      <trkpt lat="37.640155" lon="-119.562593">
        <ele>2432.0</ele>
        <time>2024-02-18T19:22:16Z</time>
      </trkpt>
      <trkpt lat="37.640219" lon="-119.562606">
        <ele>2429.0</ele>
        <time>2024-02-18T19:22:24Z</time>
      </trkpt>
      <trkpt lat="37.640257" lon="-119.56263">
        <ele>2428.1</ele>
        <time>2024-02-18T19:22:28Z</time>
      </trkpt>
      <trkpt lat="37.640419" lon="-119.562664">
        <ele>2428.0</ele>
        <time>2024-02-18T19:29:34Z</time>
      </trkpt>
      <trkpt lat="37.640469" lon="-119.562683">
        <ele>2428.7</ele>
        <time>2024-02-18T19:29:40Z</time>
      </trkpt>
      <trkpt lat="37.640576" lon="-119.562781">
        <ele>2430.2</ele>
        <time>2024-02-18T19:29:51Z</time>
      </trkpt>
      <trkpt lat="37.640603" lon="-119.562817">
        <ele>2430.6</ele>
        <time>2024-02-18T19:29:56Z</time>
      </trkpt>
      <trkpt lat="37.640689" lon="-119.562829">
        <ele>2431.0</ele>
        <time>2024-02-18T19:30:11Z</time>
      </trkpt>
      <trkpt lat="37.640745" lon="-119.562916">
        <ele>2431.5</ele>
        <time>2024-02-18T19:30:23Z</time>
      </trkpt>
      <trkpt lat="37.640789" lon="-119.562939">
        <ele>2434.5</ele>
        <time>2024-02-18T19:30:29Z</time>
      </trkpt>
      <trkpt lat="37.640864" lon="-119.562948">
        <ele>2435.2</ele>
        <time>2024-02-18T19:30:38Z</time>
      </trkpt>
      <trkpt lat="37.640896" lon="-119.562938">
        <ele>2435.4</ele>
        <time>2024-02-18T19:30:42Z</time>
      </trkpt>
      <trkpt lat="37.640965" lon="-119.562942">
        <ele>2436.6</ele>
        <time>2024-02-18T19:30:47Z</time>
      </trkpt>
      <trkpt lat="37.640988" lon="-119.562927">
        <ele>2437.3</ele>
        <time>2024-02-18T19:30:50Z</time>
      </trkpt>
      <trkpt lat="37.641006" lon="-119.562943">
        <ele>2436.3</ele>
        <time>2024-02-18T19:30:56Z</time>
      </trkpt>
      <trkpt lat="37.641012" lon="-119.563004">
        <ele>2436.0</ele>
        <time>2024-02-18T19:31:02Z</time>
      </trkpt>
      <trkpt lat="37.641" lon="-119.563045">
        <ele>2435.0</ele>
        <time>2024-02-18T19:31:08Z</time>
      </trkpt>
      <trkpt lat="37.641044" lon="-119.563117">
        <ele>2435.0</ele>
        <time>2024-02-18T19:31:17Z</time>
      </trkpt>
      <trkpt lat="37.641089" lon="-119.563161">
        <ele>2436.7</ele>
        <time>2024-02-18T19:31:23Z</time>
      </trkpt>
      <trkpt lat="37.641127" lon="-119.563173">
        <ele>2437.3</ele>
        <time>2024-02-18T19:31:26Z</time>
      </trkpt>
      <trkpt lat="37.641149" lon="-119.563193">
        <ele>2436.9</ele>
        <time>2024-02-18T19:31:30Z</time>
      </trkpt>
      <trkpt lat="37.641151" lon="-119.563222">
        <ele>2433.9</ele>
        <time>2024-02-18T19:31:36Z</time>
      </trkpt>
      <trkpt lat="37.641224" lon="-119.563233">
        <ele>2439.0</ele>
        <time>2024-02-18T19:31:49Z</time>
      </trkpt>
      <trkpt lat="37.641271" lon="-119.563222">
        <ele>2439.8</ele>
        <time>2024-02-18T19:31:54Z</time>
      </trkpt>
      <trkpt lat="37.641325" lon="-119.563236">
        <ele>2440.6</ele>
        <time>2024-02-18T19:31:58Z</time>
      </trkpt>
      <trkpt lat="37.641362" lon="-119.563264">
        <ele>2438.7</ele>
        <time>2024-02-18T19:32:02Z</time>
      </trkpt>
      <trkpt lat="37.641389" lon="-119.563345">
        <ele>2439.6</ele>
        <time>2024-02-18T19:32:10Z</time>
      </trkpt>
      <trkpt lat="37.641416" lon="-119.563378">
        <ele>2440.7</ele>
        <time>2024-02-18T19:32:15Z</time>
      </trkpt>
      <trkpt lat="37.641439" lon="-119.563427">
        <ele>2441.8</ele>
        <time>2024-02-18T19:32:19Z</time>
      </trkpt>
      <trkpt lat="37.641461" lon="-119.563443">
        <ele>2441.6</ele>
        <time>2024-02-18T19:32:21Z</time>
      </trkpt>
      <trkpt lat="37.641482" lon="-119.563495">
        <ele>2442.4</ele>
        <time>2024-02-18T19:32:28Z</time>
      </trkpt>
      <trkpt lat="37.641522" lon="-119.563497">
        <ele>2443.5</ele>
        <time>2024-02-18T19:32:33Z</time>
      </trkpt>
      <trkpt lat="37.641542" lon="-119.563523">
        <ele>2441.4</ele>
        <time>2024-02-18T19:32:40Z</time>
      </trkpt>
      <trkpt lat="37.641595" lon="-119.563543">
        <ele>2440.8</ele>
        <time>2024-02-18T19:32:49Z</time>
      </trkpt>
      <trkpt lat="37.641731" lon="-119.563635">
        <ele>2441.8</ele>
        <time>2024-02-18T19:33:07Z</time>
      </trkpt>
      <trkpt lat="37.641774" lon="-119.563709">
        <ele>2440.8</ele>
        <time>2024-02-18T19:33:13Z</time>
      </trkpt>
      <trkpt lat="37.641764" lon="-119.563735">
        <ele>2439.1</ele>
        <time>2024-02-18T19:33:18Z</time>
      </trkpt>
      <trkpt lat="37.641805" lon="-119.563773">
        <ele>2440.5</ele>
        <time>2024-02-18T19:33:22Z</time>
      </trkpt>
      <trkpt lat="37.641899" lon="-119.563834">
        <ele>2445.8</ele>
        <time>2024-02-18T19:33:37Z</time>
      </trkpt>
      <trkpt lat="37.641904" lon="-119.563864">
        <ele>2446.4</ele>
        <time>2024-02-18T19:33:39Z</time>
      </trkpt>
      <trkpt lat="37.641923" lon="-119.563881">
        <ele>2447.9</ele>
        <time>2024-02-18T19:33:43Z</time>
      </trkpt>
      <trkpt lat="37.641946" lon="-119.563953">
        <ele>2445.5</ele>
        <time>2024-02-18T19:33:50Z</time>
      </trkpt>
      <trkpt lat="37.64202" lon="-119.564046">
        <ele>2446.5</ele>
        <time>2024-02-18T19:34:02Z</time>
      </trkpt>
      <trkpt lat="37.642036" lon="-119.564105">
        <ele>2446.8</ele>
        <time>2024-02-18T19:34:08Z</time>
      </trkpt>
      <trkpt lat="37.642027" lon="-119.564149">
        <ele>2446.4</ele>
        <time>2024-02-18T19:34:12Z</time>
      </trkpt>
      <trkpt lat="37.64206" lon="-119.56419">
        <ele>2449.8</ele>
        <time>2024-02-18T19:34:22Z</time>
      </trkpt>
      <trkpt lat="37.642074" lon="-119.564278">
        <ele>2451.5</ele>
        <time>2024-02-18T19:34:30Z</time>
      </trkpt>
      <trkpt lat="37.642094" lon="-119.564295">
        <ele>2453.8</ele>
        <time>2024-02-18T19:34:33Z</time>
      </trkpt>
      <trkpt lat="37.642149" lon="-119.564289">
        <ele>2455.6</ele>
        <time>2024-02-18T19:34:36Z</time>
      </trkpt>
      <trkpt lat="37.642206" lon="-119.564313">
        <ele>2455.4</ele>
        <time>2024-02-18T19:34:41Z</time>
      </trkpt>
      <trkpt lat="37.642225" lon="-119.564474">
        <ele>2453.6</ele>
        <time>2024-02-18T19:34:59Z</time>
      </trkpt>
      <trkpt lat="37.642243" lon="-119.564502">
        <ele>2455.9</ele>
        <time>2024-02-18T19:35:08Z</time>
      </trkpt>
      <trkpt lat="37.642254" lon="-119.564557">
        <ele>2456.7</ele>
        <time>2024-02-18T19:35:13Z</time>
      </trkpt>
      <trkpt lat="37.642355" lon="-119.564734">
        <ele>2455.7</ele>
        <time>2024-02-18T19:35:33Z</time>
      </trkpt>
      <trkpt lat="37.642431" lon="-119.564799">
        <ele>2458.7</ele>
        <time>2024-02-18T19:35:42Z</time>
      </trkpt>
      <trkpt lat="37.642444" lon="-119.564845">
        <ele>2459.1</ele>
        <time>2024-02-18T19:35:49Z</time>
      </trkpt>
      <trkpt lat="37.642499" lon="-119.5649">
        <ele>2457.9</ele>
        <time>2024-02-18T19:35:58Z</time>
      </trkpt>
      <trkpt lat="37.642549" lon="-119.56499">
        <ele>2458.9</ele>
        <time>2024-02-18T19:36:09Z</time>
      </trkpt>
      <trkpt lat="37.642556" lon="-119.565062">
        <ele>2458.3</ele>
        <time>2024-02-18T19:36:13Z</time>
      </trkpt>
      <trkpt lat="37.642593" lon="-119.565093">
        <ele>2457.7</ele>
        <time>2024-02-18T19:36:19Z</time>
      </trkpt>
      <trkpt lat="37.642609" lon="-119.565144">
        <ele>2458.3</ele>
        <time>2024-02-18T19:36:27Z</time>
      </trkpt>
      <trkpt lat="37.642635" lon="-119.565177">
        <ele>2457.3</ele>
        <time>2024-02-18T19:36:32Z</time>
      </trkpt>
      <trkpt lat="37.642655" lon="-119.565178">
        <ele>2457.6</ele>
        <time>2024-02-18T19:36:34Z</time>
      </trkpt>
      <trkpt lat="37.642717" lon="-119.565291">
        <ele>2460.6</ele>
        <time>2024-02-18T19:36:47Z</time>
      </trkpt>
      <trkpt lat="37.642765" lon="-119.565345">
        <ele>2462.5</ele>
        <time>2024-02-18T19:36:55Z</time>
      </trkpt>
      <trkpt lat="37.64284" lon="-119.565395">
        <ele>2461.6</ele>
        <time>2024-02-18T19:37:10Z</time>
      </trkpt>
      <trkpt lat="37.642871" lon="-119.565476">
        <ele>2463.2</ele>
        <time>2024-02-18T19:37:20Z</time>
      </trkpt>
      <trkpt lat="37.642904" lon="-119.565509">
        <ele>2464.2</ele>
        <time>2024-02-18T19:37:26Z</time>
      </trkpt>
      <trkpt lat="37.642983" lon="-119.56562">
        <ele>2466.1</ele>
        <time>2024-02-18T19:37:47Z</time>
      </trkpt>
      <trkpt lat="37.642994" lon="-119.565677">
        <ele>2466.2</ele>
        <time>2024-02-18T19:37:58Z</time>
      </trkpt>
      <trkpt lat="37.642987" lon="-119.565724">
        <ele>2467.3</ele>
        <time>2024-02-18T19:38:05Z</time>
      </trkpt>
      <trkpt lat="37.64303" lon="-119.56579">
        <ele>2468.6</ele>
        <time>2024-02-18T19:38:21Z</time>
      </trkpt>
      <trkpt lat="37.643001" lon="-119.565891">
        <ele>2470.1</ele>
        <time>2024-02-18T19:38:33Z</time>
      </trkpt>
      <trkpt lat="37.643" lon="-119.56593">
        <ele>2471.2</ele>
        <time>2024-02-18T19:38:40Z</time>
      </trkpt>
      <trkpt lat="37.643042" lon="-119.565997">
        <ele>2473.2</ele>
        <time>2024-02-18T19:38:55Z</time>
      </trkpt>
      <trkpt lat="37.643086" lon="-119.566029">
        <ele>2474.6</ele>
        <time>2024-02-18T19:39:17Z</time>
      </trkpt>
      <trkpt lat="37.643097" lon="-119.566109">
        <ele>2476.7</ele>
        <time>2024-02-18T19:39:27Z</time>
      </trkpt>
      <trkpt lat="37.643129" lon="-119.566136">
        <ele>2477.5</ele>
        <time>2024-02-18T19:39:51Z</time>
      </trkpt>
      <trkpt lat="37.64313" lon="-119.566169">
        <ele>2478.3</ele>
        <time>2024-02-18T19:39:55Z</time>
      </trkpt>
      <trkpt lat="37.643173" lon="-119.566222">
        <ele>2479.5</ele>
        <time>2024-02-18T19:40:08Z</time>
      </trkpt>
      <trkpt lat="37.643204" lon="-119.566427">
        <ele>2481.7</ele>
        <time>2024-02-18T19:40:31Z</time>
      </trkpt>
      <trkpt lat="37.643214" lon="-119.566434">
        <ele>2481.9</ele>
        <time>2024-02-18T19:40:32Z</time>
      </trkpt>
      <trkpt lat="37.643234" lon="-119.566545">
        <ele>2485.4</ele>
        <time>2024-02-18T19:40:47Z</time>
      </trkpt>
      <trkpt lat="37.643243" lon="-119.566718">
        <ele>2487.6</ele>
        <time>2024-02-18T19:41:06Z</time>
      </trkpt>
      <trkpt lat="37.64327" lon="-119.566774">
        <ele>2489.1</ele>
        <time>2024-02-18T19:41:14Z</time>
      </trkpt>
      <trkpt lat="37.6433" lon="-119.566876">
        <ele>2490.8</ele>
        <time>2024-02-18T19:41:23Z</time>
      </trkpt>
      <trkpt lat="37.64331" lon="-119.566944">
        <ele>2492.0</ele>
        <time>2024-02-18T19:41:32Z</time>
      </trkpt>
      <trkpt lat="37.643305" lon="-119.566974">
        <ele>2492.0</ele>
        <time>2024-02-18T19:41:36Z</time>
      </trkpt>
      <trkpt lat="37.643329" lon="-119.567031">
        <ele>2492.2</ele>
        <time>2024-02-18T19:41:44Z</time>
      </trkpt>
      <trkpt lat="37.643379" lon="-119.567072">
        <ele>2493.1</ele>
        <time>2024-02-18T19:41:51Z</time>
      </trkpt>
      <trkpt lat="37.643402" lon="-119.567181">
        <ele>2493.4</ele>
        <time>2024-02-18T19:41:59Z</time>
      </trkpt>
      <trkpt lat="37.643472" lon="-119.567333">
        <ele>2493.8</ele>
        <time>2024-02-18T19:42:12Z</time>
      </trkpt>
      <trkpt lat="37.64355" lon="-119.567415">
        <ele>2494.0</ele>
        <time>2024-02-18T19:42:22Z</time>
      </trkpt>
      <trkpt lat="37.643586" lon="-119.567465">
        <ele>2493.7</ele>
        <time>2024-02-18T19:42:27Z</time>
      </trkpt>
      <trkpt lat="37.643612" lon="-119.567529">
        <ele>2494.5</ele>
        <time>2024-02-18T19:42:34Z</time>
      </trkpt>
      <trkpt lat="37.643654" lon="-119.567576">
        <ele>2495.0</ele>
        <time>2024-02-18T19:42:39Z</time>
      </trkpt>
      <trkpt lat="37.643696" lon="-119.56765">
        <ele>2495.3</ele>
        <time>2024-02-18T19:42:49Z</time>
      </trkpt>
      <trkpt lat="37.643742" lon="-119.567642">
        <ele>2495.0</ele>
        <time>2024-02-18T19:43:08Z</time>
      </trkpt>
      <trkpt lat="37.64379" lon="-119.567671">
        <ele>2495.4</ele>
        <time>2024-02-18T19:43:12Z</time>
      </trkpt>
      <trkpt lat="37.64383" lon="-119.56771">
        <ele>2495.6</ele>
        <time>2024-02-18T19:43:16Z</time>
      </trkpt>
      <trkpt lat="37.643889" lon="-119.567745">
        <ele>2496.1</ele>
        <time>2024-02-18T19:43:22Z</time>
      </trkpt>
      <trkpt lat="37.643911" lon="-119.567796">
        <ele>2490.9</ele>
        <time>2024-02-18T19:44:59Z</time>
      </trkpt>
      <trkpt lat="37.64399" lon="-119.567785">
        <ele>2492.7</ele>
        <time>2024-02-18T19:45:29Z</time>
      </trkpt>
      <trkpt lat="37.6441" lon="-119.567835">
        <ele>2491.6</ele>
        <time>2024-02-18T19:45:57Z</time>
      </trkpt>
      <trkpt lat="37.64415" lon="-119.567871">
        <ele>2492.5</ele>
        <time>2024-02-18T19:46:00Z</time>
      </trkpt>
      <trkpt lat="37.644208" lon="-119.567894">
        <ele>2493.9</ele>
        <time>2024-02-18T19:46:05Z</time>
      </trkpt>
      <trkpt lat="37.644295" lon="-119.567897">
        <ele>2496.7</ele>
        <time>2024-02-18T19:46:17Z</time>
      </trkpt>
      <trkpt lat="37.644392" lon="-119.567908">
        <ele>2497.1</ele>
        <time>2024-02-18T19:46:28Z</time>
      </trkpt>
      <trkpt lat="37.644457" lon="-119.567929">
        <ele>2496.7</ele>
        <time>2024-02-18T19:46:34Z</time>
      </trkpt>
      <trkpt lat="37.644586" lon="-119.567941">
        <ele>2498.9</ele>
        <time>2024-02-18T19:46:47Z</time>
      </trkpt>
      <trkpt lat="37.644638" lon="-119.567963">
        <ele>2499.5</ele>
        <time>2024-02-18T19:46:53Z</time>
      </trkpt>
      <trkpt lat="37.644723" lon="-119.567951">
        <ele>2502.0</ele>
        <time>2024-02-18T19:47:05Z</time>
      </trkpt>
      <trkpt lat="37.64483" lon="-119.567909">
        <ele>2504.0</ele>
        <time>2024-02-18T19:47:28Z</time>
      </trkpt>
      <trkpt lat="37.644862" lon="-119.567884">
        <ele>2504.2</ele>
        <time>2024-02-18T19:47:36Z</time>
      </trkpt>
      <trkpt lat="37.644885" lon="-119.567883">
        <ele>2504.5</ele>
        <time>2024-02-18T19:47:38Z</time>
      </trkpt>
      <trkpt lat="37.645003" lon="-119.567925">
        <ele>2504.6</ele>
        <time>2024-02-18T19:48:12Z</time>
      </trkpt>
      <trkpt lat="37.645087" lon="-119.567915">
        <ele>2504.9</ele>
        <time>2024-02-18T19:48:20Z</time>
      </trkpt>
      <trkpt lat="37.64512" lon="-119.567892">
        <ele>2505.7</ele>
        <time>2024-02-18T19:48:23Z</time>
      </trkpt>
      <trkpt lat="37.645147" lon="-119.567893">
        <ele>2505.9</ele>
        <time>2024-02-18T19:48:26Z</time>
      </trkpt>
      <trkpt lat="37.645184" lon="-119.567872">
        <ele>2505.9</ele>
        <time>2024-02-18T19:48:30Z</time>
      </trkpt>
      <trkpt lat="37.645216" lon="-119.567871">
        <ele>2505.8</ele>
        <time>2024-02-18T19:48:34Z</time>
      </trkpt>
      <trkpt lat="37.645254" lon="-119.567847">
        <ele>2506.7</ele>
        <time>2024-02-18T19:49:12Z</time>
      </trkpt>
      <trkpt lat="37.645303" lon="-119.567832">
        <ele>2507.7</ele>
        <time>2024-02-18T19:49:44Z</time>
      </trkpt>
      <trkpt lat="37.645344" lon="-119.567835">
        <ele>2504.9</ele>
        <time>2024-02-18T19:59:43Z</time>
      </trkpt>
      <trkpt lat="37.645309" lon="-119.567773">
        <ele>2431.2</ele>
        <time>2024-02-18T19:59:46Z</time>
      </trkpt>
      <trkpt lat="37.645322" lon="-119.56783">
        <ele>2502.3</ele>
        <time>2024-02-18T19:59:47Z</time>
      </trkpt>
      <trkpt lat="37.645313" lon="-119.567859">
        <ele>2506.4</ele>
        <time>2024-02-18T20:08:46Z</time>
      </trkpt>
      <trkpt lat="37.645335" lon="-119.567842">
        <ele>2507.9</ele>
        <time>2024-02-18T20:10:29Z</time>
      </trkpt>
      <trkpt lat="37.645446" lon="-119.567954">
        <ele>2503.8</ele>
        <time>2024-02-18T20:11:08Z</time>
      </trkpt>
      <trkpt lat="37.645536" lon="-119.568096">
        <ele>2500.8</ele>
        <time>2024-02-18T20:11:11Z</time>
      </trkpt>
      <trkpt lat="37.645581" lon="-119.568132">
        <ele>2500.6</ele>
        <time>2024-02-18T20:11:12Z</time>
      </trkpt>
      <trkpt lat="37.645652" lon="-119.568158">
        <ele>2499.4</ele>
        <time>2024-02-18T20:11:14Z</time>
      </trkpt>
      <trkpt lat="37.645717" lon="-119.568222">
        <ele>2500.6</ele>
        <time>2024-02-18T20:11:16Z</time>
      </trkpt>
      <trkpt lat="37.645874" lon="-119.568311">
        <ele>2498.0</ele>
        <time>2024-02-18T20:11:20Z</time>
      </trkpt>
      <trkpt lat="37.645942" lon="-119.568338">
        <ele>2497.7</ele>
        <time>2024-02-18T20:11:22Z</time>
      </trkpt>
      <trkpt lat="37.646081" lon="-119.568361">
        <ele>2496.2</ele>
        <time>2024-02-18T20:11:27Z</time>
      </trkpt>
      <trkpt lat="37.646132" lon="-119.568387">
        <ele>2495.6</ele>
        <time>2024-02-18T20:11:29Z</time>
      </trkpt>
      <trkpt lat="37.646217" lon="-119.568501">
        <ele>2486.8</ele>
        <time>2024-02-18T20:11:46Z</time>
      </trkpt>
      <trkpt lat="37.646245" lon="-119.568533">
        <ele>2486.5</ele>
        <time>2024-02-18T20:11:47Z</time>
      </trkpt>
      <trkpt lat="37.646426" lon="-119.568678">
        <ele>2483.4</ele>
        <time>2024-02-18T20:11:51Z</time>
      </trkpt>
      <trkpt lat="37.646482" lon="-119.56871">
        <ele>2483.2</ele>
        <time>2024-02-18T20:11:52Z</time>
      </trkpt>
      <trkpt lat="37.646612" lon="-119.568758">
        <ele>2481.9</ele>
        <time>2024-02-18T20:11:54Z</time>
      </trkpt>
      <trkpt lat="37.646797" lon="-119.568796">
        <ele>2481.2</ele>
        <time>2024-02-18T20:11:57Z</time>
      </trkpt>
      <trkpt lat="37.646924" lon="-119.568842">
        <ele>2477.9</ele>
        <time>2024-02-18T20:12:00Z</time>
      </trkpt>
      <trkpt lat="37.647025" lon="-119.568928">
        <ele>2475.3</ele>
        <time>2024-02-18T20:12:03Z</time>
      </trkpt>
      <trkpt lat="37.64706" lon="-119.568942">
        <ele>2475.8</ele>
        <time>2024-02-18T20:12:04Z</time>
      </trkpt>
      <trkpt lat="37.647089" lon="-119.568931">
        <ele>2471.4</ele>
        <time>2024-02-18T20:12:08Z</time>
      </trkpt>
      <trkpt lat="37.647088" lon="-119.568964">
        <ele>2470.8</ele>
        <time>2024-02-18T20:12:16Z</time>
      </trkpt>
      <trkpt lat="37.64713" lon="-119.568997">
        <ele>2470.6</ele>
        <time>2024-02-18T20:12:30Z</time>
      </trkpt>
      <trkpt lat="37.647216" lon="-119.56913">
        <ele>2466.7</ele>
        <time>2024-02-18T20:12:34Z</time>
      </trkpt>
      <trkpt lat="37.647253" lon="-119.569172">
        <ele>2465.9</ele>
        <time>2024-02-18T20:12:35Z</time>
      </trkpt>
      <trkpt lat="37.647461" lon="-119.569233">
        <ele>2466.7</ele>
        <time>2024-02-18T20:12:40Z</time>
      </trkpt>
      <trkpt lat="37.647544" lon="-119.569267">
        <ele>2465.6</ele>
        <time>2024-02-18T20:12:42Z</time>
      </trkpt>
      <trkpt lat="37.647649" lon="-119.569292">
        <ele>2464.7</ele>
        <time>2024-02-18T20:12:44Z</time>
      </trkpt>
      <trkpt lat="37.647786" lon="-119.569335">
        <ele>2464.9</ele>
        <time>2024-02-18T20:12:46Z</time>
      </trkpt>
      <trkpt lat="37.647909" lon="-119.569408">
        <ele>2462.2</ele>
        <time>2024-02-18T20:12:48Z</time>
      </trkpt>
      <trkpt lat="37.648042" lon="-119.569516">
        <ele>2459.0</ele>
        <time>2024-02-18T20:12:50Z</time>
      </trkpt>
      <trkpt lat="37.648257" lon="-119.569658">
        <ele>2457.9</ele>
        <time>2024-02-18T20:12:53Z</time>
      </trkpt>
      <trkpt lat="37.648337" lon="-119.569723">
        <ele>2457.6</ele>
        <time>2024-02-18T20:12:54Z</time>
      </trkpt>
      <trkpt lat="37.648579" lon="-119.569932">
        <ele>2456.3</ele>
        <time>2024-02-18T20:12:57Z</time>
      </trkpt>
      <trkpt lat="37.648673" lon="-119.569979">
        <ele>2457.5</ele>
        <time>2024-02-18T20:12:58Z</time>
      </trkpt>
      <trkpt lat="37.648849" lon="-119.570039">
        <ele>2456.1</ele>
        <time>2024-02-18T20:13:00Z</time>
      </trkpt>
      <trkpt lat="37.648919" lon="-119.570084">
        <ele>2453.8</ele>
        <time>2024-02-18T20:13:01Z</time>
      </trkpt>
      <trkpt lat="37.64899" lon="-119.570146">
        <ele>2450.8</ele>
        <time>2024-02-18T20:13:02Z</time>
      </trkpt>
      <trkpt lat="37.649041" lon="-119.570222">
        <ele>2446.1</ele>
        <time>2024-02-18T20:13:03Z</time>
      </trkpt>
      <trkpt lat="37.649085" lon="-119.570312">
        <ele>2445.8</ele>
        <time>2024-02-18T20:13:04Z</time>
      </trkpt>
      <trkpt lat="37.649138" lon="-119.570391">
        <ele>2443.2</ele>
        <time>2024-02-18T20:13:05Z</time>
      </trkpt>
      <trkpt lat="37.649265" lon="-119.570559">
        <ele>2445.1</ele>
        <time>2024-02-18T20:13:07Z</time>
      </trkpt>
      <trkpt lat="37.649334" lon="-119.570624">
        <ele>2443.9</ele>
        <time>2024-02-18T20:13:08Z</time>
      </trkpt>
      <trkpt lat="37.649385" lon="-119.570699">
        <ele>2441.8</ele>
        <time>2024-02-18T20:13:09Z</time>
      </trkpt>
      <trkpt lat="37.649563" lon="-119.571039">
        <ele>2437.8</ele>
        <time>2024-02-18T20:13:13Z</time>
      </trkpt>
      <trkpt lat="37.649615" lon="-119.57111">
        <ele>2437.1</ele>
        <time>2024-02-18T20:13:14Z</time>
      </trkpt>
      <trkpt lat="37.649668" lon="-119.57121">
        <ele>2437.2</ele>
        <time>2024-02-18T20:13:15Z</time>
      </trkpt>
      <trkpt lat="37.649789" lon="-119.571326">
        <ele>2436.9</ele>
        <time>2024-02-18T20:13:17Z</time>
      </trkpt>
      <trkpt lat="37.649875" lon="-119.57133">
        <ele>2416.0</ele>
        <time>2024-02-18T20:13:19Z</time>
      </trkpt>
      <trkpt lat="37.6499" lon="-119.571352">
        <ele>2417.1</ele>
        <time>2024-02-18T20:13:20Z</time>
      </trkpt>
      <trkpt lat="37.649913" lon="-119.571401">
        <ele>2414.9</ele>
        <time>2024-02-18T20:13:21Z</time>
      </trkpt>
      <trkpt lat="37.649926" lon="-119.571612">
        <ele>2408.3</ele>
        <time>2024-02-18T20:13:24Z</time>
      </trkpt>
      <trkpt lat="37.649923" lon="-119.571712">
        <ele>2406.2</ele>
        <time>2024-02-18T20:13:25Z</time>
      </trkpt>
      <trkpt lat="37.649915" lon="-119.571816">
        <ele>2405.1</ele>
        <time>2024-02-18T20:13:26Z</time>
      </trkpt>
      <trkpt lat="37.649894" lon="-119.571906">
        <ele>2400.9</ele>
        <time>2024-02-18T20:13:27Z</time>
      </trkpt>
      <trkpt lat="37.649885" lon="-119.572217">
        <ele>2396.2</ele>
        <time>2024-02-18T20:13:30Z</time>
      </trkpt>
      <trkpt lat="37.649864" lon="-119.57232">
        <ele>2395.5</ele>
        <time>2024-02-18T20:13:31Z</time>
      </trkpt>
      <trkpt lat="37.649827" lon="-119.572389">
        <ele>2395.8</ele>
        <time>2024-02-18T20:13:32Z</time>
      </trkpt>
      <trkpt lat="37.649759" lon="-119.572457">
        <ele>2391.4</ele>
        <time>2024-02-18T20:13:35Z</time>
      </trkpt>
      <trkpt lat="37.649676" lon="-119.572358">
        <ele>2377.3</ele>
        <time>2024-02-18T20:13:52Z</time>
      </trkpt>
      <trkpt lat="37.649757" lon="-119.572527">
        <ele>2372.2</ele>
        <time>2024-02-18T20:14:04Z</time>
      </trkpt>
      <trkpt lat="37.649803" lon="-119.572648">
        <ele>2368.4</ele>
        <time>2024-02-18T20:14:06Z</time>
      </trkpt>
      <trkpt lat="37.649849" lon="-119.572809">
        <ele>2369.0</ele>
        <time>2024-02-18T20:14:08Z</time>
      </trkpt>
      <trkpt lat="37.649973" lon="-119.573339">
        <ele>2366.7</ele>
        <time>2024-02-18T20:14:14Z</time>
      </trkpt>
      <trkpt lat="37.650017" lon="-119.573554">
        <ele>2366.0</ele>
        <time>2024-02-18T20:14:16Z</time>
      </trkpt>
      <trkpt lat="37.650111" lon="-119.573796">
        <ele>2364.3</ele>
        <time>2024-02-18T20:14:19Z</time>
      </trkpt>
      <trkpt lat="37.650169" lon="-119.573994">
        <ele>2361.6</ele>
        <time>2024-02-18T20:14:21Z</time>
      </trkpt>
      <trkpt lat="37.650205" lon="-119.574072">
        <ele>2360.3</ele>
        <time>2024-02-18T20:14:22Z</time>
      </trkpt>
      <trkpt lat="37.650229" lon="-119.574155">
        <ele>2360.0</ele>
        <time>2024-02-18T20:14:23Z</time>
      </trkpt>
      <trkpt lat="37.650245" lon="-119.574358">
        <ele>2358.2</ele>
        <time>2024-02-18T20:14:26Z</time>
      </trkpt>
      <trkpt lat="37.650363" lon="-119.574513">
        <ele>2347.3</ele>
        <time>2024-02-18T20:14:33Z</time>
      </trkpt>
      <trkpt lat="37.65039" lon="-119.574539">
        <ele>2346.5</ele>
        <time>2024-02-18T20:14:34Z</time>
      </trkpt>
      <trkpt lat="37.650428" lon="-119.574556">
        <ele>2344.8</ele>
        <time>2024-02-18T20:14:35Z</time>
      </trkpt>
      <trkpt lat="37.650472" lon="-119.574561">
        <ele>2343.2</ele>
        <time>2024-02-18T20:14:36Z</time>
      </trkpt>
      <trkpt lat="37.650511" lon="-119.574536">
        <ele>2342.2</ele>
        <time>2024-02-18T20:14:37Z</time>
      </trkpt>
      <trkpt lat="37.650602" lon="-119.574431">
        <ele>2338.7</ele>
        <time>2024-02-18T20:14:40Z</time>
      </trkpt>
      <trkpt lat="37.650671" lon="-119.574406">
        <ele>2335.1</ele>
        <time>2024-02-18T20:14:42Z</time>
      </trkpt>
      <trkpt lat="37.650723" lon="-119.574408">
        <ele>2334.5</ele>
        <time>2024-02-18T20:14:43Z</time>
      </trkpt>
      <trkpt lat="37.650768" lon="-119.574422">
        <ele>2334.0</ele>
        <time>2024-02-18T20:14:44Z</time>
      </trkpt>
      <trkpt lat="37.650855" lon="-119.574482">
        <ele>2334.5</ele>
        <time>2024-02-18T20:14:47Z</time>
      </trkpt>
      <trkpt lat="37.650878" lon="-119.57448">
        <ele>2328.9</ele>
        <time>2024-02-18T20:15:11Z</time>
      </trkpt>
      <trkpt lat="37.651008" lon="-119.57465">
        <ele>2323.8</ele>
        <time>2024-02-18T20:15:17Z</time>
      </trkpt>
      <trkpt lat="37.651061" lon="-119.574755">
        <ele>2324.6</ele>
        <time>2024-02-18T20:15:19Z</time>
      </trkpt>
      <trkpt lat="37.651107" lon="-119.574876">
        <ele>2324.2</ele>
        <time>2024-02-18T20:15:21Z</time>
      </trkpt>
      <trkpt lat="37.651179" lon="-119.57516">
        <ele>2324.4</ele>
        <time>2024-02-18T20:15:26Z</time>
      </trkpt>
      <trkpt lat="37.651176" lon="-119.575178">
        <ele>2323.0</ele>
        <time>2024-02-18T20:15:27Z</time>
      </trkpt>
      <trkpt lat="37.651148" lon="-119.575151">
        <ele>2319.2</ele>
        <time>2024-02-18T20:15:31Z</time>
      </trkpt>
      <trkpt lat="37.651126" lon="-119.575153">
        <ele>2318.0</ele>
        <time>2024-02-18T20:15:37Z</time>
      </trkpt>
      <trkpt lat="37.651097" lon="-119.575207">
        <ele>2316.7</ele>
        <time>2024-02-18T20:16:09Z</time>
      </trkpt>
      <trkpt lat="37.651111" lon="-119.575281">
        <ele>2309.7</ele>
        <time>2024-02-18T20:16:35Z</time>
      </trkpt>
      <trkpt lat="37.651124" lon="-119.575287">
        <ele>2310.1</ele>
        <time>2024-02-18T20:16:37Z</time>
      </trkpt>
      <trkpt lat="37.651146" lon="-119.575246">
        <ele>2315.6</ele>
        <time>2024-02-18T20:16:48Z</time>
      </trkpt>
      <trkpt lat="37.651187" lon="-119.575232">
        <ele>2315.3</ele>
        <time>2024-02-18T20:16:50Z</time>
      </trkpt>
      <trkpt lat="37.651262" lon="-119.575271">
        <ele>2311.5</ele>
        <time>2024-02-18T20:16:52Z</time>
      </trkpt>
      <trkpt lat="37.651309" lon="-119.575314">
        <ele>2310.4</ele>
        <time>2024-02-18T20:16:53Z</time>
      </trkpt>
      <trkpt lat="37.651339" lon="-119.575359">
        <ele>2308.3</ele>
        <time>2024-02-18T20:16:54Z</time>
      </trkpt>
      <trkpt lat="37.651376" lon="-119.575395">
        <ele>2307.4</ele>
        <time>2024-02-18T20:16:55Z</time>
      </trkpt>
      <trkpt lat="37.651421" lon="-119.575415">
        <ele>2305.6</ele>
        <time>2024-02-18T20:16:57Z</time>
      </trkpt>
      <trkpt lat="37.651459" lon="-119.575353">
        <ele>2306.6</ele>
        <time>2024-02-18T20:17:07Z</time>
      </trkpt>
      <trkpt lat="37.651497" lon="-119.575405">
        <ele>2305.9</ele>
        <time>2024-02-18T20:17:14Z</time>
      </trkpt>
      <trkpt lat="37.651553" lon="-119.575421">
        <ele>2306.7</ele>
        <time>2024-02-18T20:17:17Z</time>
      </trkpt>
      <trkpt lat="37.651616" lon="-119.575368">
        <ele>2305.8</ele>
        <time>2024-02-18T20:17:19Z</time>
      </trkpt>
      <trkpt lat="37.651647" lon="-119.5753">
        <ele>2304.0</ele>
        <time>2024-02-18T20:17:21Z</time>
      </trkpt>
      <trkpt lat="37.651648" lon="-119.575247">
        <ele>2304.0</ele>
        <time>2024-02-18T20:17:23Z</time>
      </trkpt>
      <trkpt lat="37.651681" lon="-119.575155">
        <ele>2304.7</ele>
        <time>2024-02-18T20:17:28Z</time>
      </trkpt>
      <trkpt lat="37.651698" lon="-119.575146">
        <ele>2305.5</ele>
        <time>2024-02-18T20:17:33Z</time>
      </trkpt>
      <trkpt lat="37.651735" lon="-119.575171">
        <ele>2302.4</ele>
        <time>2024-02-18T20:17:40Z</time>
      </trkpt>
      <trkpt lat="37.651793" lon="-119.575164">
        <ele>2300.1</ele>
        <time>2024-02-18T20:17:43Z</time>
      </trkpt>
      <trkpt lat="37.651819" lon="-119.575194">
        <ele>2298.8</ele>
        <time>2024-02-18T20:17:59Z</time>
      </trkpt>
      <trkpt lat="37.651863" lon="-119.575221">
        <ele>2297.0</ele>
        <time>2024-02-18T20:18:02Z</time>
      </trkpt>
      <trkpt lat="37.651885" lon="-119.575219">
        <ele>2295.2</ele>
        <time>2024-02-18T20:18:03Z</time>
      </trkpt>
      <trkpt lat="37.651936" lon="-119.575162">
        <ele>2292.7</ele>
        <time>2024-02-18T20:18:05Z</time>
      </trkpt>
      <trkpt lat="37.65201" lon="-119.575107">
        <ele>2289.6</ele>
        <time>2024-02-18T20:18:07Z</time>
      </trkpt>
      <trkpt lat="37.652069" lon="-119.575084">
        <ele>2287.5</ele>
        <time>2024-02-18T20:23:12Z</time>
      </trkpt>
      <trkpt lat="37.65207" lon="-119.575124">
        <ele>2286.5</ele>
        <time>2024-02-18T20:23:14Z</time>
      </trkpt>
      <trkpt lat="37.652046" lon="-119.575215">
        <ele>2285.8</ele>
        <time>2024-02-18T20:23:22Z</time>
      </trkpt>
      <trkpt lat="37.652065" lon="-119.57528">
        <ele>2285.3</ele>
        <time>2024-02-18T20:23:27Z</time>
      </trkpt>
      <trkpt lat="37.652063" lon="-119.57533">
        <ele>2283.8</ele>
        <time>2024-02-18T20:23:33Z</time>
      </trkpt>
      <trkpt lat="37.652096" lon="-119.575326">
        <ele>2283.8</ele>
        <time>2024-02-18T20:23:51Z</time>
      </trkpt>
      <trkpt lat="37.652191" lon="-119.575259">
        <ele>2284.9</ele>
        <time>2024-02-18T20:25:27Z</time>
      </trkpt>
      <trkpt lat="37.652212" lon="-119.575257">
        <ele>2281.2</ele>
        <time>2024-02-18T20:25:59Z</time>
      </trkpt>
      <trkpt lat="37.652243" lon="-119.575307">
        <ele>2280.0</ele>
        <time>2024-02-18T20:26:01Z</time>
      </trkpt>
      <trkpt lat="37.652237" lon="-119.575359">
        <ele>2279.3</ele>
        <time>2024-02-18T20:26:52Z</time>
      </trkpt>
      <trkpt lat="37.652257" lon="-119.575431">
        <ele>2278.1</ele>
        <time>2024-02-18T20:26:56Z</time>
      </trkpt>
      <trkpt lat="37.652294" lon="-119.575489">
        <ele>2278.5</ele>
        <time>2024-02-18T20:27:26Z</time>
      </trkpt>
      <trkpt lat="37.652345" lon="-119.575652">
        <ele>2278.9</ele>
        <time>2024-02-18T20:27:32Z</time>
      </trkpt>
      <trkpt lat="37.652452" lon="-119.575718">
        <ele>2274.8</ele>
        <time>2024-02-18T20:27:36Z</time>
      </trkpt>
      <trkpt lat="37.65255" lon="-119.575799">
        <ele>2272.6</ele>
        <time>2024-02-18T20:27:39Z</time>
      </trkpt>
      <trkpt lat="37.652621" lon="-119.575875">
        <ele>2272.7</ele>
        <time>2024-02-18T20:27:42Z</time>
      </trkpt>
      <trkpt lat="37.652684" lon="-119.575869">
        <ele>2269.1</ele>
        <time>2024-02-18T20:27:44Z</time>
      </trkpt>
      <trkpt lat="37.65273" lon="-119.575847">
        <ele>2271.0</ele>
        <time>2024-02-18T20:27:45Z</time>
      </trkpt>
      <trkpt lat="37.652761" lon="-119.575808">
        <ele>2270.0</ele>
        <time>2024-02-18T20:27:46Z</time>
      </trkpt>
      <trkpt lat="37.652834" lon="-119.575768">
        <ele>2269.5</ele>
        <time>2024-02-18T20:27:48Z</time>
      </trkpt>
      <trkpt lat="37.652926" lon="-119.575771">
        <ele>2265.3</ele>
        <time>2024-02-18T20:27:50Z</time>
      </trkpt>
      <trkpt lat="37.652982" lon="-119.575792">
        <ele>2264.9</ele>
        <time>2024-02-18T20:27:51Z</time>
      </trkpt>
      <trkpt lat="37.653031" lon="-119.575826">
        <ele>2265.5</ele>
        <time>2024-02-18T20:27:52Z</time>
      </trkpt>
      <trkpt lat="37.653109" lon="-119.575916">
        <ele>2262.8</ele>
        <time>2024-02-18T20:27:54Z</time>
      </trkpt>
      <trkpt lat="37.653375" lon="-119.576097">
        <ele>2258.6</ele>
        <time>2024-02-18T20:28:01Z</time>
      </trkpt>
      <trkpt lat="37.653417" lon="-119.576123">
        <ele>2257.0</ele>
        <time>2024-02-18T20:28:02Z</time>
      </trkpt>
      <trkpt lat="37.653547" lon="-119.576168">
        <ele>2255.2</ele>
        <time>2024-02-18T20:28:05Z</time>
      </trkpt>
      <trkpt lat="37.65363" lon="-119.576166">
        <ele>2252.6</ele>
        <time>2024-02-18T20:28:07Z</time>
      </trkpt>
      <trkpt lat="37.65371" lon="-119.576188">
        <ele>2250.0</ele>
        <time>2024-02-18T20:28:09Z</time>
      </trkpt>
      <trkpt lat="37.653789" lon="-119.576192">
        <ele>2247.1</ele>
        <time>2024-02-18T20:28:11Z</time>
      </trkpt>
      <trkpt lat="37.653839" lon="-119.576185">
        <ele>2245.6</ele>
        <time>2024-02-18T20:28:12Z</time>
      </trkpt>
      <trkpt lat="37.653977" lon="-119.576185">
        <ele>2241.1</ele>
        <time>2024-02-18T20:28:15Z</time>
      </trkpt>
      <trkpt lat="37.654019" lon="-119.576195">
        <ele>2239.5</ele>
        <time>2024-02-18T20:28:16Z</time>
      </trkpt>
      <trkpt lat="37.654104" lon="-119.576237">
        <ele>2238.1</ele>
        <time>2024-02-18T20:28:18Z</time>
      </trkpt>
      <trkpt lat="37.654167" lon="-119.576297">
        <ele>2237.1</ele>
        <time>2024-02-18T20:28:21Z</time>
      </trkpt>
      <trkpt lat="37.654106" lon="-119.576327">
        <ele>2236.7</ele>
        <time>2024-02-18T20:30:40Z</time>
      </trkpt>
      <trkpt lat="37.654122" lon="-119.576355">
        <ele>2242.2</ele>
        <time>2024-02-18T20:33:44Z</time>
      </trkpt>
      <trkpt lat="37.654137" lon="-119.576412">
        <ele>2247.9</ele>
        <time>2024-02-18T20:34:10Z</time>
      </trkpt>
      <trkpt lat="37.654186" lon="-119.576423">
        <ele>2240.4</ele>
        <time>2024-02-18T20:36:34Z</time>
      </trkpt>
      <trkpt lat="37.654128" lon="-119.576382">
        <ele>2238.0</ele>
        <time>2024-02-18T20:38:18Z</time>
      </trkpt>
      <trkpt lat="37.654219" lon="-119.576169">
        <ele>2248.7</ele>
        <time>2024-02-18T20:39:28Z</time>
      </trkpt>
      <trkpt lat="37.654265" lon="-119.576239">
        <ele>2281.7</ele>
        <time>2024-02-18T20:39:30Z</time>
      </trkpt>
      <trkpt lat="37.65428" lon="-119.576247">
        <ele>2271.8</ele>
        <time>2024-02-18T20:39:31Z</time>
      </trkpt>
      <trkpt lat="37.654325" lon="-119.576208">
        <ele>2256.9</ele>
        <time>2024-02-18T20:39:32Z</time>
      </trkpt>
      <trkpt lat="37.654355" lon="-119.576208">
        <ele>2234.7</ele>
        <time>2024-02-18T20:39:38Z</time>
      </trkpt>
      <trkpt lat="37.654424" lon="-119.576165">
        <ele>2230.9</ele>
        <time>2024-02-18T20:39:43Z</time>
      </trkpt>
      <trkpt lat="37.654472" lon="-119.576178">
        <ele>2233.2</ele>
        <time>2024-02-18T20:39:54Z</time>
      </trkpt>
      <trkpt lat="37.654538" lon="-119.576173">
        <ele>2230.5</ele>
        <time>2024-02-18T20:39:59Z</time>
      </trkpt>
      <trkpt lat="37.654697" lon="-119.576273">
        <ele>2226.8</ele>
        <time>2024-02-18T20:40:15Z</time>
      </trkpt>
      <trkpt lat="37.654714" lon="-119.576314">
        <ele>2224.8</ele>
        <time>2024-02-18T20:40:20Z</time>
      </trkpt>
      <trkpt lat="37.654692" lon="-119.576343">
        <ele>2223.7</ele>
        <time>2024-02-18T20:40:29Z</time>
      </trkpt>
      <trkpt lat="37.654711" lon="-119.576428">
        <ele>2222.9</ele>
        <time>2024-02-18T20:40:36Z</time>
      </trkpt>
      <trkpt lat="37.654709" lon="-119.576462">
        <ele>2220.6</ele>
        <time>2024-02-18T20:40:43Z</time>
      </trkpt>
      <trkpt lat="37.654685" lon="-119.576497">
        <ele>2220.7</ele>
        <time>2024-02-18T20:40:54Z</time>
      </trkpt>
      <trkpt lat="37.654695" lon="-119.576551">
        <ele>2226.5</ele>
        <time>2024-02-18T20:42:04Z</time>
      </trkpt>
      <trkpt lat="37.654741" lon="-119.576603">
        <ele>2226.0</ele>
        <time>2024-02-18T20:42:10Z</time>
      </trkpt>
      <trkpt lat="37.654751" lon="-119.576676">
        <ele>2225.4</ele>
        <time>2024-02-18T20:42:17Z</time>
      </trkpt>
      <trkpt lat="37.654783" lon="-119.576733">
        <ele>2224.9</ele>
        <time>2024-02-18T20:42:22Z</time>
      </trkpt>
      <trkpt lat="37.654852" lon="-119.576793">
        <ele>2224.6</ele>
        <time>2024-02-18T20:42:27Z</time>
      </trkpt>
      <trkpt lat="37.65487" lon="-119.576853">
        <ele>2223.7</ele>
        <time>2024-02-18T20:42:30Z</time>
      </trkpt>
      <trkpt lat="37.654923" lon="-119.576931">
        <ele>2222.7</ele>
        <time>2024-02-18T20:42:37Z</time>
      </trkpt>
      <trkpt lat="37.655012" lon="-119.576991">
        <ele>2222.9</ele>
        <time>2024-02-18T20:42:46Z</time>
      </trkpt>
      <trkpt lat="37.65504" lon="-119.577031">
        <ele>2223.2</ele>
        <time>2024-02-18T20:42:51Z</time>
      </trkpt>
      <trkpt lat="37.655063" lon="-119.577111">
        <ele>2222.1</ele>
        <time>2024-02-18T20:42:58Z</time>
      </trkpt>
      <trkpt lat="37.655045" lon="-119.577174">
        <ele>2222.1</ele>
        <time>2024-02-18T20:43:04Z</time>
      </trkpt>
      <trkpt lat="37.655064" lon="-119.577221">
        <ele>2220.1</ele>
        <time>2024-02-18T20:43:10Z</time>
      </trkpt>
      <trkpt lat="37.655122" lon="-119.577321">
        <ele>2218.6</ele>
        <time>2024-02-18T20:43:23Z</time>
      </trkpt>
      <trkpt lat="37.655109" lon="-119.577346">
        <ele>2215.6</ele>
        <time>2024-02-18T20:43:54Z</time>
      </trkpt>
      <trkpt lat="37.655127" lon="-119.577364">
        <ele>2219.5</ele>
        <time>2024-02-18T20:44:27Z</time>
      </trkpt>
      <trkpt lat="37.655122" lon="-119.5774">
        <ele>2218.8</ele>
        <time>2024-02-18T20:44:40Z</time>
      </trkpt>
      <trkpt lat="37.655147" lon="-119.577389">
        <ele>2216.5</ele>
        <time>2024-02-18T20:45:16Z</time>
      </trkpt>
      <trkpt lat="37.655143" lon="-119.577436">
        <ele>2221.5</ele>
        <time>2024-02-18T20:47:57Z</time>
      </trkpt>
      <trkpt lat="37.655164" lon="-119.577421">
        <ele>2220.2</ele>
        <time>2024-02-18T20:48:26Z</time>
      </trkpt>
      <trkpt lat="37.655185" lon="-119.577488">
        <ele>2220.2</ele>
        <time>2024-02-18T20:48:34Z</time>
      </trkpt>
      <trkpt lat="37.655109" lon="-119.57758">
        <ele>2219.8</ele>
        <time>2024-02-18T20:48:45Z</time>
      </trkpt>
      <trkpt lat="37.655075" lon="-119.577651">
        <ele>2220.2</ele>
        <time>2024-02-18T20:48:52Z</time>
      </trkpt>
      <trkpt lat="37.65507" lon="-119.577694">
        <ele>2219.4</ele>
        <time>2024-02-18T20:48:57Z</time>
      </trkpt>
      <trkpt lat="37.655118" lon="-119.577765">
        <ele>2217.9</ele>
        <time>2024-02-18T20:49:04Z</time>
      </trkpt>
      <trkpt lat="37.655138" lon="-119.577827">
        <ele>2215.6</ele>
        <time>2024-02-18T20:49:13Z</time>
      </trkpt>
      <trkpt lat="37.655154" lon="-119.5779">
        <ele>2216.5</ele>
        <time>2024-02-18T20:49:18Z</time>
      </trkpt>
      <trkpt lat="37.65514" lon="-119.577978">
        <ele>2217.0</ele>
        <time>2024-02-18T20:49:25Z</time>
      </trkpt>
      <trkpt lat="37.655151" lon="-119.578046">
        <ele>2217.5</ele>
        <time>2024-02-18T20:49:35Z</time>
      </trkpt>
      <trkpt lat="37.655126" lon="-119.578246">
        <ele>2216.4</ele>
        <time>2024-02-18T20:49:59Z</time>
      </trkpt>
      <trkpt lat="37.655091" lon="-119.578299">
        <ele>2217.1</ele>
        <time>2024-02-18T20:50:02Z</time>
      </trkpt>
      <trkpt lat="37.65505" lon="-119.578404">
        <ele>2215.7</ele>
        <time>2024-02-18T20:50:10Z</time>
      </trkpt>
      <trkpt lat="37.655022" lon="-119.578457">
        <ele>2216.2</ele>
        <time>2024-02-18T20:50:14Z</time>
      </trkpt>
      <trkpt lat="37.655042" lon="-119.578631">
        <ele>2214.9</ele>
        <time>2024-02-18T20:50:26Z</time>
      </trkpt>
      <trkpt lat="37.655067" lon="-119.578682">
        <ele>2214.9</ele>
        <time>2024-02-18T20:50:30Z</time>
      </trkpt>
      <trkpt lat="37.65508" lon="-119.578757">
        <ele>2212.4</ele>
        <time>2024-02-18T20:50:35Z</time>
      </trkpt>
      <trkpt lat="37.655071" lon="-119.578875">
        <ele>2212.0</ele>
        <time>2024-02-18T20:50:40Z</time>
      </trkpt>
      <trkpt lat="37.65503" lon="-119.57897">
        <ele>2213.0</ele>
        <time>2024-02-18T20:50:45Z</time>
      </trkpt>
      <trkpt lat="37.655015" lon="-119.579086">
        <ele>2212.1</ele>
        <time>2024-02-18T20:50:57Z</time>
      </trkpt>
      <trkpt lat="37.655062" lon="-119.579178">
        <ele>2216.0</ele>
        <time>2024-02-18T20:51:09Z</time>
      </trkpt>
      <trkpt lat="37.655082" lon="-119.579184">
        <ele>2215.2</ele>
        <time>2024-02-18T20:51:56Z</time>
      </trkpt>
      <trkpt lat="37.655612" lon="-119.579653">
        <ele>2222.5</ele>
        <time>2024-02-18T20:52:04Z</time>
      </trkpt>
      <trkpt lat="37.655642" lon="-119.579708">
        <ele>2222.6</ele>
        <time>2024-02-18T20:52:07Z</time>
      </trkpt>
      <trkpt lat="37.655687" lon="-119.579698">
        <ele>2211.6</ele>
        <time>2024-02-18T20:52:10Z</time>
      </trkpt>
      <trkpt lat="37.655781" lon="-119.579793">
        <ele>2206.4</ele>
        <time>2024-02-18T20:52:21Z</time>
      </trkpt>
      <trkpt lat="37.65582" lon="-119.579806">
        <ele>2205.0</ele>
        <time>2024-02-18T20:52:24Z</time>
      </trkpt>
      <trkpt lat="37.655839" lon="-119.579834">
        <ele>2207.3</ele>
        <time>2024-02-18T20:52:25Z</time>
      </trkpt>
      <trkpt lat="37.65592" lon="-119.579887">
        <ele>2205.4</ele>
        <time>2024-02-18T20:52:31Z</time>
      </trkpt>
      <trkpt lat="37.655981" lon="-119.579899">
        <ele>2203.4</ele>
        <time>2024-02-18T20:52:35Z</time>
      </trkpt>
      <trkpt lat="37.656018" lon="-119.579931">
        <ele>2202.0</ele>
        <time>2024-02-18T20:52:39Z</time>
      </trkpt>
      <trkpt lat="37.656189" lon="-119.580033">
        <ele>2199.4</ele>
        <time>2024-02-18T20:52:50Z</time>
      </trkpt>
      <trkpt lat="37.656263" lon="-119.580114">
        <ele>2197.6</ele>
        <time>2024-02-18T20:52:58Z</time>
      </trkpt>
      <trkpt lat="37.656318" lon="-119.580139">
        <ele>2195.7</ele>
        <time>2024-02-18T20:53:02Z</time>
      </trkpt>
      <trkpt lat="37.656425" lon="-119.580158">
        <ele>2195.5</ele>
        <time>2024-02-18T20:53:08Z</time>
      </trkpt>
      <trkpt lat="37.656491" lon="-119.580199">
        <ele>2195.2</ele>
        <time>2024-02-18T20:53:13Z</time>
      </trkpt>
      <trkpt lat="37.656544" lon="-119.580266">
        <ele>2194.0</ele>
        <time>2024-02-18T20:53:19Z</time>
      </trkpt>
      <trkpt lat="37.656615" lon="-119.580309">
        <ele>2193.1</ele>
        <time>2024-02-18T20:53:26Z</time>
      </trkpt>
      <trkpt lat="37.656606" lon="-119.580419">
        <ele>2192.1</ele>
        <time>2024-02-18T20:54:00Z</time>
      </trkpt>
      <trkpt lat="37.656695" lon="-119.580418">
        <ele>2191.1</ele>
        <time>2024-02-18T20:54:20Z</time>
      </trkpt>
      <trkpt lat="37.656706" lon="-119.580481">
        <ele>2193.3</ele>
        <time>2024-02-18T20:54:54Z</time>
      </trkpt>
      <trkpt lat="37.656699" lon="-119.580529">
        <ele>2192.3</ele>
        <time>2024-02-18T20:54:58Z</time>
      </trkpt>
      <trkpt lat="37.656823" lon="-119.580682">
        <ele>2191.5</ele>
        <time>2024-02-18T20:55:11Z</time>
      </trkpt>
      <trkpt lat="37.656875" lon="-119.580774">
        <ele>2191.1</ele>
        <time>2024-02-18T20:55:22Z</time>
      </trkpt>
      <trkpt lat="37.656911" lon="-119.580786">
        <ele>2190.6</ele>
        <time>2024-02-18T20:55:25Z</time>
      </trkpt>
      <trkpt lat="37.657047" lon="-119.580868">
        <ele>2191.6</ele>
        <time>2024-02-18T20:55:37Z</time>
      </trkpt>
      <trkpt lat="37.657057" lon="-119.580893">
        <ele>2192.5</ele>
        <time>2024-02-18T20:55:40Z</time>
      </trkpt>
      <trkpt lat="37.657091" lon="-119.580921">
        <ele>2191.0</ele>
        <time>2024-02-18T20:55:48Z</time>
      </trkpt>
      <trkpt lat="37.657144" lon="-119.580951">
        <ele>2189.3</ele>
        <time>2024-02-18T20:55:55Z</time>
      </trkpt>
      <trkpt lat="37.657165" lon="-119.580953">
        <ele>2189.0</ele>
        <time>2024-02-18T20:55:57Z</time>
      </trkpt>
      <trkpt lat="37.657207" lon="-119.580992">
        <ele>2194.8</ele>
        <time>2024-02-18T20:56:02Z</time>
      </trkpt>
      <trkpt lat="37.65732" lon="-119.581">
        <ele>2196.9</ele>
        <time>2024-02-18T20:56:11Z</time>
      </trkpt>
      <trkpt lat="37.657456" lon="-119.581098">
        <ele>2195.6</ele>
        <time>2024-02-18T20:56:24Z</time>
      </trkpt>
      <trkpt lat="37.657663" lon="-119.581263">
        <ele>2193.5</ele>
        <time>2024-02-18T20:56:39Z</time>
      </trkpt>
      <trkpt lat="37.6578" lon="-119.581323">
        <ele>2189.4</ele>
        <time>2024-02-18T20:56:46Z</time>
      </trkpt>
      <trkpt lat="37.657889" lon="-119.581391">
        <ele>2187.4</ele>
        <time>2024-02-18T20:56:52Z</time>
      </trkpt>
      <trkpt lat="37.657944" lon="-119.58141">
        <ele>2184.8</ele>
        <time>2024-02-18T20:56:58Z</time>
      </trkpt>
      <trkpt lat="37.657973" lon="-119.58144">
        <ele>2184.2</ele>
        <time>2024-02-18T20:57:02Z</time>
      </trkpt>
      <trkpt lat="37.65801" lon="-119.581446">
        <ele>2182.8</ele>
        <time>2024-02-18T20:57:06Z</time>
      </trkpt>
      <trkpt lat="37.658093" lon="-119.5815">
        <ele>2181.7</ele>
        <time>2024-02-18T20:57:13Z</time>
      </trkpt>
      <trkpt lat="37.658103" lon="-119.581513">
        <ele>2182.0</ele>
        <time>2024-02-18T20:57:14Z</time>
      </trkpt>
      <trkpt lat="37.65818" lon="-119.581514">
        <ele>2179.8</ele>
        <time>2024-02-18T20:57:20Z</time>
      </trkpt>
      <trkpt lat="37.658267" lon="-119.581565">
        <ele>2180.2</ele>
        <time>2024-02-18T20:57:27Z</time>
      </trkpt>
      <trkpt lat="37.658313" lon="-119.581566">
        <ele>2178.6</ele>
        <time>2024-02-18T20:57:31Z</time>
      </trkpt>
      <trkpt lat="37.658395" lon="-119.581622">
        <ele>2178.1</ele>
        <time>2024-02-18T20:57:37Z</time>
      </trkpt>
      <trkpt lat="37.658504" lon="-119.58169">
        <ele>2177.1</ele>
        <time>2024-02-18T20:57:46Z</time>
      </trkpt>
      <trkpt lat="37.65856" lon="-119.5817">
        <ele>2176.4</ele>
        <time>2024-02-18T20:57:50Z</time>
      </trkpt>
      <trkpt lat="37.658594" lon="-119.581749">
        <ele>2178.3</ele>
        <time>2024-02-18T20:57:54Z</time>
      </trkpt>
      <trkpt lat="37.658697" lon="-119.581811">
        <ele>2178.7</ele>
        <time>2024-02-18T20:58:02Z</time>
      </trkpt>
      <trkpt lat="37.658752" lon="-119.581858">
        <ele>2179.2</ele>
        <time>2024-02-18T20:58:06Z</time>
      </trkpt>
      <trkpt lat="37.658816" lon="-119.581968">
        <ele>2182.1</ele>
        <time>2024-02-18T20:58:13Z</time>
      </trkpt>
      <trkpt lat="37.658921" lon="-119.582133">
        <ele>2183.3</ele>
        <time>2024-02-18T20:58:23Z</time>
      </trkpt>
      <trkpt lat="37.658961" lon="-119.582219">
        <ele>2184.3</ele>
        <time>2024-02-18T20:58:30Z</time>
      </trkpt>
      <trkpt lat="37.659014" lon="-119.582302">
        <ele>2187.5</ele>
        <time>2024-02-18T20:58:36Z</time>
      </trkpt>
      <trkpt lat="37.659137" lon="-119.582413">
        <ele>2188.8</ele>
        <time>2024-02-18T20:58:47Z</time>
      </trkpt>
      <trkpt lat="37.659184" lon="-119.58246">
        <ele>2189.4</ele>
        <time>2024-02-18T20:58:51Z</time>
      </trkpt>
      <trkpt lat="37.659291" lon="-119.582542">
        <ele>2191.7</ele>
        <time>2024-02-18T20:58:59Z</time>
      </trkpt>
      <trkpt lat="37.659354" lon="-119.582607">
        <ele>2190.8</ele>
        <time>2024-02-18T20:59:05Z</time>
      </trkpt>
      <trkpt lat="37.659386" lon="-119.58266">
        <ele>2189.6</ele>
        <time>2024-02-18T20:59:08Z</time>
      </trkpt>
      <trkpt lat="37.659472" lon="-119.582897">
        <ele>2189.4</ele>
        <time>2024-02-18T20:59:21Z</time>
      </trkpt>
      <trkpt lat="37.659522" lon="-119.582955">
        <ele>2189.3</ele>
        <time>2024-02-18T20:59:26Z</time>
      </trkpt>
      <trkpt lat="37.659582" lon="-119.582989">
        <ele>2189.3</ele>
        <time>2024-02-18T20:59:32Z</time>
      </trkpt>
      <trkpt lat="37.659607" lon="-119.583034">
        <ele>2189.3</ele>
        <time>2024-02-18T20:59:36Z</time>
      </trkpt>
      <trkpt lat="37.659727" lon="-119.583156">
        <ele>2186.3</ele>
        <time>2024-02-18T20:59:45Z</time>
      </trkpt>
      <trkpt lat="37.659743" lon="-119.583168">
        <ele>2185.9</ele>
        <time>2024-02-18T20:59:46Z</time>
      </trkpt>
      <trkpt lat="37.659874" lon="-119.583231">
        <ele>2187.4</ele>
        <time>2024-02-18T20:59:55Z</time>
      </trkpt>
      <trkpt lat="37.659921" lon="-119.583239">
        <ele>2189.2</ele>
        <time>2024-02-18T20:59:59Z</time>
      </trkpt>
      <trkpt lat="37.659996" lon="-119.583226">
        <ele>2188.5</ele>
        <time>2024-02-18T21:00:11Z</time>
      </trkpt>
      <trkpt lat="37.660014" lon="-119.58325">
        <ele>2188.2</ele>
        <time>2024-02-18T21:00:18Z</time>
      </trkpt>
      <trkpt lat="37.660074" lon="-119.583229">
        <ele>2185.0</ele>
        <time>2024-02-18T21:00:25Z</time>
      </trkpt>
      <trkpt lat="37.660126" lon="-119.583172">
        <ele>2187.9</ele>
        <time>2024-02-18T21:00:34Z</time>
      </trkpt>
      <trkpt lat="37.660169" lon="-119.583158">
        <ele>2188.0</ele>
        <time>2024-02-18T21:00:41Z</time>
      </trkpt>
      <trkpt lat="37.660242" lon="-119.583163">
        <ele>2188.1</ele>
        <time>2024-02-18T21:00:48Z</time>
      </trkpt>
      <trkpt lat="37.660295" lon="-119.583177">
        <ele>2190.0</ele>
        <time>2024-02-18T21:00:53Z</time>
      </trkpt>
      <trkpt lat="37.66039" lon="-119.583176">
        <ele>2189.3</ele>
        <time>2024-02-18T21:01:03Z</time>
      </trkpt>
      <trkpt lat="37.660465" lon="-119.583195">
        <ele>2188.6</ele>
        <time>2024-02-18T21:01:09Z</time>
      </trkpt>
      <trkpt lat="37.660619" lon="-119.583309">
        <ele>2189.7</ele>
        <time>2024-02-18T21:01:22Z</time>
      </trkpt>
      <trkpt lat="37.660633" lon="-119.583336">
        <ele>2190.2</ele>
        <time>2024-02-18T21:01:26Z</time>
      </trkpt>
      <trkpt lat="37.660693" lon="-119.583381">
        <ele>2191.7</ele>
        <time>2024-02-18T21:01:33Z</time>
      </trkpt>
      <trkpt lat="37.660766" lon="-119.583402">
        <ele>2191.7</ele>
        <time>2024-02-18T21:01:39Z</time>
      </trkpt>
      <trkpt lat="37.660896" lon="-119.583387">
        <ele>2190.3</ele>
        <time>2024-02-18T21:01:52Z</time>
      </trkpt>
      <trkpt lat="37.660945" lon="-119.583398">
        <ele>2189.7</ele>
        <time>2024-02-18T21:01:55Z</time>
      </trkpt>
      <trkpt lat="37.660986" lon="-119.583428">
        <ele>2189.1</ele>
        <time>2024-02-18T21:01:58Z</time>
      </trkpt>
      <trkpt lat="37.661174" lon="-119.583652">
        <ele>2190.3</ele>
        <time>2024-02-18T21:02:16Z</time>
      </trkpt>
      <trkpt lat="37.66119" lon="-119.58365">
        <ele>2190.1</ele>
        <time>2024-02-18T21:02:17Z</time>
      </trkpt>
      <trkpt lat="37.661272" lon="-119.583712">
        <ele>2189.2</ele>
        <time>2024-02-18T21:02:24Z</time>
      </trkpt>
      <trkpt lat="37.661323" lon="-119.583721">
        <ele>2189.0</ele>
        <time>2024-02-18T21:02:30Z</time>
      </trkpt>
      <trkpt lat="37.661391" lon="-119.583774">
        <ele>2189.6</ele>
        <time>2024-02-18T21:02:38Z</time>
      </trkpt>
      <trkpt lat="37.661437" lon="-119.583841">
        <ele>2189.8</ele>
        <time>2024-02-18T21:02:45Z</time>
      </trkpt>
      <trkpt lat="37.661475" lon="-119.583853">
        <ele>2189.0</ele>
        <time>2024-02-18T21:02:48Z</time>
      </trkpt>
      <trkpt lat="37.661671" lon="-119.584023">
        <ele>2189.8</ele>
        <time>2024-02-18T21:03:06Z</time>
      </trkpt>
      <trkpt lat="37.661679" lon="-119.584034">
        <ele>2190.0</ele>
        <time>2024-02-18T21:03:07Z</time>
      </trkpt>
      <trkpt lat="37.661746" lon="-119.584195">
        <ele>2190.3</ele>
        <time>2024-02-18T21:03:16Z</time>
      </trkpt>
      <trkpt lat="37.661764" lon="-119.584265">
        <ele>2189.5</ele>
        <time>2024-02-18T21:03:21Z</time>
      </trkpt>
      <trkpt lat="37.661819" lon="-119.584326">
        <ele>2190.5</ele>
        <time>2024-02-18T21:03:27Z</time>
      </trkpt>
      <trkpt lat="37.661868" lon="-119.584435">
        <ele>2192.1</ele>
        <time>2024-02-18T21:03:34Z</time>
      </trkpt>
      <trkpt lat="37.661934" lon="-119.584497">
        <ele>2190.5</ele>
        <time>2024-02-18T21:03:40Z</time>
      </trkpt>
      <trkpt lat="37.661988" lon="-119.584577">
        <ele>2189.7</ele>
        <time>2024-02-18T21:03:45Z</time>
      </trkpt>
      <trkpt lat="37.662077" lon="-119.584676">
        <ele>2191.5</ele>
        <time>2024-02-18T21:03:57Z</time>
      </trkpt>
      <trkpt lat="37.662156" lon="-119.584755">
        <ele>2190.0</ele>
        <time>2024-02-18T21:04:05Z</time>
      </trkpt>
      <trkpt lat="37.662202" lon="-119.584842">
        <ele>2190.6</ele>
        <time>2024-02-18T21:04:13Z</time>
      </trkpt>
      <trkpt lat="37.662229" lon="-119.584966">
        <ele>2193.8</ele>
        <time>2024-02-18T21:04:20Z</time>
      </trkpt>
      <trkpt lat="37.662227" lon="-119.585025">
        <ele>2193.8</ele>
        <time>2024-02-18T21:04:27Z</time>
      </trkpt>
      <trkpt lat="37.662287" lon="-119.585122">
        <ele>2193.2</ele>
        <time>2024-02-18T21:04:40Z</time>
      </trkpt>
      <trkpt lat="37.662288" lon="-119.585153">
        <ele>2197.0</ele>
        <time>2024-02-18T21:04:49Z</time>
      </trkpt>
      <trkpt lat="37.662308" lon="-119.585166">
        <ele>2197.7</ele>
        <time>2024-02-18T21:04:51Z</time>
      </trkpt>
      <trkpt lat="37.662292" lon="-119.585185">
        <ele>2199.2</ele>
        <time>2024-02-18T21:04:59Z</time>
      </trkpt>
      <trkpt lat="37.662265" lon="-119.585175">
        <ele>2199.7</ele>
        <time>2024-02-18T21:05:01Z</time>
      </trkpt>
      <trkpt lat="37.662208" lon="-119.585182">
        <ele>2198.7</ele>
        <time>2024-02-18T21:05:05Z</time>
      </trkpt>
      <trkpt lat="37.662235" lon="-119.585277">
        <ele>2195.4</ele>
        <time>2024-02-18T21:05:17Z</time>
      </trkpt>
      <trkpt lat="37.662233" lon="-119.585356">
        <ele>2195.3</ele>
        <time>2024-02-18T21:05:22Z</time>
      </trkpt>
      <trkpt lat="37.662256" lon="-119.585564">
        <ele>2193.9</ele>
        <time>2024-02-18T21:05:34Z</time>
      </trkpt>
      <trkpt lat="37.66228" lon="-119.585625">
        <ele>2193.0</ele>
        <time>2024-02-18T21:05:40Z</time>
      </trkpt>
      <trkpt lat="37.662261" lon="-119.585654">
        <ele>2193.2</ele>
        <time>2024-02-18T21:05:43Z</time>
      </trkpt>
      <trkpt lat="37.662236" lon="-119.585779">
        <ele>2196.8</ele>
        <time>2024-02-18T21:05:51Z</time>
      </trkpt>
      <trkpt lat="37.662211" lon="-119.585936">
        <ele>2197.5</ele>
        <time>2024-02-18T21:06:02Z</time>
      </trkpt>
      <trkpt lat="37.662214" lon="-119.58598">
        <ele>2196.9</ele>
        <time>2024-02-18T21:06:05Z</time>
      </trkpt>
      <trkpt lat="37.662169" lon="-119.586188">
        <ele>2194.8</ele>
        <time>2024-02-18T21:06:18Z</time>
      </trkpt>
      <trkpt lat="37.662159" lon="-119.586322">
        <ele>2195.1</ele>
        <time>2024-02-18T21:06:26Z</time>
      </trkpt>
      <trkpt lat="37.662165" lon="-119.586386">
        <ele>2194.8</ele>
        <time>2024-02-18T21:06:29Z</time>
      </trkpt>
      <trkpt lat="37.662182" lon="-119.586475">
        <ele>2197.8</ele>
        <time>2024-02-18T21:06:36Z</time>
      </trkpt>
      <trkpt lat="37.662176" lon="-119.586607">
        <ele>2197.3</ele>
        <time>2024-02-18T21:06:44Z</time>
      </trkpt>
      <trkpt lat="37.66216" lon="-119.58668">
        <ele>2197.2</ele>
        <time>2024-02-18T21:06:49Z</time>
      </trkpt>
      <trkpt lat="37.662047" lon="-119.586996">
        <ele>2197.9</ele>
        <time>2024-02-18T21:07:08Z</time>
      </trkpt>
      <trkpt lat="37.662003" lon="-119.587141">
        <ele>2197.5</ele>
        <time>2024-02-18T21:07:17Z</time>
      </trkpt>
      <trkpt lat="37.661998" lon="-119.587216">
        <ele>2197.7</ele>
        <time>2024-02-18T21:07:23Z</time>
      </trkpt>
      <trkpt lat="37.661994" lon="-119.587396">
        <ele>2194.5</ele>
        <time>2024-02-18T21:07:41Z</time>
      </trkpt>
      <trkpt lat="37.662006" lon="-119.587457">
        <ele>2194.6</ele>
        <time>2024-02-18T21:07:46Z</time>
      </trkpt>
      <trkpt lat="37.662035" lon="-119.587527">
        <ele>2196.0</ele>
        <time>2024-02-18T21:07:52Z</time>
      </trkpt>
      <trkpt lat="37.662047" lon="-119.587617">
        <ele>2196.3</ele>
        <time>2024-02-18T21:08:01Z</time>
      </trkpt>
      <trkpt lat="37.662045" lon="-119.587684">
        <ele>2197.0</ele>
        <time>2024-02-18T21:08:05Z</time>
      </trkpt>
      <trkpt lat="37.662057" lon="-119.58788">
        <ele>2196.1</ele>
        <time>2024-02-18T21:08:17Z</time>
      </trkpt>
      <trkpt lat="37.662067" lon="-119.587969">
        <ele>2194.8</ele>
        <time>2024-02-18T21:08:23Z</time>
      </trkpt>
      <trkpt lat="37.662094" lon="-119.588038">
        <ele>2194.3</ele>
        <time>2024-02-18T21:08:29Z</time>
      </trkpt>
      <trkpt lat="37.662137" lon="-119.58831">
        <ele>2198.2</ele>
        <time>2024-02-18T21:08:44Z</time>
      </trkpt>
      <trkpt lat="37.662155" lon="-119.588397">
        <ele>2198.9</ele>
        <time>2024-02-18T21:08:50Z</time>
      </trkpt>
      <trkpt lat="37.66219" lon="-119.588461">
        <ele>2198.2</ele>
        <time>2024-02-18T21:08:56Z</time>
      </trkpt>
      <trkpt lat="37.662192" lon="-119.588546">
        <ele>2198.0</ele>
        <time>2024-02-18T21:09:01Z</time>
      </trkpt>
      <trkpt lat="37.662207" lon="-119.58866">
        <ele>2198.2</ele>
        <time>2024-02-18T21:09:06Z</time>
      </trkpt>
      <trkpt lat="37.662241" lon="-119.588763">
        <ele>2197.3</ele>
        <time>2024-02-18T21:09:13Z</time>
      </trkpt>
      <trkpt lat="37.662303" lon="-119.588846">
        <ele>2198.0</ele>
        <time>2024-02-18T21:09:20Z</time>
      </trkpt>
      <trkpt lat="37.662339" lon="-119.588923">
        <ele>2197.2</ele>
        <time>2024-02-18T21:09:25Z</time>
      </trkpt>
      <trkpt lat="37.662373" lon="-119.588968">
        <ele>2195.3</ele>
        <time>2024-02-18T21:09:30Z</time>
      </trkpt>
      <trkpt lat="37.66237" lon="-119.588991">
        <ele>2196.2</ele>
        <time>2024-02-18T21:09:34Z</time>
      </trkpt>
      <trkpt lat="37.662328" lon="-119.588978">
        <ele>2198.3</ele>
        <time>2024-02-18T21:10:02Z</time>
      </trkpt>
      <trkpt lat="37.662266" lon="-119.589053">
        <ele>2197.9</ele>
        <time>2024-02-18T21:10:26Z</time>
      </trkpt>
      <trkpt lat="37.662196" lon="-119.589122">
        <ele>2196.8</ele>
        <time>2024-02-18T21:10:33Z</time>
      </trkpt>
      <trkpt lat="37.66217" lon="-119.589124">
        <ele>2195.8</ele>
        <time>2024-02-18T21:10:58Z</time>
      </trkpt>
      <trkpt lat="37.662173" lon="-119.589158">
        <ele>2194.8</ele>
        <time>2024-02-18T21:11:25Z</time>
      </trkpt>
      <trkpt lat="37.662158" lon="-119.589178">
        <ele>2196.8</ele>
        <time>2024-02-18T21:11:34Z</time>
      </trkpt>
      <trkpt lat="37.662146" lon="-119.58923">
        <ele>2197.6</ele>
        <time>2024-02-18T21:11:38Z</time>
      </trkpt>
      <trkpt lat="37.662113" lon="-119.589286">
        <ele>2196.7</ele>
        <time>2024-02-18T21:11:41Z</time>
      </trkpt>
      <trkpt lat="37.66199" lon="-119.589416">
        <ele>2194.7</ele>
        <time>2024-02-18T21:11:47Z</time>
      </trkpt>
      <trkpt lat="37.661974" lon="-119.58944">
        <ele>2194.5</ele>
        <time>2024-02-18T21:11:48Z</time>
      </trkpt>
      <trkpt lat="37.661947" lon="-119.589537">
        <ele>2193.3</ele>
        <time>2024-02-18T21:11:54Z</time>
      </trkpt>
      <trkpt lat="37.661894" lon="-119.589672">
        <ele>2192.4</ele>
        <time>2024-02-18T21:11:59Z</time>
      </trkpt>
      <trkpt lat="37.661875" lon="-119.589753">
        <ele>2193.0</ele>
        <time>2024-02-18T21:12:03Z</time>
      </trkpt>
      <trkpt lat="37.661815" lon="-119.589864">
        <ele>2193.8</ele>
        <time>2024-02-18T21:12:09Z</time>
      </trkpt>
      <trkpt lat="37.661714" lon="-119.590086">
        <ele>2193.9</ele>
        <time>2024-02-18T21:12:21Z</time>
      </trkpt>
      <trkpt lat="37.661684" lon="-119.590181">
        <ele>2192.5</ele>
        <time>2024-02-18T21:12:28Z</time>
      </trkpt>
      <trkpt lat="37.661696" lon="-119.590314">
        <ele>2192.5</ele>
        <time>2024-02-18T21:12:37Z</time>
      </trkpt>
      <trkpt lat="37.661737" lon="-119.590365">
        <ele>2190.6</ele>
        <time>2024-02-18T21:12:43Z</time>
      </trkpt>
      <trkpt lat="37.66175" lon="-119.590453">
        <ele>2187.0</ele>
        <time>2024-02-18T21:12:54Z</time>
      </trkpt>
      <trkpt lat="37.661725" lon="-119.590523">
        <ele>2187.4</ele>
        <time>2024-02-18T21:12:59Z</time>
      </trkpt>
      <trkpt lat="37.661724" lon="-119.590562">
        <ele>2186.8</ele>
        <time>2024-02-18T21:13:02Z</time>
      </trkpt>
      <trkpt lat="37.661666" lon="-119.590731">
        <ele>2187.7</ele>
        <time>2024-02-18T21:13:16Z</time>
      </trkpt>
      <trkpt lat="37.661638" lon="-119.590947">
        <ele>2186.9</ele>
        <time>2024-02-18T21:13:30Z</time>
      </trkpt>
      <trkpt lat="37.661648" lon="-119.591">
        <ele>2186.0</ele>
        <time>2024-02-18T21:13:37Z</time>
      </trkpt>
      <trkpt lat="37.661622" lon="-119.591157">
        <ele>2188.6</ele>
        <time>2024-02-18T21:13:48Z</time>
      </trkpt>
      <trkpt lat="37.661601" lon="-119.59123">
        <ele>2187.5</ele>
        <time>2024-02-18T21:13:53Z</time>
      </trkpt>
      <trkpt lat="37.661598" lon="-119.591369">
        <ele>2185.9</ele>
        <time>2024-02-18T21:14:00Z</time>
      </trkpt>
      <trkpt lat="37.661603" lon="-119.591464">
        <ele>2184.0</ele>
        <time>2024-02-18T21:14:08Z</time>
      </trkpt>
      <trkpt lat="37.661555" lon="-119.591592">
        <ele>2182.2</ele>
        <time>2024-02-18T21:14:20Z</time>
      </trkpt>
      <trkpt lat="37.661555" lon="-119.591648">
        <ele>2181.6</ele>
        <time>2024-02-18T21:14:23Z</time>
      </trkpt>
      <trkpt lat="37.661515" lon="-119.591792">
        <ele>2182.8</ele>
        <time>2024-02-18T21:14:30Z</time>
      </trkpt>
      <trkpt lat="37.661462" lon="-119.591912">
        <ele>2182.8</ele>
        <time>2024-02-18T21:14:38Z</time>
      </trkpt>
      <trkpt lat="37.661419" lon="-119.591983">
        <ele>2182.7</ele>
        <time>2024-02-18T21:14:44Z</time>
      </trkpt>
      <trkpt lat="37.661363" lon="-119.592194">
        <ele>2181.7</ele>
        <time>2024-02-18T21:14:53Z</time>
      </trkpt>
      <trkpt lat="37.661347" lon="-119.592275">
        <ele>2180.0</ele>
        <time>2024-02-18T21:14:57Z</time>
      </trkpt>
      <trkpt lat="37.661323" lon="-119.592278">
        <ele>2182.3</ele>
        <time>2024-02-18T21:15:33Z</time>
      </trkpt>
      <trkpt lat="37.661324" lon="-119.592306">
        <ele>2182.7</ele>
        <time>2024-02-18T21:15:35Z</time>
      </trkpt>
      <trkpt lat="37.661374" lon="-119.592437">
        <ele>2181.4</ele>
        <time>2024-02-18T21:15:45Z</time>
      </trkpt>
      <trkpt lat="37.661437" lon="-119.592528">
        <ele>2181.7</ele>
        <time>2024-02-18T21:15:53Z</time>
      </trkpt>
      <trkpt lat="37.661471" lon="-119.592559">
        <ele>2182.3</ele>
        <time>2024-02-18T21:15:57Z</time>
      </trkpt>
      <trkpt lat="37.661495" lon="-119.592623">
        <ele>2179.2</ele>
        <time>2024-02-18T21:16:05Z</time>
      </trkpt>
      <trkpt lat="37.661477" lon="-119.592825">
        <ele>2179.7</ele>
        <time>2024-02-18T21:16:12Z</time>
      </trkpt>
      <trkpt lat="37.66148" lon="-119.59285">
        <ele>2179.5</ele>
        <time>2024-02-18T21:16:13Z</time>
      </trkpt>
      <trkpt lat="37.661533" lon="-119.593052">
        <ele>2179.0</ele>
        <time>2024-02-18T21:16:23Z</time>
      </trkpt>
      <trkpt lat="37.661538" lon="-119.593172">
        <ele>2179.8</ele>
        <time>2024-02-18T21:16:26Z</time>
      </trkpt>
      <trkpt lat="37.661581" lon="-119.593323">
        <ele>2180.0</ele>
        <time>2024-02-18T21:16:33Z</time>
      </trkpt>
      <trkpt lat="37.66159" lon="-119.593336">
        <ele>2179.8</ele>
        <time>2024-02-18T21:16:34Z</time>
      </trkpt>
      <trkpt lat="37.661625" lon="-119.593501">
        <ele>2179.1</ele>
        <time>2024-02-18T21:16:47Z</time>
      </trkpt>
      <trkpt lat="37.661636" lon="-119.59362">
        <ele>2177.3</ele>
        <time>2024-02-18T21:16:55Z</time>
      </trkpt>
      <trkpt lat="37.661664" lon="-119.5937">
        <ele>2175.2</ele>
        <time>2024-02-18T21:17:00Z</time>
      </trkpt>
      <trkpt lat="37.661683" lon="-119.593803">
        <ele>2174.0</ele>
        <time>2024-02-18T21:17:05Z</time>
      </trkpt>
      <trkpt lat="37.661733" lon="-119.593886">
        <ele>2171.4</ele>
        <time>2024-02-18T21:17:12Z</time>
      </trkpt>
      <trkpt lat="37.661745" lon="-119.593929">
        <ele>2170.7</ele>
        <time>2024-02-18T21:17:15Z</time>
      </trkpt>
      <trkpt lat="37.661732" lon="-119.594007">
        <ele>2169.0</ele>
        <time>2024-02-18T21:17:22Z</time>
      </trkpt>
      <trkpt lat="37.661751" lon="-119.593961">
        <ele>2166.4</ele>
        <time>2024-02-18T21:17:24Z</time>
      </trkpt>
      <trkpt lat="37.661754" lon="-119.593996">
        <ele>2162.1</ele>
        <time>2024-02-18T21:17:37Z</time>
      </trkpt>
      <trkpt lat="37.661847" lon="-119.594202">
        <ele>2157.8</ele>
        <time>2024-02-18T21:17:50Z</time>
      </trkpt>
      <trkpt lat="37.661908" lon="-119.594293">
        <ele>2156.8</ele>
        <time>2024-02-18T21:17:58Z</time>
      </trkpt>
      <trkpt lat="37.662037" lon="-119.594392">
        <ele>2155.5</ele>
        <time>2024-02-18T21:18:09Z</time>
      </trkpt>
      <trkpt lat="37.662089" lon="-119.594464">
        <ele>2153.1</ele>
        <time>2024-02-18T21:18:16Z</time>
      </trkpt>
      <trkpt lat="37.662089" lon="-119.594499">
        <ele>2152.8</ele>
        <time>2024-02-18T21:18:18Z</time>
      </trkpt>
      <trkpt lat="37.662174" lon="-119.594705">
        <ele>2150.7</ele>
        <time>2024-02-18T21:18:34Z</time>
      </trkpt>
      <trkpt lat="37.662181" lon="-119.594715">
        <ele>2150.9</ele>
        <time>2024-02-18T21:18:35Z</time>
      </trkpt>
      <trkpt lat="37.662256" lon="-119.594906">
        <ele>2149.1</ele>
        <time>2024-02-18T21:18:44Z</time>
      </trkpt>
      <trkpt lat="37.662269" lon="-119.594972">
        <ele>2148.8</ele>
        <time>2024-02-18T21:18:46Z</time>
      </trkpt>
      <trkpt lat="37.662328" lon="-119.595088">
        <ele>2148.6</ele>
        <time>2024-02-18T21:18:52Z</time>
      </trkpt>
      <trkpt lat="37.662354" lon="-119.595117">
        <ele>2147.2</ele>
        <time>2024-02-18T21:18:54Z</time>
      </trkpt>
      <trkpt lat="37.662395" lon="-119.595208">
        <ele>2145.3</ele>
        <time>2024-02-18T21:19:00Z</time>
      </trkpt>
      <trkpt lat="37.662459" lon="-119.595251">
        <ele>2143.4</ele>
        <time>2024-02-18T21:19:04Z</time>
      </trkpt>
      <trkpt lat="37.662569" lon="-119.595281">
        <ele>2138.9</ele>
        <time>2024-02-18T21:19:11Z</time>
      </trkpt>
      <trkpt lat="37.662623" lon="-119.595331">
        <ele>2139.3</ele>
        <time>2024-02-18T21:19:15Z</time>
      </trkpt>
      <trkpt lat="37.66266" lon="-119.595448">
        <ele>2143.6</ele>
        <time>2024-02-18T21:19:22Z</time>
      </trkpt>
      <trkpt lat="37.662702" lon="-119.595475">
        <ele>2142.7</ele>
        <time>2024-02-18T21:19:27Z</time>
      </trkpt>
      <trkpt lat="37.662725" lon="-119.595443">
        <ele>2140.8</ele>
        <time>2024-02-18T21:19:34Z</time>
      </trkpt>
      <trkpt lat="37.66278" lon="-119.595418">
        <ele>2135.2</ele>
        <time>2024-02-18T21:19:46Z</time>
      </trkpt>
      <trkpt lat="37.662796" lon="-119.595436">
        <ele>2134.8</ele>
        <time>2024-02-18T21:19:48Z</time>
      </trkpt>
      <trkpt lat="37.6628" lon="-119.595491">
        <ele>2136.2</ele>
        <time>2024-02-18T21:19:52Z</time>
      </trkpt>
      <trkpt lat="37.662818" lon="-119.595521">
        <ele>2137.3</ele>
        <time>2024-02-18T21:20:08Z</time>
      </trkpt>
      <trkpt lat="37.662769" lon="-119.595526">
        <ele>2135.0</ele>
        <time>2024-02-18T21:20:23Z</time>
      </trkpt>
      <trkpt lat="37.66275" lon="-119.595542">
        <ele>2136.7</ele>
        <time>2024-02-18T21:20:27Z</time>
      </trkpt>
      <trkpt lat="37.662747" lon="-119.595594">
        <ele>2136.6</ele>
        <time>2024-02-18T21:20:34Z</time>
      </trkpt>
      <trkpt lat="37.662784" lon="-119.595671">
        <ele>2136.7</ele>
        <time>2024-02-18T21:20:41Z</time>
      </trkpt>
      <trkpt lat="37.662846" lon="-119.595829">
        <ele>2137.9</ele>
        <time>2024-02-18T21:20:50Z</time>
      </trkpt>
      <trkpt lat="37.662918" lon="-119.595999">
        <ele>2138.7</ele>
        <time>2024-02-18T21:21:04Z</time>
      </trkpt>
      <trkpt lat="37.662971" lon="-119.59604">
        <ele>2136.5</ele>
        <time>2024-02-18T21:21:11Z</time>
      </trkpt>
      <trkpt lat="37.663018" lon="-119.596145">
        <ele>2140.2</ele>
        <time>2024-02-18T21:21:37Z</time>
      </trkpt>
      <trkpt lat="37.663016" lon="-119.596202">
        <ele>2139.7</ele>
        <time>2024-02-18T21:21:54Z</time>
      </trkpt>
      <trkpt lat="37.66306" lon="-119.596264">
        <ele>2138.3</ele>
        <time>2024-02-18T21:22:16Z</time>
      </trkpt>
      <trkpt lat="37.663075" lon="-119.596296">
        <ele>2137.5</ele>
        <time>2024-02-18T21:22:18Z</time>
      </trkpt>
      <trkpt lat="37.663128" lon="-119.596344">
        <ele>2138.0</ele>
        <time>2024-02-18T21:22:21Z</time>
      </trkpt>
      <trkpt lat="37.663173" lon="-119.596423">
        <ele>2138.6</ele>
        <time>2024-02-18T21:22:27Z</time>
      </trkpt>
      <trkpt lat="37.66325" lon="-119.596515">
        <ele>2137.4</ele>
        <time>2024-02-18T21:22:36Z</time>
      </trkpt>
      <trkpt lat="37.663265" lon="-119.596567">
        <ele>2136.4</ele>
        <time>2024-02-18T21:22:40Z</time>
      </trkpt>
      <trkpt lat="37.663261" lon="-119.596637">
        <ele>2137.8</ele>
        <time>2024-02-18T21:22:43Z</time>
      </trkpt>
      <trkpt lat="37.663271" lon="-119.596768">
        <ele>2139.0</ele>
        <time>2024-02-18T21:22:51Z</time>
      </trkpt>
      <trkpt lat="37.663328" lon="-119.59685">
        <ele>2135.1</ele>
        <time>2024-02-18T21:23:22Z</time>
      </trkpt>
      <trkpt lat="37.663403" lon="-119.59688">
        <ele>2133.1</ele>
        <time>2024-02-18T21:23:32Z</time>
      </trkpt>
      <trkpt lat="37.663452" lon="-119.596937">
        <ele>2133.0</ele>
        <time>2024-02-18T21:23:39Z</time>
      </trkpt>
      <trkpt lat="37.663498" lon="-119.596965">
        <ele>2133.7</ele>
        <time>2024-02-18T21:23:43Z</time>
      </trkpt>
      <trkpt lat="37.663616" lon="-119.59696">
        <ele>2133.0</ele>
        <time>2024-02-18T21:23:50Z</time>
      </trkpt>
      <trkpt lat="37.663695" lon="-119.597007">
        <ele>2133.3</ele>
        <time>2024-02-18T21:23:58Z</time>
      </trkpt>
      <trkpt lat="37.663742" lon="-119.597065">
        <ele>2133.6</ele>
        <time>2024-02-18T21:24:05Z</time>
      </trkpt>
      <trkpt lat="37.663753" lon="-119.597092">
        <ele>2133.3</ele>
        <time>2024-02-18T21:24:08Z</time>
      </trkpt>
      <trkpt lat="37.663745" lon="-119.597124">
        <ele>2133.8</ele>
        <time>2024-02-18T21:24:11Z</time>
      </trkpt>
      <trkpt lat="37.663755" lon="-119.59718">
        <ele>2134.0</ele>
        <time>2024-02-18T21:24:16Z</time>
      </trkpt>
      <trkpt lat="37.663775" lon="-119.597211">
        <ele>2133.4</ele>
        <time>2024-02-18T21:24:20Z</time>
      </trkpt>
      <trkpt lat="37.663817" lon="-119.597235">
        <ele>2132.2</ele>
        <time>2024-02-18T21:24:24Z</time>
      </trkpt>
      <trkpt lat="37.66385" lon="-119.597268">
        <ele>2131.3</ele>
        <time>2024-02-18T21:24:28Z</time>
      </trkpt>
      <trkpt lat="37.663878" lon="-119.597323">
        <ele>2130.9</ele>
        <time>2024-02-18T21:24:33Z</time>
      </trkpt>
      <trkpt lat="37.663904" lon="-119.597356">
        <ele>2129.9</ele>
        <time>2024-02-18T21:24:38Z</time>
      </trkpt>
      <trkpt lat="37.663896" lon="-119.597419">
        <ele>2131.9</ele>
        <time>2024-02-18T21:24:44Z</time>
      </trkpt>
      <trkpt lat="37.663909" lon="-119.597448">
        <ele>2137.2</ele>
        <time>2024-02-18T21:24:59Z</time>
      </trkpt>
      <trkpt lat="37.663969" lon="-119.59747">
        <ele>2138.1</ele>
        <time>2024-02-18T21:25:06Z</time>
      </trkpt>
      <trkpt lat="37.663981" lon="-119.597495">
        <ele>2138.6</ele>
        <time>2024-02-18T21:25:08Z</time>
      </trkpt>
      <trkpt lat="37.664063" lon="-119.597551">
        <ele>2135.1</ele>
        <time>2024-02-18T21:26:00Z</time>
      </trkpt>
      <trkpt lat="37.664129" lon="-119.597548">
        <ele>2132.9</ele>
        <time>2024-02-18T21:26:06Z</time>
      </trkpt>
      <trkpt lat="37.664163" lon="-119.597578">
        <ele>2132.0</ele>
        <time>2024-02-18T21:26:11Z</time>
      </trkpt>
      <trkpt lat="37.6642" lon="-119.597741">
        <ele>2129.4</ele>
        <time>2024-02-18T21:26:26Z</time>
      </trkpt>
      <trkpt lat="37.664251" lon="-119.597797">
        <ele>2129.7</ele>
        <time>2024-02-18T21:26:33Z</time>
      </trkpt>
      <trkpt lat="37.664237" lon="-119.597905">
        <ele>2127.3</ele>
        <time>2024-02-18T21:26:46Z</time>
      </trkpt>
      <trkpt lat="37.664242" lon="-119.597978">
        <ele>2125.7</ele>
        <time>2024-02-18T21:26:52Z</time>
      </trkpt>
      <trkpt lat="37.664284" lon="-119.598001">
        <ele>2125.4</ele>
        <time>2024-02-18T21:26:55Z</time>
      </trkpt>
      <trkpt lat="37.664435" lon="-119.598107">
        <ele>2127.4</ele>
        <time>2024-02-18T21:27:12Z</time>
      </trkpt>
      <trkpt lat="37.664475" lon="-119.598132">
        <ele>2127.8</ele>
        <time>2024-02-18T21:27:16Z</time>
      </trkpt>
      <trkpt lat="37.66451" lon="-119.598236">
        <ele>2128.5</ele>
        <time>2024-02-18T21:27:28Z</time>
      </trkpt>
      <trkpt lat="37.664601" lon="-119.598366">
        <ele>2126.9</ele>
        <time>2024-02-18T21:27:46Z</time>
      </trkpt>
      <trkpt lat="37.664607" lon="-119.598399">
        <ele>2127.7</ele>
        <time>2024-02-18T21:27:49Z</time>
      </trkpt>
      <trkpt lat="37.664596" lon="-119.598424">
        <ele>2127.9</ele>
        <time>2024-02-18T21:27:53Z</time>
      </trkpt>
      <trkpt lat="37.664638" lon="-119.598486">
        <ele>2126.3</ele>
        <time>2024-02-18T21:28:01Z</time>
      </trkpt>
      <trkpt lat="37.664655" lon="-119.598523">
        <ele>2126.0</ele>
        <time>2024-02-18T21:28:05Z</time>
      </trkpt>
      <trkpt lat="37.664661" lon="-119.598635">
        <ele>2128.0</ele>
        <time>2024-02-18T21:28:15Z</time>
      </trkpt>
      <trkpt lat="37.664695" lon="-119.598693">
        <ele>2126.1</ele>
        <time>2024-02-18T21:28:21Z</time>
      </trkpt>
      <trkpt lat="37.664693" lon="-119.598776">
        <ele>2130.6</ele>
        <time>2024-02-18T21:28:27Z</time>
      </trkpt>
      <trkpt lat="37.664713" lon="-119.598785">
        <ele>2131.7</ele>
        <time>2024-02-18T21:28:32Z</time>
      </trkpt>
      <trkpt lat="37.664789" lon="-119.598869">
        <ele>2130.8</ele>
        <time>2024-02-18T21:28:50Z</time>
      </trkpt>
      <trkpt lat="37.664801" lon="-119.598868">
        <ele>2130.5</ele>
        <time>2024-02-18T21:28:51Z</time>
      </trkpt>
      <trkpt lat="37.664843" lon="-119.598913">
        <ele>2129.6</ele>
        <time>2024-02-18T21:28:59Z</time>
      </trkpt>
      <trkpt lat="37.664853" lon="-119.59894">
        <ele>2128.9</ele>
        <time>2024-02-18T21:29:01Z</time>
      </trkpt>
      <trkpt lat="37.664841" lon="-119.599012">
        <ele>2131.5</ele>
        <time>2024-02-18T21:29:06Z</time>
      </trkpt>
      <trkpt lat="37.664854" lon="-119.599061">
        <ele>2132.2</ele>
        <time>2024-02-18T21:29:13Z</time>
      </trkpt>
      <trkpt lat="37.66489" lon="-119.599155">
        <ele>2131.0</ele>
        <time>2024-02-18T21:29:24Z</time>
      </trkpt>
      <trkpt lat="37.664905" lon="-119.599165">
        <ele>2130.5</ele>
        <time>2024-02-18T21:29:31Z</time>
      </trkpt>
      <trkpt lat="37.664989" lon="-119.599165">
        <ele>2131.7</ele>
        <time>2024-02-18T21:29:38Z</time>
      </trkpt>
      <trkpt lat="37.665056" lon="-119.599096">
        <ele>2129.1</ele>
        <time>2024-02-18T21:29:52Z</time>
      </trkpt>
      <trkpt lat="37.665148" lon="-119.599101">
        <ele>2128.9</ele>
        <time>2024-02-18T21:30:02Z</time>
      </trkpt>
      <trkpt lat="37.665204" lon="-119.599085">
        <ele>2129.4</ele>
        <time>2024-02-18T21:30:12Z</time>
      </trkpt>
      <trkpt lat="37.665239" lon="-119.599094">
        <ele>2130.4</ele>
        <time>2024-02-18T21:30:19Z</time>
      </trkpt>
      <trkpt lat="37.665199" lon="-119.599101">
        <ele>2128.0</ele>
        <time>2024-02-18T21:30:24Z</time>
      </trkpt>
      <trkpt lat="37.665188" lon="-119.599129">
        <ele>2123.0</ele>
        <time>2024-02-18T21:30:37Z</time>
      </trkpt>
      <trkpt lat="37.665158" lon="-119.599153">
        <ele>2120.4</ele>
        <time>2024-02-18T21:30:39Z</time>
      </trkpt>
      <trkpt lat="37.66527" lon="-119.599148">
        <ele>2113.7</ele>
        <time>2024-02-18T21:30:46Z</time>
      </trkpt>
      <trkpt lat="37.665337" lon="-119.599174">
        <ele>2112.9</ele>
        <time>2024-02-18T21:30:52Z</time>
      </trkpt>
      <trkpt lat="37.665319" lon="-119.599296">
        <ele>2111.0</ele>
        <time>2024-02-18T21:31:05Z</time>
      </trkpt>
      <trkpt lat="37.665341" lon="-119.599326">
        <ele>2107.8</ele>
        <time>2024-02-18T21:31:12Z</time>
      </trkpt>
      <trkpt lat="37.665371" lon="-119.599331">
        <ele>2107.1</ele>
        <time>2024-02-18T21:31:13Z</time>
      </trkpt>
      <trkpt lat="37.665553" lon="-119.599414">
        <ele>2120.1</ele>
        <time>2024-02-18T21:31:22Z</time>
      </trkpt>
      <trkpt lat="37.66561" lon="-119.599453">
        <ele>2119.6</ele>
        <time>2024-02-18T21:31:27Z</time>
      </trkpt>
      <trkpt lat="37.665687" lon="-119.599458">
        <ele>2124.8</ele>
        <time>2024-02-18T21:31:34Z</time>
      </trkpt>
      <trkpt lat="37.66576" lon="-119.599486">
        <ele>2127.4</ele>
        <time>2024-02-18T21:31:43Z</time>
      </trkpt>
      <trkpt lat="37.665835" lon="-119.599547">
        <ele>2126.3</ele>
        <time>2024-02-18T21:31:54Z</time>
      </trkpt>
      <trkpt lat="37.665888" lon="-119.599568">
        <ele>2124.2</ele>
        <time>2024-02-18T21:32:11Z</time>
      </trkpt>
      <trkpt lat="37.665885" lon="-119.599534">
        <ele>2122.3</ele>
        <time>2024-02-18T21:32:21Z</time>
      </trkpt>
      <trkpt lat="37.665808" lon="-119.599538">
        <ele>2119.7</ele>
        <time>2024-02-18T21:32:29Z</time>
      </trkpt>
      <trkpt lat="37.665882" lon="-119.599563">
        <ele>2125.2</ele>
        <time>2024-02-18T21:32:37Z</time>
      </trkpt>
      <trkpt lat="37.666002" lon="-119.59958">
        <ele>2125.5</ele>
        <time>2024-02-18T21:32:39Z</time>
      </trkpt>
      <trkpt lat="37.666201" lon="-119.599685">
        <ele>2130.4</ele>
        <time>2024-02-18T21:32:55Z</time>
      </trkpt>
      <trkpt lat="37.666249" lon="-119.599683">
        <ele>2126.6</ele>
        <time>2024-02-18T21:33:01Z</time>
      </trkpt>
      <trkpt lat="37.666248" lon="-119.599721">
        <ele>2124.5</ele>
        <time>2024-02-18T21:33:06Z</time>
      </trkpt>
      <trkpt lat="37.666269" lon="-119.599743">
        <ele>2122.9</ele>
        <time>2024-02-18T21:33:12Z</time>
      </trkpt>
      <trkpt lat="37.666439" lon="-119.599803">
        <ele>2128.2</ele>
        <time>2024-02-18T21:33:24Z</time>
      </trkpt>
      <trkpt lat="37.666494" lon="-119.599839">
        <ele>2129.9</ele>
        <time>2024-02-18T21:33:41Z</time>
      </trkpt>
      <trkpt lat="37.666522" lon="-119.599905">
        <ele>2129.7</ele>
        <time>2024-02-18T21:33:46Z</time>
      </trkpt>
      <trkpt lat="37.66657" lon="-119.599963">
        <ele>2131.9</ele>
        <time>2024-02-18T21:33:59Z</time>
      </trkpt>
      <trkpt lat="37.666584" lon="-119.600003">
        <ele>2131.6</ele>
        <time>2024-02-18T21:34:07Z</time>
      </trkpt>
      <trkpt lat="37.666588" lon="-119.600096">
        <ele>2130.8</ele>
        <time>2024-02-18T21:34:13Z</time>
      </trkpt>
      <trkpt lat="37.666673" lon="-119.60024">
        <ele>2131.2</ele>
        <time>2024-02-18T21:34:28Z</time>
      </trkpt>
      <trkpt lat="37.666782" lon="-119.600345">
        <ele>2130.3</ele>
        <time>2024-02-18T21:34:40Z</time>
      </trkpt>
      <trkpt lat="37.666817" lon="-119.600413">
        <ele>2130.2</ele>
        <time>2024-02-18T21:34:47Z</time>
      </trkpt>
      <trkpt lat="37.666918" lon="-119.600504">
        <ele>2130.9</ele>
        <time>2024-02-18T21:34:59Z</time>
      </trkpt>
      <trkpt lat="37.666983" lon="-119.600524">
        <ele>2130.9</ele>
        <time>2024-02-18T21:35:05Z</time>
      </trkpt>
      <trkpt lat="37.667141" lon="-119.600661">
        <ele>2130.8</ele>
        <time>2024-02-18T21:35:27Z</time>
      </trkpt>
      <trkpt lat="37.667175" lon="-119.600679">
        <ele>2130.7</ele>
        <time>2024-02-18T21:35:31Z</time>
      </trkpt>
      <trkpt lat="37.667205" lon="-119.600728">
        <ele>2131.7</ele>
        <time>2024-02-18T21:35:40Z</time>
      </trkpt>
      <trkpt lat="37.667198" lon="-119.600756">
        <ele>2130.9</ele>
        <time>2024-02-18T21:35:42Z</time>
      </trkpt>
      <trkpt lat="37.667244" lon="-119.600786">
        <ele>2129.5</ele>
        <time>2024-02-18T21:35:51Z</time>
      </trkpt>
      <trkpt lat="37.667325" lon="-119.600755">
        <ele>2128.1</ele>
        <time>2024-02-18T21:36:07Z</time>
      </trkpt>
      <trkpt lat="37.667399" lon="-119.600812">
        <ele>2130.5</ele>
        <time>2024-02-18T21:36:52Z</time>
      </trkpt>
      <trkpt lat="37.667383" lon="-119.60075">
        <ele>2140.8</ele>
        <time>2024-02-18T21:37:32Z</time>
      </trkpt>
      <trkpt lat="37.66735" lon="-119.600689">
        <ele>2141.0</ele>
        <time>2024-02-18T21:37:39Z</time>
      </trkpt>
      <trkpt lat="37.667382" lon="-119.600681">
        <ele>2139.0</ele>
        <time>2024-02-18T21:37:44Z</time>
      </trkpt>
      <trkpt lat="37.667417" lon="-119.600779">
        <ele>2140.8</ele>
        <time>2024-02-18T21:38:29Z</time>
      </trkpt>
      <trkpt lat="37.667406" lon="-119.600838">
        <ele>2137.1</ele>
        <time>2024-02-18T21:38:59Z</time>
      </trkpt>
      <trkpt lat="37.667376" lon="-119.600832">
        <ele>2138.8</ele>
        <time>2024-02-18T21:39:43Z</time>
      </trkpt>
      <trkpt lat="37.667451" lon="-119.600774">
        <ele>2139.4</ele>
        <time>2024-02-18T21:40:33Z</time>
      </trkpt>
      <trkpt lat="37.667458" lon="-119.600852">
        <ele>2143.5</ele>
        <time>2024-02-18T21:42:42Z</time>
      </trkpt>
      <trkpt lat="37.667435" lon="-119.600833">
        <ele>2143.8</ele>
        <time>2024-02-18T21:42:46Z</time>
      </trkpt>
      <trkpt lat="37.66741" lon="-119.600973">
        <ele>2138.5</ele>
        <time>2024-02-18T21:43:53Z</time>
      </trkpt>
      <trkpt lat="37.667382" lon="-119.601103">
        <ele>2138.2</ele>
        <time>2024-02-18T21:44:02Z</time>
      </trkpt>
      <trkpt lat="37.667374" lon="-119.601227">
        <ele>2139.4</ele>
        <time>2024-02-18T21:44:11Z</time>
      </trkpt>
      <trkpt lat="37.667373" lon="-119.601387">
        <ele>2138.4</ele>
        <time>2024-02-18T21:44:22Z</time>
      </trkpt>
      <trkpt lat="37.667353" lon="-119.601476">
        <ele>2138.6</ele>
        <time>2024-02-18T21:44:27Z</time>
      </trkpt>
      <trkpt lat="37.667324" lon="-119.601841">
        <ele>2140.0</ele>
        <time>2024-02-18T21:44:50Z</time>
      </trkpt>
      <trkpt lat="37.667331" lon="-119.601873">
        <ele>2136.2</ele>
        <time>2024-02-18T21:44:56Z</time>
      </trkpt>
      <trkpt lat="37.667318" lon="-119.601916">
        <ele>2136.0</ele>
        <time>2024-02-18T21:45:00Z</time>
      </trkpt>
      <trkpt lat="37.667326" lon="-119.601962">
        <ele>2135.5</ele>
        <time>2024-02-18T21:45:02Z</time>
      </trkpt>
      <trkpt lat="37.667313" lon="-119.602084">
        <ele>2135.3</ele>
        <time>2024-02-18T21:45:09Z</time>
      </trkpt>
      <trkpt lat="37.667327" lon="-119.602232">
        <ele>2133.5</ele>
        <time>2024-02-18T21:45:19Z</time>
      </trkpt>
      <trkpt lat="37.667297" lon="-119.602394">
        <ele>2130.9</ele>
        <time>2024-02-18T21:45:28Z</time>
      </trkpt>
      <trkpt lat="37.66727" lon="-119.602592">
        <ele>2130.5</ele>
        <time>2024-02-18T21:45:40Z</time>
      </trkpt>
      <trkpt lat="37.667283" lon="-119.602714">
        <ele>2128.2</ele>
        <time>2024-02-18T21:45:48Z</time>
      </trkpt>
      <trkpt lat="37.667262" lon="-119.60284">
        <ele>2130.6</ele>
        <time>2024-02-18T21:45:55Z</time>
      </trkpt>
      <trkpt lat="37.667297" lon="-119.60302">
        <ele>2128.2</ele>
        <time>2024-02-18T21:46:07Z</time>
      </trkpt>
      <trkpt lat="37.667294" lon="-119.603108">
        <ele>2129.6</ele>
        <time>2024-02-18T21:46:13Z</time>
      </trkpt>
      <trkpt lat="37.667267" lon="-119.603269">
        <ele>2131.6</ele>
        <time>2024-02-18T21:46:20Z</time>
      </trkpt>
      <trkpt lat="37.667256" lon="-119.603366">
        <ele>2132.3</ele>
        <time>2024-02-18T21:46:25Z</time>
      </trkpt>
      <trkpt lat="37.667261" lon="-119.603441">
        <ele>2130.2</ele>
        <time>2024-02-18T21:46:31Z</time>
      </trkpt>
      <trkpt lat="37.667235" lon="-119.603516">
        <ele>2130.1</ele>
        <time>2024-02-18T21:46:34Z</time>
      </trkpt>
      <trkpt lat="37.66722" lon="-119.603745">
        <ele>2129.4</ele>
        <time>2024-02-18T21:46:43Z</time>
      </trkpt>
      <trkpt lat="37.667203" lon="-119.603948">
        <ele>2131.0</ele>
        <time>2024-02-18T21:46:53Z</time>
      </trkpt>
      <trkpt lat="37.667206" lon="-119.604054">
        <ele>2129.2</ele>
        <time>2024-02-18T21:46:59Z</time>
      </trkpt>
      <trkpt lat="37.667231" lon="-119.60414">
        <ele>2130.7</ele>
        <time>2024-02-18T21:47:06Z</time>
      </trkpt>
      <trkpt lat="37.667229" lon="-119.604183">
        <ele>2130.9</ele>
        <time>2024-02-18T21:47:08Z</time>
      </trkpt>
      <trkpt lat="37.667238" lon="-119.604267">
        <ele>2130.0</ele>
        <time>2024-02-18T21:47:12Z</time>
      </trkpt>
      <trkpt lat="37.66726" lon="-119.604341">
        <ele>2128.1</ele>
        <time>2024-02-18T21:47:17Z</time>
      </trkpt>
      <trkpt lat="37.667267" lon="-119.604432">
        <ele>2129.2</ele>
        <time>2024-02-18T21:47:21Z</time>
      </trkpt>
      <trkpt lat="37.667292" lon="-119.604653">
        <ele>2128.4</ele>
        <time>2024-02-18T21:47:32Z</time>
      </trkpt>
      <trkpt lat="37.667305" lon="-119.604862">
        <ele>2128.5</ele>
        <time>2024-02-18T21:47:42Z</time>
      </trkpt>
      <trkpt lat="37.667313" lon="-119.604885">
        <ele>2128.3</ele>
        <time>2024-02-18T21:47:43Z</time>
      </trkpt>
      <trkpt lat="37.667391" lon="-119.605202">
        <ele>2127.2</ele>
        <time>2024-02-18T21:47:59Z</time>
      </trkpt>
      <trkpt lat="37.667422" lon="-119.605267">
        <ele>2126.0</ele>
        <time>2024-02-18T21:48:03Z</time>
      </trkpt>
      <trkpt lat="37.667503" lon="-119.605493">
        <ele>2121.7</ele>
        <time>2024-02-18T21:48:16Z</time>
      </trkpt>
      <trkpt lat="37.667574" lon="-119.605676">
        <ele>2118.2</ele>
        <time>2024-02-18T21:48:26Z</time>
      </trkpt>
      <trkpt lat="37.667615" lon="-119.605761">
        <ele>2119.1</ele>
        <time>2024-02-18T21:48:33Z</time>
      </trkpt>
      <trkpt lat="37.667642" lon="-119.605874">
        <ele>2115.9</ele>
        <time>2024-02-18T21:48:54Z</time>
      </trkpt>
      <trkpt lat="37.66762" lon="-119.605888">
        <ele>2120.6</ele>
        <time>2024-02-18T21:49:09Z</time>
      </trkpt>
      <trkpt lat="37.667583" lon="-119.605964">
        <ele>2129.6</ele>
        <time>2024-02-18T21:49:40Z</time>
      </trkpt>
      <trkpt lat="37.667577" lon="-119.605996">
        <ele>2132.6</ele>
        <time>2024-02-18T21:49:51Z</time>
      </trkpt>
      <trkpt lat="37.667636" lon="-119.60601">
        <ele>2135.9</ele>
        <time>2024-02-18T21:51:14Z</time>
      </trkpt>
      <trkpt lat="37.667733" lon="-119.606092">
        <ele>2134.7</ele>
        <time>2024-02-18T21:51:23Z</time>
      </trkpt>
      <trkpt lat="37.667826" lon="-119.606234">
        <ele>2133.3</ele>
        <time>2024-02-18T21:51:34Z</time>
      </trkpt>
      <trkpt lat="37.667851" lon="-119.606255">
        <ele>2132.8</ele>
        <time>2024-02-18T21:51:36Z</time>
      </trkpt>
      <trkpt lat="37.667886" lon="-119.606383">
        <ele>2132.7</ele>
        <time>2024-02-18T21:51:46Z</time>
      </trkpt>
      <trkpt lat="37.667919" lon="-119.606431">
        <ele>2131.8</ele>
        <time>2024-02-18T21:51:50Z</time>
      </trkpt>
      <trkpt lat="37.667979" lon="-119.606489">
        <ele>2129.7</ele>
        <time>2024-02-18T21:51:57Z</time>
      </trkpt>
      <trkpt lat="37.668078" lon="-119.606687">
        <ele>2126.0</ele>
        <time>2024-02-18T21:52:17Z</time>
      </trkpt>
      <trkpt lat="37.66809" lon="-119.606695">
        <ele>2125.5</ele>
        <time>2024-02-18T21:52:18Z</time>
      </trkpt>
      <trkpt lat="37.668155" lon="-119.606798">
        <ele>2127.2</ele>
        <time>2024-02-18T21:52:31Z</time>
      </trkpt>
      <trkpt lat="37.668213" lon="-119.606845">
        <ele>2129.9</ele>
        <time>2024-02-18T21:52:37Z</time>
      </trkpt>
      <trkpt lat="37.668251" lon="-119.606855">
        <ele>2130.6</ele>
        <time>2024-02-18T21:52:39Z</time>
      </trkpt>
      <trkpt lat="37.668282" lon="-119.606878">
        <ele>2129.9</ele>
        <time>2024-02-18T21:52:42Z</time>
      </trkpt>
      <trkpt lat="37.668322" lon="-119.60688">
        <ele>2130.2</ele>
        <time>2024-02-18T21:52:45Z</time>
      </trkpt>
      <trkpt lat="37.668363" lon="-119.606899">
        <ele>2129.0</ele>
        <time>2024-02-18T21:52:50Z</time>
      </trkpt>
      <trkpt lat="37.668395" lon="-119.60694">
        <ele>2130.9</ele>
        <time>2024-02-18T21:52:55Z</time>
      </trkpt>
      <trkpt lat="37.668463" lon="-119.607089">
        <ele>2134.7</ele>
        <time>2024-02-18T21:53:06Z</time>
      </trkpt>
      <trkpt lat="37.668501" lon="-119.607112">
        <ele>2134.8</ele>
        <time>2024-02-18T21:53:10Z</time>
      </trkpt>
      <trkpt lat="37.668557" lon="-119.607202">
        <ele>2137.8</ele>
        <time>2024-02-18T21:53:18Z</time>
      </trkpt>
      <trkpt lat="37.668687" lon="-119.607272">
        <ele>2138.9</ele>
        <time>2024-02-18T21:53:32Z</time>
      </trkpt>
      <trkpt lat="37.668745" lon="-119.607318">
        <ele>2137.7</ele>
        <time>2024-02-18T21:53:38Z</time>
      </trkpt>
      <trkpt lat="37.668755" lon="-119.607364">
        <ele>2137.4</ele>
        <time>2024-02-18T21:53:42Z</time>
      </trkpt>
      <trkpt lat="37.668797" lon="-119.607429">
        <ele>2136.1</ele>
        <time>2024-02-18T21:53:50Z</time>
      </trkpt>
      <trkpt lat="37.668822" lon="-119.607434">
        <ele>2135.9</ele>
        <time>2024-02-18T21:53:52Z</time>
      </trkpt>
      <trkpt lat="37.668914" lon="-119.607535">
        <ele>2138.3</ele>
        <time>2024-02-18T21:54:06Z</time>
      </trkpt>
      <trkpt lat="37.669009" lon="-119.607725">
        <ele>2140.9</ele>
        <time>2024-02-18T21:54:23Z</time>
      </trkpt>
      <trkpt lat="37.669056" lon="-119.607753">
        <ele>2141.5</ele>
        <time>2024-02-18T21:54:28Z</time>
      </trkpt>
      <trkpt lat="37.669127" lon="-119.607877">
        <ele>2144.1</ele>
        <time>2024-02-18T21:54:39Z</time>
      </trkpt>
      <trkpt lat="37.669151" lon="-119.607961">
        <ele>2145.7</ele>
        <time>2024-02-18T21:54:45Z</time>
      </trkpt>
      <trkpt lat="37.669202" lon="-119.608031">
        <ele>2145.4</ele>
        <time>2024-02-18T21:54:53Z</time>
      </trkpt>
      <trkpt lat="37.669307" lon="-119.608134">
        <ele>2147.1</ele>
        <time>2024-02-18T21:55:05Z</time>
      </trkpt>
      <trkpt lat="37.669363" lon="-119.608136">
        <ele>2147.7</ele>
        <time>2024-02-18T21:55:11Z</time>
      </trkpt>
      <trkpt lat="37.669414" lon="-119.608158">
        <ele>2148.1</ele>
        <time>2024-02-18T21:55:16Z</time>
      </trkpt>
      <trkpt lat="37.669456" lon="-119.608163">
        <ele>2147.6</ele>
        <time>2024-02-18T21:55:20Z</time>
      </trkpt>
      <trkpt lat="37.669491" lon="-119.608278">
        <ele>2146.7</ele>
        <time>2024-02-18T21:55:29Z</time>
      </trkpt>
      <trkpt lat="37.669603" lon="-119.6084">
        <ele>2145.9</ele>
        <time>2024-02-18T21:55:43Z</time>
      </trkpt>
      <trkpt lat="37.669603" lon="-119.608417">
        <ele>2145.5</ele>
        <time>2024-02-18T21:55:44Z</time>
      </trkpt>
      <trkpt lat="37.669635" lon="-119.60844">
        <ele>2145.0</ele>
        <time>2024-02-18T21:55:48Z</time>
      </trkpt>
      <trkpt lat="37.669658" lon="-119.608482">
        <ele>2144.5</ele>
        <time>2024-02-18T21:55:53Z</time>
      </trkpt>
      <trkpt lat="37.669728" lon="-119.608561">
        <ele>2144.1</ele>
        <time>2024-02-18T21:56:02Z</time>
      </trkpt>
      <trkpt lat="37.669762" lon="-119.608742">
        <ele>2147.6</ele>
        <time>2024-02-18T21:56:16Z</time>
      </trkpt>
      <trkpt lat="37.66978" lon="-119.608786">
        <ele>2148.2</ele>
        <time>2024-02-18T21:56:20Z</time>
      </trkpt>
      <trkpt lat="37.669855" lon="-119.608905">
        <ele>2147.2</ele>
        <time>2024-02-18T21:56:35Z</time>
      </trkpt>
      <trkpt lat="37.669852" lon="-119.609004">
        <ele>2148.6</ele>
        <time>2024-02-18T21:56:42Z</time>
      </trkpt>
      <trkpt lat="37.669925" lon="-119.609179">
        <ele>2148.6</ele>
        <time>2024-02-18T21:56:58Z</time>
      </trkpt>
      <trkpt lat="37.669958" lon="-119.609287">
        <ele>2148.6</ele>
        <time>2024-02-18T21:57:07Z</time>
      </trkpt>
      <trkpt lat="37.669955" lon="-119.609407">
        <ele>2149.3</ele>
        <time>2024-02-18T21:57:16Z</time>
      </trkpt>
      <trkpt lat="37.669945" lon="-119.609387">
        <ele>2151.4</ele>
        <time>2024-02-18T21:57:27Z</time>
      </trkpt>
      <trkpt lat="37.669914" lon="-119.609418">
        <ele>2152.7</ele>
        <time>2024-02-18T21:57:46Z</time>
      </trkpt>
      <trkpt lat="37.66991" lon="-119.609441">
        <ele>2153.0</ele>
        <time>2024-02-18T21:57:47Z</time>
      </trkpt>
      <trkpt lat="37.669925" lon="-119.609541">
        <ele>2153.3</ele>
        <time>2024-02-18T21:57:53Z</time>
      </trkpt>
      <trkpt lat="37.66991" lon="-119.609692">
        <ele>2151.5</ele>
        <time>2024-02-18T21:58:04Z</time>
      </trkpt>
      <trkpt lat="37.669917" lon="-119.609763">
        <ele>2151.2</ele>
        <time>2024-02-18T21:58:09Z</time>
      </trkpt>
      <trkpt lat="37.669911" lon="-119.609781">
        <ele>2151.4</ele>
        <time>2024-02-18T21:58:10Z</time>
      </trkpt>
      <trkpt lat="37.669911" lon="-119.609871">
        <ele>2151.0</ele>
        <time>2024-02-18T21:58:17Z</time>
      </trkpt>
      <trkpt lat="37.669875" lon="-119.609995">
        <ele>2150.6</ele>
        <time>2024-02-18T21:58:25Z</time>
      </trkpt>
      <trkpt lat="37.669864" lon="-119.610008">
        <ele>2150.6</ele>
        <time>2024-02-18T21:58:26Z</time>
      </trkpt>
      <trkpt lat="37.669757" lon="-119.610184">
        <ele>2152.1</ele>
        <time>2024-02-18T21:58:41Z</time>
      </trkpt>
      <trkpt lat="37.669706" lon="-119.610291">
        <ele>2153.5</ele>
        <time>2024-02-18T21:58:49Z</time>
      </trkpt>
      <trkpt lat="37.669593" lon="-119.610461">
        <ele>2157.0</ele>
        <time>2024-02-18T21:59:03Z</time>
      </trkpt>
      <trkpt lat="37.669544" lon="-119.610512">
        <ele>2156.6</ele>
        <time>2024-02-18T21:59:07Z</time>
      </trkpt>
      <trkpt lat="37.66951" lon="-119.610534">
        <ele>2155.5</ele>
        <time>2024-02-18T21:59:11Z</time>
      </trkpt>
      <trkpt lat="37.669438" lon="-119.610602">
        <ele>2155.1</ele>
        <time>2024-02-18T21:59:18Z</time>
      </trkpt>
      <trkpt lat="37.669398" lon="-119.610612">
        <ele>2155.6</ele>
        <time>2024-02-18T21:59:21Z</time>
      </trkpt>
      <trkpt lat="37.669305" lon="-119.61072">
        <ele>2155.6</ele>
        <time>2024-02-18T21:59:30Z</time>
      </trkpt>
      <trkpt lat="37.66925" lon="-119.61076">
        <ele>2155.3</ele>
        <time>2024-02-18T21:59:34Z</time>
      </trkpt>
      <trkpt lat="37.66917" lon="-119.610839">
        <ele>2154.6</ele>
        <time>2024-02-18T21:59:42Z</time>
      </trkpt>
      <trkpt lat="37.66915" lon="-119.610898">
        <ele>2153.0</ele>
        <time>2024-02-18T21:59:46Z</time>
      </trkpt>
      <trkpt lat="37.669113" lon="-119.610943">
        <ele>2152.8</ele>
        <time>2024-02-18T21:59:50Z</time>
      </trkpt>
      <trkpt lat="37.668966" lon="-119.611057">
        <ele>2151.7</ele>
        <time>2024-02-18T22:00:01Z</time>
      </trkpt>
      <trkpt lat="37.668924" lon="-119.611081">
        <ele>2150.9</ele>
        <time>2024-02-18T22:00:04Z</time>
      </trkpt>
      <trkpt lat="37.668842" lon="-119.611151">
        <ele>2150.1</ele>
        <time>2024-02-18T22:00:10Z</time>
      </trkpt>
      <trkpt lat="37.66879" lon="-119.611175">
        <ele>2150.2</ele>
        <time>2024-02-18T22:00:13Z</time>
      </trkpt>
      <trkpt lat="37.668673" lon="-119.611301">
        <ele>2149.3</ele>
        <time>2024-02-18T22:00:21Z</time>
      </trkpt>
      <trkpt lat="37.668588" lon="-119.611345">
        <ele>2148.0</ele>
        <time>2024-02-18T22:00:26Z</time>
      </trkpt>
      <trkpt lat="37.668519" lon="-119.611418">
        <ele>2147.6</ele>
        <time>2024-02-18T22:00:31Z</time>
      </trkpt>
      <trkpt lat="37.668467" lon="-119.611463">
        <ele>2147.7</ele>
        <time>2024-02-18T22:00:34Z</time>
      </trkpt>
      <trkpt lat="37.668437" lon="-119.611507">
        <ele>2147.8</ele>
        <time>2024-02-18T22:00:36Z</time>
      </trkpt>
      <trkpt lat="37.668372" lon="-119.611564">
        <ele>2148.3</ele>
        <time>2024-02-18T22:00:41Z</time>
      </trkpt>
      <trkpt lat="37.668285" lon="-119.611604">
        <ele>2146.4</ele>
        <time>2024-02-18T22:00:47Z</time>
      </trkpt>
      <trkpt lat="37.668076" lon="-119.611752">
        <ele>2145.4</ele>
        <time>2024-02-18T22:01:00Z</time>
      </trkpt>
      <trkpt lat="37.667906" lon="-119.611913">
        <ele>2144.6</ele>
        <time>2024-02-18T22:01:10Z</time>
      </trkpt>
      <trkpt lat="37.667792" lon="-119.612014">
        <ele>2146.1</ele>
        <time>2024-02-18T22:01:16Z</time>
      </trkpt>
      <trkpt lat="37.667722" lon="-119.612062">
        <ele>2146.6</ele>
        <time>2024-02-18T22:01:20Z</time>
      </trkpt>
      <trkpt lat="37.667707" lon="-119.61208">
        <ele>2145.6</ele>
        <time>2024-02-18T22:01:21Z</time>
      </trkpt>
      <trkpt lat="37.667564" lon="-119.612184">
        <ele>2143.9</ele>
        <time>2024-02-18T22:01:30Z</time>
      </trkpt>
      <trkpt lat="37.667531" lon="-119.612197">
        <ele>2143.5</ele>
        <time>2024-02-18T22:01:32Z</time>
      </trkpt>
      <trkpt lat="37.667422" lon="-119.612335">
        <ele>2142.5</ele>
        <time>2024-02-18T22:01:39Z</time>
      </trkpt>
      <trkpt lat="37.667382" lon="-119.612357">
        <ele>2142.7</ele>
        <time>2024-02-18T22:01:41Z</time>
      </trkpt>
      <trkpt lat="37.66726" lon="-119.612494">
        <ele>2139.7</ele>
        <time>2024-02-18T22:01:48Z</time>
      </trkpt>
      <trkpt lat="37.667202" lon="-119.612529">
        <ele>2139.8</ele>
        <time>2024-02-18T22:01:51Z</time>
      </trkpt>
      <trkpt lat="37.667024" lon="-119.612685">
        <ele>2138.3</ele>
        <time>2024-02-18T22:02:01Z</time>
      </trkpt>
      <trkpt lat="37.666941" lon="-119.612779">
        <ele>2138.0</ele>
        <time>2024-02-18T22:02:10Z</time>
      </trkpt>
      <trkpt lat="37.666866" lon="-119.61293">
        <ele>2136.9</ele>
        <time>2024-02-18T22:02:19Z</time>
      </trkpt>
      <trkpt lat="37.666823" lon="-119.612984">
        <ele>2137.4</ele>
        <time>2024-02-18T22:02:22Z</time>
      </trkpt>
      <trkpt lat="37.666789" lon="-119.61307">
        <ele>2136.0</ele>
        <time>2024-02-18T22:02:26Z</time>
      </trkpt>
      <trkpt lat="37.666719" lon="-119.613172">
        <ele>2133.5</ele>
        <time>2024-02-18T22:02:33Z</time>
      </trkpt>
      <trkpt lat="37.666695" lon="-119.613243">
        <ele>2132.9</ele>
        <time>2024-02-18T22:02:36Z</time>
      </trkpt>
      <trkpt lat="37.666633" lon="-119.613345">
        <ele>2131.8</ele>
        <time>2024-02-18T22:02:41Z</time>
      </trkpt>
      <trkpt lat="37.666585" lon="-119.613449">
        <ele>2131.4</ele>
        <time>2024-02-18T22:02:46Z</time>
      </trkpt>
      <trkpt lat="37.666537" lon="-119.613671">
        <ele>2129.0</ele>
        <time>2024-02-18T22:02:54Z</time>
      </trkpt>
      <trkpt lat="37.666532" lon="-119.613737">
        <ele>2128.3</ele>
        <time>2024-02-18T22:02:56Z</time>
      </trkpt>
      <trkpt lat="37.666501" lon="-119.613815">
        <ele>2127.3</ele>
        <time>2024-02-18T22:03:02Z</time>
      </trkpt>
      <trkpt lat="37.666475" lon="-119.613938">
        <ele>2128.3</ele>
        <time>2024-02-18T22:03:07Z</time>
      </trkpt>
      <trkpt lat="37.666438" lon="-119.61401">
        <ele>2127.3</ele>
        <time>2024-02-18T22:03:09Z</time>
      </trkpt>
      <trkpt lat="37.666392" lon="-119.614126">
        <ele>2127.6</ele>
        <time>2024-02-18T22:03:14Z</time>
      </trkpt>
      <trkpt lat="37.666368" lon="-119.614268">
        <ele>2129.2</ele>
        <time>2024-02-18T22:03:19Z</time>
      </trkpt>
      <trkpt lat="37.666334" lon="-119.614395">
        <ele>2129.6</ele>
        <time>2024-02-18T22:03:24Z</time>
      </trkpt>
      <trkpt lat="37.666338" lon="-119.614543">
        <ele>2130.4</ele>
        <time>2024-02-18T22:03:28Z</time>
      </trkpt>
      <trkpt lat="37.666335" lon="-119.61457">
        <ele>2130.6</ele>
        <time>2024-02-18T22:03:29Z</time>
      </trkpt>
      <trkpt lat="37.666321" lon="-119.614969">
        <ele>2126.7</ele>
        <time>2024-02-18T22:03:44Z</time>
      </trkpt>
      <trkpt lat="37.666336" lon="-119.615136">
        <ele>2128.7</ele>
        <time>2024-02-18T22:03:52Z</time>
      </trkpt>
      <trkpt lat="37.666351" lon="-119.615175">
        <ele>2128.6</ele>
        <time>2024-02-18T22:03:54Z</time>
      </trkpt>
      <trkpt lat="37.66635" lon="-119.61524">
        <ele>2127.9</ele>
        <time>2024-02-18T22:03:58Z</time>
      </trkpt>
      <trkpt lat="37.666397" lon="-119.615441">
        <ele>2125.7</ele>
        <time>2024-02-18T22:04:11Z</time>
      </trkpt>
      <trkpt lat="37.666461" lon="-119.615581">
        <ele>2121.4</ele>
        <time>2024-02-18T22:04:21Z</time>
      </trkpt>
      <trkpt lat="37.666496" lon="-119.615615">
        <ele>2120.7</ele>
        <time>2024-02-18T22:04:25Z</time>
      </trkpt>
      <trkpt lat="37.666538" lon="-119.615829">
        <ele>2120.8</ele>
        <time>2024-02-18T22:04:40Z</time>
      </trkpt>
      <trkpt lat="37.66657" lon="-119.615895">
        <ele>2120.7</ele>
        <time>2024-02-18T22:04:44Z</time>
      </trkpt>
      <trkpt lat="37.666595" lon="-119.615932">
        <ele>2120.6</ele>
        <time>2024-02-18T22:04:48Z</time>
      </trkpt>
      <trkpt lat="37.666589" lon="-119.615974">
        <ele>2120.7</ele>
        <time>2024-02-18T22:04:50Z</time>
      </trkpt>
      <trkpt lat="37.666606" lon="-119.616081">
        <ele>2120.2</ele>
        <time>2024-02-18T22:04:56Z</time>
      </trkpt>
      <trkpt lat="37.666635" lon="-119.61614">
        <ele>2120.6</ele>
        <time>2024-02-18T22:05:01Z</time>
      </trkpt>
      <trkpt lat="37.666672" lon="-119.616177">
        <ele>2122.8</ele>
        <time>2024-02-18T22:05:05Z</time>
      </trkpt>
      <trkpt lat="37.666675" lon="-119.616293">
        <ele>2119.6</ele>
        <time>2024-02-18T22:05:16Z</time>
      </trkpt>
      <trkpt lat="37.666723" lon="-119.616415">
        <ele>2119.5</ele>
        <time>2024-02-18T22:05:22Z</time>
      </trkpt>
      <trkpt lat="37.666782" lon="-119.616516">
        <ele>2120.4</ele>
        <time>2024-02-18T22:05:33Z</time>
      </trkpt>
      <trkpt lat="37.666837" lon="-119.616589">
        <ele>2122.6</ele>
        <time>2024-02-18T22:05:39Z</time>
      </trkpt>
      <trkpt lat="37.666858" lon="-119.616664">
        <ele>2119.7</ele>
        <time>2024-02-18T22:05:46Z</time>
      </trkpt>
      <trkpt lat="37.666868" lon="-119.616764">
        <ele>2119.3</ele>
        <time>2024-02-18T22:05:51Z</time>
      </trkpt>
      <trkpt lat="37.666907" lon="-119.616819">
        <ele>2120.1</ele>
        <time>2024-02-18T22:05:55Z</time>
      </trkpt>
      <trkpt lat="37.666975" lon="-119.617017">
        <ele>2124.8</ele>
        <time>2024-02-18T22:06:09Z</time>
      </trkpt>
      <trkpt lat="37.66697" lon="-119.617067">
        <ele>2126.4</ele>
        <time>2024-02-18T22:06:11Z</time>
      </trkpt>
      <trkpt lat="37.666975" lon="-119.617141">
        <ele>2125.4</ele>
        <time>2024-02-18T22:06:16Z</time>
      </trkpt>
      <trkpt lat="37.667033" lon="-119.61726">
        <ele>2126.8</ele>
        <time>2024-02-18T22:06:29Z</time>
      </trkpt>
      <trkpt lat="37.667087" lon="-119.61731">
        <ele>2126.4</ele>
        <time>2024-02-18T22:06:35Z</time>
      </trkpt>
      <trkpt lat="37.667131" lon="-119.617486">
        <ele>2124.0</ele>
        <time>2024-02-18T22:06:47Z</time>
      </trkpt>
      <trkpt lat="37.667145" lon="-119.617503">
        <ele>2123.7</ele>
        <time>2024-02-18T22:06:49Z</time>
      </trkpt>
      <trkpt lat="37.667156" lon="-119.617566">
        <ele>2121.5</ele>
        <time>2024-02-18T22:06:54Z</time>
      </trkpt>
      <trkpt lat="37.667196" lon="-119.617627">
        <ele>2121.9</ele>
        <time>2024-02-18T22:07:00Z</time>
      </trkpt>
      <trkpt lat="37.667232" lon="-119.61774">
        <ele>2120.9</ele>
        <time>2024-02-18T22:07:06Z</time>
      </trkpt>
      <trkpt lat="37.667229" lon="-119.617938">
        <ele>2119.7</ele>
        <time>2024-02-18T22:07:18Z</time>
      </trkpt>
      <trkpt lat="37.667283" lon="-119.618098">
        <ele>2118.9</ele>
        <time>2024-02-18T22:07:30Z</time>
      </trkpt>
      <trkpt lat="37.667279" lon="-119.618121">
        <ele>2119.4</ele>
        <time>2024-02-18T22:07:31Z</time>
      </trkpt>
      <trkpt lat="37.667313" lon="-119.618343">
        <ele>2122.9</ele>
        <time>2024-02-18T22:07:43Z</time>
      </trkpt>
      <trkpt lat="37.667421" lon="-119.618576">
        <ele>2120.8</ele>
        <time>2024-02-18T22:08:01Z</time>
      </trkpt>
      <trkpt lat="37.667443" lon="-119.618659">
        <ele>2123.7</ele>
        <time>2024-02-18T22:08:07Z</time>
      </trkpt>
      <trkpt lat="37.667454" lon="-119.618843">
        <ele>2128.7</ele>
        <time>2024-02-18T22:08:16Z</time>
      </trkpt>
      <trkpt lat="37.667505" lon="-119.619">
        <ele>2126.2</ele>
        <time>2024-02-18T22:08:27Z</time>
      </trkpt>
      <trkpt lat="37.667514" lon="-119.619137">
        <ele>2124.4</ele>
        <time>2024-02-18T22:08:43Z</time>
      </trkpt>
      <trkpt lat="37.667487" lon="-119.619134">
        <ele>2125.8</ele>
        <time>2024-02-18T22:08:50Z</time>
      </trkpt>
      <trkpt lat="37.667479" lon="-119.619103">
        <ele>2122.1</ele>
        <time>2024-02-18T22:09:07Z</time>
      </trkpt>
      <trkpt lat="37.667544" lon="-119.619247">
        <ele>2121.5</ele>
        <time>2024-02-18T22:09:29Z</time>
      </trkpt>
      <trkpt lat="37.667563" lon="-119.619256">
        <ele>2121.6</ele>
        <time>2024-02-18T22:09:31Z</time>
      </trkpt>
      <trkpt lat="37.667594" lon="-119.619296">
        <ele>2121.6</ele>
        <time>2024-02-18T22:09:35Z</time>
      </trkpt>
      <trkpt lat="37.667599" lon="-119.619329">
        <ele>2121.4</ele>
        <time>2024-02-18T22:09:37Z</time>
      </trkpt>
      <trkpt lat="37.667647" lon="-119.61946">
        <ele>2122.0</ele>
        <time>2024-02-18T22:09:50Z</time>
      </trkpt>
      <trkpt lat="37.667707" lon="-119.619566">
        <ele>2120.6</ele>
        <time>2024-02-18T22:10:00Z</time>
      </trkpt>
      <trkpt lat="37.667747" lon="-119.619725">
        <ele>2119.9</ele>
        <time>2024-02-18T22:10:12Z</time>
      </trkpt>
      <trkpt lat="37.667755" lon="-119.619812">
        <ele>2119.1</ele>
        <time>2024-02-18T22:10:19Z</time>
      </trkpt>
      <trkpt lat="37.667741" lon="-119.61991">
        <ele>2122.2</ele>
        <time>2024-02-18T22:10:23Z</time>
      </trkpt>
      <trkpt lat="37.667744" lon="-119.620003">
        <ele>2122.7</ele>
        <time>2024-02-18T22:10:30Z</time>
      </trkpt>
      <trkpt lat="37.667759" lon="-119.620028">
        <ele>2121.9</ele>
        <time>2024-02-18T22:10:31Z</time>
      </trkpt>
      <trkpt lat="37.667781" lon="-119.620105">
        <ele>2121.7</ele>
        <time>2024-02-18T22:10:36Z</time>
      </trkpt>
      <trkpt lat="37.667801" lon="-119.620126">
        <ele>2121.9</ele>
        <time>2024-02-18T22:10:40Z</time>
      </trkpt>
      <trkpt lat="37.667824" lon="-119.620179">
        <ele>2120.9</ele>
        <time>2024-02-18T22:10:45Z</time>
      </trkpt>
      <trkpt lat="37.66783" lon="-119.620242">
        <ele>2122.6</ele>
        <time>2024-02-18T22:10:50Z</time>
      </trkpt>
      <trkpt lat="37.66783" lon="-119.620396">
        <ele>2125.6</ele>
        <time>2024-02-18T22:10:59Z</time>
      </trkpt>
      <trkpt lat="37.66782" lon="-119.620471">
        <ele>2124.2</ele>
        <time>2024-02-18T22:11:02Z</time>
      </trkpt>
      <trkpt lat="37.667858" lon="-119.620575">
        <ele>2122.0</ele>
        <time>2024-02-18T22:11:09Z</time>
      </trkpt>
      <trkpt lat="37.667881" lon="-119.620684">
        <ele>2120.8</ele>
        <time>2024-02-18T22:11:17Z</time>
      </trkpt>
      <trkpt lat="37.667901" lon="-119.62071">
        <ele>2122.0</ele>
        <time>2024-02-18T22:11:20Z</time>
      </trkpt>
      <trkpt lat="37.667934" lon="-119.620875">
        <ele>2121.7</ele>
        <time>2024-02-18T22:11:29Z</time>
      </trkpt>
      <trkpt lat="37.667949" lon="-119.620924">
        <ele>2124.0</ele>
        <time>2024-02-18T22:11:32Z</time>
      </trkpt>
      <trkpt lat="37.668003" lon="-119.620985">
        <ele>2122.0</ele>
        <time>2024-02-18T22:11:38Z</time>
      </trkpt>
      <trkpt lat="37.668031" lon="-119.621104">
        <ele>2120.2</ele>
        <time>2024-02-18T22:11:47Z</time>
      </trkpt>
      <trkpt lat="37.66805" lon="-119.621111">
        <ele>2119.6</ele>
        <time>2024-02-18T22:11:49Z</time>
      </trkpt>
      <trkpt lat="37.668084" lon="-119.621151">
        <ele>2120.5</ele>
        <time>2024-02-18T22:11:54Z</time>
      </trkpt>
      <trkpt lat="37.668116" lon="-119.621228">
        <ele>2120.2</ele>
        <time>2024-02-18T22:11:59Z</time>
      </trkpt>
      <trkpt lat="37.66815" lon="-119.621295">
        <ele>2120.1</ele>
        <time>2024-02-18T22:12:04Z</time>
      </trkpt>
      <trkpt lat="37.668219" lon="-119.621375">
        <ele>2122.9</ele>
        <time>2024-02-18T22:12:12Z</time>
      </trkpt>
      <trkpt lat="37.66823" lon="-119.621407">
        <ele>2122.5</ele>
        <time>2024-02-18T22:12:14Z</time>
      </trkpt>
      <trkpt lat="37.668316" lon="-119.621581">
        <ele>2120.9</ele>
        <time>2024-02-18T22:12:25Z</time>
      </trkpt>
      <trkpt lat="37.668328" lon="-119.621621">
        <ele>2120.5</ele>
        <time>2024-02-18T22:12:27Z</time>
      </trkpt>
      <trkpt lat="37.668349" lon="-119.621635">
        <ele>2120.1</ele>
        <time>2024-02-18T22:12:29Z</time>
      </trkpt>
      <trkpt lat="37.668374" lon="-119.621731">
        <ele>2119.5</ele>
        <time>2024-02-18T22:12:35Z</time>
      </trkpt>
      <trkpt lat="37.668423" lon="-119.621834">
        <ele>2120.0</ele>
        <time>2024-02-18T22:12:41Z</time>
      </trkpt>
      <trkpt lat="37.668432" lon="-119.621884">
        <ele>2119.5</ele>
        <time>2024-02-18T22:12:43Z</time>
      </trkpt>
      <trkpt lat="37.668479" lon="-119.621966">
        <ele>2119.2</ele>
        <time>2024-02-18T22:12:48Z</time>
      </trkpt>
      <trkpt lat="37.668501" lon="-119.622048">
        <ele>2120.4</ele>
        <time>2024-02-18T22:12:52Z</time>
      </trkpt>
      <trkpt lat="37.668489" lon="-119.622132">
        <ele>2124.8</ele>
        <time>2024-02-18T22:12:54Z</time>
      </trkpt>
      <trkpt lat="37.66852" lon="-119.622252">
        <ele>2123.3</ele>
        <time>2024-02-18T22:13:01Z</time>
      </trkpt>
      <trkpt lat="37.668525" lon="-119.622332">
        <ele>2124.6</ele>
        <time>2024-02-18T22:13:04Z</time>
      </trkpt>
      <trkpt lat="37.668571" lon="-119.622465">
        <ele>2124.2</ele>
        <time>2024-02-18T22:13:12Z</time>
      </trkpt>
      <trkpt lat="37.668611" lon="-119.622493">
        <ele>2122.2</ele>
        <time>2024-02-18T22:13:16Z</time>
      </trkpt>
      <trkpt lat="37.668688" lon="-119.622695">
        <ele>2122.1</ele>
        <time>2024-02-18T22:13:26Z</time>
      </trkpt>
      <trkpt lat="37.66869" lon="-119.622779">
        <ele>2123.1</ele>
        <time>2024-02-18T22:13:30Z</time>
      </trkpt>
      <trkpt lat="37.668733" lon="-119.62292">
        <ele>2123.7</ele>
        <time>2024-02-18T22:13:36Z</time>
      </trkpt>
      <trkpt lat="37.668784" lon="-119.622965">
        <ele>2122.5</ele>
        <time>2024-02-18T22:13:42Z</time>
      </trkpt>
      <trkpt lat="37.668835" lon="-119.623043">
        <ele>2123.2</ele>
        <time>2024-02-18T22:13:47Z</time>
      </trkpt>
      <trkpt lat="37.668857" lon="-119.623241">
        <ele>2123.4</ele>
        <time>2024-02-18T22:13:56Z</time>
      </trkpt>
      <trkpt lat="37.668905" lon="-119.623351">
        <ele>2123.8</ele>
        <time>2024-02-18T22:14:03Z</time>
      </trkpt>
      <trkpt lat="37.668935" lon="-119.623456">
        <ele>2125.7</ele>
        <time>2024-02-18T22:14:09Z</time>
      </trkpt>
      <trkpt lat="37.668968" lon="-119.623477">
        <ele>2126.5</ele>
        <time>2024-02-18T22:14:11Z</time>
      </trkpt>
      <trkpt lat="37.668948" lon="-119.623617">
        <ele>2121.9</ele>
        <time>2024-02-18T22:14:18Z</time>
      </trkpt>
      <trkpt lat="37.668957" lon="-119.62371">
        <ele>2126.9</ele>
        <time>2024-02-18T22:14:22Z</time>
      </trkpt>
      <trkpt lat="37.668993" lon="-119.623787">
        <ele>2125.1</ele>
        <time>2024-02-18T22:14:28Z</time>
      </trkpt>
      <trkpt lat="37.669043" lon="-119.623823">
        <ele>2133.8</ele>
        <time>2024-02-18T22:14:36Z</time>
      </trkpt>
      <trkpt lat="37.669028" lon="-119.623835">
        <ele>2132.3</ele>
        <time>2024-02-18T22:14:41Z</time>
      </trkpt>
      <trkpt lat="37.668978" lon="-119.623841">
        <ele>2132.6</ele>
        <time>2024-02-18T22:14:50Z</time>
      </trkpt>
      <trkpt lat="37.668999" lon="-119.623906">
        <ele>2126.3</ele>
        <time>2024-02-18T22:15:00Z</time>
      </trkpt>
      <trkpt lat="37.669053" lon="-119.623977">
        <ele>2125.9</ele>
        <time>2024-02-18T22:15:07Z</time>
      </trkpt>
      <trkpt lat="37.66912" lon="-119.624048">
        <ele>2126.3</ele>
        <time>2024-02-18T22:15:15Z</time>
      </trkpt>
      <trkpt lat="37.669122" lon="-119.624092">
        <ele>2125.7</ele>
        <time>2024-02-18T22:15:17Z</time>
      </trkpt>
      <trkpt lat="37.669114" lon="-119.624148">
        <ele>2125.7</ele>
        <time>2024-02-18T22:15:19Z</time>
      </trkpt>
      <trkpt lat="37.669138" lon="-119.624305">
        <ele>2128.1</ele>
        <time>2024-02-18T22:15:27Z</time>
      </trkpt>
      <trkpt lat="37.669171" lon="-119.624356">
        <ele>2125.8</ele>
        <time>2024-02-18T22:15:33Z</time>
      </trkpt>
      <trkpt lat="37.669188" lon="-119.624405">
        <ele>2125.3</ele>
        <time>2024-02-18T22:15:37Z</time>
      </trkpt>
      <trkpt lat="37.669191" lon="-119.624496">
        <ele>2126.3</ele>
        <time>2024-02-18T22:15:43Z</time>
      </trkpt>
      <trkpt lat="37.669214" lon="-119.624539">
        <ele>2127.4</ele>
        <time>2024-02-18T22:15:47Z</time>
      </trkpt>
      <trkpt lat="37.669213" lon="-119.62456">
        <ele>2126.6</ele>
        <time>2024-02-18T22:15:48Z</time>
      </trkpt>
      <trkpt lat="37.669243" lon="-119.624628">
        <ele>2127.1</ele>
        <time>2024-02-18T22:15:53Z</time>
      </trkpt>
      <trkpt lat="37.669251" lon="-119.6247">
        <ele>2125.7</ele>
        <time>2024-02-18T22:15:57Z</time>
      </trkpt>
      <trkpt lat="37.669277" lon="-119.624782">
        <ele>2126.5</ele>
        <time>2024-02-18T22:16:04Z</time>
      </trkpt>
      <trkpt lat="37.669284" lon="-119.624841">
        <ele>2127.8</ele>
        <time>2024-02-18T22:16:08Z</time>
      </trkpt>
      <trkpt lat="37.669313" lon="-119.624893">
        <ele>2129.2</ele>
        <time>2024-02-18T22:16:13Z</time>
      </trkpt>
      <trkpt lat="37.669361" lon="-119.624961">
        <ele>2129.8</ele>
        <time>2024-02-18T22:16:21Z</time>
      </trkpt>
      <trkpt lat="37.669419" lon="-119.625108">
        <ele>2128.9</ele>
        <time>2024-02-18T22:16:35Z</time>
      </trkpt>
      <trkpt lat="37.669439" lon="-119.625193">
        <ele>2126.8</ele>
        <time>2024-02-18T22:16:42Z</time>
      </trkpt>
      <trkpt lat="37.669499" lon="-119.625277">
        <ele>2126.8</ele>
        <time>2024-02-18T22:16:50Z</time>
      </trkpt>
      <trkpt lat="37.669525" lon="-119.625349">
        <ele>2125.0</ele>
        <time>2024-02-18T22:16:59Z</time>
      </trkpt>
      <trkpt lat="37.669546" lon="-119.625368">
        <ele>2125.0</ele>
        <time>2024-02-18T22:17:01Z</time>
      </trkpt>
      <trkpt lat="37.669585" lon="-119.625465">
        <ele>2124.1</ele>
        <time>2024-02-18T22:17:11Z</time>
      </trkpt>
      <trkpt lat="37.669629" lon="-119.625488">
        <ele>2125.2</ele>
        <time>2024-02-18T22:17:15Z</time>
      </trkpt>
      <trkpt lat="37.669655" lon="-119.625544">
        <ele>2126.5</ele>
        <time>2024-02-18T22:17:19Z</time>
      </trkpt>
      <trkpt lat="37.669727" lon="-119.625602">
        <ele>2128.5</ele>
        <time>2024-02-18T22:17:29Z</time>
      </trkpt>
      <trkpt lat="37.66973" lon="-119.625642">
        <ele>2128.8</ele>
        <time>2024-02-18T22:17:31Z</time>
      </trkpt>
      <trkpt lat="37.669755" lon="-119.625708">
        <ele>2129.4</ele>
        <time>2024-02-18T22:17:36Z</time>
      </trkpt>
      <trkpt lat="37.669811" lon="-119.625775">
        <ele>2129.5</ele>
        <time>2024-02-18T22:17:43Z</time>
      </trkpt>
      <trkpt lat="37.669831" lon="-119.626003">
        <ele>2134.9</ele>
        <time>2024-02-18T22:17:57Z</time>
      </trkpt>
      <trkpt lat="37.669885" lon="-119.626156">
        <ele>2132.1</ele>
        <time>2024-02-18T22:18:10Z</time>
      </trkpt>
      <trkpt lat="37.669899" lon="-119.626232">
        <ele>2134.4</ele>
        <time>2024-02-18T22:18:14Z</time>
      </trkpt>
      <trkpt lat="37.669958" lon="-119.62643">
        <ele>2137.0</ele>
        <time>2024-02-18T22:18:30Z</time>
      </trkpt>
      <trkpt lat="37.669987" lon="-119.626548">
        <ele>2140.9</ele>
        <time>2024-02-18T22:18:40Z</time>
      </trkpt>
      <trkpt lat="37.670031" lon="-119.626635">
        <ele>2141.8</ele>
        <time>2024-02-18T22:18:49Z</time>
      </trkpt>
      <trkpt lat="37.670072" lon="-119.626684">
        <ele>2141.0</ele>
        <time>2024-02-18T22:18:54Z</time>
      </trkpt>
      <trkpt lat="37.670108" lon="-119.626764">
        <ele>2142.3</ele>
        <time>2024-02-18T22:19:03Z</time>
      </trkpt>
      <trkpt lat="37.670123" lon="-119.626931">
        <ele>2143.5</ele>
        <time>2024-02-18T22:19:14Z</time>
      </trkpt>
      <trkpt lat="37.670138" lon="-119.626981">
        <ele>2144.4</ele>
        <time>2024-02-18T22:19:19Z</time>
      </trkpt>
      <trkpt lat="37.670143" lon="-119.627084">
        <ele>2144.9</ele>
        <time>2024-02-18T22:19:27Z</time>
      </trkpt>
      <trkpt lat="37.670154" lon="-119.627172">
        <ele>2144.8</ele>
        <time>2024-02-18T22:19:34Z</time>
      </trkpt>
      <trkpt lat="37.670201" lon="-119.627313">
        <ele>2142.0</ele>
        <time>2024-02-18T22:19:47Z</time>
      </trkpt>
      <trkpt lat="37.670209" lon="-119.627401">
        <ele>2143.7</ele>
        <time>2024-02-18T22:19:54Z</time>
      </trkpt>
      <trkpt lat="37.670202" lon="-119.627428">
        <ele>2142.2</ele>
        <time>2024-02-18T22:19:57Z</time>
      </trkpt>
      <trkpt lat="37.670222" lon="-119.62745">
        <ele>2144.1</ele>
        <time>2024-02-18T22:20:06Z</time>
      </trkpt>
      <trkpt lat="37.670241" lon="-119.627554">
        <ele>2144.4</ele>
        <time>2024-02-18T22:20:15Z</time>
      </trkpt>
      <trkpt lat="37.670244" lon="-119.627606">
        <ele>2143.6</ele>
        <time>2024-02-18T22:20:20Z</time>
      </trkpt>
      <trkpt lat="37.670269" lon="-119.62765">
        <ele>2142.8</ele>
        <time>2024-02-18T22:20:24Z</time>
      </trkpt>
      <trkpt lat="37.670286" lon="-119.627746">
        <ele>2144.7</ele>
        <time>2024-02-18T22:20:31Z</time>
      </trkpt>
      <trkpt lat="37.670329" lon="-119.627853">
        <ele>2147.9</ele>
        <time>2024-02-18T22:20:41Z</time>
      </trkpt>
      <trkpt lat="37.67032" lon="-119.627881">
        <ele>2147.8</ele>
        <time>2024-02-18T22:20:43Z</time>
      </trkpt>
      <trkpt lat="37.670347" lon="-119.627986">
        <ele>2149.1</ele>
        <time>2024-02-18T22:20:52Z</time>
      </trkpt>
      <trkpt lat="37.670363" lon="-119.628074">
        <ele>2149.0</ele>
        <time>2024-02-18T22:21:01Z</time>
      </trkpt>
      <trkpt lat="37.670379" lon="-119.628086">
        <ele>2148.8</ele>
        <time>2024-02-18T22:21:06Z</time>
      </trkpt>
      <trkpt lat="37.670397" lon="-119.628171">
        <ele>2150.9</ele>
        <time>2024-02-18T22:21:12Z</time>
      </trkpt>
      <trkpt lat="37.670431" lon="-119.628254">
        <ele>2152.3</ele>
        <time>2024-02-18T22:21:21Z</time>
      </trkpt>
      <trkpt lat="37.670436" lon="-119.628321">
        <ele>2153.9</ele>
        <time>2024-02-18T22:21:24Z</time>
      </trkpt>
      <trkpt lat="37.670427" lon="-119.628354">
        <ele>2153.4</ele>
        <time>2024-02-18T22:21:26Z</time>
      </trkpt>
      <trkpt lat="37.670441" lon="-119.628434">
        <ele>2155.3</ele>
        <time>2024-02-18T22:21:32Z</time>
      </trkpt>
      <trkpt lat="37.670475" lon="-119.62853">
        <ele>2154.4</ele>
        <time>2024-02-18T22:21:38Z</time>
      </trkpt>
      <trkpt lat="37.670476" lon="-119.628582">
        <ele>2153.8</ele>
        <time>2024-02-18T22:21:41Z</time>
      </trkpt>
      <trkpt lat="37.670502" lon="-119.628696">
        <ele>2155.8</ele>
        <time>2024-02-18T22:21:47Z</time>
      </trkpt>
      <trkpt lat="37.670493" lon="-119.628726">
        <ele>2155.5</ele>
        <time>2024-02-18T22:21:49Z</time>
      </trkpt>
      <trkpt lat="37.670507" lon="-119.628756">
        <ele>2154.5</ele>
        <time>2024-02-18T22:21:53Z</time>
      </trkpt>
      <trkpt lat="37.670515" lon="-119.628902">
        <ele>2153.3</ele>
        <time>2024-02-18T22:22:05Z</time>
      </trkpt>
      <trkpt lat="37.670556" lon="-119.629042">
        <ele>2152.7</ele>
        <time>2024-02-18T22:22:17Z</time>
      </trkpt>
      <trkpt lat="37.670592" lon="-119.629133">
        <ele>2154.0</ele>
        <time>2024-02-18T22:22:24Z</time>
      </trkpt>
      <trkpt lat="37.670603" lon="-119.629262">
        <ele>2154.6</ele>
        <time>2024-02-18T22:22:33Z</time>
      </trkpt>
      <trkpt lat="37.670596" lon="-119.629349">
        <ele>2154.2</ele>
        <time>2024-02-18T22:22:39Z</time>
      </trkpt>
      <trkpt lat="37.670608" lon="-119.629462">
        <ele>2154.9</ele>
        <time>2024-02-18T22:22:45Z</time>
      </trkpt>
      <trkpt lat="37.670601" lon="-119.629684">
        <ele>2153.9</ele>
        <time>2024-02-18T22:22:59Z</time>
      </trkpt>
      <trkpt lat="37.670648" lon="-119.6298">
        <ele>2153.3</ele>
        <time>2024-02-18T22:23:10Z</time>
      </trkpt>
      <trkpt lat="37.670659" lon="-119.629908">
        <ele>2154.4</ele>
        <time>2024-02-18T22:23:16Z</time>
      </trkpt>
      <trkpt lat="37.670662" lon="-119.630025">
        <ele>2156.0</ele>
        <time>2024-02-18T22:23:24Z</time>
      </trkpt>
      <trkpt lat="37.670681" lon="-119.630136">
        <ele>2157.5</ele>
        <time>2024-02-18T22:23:30Z</time>
      </trkpt>
      <trkpt lat="37.670666" lon="-119.630264">
        <ele>2153.3</ele>
        <time>2024-02-18T22:23:35Z</time>
      </trkpt>
      <trkpt lat="37.670675" lon="-119.630301">
        <ele>2153.9</ele>
        <time>2024-02-18T22:23:37Z</time>
      </trkpt>
      <trkpt lat="37.67067" lon="-119.630368">
        <ele>2153.2</ele>
        <time>2024-02-18T22:23:40Z</time>
      </trkpt>
      <trkpt lat="37.670683" lon="-119.630442">
        <ele>2151.7</ele>
        <time>2024-02-18T22:23:45Z</time>
      </trkpt>
      <trkpt lat="37.670709" lon="-119.630478">
        <ele>2151.1</ele>
        <time>2024-02-18T22:23:48Z</time>
      </trkpt>
      <trkpt lat="37.670716" lon="-119.630562">
        <ele>2152.0</ele>
        <time>2024-02-18T22:23:53Z</time>
      </trkpt>
      <trkpt lat="37.670763" lon="-119.630688">
        <ele>2153.0</ele>
        <time>2024-02-18T22:24:01Z</time>
      </trkpt>
      <trkpt lat="37.670769" lon="-119.630751">
        <ele>2153.1</ele>
        <time>2024-02-18T22:24:04Z</time>
      </trkpt>
      <trkpt lat="37.670761" lon="-119.630807">
        <ele>2152.8</ele>
        <time>2024-02-18T22:24:07Z</time>
      </trkpt>
      <trkpt lat="37.670787" lon="-119.630896">
        <ele>2153.7</ele>
        <time>2024-02-18T22:24:12Z</time>
      </trkpt>
      <trkpt lat="37.670794" lon="-119.631049">
        <ele>2154.1</ele>
        <time>2024-02-18T22:24:20Z</time>
      </trkpt>
      <trkpt lat="37.670764" lon="-119.631037">
        <ele>2152.0</ele>
        <time>2024-02-18T22:25:19Z</time>
      </trkpt>
      <trkpt lat="37.670752" lon="-119.631002">
        <ele>2152.5</ele>
        <time>2024-02-18T22:25:21Z</time>
      </trkpt>
      <trkpt lat="37.670738" lon="-119.631058">
        <ele>2153.4</ele>
        <time>2024-02-18T22:25:29Z</time>
      </trkpt>
      <trkpt lat="37.670771" lon="-119.631093">
        <ele>2155.4</ele>
        <time>2024-02-18T22:25:51Z</time>
      </trkpt>
      <trkpt lat="37.670863" lon="-119.631268">
        <ele>2153.5</ele>
        <time>2024-02-18T22:26:06Z</time>
      </trkpt>
      <trkpt lat="37.670873" lon="-119.631282">
        <ele>2153.6</ele>
        <time>2024-02-18T22:26:07Z</time>
      </trkpt>
      <trkpt lat="37.670864" lon="-119.631455">
        <ele>2154.8</ele>
        <time>2024-02-18T22:26:17Z</time>
      </trkpt>
      <trkpt lat="37.670873" lon="-119.631503">
        <ele>2153.7</ele>
        <time>2024-02-18T22:26:21Z</time>
      </trkpt>
      <trkpt lat="37.670915" lon="-119.631593">
        <ele>2153.4</ele>
        <time>2024-02-18T22:26:28Z</time>
      </trkpt>
      <trkpt lat="37.670931" lon="-119.631648">
        <ele>2153.1</ele>
        <time>2024-02-18T22:26:32Z</time>
      </trkpt>
      <trkpt lat="37.670928" lon="-119.631766">
        <ele>2155.0</ele>
        <time>2024-02-18T22:26:38Z</time>
      </trkpt>
      <trkpt lat="37.670954" lon="-119.631836">
        <ele>2157.5</ele>
        <time>2024-02-18T22:26:44Z</time>
      </trkpt>
      <trkpt lat="37.670961" lon="-119.631964">
        <ele>2160.7</ele>
        <time>2024-02-18T22:26:52Z</time>
      </trkpt>
      <trkpt lat="37.670949" lon="-119.632082">
        <ele>2158.4</ele>
        <time>2024-02-18T22:27:00Z</time>
      </trkpt>
      <trkpt lat="37.670959" lon="-119.632209">
        <ele>2155.9</ele>
        <time>2024-02-18T22:27:08Z</time>
      </trkpt>
      <trkpt lat="37.67099" lon="-119.63245">
        <ele>2155.8</ele>
        <time>2024-02-18T22:27:27Z</time>
      </trkpt>
      <trkpt lat="37.670989" lon="-119.632466">
        <ele>2156.1</ele>
        <time>2024-02-18T22:27:28Z</time>
      </trkpt>
      <trkpt lat="37.671017" lon="-119.632719">
        <ele>2161.2</ele>
        <time>2024-02-18T22:27:49Z</time>
      </trkpt>
      <trkpt lat="37.671026" lon="-119.632772">
        <ele>2161.5</ele>
        <time>2024-02-18T22:27:52Z</time>
      </trkpt>
      <trkpt lat="37.671053" lon="-119.632839">
        <ele>2163.4</ele>
        <time>2024-02-18T22:27:59Z</time>
      </trkpt>
      <trkpt lat="37.671063" lon="-119.632995">
        <ele>2165.0</ele>
        <time>2024-02-18T22:28:13Z</time>
      </trkpt>
      <trkpt lat="37.671099" lon="-119.633061">
        <ele>2165.2</ele>
        <time>2024-02-18T22:28:21Z</time>
      </trkpt>
      <trkpt lat="37.671115" lon="-119.633165">
        <ele>2165.8</ele>
        <time>2024-02-18T22:28:29Z</time>
      </trkpt>
      <trkpt lat="37.671123" lon="-119.63318">
        <ele>2165.0</ele>
        <time>2024-02-18T22:28:30Z</time>
      </trkpt>
      <trkpt lat="37.671146" lon="-119.633282">
        <ele>2164.1</ele>
        <time>2024-02-18T22:28:36Z</time>
      </trkpt>
      <trkpt lat="37.671134" lon="-119.633386">
        <ele>2161.7</ele>
        <time>2024-02-18T22:28:42Z</time>
      </trkpt>
      <trkpt lat="37.671137" lon="-119.633458">
        <ele>2162.6</ele>
        <time>2024-02-18T22:28:46Z</time>
      </trkpt>
      <trkpt lat="37.671158" lon="-119.633529">
        <ele>2161.6</ele>
        <time>2024-02-18T22:28:52Z</time>
      </trkpt>
      <trkpt lat="37.67116" lon="-119.633592">
        <ele>2161.8</ele>
        <time>2024-02-18T22:28:55Z</time>
      </trkpt>
      <trkpt lat="37.671195" lon="-119.633729">
        <ele>2165.1</ele>
        <time>2024-02-18T22:29:05Z</time>
      </trkpt>
      <trkpt lat="37.671222" lon="-119.633779">
        <ele>2165.3</ele>
        <time>2024-02-18T22:29:12Z</time>
      </trkpt>
      <trkpt lat="37.67123" lon="-119.633823">
        <ele>2166.9</ele>
        <time>2024-02-18T22:29:15Z</time>
      </trkpt>
      <trkpt lat="37.671228" lon="-119.633891">
        <ele>2167.1</ele>
        <time>2024-02-18T22:29:19Z</time>
      </trkpt>
      <trkpt lat="37.671253" lon="-119.634017">
        <ele>2165.5</ele>
        <time>2024-02-18T22:29:29Z</time>
      </trkpt>
      <trkpt lat="37.671271" lon="-119.634083">
        <ele>2166.0</ele>
        <time>2024-02-18T22:29:35Z</time>
      </trkpt>
      <trkpt lat="37.671321" lon="-119.634155">
        <ele>2167.3</ele>
        <time>2024-02-18T22:29:43Z</time>
      </trkpt>
      <trkpt lat="37.671323" lon="-119.634222">
        <ele>2166.7</ele>
        <time>2024-02-18T22:29:47Z</time>
      </trkpt>
      <trkpt lat="37.671346" lon="-119.634368">
        <ele>2167.6</ele>
        <time>2024-02-18T22:29:55Z</time>
      </trkpt>
      <trkpt lat="37.671403" lon="-119.634448">
        <ele>2166.6</ele>
        <time>2024-02-18T22:30:02Z</time>
      </trkpt>
      <trkpt lat="37.671416" lon="-119.634506">
        <ele>2166.1</ele>
        <time>2024-02-18T22:30:06Z</time>
      </trkpt>
      <trkpt lat="37.671452" lon="-119.634568">
        <ele>2165.3</ele>
        <time>2024-02-18T22:30:12Z</time>
      </trkpt>
      <trkpt lat="37.671492" lon="-119.634674">
        <ele>2164.9</ele>
        <time>2024-02-18T22:30:19Z</time>
      </trkpt>
      <trkpt lat="37.671575" lon="-119.634841">
        <ele>2163.2</ele>
        <time>2024-02-18T22:30:31Z</time>
      </trkpt>
      <trkpt lat="37.671678" lon="-119.634975">
        <ele>2163.0</ele>
        <time>2024-02-18T22:30:43Z</time>
      </trkpt>
      <trkpt lat="37.671722" lon="-119.63501">
        <ele>2162.6</ele>
        <time>2024-02-18T22:30:47Z</time>
      </trkpt>
      <trkpt lat="37.671731" lon="-119.635046">
        <ele>2163.7</ele>
        <time>2024-02-18T22:30:49Z</time>
      </trkpt>
      <trkpt lat="37.671806" lon="-119.635117">
        <ele>2162.0</ele>
        <time>2024-02-18T22:30:56Z</time>
      </trkpt>
      <trkpt lat="37.671834" lon="-119.63516">
        <ele>2163.5</ele>
        <time>2024-02-18T22:30:59Z</time>
      </trkpt>
      <trkpt lat="37.671932" lon="-119.63533">
        <ele>2163.7</ele>
        <time>2024-02-18T22:31:10Z</time>
      </trkpt>
      <trkpt lat="37.672005" lon="-119.63542">
        <ele>2161.7</ele>
        <time>2024-02-18T22:31:17Z</time>
      </trkpt>
      <trkpt lat="37.672039" lon="-119.635444">
        <ele>2162.7</ele>
        <time>2024-02-18T22:31:20Z</time>
      </trkpt>
      <trkpt lat="37.672143" lon="-119.635565">
        <ele>2162.6</ele>
        <time>2024-02-18T22:31:31Z</time>
      </trkpt>
      <trkpt lat="37.672189" lon="-119.635594">
        <ele>2162.9</ele>
        <time>2024-02-18T22:31:35Z</time>
      </trkpt>
      <trkpt lat="37.672268" lon="-119.635666">
        <ele>2162.0</ele>
        <time>2024-02-18T22:31:43Z</time>
      </trkpt>
      <trkpt lat="37.672304" lon="-119.635684">
        <ele>2161.6</ele>
        <time>2024-02-18T22:31:47Z</time>
      </trkpt>
      <trkpt lat="37.672396" lon="-119.635713">
        <ele>2160.4</ele>
        <time>2024-02-18T22:31:57Z</time>
      </trkpt>
      <trkpt lat="37.672469" lon="-119.635764">
        <ele>2161.2</ele>
        <time>2024-02-18T22:32:04Z</time>
      </trkpt>
      <trkpt lat="37.672549" lon="-119.635804">
        <ele>2161.0</ele>
        <time>2024-02-18T22:32:12Z</time>
      </trkpt>
      <trkpt lat="37.672597" lon="-119.635803">
        <ele>2160.3</ele>
        <time>2024-02-18T22:32:16Z</time>
      </trkpt>
      <trkpt lat="37.672645" lon="-119.63584">
        <ele>2159.9</ele>
        <time>2024-02-18T22:32:22Z</time>
      </trkpt>
      <trkpt lat="37.672701" lon="-119.635924">
        <ele>2159.7</ele>
        <time>2024-02-18T22:32:31Z</time>
      </trkpt>
      <trkpt lat="37.672745" lon="-119.635941">
        <ele>2159.2</ele>
        <time>2024-02-18T22:32:35Z</time>
      </trkpt>
      <trkpt lat="37.672807" lon="-119.635991">
        <ele>2161.6</ele>
        <time>2024-02-18T22:32:41Z</time>
      </trkpt>
      <trkpt lat="37.672919" lon="-119.636036">
        <ele>2161.6</ele>
        <time>2024-02-18T22:32:52Z</time>
      </trkpt>
      <trkpt lat="37.672955" lon="-119.636089">
        <ele>2160.5</ele>
        <time>2024-02-18T22:32:58Z</time>
      </trkpt>
      <trkpt lat="37.672999" lon="-119.636133">
        <ele>2157.8</ele>
        <time>2024-02-18T22:33:05Z</time>
      </trkpt>
      <trkpt lat="37.673038" lon="-119.636205">
        <ele>2158.6</ele>
        <time>2024-02-18T22:33:13Z</time>
      </trkpt>
      <trkpt lat="37.673107" lon="-119.636236">
        <ele>2160.0</ele>
        <time>2024-02-18T22:33:20Z</time>
      </trkpt>
      <trkpt lat="37.673152" lon="-119.636247">
        <ele>2161.1</ele>
        <time>2024-02-18T22:33:24Z</time>
      </trkpt>
      <trkpt lat="37.673259" lon="-119.636256">
        <ele>2160.1</ele>
        <time>2024-02-18T22:33:38Z</time>
      </trkpt>
      <trkpt lat="37.67326" lon="-119.636283">
        <ele>2159.9</ele>
        <time>2024-02-18T22:33:40Z</time>
      </trkpt>
      <trkpt lat="37.673398" lon="-119.636369">
        <ele>2164.6</ele>
        <time>2024-02-18T22:34:01Z</time>
      </trkpt>
      <trkpt lat="37.673452" lon="-119.636457">
        <ele>2165.9</ele>
        <time>2024-02-18T22:34:11Z</time>
      </trkpt>
      <trkpt lat="37.673504" lon="-119.636583">
        <ele>2166.3</ele>
        <time>2024-02-18T22:34:21Z</time>
      </trkpt>
      <trkpt lat="37.673608" lon="-119.636773">
        <ele>2166.1</ele>
        <time>2024-02-18T22:34:40Z</time>
      </trkpt>
      <trkpt lat="37.673672" lon="-119.63685">
        <ele>2167.1</ele>
        <time>2024-02-18T22:34:49Z</time>
      </trkpt>
      <trkpt lat="37.67369" lon="-119.636921">
        <ele>2165.9</ele>
        <time>2024-02-18T22:34:55Z</time>
      </trkpt>
      <trkpt lat="37.673707" lon="-119.636956">
        <ele>2165.2</ele>
        <time>2024-02-18T22:34:59Z</time>
      </trkpt>
      <trkpt lat="37.673742" lon="-119.636989">
        <ele>2165.1</ele>
        <time>2024-02-18T22:35:03Z</time>
      </trkpt>
      <trkpt lat="37.673757" lon="-119.63703">
        <ele>2164.0</ele>
        <time>2024-02-18T22:35:06Z</time>
      </trkpt>
      <trkpt lat="37.673791" lon="-119.637073">
        <ele>2164.7</ele>
        <time>2024-02-18T22:35:11Z</time>
      </trkpt>
      <trkpt lat="37.673829" lon="-119.637183">
        <ele>2161.8</ele>
        <time>2024-02-18T22:35:26Z</time>
      </trkpt>
      <trkpt lat="37.673882" lon="-119.637241">
        <ele>2159.9</ele>
        <time>2024-02-18T22:35:39Z</time>
      </trkpt>
      <trkpt lat="37.6739" lon="-119.637278">
        <ele>2159.1</ele>
        <time>2024-02-18T22:35:42Z</time>
      </trkpt>
      <trkpt lat="37.673912" lon="-119.63738">
        <ele>2159.7</ele>
        <time>2024-02-18T22:35:47Z</time>
      </trkpt>
      <trkpt lat="37.673904" lon="-119.637412">
        <ele>2159.7</ele>
        <time>2024-02-18T22:35:49Z</time>
      </trkpt>
      <trkpt lat="37.673903" lon="-119.637709">
        <ele>2162.7</ele>
        <time>2024-02-18T22:36:06Z</time>
      </trkpt>
      <trkpt lat="37.673923" lon="-119.637786">
        <ele>2167.8</ele>
        <time>2024-02-18T22:36:14Z</time>
      </trkpt>
      <trkpt lat="37.673948" lon="-119.637819">
        <ele>2167.9</ele>
        <time>2024-02-18T22:36:20Z</time>
      </trkpt>
      <trkpt lat="37.673896" lon="-119.638176">
        <ele>2165.8</ele>
        <time>2024-02-18T22:36:48Z</time>
      </trkpt>
      <trkpt lat="37.673849" lon="-119.638399">
        <ele>2164.8</ele>
        <time>2024-02-18T22:37:05Z</time>
      </trkpt>
      <trkpt lat="37.673812" lon="-119.638533">
        <ele>2164.7</ele>
        <time>2024-02-18T22:37:13Z</time>
      </trkpt>
      <trkpt lat="37.673774" lon="-119.638751">
        <ele>2163.8</ele>
        <time>2024-02-18T22:37:33Z</time>
      </trkpt>
      <trkpt lat="37.673721" lon="-119.638851">
        <ele>2166.4</ele>
        <time>2024-02-18T22:37:44Z</time>
      </trkpt>
      <trkpt lat="37.673626" lon="-119.639008">
        <ele>2165.5</ele>
        <time>2024-02-18T22:38:02Z</time>
      </trkpt>
      <trkpt lat="37.673646" lon="-119.638996">
        <ele>2164.0</ele>
        <time>2024-02-18T22:38:16Z</time>
      </trkpt>
      <trkpt lat="37.673643" lon="-119.638937">
        <ele>2165.8</ele>
        <time>2024-02-18T22:38:37Z</time>
      </trkpt>
      <trkpt lat="37.673603" lon="-119.638916">
        <ele>2165.7</ele>
        <time>2024-02-18T22:38:42Z</time>
      </trkpt>
      <trkpt lat="37.67354" lon="-119.639022">
        <ele>2166.4</ele>
        <time>2024-02-18T22:38:50Z</time>
      </trkpt>
      <trkpt lat="37.673526" lon="-119.639126">
        <ele>2168.3</ele>
        <time>2024-02-18T22:38:57Z</time>
      </trkpt>
      <trkpt lat="37.673501" lon="-119.6392">
        <ele>2170.0</ele>
        <time>2024-02-18T22:39:04Z</time>
      </trkpt>
      <trkpt lat="37.673499" lon="-119.639281">
        <ele>2170.5</ele>
        <time>2024-02-18T22:39:09Z</time>
      </trkpt>
      <trkpt lat="37.673472" lon="-119.639372">
        <ele>2170.4</ele>
        <time>2024-02-18T22:39:15Z</time>
      </trkpt>
      <trkpt lat="37.673444" lon="-119.639405">
        <ele>2169.6</ele>
        <time>2024-02-18T22:39:18Z</time>
      </trkpt>
      <trkpt lat="37.673416" lon="-119.639481">
        <ele>2170.3</ele>
        <time>2024-02-18T22:39:24Z</time>
      </trkpt>
      <trkpt lat="37.673391" lon="-119.639495">
        <ele>2170.7</ele>
        <time>2024-02-18T22:39:27Z</time>
      </trkpt>
      <trkpt lat="37.673362" lon="-119.63956">
        <ele>2171.3</ele>
        <time>2024-02-18T22:39:34Z</time>
      </trkpt>
      <trkpt lat="37.673325" lon="-119.63959">
        <ele>2171.0</ele>
        <time>2024-02-18T22:39:39Z</time>
      </trkpt>
      <trkpt lat="37.673246" lon="-119.639693">
        <ele>2170.1</ele>
        <time>2024-02-18T22:39:51Z</time>
      </trkpt>
      <trkpt lat="37.673181" lon="-119.639728">
        <ele>2169.2</ele>
        <time>2024-02-18T22:39:59Z</time>
      </trkpt>
      <trkpt lat="37.673111" lon="-119.639736">
        <ele>2172.3</ele>
        <time>2024-02-18T22:40:07Z</time>
      </trkpt>
      <trkpt lat="37.67302" lon="-119.63978">
        <ele>2173.4</ele>
        <time>2024-02-18T22:40:18Z</time>
      </trkpt>
      <trkpt lat="37.672948" lon="-119.639841">
        <ele>2173.4</ele>
        <time>2024-02-18T22:40:26Z</time>
      </trkpt>
      <trkpt lat="37.67288" lon="-119.639879">
        <ele>2177.3</ele>
        <time>2024-02-18T22:40:34Z</time>
      </trkpt>
      <trkpt lat="37.672866" lon="-119.639896">
        <ele>2178.1</ele>
        <time>2024-02-18T22:40:36Z</time>
      </trkpt>
      <trkpt lat="37.672804" lon="-119.639919">
        <ele>2178.9</ele>
        <time>2024-02-18T22:40:44Z</time>
      </trkpt>
      <trkpt lat="37.672783" lon="-119.63995">
        <ele>2178.4</ele>
        <time>2024-02-18T22:40:46Z</time>
      </trkpt>
      <trkpt lat="37.672703" lon="-119.639937">
        <ele>2180.6</ele>
        <time>2024-02-18T22:40:53Z</time>
      </trkpt>
      <trkpt lat="37.67269" lon="-119.639954">
        <ele>2181.3</ele>
        <time>2024-02-18T22:40:55Z</time>
      </trkpt>
      <trkpt lat="37.672645" lon="-119.639955">
        <ele>2182.8</ele>
        <time>2024-02-18T22:40:59Z</time>
      </trkpt>
      <trkpt lat="37.672615" lon="-119.639942">
        <ele>2184.1</ele>
        <time>2024-02-18T22:41:04Z</time>
      </trkpt>
      <trkpt lat="37.672563" lon="-119.63998">
        <ele>2184.2</ele>
        <time>2024-02-18T22:41:11Z</time>
      </trkpt>
      <trkpt lat="37.672449" lon="-119.639982">
        <ele>2185.8</ele>
        <time>2024-02-18T22:41:21Z</time>
      </trkpt>
      <trkpt lat="37.672389" lon="-119.64002">
        <ele>2187.6</ele>
        <time>2024-02-18T22:41:29Z</time>
      </trkpt>
      <trkpt lat="37.672346" lon="-119.640074">
        <ele>2187.3</ele>
        <time>2024-02-18T22:41:36Z</time>
      </trkpt>
      <trkpt lat="37.672299" lon="-119.640109">
        <ele>2187.2</ele>
        <time>2024-02-18T22:41:42Z</time>
      </trkpt>
      <trkpt lat="37.672258" lon="-119.640077">
        <ele>2189.6</ele>
        <time>2024-02-18T22:41:47Z</time>
      </trkpt>
      <trkpt lat="37.672216" lon="-119.640099">
        <ele>2189.6</ele>
        <time>2024-02-18T22:41:52Z</time>
      </trkpt>
      <trkpt lat="37.672185" lon="-119.640135">
        <ele>2187.1</ele>
        <time>2024-02-18T22:41:55Z</time>
      </trkpt>
      <trkpt lat="37.672054" lon="-119.640194">
        <ele>2187.8</ele>
        <time>2024-02-18T22:42:08Z</time>
      </trkpt>
      <trkpt lat="37.672038" lon="-119.640217">
        <ele>2186.4</ele>
        <time>2024-02-18T22:42:10Z</time>
      </trkpt>
      <trkpt lat="37.671971" lon="-119.64025">
        <ele>2184.9</ele>
        <time>2024-02-18T22:42:18Z</time>
      </trkpt>
      <trkpt lat="37.671959" lon="-119.640283">
        <ele>2184.9</ele>
        <time>2024-02-18T22:42:21Z</time>
      </trkpt>
      <trkpt lat="37.671918" lon="-119.640337">
        <ele>2183.8</ele>
        <time>2024-02-18T22:42:25Z</time>
      </trkpt>
      <trkpt lat="37.671857" lon="-119.640396">
        <ele>2186.1</ele>
        <time>2024-02-18T22:42:35Z</time>
      </trkpt>
      <trkpt lat="37.671787" lon="-119.640433">
        <ele>2186.5</ele>
        <time>2024-02-18T22:42:43Z</time>
      </trkpt>
      <trkpt lat="37.671777" lon="-119.640485">
        <ele>2186.8</ele>
        <time>2024-02-18T22:42:47Z</time>
      </trkpt>
      <trkpt lat="37.671745" lon="-119.640558">
        <ele>2185.9</ele>
        <time>2024-02-18T22:42:54Z</time>
      </trkpt>
      <trkpt lat="37.671705" lon="-119.640623">
        <ele>2185.4</ele>
        <time>2024-02-18T22:43:00Z</time>
      </trkpt>
      <trkpt lat="37.671683" lon="-119.640749">
        <ele>2186.2</ele>
        <time>2024-02-18T22:43:10Z</time>
      </trkpt>
      <trkpt lat="37.671657" lon="-119.64077">
        <ele>2184.9</ele>
        <time>2024-02-18T22:43:14Z</time>
      </trkpt>
      <trkpt lat="37.671609" lon="-119.640932">
        <ele>2184.8</ele>
        <time>2024-02-18T22:43:35Z</time>
      </trkpt>
      <trkpt lat="37.671598" lon="-119.64101">
        <ele>2183.5</ele>
        <time>2024-02-18T22:43:40Z</time>
      </trkpt>
      <trkpt lat="37.671609" lon="-119.641114">
        <ele>2181.0</ele>
        <time>2024-02-18T22:43:53Z</time>
      </trkpt>
      <trkpt lat="37.671585" lon="-119.641288">
        <ele>2175.8</ele>
        <time>2024-02-18T22:44:02Z</time>
      </trkpt>
      <trkpt lat="37.67155" lon="-119.641404">
        <ele>2173.2</ele>
        <time>2024-02-18T22:44:11Z</time>
      </trkpt>
      <trkpt lat="37.671576" lon="-119.641586">
        <ele>2169.6</ele>
        <time>2024-02-18T22:44:34Z</time>
      </trkpt>
      <trkpt lat="37.671583" lon="-119.641596">
        <ele>2169.0</ele>
        <time>2024-02-18T22:44:35Z</time>
      </trkpt>
      <trkpt lat="37.671628" lon="-119.641756">
        <ele>2173.6</ele>
        <time>2024-02-18T22:44:50Z</time>
      </trkpt>
      <trkpt lat="37.671673" lon="-119.641822">
        <ele>2174.8</ele>
        <time>2024-02-18T22:44:57Z</time>
      </trkpt>
      <trkpt lat="37.671703" lon="-119.641933">
        <ele>2178.1</ele>
        <time>2024-02-18T22:45:08Z</time>
      </trkpt>
      <trkpt lat="37.671712" lon="-119.641996">
        <ele>2179.4</ele>
        <time>2024-02-18T22:45:13Z</time>
      </trkpt>
      <trkpt lat="37.671706" lon="-119.642032">
        <ele>2178.2</ele>
        <time>2024-02-18T22:45:16Z</time>
      </trkpt>
      <trkpt lat="37.671723" lon="-119.642085">
        <ele>2179.2</ele>
        <time>2024-02-18T22:45:23Z</time>
      </trkpt>
      <trkpt lat="37.671711" lon="-119.642165">
        <ele>2181.1</ele>
        <time>2024-02-18T22:45:27Z</time>
      </trkpt>
      <trkpt lat="37.671702" lon="-119.642271">
        <ele>2180.7</ele>
        <time>2024-02-18T22:45:32Z</time>
      </trkpt>
      <trkpt lat="37.671727" lon="-119.642369">
        <ele>2179.5</ele>
        <time>2024-02-18T22:45:39Z</time>
      </trkpt>
      <trkpt lat="37.671718" lon="-119.642603">
        <ele>2185.4</ele>
        <time>2024-02-18T22:45:54Z</time>
      </trkpt>
      <trkpt lat="37.671723" lon="-119.642681">
        <ele>2191.3</ele>
        <time>2024-02-18T22:46:01Z</time>
      </trkpt>
      <trkpt lat="37.671772" lon="-119.642928">
        <ele>2197.1</ele>
        <time>2024-02-18T22:46:25Z</time>
      </trkpt>
      <trkpt lat="37.671785" lon="-119.642951">
        <ele>2197.0</ele>
        <time>2024-02-18T22:46:28Z</time>
      </trkpt>
      <trkpt lat="37.671789" lon="-119.643026">
        <ele>2197.0</ele>
        <time>2024-02-18T22:46:32Z</time>
      </trkpt>
      <trkpt lat="37.671812" lon="-119.643146">
        <ele>2199.1</ele>
        <time>2024-02-18T22:46:41Z</time>
      </trkpt>
      <trkpt lat="37.671849" lon="-119.643213">
        <ele>2200.8</ele>
        <time>2024-02-18T22:46:48Z</time>
      </trkpt>
      <trkpt lat="37.671837" lon="-119.643315">
        <ele>2199.5</ele>
        <time>2024-02-18T22:46:56Z</time>
      </trkpt>
      <trkpt lat="37.671844" lon="-119.643436">
        <ele>2201.1</ele>
        <time>2024-02-18T22:47:05Z</time>
      </trkpt>
      <trkpt lat="37.671909" lon="-119.643607">
        <ele>2201.9</ele>
        <time>2024-02-18T22:47:19Z</time>
      </trkpt>
      <trkpt lat="37.671909" lon="-119.643618">
        <ele>2201.1</ele>
        <time>2024-02-18T22:47:20Z</time>
      </trkpt>
      <trkpt lat="37.671951" lon="-119.64375">
        <ele>2200.3</ele>
        <time>2024-02-18T22:47:33Z</time>
      </trkpt>
      <trkpt lat="37.671987" lon="-119.64394">
        <ele>2198.0</ele>
        <time>2024-02-18T22:47:47Z</time>
      </trkpt>
      <trkpt lat="37.671989" lon="-119.643983">
        <ele>2196.7</ele>
        <time>2024-02-18T22:47:51Z</time>
      </trkpt>
      <trkpt lat="37.67205" lon="-119.644084">
        <ele>2198.0</ele>
        <time>2024-02-18T22:48:04Z</time>
      </trkpt>
      <trkpt lat="37.672092" lon="-119.644115">
        <ele>2198.7</ele>
        <time>2024-02-18T22:48:10Z</time>
      </trkpt>
      <trkpt lat="37.672186" lon="-119.644277">
        <ele>2197.5</ele>
        <time>2024-02-18T22:48:28Z</time>
      </trkpt>
      <trkpt lat="37.672192" lon="-119.644315">
        <ele>2198.1</ele>
        <time>2024-02-18T22:48:31Z</time>
      </trkpt>
      <trkpt lat="37.672167" lon="-119.644324">
        <ele>2199.9</ele>
        <time>2024-02-18T22:48:38Z</time>
      </trkpt>
      <trkpt lat="37.672146" lon="-119.644417">
        <ele>2200.5</ele>
        <time>2024-02-18T22:48:48Z</time>
      </trkpt>
      <trkpt lat="37.67216" lon="-119.644429">
        <ele>2200.7</ele>
        <time>2024-02-18T22:48:49Z</time>
      </trkpt>
      <trkpt lat="37.672286" lon="-119.644444">
        <ele>2201.4</ele>
        <time>2024-02-18T22:49:09Z</time>
      </trkpt>
      <trkpt lat="37.67228" lon="-119.644481">
        <ele>2202.4</ele>
        <time>2024-02-18T22:49:22Z</time>
      </trkpt>
      <trkpt lat="37.672301" lon="-119.6445">
        <ele>2202.9</ele>
        <time>2024-02-18T22:49:26Z</time>
      </trkpt>
      <trkpt lat="37.67231" lon="-119.644543">
        <ele>2203.5</ele>
        <time>2024-02-18T22:49:30Z</time>
      </trkpt>
      <trkpt lat="37.672362" lon="-119.644589">
        <ele>2203.0</ele>
        <time>2024-02-18T22:49:37Z</time>
      </trkpt>
      <trkpt lat="37.672384" lon="-119.644655">
        <ele>2202.3</ele>
        <time>2024-02-18T22:49:43Z</time>
      </trkpt>
      <trkpt lat="37.672438" lon="-119.644755">
        <ele>2205.3</ele>
        <time>2024-02-18T22:49:51Z</time>
      </trkpt>
      <trkpt lat="37.672458" lon="-119.644773">
        <ele>2205.5</ele>
        <time>2024-02-18T22:49:54Z</time>
      </trkpt>
      <trkpt lat="37.672505" lon="-119.644839">
        <ele>2205.8</ele>
        <time>2024-02-18T22:50:02Z</time>
      </trkpt>
      <trkpt lat="37.67253" lon="-119.644859">
        <ele>2206.5</ele>
        <time>2024-02-18T22:50:04Z</time>
      </trkpt>
      <trkpt lat="37.672613" lon="-119.645062">
        <ele>2208.0</ele>
        <time>2024-02-18T22:50:22Z</time>
      </trkpt>
      <trkpt lat="37.672722" lon="-119.6452">
        <ele>2208.9</ele>
        <time>2024-02-18T22:50:42Z</time>
      </trkpt>
      <trkpt lat="37.672759" lon="-119.645279">
        <ele>2209.5</ele>
        <time>2024-02-18T22:50:47Z</time>
      </trkpt>
      <trkpt lat="37.672836" lon="-119.645346">
        <ele>2208.9</ele>
        <time>2024-02-18T22:50:57Z</time>
      </trkpt>
      <trkpt lat="37.672851" lon="-119.645412">
        <ele>2210.6</ele>
        <time>2024-02-18T22:51:03Z</time>
      </trkpt>
      <trkpt lat="37.672915" lon="-119.645499">
        <ele>2213.5</ele>
        <time>2024-02-18T22:51:10Z</time>
      </trkpt>
      <trkpt lat="37.672943" lon="-119.645576">
        <ele>2211.3</ele>
        <time>2024-02-18T22:51:18Z</time>
      </trkpt>
      <trkpt lat="37.672985" lon="-119.645653">
        <ele>2212.3</ele>
        <time>2024-02-18T22:51:27Z</time>
      </trkpt>
      <trkpt lat="37.673071" lon="-119.645752">
        <ele>2214.7</ele>
        <time>2024-02-18T22:51:39Z</time>
      </trkpt>
      <trkpt lat="37.673107" lon="-119.645773">
        <ele>2214.8</ele>
        <time>2024-02-18T22:51:43Z</time>
      </trkpt>
      <trkpt lat="37.673122" lon="-119.645814">
        <ele>2214.1</ele>
        <time>2024-02-18T22:51:47Z</time>
      </trkpt>
      <trkpt lat="37.673143" lon="-119.645832">
        <ele>2214.4</ele>
        <time>2024-02-18T22:51:50Z</time>
      </trkpt>
      <trkpt lat="37.673205" lon="-119.645847">
        <ele>2213.8</ele>
        <time>2024-02-18T22:51:55Z</time>
      </trkpt>
      <trkpt lat="37.673272" lon="-119.645894">
        <ele>2209.9</ele>
        <time>2024-02-18T22:52:04Z</time>
      </trkpt>
      <trkpt lat="37.673296" lon="-119.645946">
        <ele>2210.4</ele>
        <time>2024-02-18T22:52:10Z</time>
      </trkpt>
      <trkpt lat="37.673313" lon="-119.646113">
        <ele>2215.3</ele>
        <time>2024-02-18T22:52:21Z</time>
      </trkpt>
      <trkpt lat="37.673384" lon="-119.646154">
        <ele>2216.5</ele>
        <time>2024-02-18T22:52:29Z</time>
      </trkpt>
      <trkpt lat="37.673448" lon="-119.646344">
        <ele>2216.1</ele>
        <time>2024-02-18T22:52:43Z</time>
      </trkpt>
      <trkpt lat="37.67347" lon="-119.646371">
        <ele>2216.1</ele>
        <time>2024-02-18T22:52:45Z</time>
      </trkpt>
      <trkpt lat="37.673502" lon="-119.646484">
        <ele>2216.9</ele>
        <time>2024-02-18T22:52:51Z</time>
      </trkpt>
      <trkpt lat="37.673547" lon="-119.646531">
        <ele>2214.6</ele>
        <time>2024-02-18T22:52:59Z</time>
      </trkpt>
      <trkpt lat="37.673607" lon="-119.646695">
        <ele>2212.8</ele>
        <time>2024-02-18T22:53:12Z</time>
      </trkpt>
      <trkpt lat="37.673683" lon="-119.646797">
        <ele>2213.4</ele>
        <time>2024-02-18T22:53:23Z</time>
      </trkpt>
      <trkpt lat="37.673709" lon="-119.646803">
        <ele>2209.9</ele>
        <time>2024-02-18T22:53:35Z</time>
      </trkpt>
      <trkpt lat="37.673707" lon="-119.64677">
        <ele>2208.3</ele>
        <time>2024-02-18T22:54:10Z</time>
      </trkpt>
      <trkpt lat="37.673687" lon="-119.646761">
        <ele>2211.0</ele>
        <time>2024-02-18T22:54:33Z</time>
      </trkpt>
      <trkpt lat="37.673627" lon="-119.646786">
        <ele>2216.0</ele>
        <time>2024-02-18T22:55:31Z</time>
      </trkpt>
      <trkpt lat="37.673402" lon="-119.646773">
        <ele>2214.6</ele>
        <time>2024-02-18T22:55:46Z</time>
      </trkpt>
      <trkpt lat="37.67334" lon="-119.646755">
        <ele>2213.2</ele>
        <time>2024-02-18T22:55:48Z</time>
      </trkpt>
      <trkpt lat="37.673739" lon="-119.646858">
        <ele>2213.7</ele>
        <time>2024-02-18T22:56:03Z</time>
      </trkpt>
      <trkpt lat="37.673836" lon="-119.646989">
        <ele>2215.5</ele>
        <time>2024-02-18T22:56:15Z</time>
      </trkpt>
      <trkpt lat="37.673837" lon="-119.647027">
        <ele>2215.8</ele>
        <time>2024-02-18T22:56:17Z</time>
      </trkpt>
      <trkpt lat="37.673895" lon="-119.647221">
        <ele>2217.2</ele>
        <time>2024-02-18T22:56:35Z</time>
      </trkpt>
      <trkpt lat="37.673926" lon="-119.647301">
        <ele>2218.3</ele>
        <time>2024-02-18T22:56:41Z</time>
      </trkpt>
      <trkpt lat="37.673959" lon="-119.647333">
        <ele>2218.2</ele>
        <time>2024-02-18T22:56:45Z</time>
      </trkpt>
      <trkpt lat="37.674032" lon="-119.647466">
        <ele>2220.3</ele>
        <time>2024-02-18T22:56:58Z</time>
      </trkpt>
      <trkpt lat="37.674076" lon="-119.647516">
        <ele>2220.5</ele>
        <time>2024-02-18T22:57:04Z</time>
      </trkpt>
      <trkpt lat="37.67411" lon="-119.647597">
        <ele>2219.7</ele>
        <time>2024-02-18T22:57:11Z</time>
      </trkpt>
      <trkpt lat="37.674152" lon="-119.647643">
        <ele>2222.0</ele>
        <time>2024-02-18T22:57:16Z</time>
      </trkpt>
      <trkpt lat="37.674174" lon="-119.647736">
        <ele>2220.0</ele>
        <time>2024-02-18T22:57:22Z</time>
      </trkpt>
      <trkpt lat="37.674168" lon="-119.647778">
        <ele>2219.0</ele>
        <time>2024-02-18T22:57:24Z</time>
      </trkpt>
      <trkpt lat="37.674189" lon="-119.6479">
        <ele>2221.0</ele>
        <time>2024-02-18T22:57:33Z</time>
      </trkpt>
      <trkpt lat="37.674257" lon="-119.648028">
        <ele>2222.6</ele>
        <time>2024-02-18T22:57:43Z</time>
      </trkpt>
      <trkpt lat="37.674273" lon="-119.648266">
        <ele>2220.7</ele>
        <time>2024-02-18T22:57:59Z</time>
      </trkpt>
      <trkpt lat="37.674286" lon="-119.648318">
        <ele>2222.5</ele>
        <time>2024-02-18T22:58:03Z</time>
      </trkpt>
      <trkpt lat="37.674353" lon="-119.648391">
        <ele>2224.9</ele>
        <time>2024-02-18T22:58:12Z</time>
      </trkpt>
      <trkpt lat="37.674377" lon="-119.648458">
        <ele>2224.2</ele>
        <time>2024-02-18T22:58:18Z</time>
      </trkpt>
      <trkpt lat="37.674409" lon="-119.648617">
        <ele>2223.2</ele>
        <time>2024-02-18T22:58:26Z</time>
      </trkpt>
      <trkpt lat="37.674403" lon="-119.648822">
        <ele>2223.2</ele>
        <time>2024-02-18T22:58:41Z</time>
      </trkpt>
      <trkpt lat="37.674421" lon="-119.648846">
        <ele>2221.7</ele>
        <time>2024-02-18T22:58:45Z</time>
      </trkpt>
      <trkpt lat="37.674416" lon="-119.648937">
        <ele>2222.6</ele>
        <time>2024-02-18T22:58:51Z</time>
      </trkpt>
      <trkpt lat="37.674424" lon="-119.64907">
        <ele>2221.4</ele>
        <time>2024-02-18T22:59:00Z</time>
      </trkpt>
      <trkpt lat="37.674429" lon="-119.649085">
        <ele>2221.3</ele>
        <time>2024-02-18T22:59:01Z</time>
      </trkpt>
      <trkpt lat="37.674433" lon="-119.649213">
        <ele>2220.8</ele>
        <time>2024-02-18T22:59:09Z</time>
      </trkpt>
      <trkpt lat="37.674444" lon="-119.649252">
        <ele>2222.3</ele>
        <time>2024-02-18T22:59:11Z</time>
      </trkpt>
      <trkpt lat="37.674427" lon="-119.64931">
        <ele>2222.1</ele>
        <time>2024-02-18T22:59:14Z</time>
      </trkpt>
      <trkpt lat="37.674428" lon="-119.649467">
        <ele>2221.9</ele>
        <time>2024-02-18T22:59:23Z</time>
      </trkpt>
      <trkpt lat="37.674411" lon="-119.649568">
        <ele>2221.9</ele>
        <time>2024-02-18T22:59:30Z</time>
      </trkpt>
      <trkpt lat="37.674413" lon="-119.649658">
        <ele>2222.5</ele>
        <time>2024-02-18T22:59:35Z</time>
      </trkpt>
      <trkpt lat="37.674432" lon="-119.649719">
        <ele>2223.2</ele>
        <time>2024-02-18T22:59:42Z</time>
      </trkpt>
      <trkpt lat="37.674416" lon="-119.649816">
        <ele>2224.8</ele>
        <time>2024-02-18T22:59:47Z</time>
      </trkpt>
      <trkpt lat="37.674416" lon="-119.649901">
        <ele>2224.7</ele>
        <time>2024-02-18T22:59:52Z</time>
      </trkpt>
      <trkpt lat="37.674399" lon="-119.649928">
        <ele>2224.1</ele>
        <time>2024-02-18T22:59:55Z</time>
      </trkpt>
      <trkpt lat="37.674366" lon="-119.649934">
        <ele>2221.6</ele>
        <time>2024-02-18T22:59:58Z</time>
      </trkpt>
      <trkpt lat="37.674349" lon="-119.649956">
        <ele>2220.9</ele>
        <time>2024-02-18T23:00:00Z</time>
      </trkpt>
      <trkpt lat="37.674319" lon="-119.650034">
        <ele>2220.8</ele>
        <time>2024-02-18T23:00:04Z</time>
      </trkpt>
      <trkpt lat="37.674296" lon="-119.650075">
        <ele>2221.4</ele>
        <time>2024-02-18T23:00:06Z</time>
      </trkpt>
      <trkpt lat="37.674292" lon="-119.650131">
        <ele>2219.8</ele>
        <time>2024-02-18T23:00:10Z</time>
      </trkpt>
      <trkpt lat="37.674277" lon="-119.650165">
        <ele>2217.2</ele>
        <time>2024-02-18T23:00:13Z</time>
      </trkpt>
      <trkpt lat="37.674279" lon="-119.650265">
        <ele>2216.8</ele>
        <time>2024-02-18T23:00:18Z</time>
      </trkpt>
      <trkpt lat="37.674236" lon="-119.650394">
        <ele>2217.3</ele>
        <time>2024-02-18T23:00:27Z</time>
      </trkpt>
      <trkpt lat="37.674201" lon="-119.650584">
        <ele>2213.9</ele>
        <time>2024-02-18T23:00:38Z</time>
      </trkpt>
      <trkpt lat="37.674209" lon="-119.650669">
        <ele>2215.2</ele>
        <time>2024-02-18T23:00:46Z</time>
      </trkpt>
      <trkpt lat="37.674208" lon="-119.650732">
        <ele>2216.3</ele>
        <time>2024-02-18T23:00:50Z</time>
      </trkpt>
      <trkpt lat="37.674197" lon="-119.650752">
        <ele>2216.9</ele>
        <time>2024-02-18T23:00:51Z</time>
      </trkpt>
      <trkpt lat="37.674181" lon="-119.650849">
        <ele>2219.2</ele>
        <time>2024-02-18T23:00:56Z</time>
      </trkpt>
      <trkpt lat="37.674182" lon="-119.650885">
        <ele>2218.3</ele>
        <time>2024-02-18T23:00:58Z</time>
      </trkpt>
      <trkpt lat="37.674134" lon="-119.650995">
        <ele>2217.2</ele>
        <time>2024-02-18T23:01:06Z</time>
      </trkpt>
      <trkpt lat="37.674092" lon="-119.651242">
        <ele>2219.4</ele>
        <time>2024-02-18T23:01:21Z</time>
      </trkpt>
      <trkpt lat="37.674063" lon="-119.651332">
        <ele>2221.5</ele>
        <time>2024-02-18T23:01:26Z</time>
      </trkpt>
      <trkpt lat="37.674047" lon="-119.651434">
        <ele>2223.0</ele>
        <time>2024-02-18T23:01:33Z</time>
      </trkpt>
      <trkpt lat="37.674001" lon="-119.651537">
        <ele>2220.9</ele>
        <time>2024-02-18T23:01:40Z</time>
      </trkpt>
      <trkpt lat="37.673986" lon="-119.651589">
        <ele>2220.3</ele>
        <time>2024-02-18T23:01:45Z</time>
      </trkpt>
      <trkpt lat="37.673979" lon="-119.651649">
        <ele>2219.7</ele>
        <time>2024-02-18T23:01:49Z</time>
      </trkpt>
      <trkpt lat="37.673963" lon="-119.65167">
        <ele>2218.6</ele>
        <time>2024-02-18T23:01:52Z</time>
      </trkpt>
      <trkpt lat="37.673975" lon="-119.651725">
        <ele>2218.1</ele>
        <time>2024-02-18T23:01:56Z</time>
      </trkpt>
      <trkpt lat="37.673929" lon="-119.651824">
        <ele>2215.7</ele>
        <time>2024-02-18T23:02:05Z</time>
      </trkpt>
      <trkpt lat="37.673903" lon="-119.651915">
        <ele>2218.9</ele>
        <time>2024-02-18T23:02:12Z</time>
      </trkpt>
      <trkpt lat="37.673895" lon="-119.652001">
        <ele>2218.9</ele>
        <time>2024-02-18T23:02:19Z</time>
      </trkpt>
      <trkpt lat="37.673865" lon="-119.652048">
        <ele>2221.6</ele>
        <time>2024-02-18T23:02:24Z</time>
      </trkpt>
      <trkpt lat="37.673858" lon="-119.652166">
        <ele>2223.1</ele>
        <time>2024-02-18T23:02:32Z</time>
      </trkpt>
      <trkpt lat="37.67383" lon="-119.65222">
        <ele>2222.7</ele>
        <time>2024-02-18T23:02:38Z</time>
      </trkpt>
      <trkpt lat="37.673783" lon="-119.652399">
        <ele>2221.8</ele>
        <time>2024-02-18T23:02:51Z</time>
      </trkpt>
      <trkpt lat="37.673747" lon="-119.652453">
        <ele>2219.9</ele>
        <time>2024-02-18T23:02:57Z</time>
      </trkpt>
      <trkpt lat="37.673741" lon="-119.652483">
        <ele>2219.6</ele>
        <time>2024-02-18T23:03:00Z</time>
      </trkpt>
      <trkpt lat="37.673775" lon="-119.652684">
        <ele>2220.7</ele>
        <time>2024-02-18T23:03:17Z</time>
      </trkpt>
      <trkpt lat="37.673765" lon="-119.652771">
        <ele>2221.7</ele>
        <time>2024-02-18T23:03:22Z</time>
      </trkpt>
      <trkpt lat="37.673731" lon="-119.65295">
        <ele>2224.5</ele>
        <time>2024-02-18T23:03:34Z</time>
      </trkpt>
      <trkpt lat="37.673697" lon="-119.653012">
        <ele>2226.0</ele>
        <time>2024-02-18T23:03:40Z</time>
      </trkpt>
      <trkpt lat="37.673698" lon="-119.653104">
        <ele>2227.7</ele>
        <time>2024-02-18T23:03:47Z</time>
      </trkpt>
      <trkpt lat="37.673717" lon="-119.653182">
        <ele>2229.5</ele>
        <time>2024-02-18T23:04:02Z</time>
      </trkpt>
      <trkpt lat="37.673711" lon="-119.653245">
        <ele>2228.2</ele>
        <time>2024-02-18T23:04:23Z</time>
      </trkpt>
      <trkpt lat="37.673619" lon="-119.653458">
        <ele>2229.5</ele>
        <time>2024-02-18T23:04:43Z</time>
      </trkpt>
      <trkpt lat="37.673563" lon="-119.653602">
        <ele>2227.8</ele>
        <time>2024-02-18T23:04:56Z</time>
      </trkpt>
      <trkpt lat="37.673492" lon="-119.653694">
        <ele>2229.8</ele>
        <time>2024-02-18T23:05:03Z</time>
      </trkpt>
      <trkpt lat="37.673469" lon="-119.653773">
        <ele>2233.2</ele>
        <time>2024-02-18T23:05:13Z</time>
      </trkpt>
      <trkpt lat="37.673416" lon="-119.653842">
        <ele>2233.6</ele>
        <time>2024-02-18T23:05:22Z</time>
      </trkpt>
      <trkpt lat="37.67336" lon="-119.653959">
        <ele>2225.4</ele>
        <time>2024-02-18T23:05:37Z</time>
      </trkpt>
      <trkpt lat="37.673361" lon="-119.653986">
        <ele>2224.9</ele>
        <time>2024-02-18T23:05:39Z</time>
      </trkpt>
      <trkpt lat="37.673256" lon="-119.654225">
        <ele>2221.9</ele>
        <time>2024-02-18T23:06:02Z</time>
      </trkpt>
      <trkpt lat="37.673238" lon="-119.654274">
        <ele>2222.3</ele>
        <time>2024-02-18T23:06:08Z</time>
      </trkpt>
      <trkpt lat="37.673278" lon="-119.654377">
        <ele>2221.9</ele>
        <time>2024-02-18T23:06:15Z</time>
      </trkpt>
      <trkpt lat="37.673277" lon="-119.654402">
        <ele>2222.2</ele>
        <time>2024-02-18T23:06:17Z</time>
      </trkpt>
      <trkpt lat="37.673249" lon="-119.654494">
        <ele>2222.3</ele>
        <time>2024-02-18T23:06:25Z</time>
      </trkpt>
      <trkpt lat="37.673225" lon="-119.654537">
        <ele>2223.7</ele>
        <time>2024-02-18T23:06:29Z</time>
      </trkpt>
      <trkpt lat="37.673223" lon="-119.654562">
        <ele>2223.5</ele>
        <time>2024-02-18T23:06:30Z</time>
      </trkpt>
      <trkpt lat="37.673196" lon="-119.654588">
        <ele>2223.7</ele>
        <time>2024-02-18T23:06:33Z</time>
      </trkpt>
      <trkpt lat="37.67321" lon="-119.654658">
        <ele>2226.3</ele>
        <time>2024-02-18T23:06:39Z</time>
      </trkpt>
      <trkpt lat="37.673195" lon="-119.65471">
        <ele>2229.4</ele>
        <time>2024-02-18T23:06:43Z</time>
      </trkpt>
      <trkpt lat="37.673146" lon="-119.654786">
        <ele>2235.9</ele>
        <time>2024-02-18T23:06:51Z</time>
      </trkpt>
      <trkpt lat="37.673135" lon="-119.654837">
        <ele>2238.4</ele>
        <time>2024-02-18T23:06:57Z</time>
      </trkpt>
      <trkpt lat="37.673097" lon="-119.654868">
        <ele>2237.8</ele>
        <time>2024-02-18T23:07:01Z</time>
      </trkpt>
      <trkpt lat="37.673021" lon="-119.655026">
        <ele>2240.3</ele>
        <time>2024-02-18T23:07:15Z</time>
      </trkpt>
      <trkpt lat="37.672946" lon="-119.655101">
        <ele>2246.4</ele>
        <time>2024-02-18T23:07:30Z</time>
      </trkpt>
      <trkpt lat="37.672938" lon="-119.655102">
        <ele>2246.3</ele>
        <time>2024-02-18T23:07:31Z</time>
      </trkpt>
      <trkpt lat="37.672917" lon="-119.655202">
        <ele>2244.8</ele>
        <time>2024-02-18T23:07:38Z</time>
      </trkpt>
      <trkpt lat="37.672875" lon="-119.655248">
        <ele>2244.9</ele>
        <time>2024-02-18T23:07:44Z</time>
      </trkpt>
      <trkpt lat="37.672858" lon="-119.655292">
        <ele>2244.7</ele>
        <time>2024-02-18T23:07:48Z</time>
      </trkpt>
      <trkpt lat="37.672839" lon="-119.65531">
        <ele>2244.9</ele>
        <time>2024-02-18T23:07:50Z</time>
      </trkpt>
      <trkpt lat="37.672717" lon="-119.655523">
        <ele>2242.3</ele>
        <time>2024-02-18T23:08:13Z</time>
      </trkpt>
      <trkpt lat="37.672681" lon="-119.655566">
        <ele>2241.6</ele>
        <time>2024-02-18T23:08:19Z</time>
      </trkpt>
      <trkpt lat="37.672592" lon="-119.655628">
        <ele>2242.8</ele>
        <time>2024-02-18T23:08:29Z</time>
      </trkpt>
      <trkpt lat="37.672532" lon="-119.655749">
        <ele>2242.0</ele>
        <time>2024-02-18T23:08:39Z</time>
      </trkpt>
      <trkpt lat="37.672449" lon="-119.655836">
        <ele>2242.1</ele>
        <time>2024-02-18T23:08:52Z</time>
      </trkpt>
      <trkpt lat="37.67236" lon="-119.655977">
        <ele>2242.5</ele>
        <time>2024-02-18T23:09:06Z</time>
      </trkpt>
      <trkpt lat="37.672327" lon="-119.656054">
        <ele>2242.5</ele>
        <time>2024-02-18T23:09:13Z</time>
      </trkpt>
      <trkpt lat="37.672302" lon="-119.656073">
        <ele>2242.5</ele>
        <time>2024-02-18T23:09:15Z</time>
      </trkpt>
      <trkpt lat="37.672193" lon="-119.656278">
        <ele>2242.4</ele>
        <time>2024-02-18T23:09:34Z</time>
      </trkpt>
      <trkpt lat="37.672179" lon="-119.656327">
        <ele>2242.5</ele>
        <time>2024-02-18T23:09:37Z</time>
      </trkpt>
      <trkpt lat="37.67214" lon="-119.656376">
        <ele>2243.7</ele>
        <time>2024-02-18T23:09:43Z</time>
      </trkpt>
      <trkpt lat="37.672093" lon="-119.656391">
        <ele>2244.0</ele>
        <time>2024-02-18T23:09:47Z</time>
      </trkpt>
      <trkpt lat="37.672035" lon="-119.656513">
        <ele>2245.6</ele>
        <time>2024-02-18T23:09:58Z</time>
      </trkpt>
      <trkpt lat="37.671881" lon="-119.656673">
        <ele>2246.1</ele>
        <time>2024-02-18T23:10:18Z</time>
      </trkpt>
      <trkpt lat="37.671827" lon="-119.656759">
        <ele>2248.2</ele>
        <time>2024-02-18T23:10:25Z</time>
      </trkpt>
      <trkpt lat="37.67179" lon="-119.656788">
        <ele>2249.2</ele>
        <time>2024-02-18T23:10:31Z</time>
      </trkpt>
      <trkpt lat="37.67176" lon="-119.656842">
        <ele>2249.1</ele>
        <time>2024-02-18T23:10:34Z</time>
      </trkpt>
      <trkpt lat="37.671714" lon="-119.656855">
        <ele>2249.0</ele>
        <time>2024-02-18T23:10:39Z</time>
      </trkpt>
      <trkpt lat="37.671656" lon="-119.656909">
        <ele>2247.5</ele>
        <time>2024-02-18T23:10:46Z</time>
      </trkpt>
      <trkpt lat="37.671631" lon="-119.656967">
        <ele>2247.0</ele>
        <time>2024-02-18T23:10:51Z</time>
      </trkpt>
      <trkpt lat="37.671587" lon="-119.657019">
        <ele>2246.3</ele>
        <time>2024-02-18T23:10:55Z</time>
      </trkpt>
      <trkpt lat="37.671552" lon="-119.657086">
        <ele>2247.5</ele>
        <time>2024-02-18T23:11:01Z</time>
      </trkpt>
      <trkpt lat="37.671528" lon="-119.657092">
        <ele>2247.2</ele>
        <time>2024-02-18T23:11:04Z</time>
      </trkpt>
      <trkpt lat="37.671507" lon="-119.657063">
        <ele>2247.4</ele>
        <time>2024-02-18T23:11:10Z</time>
      </trkpt>
      <trkpt lat="37.671486" lon="-119.657066">
        <ele>2247.6</ele>
        <time>2024-02-18T23:11:12Z</time>
      </trkpt>
      <trkpt lat="37.671418" lon="-119.657157">
        <ele>2247.9</ele>
        <time>2024-02-18T23:11:19Z</time>
      </trkpt>
      <trkpt lat="37.671348" lon="-119.657225">
        <ele>2248.3</ele>
        <time>2024-02-18T23:11:25Z</time>
      </trkpt>
      <trkpt lat="37.671264" lon="-119.657361">
        <ele>2249.4</ele>
        <time>2024-02-18T23:11:33Z</time>
      </trkpt>
      <trkpt lat="37.67123" lon="-119.657449">
        <ele>2248.8</ele>
        <time>2024-02-18T23:11:37Z</time>
      </trkpt>
      <trkpt lat="37.671167" lon="-119.657512">
        <ele>2250.4</ele>
        <time>2024-02-18T23:11:44Z</time>
      </trkpt>
      <trkpt lat="37.67115" lon="-119.657565">
        <ele>2251.1</ele>
        <time>2024-02-18T23:11:47Z</time>
      </trkpt>
      <trkpt lat="37.670924" lon="-119.657763">
        <ele>2249.0</ele>
        <time>2024-02-18T23:12:01Z</time>
      </trkpt>
      <trkpt lat="37.670833" lon="-119.657811">
        <ele>2248.4</ele>
        <time>2024-02-18T23:12:06Z</time>
      </trkpt>
      <trkpt lat="37.670734" lon="-119.657932">
        <ele>2249.1</ele>
        <time>2024-02-18T23:12:13Z</time>
      </trkpt>
      <trkpt lat="37.670715" lon="-119.657977">
        <ele>2249.0</ele>
        <time>2024-02-18T23:12:15Z</time>
      </trkpt>
      <trkpt lat="37.6706" lon="-119.658055">
        <ele>2247.0</ele>
        <time>2024-02-18T23:12:23Z</time>
      </trkpt>
      <trkpt lat="37.670303" lon="-119.65822">
        <ele>2241.4</ele>
        <time>2024-02-18T23:12:44Z</time>
      </trkpt>
      <trkpt lat="37.670225" lon="-119.658272">
        <ele>2241.2</ele>
        <time>2024-02-18T23:12:48Z</time>
      </trkpt>
      <trkpt lat="37.670144" lon="-119.658368">
        <ele>2244.1</ele>
        <time>2024-02-18T23:12:54Z</time>
      </trkpt>
      <trkpt lat="37.670088" lon="-119.658449">
        <ele>2244.6</ele>
        <time>2024-02-18T23:12:58Z</time>
      </trkpt>
      <trkpt lat="37.670017" lon="-119.658504">
        <ele>2245.3</ele>
        <time>2024-02-18T23:13:02Z</time>
      </trkpt>
      <trkpt lat="37.669962" lon="-119.65858">
        <ele>2245.0</ele>
        <time>2024-02-18T23:13:06Z</time>
      </trkpt>
      <trkpt lat="37.669937" lon="-119.658592">
        <ele>2244.5</ele>
        <time>2024-02-18T23:13:08Z</time>
      </trkpt>
      <trkpt lat="37.669922" lon="-119.658573">
        <ele>2240.8</ele>
        <time>2024-02-18T23:13:23Z</time>
      </trkpt>
      <trkpt lat="37.669839" lon="-119.658671">
        <ele>2241.2</ele>
        <time>2024-02-18T23:13:39Z</time>
      </trkpt>
      <trkpt lat="37.669672" lon="-119.658822">
        <ele>2241.6</ele>
        <time>2024-02-18T23:13:52Z</time>
      </trkpt>
      <trkpt lat="37.66964" lon="-119.658877">
        <ele>2242.8</ele>
        <time>2024-02-18T23:13:55Z</time>
      </trkpt>
      <trkpt lat="37.669569" lon="-119.658953">
        <ele>2243.1</ele>
        <time>2024-02-18T23:14:00Z</time>
      </trkpt>
      <trkpt lat="37.669451" lon="-119.659072">
        <ele>2242.2</ele>
        <time>2024-02-18T23:14:09Z</time>
      </trkpt>
      <trkpt lat="37.669443" lon="-119.659087">
        <ele>2242.2</ele>
        <time>2024-02-18T23:14:10Z</time>
      </trkpt>
      <trkpt lat="37.669278" lon="-119.659296">
        <ele>2240.1</ele>
        <time>2024-02-18T23:14:24Z</time>
      </trkpt>
      <trkpt lat="37.669271" lon="-119.659328">
        <ele>2240.2</ele>
        <time>2024-02-18T23:14:30Z</time>
      </trkpt>
      <trkpt lat="37.66918" lon="-119.659453">
        <ele>2239.8</ele>
        <time>2024-02-18T23:14:44Z</time>
      </trkpt>
      <trkpt lat="37.669115" lon="-119.659513">
        <ele>2239.9</ele>
        <time>2024-02-18T23:14:48Z</time>
      </trkpt>
      <trkpt lat="37.668991" lon="-119.65966">
        <ele>2237.4</ele>
        <time>2024-02-18T23:14:57Z</time>
      </trkpt>
      <trkpt lat="37.668903" lon="-119.659759">
        <ele>2236.9</ele>
        <time>2024-02-18T23:15:03Z</time>
      </trkpt>
      <trkpt lat="37.668845" lon="-119.659848">
        <ele>2235.8</ele>
        <time>2024-02-18T23:15:08Z</time>
      </trkpt>
      <trkpt lat="37.668748" lon="-119.660023">
        <ele>2236.4</ele>
        <time>2024-02-18T23:15:17Z</time>
      </trkpt>
      <trkpt lat="37.668666" lon="-119.660127">
        <ele>2236.0</ele>
        <time>2024-02-18T23:15:24Z</time>
      </trkpt>
      <trkpt lat="37.668597" lon="-119.660272">
        <ele>2235.8</ele>
        <time>2024-02-18T23:15:31Z</time>
      </trkpt>
      <trkpt lat="37.668553" lon="-119.660319">
        <ele>2234.1</ele>
        <time>2024-02-18T23:15:35Z</time>
      </trkpt>
      <trkpt lat="37.668521" lon="-119.660373">
        <ele>2233.7</ele>
        <time>2024-02-18T23:15:38Z</time>
      </trkpt>
      <trkpt lat="37.668492" lon="-119.660473">
        <ele>2234.2</ele>
        <time>2024-02-18T23:15:42Z</time>
      </trkpt>
      <trkpt lat="37.668426" lon="-119.660619">
        <ele>2234.0</ele>
        <time>2024-02-18T23:15:48Z</time>
      </trkpt>
      <trkpt lat="37.668348" lon="-119.660813">
        <ele>2233.0</ele>
        <time>2024-02-18T23:15:58Z</time>
      </trkpt>
      <trkpt lat="37.668278" lon="-119.660966">
        <ele>2233.0</ele>
        <time>2024-02-18T23:16:06Z</time>
      </trkpt>
      <trkpt lat="37.668256" lon="-119.661077">
        <ele>2234.2</ele>
        <time>2024-02-18T23:16:11Z</time>
      </trkpt>
      <trkpt lat="37.668245" lon="-119.661094">
        <ele>2233.6</ele>
        <time>2024-02-18T23:16:12Z</time>
      </trkpt>
      <trkpt lat="37.668203" lon="-119.661239">
        <ele>2232.9</ele>
        <time>2024-02-18T23:16:17Z</time>
      </trkpt>
      <trkpt lat="37.668124" lon="-119.661424">
        <ele>2229.9</ele>
        <time>2024-02-18T23:16:25Z</time>
      </trkpt>
      <trkpt lat="37.668087" lon="-119.661485">
        <ele>2227.6</ele>
        <time>2024-02-18T23:16:28Z</time>
      </trkpt>
      <trkpt lat="37.668072" lon="-119.661547">
        <ele>2227.9</ele>
        <time>2024-02-18T23:16:31Z</time>
      </trkpt>
      <trkpt lat="37.667952" lon="-119.661661">
        <ele>2221.9</ele>
        <time>2024-02-18T23:16:40Z</time>
      </trkpt>
      <trkpt lat="37.667942" lon="-119.661713">
        <ele>2223.6</ele>
        <time>2024-02-18T23:16:42Z</time>
      </trkpt>
      <trkpt lat="37.667911" lon="-119.661814">
        <ele>2224.4</ele>
        <time>2024-02-18T23:16:47Z</time>
      </trkpt>
      <trkpt lat="37.667846" lon="-119.661955">
        <ele>2221.6</ele>
        <time>2024-02-18T23:16:53Z</time>
      </trkpt>
      <trkpt lat="37.667786" lon="-119.662111">
        <ele>2219.3</ele>
        <time>2024-02-18T23:17:00Z</time>
      </trkpt>
      <trkpt lat="37.667707" lon="-119.66244">
        <ele>2221.8</ele>
        <time>2024-02-18T23:17:13Z</time>
      </trkpt>
      <trkpt lat="37.667693" lon="-119.662487">
        <ele>2221.7</ele>
        <time>2024-02-18T23:17:15Z</time>
      </trkpt>
      <trkpt lat="37.667631" lon="-119.662524">
        <ele>2218.7</ele>
        <time>2024-02-18T23:17:22Z</time>
      </trkpt>
      <trkpt lat="37.667609" lon="-119.662515">
        <ele>2218.2</ele>
        <time>2024-02-18T23:17:27Z</time>
      </trkpt>
      <trkpt lat="37.667569" lon="-119.662571">
        <ele>2216.4</ele>
        <time>2024-02-18T23:17:32Z</time>
      </trkpt>
      <trkpt lat="37.667493" lon="-119.662794">
        <ele>2216.1</ele>
        <time>2024-02-18T23:17:42Z</time>
      </trkpt>
      <trkpt lat="37.667413" lon="-119.663003">
        <ele>2216.1</ele>
        <time>2024-02-18T23:17:52Z</time>
      </trkpt>
      <trkpt lat="37.667368" lon="-119.663175">
        <ele>2217.6</ele>
        <time>2024-02-18T23:17:59Z</time>
      </trkpt>
      <trkpt lat="37.667267" lon="-119.663358">
        <ele>2217.5</ele>
        <time>2024-02-18T23:18:08Z</time>
      </trkpt>
      <trkpt lat="37.667229" lon="-119.663386">
        <ele>2217.5</ele>
        <time>2024-02-18T23:18:10Z</time>
      </trkpt>
      <trkpt lat="37.667129" lon="-119.663516">
        <ele>2217.7</ele>
        <time>2024-02-18T23:18:17Z</time>
      </trkpt>
      <trkpt lat="37.667107" lon="-119.663561">
        <ele>2218.9</ele>
        <time>2024-02-18T23:18:19Z</time>
      </trkpt>
      <trkpt lat="37.667002" lon="-119.663646">
        <ele>2216.8</ele>
        <time>2024-02-18T23:18:26Z</time>
      </trkpt>
      <trkpt lat="37.666915" lon="-119.663798">
        <ele>2217.0</ele>
        <time>2024-02-18T23:18:33Z</time>
      </trkpt>
      <trkpt lat="37.666854" lon="-119.663869">
        <ele>2216.3</ele>
        <time>2024-02-18T23:18:37Z</time>
      </trkpt>
      <trkpt lat="37.666731" lon="-119.66395">
        <ele>2214.8</ele>
        <time>2024-02-18T23:18:46Z</time>
      </trkpt>
      <trkpt lat="37.666679" lon="-119.664018">
        <ele>2215.8</ele>
        <time>2024-02-18T23:18:51Z</time>
      </trkpt>
      <trkpt lat="37.666595" lon="-119.664081">
        <ele>2214.3</ele>
        <time>2024-02-18T23:18:58Z</time>
      </trkpt>
      <trkpt lat="37.666518" lon="-119.664122">
        <ele>2214.0</ele>
        <time>2024-02-18T23:19:04Z</time>
      </trkpt>
      <trkpt lat="37.666436" lon="-119.664187">
        <ele>2215.1</ele>
        <time>2024-02-18T23:19:10Z</time>
      </trkpt>
      <trkpt lat="37.666354" lon="-119.664197">
        <ele>2210.3</ele>
        <time>2024-02-18T23:19:16Z</time>
      </trkpt>
      <trkpt lat="37.666264" lon="-119.664236">
        <ele>2209.8</ele>
        <time>2024-02-18T23:19:22Z</time>
      </trkpt>
      <trkpt lat="37.666196" lon="-119.664242">
        <ele>2208.9</ele>
        <time>2024-02-18T23:19:27Z</time>
      </trkpt>
      <trkpt lat="37.666092" lon="-119.664281">
        <ele>2207.9</ele>
        <time>2024-02-18T23:19:33Z</time>
      </trkpt>
      <trkpt lat="37.666033" lon="-119.664276">
        <ele>2206.0</ele>
        <time>2024-02-18T23:19:38Z</time>
      </trkpt>
      <trkpt lat="37.665902" lon="-119.664182">
        <ele>2204.4</ele>
        <time>2024-02-18T23:19:58Z</time>
      </trkpt>
      <trkpt lat="37.665863" lon="-119.664181">
        <ele>2203.9</ele>
        <time>2024-02-18T23:20:01Z</time>
      </trkpt>
      <trkpt lat="37.665803" lon="-119.664159">
        <ele>2203.9</ele>
        <time>2024-02-18T23:20:09Z</time>
      </trkpt>
      <trkpt lat="37.665775" lon="-119.664138">
        <ele>2203.8</ele>
        <time>2024-02-18T23:20:13Z</time>
      </trkpt>
      <trkpt lat="37.665662" lon="-119.664176">
        <ele>2204.0</ele>
        <time>2024-02-18T23:20:27Z</time>
      </trkpt>
      <trkpt lat="37.665634" lon="-119.664162">
        <ele>2203.4</ele>
        <time>2024-02-18T23:20:29Z</time>
      </trkpt>
      <trkpt lat="37.665583" lon="-119.66417">
        <ele>2202.7</ele>
        <time>2024-02-18T23:20:32Z</time>
      </trkpt>
      <trkpt lat="37.665577" lon="-119.664182">
        <ele>2203.0</ele>
        <time>2024-02-18T23:20:33Z</time>
      </trkpt>
      <trkpt lat="37.665532" lon="-119.664168">
        <ele>2206.2</ele>
        <time>2024-02-18T23:20:40Z</time>
      </trkpt>
      <trkpt lat="37.665449" lon="-119.664104">
        <ele>2206.6</ele>
        <time>2024-02-18T23:20:49Z</time>
      </trkpt>
      <trkpt lat="37.665409" lon="-119.664047">
        <ele>2205.1</ele>
        <time>2024-02-18T23:20:53Z</time>
      </trkpt>
      <trkpt lat="37.665398" lon="-119.664013">
        <ele>2205.1</ele>
        <time>2024-02-18T23:20:55Z</time>
      </trkpt>
      <trkpt lat="37.665369" lon="-119.663986">
        <ele>2203.7</ele>
        <time>2024-02-18T23:20:57Z</time>
      </trkpt>
      <trkpt lat="37.665326" lon="-119.663883">
        <ele>2205.8</ele>
        <time>2024-02-18T23:21:10Z</time>
      </trkpt>
      <trkpt lat="37.665306" lon="-119.663869">
        <ele>2208.1</ele>
        <time>2024-02-18T23:21:18Z</time>
      </trkpt>
      <trkpt lat="37.665255" lon="-119.663901">
        <ele>2206.4</ele>
        <time>2024-02-18T23:21:26Z</time>
      </trkpt>
      <trkpt lat="37.665224" lon="-119.663901">
        <ele>2206.0</ele>
        <time>2024-02-18T23:21:29Z</time>
      </trkpt>
      <trkpt lat="37.665169" lon="-119.663839">
        <ele>2205.2</ele>
        <time>2024-02-18T23:21:36Z</time>
      </trkpt>
      <trkpt lat="37.665114" lon="-119.663714">
        <ele>2202.0</ele>
        <time>2024-02-18T23:21:44Z</time>
      </trkpt>
      <trkpt lat="37.665077" lon="-119.663649">
        <ele>2200.7</ele>
        <time>2024-02-18T23:21:49Z</time>
      </trkpt>
      <trkpt lat="37.665054" lon="-119.663631">
        <ele>2199.3</ele>
        <time>2024-02-18T23:21:51Z</time>
      </trkpt>
      <trkpt lat="37.665032" lon="-119.663578">
        <ele>2201.4</ele>
        <time>2024-02-18T23:21:55Z</time>
      </trkpt>
      <trkpt lat="37.664981" lon="-119.663535">
        <ele>2200.6</ele>
        <time>2024-02-18T23:22:00Z</time>
      </trkpt>
      <trkpt lat="37.664931" lon="-119.663519">
        <ele>2201.5</ele>
        <time>2024-02-18T23:22:07Z</time>
      </trkpt>
      <trkpt lat="37.664817" lon="-119.663445">
        <ele>2206.4</ele>
        <time>2024-02-18T23:22:44Z</time>
      </trkpt>
      <trkpt lat="37.664777" lon="-119.663441">
        <ele>2206.5</ele>
        <time>2024-02-18T23:22:49Z</time>
      </trkpt>
      <trkpt lat="37.664674" lon="-119.663464">
        <ele>2206.6</ele>
        <time>2024-02-18T23:23:00Z</time>
      </trkpt>
      <trkpt lat="37.664613" lon="-119.663508">
        <ele>2206.7</ele>
        <time>2024-02-18T23:23:05Z</time>
      </trkpt>
      <trkpt lat="37.664574" lon="-119.663572">
        <ele>2207.7</ele>
        <time>2024-02-18T23:23:09Z</time>
      </trkpt>
      <trkpt lat="37.664528" lon="-119.663623">
        <ele>2208.6</ele>
        <time>2024-02-18T23:23:15Z</time>
      </trkpt>
      <trkpt lat="37.664391" lon="-119.66373">
        <ele>2210.6</ele>
        <time>2024-02-18T23:23:28Z</time>
      </trkpt>
      <trkpt lat="37.664352" lon="-119.663724">
        <ele>2210.4</ele>
        <time>2024-02-18T23:23:31Z</time>
      </trkpt>
      <trkpt lat="37.664327" lon="-119.663746">
        <ele>2206.3</ele>
        <time>2024-02-18T23:23:41Z</time>
      </trkpt>
      <trkpt lat="37.664258" lon="-119.663832">
        <ele>2206.4</ele>
        <time>2024-02-18T23:23:49Z</time>
      </trkpt>
      <trkpt lat="37.664221" lon="-119.66386">
        <ele>2206.8</ele>
        <time>2024-02-18T23:23:54Z</time>
      </trkpt>
      <trkpt lat="37.66423" lon="-119.663875">
        <ele>2208.4</ele>
        <time>2024-02-18T23:27:09Z</time>
      </trkpt>
    </trkseg>
  </trk>
</gpx>