<?xml version="1.0" encoding="UTF-8"?>
<gpx xmlns="http://www.topografix.com/GPX/1/1" xmlns:adv="http://www.garmin.com/xmlschemas/AdventuresExtensions/v1" xmlns:ctx="http://www.garmin.com/xmlschemas/CreationTimeExtension/v1" xmlns:gpxacc="http://www.garmin.com/xmlschemas/AccelerationExtension/v1" xmlns:gpxpx="http://www.garmin.com/xmlschemas/PowerExtension/v1" xmlns:gpxtpx="http://www.garmin.com/xmlschemas/TrackPointExtension/v1" xmlns:gpxtrx="http://www.garmin.com/xmlschemas/GpxExtensions/v3" xmlns:gpxx="http://www.garmin.com/xmlschemas/GpxExtensions/v3" xmlns:prs="http://www.garmin.com/xmlschemas/PressureExtension/v1" xmlns:tmd="http://www.garmin.com/xmlschemas/TripMetaDataExtensions/v1" xmlns:trp="http://www.garmin.com/xmlschemas/TripExtensions/v1" xmlns:vidx1="http://www.garmin.com/xmlschemas/VideoExtension/v1" xmlns:vptm="http://www.garmin.com/xmlschemas/ViaPointTransportationModeExtensions/v1" xmlns:wptx1="http://www.garmin.com/xmlschemas/WaypointExtension/v1" xmlns:xsi="http://www.w3.org/2001/XMLSchema-instance" xsi:schemaLocation="http://www.topografix.com/GPX/1/1 http://www.topografix.com/GPX/1/1/gpx.xsd http://www.garmin.com/xmlschemas/WaypointExtension/v1 http://www8.garmin.com/xmlschemas/WaypointExtensionv1.xsd http://www.garmin.com/xmlschemas/TrackPointExtension/v1 http://www.garmin.com/xmlschemas/TrackPointExtensionv1.xsd http://www.garmin.com/xmlschemas/GpxExtensions/v3 http://www8.garmin.com/xmlschemas/GpxExtensionsv3.xsd http://www.garmin.com/xmlschemas/ActivityExtension/v1 http://www8.garmin.com/xmlschemas/ActivityExtensionv1.xsd http://www.garmin.com/xmlschemas/AdventuresExtensions/v1 http://www8.garmin.com/xmlschemas/AdventuresExtensionv1.xsd http://www.garmin.com/xmlschemas/PressureExtension/v1 http://www.garmin.com/xmlschemas/PressureExtensionv1.xsd http://www.garmin.com/xmlschemas/TripExtensions/v1 http://www.garmin.com/xmlschemas/TripExtensionsv1.xsd http://www.garmin.com/xmlschemas/TripMetaDataExtensions/v1 http://www.garmin.com/xmlschemas/TripMetaDataExtensionsv1.xsd http://www.garmin.com/xmlschemas/ViaPointTransportationModeExtensions/v1 http://www.garmin.com/xmlschemas/ViaPointTransportationModeExtensionsv1.xsd http://www.garmin.com/xmlschemas/CreationTimeExtension/v1 http://www.garmin.com/xmlschemas/CreationTimeExtensionsv1.xsd http://www.garmin.com/xmlschemas/AccelerationExtension/v1 http://www.garmin.com/xmlschemas/AccelerationExtensionv1.xsd http://www.garmin.com/xmlschemas/PowerExtension/v1 http://www.garmin.com/xmlschemas/PowerExtensionv1.xsd http://www.garmin.com/xmlschemas/VideoExtension/v1 http://www.garmin.com/xmlschemas/VideoExtensionv1.xsd" version="1.1" creator="Garmin Desktop App">
  <metadata>
    <link href="http://www.garmin.com">
      <text>Garmin International</text>
    </link>
    <time>2018-05-25T05:21:46Z</time>
    <bounds minlat="48.695988385006785" maxlat="48.77602256834507" minlon="-121.84269349090755" maxlon="-121.79359800182283" />
  </metadata>
  <trk>
    <name>Current Track: 14 APR 2018 22:35</name>
    <extensions>
      <gpxtrx:TrackExtension>
        <gpxtrx:DisplayColor>Red</gpxtrx:DisplayColor>
      </gpxtrx:TrackExtension>
    </extensions>
    <trkseg>
      <trkpt lat="48.69705129414797" lon="-121.79731026291847">
        <ele>944.15</ele>
        <time>2018-05-20T20:48:52Z</time>
      </trkpt>
      <trkpt lat="48.697092616930604" lon="-121.79764403030276">
        <ele>958.09</ele>
        <time>2018-05-20T20:49:07Z</time>
      </trkpt>
      <trkpt lat="48.69716285727918" lon="-121.7979388218373">
        <ele>965.78</ele>
        <time>2018-05-20T20:49:22Z</time>
      </trkpt>
      <trkpt lat="48.697218680754304" lon="-121.79814744740725">
        <ele>971.07</ele>
        <time>2018-05-20T20:49:32Z</time>
      </trkpt>
      <trkpt lat="48.69726486504078" lon="-121.7982533108443">
        <ele>972.51</ele>
        <time>2018-05-20T20:49:38Z</time>
      </trkpt>
      <trkpt lat="48.69733820669353" lon="-121.79852094501257">
        <ele>966.74</ele>
        <time>2018-05-20T20:49:53Z</time>
      </trkpt>
      <trkpt lat="48.697428815066814" lon="-121.79878564551473">
        <ele>970.59</ele>
        <time>2018-05-20T20:50:08Z</time>
      </trkpt>
      <trkpt lat="48.69749452918768" lon="-121.79900860413909">
        <ele>969.63</ele>
        <time>2018-05-20T20:50:21Z</time>
      </trkpt>
      <trkpt lat="48.69752671569586" lon="-121.7991085164249">
        <ele>969.63</ele>
        <time>2018-05-20T20:50:27Z</time>
      </trkpt>
      <trkpt lat="48.69763417169452" lon="-121.7993397731334">
        <ele>969.63</ele>
        <time>2018-05-20T20:50:42Z</time>
      </trkpt>
      <trkpt lat="48.697720589116216" lon="-121.79954814724624">
        <ele>969.63</ele>
        <time>2018-05-20T20:50:55Z</time>
      </trkpt>
      <trkpt lat="48.697814801707864" lon="-121.79976750165224">
        <ele>974.91</ele>
        <time>2018-05-20T20:51:08Z</time>
      </trkpt>
      <trkpt lat="48.697937931865454" lon="-121.79999431595206">
        <ele>978.76</ele>
        <time>2018-05-20T20:51:23Z</time>
      </trkpt>
      <trkpt lat="48.697948744520545" lon="-121.80000714026392">
        <ele>978.76</ele>
        <time>2018-05-20T20:51:24Z</time>
      </trkpt>
      <trkpt lat="48.698024014011025" lon="-121.80016329512">
        <ele>978.28</ele>
        <time>2018-05-20T20:51:34Z</time>
      </trkpt>
      <trkpt lat="48.69814898818731" lon="-121.80037619546056">
        <ele>979.72</ele>
        <time>2018-05-20T20:51:48Z</time>
      </trkpt>
      <trkpt lat="48.698334731161594" lon="-121.80073041468859">
        <ele>982.12</ele>
        <time>2018-05-20T20:52:11Z</time>
      </trkpt>
      <trkpt lat="48.69840631261468" lon="-121.8008834682405">
        <ele>979.24</ele>
        <time>2018-05-20T20:52:21Z</time>
      </trkpt>
      <trkpt lat="48.69847521185875" lon="-121.80105110630393">
        <ele>972.51</ele>
        <time>2018-05-20T20:52:32Z</time>
      </trkpt>
      <trkpt lat="48.69851720519364" lon="-121.80111447349191">
        <ele>972.51</ele>
        <time>2018-05-20T20:52:37Z</time>
      </trkpt>
      <trkpt lat="48.698670929297805" lon="-121.80128881707788">
        <ele>971.07</ele>
        <time>2018-05-20T20:52:52Z</time>
      </trkpt>
      <trkpt lat="48.698797915130854" lon="-121.80146659724414">
        <ele>969.15</ele>
        <time>2018-05-20T20:53:06Z</time>
      </trkpt>
      <trkpt lat="48.69883839972317" lon="-121.8015135359019">
        <ele>968.67</ele>
        <time>2018-05-20T20:53:10Z</time>
      </trkpt>
      <trkpt lat="48.69890478439629" lon="-121.80165502242744">
        <ele>969.15</ele>
        <time>2018-05-20T20:53:19Z</time>
      </trkpt>
      <trkpt lat="48.69902355596423" lon="-121.80185627192259">
        <ele>971.07</ele>
        <time>2018-05-20T20:53:33Z</time>
      </trkpt>
      <trkpt lat="48.6990353744477" lon="-121.80191377177835">
        <ele>971.55</ele>
        <time>2018-05-20T20:53:36Z</time>
      </trkpt>
      <trkpt lat="48.699133945629" lon="-121.80210244841874">
        <ele>971.07</ele>
        <time>2018-05-20T20:53:51Z</time>
      </trkpt>
      <trkpt lat="48.69914366863668" lon="-121.80213178507984">
        <ele>971.07</ele>
        <time>2018-05-20T20:53:53Z</time>
      </trkpt>
      <trkpt lat="48.69921156205237" lon="-121.80219649337232">
        <ele>972.51</ele>
        <time>2018-05-20T20:53:59Z</time>
      </trkpt>
      <trkpt lat="48.699322286993265" lon="-121.80235139094293">
        <ele>972.51</ele>
        <time>2018-05-20T20:54:11Z</time>
      </trkpt>
      <trkpt lat="48.69939177297056" lon="-121.80242246948183">
        <ele>972.99</ele>
        <time>2018-05-20T20:54:17Z</time>
      </trkpt>
      <trkpt lat="48.69944382458925" lon="-121.80248147808015">
        <ele>970.11</ele>
        <time>2018-05-20T20:54:22Z</time>
      </trkpt>
      <trkpt lat="48.69956242851913" lon="-121.80262640118599">
        <ele>967.22</ele>
        <time>2018-05-20T20:54:34Z</time>
      </trkpt>
      <trkpt lat="48.69967575185001" lon="-121.80273670703173">
        <ele>966.26</ele>
        <time>2018-05-20T20:54:45Z</time>
      </trkpt>
      <trkpt lat="48.699839198961854" lon="-121.80291038006544">
        <ele>967.7</ele>
        <time>2018-05-20T20:55:00Z</time>
      </trkpt>
      <trkpt lat="48.69996702298522" lon="-121.80305949412286">
        <ele>965.78</ele>
        <time>2018-05-20T20:55:15Z</time>
      </trkpt>
      <trkpt lat="48.70005612261593" lon="-121.80312939919531">
        <ele>963.86</ele>
        <time>2018-05-20T20:55:26Z</time>
      </trkpt>
      <trkpt lat="48.700120160356164" lon="-121.80322998203337">
        <ele>960.98</ele>
        <time>2018-05-20T20:55:36Z</time>
      </trkpt>
      <trkpt lat="48.70018679648638" lon="-121.80333098396659">
        <ele>958.57</ele>
        <time>2018-05-20T20:55:44Z</time>
      </trkpt>
      <trkpt lat="48.70031017810106" lon="-121.80355218239129">
        <ele>955.69</ele>
        <time>2018-05-20T20:55:59Z</time>
      </trkpt>
      <trkpt lat="48.70042618364096" lon="-121.80376742966473">
        <ele>961.46</ele>
        <time>2018-05-20T20:56:13Z</time>
      </trkpt>
      <trkpt lat="48.70052902959287" lon="-121.80398577824235">
        <ele>961.94</ele>
        <time>2018-05-20T20:56:29Z</time>
      </trkpt>
      <trkpt lat="48.7005328014493" lon="-121.80400254204869">
        <ele>962.42</ele>
        <time>2018-05-20T20:56:30Z</time>
      </trkpt>
      <trkpt lat="48.70058812201023" lon="-121.80409390479326">
        <ele>965.3</ele>
        <time>2018-05-20T20:56:41Z</time>
      </trkpt>
      <trkpt lat="48.700633300468326" lon="-121.80423748679459">
        <ele>966.74</ele>
        <time>2018-05-20T20:56:50Z</time>
      </trkpt>
      <trkpt lat="48.700663056224585" lon="-121.80438240990043">
        <ele>965.78</ele>
        <time>2018-05-20T20:56:57Z</time>
      </trkpt>
      <trkpt lat="48.700676802545786" lon="-121.80442465469241">
        <ele>964.34</ele>
        <time>2018-05-20T20:57:00Z</time>
      </trkpt>
      <trkpt lat="48.700679149478674" lon="-121.80445281788707">
        <ele>963.86</ele>
        <time>2018-05-20T20:57:02Z</time>
      </trkpt>
      <trkpt lat="48.70069222524762" lon="-121.80447092279792">
        <ele>962.9</ele>
        <time>2018-05-20T20:57:04Z</time>
      </trkpt>
      <trkpt lat="48.700726088136435" lon="-121.80470536462963">
        <ele>959.05</ele>
        <time>2018-05-20T20:57:25Z</time>
      </trkpt>
      <trkpt lat="48.700753916054964" lon="-121.80484869517386">
        <ele>955.21</ele>
        <time>2018-05-20T20:57:40Z</time>
      </trkpt>
      <trkpt lat="48.700801357626915" lon="-121.8049656227231">
        <ele>956.65</ele>
        <time>2018-05-20T20:57:53Z</time>
      </trkpt>
      <trkpt lat="48.70088417083025" lon="-121.80506595410407">
        <ele>957.61</ele>
        <time>2018-05-20T20:58:08Z</time>
      </trkpt>
      <trkpt lat="48.70096036233008" lon="-121.80518925189972">
        <ele>959.05</ele>
        <time>2018-05-20T20:58:21Z</time>
      </trkpt>
      <trkpt lat="48.70104543864727" lon="-121.8052682094276">
        <ele>960.01</ele>
        <time>2018-05-20T20:58:34Z</time>
      </trkpt>
      <trkpt lat="48.701127832755446" lon="-121.80531095713377">
        <ele>959.53</ele>
        <time>2018-05-20T20:58:46Z</time>
      </trkpt>
      <trkpt lat="48.7012202013284" lon="-121.80533333681524">
        <ele>958.09</ele>
        <time>2018-05-20T20:58:59Z</time>
      </trkpt>
      <trkpt lat="48.70131474919617" lon="-121.80536217056215">
        <ele>959.05</ele>
        <time>2018-05-20T20:59:13Z</time>
      </trkpt>
      <trkpt lat="48.70134685188532" lon="-121.80538572371006">
        <ele>960.01</ele>
        <time>2018-05-20T20:59:20Z</time>
      </trkpt>
      <trkpt lat="48.70143041945994" lon="-121.8054254539311">
        <ele>960.01</ele>
        <time>2018-05-20T20:59:32Z</time>
      </trkpt>
      <trkpt lat="48.70151901617646" lon="-121.8054889049381">
        <ele>961.46</ele>
        <time>2018-05-20T20:59:44Z</time>
      </trkpt>
      <trkpt lat="48.701610295102" lon="-121.80556626990438">
        <ele>961.46</ele>
        <time>2018-05-20T20:59:58Z</time>
      </trkpt>
      <trkpt lat="48.701676931232214" lon="-121.80565821938217">
        <ele>962.42</ele>
        <time>2018-05-20T21:00:11Z</time>
      </trkpt>
      <trkpt lat="48.70174113661051" lon="-121.80573550052941">
        <ele>964.82</ele>
        <time>2018-05-20T21:00:23Z</time>
      </trkpt>
      <trkpt lat="48.7018090300262" lon="-121.80580481886864">
        <ele>965.3</ele>
        <time>2018-05-20T21:00:35Z</time>
      </trkpt>
      <trkpt lat="48.70189259760082" lon="-121.80590431205928">
        <ele>966.26</ele>
        <time>2018-05-20T21:00:49Z</time>
      </trkpt>
      <trkpt lat="48.7019850499928" lon="-121.80599567480385">
        <ele>967.7</ele>
        <time>2018-05-20T21:01:04Z</time>
      </trkpt>
      <trkpt lat="48.70204171165824" lon="-121.80606256239116">
        <ele>968.67</ele>
        <time>2018-05-20T21:01:15Z</time>
      </trkpt>
      <trkpt lat="48.70212662033737" lon="-121.80613028816879">
        <ele>969.15</ele>
        <time>2018-05-20T21:01:28Z</time>
      </trkpt>
      <trkpt lat="48.702209098264575" lon="-121.80617881938815">
        <ele>970.11</ele>
        <time>2018-05-20T21:01:40Z</time>
      </trkpt>
      <trkpt lat="48.702313201501966" lon="-121.80626188404858">
        <ele>972.51</ele>
        <time>2018-05-20T21:01:55Z</time>
      </trkpt>
      <trkpt lat="48.7023579608649" lon="-121.80628401227295">
        <ele>972.99</ele>
        <time>2018-05-20T21:02:00Z</time>
      </trkpt>
      <trkpt lat="48.7024478148669" lon="-121.80635056458414">
        <ele>975.39</ele>
        <time>2018-05-20T21:02:12Z</time>
      </trkpt>
      <trkpt lat="48.70253523811698" lon="-121.8064249958843">
        <ele>976.84</ele>
        <time>2018-05-20T21:02:24Z</time>
      </trkpt>
      <trkpt lat="48.702695835381746" lon="-121.80650252848864">
        <ele>978.28</ele>
        <time>2018-05-20T21:02:43Z</time>
      </trkpt>
      <trkpt lat="48.702775463461876" lon="-121.80657754652202">
        <ele>980.2</ele>
        <time>2018-05-20T21:02:54Z</time>
      </trkpt>
      <trkpt lat="48.70285827666521" lon="-121.80672163143754">
        <ele>979.24</ele>
        <time>2018-05-20T21:03:08Z</time>
      </trkpt>
      <trkpt lat="48.702933294698596" lon="-121.8068256508559">
        <ele>981.16</ele>
        <time>2018-05-20T21:03:22Z</time>
      </trkpt>
      <trkpt lat="48.70299842208624" lon="-121.80696688592434">
        <ele>982.12</ele>
        <time>2018-05-20T21:03:36Z</time>
      </trkpt>
      <trkpt lat="48.70306681841612" lon="-121.80706470273435">
        <ele>982.12</ele>
        <time>2018-05-20T21:03:47Z</time>
      </trkpt>
      <trkpt lat="48.703142423182726" lon="-121.80711759254336">
        <ele>983.57</ele>
        <time>2018-05-20T21:03:59Z</time>
      </trkpt>
      <trkpt lat="48.70319883339107" lon="-121.80714449845254">
        <ele>984.53</ele>
        <time>2018-05-20T21:04:07Z</time>
      </trkpt>
      <trkpt lat="48.703323137015104" lon="-121.80717458948493">
        <ele>985.97</ele>
        <time>2018-05-20T21:04:21Z</time>
      </trkpt>
      <trkpt lat="48.70350502431393" lon="-121.80712119676173">
        <ele>985.97</ele>
        <time>2018-05-20T21:04:47Z</time>
      </trkpt>
      <trkpt lat="48.703528996557" lon="-121.80712723173201">
        <ele>985.97</ele>
        <time>2018-05-20T21:04:49Z</time>
      </trkpt>
      <trkpt lat="48.703619269654155" lon="-121.80713980458677">
        <ele>987.89</ele>
        <time>2018-05-20T21:05:02Z</time>
      </trkpt>
      <trkpt lat="48.70369529351592" lon="-121.80716084316373">
        <ele>988.85</ele>
        <time>2018-05-20T21:05:10Z</time>
      </trkpt>
      <trkpt lat="48.70376913808286" lon="-121.8071607593447">
        <ele>987.89</ele>
        <time>2018-05-20T21:05:22Z</time>
      </trkpt>
      <trkpt lat="48.70389117859304" lon="-121.80723954923451">
        <ele>988.37</ele>
        <time>2018-05-20T21:05:35Z</time>
      </trkpt>
      <trkpt lat="48.70398220606148" lon="-121.80725958198309">
        <ele>989.81</ele>
        <time>2018-05-20T21:05:46Z</time>
      </trkpt>
      <trkpt lat="48.70408773422241" lon="-121.80727089755237">
        <ele>986.93</ele>
        <time>2018-05-20T21:06:00Z</time>
      </trkpt>
      <trkpt lat="48.70419661514461" lon="-121.8073195964098">
        <ele>987.41</ele>
        <time>2018-05-20T21:06:12Z</time>
      </trkpt>
      <trkpt lat="48.704276494681835" lon="-121.80734172463417">
        <ele>990.3</ele>
        <time>2018-05-20T21:06:21Z</time>
      </trkpt>
      <trkpt lat="48.704375652596354" lon="-121.80740282870829">
        <ele>991.26</ele>
        <time>2018-05-20T21:06:34Z</time>
      </trkpt>
      <trkpt lat="48.70440239086747" lon="-121.80742168799043">
        <ele>992.7</ele>
        <time>2018-05-20T21:06:38Z</time>
      </trkpt>
      <trkpt lat="48.70450842194259" lon="-121.80752302519977">
        <ele>994.62</ele>
        <time>2018-05-20T21:06:52Z</time>
      </trkpt>
      <trkpt lat="48.70463004335761" lon="-121.80764967575669">
        <ele>996.54</ele>
        <time>2018-05-20T21:07:05Z</time>
      </trkpt>
      <trkpt lat="48.704716293141246" lon="-121.80776190944016">
        <ele>997.99</ele>
        <time>2018-05-20T21:07:17Z</time>
      </trkpt>
      <trkpt lat="48.70479223318398" lon="-121.80787422694266">
        <ele>998.95</ele>
        <time>2018-05-20T21:07:27Z</time>
      </trkpt>
      <trkpt lat="48.70493405498564" lon="-121.80798805318773">
        <ele>998.47</ele>
        <time>2018-05-20T21:07:42Z</time>
      </trkpt>
      <trkpt lat="48.705047043040395" lon="-121.80808570235968">
        <ele>999.43</ele>
        <time>2018-05-20T21:07:57Z</time>
      </trkpt>
      <trkpt lat="48.70518718846142" lon="-121.80819550529122">
        <ele>1000.87</ele>
        <time>2018-05-20T21:08:17Z</time>
      </trkpt>
      <trkpt lat="48.70522222481668" lon="-121.80821377784014">
        <ele>1000.87</ele>
        <time>2018-05-20T21:08:20Z</time>
      </trkpt>
      <trkpt lat="48.70525499805808" lon="-121.80825124494731">
        <ele>1000.39</ele>
        <time>2018-05-20T21:08:23Z</time>
      </trkpt>
      <trkpt lat="48.70536739937961" lon="-121.80833280086517">
        <ele>1000.39</ele>
        <time>2018-05-20T21:08:37Z</time>
      </trkpt>
      <trkpt lat="48.7053972389549" lon="-121.80838099680841">
        <ele>1001.35</ele>
        <time>2018-05-20T21:08:43Z</time>
      </trkpt>
      <trkpt lat="48.70547720231116" lon="-121.8085424322635">
        <ele>1000.39</ele>
        <time>2018-05-20T21:08:57Z</time>
      </trkpt>
      <trkpt lat="48.705576779320836" lon="-121.8088093958795">
        <ele>1002.31</ele>
        <time>2018-05-20T21:09:19Z</time>
      </trkpt>
      <trkpt lat="48.70564970187843" lon="-121.80894241668284">
        <ele>1000.87</ele>
        <time>2018-05-20T21:09:30Z</time>
      </trkpt>
      <trkpt lat="48.7057201936841" lon="-121.80905892513692">
        <ele>999.91</ele>
        <time>2018-05-20T21:09:41Z</time>
      </trkpt>
      <trkpt lat="48.70575447566807" lon="-121.80906588211656">
        <ele>1000.39</ele>
        <time>2018-05-20T21:09:52Z</time>
      </trkpt>
      <trkpt lat="48.705818094313145" lon="-121.80916663259268">
        <ele>1000.39</ele>
        <time>2018-05-20T21:10:25Z</time>
      </trkpt>
      <trkpt lat="48.70592244900763" lon="-121.80932848714292">
        <ele>1002.31</ele>
        <time>2018-05-20T21:10:40Z</time>
      </trkpt>
      <trkpt lat="48.70600610040128" lon="-121.80945304222405">
        <ele>1003.27</ele>
        <time>2018-05-20T21:10:54Z</time>
      </trkpt>
      <trkpt lat="48.70609989389777" lon="-121.80959704332054">
        <ele>1005.68</ele>
        <time>2018-05-20T21:11:08Z</time>
      </trkpt>
      <trkpt lat="48.70617893524468" lon="-121.80979368276894">
        <ele>1004.23</ele>
        <time>2018-05-20T21:11:26Z</time>
      </trkpt>
      <trkpt lat="48.70620232075453" lon="-121.80981949903071">
        <ele>1004.72</ele>
        <time>2018-05-20T21:11:38Z</time>
      </trkpt>
      <trkpt lat="48.70630164630711" lon="-121.8098921701312">
        <ele>1006.16</ele>
        <time>2018-05-20T21:11:50Z</time>
      </trkpt>
      <trkpt lat="48.70638127438724" lon="-121.81001152843237">
        <ele>1006.64</ele>
        <time>2018-05-20T21:12:02Z</time>
      </trkpt>
      <trkpt lat="48.706432739272714" lon="-121.810124181211">
        <ele>1007.12</ele>
        <time>2018-05-20T21:12:11Z</time>
      </trkpt>
      <trkpt lat="48.706443132832646" lon="-121.8103017937392">
        <ele>1006.16</ele>
        <time>2018-05-20T21:12:25Z</time>
      </trkpt>
      <trkpt lat="48.70647850446403" lon="-121.81046029552817">
        <ele>1005.68</ele>
        <time>2018-05-20T21:12:37Z</time>
      </trkpt>
      <trkpt lat="48.70655712671578" lon="-121.81062919087708">
        <ele>1008.08</ele>
        <time>2018-05-20T21:12:51Z</time>
      </trkpt>
      <trkpt lat="48.70658612810075" lon="-121.8107767123729">
        <ele>1008.08</ele>
        <time>2018-05-20T21:13:03Z</time>
      </trkpt>
      <trkpt lat="48.70659819804132" lon="-121.81081543676555">
        <ele>1008.56</ele>
        <time>2018-05-20T21:13:06Z</time>
      </trkpt>
      <trkpt lat="48.706660978496075" lon="-121.8110803887248">
        <ele>1007.6</ele>
        <time>2018-05-20T21:13:25Z</time>
      </trkpt>
      <trkpt lat="48.70669383555651" lon="-121.81127761490643">
        <ele>1007.12</ele>
        <time>2018-05-20T21:13:39Z</time>
      </trkpt>
      <trkpt lat="48.706707414239645" lon="-121.81144885718822">
        <ele>1007.12</ele>
        <time>2018-05-20T21:13:51Z</time>
      </trkpt>
      <trkpt lat="48.70670976117253" lon="-121.81159822270274">
        <ele>1007.12</ele>
        <time>2018-05-20T21:14:02Z</time>
      </trkpt>
      <trkpt lat="48.70671696960926" lon="-121.81177918799222">
        <ele>1007.12</ele>
        <time>2018-05-20T21:14:15Z</time>
      </trkpt>
      <trkpt lat="48.70673909783363" lon="-121.81189527735114">
        <ele>1006.64</ele>
        <time>2018-05-20T21:14:24Z</time>
      </trkpt>
      <trkpt lat="48.70676633901894" lon="-121.81207247078419">
        <ele>1009.52</ele>
        <time>2018-05-20T21:14:38Z</time>
      </trkpt>
      <trkpt lat="48.70682928711176" lon="-121.81224790401757">
        <ele>1011.44</ele>
        <time>2018-05-20T21:14:53Z</time>
      </trkpt>
      <trkpt lat="48.706817300990224" lon="-121.81225754320621">
        <ele>1017.69</ele>
        <time>2018-05-20T21:25:19Z</time>
      </trkpt>
      <trkpt lat="48.70679173618555" lon="-121.81231663562357">
        <ele>1023.46</ele>
        <time>2018-05-20T21:30:44Z</time>
      </trkpt>
      <trkpt lat="48.70684588328004" lon="-121.81238327175379">
        <ele>1021.54</ele>
        <time>2018-05-20T21:30:54Z</time>
      </trkpt>
      <trkpt lat="48.706912603229284" lon="-121.8125241715461">
        <ele>1018.65</ele>
        <time>2018-05-20T21:31:08Z</time>
      </trkpt>
      <trkpt lat="48.70695250108838" lon="-121.81265425868332">
        <ele>1015.77</ele>
        <time>2018-05-20T21:31:23Z</time>
      </trkpt>
      <trkpt lat="48.706990806385875" lon="-121.81279591284692">
        <ele>1015.29</ele>
        <time>2018-05-20T21:31:38Z</time>
      </trkpt>
      <trkpt lat="48.707004552707076" lon="-121.81293061003089">
        <ele>1014.81</ele>
        <time>2018-05-20T21:31:51Z</time>
      </trkpt>
      <trkpt lat="48.70701653882861" lon="-121.81309975683689">
        <ele>1016.25</ele>
        <time>2018-05-20T21:32:05Z</time>
      </trkpt>
      <trkpt lat="48.707015700638294" lon="-121.8133981525898">
        <ele>1016.25</ele>
        <time>2018-05-20T21:32:28Z</time>
      </trkpt>
      <trkpt lat="48.707046965137124" lon="-121.81353620253503">
        <ele>1017.21</ele>
        <time>2018-05-20T21:32:40Z</time>
      </trkpt>
      <trkpt lat="48.70705953799188" lon="-121.81368171237409">
        <ele>1018.17</ele>
        <time>2018-05-20T21:32:53Z</time>
      </trkpt>
      <trkpt lat="48.70703598484397" lon="-121.813810961321">
        <ele>1020.58</ele>
        <time>2018-05-20T21:33:05Z</time>
      </trkpt>
      <trkpt lat="48.7070257589221" lon="-121.81384339928627">
        <ele>1022.02</ele>
        <time>2018-05-20T21:33:08Z</time>
      </trkpt>
      <trkpt lat="48.70700773783028" lon="-121.81397449225187">
        <ele>1023.94</ele>
        <time>2018-05-20T21:33:22Z</time>
      </trkpt>
      <trkpt lat="48.707012766972184" lon="-121.81399217806756">
        <ele>1021.54</ele>
        <time>2018-05-20T21:33:36Z</time>
      </trkpt>
      <trkpt lat="48.70705367065966" lon="-121.81399854831398">
        <ele>1020.58</ele>
        <time>2018-05-20T21:34:03Z</time>
      </trkpt>
      <trkpt lat="48.70702031068504" lon="-121.81397541426122">
        <ele>1022.98</ele>
        <time>2018-05-20T21:34:25Z</time>
      </trkpt>
      <trkpt lat="48.70700966566801" lon="-121.81395940482616">
        <ele>1025.86</ele>
        <time>2018-05-20T21:35:11Z</time>
      </trkpt>
      <trkpt lat="48.707016203552485" lon="-121.81401011534035">
        <ele>1026.34</ele>
        <time>2018-05-20T21:35:26Z</time>
      </trkpt>
      <trkpt lat="48.707015784457326" lon="-121.81418831460178">
        <ele>1022.98</ele>
        <time>2018-05-20T21:35:41Z</time>
      </trkpt>
      <trkpt lat="48.70707697235048" lon="-121.81433181278408">
        <ele>1023.46</ele>
        <time>2018-05-20T21:35:56Z</time>
      </trkpt>
      <trkpt lat="48.70722868479788" lon="-121.81438839063048">
        <ele>1030.19</ele>
        <time>2018-05-20T21:40:58Z</time>
      </trkpt>
      <trkpt lat="48.707189206033945" lon="-121.81440146639943">
        <ele>1029.23</ele>
        <time>2018-05-20T21:41:02Z</time>
      </trkpt>
      <trkpt lat="48.70714285410941" lon="-121.81439182721078">
        <ele>1029.23</ele>
        <time>2018-05-20T21:41:06Z</time>
      </trkpt>
      <trkpt lat="48.707076385617256" lon="-121.81431848555803">
        <ele>1026.83</ele>
        <time>2018-05-20T21:41:15Z</time>
      </trkpt>
      <trkpt lat="48.70701955631375" lon="-121.81414280086756">
        <ele>1024.42</ele>
        <time>2018-05-20T21:41:29Z</time>
      </trkpt>
      <trkpt lat="48.70699348859489" lon="-121.81403568014503">
        <ele>1022.98</ele>
        <time>2018-05-20T21:41:37Z</time>
      </trkpt>
      <trkpt lat="48.70700874365866" lon="-121.81394188664854">
        <ele>1022.02</ele>
        <time>2018-05-20T21:41:44Z</time>
      </trkpt>
      <trkpt lat="48.707061633467674" lon="-121.8138019926846">
        <ele>1022.02</ele>
        <time>2018-05-20T21:41:55Z</time>
      </trkpt>
      <trkpt lat="48.70708015747368" lon="-121.81371146813035">
        <ele>1020.58</ele>
        <time>2018-05-20T21:42:02Z</time>
      </trkpt>
      <trkpt lat="48.70704227127135" lon="-121.81353352032602">
        <ele>1020.1</ele>
        <time>2018-05-20T21:42:14Z</time>
      </trkpt>
      <trkpt lat="48.70700463652611" lon="-121.81330234743655">
        <ele>1019.62</ele>
        <time>2018-05-20T21:42:29Z</time>
      </trkpt>
      <trkpt lat="48.70700715109706" lon="-121.81324476376176">
        <ele>1018.65</ele>
        <time>2018-05-20T21:42:33Z</time>
      </trkpt>
      <trkpt lat="48.70699147693813" lon="-121.81310285814106">
        <ele>1017.21</ele>
        <time>2018-05-20T21:42:46Z</time>
      </trkpt>
      <trkpt lat="48.70691075921059" lon="-121.813086848706">
        <ele>1017.69</ele>
        <time>2018-05-20T21:42:55Z</time>
      </trkpt>
      <trkpt lat="48.70687999762595" lon="-121.81304703466594">
        <ele>1017.21</ele>
        <time>2018-05-20T21:42:59Z</time>
      </trkpt>
      <trkpt lat="48.706724094226956" lon="-121.81298911571503">
        <ele>1016.25</ele>
        <time>2018-05-20T21:43:14Z</time>
      </trkpt>
      <trkpt lat="48.70660800486803" lon="-121.81307134218514">
        <ele>1015.77</ele>
        <time>2018-05-20T21:43:28Z</time>
      </trkpt>
      <trkpt lat="48.70658000931144" lon="-121.81313185952604">
        <ele>1017.69</ele>
        <time>2018-05-20T21:43:32Z</time>
      </trkpt>
      <trkpt lat="48.706595012918115" lon="-121.81324652396142">
        <ele>1017.69</ele>
        <time>2018-05-20T21:43:38Z</time>
      </trkpt>
      <trkpt lat="48.706568274647" lon="-121.81338935159147">
        <ele>1020.1</ele>
        <time>2018-05-20T21:43:48Z</time>
      </trkpt>
      <trkpt lat="48.70654782280326" lon="-121.81342623196542">
        <ele>1020.58</ele>
        <time>2018-05-20T21:43:51Z</time>
      </trkpt>
      <trkpt lat="48.70650893077254" lon="-121.81344416923821">
        <ele>1020.1</ele>
        <time>2018-05-20T21:43:56Z</time>
      </trkpt>
      <trkpt lat="48.706462662667036" lon="-121.81351298466325">
        <ele>1019.62</ele>
        <time>2018-05-20T21:44:10Z</time>
      </trkpt>
      <trkpt lat="48.70641396380961" lon="-121.81357224471867">
        <ele>1018.17</ele>
        <time>2018-05-20T21:44:23Z</time>
      </trkpt>
      <trkpt lat="48.70640113949776" lon="-121.81358062662184">
        <ele>1015.29</ele>
        <time>2018-05-20T21:44:47Z</time>
      </trkpt>
      <trkpt lat="48.7063935957849" lon="-121.81360174901783">
        <ele>1015.29</ele>
        <time>2018-05-20T21:45:39Z</time>
      </trkpt>
      <trkpt lat="48.70634347200394" lon="-121.81359604932368">
        <ele>1016.73</ele>
        <time>2018-05-20T21:45:51Z</time>
      </trkpt>
      <trkpt lat="48.70622545480728" lon="-121.81360493414104">
        <ele>1019.62</ele>
        <time>2018-05-20T21:46:05Z</time>
      </trkpt>
      <trkpt lat="48.70620190165937" lon="-121.81368171237409">
        <ele>1021.54</ele>
        <time>2018-05-20T21:46:11Z</time>
      </trkpt>
      <trkpt lat="48.70619419030845" lon="-121.81382738985121">
        <ele>1024.42</ele>
        <time>2018-05-20T21:46:21Z</time>
      </trkpt>
      <trkpt lat="48.70621212758124" lon="-121.81404146365821">
        <ele>1023.94</ele>
        <time>2018-05-20T21:46:36Z</time>
      </trkpt>
      <trkpt lat="48.70620190165937" lon="-121.81416358798742">
        <ele>1025.86</ele>
        <time>2018-05-20T21:46:45Z</time>
      </trkpt>
      <trkpt lat="48.7061573099345" lon="-121.81432778947055">
        <ele>1029.23</ele>
        <time>2018-05-20T21:46:59Z</time>
      </trkpt>
      <trkpt lat="48.70608899742365" lon="-121.81445938535035">
        <ele>1030.67</ele>
        <time>2018-05-20T21:47:12Z</time>
      </trkpt>
      <trkpt lat="48.70604993775487" lon="-121.81451839394867">
        <ele>1030.67</ele>
        <time>2018-05-20T21:47:18Z</time>
      </trkpt>
      <trkpt lat="48.70603275485337" lon="-121.81455871090293">
        <ele>1030.67</ele>
        <time>2018-05-20T21:47:21Z</time>
      </trkpt>
      <trkpt lat="48.705972991883755" lon="-121.81467446498573">
        <ele>1030.19</ele>
        <time>2018-05-20T21:47:34Z</time>
      </trkpt>
      <trkpt lat="48.70590291917324" lon="-121.81480161845684">
        <ele>1030.67</ele>
        <time>2018-05-20T21:47:46Z</time>
      </trkpt>
      <trkpt lat="48.70588724501431" lon="-121.81486825458705">
        <ele>1031.15</ele>
        <time>2018-05-20T21:47:51Z</time>
      </trkpt>
      <trkpt lat="48.70583259500563" lon="-121.81506514549255">
        <ele>1030.19</ele>
        <time>2018-05-20T21:48:06Z</time>
      </trkpt>
      <trkpt lat="48.705812226980925" lon="-121.8152373097837">
        <ele>1031.15</ele>
        <time>2018-05-20T21:48:20Z</time>
      </trkpt>
      <trkpt lat="48.705789763480425" lon="-121.81539296172559">
        <ele>1032.11</ele>
        <time>2018-05-20T21:48:32Z</time>
      </trkpt>
      <trkpt lat="48.70576310902834" lon="-121.81554115377367">
        <ele>1032.11</ele>
        <time>2018-05-20T21:48:46Z</time>
      </trkpt>
      <trkpt lat="48.70572539046407" lon="-121.8155911937356">
        <ele>1031.63</ele>
        <time>2018-05-20T21:48:58Z</time>
      </trkpt>
      <trkpt lat="48.70571239851415" lon="-121.81562857702374">
        <ele>1031.63</ele>
        <time>2018-05-20T21:49:13Z</time>
      </trkpt>
      <trkpt lat="48.705668142065406" lon="-121.8157000746578">
        <ele>1032.11</ele>
        <time>2018-05-20T21:49:26Z</time>
      </trkpt>
      <trkpt lat="48.70564500801265" lon="-121.81575145572424">
        <ele>1031.15</ele>
        <time>2018-05-20T21:49:41Z</time>
      </trkpt>
      <trkpt lat="48.70560008101165" lon="-121.81586285121739">
        <ele>1033.55</ele>
        <time>2018-05-20T21:49:53Z</time>
      </trkpt>
      <trkpt lat="48.705544425174594" lon="-121.8159881606698">
        <ele>1034.52</ele>
        <time>2018-05-20T21:50:06Z</time>
      </trkpt>
      <trkpt lat="48.70549438521266" lon="-121.8161163199693">
        <ele>1035.96</ele>
        <time>2018-05-20T21:50:18Z</time>
      </trkpt>
      <trkpt lat="48.70547049678862" lon="-121.8162315711379">
        <ele>1038.84</ele>
        <time>2018-05-20T21:50:31Z</time>
      </trkpt>
      <trkpt lat="48.70547644793987" lon="-121.81640264578164">
        <ele>1038.36</ele>
        <time>2018-05-20T21:50:44Z</time>
      </trkpt>
      <trkpt lat="48.70542456395924" lon="-121.8165389355272">
        <ele>1039.8</ele>
        <time>2018-05-20T21:50:58Z</time>
      </trkpt>
      <trkpt lat="48.70538743212819" lon="-121.81661571376026">
        <ele>1040.28</ele>
        <time>2018-05-20T21:51:10Z</time>
      </trkpt>
      <trkpt lat="48.705352982506156" lon="-121.81676331907511">
        <ele>1042.21</ele>
        <time>2018-05-20T21:51:24Z</time>
      </trkpt>
      <trkpt lat="48.70531065389514" lon="-121.81689793244004">
        <ele>1043.65</ele>
        <time>2018-05-20T21:51:37Z</time>
      </trkpt>
      <trkpt lat="48.70526312850416" lon="-121.81701544672251">
        <ele>1043.65</ele>
        <time>2018-05-20T21:51:49Z</time>
      </trkpt>
      <trkpt lat="48.70525550097227" lon="-121.817024666816">
        <ele>1043.17</ele>
        <time>2018-05-20T21:51:50Z</time>
      </trkpt>
      <trkpt lat="48.70519774965942" lon="-121.81719901040196">
        <ele>1044.13</ele>
        <time>2018-05-20T21:52:06Z</time>
      </trkpt>
      <trkpt lat="48.705136477947235" lon="-121.81733060628176">
        <ele>1045.09</ele>
        <time>2018-05-20T21:52:19Z</time>
      </trkpt>
      <trkpt lat="48.7051073089242" lon="-121.81744745001197">
        <ele>1045.09</ele>
        <time>2018-05-20T21:52:31Z</time>
      </trkpt>
      <trkpt lat="48.70511803776026" lon="-121.81760335341096">
        <ele>1046.53</ele>
        <time>2018-05-20T21:52:45Z</time>
      </trkpt>
      <trkpt lat="48.70513019151986" lon="-121.81772707030177">
        <ele>1047.01</ele>
        <time>2018-05-20T21:52:57Z</time>
      </trkpt>
      <trkpt lat="48.7051607016474" lon="-121.81788716465235">
        <ele>1045.57</ele>
        <time>2018-05-20T21:53:12Z</time>
      </trkpt>
      <trkpt lat="48.70518366806209" lon="-121.8180569820106">
        <ele>1043.65</ele>
        <time>2018-05-20T21:53:25Z</time>
      </trkpt>
      <trkpt lat="48.70521493256092" lon="-121.81820936501026">
        <ele>1044.61</ele>
        <time>2018-05-20T21:53:38Z</time>
      </trkpt>
      <trkpt lat="48.7052592728287" lon="-121.81850248016417">
        <ele>1044.13</ele>
        <time>2018-05-20T21:54:07Z</time>
      </trkpt>
      <trkpt lat="48.705262960866094" lon="-121.8186772428453">
        <ele>1045.57</ele>
        <time>2018-05-20T21:54:21Z</time>
      </trkpt>
      <trkpt lat="48.70526572689414" lon="-121.81874656118453">
        <ele>1046.53</ele>
        <time>2018-05-20T21:54:26Z</time>
      </trkpt>
      <trkpt lat="48.70527561753988" lon="-121.81880230084062">
        <ele>1047.01</ele>
        <time>2018-05-20T21:54:30Z</time>
      </trkpt>
      <trkpt lat="48.70528634637594" lon="-121.81900095194578">
        <ele>1047.97</ele>
        <time>2018-05-20T21:54:45Z</time>
      </trkpt>
      <trkpt lat="48.70528785511851" lon="-121.81909960694611">
        <ele>1048.45</ele>
        <time>2018-05-20T21:54:55Z</time>
      </trkpt>
      <trkpt lat="48.705313839018345" lon="-121.81927830912173">
        <ele>1050.38</ele>
        <time>2018-05-20T21:55:11Z</time>
      </trkpt>
      <trkpt lat="48.70531492866576" lon="-121.81941158138216">
        <ele>1051.34</ele>
        <time>2018-05-20T21:55:22Z</time>
      </trkpt>
      <trkpt lat="48.7053316924721" lon="-121.81958299130201">
        <ele>1051.34</ele>
        <time>2018-05-20T21:55:37Z</time>
      </trkpt>
      <trkpt lat="48.705330435186625" lon="-121.81973210535944">
        <ele>1052.3</ele>
        <time>2018-05-20T21:55:50Z</time>
      </trkpt>
      <trkpt lat="48.70531509630382" lon="-121.81982950307429">
        <ele>1053.26</ele>
        <time>2018-05-20T21:55:58Z</time>
      </trkpt>
      <trkpt lat="48.70532716624439" lon="-121.8200531322509">
        <ele>1052.78</ele>
        <time>2018-05-20T21:56:14Z</time>
      </trkpt>
      <trkpt lat="48.705364214256406" lon="-121.82036058045924">
        <ele>1055.18</ele>
        <time>2018-05-20T21:56:39Z</time>
      </trkpt>
      <trkpt lat="48.705378295853734" lon="-121.82044037617743">
        <ele>1055.18</ele>
        <time>2018-05-20T21:56:46Z</time>
      </trkpt>
      <trkpt lat="48.705381648615" lon="-121.82052008807659">
        <ele>1054.22</ele>
        <time>2018-05-20T21:56:59Z</time>
      </trkpt>
      <trkpt lat="48.705408638343215" lon="-121.8206319026649">
        <ele>1054.22</ele>
        <time>2018-05-20T21:57:07Z</time>
      </trkpt>
      <trkpt lat="48.70540201663971" lon="-121.82078269310296">
        <ele>1054.7</ele>
        <time>2018-05-20T21:57:20Z</time>
      </trkpt>
      <trkpt lat="48.705348037183285" lon="-121.8209199886769">
        <ele>1056.15</ele>
        <time>2018-05-20T21:57:33Z</time>
      </trkpt>
      <trkpt lat="48.70528383180499" lon="-121.82101579383016">
        <ele>1056.15</ele>
        <time>2018-05-20T21:57:46Z</time>
      </trkpt>
      <trkpt lat="48.70528031140566" lon="-121.82100724428892">
        <ele>1057.59</ele>
        <time>2018-05-20T21:58:18Z</time>
      </trkpt>
      <trkpt lat="48.70521769858897" lon="-121.82110564783216">
        <ele>1058.55</ele>
        <time>2018-05-20T21:58:35Z</time>
      </trkpt>
      <trkpt lat="48.70518400333822" lon="-121.82135215960443">
        <ele>1058.07</ele>
        <time>2018-05-20T21:58:54Z</time>
      </trkpt>
      <trkpt lat="48.705170676112175" lon="-121.82152424007654">
        <ele>1059.99</ele>
        <time>2018-05-20T21:59:09Z</time>
      </trkpt>
      <trkpt lat="48.70518274605274" lon="-121.82170218788087">
        <ele>1058.07</ele>
        <time>2018-05-20T21:59:24Z</time>
      </trkpt>
      <trkpt lat="48.70521057397127" lon="-121.82189295999706">
        <ele>1059.03</ele>
        <time>2018-05-20T21:59:38Z</time>
      </trkpt>
      <trkpt lat="48.7052714265883" lon="-121.82206889614463">
        <ele>1059.03</ele>
        <time>2018-05-20T21:59:53Z</time>
      </trkpt>
      <trkpt lat="48.70533018372953" lon="-121.82224349118769">
        <ele>1057.11</ele>
        <time>2018-05-20T22:00:09Z</time>
      </trkpt>
      <trkpt lat="48.70538148097694" lon="-121.82240132242441">
        <ele>1056.15</ele>
        <time>2018-05-20T22:00:23Z</time>
      </trkpt>
      <trkpt lat="48.705433532595634" lon="-121.82254205457866">
        <ele>1056.15</ele>
        <time>2018-05-20T22:00:36Z</time>
      </trkpt>
      <trkpt lat="48.70547971688211" lon="-121.82270114310086">
        <ele>1057.11</ele>
        <time>2018-05-20T22:00:50Z</time>
      </trkpt>
      <trkpt lat="48.70553637854755" lon="-121.8228650931269">
        <ele>1057.59</ele>
        <time>2018-05-20T22:01:04Z</time>
      </trkpt>
      <trkpt lat="48.70564157143235" lon="-121.82308344170451">
        <ele>1059.99</ele>
        <time>2018-05-20T22:01:24Z</time>
      </trkpt>
      <trkpt lat="48.70570653118193" lon="-121.82321193628013">
        <ele>1059.99</ele>
        <time>2018-05-20T22:01:37Z</time>
      </trkpt>
      <trkpt lat="48.70578498579562" lon="-121.82336331345141">
        <ele>1060.95</ele>
        <time>2018-05-20T22:01:52Z</time>
      </trkpt>
      <trkpt lat="48.70586318895221" lon="-121.82348703034222">
        <ele>1060.95</ele>
        <time>2018-05-20T22:02:05Z</time>
      </trkpt>
      <trkpt lat="48.705935440957546" lon="-121.8235503975302">
        <ele>1061.91</ele>
        <time>2018-05-20T22:02:16Z</time>
      </trkpt>
      <trkpt lat="48.70600735768676" lon="-121.82363664731383">
        <ele>1063.84</ele>
        <time>2018-05-20T22:02:27Z</time>
      </trkpt>
      <trkpt lat="48.7060830462724" lon="-121.82374418713152">
        <ele>1063.36</ele>
        <time>2018-05-20T22:02:40Z</time>
      </trkpt>
      <trkpt lat="48.70622151531279" lon="-121.82397636584938">
        <ele>1065.28</ele>
        <time>2018-05-20T22:03:06Z</time>
      </trkpt>
      <trkpt lat="48.70628505013883" lon="-121.82405984960496">
        <ele>1065.28</ele>
        <time>2018-05-20T22:03:17Z</time>
      </trkpt>
      <trkpt lat="48.70635470375419" lon="-121.82416940107942">
        <ele>1063.36</ele>
        <time>2018-05-20T22:03:29Z</time>
      </trkpt>
      <trkpt lat="48.70644682087004" lon="-121.82425984181464">
        <ele>1064.32</ele>
        <time>2018-05-20T22:03:42Z</time>
      </trkpt>
      <trkpt lat="48.70652049779892" lon="-121.8243564851582">
        <ele>1065.76</ele>
        <time>2018-05-20T22:03:54Z</time>
      </trkpt>
      <trkpt lat="48.70658369734883" lon="-121.82447835803032">
        <ele>1067.2</ele>
        <time>2018-05-20T22:04:08Z</time>
      </trkpt>
      <trkpt lat="48.706641029566526" lon="-121.82456192560494">
        <ele>1069.6</ele>
        <time>2018-05-20T22:04:22Z</time>
      </trkpt>
      <trkpt lat="48.706700624898076" lon="-121.82466871105134">
        <ele>1069.6</ele>
        <time>2018-05-20T22:04:34Z</time>
      </trkpt>
      <trkpt lat="48.706767009571195" lon="-121.82477164082229">
        <ele>1069.12</ele>
        <time>2018-05-20T22:04:46Z</time>
      </trkpt>
      <trkpt lat="48.706840351223946" lon="-121.82485847733915">
        <ele>1069.6</ele>
        <time>2018-05-20T22:04:59Z</time>
      </trkpt>
      <trkpt lat="48.70686633512378" lon="-121.82494179345667">
        <ele>1071.05</ele>
        <time>2018-05-20T22:05:12Z</time>
      </trkpt>
      <trkpt lat="48.70690941810608" lon="-121.82496819645166">
        <ele>1069.12</ele>
        <time>2018-05-20T22:05:31Z</time>
      </trkpt>
      <trkpt lat="48.70695157907903" lon="-121.82505746372044">
        <ele>1067.2</ele>
        <time>2018-05-20T22:05:43Z</time>
      </trkpt>
      <trkpt lat="48.70703615248203" lon="-121.8252891395241">
        <ele>1065.76</ele>
        <time>2018-05-20T22:06:08Z</time>
      </trkpt>
      <trkpt lat="48.70709214359522" lon="-121.8254363257438">
        <ele>1066.24</ele>
        <time>2018-05-20T22:06:21Z</time>
      </trkpt>
      <trkpt lat="48.70714243501425" lon="-121.82560555636883">
        <ele>1068.64</ele>
        <time>2018-05-20T22:06:35Z</time>
      </trkpt>
      <trkpt lat="48.70715668424964" lon="-121.82575232349336">
        <ele>1069.6</ele>
        <time>2018-05-20T22:06:46Z</time>
      </trkpt>
      <trkpt lat="48.70716196484864" lon="-121.82585382834077">
        <ele>1072.01</ele>
        <time>2018-05-20T22:06:59Z</time>
      </trkpt>
      <trkpt lat="48.707148218527436" lon="-121.8258882779628">
        <ele>1071.05</ele>
        <time>2018-05-20T22:07:19Z</time>
      </trkpt>
      <trkpt lat="48.707158360630274" lon="-121.82600545696914">
        <ele>1072.97</ele>
        <time>2018-05-20T22:07:30Z</time>
      </trkpt>
      <trkpt lat="48.70717395097017" lon="-121.82620586827397">
        <ele>1074.41</ele>
        <time>2018-05-20T22:07:44Z</time>
      </trkpt>
      <trkpt lat="48.7071758788079" lon="-121.82635908946395">
        <ele>1075.85</ele>
        <time>2018-05-20T22:07:56Z</time>
      </trkpt>
      <trkpt lat="48.70721502229571" lon="-121.82651348412037">
        <ele>1075.37</ele>
        <time>2018-05-20T22:08:10Z</time>
      </trkpt>
      <trkpt lat="48.70725525543094" lon="-121.82669076137245">
        <ele>1073.45</ele>
        <time>2018-05-20T22:08:25Z</time>
      </trkpt>
      <trkpt lat="48.70727755129337" lon="-121.82680408470333">
        <ele>1071.53</ele>
        <time>2018-05-20T22:08:33Z</time>
      </trkpt>
      <trkpt lat="48.70730227790773" lon="-121.82687013410032">
        <ele>1070.08</ele>
        <time>2018-05-20T22:08:40Z</time>
      </trkpt>
      <trkpt lat="48.70730588212609" lon="-121.82690341025591">
        <ele>1071.05</ele>
        <time>2018-05-20T22:08:43Z</time>
      </trkpt>
      <trkpt lat="48.70733178220689" lon="-121.82705319486558">
        <ele>1071.05</ele>
        <time>2018-05-20T22:08:55Z</time>
      </trkpt>
      <trkpt lat="48.707345528528094" lon="-121.82721370831132">
        <ele>1070.08</ele>
        <time>2018-05-20T22:09:05Z</time>
      </trkpt>
      <trkpt lat="48.70735466480255" lon="-121.82735762558877">
        <ele>1072.49</ele>
        <time>2018-05-20T22:09:19Z</time>
      </trkpt>
      <trkpt lat="48.707404704764485" lon="-121.82749056257308">
        <ele>1076.81</ele>
        <time>2018-05-20T22:09:32Z</time>
      </trkpt>
      <trkpt lat="48.707487266510725" lon="-121.82759349234402">
        <ele>1079.7</ele>
        <time>2018-05-20T22:09:46Z</time>
      </trkpt>
      <trkpt lat="48.707581060007215" lon="-121.82765040546656">
        <ele>1080.18</ele>
        <time>2018-05-20T22:09:59Z</time>
      </trkpt>
      <trkpt lat="48.70766965672374" lon="-121.82769089005888">
        <ele>1079.7</ele>
        <time>2018-05-20T22:10:11Z</time>
      </trkpt>
      <trkpt lat="48.70777250267565" lon="-121.82772123254836">
        <ele>1080.18</ele>
        <time>2018-05-20T22:10:24Z</time>
      </trkpt>
      <trkpt lat="48.70789211243391" lon="-121.82768150232732">
        <ele>1079.22</ele>
        <time>2018-05-20T22:10:41Z</time>
      </trkpt>
      <trkpt lat="48.70797224342823" lon="-121.82754026725888">
        <ele>1079.22</ele>
        <time>2018-05-20T22:10:55Z</time>
      </trkpt>
      <trkpt lat="48.70799755677581" lon="-121.82741386815906">
        <ele>1079.22</ele>
        <time>2018-05-20T22:11:04Z</time>
      </trkpt>
      <trkpt lat="48.708046758547425" lon="-121.82731211185455">
        <ele>1083.54</ele>
        <time>2018-05-20T22:11:21Z</time>
      </trkpt>
      <trkpt lat="48.70801390148699" lon="-121.82730565778911">
        <ele>1084.5</ele>
        <time>2018-05-20T22:11:40Z</time>
      </trkpt>
      <trkpt lat="48.70802144519985" lon="-121.8273304682225">
        <ele>1084.99</ele>
        <time>2018-05-20T22:12:00Z</time>
      </trkpt>
      <trkpt lat="48.70804784819484" lon="-121.82730465196073">
        <ele>1085.47</ele>
        <time>2018-05-20T22:12:12Z</time>
      </trkpt>
      <trkpt lat="48.70816770941019" lon="-121.8272749800235">
        <ele>1085.95</ele>
        <time>2018-05-20T22:12:27Z</time>
      </trkpt>
      <trkpt lat="48.70828748680651" lon="-121.82726844213903">
        <ele>1087.87</ele>
        <time>2018-05-20T22:12:43Z</time>
      </trkpt>
      <trkpt lat="48.70836853981018" lon="-121.82730716653168">
        <ele>1091.23</ele>
        <time>2018-05-20T22:12:56Z</time>
      </trkpt>
      <trkpt lat="48.70835772715509" lon="-121.82726961560547">
        <ele>1090.75</ele>
        <time>2018-05-20T22:13:16Z</time>
      </trkpt>
      <trkpt lat="48.708375999704" lon="-121.82726735249162">
        <ele>1088.83</ele>
        <time>2018-05-20T22:13:39Z</time>
      </trkpt>
      <trkpt lat="48.70833928696811" lon="-121.8272509239614">
        <ele>1090.27</ele>
        <time>2018-05-20T22:14:04Z</time>
      </trkpt>
      <trkpt lat="48.70837667025626" lon="-121.8272580485791">
        <ele>1096.52</ele>
        <time>2018-05-20T22:14:16Z</time>
      </trkpt>
      <trkpt lat="48.7083659414202" lon="-121.8272686097771">
        <ele>1096.52</ele>
        <time>2018-05-20T22:14:38Z</time>
      </trkpt>
      <trkpt lat="48.708408772945404" lon="-121.82734555564821">
        <ele>1095.56</ele>
        <time>2018-05-20T22:14:51Z</time>
      </trkpt>
      <trkpt lat="48.70848773047328" lon="-121.82737405411899">
        <ele>1095.56</ele>
        <time>2018-05-20T22:15:03Z</time>
      </trkpt>
      <trkpt lat="48.7085628323257" lon="-121.82740456424654">
        <ele>1099.4</ele>
        <time>2018-05-20T22:15:17Z</time>
      </trkpt>
      <trkpt lat="48.70866173878312" lon="-121.82742283679545">
        <ele>1101.81</ele>
        <time>2018-05-20T22:15:31Z</time>
      </trkpt>
      <trkpt lat="48.70875930413604" lon="-121.82744798250496">
        <ele>1103.25</ele>
        <time>2018-05-20T22:15:45Z</time>
      </trkpt>
      <trkpt lat="48.708878327161074" lon="-121.82751679793">
        <ele>1104.69</ele>
        <time>2018-05-20T22:16:01Z</time>
      </trkpt>
      <trkpt lat="48.7089579552412" lon="-121.82758276350796">
        <ele>1102.29</ele>
        <time>2018-05-20T22:16:14Z</time>
      </trkpt>
      <trkpt lat="48.709041522815824" lon="-121.8276426102966">
        <ele>1100.85</ele>
        <time>2018-05-20T22:16:27Z</time>
      </trkpt>
      <trkpt lat="48.70911310426891" lon="-121.82769759558141">
        <ele>1100.85</ele>
        <time>2018-05-20T22:16:40Z</time>
      </trkpt>
      <trkpt lat="48.709200443699956" lon="-121.82773053646088">
        <ele>1102.29</ele>
        <time>2018-05-20T22:16:52Z</time>
      </trkpt>
      <trkpt lat="48.7092827539891" lon="-121.82775216177106">
        <ele>1104.21</ele>
        <time>2018-05-20T22:17:04Z</time>
      </trkpt>
      <trkpt lat="48.709363639354706" lon="-121.82776213623583">
        <ele>1106.13</ele>
        <time>2018-05-20T22:17:16Z</time>
      </trkpt>
      <trkpt lat="48.709455505013466" lon="-121.82776833884418">
        <ele>1106.61</ele>
        <time>2018-05-20T22:17:31Z</time>
      </trkpt>
      <trkpt lat="48.70953278616071" lon="-121.82778066024184">
        <ele>1108.06</ele>
        <time>2018-05-20T22:17:44Z</time>
      </trkpt>
      <trkpt lat="48.709627501666546" lon="-121.82777554728091">
        <ele>1109.98</ele>
        <time>2018-05-20T22:17:57Z</time>
      </trkpt>
      <trkpt lat="48.70972774922848" lon="-121.82777982205153">
        <ele>1109.5</ele>
        <time>2018-05-20T22:18:11Z</time>
      </trkpt>
      <trkpt lat="48.70981257408857" lon="-121.82779046706855">
        <ele>1108.54</ele>
        <time>2018-05-20T22:18:23Z</time>
      </trkpt>
      <trkpt lat="48.70989982970059" lon="-121.8277861084789">
        <ele>1109.98</ele>
        <time>2018-05-20T22:18:35Z</time>
      </trkpt>
      <trkpt lat="48.70997811667621" lon="-121.82779105380177">
        <ele>1111.42</ele>
        <time>2018-05-20T22:18:45Z</time>
      </trkpt>
      <trkpt lat="48.71007048524916" lon="-121.82780681177974">
        <ele>1111.9</ele>
        <time>2018-05-20T22:18:57Z</time>
      </trkpt>
      <trkpt lat="48.71018070727587" lon="-121.8278643116355">
        <ele>1110.46</ele>
        <time>2018-05-20T22:19:11Z</time>
      </trkpt>
      <trkpt lat="48.71026729233563" lon="-121.82792575098574">
        <ele>1110.94</ele>
        <time>2018-05-20T22:19:24Z</time>
      </trkpt>
      <trkpt lat="48.71034733951092" lon="-121.82796573266387">
        <ele>1111.42</ele>
        <time>2018-05-20T22:19:37Z</time>
      </trkpt>
      <trkpt lat="48.710456136614084" lon="-121.82801510207355">
        <ele>1110.46</ele>
        <time>2018-05-20T22:19:51Z</time>
      </trkpt>
      <trkpt lat="48.71054532006383" lon="-121.82805835269392">
        <ele>1112.38</ele>
        <time>2018-05-20T22:20:04Z</time>
      </trkpt>
      <trkpt lat="48.710648752748966" lon="-121.82809405960143">
        <ele>1113.34</ele>
        <time>2018-05-20T22:20:18Z</time>
      </trkpt>
      <trkpt lat="48.71087749488652" lon="-121.82819765992463">
        <ele>1116.71</ele>
        <time>2018-05-20T22:20:46Z</time>
      </trkpt>
      <trkpt lat="48.71098671108484" lon="-121.82825180701911">
        <ele>1119.59</ele>
        <time>2018-05-20T22:21:00Z</time>
      </trkpt>
      <trkpt lat="48.711074721068144" lon="-121.82833654806018">
        <ele>1119.59</ele>
        <time>2018-05-20T22:21:14Z</time>
      </trkpt>
      <trkpt lat="48.7111581210047" lon="-121.82840310037136">
        <ele>1120.07</ele>
        <time>2018-05-20T22:21:26Z</time>
      </trkpt>
      <trkpt lat="48.71124512515962" lon="-121.82847677730024">
        <ele>1119.59</ele>
        <time>2018-05-20T22:21:38Z</time>
      </trkpt>
      <trkpt lat="48.7113309558481" lon="-121.82852908037603">
        <ele>1119.59</ele>
        <time>2018-05-20T22:21:50Z</time>
      </trkpt>
      <trkpt lat="48.71143120341003" lon="-121.82856822386384">
        <ele>1121.52</ele>
        <time>2018-05-20T22:22:04Z</time>
      </trkpt>
      <trkpt lat="48.71152457781136" lon="-121.82854215614498">
        <ele>1124.88</ele>
        <time>2018-05-20T22:22:17Z</time>
      </trkpt>
      <trkpt lat="48.71161342598498" lon="-121.82853846810758">
        <ele>1127.76</ele>
        <time>2018-05-20T22:22:29Z</time>
      </trkpt>
      <trkpt lat="48.711715852841735" lon="-121.82853050529957">
        <ele>1132.57</ele>
        <time>2018-05-20T22:22:42Z</time>
      </trkpt>
      <trkpt lat="48.711818447336555" lon="-121.82853075675666">
        <ele>1134.49</ele>
        <time>2018-05-20T22:22:56Z</time>
      </trkpt>
      <trkpt lat="48.7119195330888" lon="-121.82856990024447">
        <ele>1135.45</ele>
        <time>2018-05-20T22:23:09Z</time>
      </trkpt>
      <trkpt lat="48.712016427889466" lon="-121.8286119773984">
        <ele>1134.97</ele>
        <time>2018-05-20T22:23:22Z</time>
      </trkpt>
      <trkpt lat="48.71210351586342" lon="-121.82864240370691">
        <ele>1135.45</ele>
        <time>2018-05-20T22:23:35Z</time>
      </trkpt>
      <trkpt lat="48.71220854111016" lon="-121.82862455025315">
        <ele>1136.9</ele>
        <time>2018-05-20T22:23:49Z</time>
      </trkpt>
      <trkpt lat="48.712297976017" lon="-121.82857886888087">
        <ele>1139.78</ele>
        <time>2018-05-20T22:24:02Z</time>
      </trkpt>
      <trkpt lat="48.71238213032484" lon="-121.82850225828588">
        <ele>1140.74</ele>
        <time>2018-05-20T22:24:17Z</time>
      </trkpt>
      <trkpt lat="48.712455639615655" lon="-121.8284473568201">
        <ele>1141.7</ele>
        <time>2018-05-20T22:24:30Z</time>
      </trkpt>
      <trkpt lat="48.71251406148076" lon="-121.82839706540108">
        <ele>1142.66</ele>
        <time>2018-05-20T22:24:42Z</time>
      </trkpt>
      <trkpt lat="48.71260148473084" lon="-121.8283717520535">
        <ele>1145.55</ele>
        <time>2018-05-20T22:24:56Z</time>
      </trkpt>
      <trkpt lat="48.7126846332103" lon="-121.82833068072796">
        <ele>1147.47</ele>
        <time>2018-05-20T22:25:09Z</time>
      </trkpt>
      <trkpt lat="48.71276727877557" lon="-121.8283025175333">
        <ele>1147.47</ele>
        <time>2018-05-20T22:25:21Z</time>
      </trkpt>
      <trkpt lat="48.71285084635019" lon="-121.82828080840409">
        <ele>1149.39</ele>
        <time>2018-05-20T22:25:34Z</time>
      </trkpt>
      <trkpt lat="48.71293215081096" lon="-121.82826647534966">
        <ele>1151.32</ele>
        <time>2018-05-20T22:25:46Z</time>
      </trkpt>
      <trkpt lat="48.71300884522498" lon="-121.82824669405818">
        <ele>1152.28</ele>
        <time>2018-05-20T22:25:59Z</time>
      </trkpt>
      <trkpt lat="48.71307875029743" lon="-121.828190702945">
        <ele>1152.76</ele>
        <time>2018-05-20T22:26:12Z</time>
      </trkpt>
      <trkpt lat="48.71323616243899" lon="-121.82815315201879">
        <ele>1155.16</ele>
        <time>2018-05-20T22:26:36Z</time>
      </trkpt>
      <trkpt lat="48.71330849826336" lon="-121.8281420879066">
        <ele>1157.08</ele>
        <time>2018-05-20T22:26:47Z</time>
      </trkpt>
      <trkpt lat="48.71338904835284" lon="-121.82810193859041">
        <ele>1159.01</ele>
        <time>2018-05-20T22:27:00Z</time>
      </trkpt>
      <trkpt lat="48.713451996445656" lon="-121.82809749618173">
        <ele>1159.97</ele>
        <time>2018-05-20T22:27:08Z</time>
      </trkpt>
      <trkpt lat="48.71353095397353" lon="-121.82809615507722">
        <ele>1160.93</ele>
        <time>2018-05-20T22:27:20Z</time>
      </trkpt>
      <trkpt lat="48.71362525038421" lon="-121.82810110040009">
        <ele>1161.41</ele>
        <time>2018-05-20T22:27:32Z</time>
      </trkpt>
      <trkpt lat="48.71370906941593" lon="-121.8280783854425">
        <ele>1162.37</ele>
        <time>2018-05-20T22:27:44Z</time>
      </trkpt>
      <trkpt lat="48.71379322372377" lon="-121.82806472294033">
        <ele>1162.85</ele>
        <time>2018-05-20T22:27:57Z</time>
      </trkpt>
      <trkpt lat="48.71387570165098" lon="-121.82804418727756">
        <ele>1163.81</ele>
        <time>2018-05-20T22:28:10Z</time>
      </trkpt>
      <trkpt lat="48.71405473910272" lon="-121.82799305766821">
        <ele>1168.14</ele>
        <time>2018-05-20T22:28:35Z</time>
      </trkpt>
      <trkpt lat="48.71413730084896" lon="-121.82795014232397">
        <ele>1169.58</ele>
        <time>2018-05-20T22:28:48Z</time>
      </trkpt>
      <trkpt lat="48.71422288008034" lon="-121.82792508043349">
        <ele>1171.5</ele>
        <time>2018-05-20T22:29:01Z</time>
      </trkpt>
      <trkpt lat="48.714331928640604" lon="-121.82788778096437">
        <ele>1174.87</ele>
        <time>2018-05-20T22:29:17Z</time>
      </trkpt>
      <trkpt lat="48.714412646368146" lon="-121.82789054699242">
        <ele>1177.27</ele>
        <time>2018-05-20T22:29:31Z</time>
      </trkpt>
      <trkpt lat="48.714477103203535" lon="-121.82791812345386">
        <ele>1178.23</ele>
        <time>2018-05-20T22:29:42Z</time>
      </trkpt>
      <trkpt lat="48.714491268619895" lon="-121.82797922752798">
        <ele>1179.19</ele>
        <time>2018-05-20T22:29:53Z</time>
      </trkpt>
      <trkpt lat="48.714518090710044" lon="-121.82799138128757">
        <ele>1180.64</ele>
        <time>2018-05-20T22:35:30Z</time>
      </trkpt>
      <trkpt lat="48.71452613733709" lon="-121.82798366993666">
        <ele>1180.64</ele>
        <time>2018-05-20T22:35:49Z</time>
      </trkpt>
      <trkpt lat="48.71449680067599" lon="-121.82797092944384">
        <ele>1174.87</ele>
        <time>2018-05-20T22:42:06Z</time>
      </trkpt>
      <trkpt lat="48.7144669611007" lon="-121.82797721587121">
        <ele>1174.87</ele>
        <time>2018-05-20T22:42:29Z</time>
      </trkpt>
      <trkpt lat="48.714471738785505" lon="-121.82799389585853">
        <ele>1174.87</ele>
        <time>2018-05-20T22:42:50Z</time>
      </trkpt>
      <trkpt lat="48.714478025212884" lon="-121.82797201909125">
        <ele>1175.35</ele>
        <time>2018-05-20T22:43:10Z</time>
      </trkpt>
      <trkpt lat="48.71452127583325" lon="-121.82795005850494">
        <ele>1176.31</ele>
        <time>2018-05-20T22:43:19Z</time>
      </trkpt>
      <trkpt lat="48.71454524807632" lon="-121.82793220505118">
        <ele>1175.35</ele>
        <time>2018-05-20T22:43:22Z</time>
      </trkpt>
      <trkpt lat="48.71463376097381" lon="-121.82795374654233">
        <ele>1174.87</ele>
        <time>2018-05-20T22:43:33Z</time>
      </trkpt>
      <trkpt lat="48.71469520032406" lon="-121.82797998189926">
        <ele>1178.23</ele>
        <time>2018-05-20T22:43:44Z</time>
      </trkpt>
      <trkpt lat="48.714802572503686" lon="-121.82798149064183">
        <ele>1179.67</ele>
        <time>2018-05-20T22:43:59Z</time>
      </trkpt>
      <trkpt lat="48.71486862190068" lon="-121.82796623557806">
        <ele>1179.67</ele>
        <time>2018-05-20T22:44:11Z</time>
      </trkpt>
      <trkpt lat="48.71493877843022" lon="-121.82791317813098">
        <ele>1181.6</ele>
        <time>2018-05-20T22:44:22Z</time>
      </trkpt>
      <trkpt lat="48.71501010842621" lon="-121.82789138518274">
        <ele>1183.04</ele>
        <time>2018-05-20T22:44:33Z</time>
      </trkpt>
      <trkpt lat="48.71506601572037" lon="-121.82784922420979">
        <ele>1185.44</ele>
        <time>2018-05-20T22:44:43Z</time>
      </trkpt>
      <trkpt lat="48.71510490775108" lon="-121.82782927528024">
        <ele>1186.4</ele>
        <time>2018-05-20T22:44:50Z</time>
      </trkpt>
      <trkpt lat="48.71517850086093" lon="-121.82784704491496">
        <ele>1187.85</ele>
        <time>2018-05-20T22:44:59Z</time>
      </trkpt>
      <trkpt lat="48.71531889773905" lon="-121.82789540849626">
        <ele>1189.29</ele>
        <time>2018-05-20T22:45:20Z</time>
      </trkpt>
      <trkpt lat="48.71531940065324" lon="-121.82790043763816">
        <ele>1189.29</ele>
        <time>2018-05-20T22:45:21Z</time>
      </trkpt>
      <trkpt lat="48.71538612060249" lon="-121.82794486172497">
        <ele>1190.73</ele>
        <time>2018-05-20T22:45:32Z</time>
      </trkpt>
      <trkpt lat="48.715416295453906" lon="-121.82795668020844">
        <ele>1190.73</ele>
        <time>2018-05-20T22:45:39Z</time>
      </trkpt>
      <trkpt lat="48.71548326686025" lon="-121.82799020782113">
        <ele>1192.17</ele>
        <time>2018-05-20T22:45:49Z</time>
      </trkpt>
      <trkpt lat="48.715552501380444" lon="-121.82801686227322">
        <ele>1194.58</ele>
        <time>2018-05-20T22:46:00Z</time>
      </trkpt>
      <trkpt lat="48.71565459296107" lon="-121.82807075791061">
        <ele>1198.9</ele>
        <time>2018-05-20T22:46:21Z</time>
      </trkpt>
      <trkpt lat="48.715723576024175" lon="-121.82808374986053">
        <ele>1199.86</ele>
        <time>2018-05-20T22:46:31Z</time>
      </trkpt>
      <trkpt lat="48.71576833538711" lon="-121.8281175289303">
        <ele>1200.34</ele>
        <time>2018-05-20T22:46:42Z</time>
      </trkpt>
      <trkpt lat="48.71583765372634" lon="-121.82812842540443">
        <ele>1202.27</ele>
        <time>2018-05-20T22:46:54Z</time>
      </trkpt>
      <trkpt lat="48.71588543057442" lon="-121.82811073958874">
        <ele>1203.71</ele>
        <time>2018-05-20T22:47:04Z</time>
      </trkpt>
      <trkpt lat="48.715890208259225" lon="-121.82811501435935">
        <ele>1204.19</ele>
        <time>2018-05-20T22:47:05Z</time>
      </trkpt>
      <trkpt lat="48.715954665094614" lon="-121.8281175289303">
        <ele>1205.63</ele>
        <time>2018-05-20T22:47:17Z</time>
      </trkpt>
      <trkpt lat="48.71602289378643" lon="-121.82811627164483">
        <ele>1207.55</ele>
        <time>2018-05-20T22:47:27Z</time>
      </trkpt>
      <trkpt lat="48.71610118076205" lon="-121.82809489779174">
        <ele>1209.96</ele>
        <time>2018-05-20T22:47:38Z</time>
      </trkpt>
      <trkpt lat="48.716156585142016" lon="-121.8280657287687">
        <ele>1211.88</ele>
        <time>2018-05-20T22:47:48Z</time>
      </trkpt>
      <trkpt lat="48.71623017825186" lon="-121.82805516757071">
        <ele>1212.36</ele>
        <time>2018-05-20T22:47:59Z</time>
      </trkpt>
      <trkpt lat="48.71629178524017" lon="-121.82805215008557">
        <ele>1215.24</ele>
        <time>2018-05-20T22:48:10Z</time>
      </trkpt>
      <trkpt lat="48.71635037474334" lon="-121.82803102768958">
        <ele>1216.69</ele>
        <time>2018-05-20T22:48:20Z</time>
      </trkpt>
      <trkpt lat="48.71639907360077" lon="-121.82800135575235">
        <ele>1218.61</ele>
        <time>2018-05-20T22:48:30Z</time>
      </trkpt>
      <trkpt lat="48.716532262042165" lon="-121.82800521142781">
        <ele>1221.97</ele>
        <time>2018-05-20T22:48:51Z</time>
      </trkpt>
      <trkpt lat="48.7165823020041" lon="-121.82797998189926">
        <ele>1221.97</ele>
        <time>2018-05-20T22:49:02Z</time>
      </trkpt>
      <trkpt lat="48.71671347878873" lon="-121.82798258028924">
        <ele>1224.86</ele>
        <time>2018-05-20T22:49:24Z</time>
      </trkpt>
      <trkpt lat="48.71676184237003" lon="-121.82799322530627">
        <ele>1226.3</ele>
        <time>2018-05-20T22:49:32Z</time>
      </trkpt>
      <trkpt lat="48.716820515692234" lon="-121.82808903045952">
        <ele>1227.26</ele>
        <time>2018-05-20T22:49:46Z</time>
      </trkpt>
      <trkpt lat="48.71682671830058" lon="-121.8281399924308">
        <ele>1226.78</ele>
        <time>2018-05-20T22:50:01Z</time>
      </trkpt>
      <trkpt lat="48.71678413823247" lon="-121.82812364771962">
        <ele>1223.9</ele>
        <time>2018-05-20T22:50:26Z</time>
      </trkpt>
      <trkpt lat="48.71680115349591" lon="-121.82812314480543">
        <ele>1217.65</ele>
        <time>2018-05-20T22:50:51Z</time>
      </trkpt>
      <trkpt lat="48.716777097433805" lon="-121.82810545898974">
        <ele>1217.17</ele>
        <time>2018-05-20T22:51:12Z</time>
      </trkpt>
      <trkpt lat="48.71678187511861" lon="-121.82815063744783">
        <ele>1218.13</ele>
        <time>2018-05-20T22:51:30Z</time>
      </trkpt>
      <trkpt lat="48.71680777519941" lon="-121.82816237211227">
        <ele>1219.57</ele>
        <time>2018-05-20T22:51:57Z</time>
      </trkpt>
      <trkpt lat="48.716770224273205" lon="-121.82810646481812">
        <ele>1222.45</ele>
        <time>2018-05-20T22:52:52Z</time>
      </trkpt>
      <trkpt lat="48.71681054122746" lon="-121.82814409956336">
        <ele>1223.42</ele>
        <time>2018-05-20T22:53:10Z</time>
      </trkpt>
      <trkpt lat="48.71683250181377" lon="-121.82817536406219">
        <ele>1223.42</ele>
        <time>2018-05-20T22:54:11Z</time>
      </trkpt>
      <trkpt lat="48.71685437858105" lon="-121.8281746096909">
        <ele>1223.9</ele>
        <time>2018-05-20T22:54:22Z</time>
      </trkpt>
      <trkpt lat="48.71686527505517" lon="-121.82815977372229">
        <ele>1224.38</ele>
        <time>2018-05-20T22:54:34Z</time>
      </trkpt>
      <trkpt lat="48.71691749431193" lon="-121.82816706597805">
        <ele>1226.3</ele>
        <time>2018-05-20T22:54:44Z</time>
      </trkpt>
      <trkpt lat="48.71701338328421" lon="-121.82820126414299">
        <ele>1228.7</ele>
        <time>2018-05-20T22:54:57Z</time>
      </trkpt>
      <trkpt lat="48.71706652455032" lon="-121.82818802073598">
        <ele>1229.66</ele>
        <time>2018-05-20T22:55:07Z</time>
      </trkpt>
      <trkpt lat="48.71710851788521" lon="-121.82820226997137">
        <ele>1230.14</ele>
        <time>2018-05-20T22:55:13Z</time>
      </trkpt>
      <trkpt lat="48.71713399887085" lon="-121.8282591830939">
        <ele>1230.14</ele>
        <time>2018-05-20T22:55:24Z</time>
      </trkpt>
      <trkpt lat="48.717170963063836" lon="-121.82824602350593">
        <ele>1231.59</ele>
        <time>2018-05-20T22:55:37Z</time>
      </trkpt>
      <trkpt lat="48.71727087534964" lon="-121.82820302434266">
        <ele>1235.91</ele>
        <time>2018-05-20T22:55:56Z</time>
      </trkpt>
      <trkpt lat="48.717339942231774" lon="-121.82822473347187">
        <ele>1238.8</ele>
        <time>2018-05-20T22:56:06Z</time>
      </trkpt>
      <trkpt lat="48.71740750037134" lon="-121.82827234268188">
        <ele>1239.28</ele>
        <time>2018-05-20T22:56:16Z</time>
      </trkpt>
      <trkpt lat="48.71746885590255" lon="-121.82835498824716">
        <ele>1240.72</ele>
        <time>2018-05-20T22:56:30Z</time>
      </trkpt>
      <trkpt lat="48.7175580393523" lon="-121.8284098058939">
        <ele>1242.16</ele>
        <time>2018-05-20T22:56:42Z</time>
      </trkpt>
      <trkpt lat="48.71761344373226" lon="-121.828468227759">
        <ele>1243.12</ele>
        <time>2018-05-20T22:56:54Z</time>
      </trkpt>
      <trkpt lat="48.71766708791256" lon="-121.82851910591125">
        <ele>1245.04</ele>
        <time>2018-05-20T22:57:06Z</time>
      </trkpt>
      <trkpt lat="48.71780086308718" lon="-121.82861952111125">
        <ele>1247.93</ele>
        <time>2018-05-20T22:57:29Z</time>
      </trkpt>
      <trkpt lat="48.71786414645612" lon="-121.82865891605616">
        <ele>1249.37</ele>
        <time>2018-05-20T22:57:38Z</time>
      </trkpt>
      <trkpt lat="48.71798861771822" lon="-121.82875505648553">
        <ele>1252.25</ele>
        <time>2018-05-20T22:58:00Z</time>
      </trkpt>
      <trkpt lat="48.7180604506284" lon="-121.82879470288754">
        <ele>1255.14</ele>
        <time>2018-05-20T22:58:13Z</time>
      </trkpt>
      <trkpt lat="48.718132032081485" lon="-121.82884474284947">
        <ele>1258.02</ele>
        <time>2018-05-20T22:58:25Z</time>
      </trkpt>
      <trkpt lat="48.71819389052689" lon="-121.82887835428119">
        <ele>1260.91</ele>
        <time>2018-05-20T22:58:34Z</time>
      </trkpt>
      <trkpt lat="48.7183041125536" lon="-121.82896452024579">
        <ele>1263.31</ele>
        <time>2018-05-20T22:58:54Z</time>
      </trkpt>
      <trkpt lat="48.718351889401674" lon="-121.82899243198335">
        <ele>1264.75</ele>
        <time>2018-05-20T22:59:05Z</time>
      </trkpt>
      <trkpt lat="48.7184177711606" lon="-121.82902327738702">
        <ele>1266.19</ele>
        <time>2018-05-20T22:59:14Z</time>
      </trkpt>
      <trkpt lat="48.71854894794524" lon="-121.82915411889553">
        <ele>1271.48</ele>
        <time>2018-05-20T22:59:46Z</time>
      </trkpt>
      <trkpt lat="48.718582559376955" lon="-121.82919242419302">
        <ele>1271.96</ele>
        <time>2018-05-20T22:59:55Z</time>
      </trkpt>
      <trkpt lat="48.71862564235926" lon="-121.8292489182204">
        <ele>1272.44</ele>
        <time>2018-05-20T23:00:06Z</time>
      </trkpt>
      <trkpt lat="48.71866193599999" lon="-121.82930273003876">
        <ele>1273.4</ele>
        <time>2018-05-20T23:00:15Z</time>
      </trkpt>
      <trkpt lat="48.718713987618685" lon="-121.82934514246881">
        <ele>1274.85</ele>
        <time>2018-05-20T23:00:24Z</time>
      </trkpt>
      <trkpt lat="48.71881633065641" lon="-121.82944522239268">
        <ele>1276.77</ele>
        <time>2018-05-20T23:00:45Z</time>
      </trkpt>
      <trkpt lat="48.71887165121734" lon="-121.82947665452957">
        <ele>1278.69</ele>
        <time>2018-05-20T23:00:54Z</time>
      </trkpt>
      <trkpt lat="48.71891909278929" lon="-121.82951403781772">
        <ele>1280.61</ele>
        <time>2018-05-20T23:01:03Z</time>
      </trkpt>
      <trkpt lat="48.718962175771594" lon="-121.82955611497164">
        <ele>1281.57</ele>
        <time>2018-05-20T23:01:14Z</time>
      </trkpt>
      <trkpt lat="48.71900408528745" lon="-121.82960858568549">
        <ele>1283.98</ele>
        <time>2018-05-20T23:01:25Z</time>
      </trkpt>
      <trkpt lat="48.7191226053983" lon="-121.82969936169684">
        <ele>1285.42</ele>
        <time>2018-05-20T23:01:46Z</time>
      </trkpt>
      <trkpt lat="48.71914624236524" lon="-121.82974965311587">
        <ele>1286.86</ele>
        <time>2018-05-20T23:01:56Z</time>
      </trkpt>
      <trkpt lat="48.71920298784971" lon="-121.82980069890618">
        <ele>1288.3</ele>
        <time>2018-05-20T23:02:06Z</time>
      </trkpt>
      <trkpt lat="48.71926392428577" lon="-121.82984554208815">
        <ele>1289.75</ele>
        <time>2018-05-20T23:02:16Z</time>
      </trkpt>
      <trkpt lat="48.719324776902795" lon="-121.82989650405943">
        <ele>1292.63</ele>
        <time>2018-05-20T23:02:25Z</time>
      </trkpt>
      <trkpt lat="48.71936014853418" lon="-121.82994738221169">
        <ele>1294.55</ele>
        <time>2018-05-20T23:02:35Z</time>
      </trkpt>
      <trkpt lat="48.71940264478326" lon="-121.82999423705041">
        <ele>1295.51</ele>
        <time>2018-05-20T23:02:45Z</time>
      </trkpt>
      <trkpt lat="48.71944379992783" lon="-121.8300660699606">
        <ele>1297.92</ele>
        <time>2018-05-20T23:02:55Z</time>
      </trkpt>
      <trkpt lat="48.71944949962199" lon="-121.83008182793856">
        <ele>1298.4</ele>
        <time>2018-05-20T23:02:57Z</time>
      </trkpt>
      <trkpt lat="48.7195007968694" lon="-121.83012591674924">
        <ele>1299.84</ele>
        <time>2018-05-20T23:03:07Z</time>
      </trkpt>
      <trkpt lat="48.719535330310464" lon="-121.83017386123538">
        <ele>1301.28</ele>
        <time>2018-05-20T23:03:17Z</time>
      </trkpt>
      <trkpt lat="48.719582771882415" lon="-121.83022658340633">
        <ele>1302.24</ele>
        <time>2018-05-20T23:03:25Z</time>
      </trkpt>
      <trkpt lat="48.719639433547854" lon="-121.8302819877863">
        <ele>1303.69</ele>
        <time>2018-05-20T23:03:35Z</time>
      </trkpt>
      <trkpt lat="48.7196889705956" lon="-121.83032632805407">
        <ele>1306.09</ele>
        <time>2018-05-20T23:03:44Z</time>
      </trkpt>
      <trkpt lat="48.71972409076989" lon="-121.83037620037794">
        <ele>1307.53</ele>
        <time>2018-05-20T23:03:54Z</time>
      </trkpt>
      <trkpt lat="48.71977371163666" lon="-121.83046496473253">
        <ele>1308.49</ele>
        <time>2018-05-20T23:04:04Z</time>
      </trkpt>
      <trkpt lat="48.71978921815753" lon="-121.83048667386174">
        <ele>1309.45</ele>
        <time>2018-05-20T23:04:07Z</time>
      </trkpt>
      <trkpt lat="48.719850573688745" lon="-121.83054794557393">
        <ele>1309.93</ele>
        <time>2018-05-20T23:04:19Z</time>
      </trkpt>
      <trkpt lat="48.71990731917322" lon="-121.83061600662768">
        <ele>1309.93</ele>
        <time>2018-05-20T23:04:31Z</time>
      </trkpt>
      <trkpt lat="48.71996431611478" lon="-121.83066462166607">
        <ele>1311.38</ele>
        <time>2018-05-20T23:04:42Z</time>
      </trkpt>
      <trkpt lat="48.72012943960726" lon="-121.8307616841048">
        <ele>1313.78</ele>
        <time>2018-05-20T23:05:14Z</time>
      </trkpt>
      <trkpt lat="48.72019590809941" lon="-121.83079395443201">
        <ele>1315.22</ele>
        <time>2018-05-20T23:05:24Z</time>
      </trkpt>
      <trkpt lat="48.7202347163111" lon="-121.83084567077458">
        <ele>1317.14</ele>
        <time>2018-05-20T23:05:35Z</time>
      </trkpt>
      <trkpt lat="48.72030386701226" lon="-121.83089126832783">
        <ele>1318.59</ele>
        <time>2018-05-20T23:05:45Z</time>
      </trkpt>
      <trkpt lat="48.72034468688071" lon="-121.83091465383768">
        <ele>1320.51</ele>
        <time>2018-05-20T23:05:53Z</time>
      </trkpt>
      <trkpt lat="48.72046949341893" lon="-121.83109218254685">
        <ele>1322.91</ele>
        <time>2018-05-20T23:06:13Z</time>
      </trkpt>
      <trkpt lat="48.720519030466676" lon="-121.83117910288274">
        <ele>1322.91</ele>
        <time>2018-05-20T23:06:22Z</time>
      </trkpt>
      <trkpt lat="48.72061357833445" lon="-121.83132654055953">
        <ele>1324.35</ele>
        <time>2018-05-20T23:06:40Z</time>
      </trkpt>
      <trkpt lat="48.72065833769739" lon="-121.83135788887739">
        <ele>1325.8</ele>
        <time>2018-05-20T23:06:49Z</time>
      </trkpt>
      <trkpt lat="48.72074391692877" lon="-121.83143978007138">
        <ele>1325.8</ele>
        <time>2018-05-20T23:07:00Z</time>
      </trkpt>
      <trkpt lat="48.72074073180556" lon="-121.83142100460827">
        <ele>1327.72</ele>
        <time>2018-05-20T23:07:12Z</time>
      </trkpt>
      <trkpt lat="48.720800913870335" lon="-121.83150574564934">
        <ele>1329.16</ele>
        <time>2018-05-20T23:07:22Z</time>
      </trkpt>
      <trkpt lat="48.72089546173811" lon="-121.83164547197521">
        <ele>1332.04</ele>
        <time>2018-05-20T23:07:41Z</time>
      </trkpt>
      <trkpt lat="48.72093125246465" lon="-121.8317062407732">
        <ele>1333.49</ele>
        <time>2018-05-20T23:07:51Z</time>
      </trkpt>
      <trkpt lat="48.72098037041724" lon="-121.83176223188639">
        <ele>1334.93</ele>
        <time>2018-05-20T23:08:00Z</time>
      </trkpt>
      <trkpt lat="48.721027309075" lon="-121.83183339424431">
        <ele>1337.33</ele>
        <time>2018-05-20T23:08:08Z</time>
      </trkpt>
      <trkpt lat="48.72102680616081" lon="-121.83186918497086">
        <ele>1336.85</ele>
        <time>2018-05-20T23:08:25Z</time>
      </trkpt>
      <trkpt lat="48.72101364657283" lon="-121.8318740464747">
        <ele>1333.01</ele>
        <time>2018-05-20T23:09:50Z</time>
      </trkpt>
      <trkpt lat="48.720997804775834" lon="-121.83192626573145">
        <ele>1331.08</ele>
        <time>2018-05-20T23:10:18Z</time>
      </trkpt>
      <trkpt lat="48.721015993505716" lon="-121.83188712224364">
        <ele>1332.04</ele>
        <time>2018-05-20T23:10:51Z</time>
      </trkpt>
      <trkpt lat="48.720974838361144" lon="-121.83189148083329">
        <ele>1336.37</ele>
        <time>2018-05-20T23:11:25Z</time>
      </trkpt>
      <trkpt lat="48.72097508981824" lon="-121.83197001926601">
        <ele>1335.89</ele>
        <time>2018-05-20T23:11:41Z</time>
      </trkpt>
      <trkpt lat="48.720998810604215" lon="-121.83200153522193">
        <ele>1333.49</ele>
        <time>2018-05-20T23:12:01Z</time>
      </trkpt>
      <trkpt lat="48.72102756053209" lon="-121.83196322992444">
        <ele>1332.04</ele>
        <time>2018-05-20T23:12:48Z</time>
      </trkpt>
      <trkpt lat="48.72101431712508" lon="-121.83196809142828">
        <ele>1333.49</ele>
        <time>2018-05-20T23:13:11Z</time>
      </trkpt>
      <trkpt lat="48.720996882766485" lon="-121.83199130930007">
        <ele>1334.45</ele>
        <time>2018-05-20T23:13:46Z</time>
      </trkpt>
      <trkpt lat="48.72097911313176" lon="-121.83195484802127">
        <ele>1337.81</ele>
        <time>2018-05-20T23:14:26Z</time>
      </trkpt>
      <trkpt lat="48.72102848254144" lon="-121.83198871091008">
        <ele>1336.37</ele>
        <time>2018-05-20T23:14:49Z</time>
      </trkpt>
      <trkpt lat="48.72106829658151" lon="-121.83197999373078">
        <ele>1334.93</ele>
        <time>2018-05-20T23:15:07Z</time>
      </trkpt>
      <trkpt lat="48.72106645256281" lon="-121.83198921382427">
        <ele>1335.41</ele>
        <time>2018-05-20T23:15:28Z</time>
      </trkpt>
      <trkpt lat="48.72033244930208" lon="-121.83342754840851">
        <ele>1401.74</ele>
        <time>2018-05-20T23:24:34Z</time>
      </trkpt>
      <trkpt lat="48.7201084010303" lon="-121.83356132358313">
        <ele>1374.34</ele>
        <time>2018-05-20T23:25:03Z</time>
      </trkpt>
      <trkpt lat="48.720090463757515" lon="-121.83356266468763">
        <ele>1373.38</ele>
        <time>2018-05-20T23:25:09Z</time>
      </trkpt>
      <trkpt lat="48.72013187035918" lon="-121.83359853923321">
        <ele>1372.42</ele>
        <time>2018-05-20T23:25:24Z</time>
      </trkpt>
      <trkpt lat="48.720150142908096" lon="-121.83365168049932">
        <ele>1371.46</ele>
        <time>2018-05-20T23:25:36Z</time>
      </trkpt>
      <trkpt lat="48.72016120702028" lon="-121.83371010236442">
        <ele>1372.42</ele>
        <time>2018-05-20T23:25:49Z</time>
      </trkpt>
      <trkpt lat="48.720092475414276" lon="-121.83380615897477">
        <ele>1371.46</ele>
        <time>2018-05-20T23:26:03Z</time>
      </trkpt>
      <trkpt lat="48.720076801255345" lon="-121.83384513482451">
        <ele>1372.9</ele>
        <time>2018-05-20T23:26:15Z</time>
      </trkpt>
      <trkpt lat="48.72006288729608" lon="-121.83389291167259">
        <ele>1374.34</ele>
        <time>2018-05-20T23:26:30Z</time>
      </trkpt>
      <trkpt lat="48.72001267969608" lon="-121.8339476455003">
        <ele>1375.78</ele>
        <time>2018-05-20T23:26:43Z</time>
      </trkpt>
      <trkpt lat="48.720009829849005" lon="-121.83399919420481">
        <ele>1380.11</ele>
        <time>2018-05-20T23:27:24Z</time>
      </trkpt>
      <trkpt lat="48.719958113506436" lon="-121.83402224443853">
        <ele>1378.67</ele>
        <time>2018-05-20T23:27:42Z</time>
      </trkpt>
      <trkpt lat="48.719887705519795" lon="-121.83404931798577">
        <ele>1382.99</ele>
        <time>2018-05-20T23:28:04Z</time>
      </trkpt>
      <trkpt lat="48.719859290868044" lon="-121.83404898270965">
        <ele>1384.92</ele>
        <time>2018-05-20T23:28:18Z</time>
      </trkpt>
      <trkpt lat="48.719865661114454" lon="-121.83406993746758">
        <ele>1389.24</ele>
        <time>2018-05-20T23:28:33Z</time>
      </trkpt>
      <trkpt lat="48.72431200928986" lon="-121.8380041513592">
        <ele>1480.57</ele>
        <time>2018-05-21T00:00:03Z</time>
      </trkpt>
      <trkpt lat="48.724362552165985" lon="-121.83813071809709">
        <ele>1490.18</ele>
        <time>2018-05-21T00:00:18Z</time>
      </trkpt>
      <trkpt lat="48.72443840838969" lon="-121.83818335644901">
        <ele>1488.74</ele>
        <time>2018-05-21T00:00:32Z</time>
      </trkpt>
      <trkpt lat="48.72449758462608" lon="-121.83823322877288">
        <ele>1489.7</ele>
        <time>2018-05-21T00:00:47Z</time>
      </trkpt>
      <trkpt lat="48.72454402036965" lon="-121.83826139196754">
        <ele>1490.66</ele>
        <time>2018-05-21T00:00:57Z</time>
      </trkpt>
      <trkpt lat="48.724627420306206" lon="-121.83833532035351">
        <ele>1491.14</ele>
        <time>2018-05-21T00:01:08Z</time>
      </trkpt>
      <trkpt lat="48.724658098071814" lon="-121.83836733922362">
        <ele>1491.62</ele>
        <time>2018-05-21T00:01:13Z</time>
      </trkpt>
      <trkpt lat="48.72471853159368" lon="-121.83844151906669">
        <ele>1491.62</ele>
        <time>2018-05-21T00:01:22Z</time>
      </trkpt>
      <trkpt lat="48.72474744915962" lon="-121.8384861946106">
        <ele>1492.1</ele>
        <time>2018-05-21T00:01:30Z</time>
      </trkpt>
      <trkpt lat="48.724805787205696" lon="-121.83855132199824">
        <ele>1494.03</ele>
        <time>2018-05-21T00:01:40Z</time>
      </trkpt>
      <trkpt lat="48.72484551742673" lon="-121.83856171555817">
        <ele>1494.51</ele>
        <time>2018-05-21T00:01:50Z</time>
      </trkpt>
      <trkpt lat="48.724892204627395" lon="-121.83862298727036">
        <ele>1495.95</ele>
        <time>2018-05-21T00:02:01Z</time>
      </trkpt>
      <trkpt lat="48.724928414449096" lon="-121.83867654763162">
        <ele>1495.95</ele>
        <time>2018-05-21T00:02:09Z</time>
      </trkpt>
      <trkpt lat="48.725017262622714" lon="-121.83875936083496">
        <ele>1497.39</ele>
        <time>2018-05-21T00:02:25Z</time>
      </trkpt>
      <trkpt lat="48.725057328119874" lon="-121.83880328200758">
        <ele>1498.35</ele>
        <time>2018-05-21T00:02:32Z</time>
      </trkpt>
      <trkpt lat="48.72510007582605" lon="-121.83885784819722">
        <ele>1499.31</ele>
        <time>2018-05-21T00:02:42Z</time>
      </trkpt>
      <trkpt lat="48.725153636187315" lon="-121.8389040324837">
        <ele>1500.27</ele>
        <time>2018-05-21T00:02:51Z</time>
      </trkpt>
      <trkpt lat="48.72519797645509" lon="-121.83892264030874">
        <ele>1500.27</ele>
        <time>2018-05-21T00:02:59Z</time>
      </trkpt>
      <trkpt lat="48.72524281963706" lon="-121.83898240327835">
        <ele>1501.24</ele>
        <time>2018-05-21T00:03:08Z</time>
      </trkpt>
      <trkpt lat="48.725284142419696" lon="-121.83904426172376">
        <ele>1501.72</ele>
        <time>2018-05-21T00:03:17Z</time>
      </trkpt>
      <trkpt lat="48.725336361676455" lon="-121.83910561725497">
        <ele>1502.68</ele>
        <time>2018-05-21T00:03:28Z</time>
      </trkpt>
      <trkpt lat="48.725371062755585" lon="-121.8391212914139">
        <ele>1503.64</ele>
        <time>2018-05-21T00:03:35Z</time>
      </trkpt>
      <trkpt lat="48.725418504327536" lon="-121.83915741741657">
        <ele>1504.12</ele>
        <time>2018-05-21T00:03:43Z</time>
      </trkpt>
      <trkpt lat="48.725459072738886" lon="-121.83921474963427">
        <ele>1506.04</ele>
        <time>2018-05-21T00:03:52Z</time>
      </trkpt>
      <trkpt lat="48.72550919651985" lon="-121.83926428668201">
        <ele>1507.48</ele>
        <time>2018-05-21T00:04:01Z</time>
      </trkpt>
      <trkpt lat="48.7255497649312" lon="-121.83931851759553">
        <ele>1508.93</ele>
        <time>2018-05-21T00:04:09Z</time>
      </trkpt>
      <trkpt lat="48.725587064400315" lon="-121.83937693946064">
        <ele>1510.37</ele>
        <time>2018-05-21T00:04:18Z</time>
      </trkpt>
      <trkpt lat="48.7256345897913" lon="-121.83946469798684">
        <ele>1511.33</ele>
        <time>2018-05-21T00:04:28Z</time>
      </trkpt>
      <trkpt lat="48.72565780766308" lon="-121.83953418396413">
        <ele>1512.77</ele>
        <time>2018-05-21T00:04:35Z</time>
      </trkpt>
      <trkpt lat="48.72570256702602" lon="-121.83960082009435">
        <ele>1513.73</ele>
        <time>2018-05-21T00:04:45Z</time>
      </trkpt>
      <trkpt lat="48.72581639327109" lon="-121.83976326137781">
        <ele>1516.14</ele>
        <time>2018-05-21T00:05:12Z</time>
      </trkpt>
      <trkpt lat="48.72589937411249" lon="-121.83990240097046">
        <ele>1518.06</ele>
        <time>2018-05-21T00:05:27Z</time>
      </trkpt>
      <trkpt lat="48.72596399858594" lon="-121.83998705819249">
        <ele>1518.54</ele>
        <time>2018-05-21T00:05:41Z</time>
      </trkpt>
      <trkpt lat="48.7260059081018" lon="-121.84005796909332">
        <ele>1519.98</ele>
        <time>2018-05-21T00:05:51Z</time>
      </trkpt>
      <trkpt lat="48.72605485841632" lon="-121.84012862853706">
        <ele>1519.98</ele>
        <time>2018-05-21T00:06:00Z</time>
      </trkpt>
      <trkpt lat="48.72610196471214" lon="-121.84020305983722">
        <ele>1521.42</ele>
        <time>2018-05-21T00:06:10Z</time>
      </trkpt>
      <trkpt lat="48.726160638034344" lon="-121.84028847143054">
        <ele>1522.39</ele>
        <time>2018-05-21T00:06:20Z</time>
      </trkpt>
      <trkpt lat="48.726246720179915" lon="-121.84044353663921">
        <ele>1520.94</ele>
        <time>2018-05-21T00:06:40Z</time>
      </trkpt>
      <trkpt lat="48.72629634104669" lon="-121.84050388634205">
        <ele>1521.42</ele>
        <time>2018-05-21T00:06:49Z</time>
      </trkpt>
      <trkpt lat="48.726355684921145" lon="-121.8405843526125">
        <ele>1522.39</ele>
        <time>2018-05-21T00:06:57Z</time>
      </trkpt>
      <trkpt lat="48.72640421614051" lon="-121.8406776431948">
        <ele>1522.87</ele>
        <time>2018-05-21T00:07:05Z</time>
      </trkpt>
      <trkpt lat="48.72643296606839" lon="-121.8407067283988">
        <ele>1523.35</ele>
        <time>2018-05-21T00:07:09Z</time>
      </trkpt>
      <trkpt lat="48.72648552060127" lon="-121.84079205617309">
        <ele>1525.27</ele>
        <time>2018-05-21T00:07:19Z</time>
      </trkpt>
      <trkpt lat="48.72653480619192" lon="-121.84077520854771">
        <ele>1526.71</ele>
        <time>2018-05-21T00:07:29Z</time>
      </trkpt>
      <trkpt lat="48.72672004625201" lon="-121.84077998623252">
        <ele>1527.67</ele>
        <time>2018-05-21T00:07:58Z</time>
      </trkpt>
      <trkpt lat="48.726799339056015" lon="-121.84077562764287">
        <ele>1530.56</ele>
        <time>2018-05-21T00:08:25Z</time>
      </trkpt>
      <trkpt lat="48.72686228714883" lon="-121.84079079888761">
        <ele>1531.52</ele>
        <time>2018-05-21T00:08:38Z</time>
      </trkpt>
      <trkpt lat="48.72689137235284" lon="-121.84078241698444">
        <ele>1532.48</ele>
        <time>2018-05-21T00:08:42Z</time>
      </trkpt>
      <trkpt lat="48.727057753130794" lon="-121.8408034555614">
        <ele>1535.36</ele>
        <time>2018-05-21T00:09:11Z</time>
      </trkpt>
      <trkpt lat="48.72711416333914" lon="-121.84080806560814">
        <ele>1537.29</ele>
        <time>2018-05-21T00:09:20Z</time>
      </trkpt>
      <trkpt lat="48.7271299213171" lon="-121.84082114137709">
        <ele>1538.25</ele>
        <time>2018-05-21T00:09:23Z</time>
      </trkpt>
      <trkpt lat="48.72718323022127" lon="-121.84083530679345">
        <ele>1539.21</ele>
        <time>2018-05-21T00:09:31Z</time>
      </trkpt>
      <trkpt lat="48.72720158658922" lon="-121.84082684107125">
        <ele>1541.61</ele>
        <time>2018-05-21T00:09:39Z</time>
      </trkpt>
      <trkpt lat="48.72723972424865" lon="-121.84082239866257">
        <ele>1542.09</ele>
        <time>2018-05-21T00:09:53Z</time>
      </trkpt>
      <trkpt lat="48.72730334289372" lon="-121.84084930457175">
        <ele>1543.53</ele>
        <time>2018-05-21T00:10:03Z</time>
      </trkpt>
      <trkpt lat="48.72731692157686" lon="-121.84084578417242">
        <ele>1544.5</ele>
        <time>2018-05-21T00:10:08Z</time>
      </trkpt>
      <trkpt lat="48.727366207167506" lon="-121.84085927903652">
        <ele>1545.46</ele>
        <time>2018-05-21T00:10:16Z</time>
      </trkpt>
      <trkpt lat="48.72739378362894" lon="-121.84088199399412">
        <ele>1546.9</ele>
        <time>2018-05-21T00:10:26Z</time>
      </trkpt>
      <trkpt lat="48.72745614498854" lon="-121.8408951535821">
        <ele>1548.34</ele>
        <time>2018-05-21T00:10:37Z</time>
      </trkpt>
      <trkpt lat="48.72754910029471" lon="-121.84090848080814">
        <ele>1549.3</ele>
        <time>2018-05-21T00:10:52Z</time>
      </trkpt>
      <trkpt lat="48.72759050689638" lon="-121.84092541225255">
        <ele>1549.78</ele>
        <time>2018-05-21T00:11:01Z</time>
      </trkpt>
      <trkpt lat="48.72763375751674" lon="-121.8409363925457">
        <ele>1551.22</ele>
        <time>2018-05-21T00:11:08Z</time>
      </trkpt>
      <trkpt lat="48.727660244330764" lon="-121.84095458127558">
        <ele>1551.71</ele>
        <time>2018-05-21T00:11:14Z</time>
      </trkpt>
      <trkpt lat="48.72774699702859" lon="-121.84098048135638">
        <ele>1554.59</ele>
        <time>2018-05-21T00:11:30Z</time>
      </trkpt>
      <trkpt lat="48.72781874611974" lon="-121.84101543389261">
        <ele>1557.47</ele>
        <time>2018-05-21T00:11:48Z</time>
      </trkpt>
      <trkpt lat="48.727870965376496" lon="-121.84101954102516">
        <ele>1558.43</ele>
        <time>2018-05-21T00:11:57Z</time>
      </trkpt>
      <trkpt lat="48.72789963148534" lon="-121.84103638865054">
        <ele>1559.4</ele>
        <time>2018-05-21T00:12:03Z</time>
      </trkpt>
      <trkpt lat="48.72794606722891" lon="-121.84101928956807">
        <ele>1559.88</ele>
        <time>2018-05-21T00:12:14Z</time>
      </trkpt>
      <trkpt lat="48.728013038635254" lon="-121.8410209659487">
        <ele>1561.32</ele>
        <time>2018-05-21T00:12:24Z</time>
      </trkpt>
      <trkpt lat="48.72810607776046" lon="-121.84104066342115">
        <ele>1563.24</ele>
        <time>2018-05-21T00:12:43Z</time>
      </trkpt>
      <trkpt lat="48.72814379632473" lon="-121.84105223044753">
        <ele>1564.2</ele>
        <time>2018-05-21T00:12:51Z</time>
      </trkpt>
      <trkpt lat="48.72818394564092" lon="-121.84104359708726">
        <ele>1565.64</ele>
        <time>2018-05-21T00:12:59Z</time>
      </trkpt>
      <trkpt lat="48.72823457233608" lon="-121.84106002561748">
        <ele>1568.05</ele>
        <time>2018-05-21T00:13:11Z</time>
      </trkpt>
      <trkpt lat="48.72834898531437" lon="-121.8410730175674">
        <ele>1570.45</ele>
        <time>2018-05-21T00:13:31Z</time>
      </trkpt>
      <trkpt lat="48.72840019874275" lon="-121.84109061956406">
        <ele>1572.37</ele>
        <time>2018-05-21T00:13:41Z</time>
      </trkpt>
      <trkpt lat="48.72845996171236" lon="-121.84110319241881">
        <ele>1574.3</ele>
        <time>2018-05-21T00:13:50Z</time>
      </trkpt>
      <trkpt lat="48.728498267009854" lon="-121.84112716466188">
        <ele>1575.74</ele>
        <time>2018-05-21T00:13:58Z</time>
      </trkpt>
      <trkpt lat="48.728597424924374" lon="-121.84118181467056">
        <ele>1576.22</ele>
        <time>2018-05-21T00:14:15Z</time>
      </trkpt>
      <trkpt lat="48.72868551872671" lon="-121.84123990125954">
        <ele>1577.66</ele>
        <time>2018-05-21T00:14:29Z</time>
      </trkpt>
      <trkpt lat="48.72878241352737" lon="-121.84126881882548">
        <ele>1577.66</ele>
        <time>2018-05-21T00:14:46Z</time>
      </trkpt>
      <trkpt lat="48.72882968746126" lon="-121.84129807166755">
        <ele>1579.58</ele>
        <time>2018-05-21T00:14:55Z</time>
      </trkpt>
      <trkpt lat="48.72895927168429" lon="-121.8413835670799">
        <ele>1581.99</ele>
        <time>2018-05-21T00:15:12Z</time>
      </trkpt>
      <trkpt lat="48.7290105689317" lon="-121.84141466394067">
        <ele>1582.95</ele>
        <time>2018-05-21T00:15:21Z</time>
      </trkpt>
      <trkpt lat="48.72906689532101" lon="-121.84145472943783">
        <ele>1584.39</ele>
        <time>2018-05-21T00:15:29Z</time>
      </trkpt>
      <trkpt lat="48.729133028537035" lon="-121.8414887599647">
        <ele>1586.31</ele>
        <time>2018-05-21T00:15:37Z</time>
      </trkpt>
      <trkpt lat="48.72918616980314" lon="-121.84150711633265">
        <ele>1588.24</ele>
        <time>2018-05-21T00:15:46Z</time>
      </trkpt>
      <trkpt lat="48.7292523868382" lon="-121.8415183480829">
        <ele>1589.68</ele>
        <time>2018-05-21T00:15:56Z</time>
      </trkpt>
      <trkpt lat="48.72930913232267" lon="-121.84153980575502">
        <ele>1591.12</ele>
        <time>2018-05-21T00:16:04Z</time>
      </trkpt>
      <trkpt lat="48.729355819523335" lon="-121.84157316572964">
        <ele>1593.04</ele>
        <time>2018-05-21T00:16:13Z</time>
      </trkpt>
      <trkpt lat="48.72941776178777" lon="-121.84156838804483">
        <ele>1594.0</ele>
        <time>2018-05-21T00:16:21Z</time>
      </trkpt>
      <trkpt lat="48.72947433963418" lon="-121.84157635085285">
        <ele>1595.45</ele>
        <time>2018-05-21T00:16:29Z</time>
      </trkpt>
      <trkpt lat="48.72952429577708" lon="-121.84159177355468">
        <ele>1596.41</ele>
        <time>2018-05-21T00:16:38Z</time>
      </trkpt>
      <trkpt lat="48.72958950698376" lon="-121.8415770214051">
        <ele>1597.85</ele>
        <time>2018-05-21T00:16:46Z</time>
      </trkpt>
      <trkpt lat="48.72962546534836" lon="-121.84157215990126">
        <ele>1598.81</ele>
        <time>2018-05-21T00:16:54Z</time>
      </trkpt>
      <trkpt lat="48.72967332601547" lon="-121.84157794341445">
        <ele>1598.81</ele>
        <time>2018-05-21T00:17:03Z</time>
      </trkpt>
      <trkpt lat="48.72971951030195" lon="-121.84157274663448">
        <ele>1599.77</ele>
        <time>2018-05-21T00:17:11Z</time>
      </trkpt>
      <trkpt lat="48.729779524728656" lon="-121.84152647852898">
        <ele>1601.21</ele>
        <time>2018-05-21T00:17:22Z</time>
      </trkpt>
      <trkpt lat="48.72980031184852" lon="-121.84152530506253">
        <ele>1602.17</ele>
        <time>2018-05-21T00:17:25Z</time>
      </trkpt>
      <trkpt lat="48.729922603815794" lon="-121.8415492773056">
        <ele>1604.58</ele>
        <time>2018-05-21T00:17:43Z</time>
      </trkpt>
      <trkpt lat="48.73004003427923" lon="-121.84156293980777">
        <ele>1607.46</ele>
        <time>2018-05-21T00:18:00Z</time>
      </trkpt>
      <trkpt lat="48.73009359464049" lon="-121.84155757538974">
        <ele>1609.86</ele>
        <time>2018-05-21T00:18:08Z</time>
      </trkpt>
      <trkpt lat="48.73019208200276" lon="-121.84155263006687">
        <ele>1612.27</ele>
        <time>2018-05-21T00:18:23Z</time>
      </trkpt>
      <trkpt lat="48.73024991713464" lon="-121.84154123067856">
        <ele>1613.71</ele>
        <time>2018-05-21T00:18:32Z</time>
      </trkpt>
      <trkpt lat="48.7303005438298" lon="-121.84152723290026">
        <ele>1614.19</ele>
        <time>2018-05-21T00:18:40Z</time>
      </trkpt>
      <trkpt lat="48.73044605366886" lon="-121.841531842947">
        <ele>1618.52</ele>
        <time>2018-05-21T00:19:04Z</time>
      </trkpt>
      <trkpt lat="48.730514869093895" lon="-121.84154517017305">
        <ele>1619.0</ele>
        <time>2018-05-21T00:19:14Z</time>
      </trkpt>
      <trkpt lat="48.73056675307453" lon="-121.84156185016036">
        <ele>1619.48</ele>
        <time>2018-05-21T00:19:22Z</time>
      </trkpt>
      <trkpt lat="48.73070077970624" lon="-121.84157752431929">
        <ele>1621.88</ele>
        <time>2018-05-21T00:19:39Z</time>
      </trkpt>
      <trkpt lat="48.73075895011425" lon="-121.84155858121812">
        <ele>1622.84</ele>
        <time>2018-05-21T00:19:49Z</time>
      </trkpt>
      <trkpt lat="48.73077319934964" lon="-121.84154349379241">
        <ele>1622.84</ele>
        <time>2018-05-21T00:19:52Z</time>
      </trkpt>
      <trkpt lat="48.73080924153328" lon="-121.8415199406445">
        <ele>1623.8</ele>
        <time>2018-05-21T00:19:58Z</time>
      </trkpt>
      <trkpt lat="48.73085609637201" lon="-121.84147819876671">
        <ele>1624.77</ele>
        <time>2018-05-21T00:20:07Z</time>
      </trkpt>
      <trkpt lat="48.73089523985982" lon="-121.84145607054234">
        <ele>1625.73</ele>
        <time>2018-05-21T00:20:16Z</time>
      </trkpt>
      <trkpt lat="48.73092348687351" lon="-121.84142899699509">
        <ele>1626.21</ele>
        <time>2018-05-21T00:20:24Z</time>
      </trkpt>
      <trkpt lat="48.73095056042075" lon="-121.84138708747923">
        <ele>1627.65</ele>
        <time>2018-05-21T00:20:30Z</time>
      </trkpt>
      <trkpt lat="48.73105784878135" lon="-121.84141818434">
        <ele>1629.57</ele>
        <time>2018-05-21T00:20:41Z</time>
      </trkpt>
      <trkpt lat="48.731130100786686" lon="-121.8414422404021">
        <ele>1629.57</ele>
        <time>2018-05-21T00:20:49Z</time>
      </trkpt>
      <trkpt lat="48.731211237609386" lon="-121.84145892038941">
        <ele>1629.09</ele>
        <time>2018-05-21T00:20:58Z</time>
      </trkpt>
      <trkpt lat="48.73131098225713" lon="-121.84147518128157">
        <ele>1629.57</ele>
        <time>2018-05-21T00:21:09Z</time>
      </trkpt>
      <trkpt lat="48.73138943687081" lon="-121.84147803112864">
        <ele>1630.05</ele>
        <time>2018-05-21T00:21:17Z</time>
      </trkpt>
      <trkpt lat="48.73145582154393" lon="-121.84146713465452">
        <ele>1630.53</ele>
        <time>2018-05-21T00:21:27Z</time>
      </trkpt>
      <trkpt lat="48.73157945461571" lon="-121.84150057844818">
        <ele>1631.98</ele>
        <time>2018-05-21T00:21:44Z</time>
      </trkpt>
      <trkpt lat="48.73167173936963" lon="-121.84150527231395">
        <ele>1634.38</ele>
        <time>2018-05-21T00:22:00Z</time>
      </trkpt>
      <trkpt lat="48.731725718826056" lon="-121.84143939055502">
        <ele>1634.38</ele>
        <time>2018-05-21T00:22:11Z</time>
      </trkpt>
      <trkpt lat="48.73177425004542" lon="-121.84141491539776">
        <ele>1636.3</ele>
        <time>2018-05-21T00:22:20Z</time>
      </trkpt>
      <trkpt lat="48.731794534251094" lon="-121.84138247743249">
        <ele>1639.19</ele>
        <time>2018-05-21T00:22:50Z</time>
      </trkpt>
      <trkpt lat="48.731762850657105" lon="-121.84142103418708">
        <ele>1641.11</ele>
        <time>2018-05-21T00:23:07Z</time>
      </trkpt>
      <trkpt lat="48.731799898669124" lon="-121.84143972583115">
        <ele>1641.59</ele>
        <time>2018-05-21T00:23:20Z</time>
      </trkpt>
      <trkpt lat="48.731901068240404" lon="-121.84141483157873">
        <ele>1643.99</ele>
        <time>2018-05-21T00:23:31Z</time>
      </trkpt>
      <trkpt lat="48.73194959945977" lon="-121.84139739722013">
        <ele>1643.51</ele>
        <time>2018-05-21T00:23:41Z</time>
      </trkpt>
      <trkpt lat="48.73201212845743" lon="-121.8414094671607">
        <ele>1643.99</ele>
        <time>2018-05-21T00:23:50Z</time>
      </trkpt>
      <trkpt lat="48.732096618041396" lon="-121.84141516685486">
        <ele>1645.43</ele>
        <time>2018-05-21T00:23:59Z</time>
      </trkpt>
      <trkpt lat="48.73215839266777" lon="-121.8414057791233">
        <ele>1646.4</ele>
        <time>2018-05-21T00:24:07Z</time>
      </trkpt>
      <trkpt lat="48.732164008542895" lon="-121.84145741164684">
        <ele>1646.88</ele>
        <time>2018-05-21T00:24:26Z</time>
      </trkpt>
      <trkpt lat="48.73223475180566" lon="-121.84146964922547">
        <ele>1647.84</ele>
        <time>2018-05-21T00:24:37Z</time>
      </trkpt>
      <trkpt lat="48.73231035657227" lon="-121.84145875275135">
        <ele>1649.28</ele>
        <time>2018-05-21T00:24:47Z</time>
      </trkpt>
      <trkpt lat="48.7323778308928" lon="-121.8414443358779">
        <ele>1650.72</ele>
        <time>2018-05-21T00:24:55Z</time>
      </trkpt>
      <trkpt lat="48.73240104876459" lon="-121.84152010828257">
        <ele>1652.16</ele>
        <time>2018-05-21T00:25:04Z</time>
      </trkpt>
      <trkpt lat="48.73248076066375" lon="-121.84148725122213">
        <ele>1654.57</ele>
        <time>2018-05-21T00:25:12Z</time>
      </trkpt>
      <trkpt lat="48.73257237486541" lon="-121.84148666448891">
        <ele>1656.49</ele>
        <time>2018-05-21T00:25:21Z</time>
      </trkpt>
      <trkpt lat="48.73265443369746" lon="-121.84154340997338">
        <ele>1659.37</ele>
        <time>2018-05-21T00:25:39Z</time>
      </trkpt>
      <trkpt lat="48.732677986845374" lon="-121.84153444133699">
        <ele>1660.33</ele>
        <time>2018-05-21T00:25:42Z</time>
      </trkpt>
      <trkpt lat="48.73274722136557" lon="-121.84152832254767">
        <ele>1662.74</ele>
        <time>2018-05-21T00:25:52Z</time>
      </trkpt>
      <trkpt lat="48.732804050669074" lon="-121.841492196545">
        <ele>1664.18</ele>
        <time>2018-05-21T00:26:02Z</time>
      </trkpt>
      <trkpt lat="48.73285124078393" lon="-121.84148339554667">
        <ele>1666.1</ele>
        <time>2018-05-21T00:26:10Z</time>
      </trkpt>
      <trkpt lat="48.73286255635321" lon="-121.84151365421712">
        <ele>1668.99</ele>
        <time>2018-05-21T00:26:19Z</time>
      </trkpt>
      <trkpt lat="48.73288309201598" lon="-121.84152513742447">
        <ele>1670.91</ele>
        <time>2018-05-21T00:26:28Z</time>
      </trkpt>
      <trkpt lat="48.73296841979027" lon="-121.84154667891562">
        <ele>1673.79</ele>
        <time>2018-05-21T00:26:38Z</time>
      </trkpt>
      <trkpt lat="48.73300060629845" lon="-121.84155212715268">
        <ele>1676.68</ele>
        <time>2018-05-21T00:26:48Z</time>
      </trkpt>
      <trkpt lat="48.733053831383586" lon="-121.8415405601263">
        <ele>1678.12</ele>
        <time>2018-05-21T00:26:57Z</time>
      </trkpt>
      <trkpt lat="48.733083168044686" lon="-121.84155782684684">
        <ele>1680.52</ele>
        <time>2018-05-21T00:27:07Z</time>
      </trkpt>
      <trkpt lat="48.733159862458706" lon="-121.84158498421311">
        <ele>1682.44</ele>
        <time>2018-05-21T00:27:16Z</time>
      </trkpt>
      <trkpt lat="48.733176458626986" lon="-121.84159546159208">
        <ele>1682.44</ele>
        <time>2018-05-21T00:27:25Z</time>
      </trkpt>
      <trkpt lat="48.733158856630325" lon="-121.84160853736103">
        <ele>1680.04</ele>
        <time>2018-05-21T00:28:02Z</time>
      </trkpt>
      <trkpt lat="48.73313136398792" lon="-121.8415667116642">
        <ele>1679.08</ele>
        <time>2018-05-21T00:28:35Z</time>
      </trkpt>
      <trkpt lat="48.733115354552865" lon="-121.8415802065283">
        <ele>1676.68</ele>
        <time>2018-05-21T00:29:09Z</time>
      </trkpt>
      <trkpt lat="48.73311912640929" lon="-121.84161365032196">
        <ele>1676.2</ele>
        <time>2018-05-21T00:29:50Z</time>
      </trkpt>
      <trkpt lat="48.73312884941697" lon="-121.84158749878407">
        <ele>1677.16</ele>
        <time>2018-05-21T00:30:17Z</time>
      </trkpt>
      <trkpt lat="48.73313513584435" lon="-121.84159537777305">
        <ele>1676.68</ele>
        <time>2018-05-21T00:32:03Z</time>
      </trkpt>
      <trkpt lat="48.73310403898358" lon="-121.84159395284951">
        <ele>1681.96</ele>
        <time>2018-05-21T00:37:27Z</time>
      </trkpt>
      <trkpt lat="48.733113845810294" lon="-121.84158749878407">
        <ele>1679.56</ele>
        <time>2018-05-21T00:52:52Z</time>
      </trkpt>
      <trkpt lat="48.73311007395387" lon="-121.84161641635">
        <ele>1675.72</ele>
        <time>2018-05-21T00:54:17Z</time>
      </trkpt>
      <trkpt lat="48.733160281553864" lon="-121.84162228368223">
        <ele>1675.23</ele>
        <time>2018-05-21T00:54:29Z</time>
      </trkpt>
      <trkpt lat="48.7331479601562" lon="-121.84162982739508">
        <ele>1675.72</ele>
        <time>2018-05-21T00:54:54Z</time>
      </trkpt>
      <trkpt lat="48.733161287382245" lon="-121.84164248406887">
        <ele>1674.27</ele>
        <time>2018-05-21T00:55:35Z</time>
      </trkpt>
      <trkpt lat="48.73311401344836" lon="-121.84161767363548">
        <ele>1672.35</ele>
        <time>2018-05-21T00:55:48Z</time>
      </trkpt>
      <trkpt lat="48.73310890048742" lon="-121.84163603000343">
        <ele>1671.39</ele>
        <time>2018-05-21T00:56:10Z</time>
      </trkpt>
      <trkpt lat="48.73308677226305" lon="-121.84162739664316">
        <ele>1673.31</ele>
        <time>2018-05-21T00:56:39Z</time>
      </trkpt>
      <trkpt lat="48.73311820439994" lon="-121.84162127785385">
        <ele>1672.83</ele>
        <time>2018-05-21T00:57:08Z</time>
      </trkpt>
      <trkpt lat="48.733131531625986" lon="-121.84161105193198">
        <ele>1672.35</ele>
        <time>2018-05-21T00:57:20Z</time>
      </trkpt>
      <trkpt lat="48.7332031968981" lon="-121.84151792898774">
        <ele>1669.95</ele>
        <time>2018-05-21T00:57:33Z</time>
      </trkpt>
      <trkpt lat="48.73328743502498" lon="-121.8414615187794">
        <ele>1668.99</ele>
        <time>2018-05-21T00:57:44Z</time>
      </trkpt>
      <trkpt lat="48.73336588963866" lon="-121.8414374627173">
        <ele>1670.43</ele>
        <time>2018-05-21T00:57:56Z</time>
      </trkpt>
      <trkpt lat="48.73344484716654" lon="-121.84139563702047">
        <ele>1670.91</ele>
        <time>2018-05-21T00:58:08Z</time>
      </trkpt>
      <trkpt lat="48.73350058682263" lon="-121.84138524346054">
        <ele>1673.31</ele>
        <time>2018-05-21T00:58:19Z</time>
      </trkpt>
      <trkpt lat="48.733551213517785" lon="-121.84136931784451">
        <ele>1675.72</ele>
        <time>2018-05-21T00:58:28Z</time>
      </trkpt>
      <trkpt lat="48.73364232480526" lon="-121.84134693816304">
        <ele>1679.56</ele>
        <time>2018-05-21T00:58:46Z</time>
      </trkpt>
      <trkpt lat="48.733694376423955" lon="-121.84135506860912">
        <ele>1680.52</ele>
        <time>2018-05-21T00:58:59Z</time>
      </trkpt>
      <trkpt lat="48.73373435810208" lon="-121.84135624207556">
        <ele>1682.44</ele>
        <time>2018-05-21T00:59:09Z</time>
      </trkpt>
      <trkpt lat="48.733792277053" lon="-121.8413735087961">
        <ele>1684.85</ele>
        <time>2018-05-21T00:59:22Z</time>
      </trkpt>
      <trkpt lat="48.73384793289006" lon="-121.84136697091162">
        <ele>1685.81</ele>
        <time>2018-05-21T00:59:32Z</time>
      </trkpt>
      <trkpt lat="48.733954802155495" lon="-121.8413090519607">
        <ele>1691.1</ele>
        <time>2018-05-21T00:59:53Z</time>
      </trkpt>
      <trkpt lat="48.734013894572854" lon="-121.84131735004485">
        <ele>1691.58</ele>
        <time>2018-05-21T01:00:03Z</time>
      </trkpt>
      <trkpt lat="48.73405831865966" lon="-121.84134081937373">
        <ele>1693.5</ele>
        <time>2018-05-21T01:00:13Z</time>
      </trkpt>
      <trkpt lat="48.734120009467006" lon="-121.84134559705853">
        <ele>1695.9</ele>
        <time>2018-05-21T01:00:24Z</time>
      </trkpt>
      <trkpt lat="48.73422956094146" lon="-121.84136621654034">
        <ele>1698.31</ele>
        <time>2018-05-21T01:00:48Z</time>
      </trkpt>
      <trkpt lat="48.73428722843528" lon="-121.84135842137039">
        <ele>1698.79</ele>
        <time>2018-05-21T01:00:59Z</time>
      </trkpt>
      <trkpt lat="48.73432268388569" lon="-121.84137711301446">
        <ele>1698.31</ele>
        <time>2018-05-21T01:01:10Z</time>
      </trkpt>
      <trkpt lat="48.73438521288335" lon="-121.8413714133203">
        <ele>1699.27</ele>
        <time>2018-05-21T01:01:21Z</time>
      </trkpt>
      <trkpt lat="48.73444547876716" lon="-121.8413751013577">
        <ele>1700.71</ele>
        <time>2018-05-21T01:01:32Z</time>
      </trkpt>
      <trkpt lat="48.734507923945785" lon="-121.84135045856237">
        <ele>1703.59</ele>
        <time>2018-05-21T01:01:42Z</time>
      </trkpt>
      <trkpt lat="48.73457564972341" lon="-121.84134174138308">
        <ele>1705.04</ele>
        <time>2018-05-21T01:01:52Z</time>
      </trkpt>
      <trkpt lat="48.734675562009215" lon="-121.8413597624749">
        <ele>1706.48</ele>
        <time>2018-05-21T01:02:09Z</time>
      </trkpt>
      <trkpt lat="48.7347315531224" lon="-121.84135456569493">
        <ele>1707.44</ele>
        <time>2018-05-21T01:02:19Z</time>
      </trkpt>
      <trkpt lat="48.73485610820353" lon="-121.84136923402548">
        <ele>1709.84</ele>
        <time>2018-05-21T01:02:41Z</time>
      </trkpt>
      <trkpt lat="48.734910506755114" lon="-121.84136286377907">
        <ele>1711.76</ele>
        <time>2018-05-21T01:02:51Z</time>
      </trkpt>
      <trkpt lat="48.73505559749901" lon="-121.84133461676538">
        <ele>1714.65</ele>
        <time>2018-05-21T01:03:21Z</time>
      </trkpt>
      <trkpt lat="48.73510370962322" lon="-121.84133897535503">
        <ele>1716.09</ele>
        <time>2018-05-21T01:03:30Z</time>
      </trkpt>
      <trkpt lat="48.73516288585961" lon="-121.84133159928024">
        <ele>1719.46</ele>
        <time>2018-05-21T01:03:42Z</time>
      </trkpt>
      <trkpt lat="48.73522985726595" lon="-121.84133528731763">
        <ele>1723.3</ele>
        <time>2018-05-21T01:03:54Z</time>
      </trkpt>
      <trkpt lat="48.73528014868498" lon="-121.84132615104318">
        <ele>1725.22</ele>
        <time>2018-05-21T01:04:05Z</time>
      </trkpt>
      <trkpt lat="48.73532960191369" lon="-121.84132975526154">
        <ele>1726.67</ele>
        <time>2018-05-21T01:04:15Z</time>
      </trkpt>
      <trkpt lat="48.73546312563121" lon="-121.84136261232197">
        <ele>1725.22</ele>
        <time>2018-05-21T01:04:34Z</time>
      </trkpt>
      <trkpt lat="48.73552858829498" lon="-121.84135381132364">
        <ele>1726.67</ele>
        <time>2018-05-21T01:04:44Z</time>
      </trkpt>
      <trkpt lat="48.7355846632272" lon="-121.84137208387256">
        <ele>1727.63</ele>
        <time>2018-05-21T01:04:56Z</time>
      </trkpt>
      <trkpt lat="48.73565297573805" lon="-121.84133998118341">
        <ele>1730.99</ele>
        <time>2018-05-21T01:05:07Z</time>
      </trkpt>
      <trkpt lat="48.73570469208062" lon="-121.84133721515536">
        <ele>1731.95</ele>
        <time>2018-05-21T01:05:18Z</time>
      </trkpt>
      <trkpt lat="48.73575557023287" lon="-121.84134769253433">
        <ele>1733.39</ele>
        <time>2018-05-21T01:05:31Z</time>
      </trkpt>
      <trkpt lat="48.73582161962986" lon="-121.8413233011961">
        <ele>1735.8</ele>
        <time>2018-05-21T01:05:42Z</time>
      </trkpt>
      <trkpt lat="48.73589001595974" lon="-121.84131785295904">
        <ele>1737.24</ele>
        <time>2018-05-21T01:05:54Z</time>
      </trkpt>
      <trkpt lat="48.73592086136341" lon="-121.8413214571774">
        <ele>1738.68</ele>
        <time>2018-05-21T01:06:00Z</time>
      </trkpt>
      <trkpt lat="48.735992358997464" lon="-121.84130519628525">
        <ele>1742.05</ele>
        <time>2018-05-21T01:06:12Z</time>
      </trkpt>
      <trkpt lat="48.736052038148046" lon="-121.84134257957339">
        <ele>1741.57</ele>
        <time>2018-05-21T01:06:25Z</time>
      </trkpt>
      <trkpt lat="48.73614700511098" lon="-121.84137945994735">
        <ele>1741.08</ele>
        <time>2018-05-21T01:06:37Z</time>
      </trkpt>
      <trkpt lat="48.736199056729674" lon="-121.841428745538">
        <ele>1739.64</ele>
        <time>2018-05-21T01:06:47Z</time>
      </trkpt>
      <trkpt lat="48.7362667825073" lon="-121.84144668281078">
        <ele>1738.68</ele>
        <time>2018-05-21T01:06:59Z</time>
      </trkpt>
      <trkpt lat="48.736321181058884" lon="-121.84147828258574">
        <ele>1740.12</ele>
        <time>2018-05-21T01:07:09Z</time>
      </trkpt>
      <trkpt lat="48.73637365177274" lon="-121.84149881824851">
        <ele>1742.05</ele>
        <time>2018-05-21T01:07:21Z</time>
      </trkpt>
      <trkpt lat="48.736422350630164" lon="-121.84149228036404">
        <ele>1744.45</ele>
        <time>2018-05-21T01:07:30Z</time>
      </trkpt>
      <trkpt lat="48.736463924869895" lon="-121.84149471111596">
        <ele>1747.33</ele>
        <time>2018-05-21T01:07:44Z</time>
      </trkpt>
      <trkpt lat="48.73652385547757" lon="-121.84148976579309">
        <ele>1749.74</ele>
        <time>2018-05-21T01:07:55Z</time>
      </trkpt>
      <trkpt lat="48.73655344359577" lon="-121.84150703251362">
        <ele>1751.66</ele>
        <time>2018-05-21T01:08:04Z</time>
      </trkpt>
      <trkpt lat="48.73668512329459" lon="-121.84155732393265">
        <ele>1752.62</ele>
        <time>2018-05-21T01:08:25Z</time>
      </trkpt>
      <trkpt lat="48.73673348687589" lon="-121.84154567308724">
        <ele>1751.66</ele>
        <time>2018-05-21T01:08:35Z</time>
      </trkpt>
      <trkpt lat="48.73678226955235" lon="-121.84155263006687">
        <ele>1749.74</ele>
        <time>2018-05-21T01:08:45Z</time>
      </trkpt>
      <trkpt lat="48.73688586987555" lon="-121.84159160591662">
        <ele>1748.78</ele>
        <time>2018-05-21T01:08:56Z</time>
      </trkpt>
      <trkpt lat="48.736938424408436" lon="-121.84160853736103">
        <ele>1748.78</ele>
        <time>2018-05-21T01:09:07Z</time>
      </trkpt>
      <trkpt lat="48.736983351409435" lon="-121.84161121957004">
        <ele>1751.18</ele>
        <time>2018-05-21T01:09:16Z</time>
      </trkpt>
      <trkpt lat="48.73704336583614" lon="-121.84160778298974">
        <ele>1753.1</ele>
        <time>2018-05-21T01:09:25Z</time>
      </trkpt>
      <trkpt lat="48.737094243988395" lon="-121.84161432087421">
        <ele>1754.54</ele>
        <time>2018-05-21T01:09:33Z</time>
      </trkpt>
      <trkpt lat="48.73713070526719" lon="-121.84163150377572">
        <ele>1755.5</ele>
        <time>2018-05-21T01:09:43Z</time>
      </trkpt>
      <trkpt lat="48.737168591469526" lon="-121.84162898920476">
        <ele>1756.47</ele>
        <time>2018-05-21T01:09:53Z</time>
      </trkpt>
      <trkpt lat="48.73721804469824" lon="-121.8416148237884">
        <ele>1758.87</ele>
        <time>2018-05-21T01:10:02Z</time>
      </trkpt>
      <trkpt lat="48.73724319040775" lon="-121.84162597171962">
        <ele>1760.31</ele>
        <time>2018-05-21T01:10:16Z</time>
      </trkpt>
      <trkpt lat="48.73727772384882" lon="-121.84160225093365">
        <ele>1762.71</ele>
        <time>2018-05-21T01:10:30Z</time>
      </trkpt>
      <trkpt lat="48.73730605468154" lon="-121.841603172943">
        <ele>1764.64</ele>
        <time>2018-05-21T01:10:42Z</time>
      </trkpt>
      <trkpt lat="48.737414851784706" lon="-121.84151373803616">
        <ele>1767.52</ele>
        <time>2018-05-21T01:11:13Z</time>
      </trkpt>
      <trkpt lat="48.73745609074831" lon="-121.84146545827389">
        <ele>1769.44</ele>
        <time>2018-05-21T01:11:30Z</time>
      </trkpt>
      <trkpt lat="48.73751652427018" lon="-121.84142975136638">
        <ele>1771.85</ele>
        <time>2018-05-21T01:11:44Z</time>
      </trkpt>
      <trkpt lat="48.737518871203065" lon="-121.84138390235603">
        <ele>1774.25</ele>
        <time>2018-05-21T01:11:55Z</time>
      </trkpt>
      <trkpt lat="48.73757536523044" lon="-121.84127217158675">
        <ele>1777.61</ele>
        <time>2018-05-21T01:12:21Z</time>
      </trkpt>
      <trkpt lat="48.73763596639037" lon="-121.84124979190528">
        <ele>1779.54</ele>
        <time>2018-05-21T01:12:34Z</time>
      </trkpt>
      <trkpt lat="48.7377848289907" lon="-121.84125574305654">
        <ele>1786.75</ele>
        <time>2018-05-21T01:13:12Z</time>
      </trkpt>
      <trkpt lat="48.73783755116165" lon="-121.84125197120011">
        <ele>1789.63</ele>
        <time>2018-05-21T01:13:23Z</time>
      </trkpt>
      <trkpt lat="48.737927321344614" lon="-121.84130226261914">
        <ele>1791.55</ele>
        <time>2018-05-21T01:13:54Z</time>
      </trkpt>
      <trkpt lat="48.737984485924244" lon="-121.84130662120879">
        <ele>1793.0</ele>
        <time>2018-05-21T01:14:04Z</time>
      </trkpt>
      <trkpt lat="48.73801717534661" lon="-121.84130460955203">
        <ele>1793.96</ele>
        <time>2018-05-21T01:14:19Z</time>
      </trkpt>
      <trkpt lat="48.73808096162975" lon="-121.84129044413567">
        <ele>1792.52</ele>
        <time>2018-05-21T01:14:29Z</time>
      </trkpt>
      <trkpt lat="48.738070987164974" lon="-121.84133872389793">
        <ele>1792.52</ele>
        <time>2018-05-21T01:19:40Z</time>
      </trkpt>
      <trkpt lat="48.73814759775996" lon="-121.84131022542715">
        <ele>1793.0</ele>
        <time>2018-05-21T01:19:50Z</time>
      </trkpt>
      <trkpt lat="48.738217167556286" lon="-121.84132422320545">
        <ele>1793.96</ele>
        <time>2018-05-21T01:20:03Z</time>
      </trkpt>
      <trkpt lat="48.738320767879486" lon="-121.84130251407623">
        <ele>1793.48</ele>
        <time>2018-05-21T01:20:14Z</time>
      </trkpt>
      <trkpt lat="48.73841280117631" lon="-121.84130846522748">
        <ele>1792.52</ele>
        <time>2018-05-21T01:20:25Z</time>
      </trkpt>
      <trkpt lat="48.738447250798345" lon="-121.8412955570966">
        <ele>1792.03</ele>
        <time>2018-05-21T01:20:30Z</time>
      </trkpt>
      <trkpt lat="48.73852268792689" lon="-121.84132070280612">
        <ele>1793.48</ele>
        <time>2018-05-21T01:20:40Z</time>
      </trkpt>
      <trkpt lat="48.73858831822872" lon="-121.84135749936104">
        <ele>1794.44</ele>
        <time>2018-05-21T01:20:51Z</time>
      </trkpt>
      <trkpt lat="48.7386345025152" lon="-121.84141164645553">
        <ele>1795.4</ele>
        <time>2018-05-21T01:21:04Z</time>
      </trkpt>
      <trkpt lat="48.738698875531554" lon="-121.84138415381312">
        <ele>1794.92</ele>
        <time>2018-05-21T01:21:17Z</time>
      </trkpt>
      <trkpt lat="48.73871932737529" lon="-121.84136521071196">
        <ele>1793.0</ele>
        <time>2018-05-21T01:21:31Z</time>
      </trkpt>
      <trkpt lat="48.738745311275125" lon="-121.84135498479009">
        <ele>1792.52</ele>
        <time>2018-05-21T01:21:34Z</time>
      </trkpt>
      <trkpt lat="48.73888369649649" lon="-121.84138876385987">
        <ele>1792.52</ele>
        <time>2018-05-21T01:21:46Z</time>
      </trkpt>
      <trkpt lat="48.73890926130116" lon="-121.84141097590327">
        <ele>1792.52</ele>
        <time>2018-05-21T01:21:49Z</time>
      </trkpt>
      <trkpt lat="48.73900447972119" lon="-121.84142120182514">
        <ele>1792.03</ele>
        <time>2018-05-21T01:22:00Z</time>
      </trkpt>
      <trkpt lat="48.73910330235958" lon="-121.84146763756871">
        <ele>1793.0</ele>
        <time>2018-05-21T01:22:12Z</time>
      </trkpt>
      <trkpt lat="48.739198772236705" lon="-121.84148406609893">
        <ele>1793.0</ele>
        <time>2018-05-21T01:22:23Z</time>
      </trkpt>
      <trkpt lat="48.739285692572594" lon="-121.84149529784918">
        <ele>1793.48</ele>
        <time>2018-05-21T01:22:32Z</time>
      </trkpt>
      <trkpt lat="48.73939306475222" lon="-121.8415059428662">
        <ele>1793.96</ele>
        <time>2018-05-21T01:22:44Z</time>
      </trkpt>
      <trkpt lat="48.73956388793886" lon="-121.84156595729291">
        <ele>1794.92</ele>
        <time>2018-05-21T01:23:05Z</time>
      </trkpt>
      <trkpt lat="48.739641504362226" lon="-121.84160426259041">
        <ele>1794.92</ele>
        <time>2018-05-21T01:23:15Z</time>
      </trkpt>
      <trkpt lat="48.73974099755287" lon="-121.84162915684283">
        <ele>1795.4</ele>
        <time>2018-05-21T01:23:27Z</time>
      </trkpt>
      <trkpt lat="48.739799838513136" lon="-121.84163426980376">
        <ele>1795.88</ele>
        <time>2018-05-21T01:23:36Z</time>
      </trkpt>
      <trkpt lat="48.7399379722774" lon="-121.84164013713598">
        <ele>1799.24</ele>
        <time>2018-05-21T01:23:58Z</time>
      </trkpt>
      <trkpt lat="48.73997560702264" lon="-121.84163259342313">
        <ele>1802.13</ele>
        <time>2018-05-21T01:24:10Z</time>
      </trkpt>
      <trkpt lat="48.740084152668715" lon="-121.8416584096849">
        <ele>1807.9</ele>
        <time>2018-05-21T01:24:30Z</time>
      </trkpt>
      <trkpt lat="48.740167301148176" lon="-121.8416544701904">
        <ele>1808.38</ele>
        <time>2018-05-21T01:24:43Z</time>
      </trkpt>
      <trkpt lat="48.74025438912213" lon="-121.84165405109525">
        <ele>1808.86</ele>
        <time>2018-05-21T01:24:55Z</time>
      </trkpt>
      <trkpt lat="48.74032127670944" lon="-121.8416499439627">
        <ele>1808.86</ele>
        <time>2018-05-21T01:25:06Z</time>
      </trkpt>
      <trkpt lat="48.74039654619992" lon="-121.84163083322346">
        <ele>1808.38</ele>
        <time>2018-05-21T01:25:18Z</time>
      </trkpt>
      <trkpt lat="48.740480029955506" lon="-121.84161859564483">
        <ele>1806.94</ele>
        <time>2018-05-21T01:25:29Z</time>
      </trkpt>
      <trkpt lat="48.740595700219274" lon="-121.84159194119275">
        <ele>1811.26</ele>
        <time>2018-05-21T01:25:49Z</time>
      </trkpt>
      <trkpt lat="48.74064791947603" lon="-121.84159998781979">
        <ele>1812.7</ele>
        <time>2018-05-21T01:25:58Z</time>
      </trkpt>
      <trkpt lat="48.74070156365633" lon="-121.84159831143916">
        <ele>1815.59</ele>
        <time>2018-05-21T01:26:07Z</time>
      </trkpt>
      <trkpt lat="48.740799464285374" lon="-121.84160308912396">
        <ele>1820.87</ele>
        <time>2018-05-21T01:26:29Z</time>
      </trkpt>
      <trkpt lat="48.7408500071615" lon="-121.84161222539842">
        <ele>1821.84</ele>
        <time>2018-05-21T01:26:40Z</time>
      </trkpt>
      <trkpt lat="48.74094472266734" lon="-121.84161951765418">
        <ele>1824.72</ele>
        <time>2018-05-21T01:26:57Z</time>
      </trkpt>
      <trkpt lat="48.74098738655448" lon="-121.84160920791328">
        <ele>1827.12</ele>
        <time>2018-05-21T01:27:07Z</time>
      </trkpt>
      <trkpt lat="48.74104262329638" lon="-121.84161742217839">
        <ele>1829.53</ele>
        <time>2018-05-21T01:27:16Z</time>
      </trkpt>
      <trkpt lat="48.74107489362359" lon="-121.8416061066091">
        <ele>1831.93</ele>
        <time>2018-05-21T01:27:27Z</time>
      </trkpt>
      <trkpt lat="48.74111655168235" lon="-121.84160493314266">
        <ele>1834.81</ele>
        <time>2018-05-21T01:27:38Z</time>
      </trkpt>
      <trkpt lat="48.74115938320756" lon="-121.84158992953598">
        <ele>1836.74</ele>
        <time>2018-05-21T01:27:50Z</time>
      </trkpt>
      <trkpt lat="48.741207998245955" lon="-121.84159370139241">
        <ele>1837.7</ele>
        <time>2018-05-21T01:28:02Z</time>
      </trkpt>
      <trkpt lat="48.741278322413564" lon="-121.84158883988857">
        <ele>1838.18</ele>
        <time>2018-05-21T01:28:17Z</time>
      </trkpt>
      <trkpt lat="48.74138116836548" lon="-121.8415632750839">
        <ele>1839.14</ele>
        <time>2018-05-21T01:28:44Z</time>
      </trkpt>
      <trkpt lat="48.74144705012441" lon="-121.84155648574233">
        <ele>1840.58</ele>
        <time>2018-05-21T01:28:54Z</time>
      </trkpt>
      <trkpt lat="48.74154528602958" lon="-121.84156587347388">
        <ele>1846.35</ele>
        <time>2018-05-21T01:29:22Z</time>
      </trkpt>
      <trkpt lat="48.741594990715384" lon="-121.84160434640944">
        <ele>1848.75</ele>
        <time>2018-05-21T01:29:33Z</time>
      </trkpt>
      <trkpt lat="48.74171853996813" lon="-121.84176108799875">
        <ele>1854.52</ele>
        <time>2018-05-21T01:30:08Z</time>
      </trkpt>
      <trkpt lat="48.741792384535074" lon="-121.84179352596402">
        <ele>1859.81</ele>
        <time>2018-05-21T01:30:26Z</time>
      </trkpt>
      <trkpt lat="48.74183555133641" lon="-121.84182328172028">
        <ele>1864.61</ele>
        <time>2018-05-21T01:30:37Z</time>
      </trkpt>
      <trkpt lat="48.74193722382188" lon="-121.84192202053964">
        <ele>1872.79</ele>
        <time>2018-05-21T01:31:01Z</time>
      </trkpt>
      <trkpt lat="48.741992209106684" lon="-121.84193015098572">
        <ele>1872.79</ele>
        <time>2018-05-21T01:31:09Z</time>
      </trkpt>
      <trkpt lat="48.74206722714007" lon="-121.84196828864515">
        <ele>1869.42</ele>
        <time>2018-05-21T01:31:24Z</time>
      </trkpt>
      <trkpt lat="48.742086589336395" lon="-121.84211874380708">
        <ele>1865.58</ele>
        <time>2018-05-21T01:31:39Z</time>
      </trkpt>
      <trkpt lat="48.74205892905593" lon="-121.84216727502644">
        <ele>1863.65</ele>
        <time>2018-05-21T01:31:50Z</time>
      </trkpt>
      <trkpt lat="48.74206286855042" lon="-121.84222879819572">
        <ele>1860.77</ele>
        <time>2018-05-21T01:32:10Z</time>
      </trkpt>
      <trkpt lat="48.74207016080618" lon="-121.84221228584647">
        <ele>1859.81</ele>
        <time>2018-05-21T01:32:36Z</time>
      </trkpt>
      <trkpt lat="48.74206060543656" lon="-121.8421795964241">
        <ele>1859.81</ele>
        <time>2018-05-21T01:34:28Z</time>
      </trkpt>
      <trkpt lat="48.74207301065326" lon="-121.84218554757535">
        <ele>1861.73</ele>
        <time>2018-05-21T01:35:19Z</time>
      </trkpt>
      <trkpt lat="48.742141323164105" lon="-121.84220113791525">
        <ele>1863.17</ele>
        <time>2018-05-21T01:35:29Z</time>
      </trkpt>
      <trkpt lat="48.742177952080965" lon="-121.84222460724413">
        <ele>1863.65</ele>
        <time>2018-05-21T01:35:36Z</time>
      </trkpt>
      <trkpt lat="48.742199493572116" lon="-121.84224992059171">
        <ele>1864.13</ele>
        <time>2018-05-21T01:35:39Z</time>
      </trkpt>
      <trkpt lat="48.742249784991145" lon="-121.84226291254163">
        <ele>1864.13</ele>
        <time>2018-05-21T01:35:46Z</time>
      </trkpt>
      <trkpt lat="48.74229689128697" lon="-121.84225796721876">
        <ele>1865.09</ele>
        <time>2018-05-21T01:35:55Z</time>
      </trkpt>
      <trkpt lat="48.74234274029732" lon="-121.84227883815765">
        <ele>1867.02</ele>
        <time>2018-05-21T01:36:03Z</time>
      </trkpt>
      <trkpt lat="48.74239839613438" lon="-121.84226986952126">
        <ele>1869.9</ele>
        <time>2018-05-21T01:36:14Z</time>
      </trkpt>
      <trkpt lat="48.74244659207761" lon="-121.84227774851024">
        <ele>1871.82</ele>
        <time>2018-05-21T01:36:24Z</time>
      </trkpt>
      <trkpt lat="48.742471653968096" lon="-121.84231404215097">
        <ele>1873.27</ele>
        <time>2018-05-21T01:36:34Z</time>
      </trkpt>
      <trkpt lat="48.742525801062584" lon="-121.84233105741441">
        <ele>1874.71</ele>
        <time>2018-05-21T01:36:42Z</time>
      </trkpt>
      <trkpt lat="48.742574248462915" lon="-121.8423542752862">
        <ele>1879.03</ele>
        <time>2018-05-21T01:36:57Z</time>
      </trkpt>
      <trkpt lat="48.742599645629525" lon="-121.84237657114863">
        <ele>1881.44</ele>
        <time>2018-05-21T01:37:05Z</time>
      </trkpt>
      <trkpt lat="48.742625545710325" lon="-121.84239065274596">
        <ele>1882.88</ele>
        <time>2018-05-21T01:37:15Z</time>
      </trkpt>
      <trkpt lat="48.742672484368086" lon="-121.84240272268653">
        <ele>1885.28</ele>
        <time>2018-05-21T01:37:26Z</time>
      </trkpt>
      <trkpt lat="48.74272101558745" lon="-121.84243507683277">
        <ele>1886.24</ele>
        <time>2018-05-21T01:37:35Z</time>
      </trkpt>
      <trkpt lat="48.74273585155606" lon="-121.84246298857033">
        <ele>1888.17</ele>
        <time>2018-05-21T01:37:43Z</time>
      </trkpt>
      <trkpt lat="48.74276996590197" lon="-121.84249685145915">
        <ele>1888.65</ele>
        <time>2018-05-21T01:37:51Z</time>
      </trkpt>
      <trkpt lat="48.74288488179445" lon="-121.84248771518469">
        <ele>1891.53</ele>
        <time>2018-05-21T01:38:09Z</time>
      </trkpt>
      <trkpt lat="48.74296442605555" lon="-121.84247589670122">
        <ele>1887.69</ele>
        <time>2018-05-21T01:39:12Z</time>
      </trkpt>
      <trkpt lat="48.74294933862984" lon="-121.84252090752125">
        <ele>1889.13</ele>
        <time>2018-05-21T01:39:26Z</time>
      </trkpt>
      <trkpt lat="48.74294782988727" lon="-121.8425009585917">
        <ele>1889.61</ele>
        <time>2018-05-21T01:39:52Z</time>
      </trkpt>
      <trkpt lat="48.74292830005288" lon="-121.84254320338368">
        <ele>1888.65</ele>
        <time>2018-05-21T01:40:15Z</time>
      </trkpt>
      <trkpt lat="48.742955289781094" lon="-121.84246340766549">
        <ele>1887.21</ele>
        <time>2018-05-21T01:40:32Z</time>
      </trkpt>
      <trkpt lat="48.74295059591532" lon="-121.84249643236399">
        <ele>1888.17</ele>
        <time>2018-05-21T01:40:49Z</time>
      </trkpt>
      <trkpt lat="48.743019914254546" lon="-121.84247757308185">
        <ele>1888.65</ele>
        <time>2018-05-21T01:41:09Z</time>
      </trkpt>
      <trkpt lat="48.7430998776108" lon="-121.8424354121089">
        <ele>1890.09</ele>
        <time>2018-05-21T01:41:18Z</time>
      </trkpt>
      <trkpt lat="48.7431759852916" lon="-121.8424232583493">
        <ele>1893.45</ele>
        <time>2018-05-21T01:41:27Z</time>
      </trkpt>
      <trkpt lat="48.74326089397073" lon="-121.84240674600005">
        <ele>1895.86</ele>
        <time>2018-05-21T01:41:37Z</time>
      </trkpt>
      <trkpt lat="48.743337001651525" lon="-121.84241068549454">
        <ele>1897.3</ele>
        <time>2018-05-21T01:41:46Z</time>
      </trkpt>
      <trkpt lat="48.743411265313625" lon="-121.84241152368486">
        <ele>1899.7</ele>
        <time>2018-05-21T01:41:55Z</time>
      </trkpt>
      <trkpt lat="48.743472369387746" lon="-121.84238604269922">
        <ele>1900.18</ele>
        <time>2018-05-21T01:42:05Z</time>
      </trkpt>
      <trkpt lat="48.74353070743382" lon="-121.8423661775887">
        <ele>1900.18</ele>
        <time>2018-05-21T01:42:18Z</time>
      </trkpt>
      <trkpt lat="48.74361854977906" lon="-121.84237020090222">
        <ele>1900.18</ele>
        <time>2018-05-21T01:42:30Z</time>
      </trkpt>
      <trkpt lat="48.74366666190326" lon="-121.84235100634396">
        <ele>1900.18</ele>
        <time>2018-05-21T01:42:40Z</time>
      </trkpt>
      <trkpt lat="48.74371737241745" lon="-121.8423521798104">
        <ele>1901.14</ele>
        <time>2018-05-21T01:42:49Z</time>
      </trkpt>
      <trkpt lat="48.743775710463524" lon="-121.84233105741441">
        <ele>1902.59</ele>
        <time>2018-05-21T01:42:59Z</time>
      </trkpt>
      <trkpt lat="48.74382742680609" lon="-121.84228453785181">
        <ele>1903.07</ele>
        <time>2018-05-21T01:43:11Z</time>
      </trkpt>
      <trkpt lat="48.74383429996669" lon="-121.84232024475932">
        <ele>1903.55</ele>
        <time>2018-05-21T01:43:16Z</time>
      </trkpt>
      <trkpt lat="48.74368761666119" lon="-121.84248813427985">
        <ele>1900.66</ele>
        <time>2018-05-21T01:43:31Z</time>
      </trkpt>
      <trkpt lat="48.743658028542995" lon="-121.84251671656966">
        <ele>1898.74</ele>
        <time>2018-05-21T01:43:42Z</time>
      </trkpt>
      <trkpt lat="48.74366171658039" lon="-121.84249743819237">
        <ele>1897.78</ele>
        <time>2018-05-21T01:45:14Z</time>
      </trkpt>
      <trkpt lat="48.74367345124483" lon="-121.84250875376165">
        <ele>1899.22</ele>
        <time>2018-05-21T01:50:45Z</time>
      </trkpt>
      <trkpt lat="48.7438462022692" lon="-121.84233994223177">
        <ele>1897.3</ele>
        <time>2018-05-21T11:28:57Z</time>
      </trkpt>
      <trkpt lat="48.74383119866252" lon="-121.8423302192241">
        <ele>1900.66</ele>
        <time>2018-05-21T11:29:16Z</time>
      </trkpt>
      <trkpt lat="48.743841676041484" lon="-121.84229585342109">
        <ele>1900.66</ele>
        <time>2018-05-21T11:30:01Z</time>
      </trkpt>
      <trkpt lat="48.74388953670859" lon="-121.84222393669188">
        <ele>1901.14</ele>
        <time>2018-05-21T11:30:12Z</time>
      </trkpt>
      <trkpt lat="48.74392985366285" lon="-121.84217766858637">
        <ele>1902.11</ele>
        <time>2018-05-21T11:30:19Z</time>
      </trkpt>
      <trkpt lat="48.743991041556" lon="-121.84209728613496">
        <ele>1903.07</ele>
        <time>2018-05-21T11:30:30Z</time>
      </trkpt>
      <trkpt lat="48.74404720030725" lon="-121.842010198161">
        <ele>1904.51</ele>
        <time>2018-05-21T11:30:41Z</time>
      </trkpt>
      <trkpt lat="48.744088020175695" lon="-121.84195588342845">
        <ele>1905.47</ele>
        <time>2018-05-21T11:30:50Z</time>
      </trkpt>
      <trkpt lat="48.744134372100234" lon="-121.84188907966018">
        <ele>1905.95</ele>
        <time>2018-05-21T11:31:00Z</time>
      </trkpt>
      <trkpt lat="48.744164295494556" lon="-121.84183191508055">
        <ele>1906.91</ele>
        <time>2018-05-21T11:31:09Z</time>
      </trkpt>
      <trkpt lat="48.74421022832394" lon="-121.84178715571761">
        <ele>1908.83</ele>
        <time>2018-05-21T11:31:17Z</time>
      </trkpt>
      <trkpt lat="48.74422422610223" lon="-121.84176024980843">
        <ele>1909.8</ele>
        <time>2018-05-21T11:31:24Z</time>
      </trkpt>
      <trkpt lat="48.74426085501909" lon="-121.84170593507588">
        <ele>1912.2</ele>
        <time>2018-05-21T11:31:37Z</time>
      </trkpt>
      <trkpt lat="48.74429203569889" lon="-121.841592611745">
        <ele>1916.53</ele>
        <time>2018-05-21T11:32:01Z</time>
      </trkpt>
      <trkpt lat="48.74430234543979" lon="-121.84156478382647">
        <ele>1917.01</ele>
        <time>2018-05-21T11:32:08Z</time>
      </trkpt>
      <trkpt lat="48.74432916752994" lon="-121.84144944883883">
        <ele>1917.97</ele>
        <time>2018-05-21T11:32:17Z</time>
      </trkpt>
      <trkpt lat="48.74435900710523" lon="-121.84136252850294">
        <ele>1918.93</ele>
        <time>2018-05-21T11:32:26Z</time>
      </trkpt>
      <trkpt lat="48.74439999461174" lon="-121.84131852351129">
        <ele>1920.85</ele>
        <time>2018-05-21T11:32:36Z</time>
      </trkpt>
      <trkpt lat="48.74443670734763" lon="-121.84123436920345">
        <ele>1923.25</ele>
        <time>2018-05-21T11:32:46Z</time>
      </trkpt>
      <trkpt lat="48.74447861686349" lon="-121.84118122793734">
        <ele>1924.22</ele>
        <time>2018-05-21T11:32:55Z</time>
      </trkpt>
      <trkpt lat="48.744527231901884" lon="-121.84112699702382">
        <ele>1924.7</ele>
        <time>2018-05-21T11:33:04Z</time>
      </trkpt>
      <trkpt lat="48.74456947669387" lon="-121.84107419103384">
        <ele>1925.66</ele>
        <time>2018-05-21T11:33:13Z</time>
      </trkpt>
      <trkpt lat="48.74460811726749" lon="-121.84101979248226">
        <ele>1927.1</ele>
        <time>2018-05-21T11:33:23Z</time>
      </trkpt>
      <trkpt lat="48.74464734457433" lon="-121.8409707583487">
        <ele>1928.06</ele>
        <time>2018-05-21T11:33:31Z</time>
      </trkpt>
      <trkpt lat="48.744688583537936" lon="-121.84092482551932">
        <ele>1929.98</ele>
        <time>2018-05-21T11:33:41Z</time>
      </trkpt>
      <trkpt lat="48.74472638592124" lon="-121.84086388908327">
        <ele>1931.91</ele>
        <time>2018-05-21T11:33:49Z</time>
      </trkpt>
      <trkpt lat="48.744765194132924" lon="-121.84081996791065">
        <ele>1933.83</ele>
        <time>2018-05-21T11:33:59Z</time>
      </trkpt>
      <trkpt lat="48.744802828878164" lon="-121.84076766483486">
        <ele>1935.75</ele>
        <time>2018-05-21T11:34:08Z</time>
      </trkpt>
      <trkpt lat="48.74483937397599" lon="-121.84069382026792">
        <ele>1936.71</ele>
        <time>2018-05-21T11:34:17Z</time>
      </trkpt>
      <trkpt lat="48.74487256631255" lon="-121.84064411558211">
        <ele>1937.67</ele>
        <time>2018-05-21T11:34:27Z</time>
      </trkpt>
      <trkpt lat="48.74490567483008" lon="-121.84057647362351">
        <ele>1939.6</ele>
        <time>2018-05-21T11:34:38Z</time>
      </trkpt>
      <trkpt lat="48.74493978917599" lon="-121.84052023105323">
        <ele>1940.08</ele>
        <time>2018-05-21T11:34:48Z</time>
      </trkpt>
      <trkpt lat="48.744986644014716" lon="-121.84041503816843">
        <ele>1943.44</ele>
        <time>2018-05-21T11:35:06Z</time>
      </trkpt>
      <trkpt lat="48.74504783190787" lon="-121.84031378477812">
        <ele>1946.81</ele>
        <time>2018-05-21T11:35:23Z</time>
      </trkpt>
      <trkpt lat="48.74507239088416" lon="-121.84026676230133">
        <ele>1947.29</ele>
        <time>2018-05-21T11:35:30Z</time>
      </trkpt>
      <trkpt lat="48.74511245638132" lon="-121.84022292494774">
        <ele>1948.25</ele>
        <time>2018-05-21T11:35:37Z</time>
      </trkpt>
      <trkpt lat="48.74513181857765" lon="-121.84016902931035">
        <ele>1951.61</ele>
        <time>2018-05-21T11:35:50Z</time>
      </trkpt>
      <trkpt lat="48.745179176330566" lon="-121.84007314033806">
        <ele>1952.57</ele>
        <time>2018-05-21T11:36:03Z</time>
      </trkpt>
      <trkpt lat="48.74523843638599" lon="-121.83998186141253">
        <ele>1956.42</ele>
        <time>2018-05-21T11:36:24Z</time>
      </trkpt>
      <trkpt lat="48.74529015272856" lon="-121.83990994468331">
        <ele>1958.34</ele>
        <time>2018-05-21T11:36:38Z</time>
      </trkpt>
      <trkpt lat="48.74532544054091" lon="-121.83986904099584">
        <ele>1959.3</ele>
        <time>2018-05-21T11:36:46Z</time>
      </trkpt>
      <trkpt lat="48.74538176693022" lon="-121.83977440930903">
        <ele>1961.23</ele>
        <time>2018-05-21T11:37:02Z</time>
      </trkpt>
      <trkpt lat="48.745414623990655" lon="-121.83973090723157">
        <ele>1962.19</ele>
        <time>2018-05-21T11:37:10Z</time>
      </trkpt>
      <trkpt lat="48.74545158818364" lon="-121.83965723030269">
        <ele>1964.11</ele>
        <time>2018-05-21T11:37:20Z</time>
      </trkpt>
      <trkpt lat="48.74550464563072" lon="-121.83959193527699">
        <ele>1966.51</ele>
        <time>2018-05-21T11:37:31Z</time>
      </trkpt>
      <trkpt lat="48.745600366964936" lon="-121.83944961056113">
        <ele>1970.84</ele>
        <time>2018-05-21T11:37:58Z</time>
      </trkpt>
      <trkpt lat="48.745654011145234" lon="-121.83937811292708">
        <ele>1972.28</ele>
        <time>2018-05-21T11:38:10Z</time>
      </trkpt>
      <trkpt lat="48.74573397450149" lon="-121.83927744626999">
        <ele>1974.69</ele>
        <time>2018-05-21T11:38:29Z</time>
      </trkpt>
      <trkpt lat="48.7457421887666" lon="-121.83925640769303">
        <ele>1974.69</ele>
        <time>2018-05-21T11:38:31Z</time>
      </trkpt>
      <trkpt lat="48.74577630311251" lon="-121.83920376934111">
        <ele>1976.13</ele>
        <time>2018-05-21T11:38:39Z</time>
      </trkpt>
      <trkpt lat="48.74579549767077" lon="-121.83916663751006">
        <ele>1976.61</ele>
        <time>2018-05-21T11:38:46Z</time>
      </trkpt>
      <trkpt lat="48.74581569805741" lon="-121.83903244324028">
        <ele>1980.93</ele>
        <time>2018-05-21T11:39:10Z</time>
      </trkpt>
      <trkpt lat="48.74583170749247" lon="-121.83895993977785">
        <ele>1983.82</ele>
        <time>2018-05-21T11:39:19Z</time>
      </trkpt>
      <trkpt lat="48.74585459008813" lon="-121.838896907866">
        <ele>1985.74</ele>
        <time>2018-05-21T11:39:27Z</time>
      </trkpt>
      <trkpt lat="48.74586649239063" lon="-121.83885122649372">
        <ele>1987.18</ele>
        <time>2018-05-21T11:39:35Z</time>
      </trkpt>
      <trkpt lat="48.74588753096759" lon="-121.83882758952677">
        <ele>1990.07</ele>
        <time>2018-05-21T11:40:42Z</time>
      </trkpt>
      <trkpt lat="48.74594653956592" lon="-121.8387848418206">
        <ele>1991.51</ele>
        <time>2018-05-21T11:40:51Z</time>
      </trkpt>
      <trkpt lat="48.74598886817694" lon="-121.83873614296317">
        <ele>1991.99</ele>
        <time>2018-05-21T11:41:01Z</time>
      </trkpt>
      <trkpt lat="48.746075788512826" lon="-121.8386860191822">
        <ele>1993.43</ele>
        <time>2018-05-21T11:41:18Z</time>
      </trkpt>
      <trkpt lat="48.74613085761666" lon="-121.83866146020591">
        <ele>1994.87</ele>
        <time>2018-05-21T11:41:27Z</time>
      </trkpt>
      <trkpt lat="48.74617972411215" lon="-121.83863019570708">
        <ele>1996.32</ele>
        <time>2018-05-21T11:41:36Z</time>
      </trkpt>
      <trkpt lat="48.746351385489106" lon="-121.83854947797954">
        <ele>1998.72</ele>
        <time>2018-05-21T11:42:02Z</time>
      </trkpt>
      <trkpt lat="48.74637342989445" lon="-121.83853053487837">
        <ele>1999.2</ele>
        <time>2018-05-21T11:42:05Z</time>
      </trkpt>
      <trkpt lat="48.746417351067066" lon="-121.83852148242295">
        <ele>2000.16</ele>
        <time>2018-05-21T11:42:12Z</time>
      </trkpt>
      <trkpt lat="48.7464811373502" lon="-121.83858149684966">
        <ele>2001.12</ele>
        <time>2018-05-21T11:42:22Z</time>
      </trkpt>
      <trkpt lat="48.74653729610145" lon="-121.83854428119957">
        <ele>2004.01</ele>
        <time>2018-05-21T11:42:37Z</time>
      </trkpt>
      <trkpt lat="48.746684566140175" lon="-121.83845409192145">
        <ele>2006.89</ele>
        <time>2018-05-21T11:43:00Z</time>
      </trkpt>
      <trkpt lat="48.746740305796266" lon="-121.83841285295784">
        <ele>2008.33</ele>
        <time>2018-05-21T11:43:08Z</time>
      </trkpt>
      <trkpt lat="48.74677810817957" lon="-121.83837907388806">
        <ele>2008.33</ele>
        <time>2018-05-21T11:43:14Z</time>
      </trkpt>
      <trkpt lat="48.74686008319259" lon="-121.83831185102463">
        <ele>2008.33</ele>
        <time>2018-05-21T11:43:24Z</time>
      </trkpt>
      <trkpt lat="48.746878607198596" lon="-121.8382888007909">
        <ele>2008.33</ele>
        <time>2018-05-21T11:43:26Z</time>
      </trkpt>
      <trkpt lat="48.74695211648941" lon="-121.83824102394283">
        <ele>2008.81</ele>
        <time>2018-05-21T11:43:36Z</time>
      </trkpt>
      <trkpt lat="48.747027050703764" lon="-121.83822937309742">
        <ele>2010.73</ele>
        <time>2018-05-21T11:43:47Z</time>
      </trkpt>
      <trkpt lat="48.74708312563598" lon="-121.83816541917622">
        <ele>2011.22</ele>
        <time>2018-05-21T11:44:00Z</time>
      </trkpt>
      <trkpt lat="48.74711916781962" lon="-121.83811370283365">
        <ele>2012.18</ele>
        <time>2018-05-21T11:44:11Z</time>
      </trkpt>
      <trkpt lat="48.74719737097621" lon="-121.83806844055653">
        <ele>2015.06</ele>
        <time>2018-05-21T11:44:24Z</time>
      </trkpt>
      <trkpt lat="48.74724137596786" lon="-121.83803583495319">
        <ele>2016.98</ele>
        <time>2018-05-21T11:44:35Z</time>
      </trkpt>
      <trkpt lat="48.747295355424285" lon="-121.83801387436688">
        <ele>2017.94</ele>
        <time>2018-05-21T11:44:48Z</time>
      </trkpt>
      <trkpt lat="48.7473704572767" lon="-121.83797095902264">
        <ele>2019.87</ele>
        <time>2018-05-21T11:44:59Z</time>
      </trkpt>
      <trkpt lat="48.747391579672694" lon="-121.83797925710678">
        <ele>2020.35</ele>
        <time>2018-05-21T12:01:36Z</time>
      </trkpt>
      <trkpt lat="48.747364757582545" lon="-121.83795109391212">
        <ele>2022.27</ele>
        <time>2018-05-21T12:02:18Z</time>
      </trkpt>
      <trkpt lat="48.74741546809673" lon="-121.83797104284167">
        <ele>2020.35</ele>
        <time>2018-05-21T12:09:47Z</time>
      </trkpt>
      <trkpt lat="48.747426783666015" lon="-121.83795830234885">
        <ele>2022.75</ele>
        <time>2018-05-21T12:16:12Z</time>
      </trkpt>
      <trkpt lat="48.74748772010207" lon="-121.83791966177523">
        <ele>2022.75</ele>
        <time>2018-05-21T12:16:21Z</time>
      </trkpt>
      <trkpt lat="48.74753499403596" lon="-121.83790549635887">
        <ele>2023.23</ele>
        <time>2018-05-21T12:16:31Z</time>
      </trkpt>
      <trkpt lat="48.747577238827944" lon="-121.8378709629178">
        <ele>2024.67</ele>
        <time>2018-05-21T12:16:41Z</time>
      </trkpt>
      <trkpt lat="48.7476225849241" lon="-121.83784254826605">
        <ele>2025.64</ele>
        <time>2018-05-21T12:16:52Z</time>
      </trkpt>
      <trkpt lat="48.747659884393215" lon="-121.83779837563634">
        <ele>2026.6</ele>
        <time>2018-05-21T12:17:03Z</time>
      </trkpt>
      <trkpt lat="48.74770808033645" lon="-121.83779837563634">
        <ele>2027.08</ele>
        <time>2018-05-21T12:17:29Z</time>
      </trkpt>
      <trkpt lat="48.747757533565164" lon="-121.83772989548743">
        <ele>2029.0</ele>
        <time>2018-05-21T12:17:42Z</time>
      </trkpt>
      <trkpt lat="48.74780036509037" lon="-121.83768345974386">
        <ele>2029.96</ele>
        <time>2018-05-21T12:17:53Z</time>
      </trkpt>
      <trkpt lat="48.74790195375681" lon="-121.83759427629411">
        <ele>2031.88</ele>
        <time>2018-05-21T12:18:15Z</time>
      </trkpt>
      <trkpt lat="48.74794361181557" lon="-121.83754901401699">
        <ele>2032.36</ele>
        <time>2018-05-21T12:18:26Z</time>
      </trkpt>
      <trkpt lat="48.7480129301548" lon="-121.83745781891048">
        <ele>2034.29</ele>
        <time>2018-05-21T12:18:45Z</time>
      </trkpt>
      <trkpt lat="48.748039584606886" lon="-121.83740652166307">
        <ele>2035.73</ele>
        <time>2018-05-21T12:18:53Z</time>
      </trkpt>
      <trkpt lat="48.74811745248735" lon="-121.83732395991683">
        <ele>2038.13</ele>
        <time>2018-05-21T12:19:16Z</time>
      </trkpt>
      <trkpt lat="48.74818450771272" lon="-121.83726235292852">
        <ele>2040.54</ele>
        <time>2018-05-21T12:19:37Z</time>
      </trkpt>
      <trkpt lat="48.74822264537215" lon="-121.83724257163703">
        <ele>2041.98</ele>
        <time>2018-05-21T12:19:47Z</time>
      </trkpt>
      <trkpt lat="48.74825675971806" lon="-121.83723544701934">
        <ele>2041.98</ele>
        <time>2018-05-21T12:19:57Z</time>
      </trkpt>
      <trkpt lat="48.748286347836256" lon="-121.83721968904138">
        <ele>2043.42</ele>
        <time>2018-05-21T12:20:07Z</time>
      </trkpt>
      <trkpt lat="48.74833236448467" lon="-121.83721139095724">
        <ele>2045.34</ele>
        <time>2018-05-21T12:20:17Z</time>
      </trkpt>
      <trkpt lat="48.74840780161321" lon="-121.83721164241433">
        <ele>2048.71</ele>
        <time>2018-05-21T12:20:37Z</time>
      </trkpt>
      <trkpt lat="48.74849321320653" lon="-121.83723318390548">
        <ele>2050.63</ele>
        <time>2018-05-21T12:21:00Z</time>
      </trkpt>
      <trkpt lat="48.74854174442589" lon="-121.83724843896925">
        <ele>2053.03</ele>
        <time>2018-05-21T12:21:12Z</time>
      </trkpt>
      <trkpt lat="48.74858935363591" lon="-121.8372807931155">
        <ele>2053.99</ele>
        <time>2018-05-21T12:21:23Z</time>
      </trkpt>
      <trkpt lat="48.74862941913307" lon="-121.83730292133987">
        <ele>2055.44</ele>
        <time>2018-05-21T12:21:32Z</time>
      </trkpt>
      <trkpt lat="48.74866512604058" lon="-121.83732823468745">
        <ele>2056.88</ele>
        <time>2018-05-21T12:21:42Z</time>
      </trkpt>
      <trkpt lat="48.74873762950301" lon="-121.83740836568177">
        <ele>2059.76</ele>
        <time>2018-05-21T12:22:04Z</time>
      </trkpt>
      <trkpt lat="48.74875498004258" lon="-121.83744717389345">
        <ele>2060.72</ele>
        <time>2018-05-21T12:22:11Z</time>
      </trkpt>
      <trkpt lat="48.74878532253206" lon="-121.83748941868544">
        <ele>2062.65</ele>
        <time>2018-05-21T12:22:22Z</time>
      </trkpt>
      <trkpt lat="48.74884156510234" lon="-121.83755840174854">
        <ele>2065.53</ele>
        <time>2018-05-21T12:22:44Z</time>
      </trkpt>
      <trkpt lat="48.74887299723923" lon="-121.83758270926774">
        <ele>2066.97</ele>
        <time>2018-05-21T12:22:55Z</time>
      </trkpt>
      <trkpt lat="48.74891540966928" lon="-121.83759712614119">
        <ele>2068.89</ele>
        <time>2018-05-21T12:23:05Z</time>
      </trkpt>
      <trkpt lat="48.74894516542554" lon="-121.83762034401298">
        <ele>2069.86</ele>
        <time>2018-05-21T12:23:17Z</time>
      </trkpt>
      <trkpt lat="48.74897785484791" lon="-121.83761942200363">
        <ele>2071.3</ele>
        <time>2018-05-21T12:23:27Z</time>
      </trkpt>
      <trkpt lat="48.749011885374784" lon="-121.83761053718626">
        <ele>2072.74</ele>
        <time>2018-05-21T12:23:38Z</time>
      </trkpt>
      <trkpt lat="48.74904155731201" lon="-121.83758757077157">
        <ele>2074.18</ele>
        <time>2018-05-21T12:23:49Z</time>
      </trkpt>
      <trkpt lat="48.74911054037511" lon="-121.83754624798894">
        <ele>2078.03</ele>
        <time>2018-05-21T12:24:10Z</time>
      </trkpt>
      <trkpt lat="48.74914029613137" lon="-121.83753442950547">
        <ele>2080.43</ele>
        <time>2018-05-21T12:24:21Z</time>
      </trkpt>
      <trkpt lat="48.74921288341284" lon="-121.83748229406774">
        <ele>2082.83</ele>
        <time>2018-05-21T12:24:44Z</time>
      </trkpt>
      <trkpt lat="48.74925169162452" lon="-121.8374689668417">
        <ele>2084.76</ele>
        <time>2018-05-21T12:24:55Z</time>
      </trkpt>
      <trkpt lat="48.74932620674372" lon="-121.83742135763168">
        <ele>2089.08</ele>
        <time>2018-05-21T12:25:17Z</time>
      </trkpt>
      <trkpt lat="48.74936283566058" lon="-121.83741750195622">
        <ele>2089.08</ele>
        <time>2018-05-21T12:25:28Z</time>
      </trkpt>
      <trkpt lat="48.74944154173136" lon="-121.83738606981933">
        <ele>2092.93</ele>
        <time>2018-05-21T12:25:49Z</time>
      </trkpt>
      <trkpt lat="48.74947062693536" lon="-121.83738456107676">
        <ele>2094.37</ele>
        <time>2018-05-21T12:26:00Z</time>
      </trkpt>
      <trkpt lat="48.749509854242206" lon="-121.83734843507409">
        <ele>2098.21</ele>
        <time>2018-05-21T12:26:13Z</time>
      </trkpt>
      <trkpt lat="48.749553775414824" lon="-121.83736461214721">
        <ele>2099.18</ele>
        <time>2018-05-21T12:26:25Z</time>
      </trkpt>
      <trkpt lat="48.749577244743705" lon="-121.83735547587276">
        <ele>2100.14</ele>
        <time>2018-05-21T12:26:35Z</time>
      </trkpt>
      <trkpt lat="48.749619321897626" lon="-121.83735606260598">
        <ele>2099.66</ele>
        <time>2018-05-21T12:26:46Z</time>
      </trkpt>
      <trkpt lat="48.749661315232515" lon="-121.83734072372317">
        <ele>2101.58</ele>
        <time>2018-05-21T12:26:57Z</time>
      </trkpt>
      <trkpt lat="48.74968386255205" lon="-121.83732722885907">
        <ele>2102.06</ele>
        <time>2018-05-21T12:27:08Z</time>
      </trkpt>
      <trkpt lat="48.74974714592099" lon="-121.83730090968311">
        <ele>2105.42</ele>
        <time>2018-05-21T12:27:29Z</time>
      </trkpt>
      <trkpt lat="48.74987698160112" lon="-121.83725036680698">
        <ele>2107.35</ele>
        <time>2018-05-21T12:28:06Z</time>
      </trkpt>
      <trkpt lat="48.74992065131664" lon="-121.83723620139062">
        <ele>2108.79</ele>
        <time>2018-05-21T12:28:16Z</time>
      </trkpt>
      <trkpt lat="48.74996641650796" lon="-121.83721608482301">
        <ele>2109.75</ele>
        <time>2018-05-21T12:28:28Z</time>
      </trkpt>
      <trkpt lat="48.75005677342415" lon="-121.83719873428345">
        <ele>2111.67</ele>
        <time>2018-05-21T12:28:48Z</time>
      </trkpt>
      <trkpt lat="48.750108825042844" lon="-121.83720661327243">
        <ele>2113.12</ele>
        <time>2018-05-21T12:29:00Z</time>
      </trkpt>
      <trkpt lat="48.750164564698935" lon="-121.83719010092318">
        <ele>2114.08</ele>
        <time>2018-05-21T12:29:12Z</time>
      </trkpt>
      <trkpt lat="48.75020932406187" lon="-121.83718054555357">
        <ele>2115.04</ele>
        <time>2018-05-21T12:29:24Z</time>
      </trkpt>
      <trkpt lat="48.75025869347155" lon="-121.83717518113554">
        <ele>2116.0</ele>
        <time>2018-05-21T12:29:35Z</time>
      </trkpt>
      <trkpt lat="48.75029808841646" lon="-121.83716076426208">
        <ele>2117.92</ele>
        <time>2018-05-21T12:29:46Z</time>
      </trkpt>
      <trkpt lat="48.7503441888839" lon="-121.8371576629579">
        <ele>2119.36</ele>
        <time>2018-05-21T12:29:56Z</time>
      </trkpt>
      <trkpt lat="48.75042314641178" lon="-121.83713930658996">
        <ele>2121.29</ele>
        <time>2018-05-21T12:30:17Z</time>
      </trkpt>
      <trkpt lat="48.75046622939408" lon="-121.83714207261801">
        <ele>2121.77</ele>
        <time>2018-05-21T12:30:29Z</time>
      </trkpt>
      <trkpt lat="48.750518867745996" lon="-121.83712480589747">
        <ele>2123.69</ele>
        <time>2018-05-21T12:30:42Z</time>
      </trkpt>
      <trkpt lat="48.75056312419474" lon="-121.83712606318295">
        <ele>2124.65</ele>
        <time>2018-05-21T12:30:53Z</time>
      </trkpt>
      <trkpt lat="48.75072028487921" lon="-121.83708515949547">
        <ele>2128.5</ele>
        <time>2018-05-21T12:31:29Z</time>
      </trkpt>
      <trkpt lat="48.750812988728285" lon="-121.83707484975457">
        <ele>2131.86</ele>
        <time>2018-05-21T12:31:51Z</time>
      </trkpt>
      <trkpt lat="48.750860430300236" lon="-121.8370611872524">
        <ele>2134.26</ele>
        <time>2018-05-21T12:32:03Z</time>
      </trkpt>
      <trkpt lat="48.75090787187219" lon="-121.83705330826342">
        <ele>2134.74</ele>
        <time>2018-05-21T12:32:13Z</time>
      </trkpt>
      <trkpt lat="48.750946847721934" lon="-121.83703855611384">
        <ele>2135.71</ele>
        <time>2018-05-21T12:32:25Z</time>
      </trkpt>
      <trkpt lat="48.751027565449476" lon="-121.83701391331851">
        <ele>2137.15</ele>
        <time>2018-05-21T12:32:46Z</time>
      </trkpt>
      <trkpt lat="48.75115916132927" lon="-121.83699253946543">
        <ele>2141.47</ele>
        <time>2018-05-21T12:33:22Z</time>
      </trkpt>
      <trkpt lat="48.751200987026095" lon="-121.83699052780867">
        <ele>2142.92</ele>
        <time>2018-05-21T12:33:32Z</time>
      </trkpt>
      <trkpt lat="48.7512575648725" lon="-121.83699874207377">
        <ele>2142.92</ele>
        <time>2018-05-21T12:33:43Z</time>
      </trkpt>
      <trkpt lat="48.75130659900606" lon="-121.83698709122837">
        <ele>2142.92</ele>
        <time>2018-05-21T12:33:54Z</time>
      </trkpt>
      <trkpt lat="48.75135370530188" lon="-121.83698432520032">
        <ele>2145.32</ele>
        <time>2018-05-21T12:34:05Z</time>
      </trkpt>
      <trkpt lat="48.75138974748552" lon="-121.83696772903204">
        <ele>2147.24</ele>
        <time>2018-05-21T12:34:17Z</time>
      </trkpt>
      <trkpt lat="48.75143970362842" lon="-121.836959682405">
        <ele>2149.16</ele>
        <time>2018-05-21T12:34:29Z</time>
      </trkpt>
      <trkpt lat="48.75153450295329" lon="-121.83695356361568">
        <ele>2152.05</ele>
        <time>2018-05-21T12:34:51Z</time>
      </trkpt>
      <trkpt lat="48.751574819907546" lon="-121.83694669045508">
        <ele>2153.97</ele>
        <time>2018-05-21T12:35:02Z</time>
      </trkpt>
      <trkpt lat="48.75161178410053" lon="-121.83694870211184">
        <ele>2155.41</ele>
        <time>2018-05-21T12:35:12Z</time>
      </trkpt>
      <trkpt lat="48.751651933416724" lon="-121.8369435891509">
        <ele>2157.34</ele>
        <time>2018-05-21T12:35:22Z</time>
      </trkpt>
      <trkpt lat="48.75169342383742" lon="-121.83694367296994">
        <ele>2159.74</ele>
        <time>2018-05-21T12:35:33Z</time>
      </trkpt>
      <trkpt lat="48.75174664892256" lon="-121.83691525831819">
        <ele>2162.62</ele>
        <time>2018-05-21T12:35:45Z</time>
      </trkpt>
      <trkpt lat="48.75179534777999" lon="-121.8368782941252">
        <ele>2165.51</ele>
        <time>2018-05-21T12:35:56Z</time>
      </trkpt>
      <trkpt lat="48.751832731068134" lon="-121.83686488308012">
        <ele>2166.47</ele>
        <time>2018-05-21T12:36:08Z</time>
      </trkpt>
      <trkpt lat="48.75189014710486" lon="-121.83685323223472">
        <ele>2167.91</ele>
        <time>2018-05-21T12:36:21Z</time>
      </trkpt>
      <trkpt lat="48.751947144046426" lon="-121.83685138821602">
        <ele>2171.27</ele>
        <time>2018-05-21T12:36:34Z</time>
      </trkpt>
      <trkpt lat="48.7519727088511" lon="-121.83683043345809">
        <ele>2175.12</ele>
        <time>2018-05-21T12:38:12Z</time>
      </trkpt>
      <trkpt lat="48.7520382553339" lon="-121.83680260553956">
        <ele>2176.56</ele>
        <time>2018-05-21T12:38:27Z</time>
      </trkpt>
      <trkpt lat="48.75209357589483" lon="-121.83678508736193">
        <ele>2177.52</ele>
        <time>2018-05-21T12:38:39Z</time>
      </trkpt>
      <trkpt lat="48.75215711072087" lon="-121.83676874265075">
        <ele>2179.93</ele>
        <time>2018-05-21T12:38:54Z</time>
      </trkpt>
      <trkpt lat="48.752213353291154" lon="-121.8367329519242">
        <ele>2182.33</ele>
        <time>2018-05-21T12:39:10Z</time>
      </trkpt>
      <trkpt lat="48.752262303605676" lon="-121.83669045567513">
        <ele>2183.77</ele>
        <time>2018-05-21T12:39:24Z</time>
      </trkpt>
      <trkpt lat="48.752281665802" lon="-121.8366518151015">
        <ele>2185.69</ele>
        <time>2018-05-21T12:39:40Z</time>
      </trkpt>
      <trkpt lat="48.75234318897128" lon="-121.83656112290919">
        <ele>2188.1</ele>
        <time>2018-05-21T12:40:12Z</time>
      </trkpt>
      <trkpt lat="48.75238627195358" lon="-121.83651275932789">
        <ele>2189.54</ele>
        <time>2018-05-21T12:40:30Z</time>
      </trkpt>
      <trkpt lat="48.752404041588306" lon="-121.8364691734314">
        <ele>2190.5</ele>
        <time>2018-05-21T12:40:46Z</time>
      </trkpt>
      <trkpt lat="48.75242273323238" lon="-121.83645626530051">
        <ele>2192.9</ele>
        <time>2018-05-21T12:41:00Z</time>
      </trkpt>
      <trkpt lat="48.752456763759255" lon="-121.83640480041504">
        <ele>2193.87</ele>
        <time>2018-05-21T12:41:16Z</time>
      </trkpt>
      <trkpt lat="48.752465061843395" lon="-121.83635568246245">
        <ele>2196.27</ele>
        <time>2018-05-21T12:41:28Z</time>
      </trkpt>
      <trkpt lat="48.75249364413321" lon="-121.83631553314626">
        <ele>2198.67</ele>
        <time>2018-05-21T12:41:46Z</time>
      </trkpt>
      <trkpt lat="48.75251409597695" lon="-121.83627940714359">
        <ele>2200.11</ele>
        <time>2018-05-21T12:42:02Z</time>
      </trkpt>
      <trkpt lat="48.75254577957094" lon="-121.83624277822673">
        <ele>2201.08</ele>
        <time>2018-05-21T12:42:20Z</time>
      </trkpt>
      <trkpt lat="48.75256648287177" lon="-121.8361943308264">
        <ele>2202.52</ele>
        <time>2018-05-21T12:42:35Z</time>
      </trkpt>
      <trkpt lat="48.752617444843054" lon="-121.83610280044377">
        <ele>2205.4</ele>
        <time>2018-05-21T12:43:08Z</time>
      </trkpt>
      <trkpt lat="48.75264166854322" lon="-121.83604890480638">
        <ele>2205.88</ele>
        <time>2018-05-21T12:43:21Z</time>
      </trkpt>
      <trkpt lat="48.75265742652118" lon="-121.83599978685379">
        <ele>2206.36</ele>
        <time>2018-05-21T12:43:35Z</time>
      </trkpt>
      <trkpt lat="48.752690786495805" lon="-121.83593516238034">
        <ele>2206.84</ele>
        <time>2018-05-21T12:43:51Z</time>
      </trkpt>
      <trkpt lat="48.75271677039564" lon="-121.83587715961039">
        <ele>2207.81</ele>
        <time>2018-05-21T12:44:02Z</time>
      </trkpt>
      <trkpt lat="48.75274954363704" lon="-121.83582016266882">
        <ele>2209.73</ele>
        <time>2018-05-21T12:44:15Z</time>
      </trkpt>
      <trkpt lat="48.75278298743069" lon="-121.83575553819537">
        <ele>2211.17</ele>
        <time>2018-05-21T12:44:29Z</time>
      </trkpt>
      <trkpt lat="48.75280922278762" lon="-121.83568219654262">
        <ele>2212.13</ele>
        <time>2018-05-21T12:44:42Z</time>
      </trkpt>
      <trkpt lat="48.75284350477159" lon="-121.83561748825014">
        <ele>2213.09</ele>
        <time>2018-05-21T12:44:55Z</time>
      </trkpt>
      <trkpt lat="48.75287971459329" lon="-121.83554138056934">
        <ele>2214.53</ele>
        <time>2018-05-21T12:45:08Z</time>
      </trkpt>
      <trkpt lat="48.75292422249913" lon="-121.83545446023345">
        <ele>2215.5</ele>
        <time>2018-05-21T12:45:23Z</time>
      </trkpt>
      <trkpt lat="48.7530068680644" lon="-121.83528455905616">
        <ele>2216.94</ele>
        <time>2018-05-21T12:45:52Z</time>
      </trkpt>
      <trkpt lat="48.75305883586407" lon="-121.83519495651126">
        <ele>2217.42</ele>
        <time>2018-05-21T12:46:09Z</time>
      </trkpt>
      <trkpt lat="48.753114156425" lon="-121.83508012443781">
        <ele>2221.26</ele>
        <time>2018-05-21T12:46:32Z</time>
      </trkpt>
      <trkpt lat="48.753155982121825" lon="-121.83504500426352">
        <ele>2223.19</ele>
        <time>2018-05-21T12:46:46Z</time>
      </trkpt>
      <trkpt lat="48.753198059275746" lon="-121.83497778140008">
        <ele>2225.59</ele>
        <time>2018-05-21T12:47:01Z</time>
      </trkpt>
      <trkpt lat="48.753276178613305" lon="-121.8348594289273">
        <ele>2229.92</ele>
        <time>2018-05-21T12:47:29Z</time>
      </trkpt>
      <trkpt lat="48.753367541357875" lon="-121.83473990298808">
        <ele>2233.28</ele>
        <time>2018-05-21T12:47:59Z</time>
      </trkpt>
      <trkpt lat="48.75342143699527" lon="-121.83470075950027">
        <ele>2235.68</ele>
        <time>2018-05-21T12:48:13Z</time>
      </trkpt>
      <trkpt lat="48.753465274348855" lon="-121.83464786969125">
        <ele>2238.57</ele>
        <time>2018-05-21T12:48:28Z</time>
      </trkpt>
      <trkpt lat="48.75351497903466" lon="-121.8345972429961">
        <ele>2240.97</ele>
        <time>2018-05-21T12:48:42Z</time>
      </trkpt>
      <trkpt lat="48.753564935177565" lon="-121.83456748723984">
        <ele>2243.37</ele>
        <time>2018-05-21T12:48:55Z</time>
      </trkpt>
      <trkpt lat="48.7536078505218" lon="-121.83452046476305">
        <ele>2245.3</ele>
        <time>2018-05-21T12:49:09Z</time>
      </trkpt>
      <trkpt lat="48.753663673996925" lon="-121.83448098599911">
        <ele>2247.7</ele>
        <time>2018-05-21T12:49:25Z</time>
      </trkpt>
      <trkpt lat="48.75377087853849" lon="-121.83439473621547">
        <ele>2251.54</ele>
        <time>2018-05-21T12:49:58Z</time>
      </trkpt>
      <trkpt lat="48.75382158905268" lon="-121.83436053805053">
        <ele>2253.47</ele>
        <time>2018-05-21T12:50:14Z</time>
      </trkpt>
      <trkpt lat="48.75386559404433" lon="-121.83431703597307">
        <ele>2255.39</ele>
        <time>2018-05-21T12:50:28Z</time>
      </trkpt>
      <trkpt lat="48.75398579053581" lon="-121.83426121249795">
        <ele>2259.72</ele>
        <time>2018-05-21T12:51:01Z</time>
      </trkpt>
      <trkpt lat="48.75404706224799" lon="-121.83421729132533">
        <ele>2262.6</ele>
        <time>2018-05-21T12:51:18Z</time>
      </trkpt>
      <trkpt lat="48.75410037115216" lon="-121.8341495655477">
        <ele>2264.52</ele>
        <time>2018-05-21T12:51:35Z</time>
      </trkpt>
      <trkpt lat="48.75416851602495" lon="-121.83411025442183">
        <ele>2264.52</ele>
        <time>2018-05-21T12:51:52Z</time>
      </trkpt>
      <trkpt lat="48.754222160205245" lon="-121.83406163938344">
        <ele>2265.0</ele>
        <time>2018-05-21T12:52:09Z</time>
      </trkpt>
      <trkpt lat="48.75429860316217" lon="-121.83405057527125">
        <ele>2267.41</ele>
        <time>2018-05-21T12:52:25Z</time>
      </trkpt>
      <trkpt lat="48.75435492955148" lon="-121.83400137349963">
        <ele>2268.37</ele>
        <time>2018-05-21T12:52:40Z</time>
      </trkpt>
      <trkpt lat="48.75442910939455" lon="-121.83396885171533">
        <ele>2269.81</ele>
        <time>2018-05-21T12:52:55Z</time>
      </trkpt>
      <trkpt lat="48.75442483462393" lon="-121.83395653031766">
        <ele>2270.77</ele>
        <time>2018-05-21T12:53:14Z</time>
      </trkpt>
      <trkpt lat="48.754475293681026" lon="-121.8339341506362">
        <ele>2272.21</ele>
        <time>2018-05-21T12:53:31Z</time>
      </trkpt>
      <trkpt lat="48.754548048600554" lon="-121.83388905599713">
        <ele>2275.1</ele>
        <time>2018-05-21T12:53:47Z</time>
      </trkpt>
      <trkpt lat="48.75461393035948" lon="-121.83387371711433">
        <ele>2276.54</ele>
        <time>2018-05-21T12:54:02Z</time>
      </trkpt>
      <trkpt lat="48.75471585430205" lon="-121.83381403796375">
        <ele>2278.46</ele>
        <time>2018-05-21T12:54:33Z</time>
      </trkpt>
      <trkpt lat="48.754805121570826" lon="-121.83380146510899">
        <ele>2278.94</ele>
        <time>2018-05-21T12:54:50Z</time>
      </trkpt>
      <trkpt lat="48.75491282902658" lon="-121.83370809070766">
        <ele>2283.27</ele>
        <time>2018-05-21T12:55:22Z</time>
      </trkpt>
      <trkpt lat="48.75502673909068" lon="-121.8336883932352">
        <ele>2288.56</ele>
        <time>2018-05-21T12:55:51Z</time>
      </trkpt>
      <trkpt lat="48.75506630167365" lon="-121.83364623226225">
        <ele>2290.96</ele>
        <time>2018-05-21T12:56:09Z</time>
      </trkpt>
      <trkpt lat="48.75512002967298" lon="-121.8336194101721">
        <ele>2291.92</ele>
        <time>2018-05-21T12:56:25Z</time>
      </trkpt>
      <trkpt lat="48.755166213959455" lon="-121.83358831331134">
        <ele>2294.32</ele>
        <time>2018-05-21T12:56:40Z</time>
      </trkpt>
      <trkpt lat="48.75521566718817" lon="-121.83354305103421">
        <ele>2296.73</ele>
        <time>2018-05-21T12:56:55Z</time>
      </trkpt>
      <trkpt lat="48.7552675511688" lon="-121.83351187035441">
        <ele>2298.65</ele>
        <time>2018-05-21T12:57:11Z</time>
      </trkpt>
      <trkpt lat="48.7553090415895" lon="-121.83348068967462">
        <ele>2300.57</ele>
        <time>2018-05-21T12:57:27Z</time>
      </trkpt>
      <trkpt lat="48.75539671629667" lon="-121.83343433775008">
        <ele>2305.38</ele>
        <time>2018-05-21T12:57:59Z</time>
      </trkpt>
      <trkpt lat="48.755456479266286" lon="-121.83338421396911">
        <ele>2308.26</ele>
        <time>2018-05-21T12:58:17Z</time>
      </trkpt>
      <trkpt lat="48.75549252144992" lon="-121.83335990644991">
        <ele>2311.15</ele>
        <time>2018-05-21T12:58:34Z</time>
      </trkpt>
      <trkpt lat="48.75552562996745" lon="-121.8333292286843">
        <ele>2312.59</ele>
        <time>2018-05-21T12:58:47Z</time>
      </trkpt>
      <trkpt lat="48.75562462024391" lon="-121.8332726508379">
        <ele>2314.03</ele>
        <time>2018-05-21T12:59:17Z</time>
      </trkpt>
      <trkpt lat="48.75565613619983" lon="-121.83323560282588">
        <ele>2315.47</ele>
        <time>2018-05-21T12:59:31Z</time>
      </trkpt>
      <trkpt lat="48.755723778158426" lon="-121.83313694782555">
        <ele>2320.28</ele>
        <time>2018-05-21T13:00:04Z</time>
      </trkpt>
      <trkpt lat="48.755772057920694" lon="-121.8331103771925">
        <ele>2323.16</ele>
        <time>2018-05-21T13:00:18Z</time>
      </trkpt>
      <trkpt lat="48.75580692663789" lon="-121.83307743631303">
        <ele>2326.53</ele>
        <time>2018-05-21T13:00:33Z</time>
      </trkpt>
      <trkpt lat="48.755850261077285" lon="-121.83305430226028">
        <ele>2327.97</ele>
        <time>2018-05-21T13:00:46Z</time>
      </trkpt>
      <trkpt lat="48.75593609176576" lon="-121.83299864642322">
        <ele>2331.33</ele>
        <time>2018-05-21T13:01:13Z</time>
      </trkpt>
      <trkpt lat="48.75598261132836" lon="-121.83296293951571">
        <ele>2333.26</ele>
        <time>2018-05-21T13:01:28Z</time>
      </trkpt>
      <trkpt lat="48.75601622276008" lon="-121.83291893452406">
        <ele>2336.14</ele>
        <time>2018-05-21T13:01:43Z</time>
      </trkpt>
      <trkpt lat="48.75606944784522" lon="-121.8328355345875">
        <ele>2335.66</ele>
        <time>2018-05-21T13:07:13Z</time>
      </trkpt>
      <trkpt lat="48.756060311570764" lon="-121.832834193483">
        <ele>2335.66</ele>
        <time>2018-05-21T13:14:12Z</time>
      </trkpt>
      <trkpt lat="48.75604975037277" lon="-121.83288507163525">
        <ele>2339.51</ele>
        <time>2018-05-21T13:14:39Z</time>
      </trkpt>
      <trkpt lat="48.756074560806155" lon="-121.83283846825361">
        <ele>2336.62</ele>
        <time>2018-05-21T13:15:34Z</time>
      </trkpt>
      <trkpt lat="48.756068693473935" lon="-121.83283570222557">
        <ele>2338.06</ele>
        <time>2018-05-21T13:16:04Z</time>
      </trkpt>
      <trkpt lat="48.7560411170125" lon="-121.83290527202189">
        <ele>2338.06</ele>
        <time>2018-05-21T13:18:00Z</time>
      </trkpt>
      <trkpt lat="48.756007086485624" lon="-121.8329343572259">
        <ele>2341.91</ele>
        <time>2018-05-21T13:18:25Z</time>
      </trkpt>
      <trkpt lat="48.75610062852502" lon="-121.83279949240386">
        <ele>2341.91</ele>
        <time>2018-05-21T13:18:42Z</time>
      </trkpt>
      <trkpt lat="48.75620473176241" lon="-121.83273981325328">
        <ele>2346.23</ele>
        <time>2018-05-21T13:19:15Z</time>
      </trkpt>
      <trkpt lat="48.7563175521791" lon="-121.83277199976146">
        <ele>2351.52</ele>
        <time>2018-05-21T13:19:47Z</time>
      </trkpt>
      <trkpt lat="48.756384858861566" lon="-121.8327720835805">
        <ele>2352.96</ele>
        <time>2018-05-21T13:20:02Z</time>
      </trkpt>
      <trkpt lat="48.75645266845822" lon="-121.8327871710062">
        <ele>2353.44</ele>
        <time>2018-05-21T13:20:17Z</time>
      </trkpt>
      <trkpt lat="48.7565990164876" lon="-121.83279664255679">
        <ele>2355.85</ele>
        <time>2018-05-21T13:20:48Z</time>
      </trkpt>
      <trkpt lat="48.75665274448693" lon="-121.83278633281589">
        <ele>2356.33</ele>
        <time>2018-05-21T13:21:04Z</time>
      </trkpt>
      <trkpt lat="48.75665517523885" lon="-121.83277719654143">
        <ele>2355.37</ele>
        <time>2018-05-21T13:21:22Z</time>
      </trkpt>
      <trkpt lat="48.75674486160278" lon="-121.83275138027966">
        <ele>2356.81</ele>
        <time>2018-05-21T13:21:38Z</time>
      </trkpt>
      <trkpt lat="48.75679632648826" lon="-121.83271366171539">
        <ele>2357.77</ele>
        <time>2018-05-21T13:21:51Z</time>
      </trkpt>
      <trkpt lat="48.75685424543917" lon="-121.8326822295785">
        <ele>2357.29</ele>
        <time>2018-05-21T13:22:04Z</time>
      </trkpt>
      <trkpt lat="48.75693001784384" lon="-121.83267267420888">
        <ele>2357.29</ele>
        <time>2018-05-21T13:22:21Z</time>
      </trkpt>
      <trkpt lat="48.756983913481236" lon="-121.83263973332942">
        <ele>2358.73</ele>
        <time>2018-05-21T13:22:33Z</time>
      </trkpt>
      <trkpt lat="48.75710033811629" lon="-121.83257904835045">
        <ele>2360.65</ele>
        <time>2018-05-21T13:23:00Z</time>
      </trkpt>
      <trkpt lat="48.75715180300176" lon="-121.83256580494344">
        <ele>2361.62</ele>
        <time>2018-05-21T13:23:14Z</time>
      </trkpt>
      <trkpt lat="48.75717284157872" lon="-121.83253889903426">
        <ele>2363.54</ele>
        <time>2018-05-21T13:23:28Z</time>
      </trkpt>
      <trkpt lat="48.75722539611161" lon="-121.83252506889403">
        <ele>2365.46</ele>
        <time>2018-05-21T13:23:42Z</time>
      </trkpt>
      <trkpt lat="48.757302928715944" lon="-121.83249212801456">
        <ele>2366.9</ele>
        <time>2018-05-21T13:23:56Z</time>
      </trkpt>
      <trkpt lat="48.757358165457845" lon="-121.83247561566532">
        <ele>2367.38</ele>
        <time>2018-05-21T13:24:10Z</time>
      </trkpt>
      <trkpt lat="48.757395800203085" lon="-121.83247150853276">
        <ele>2368.83</ele>
        <time>2018-05-21T13:24:24Z</time>
      </trkpt>
      <trkpt lat="48.757457323372364" lon="-121.83245331980288">
        <ele>2370.27</ele>
        <time>2018-05-21T13:24:39Z</time>
      </trkpt>
      <trkpt lat="48.75750543549657" lon="-121.83242213912308">
        <ele>2371.23</ele>
        <time>2018-05-21T13:24:51Z</time>
      </trkpt>
      <trkpt lat="48.75754415988922" lon="-121.83237981051207">
        <ele>2372.67</ele>
        <time>2018-05-21T13:25:02Z</time>
      </trkpt>
      <trkpt lat="48.757580956444144" lon="-121.83235759846866">
        <ele>2374.11</ele>
        <time>2018-05-21T13:25:15Z</time>
      </trkpt>
      <trkpt lat="48.757638623937964" lon="-121.83234628289938">
        <ele>2374.59</ele>
        <time>2018-05-21T13:25:26Z</time>
      </trkpt>
      <trkpt lat="48.75766921788454" lon="-121.83232708834112">
        <ele>2376.04</ele>
        <time>2018-05-21T13:25:40Z</time>
      </trkpt>
      <trkpt lat="48.7577076908201" lon="-121.832324154675">
        <ele>2377.48</ele>
        <time>2018-05-21T13:26:00Z</time>
      </trkpt>
      <trkpt lat="48.75775756314397" lon="-121.8322797305882">
        <ele>2377.48</ele>
        <time>2018-05-21T13:26:17Z</time>
      </trkpt>
      <trkpt lat="48.757795533165336" lon="-121.8322361446917">
        <ele>2378.44</ele>
        <time>2018-05-21T13:26:30Z</time>
      </trkpt>
      <trkpt lat="48.75784297473729" lon="-121.83220370672643">
        <ele>2380.84</ele>
        <time>2018-05-21T13:26:45Z</time>
      </trkpt>
      <trkpt lat="48.757953783497214" lon="-121.83219423517585">
        <ele>2384.21</ele>
        <time>2018-05-21T13:27:15Z</time>
      </trkpt>
      <trkpt lat="48.75800675712526" lon="-121.83215945027769">
        <ele>2385.17</ele>
        <time>2018-05-21T13:27:30Z</time>
      </trkpt>
      <trkpt lat="48.758056964725256" lon="-121.83216540142894">
        <ele>2386.61</ele>
        <time>2018-05-21T13:27:43Z</time>
      </trkpt>
      <trkpt lat="48.75810205936432" lon="-121.83215408585966">
        <ele>2389.49</ele>
        <time>2018-05-21T13:27:57Z</time>
      </trkpt>
      <trkpt lat="48.75813147984445" lon="-121.8320965860039">
        <ele>2391.42</ele>
        <time>2018-05-21T13:28:12Z</time>
      </trkpt>
      <trkpt lat="48.7581667676568" lon="-121.83203841559589">
        <ele>2393.82</ele>
        <time>2018-05-21T13:28:28Z</time>
      </trkpt>
      <trkpt lat="48.758189314976335" lon="-121.83199239894748">
        <ele>2395.74</ele>
        <time>2018-05-21T13:28:42Z</time>
      </trkpt>
      <trkpt lat="48.75821253284812" lon="-121.83193104341626">
        <ele>2396.7</ele>
        <time>2018-05-21T13:28:55Z</time>
      </trkpt>
      <trkpt lat="48.758252430707216" lon="-121.83185325935483">
        <ele>2399.11</ele>
        <time>2018-05-21T13:29:11Z</time>
      </trkpt>
      <trkpt lat="48.75831269659102" lon="-121.83174504898489">
        <ele>2406.32</ele>
        <time>2018-05-21T13:29:41Z</time>
      </trkpt>
      <trkpt lat="48.75843004323542" lon="-121.8315492477268">
        <ele>2413.05</ele>
        <time>2018-05-21T13:30:25Z</time>
      </trkpt>
      <trkpt lat="48.75848192721605" lon="-121.83149602264166">
        <ele>2414.49</ele>
        <time>2018-05-21T13:30:39Z</time>
      </trkpt>
      <trkpt lat="48.75854445621371" lon="-121.831449335441">
        <ele>2414.97</ele>
        <time>2018-05-21T13:30:54Z</time>
      </trkpt>
      <trkpt lat="48.75859608873725" lon="-121.83139611035585">
        <ele>2414.97</ele>
        <time>2018-05-21T13:31:09Z</time>
      </trkpt>
      <trkpt lat="48.75865099020302" lon="-121.8313452322036">
        <ele>2415.45</ele>
        <time>2018-05-21T13:31:24Z</time>
      </trkpt>
      <trkpt lat="48.75873355194926" lon="-121.83120139874518">
        <ele>2416.41</ele>
        <time>2018-05-21T13:31:57Z</time>
      </trkpt>
      <trkpt lat="48.75880119390786" lon="-121.8311470001936">
        <ele>2418.33</ele>
        <time>2018-05-21T13:32:14Z</time>
      </trkpt>
      <trkpt lat="48.7588612921536" lon="-121.83112051337957">
        <ele>2418.33</ele>
        <time>2018-05-21T13:32:28Z</time>
      </trkpt>
      <trkpt lat="48.75889892689884" lon="-121.83108539320529">
        <ele>2421.22</ele>
        <time>2018-05-21T13:32:40Z</time>
      </trkpt>
      <trkpt lat="48.758971178904176" lon="-121.83105144649744">
        <ele>2423.62</ele>
        <time>2018-05-21T13:32:56Z</time>
      </trkpt>
      <trkpt lat="48.75909347087145" lon="-121.83095656335354">
        <ele>2426.02</ele>
        <time>2018-05-21T13:33:25Z</time>
      </trkpt>
      <trkpt lat="48.759137727320194" lon="-121.83092915453017">
        <ele>2428.43</ele>
        <time>2018-05-21T13:33:40Z</time>
      </trkpt>
      <trkpt lat="48.759262785315514" lon="-121.83083879761398">
        <ele>2431.79</ele>
        <time>2018-05-21T13:34:09Z</time>
      </trkpt>
      <trkpt lat="48.75930461101234" lon="-121.8308187648654">
        <ele>2434.2</ele>
        <time>2018-05-21T13:34:24Z</time>
      </trkpt>
      <trkpt lat="48.75935087911785" lon="-121.83078708127141">
        <ele>2435.64</ele>
        <time>2018-05-21T13:34:39Z</time>
      </trkpt>
      <trkpt lat="48.759386921301484" lon="-121.830775430426">
        <ele>2438.04</ele>
        <time>2018-05-21T13:34:51Z</time>
      </trkpt>
      <trkpt lat="48.75943008810282" lon="-121.8307289108634">
        <ele>2440.44</ele>
        <time>2018-05-21T13:35:07Z</time>
      </trkpt>
      <trkpt lat="48.75952312722802" lon="-121.83066663332283">
        <ele>2442.85</ele>
        <time>2018-05-21T13:35:37Z</time>
      </trkpt>
      <trkpt lat="48.759566713124514" lon="-121.83061852119863">
        <ele>2444.77</ele>
        <time>2018-05-21T13:35:54Z</time>
      </trkpt>
      <trkpt lat="48.759621949866414" lon="-121.83058314956725">
        <ele>2447.65</ele>
        <time>2018-05-21T13:36:10Z</time>
      </trkpt>
      <trkpt lat="48.759679114446044" lon="-121.83053931221366">
        <ele>2448.62</ele>
        <time>2018-05-21T13:36:25Z</time>
      </trkpt>
      <trkpt lat="48.75979294069111" lon="-121.83053319342434">
        <ele>2451.98</ele>
        <time>2018-05-21T13:36:51Z</time>
      </trkpt>
      <trkpt lat="48.759843399748206" lon="-121.83051123283803">
        <ele>2454.86</ele>
        <time>2018-05-21T13:37:06Z</time>
      </trkpt>
      <trkpt lat="48.75988950021565" lon="-121.83051366358995">
        <ele>2457.75</ele>
        <time>2018-05-21T13:37:21Z</time>
      </trkpt>
      <trkpt lat="48.759926883503795" lon="-121.83048809878528">
        <ele>2460.15</ele>
        <time>2018-05-21T13:37:36Z</time>
      </trkpt>
      <trkpt lat="48.75996711663902" lon="-121.83049228973687">
        <ele>2462.07</ele>
        <time>2018-05-21T13:37:52Z</time>
      </trkpt>
      <trkpt lat="48.760011876001954" lon="-121.8305093050003">
        <ele>2464.48</ele>
        <time>2018-05-21T13:38:05Z</time>
      </trkpt>
      <trkpt lat="48.760120924562216" lon="-121.83047460392118">
        <ele>2469.28</ele>
        <time>2018-05-21T13:38:38Z</time>
      </trkpt>
      <trkpt lat="48.760166354477406" lon="-121.83046580292284">
        <ele>2466.88</ele>
        <time>2018-05-21T13:38:56Z</time>
      </trkpt>
      <trkpt lat="48.76020273193717" lon="-121.83048214763403">
        <ele>2467.36</ele>
        <time>2018-05-21T13:39:09Z</time>
      </trkpt>
      <trkpt lat="48.760239193215966" lon="-121.83046060614288">
        <ele>2468.32</ele>
        <time>2018-05-21T13:39:23Z</time>
      </trkpt>
      <trkpt lat="48.76028931699693" lon="-121.83047007769346">
        <ele>2469.28</ele>
        <time>2018-05-21T13:39:37Z</time>
      </trkpt>
      <trkpt lat="48.76031806692481" lon="-121.83049664832652">
        <ele>2470.73</ele>
        <time>2018-05-21T13:39:53Z</time>
      </trkpt>
      <trkpt lat="48.760378416627645" lon="-121.83051575906575">
        <ele>2478.42</ele>
        <time>2018-05-21T13:40:23Z</time>
      </trkpt>
      <trkpt lat="48.76040758565068" lon="-121.83051223866642">
        <ele>2481.78</ele>
        <time>2018-05-21T13:40:38Z</time>
      </trkpt>
      <trkpt lat="48.760460056364536" lon="-121.8305214587599">
        <ele>2485.15</ele>
        <time>2018-05-21T13:40:50Z</time>
      </trkpt>
      <trkpt lat="48.760481933131814" lon="-121.83054702356458">
        <ele>2488.51</ele>
        <time>2018-05-21T13:41:04Z</time>
      </trkpt>
      <trkpt lat="48.760486878454685" lon="-121.83061240240932">
        <ele>2490.43</ele>
        <time>2018-05-21T13:41:19Z</time>
      </trkpt>
      <trkpt lat="48.76061419956386" lon="-121.8305645417422">
        <ele>2493.8</ele>
        <time>2018-05-21T13:41:44Z</time>
      </trkpt>
      <trkpt lat="48.76067044213414" lon="-121.83052120730281">
        <ele>2496.68</ele>
        <time>2018-05-21T13:41:58Z</time>
      </trkpt>
      <trkpt lat="48.76076222397387" lon="-121.83051651343703">
        <ele>2499.57</ele>
        <time>2018-05-21T13:42:23Z</time>
      </trkpt>
      <trkpt lat="48.76082852482796" lon="-121.83052866719663">
        <ele>2499.08</ele>
        <time>2018-05-21T13:42:37Z</time>
      </trkpt>
      <trkpt lat="48.76088635995984" lon="-121.83050402440131">
        <ele>2500.05</ele>
        <time>2018-05-21T13:42:52Z</time>
      </trkpt>
      <trkpt lat="48.76098149456084" lon="-121.83047200553119">
        <ele>2502.45</ele>
        <time>2018-05-21T13:43:18Z</time>
      </trkpt>
      <trkpt lat="48.761089369654655" lon="-121.83042163029313">
        <ele>2504.85</ele>
        <time>2018-05-21T13:43:48Z</time>
      </trkpt>
      <trkpt lat="48.76112423837185" lon="-121.83040821924806">
        <ele>2506.29</ele>
        <time>2018-05-21T13:44:01Z</time>
      </trkpt>
      <trkpt lat="48.76116279512644" lon="-121.83037955313921">
        <ele>2508.7</ele>
        <time>2018-05-21T13:44:14Z</time>
      </trkpt>
      <trkpt lat="48.761199759319425" lon="-121.8303837440908">
        <ele>2510.14</ele>
        <time>2018-05-21T13:44:27Z</time>
      </trkpt>
      <trkpt lat="48.761248709633946" lon="-121.83034325949848">
        <ele>2513.5</ele>
        <time>2018-05-21T13:44:41Z</time>
      </trkpt>
      <trkpt lat="48.76133621670306" lon="-121.83029690757394">
        <ele>2517.35</ele>
        <time>2018-05-21T13:45:08Z</time>
      </trkpt>
      <trkpt lat="48.761393800377846" lon="-121.83025357313454">
        <ele>2519.75</ele>
        <time>2018-05-21T13:45:23Z</time>
      </trkpt>
      <trkpt lat="48.7614325247705" lon="-121.83023270219564">
        <ele>2522.16</ele>
        <time>2018-05-21T13:45:37Z</time>
      </trkpt>
      <trkpt lat="48.76147476956248" lon="-121.83019062504172">
        <ele>2523.12</ele>
        <time>2018-05-21T13:45:52Z</time>
      </trkpt>
      <trkpt lat="48.76152757555246" lon="-121.83016078546643">
        <ele>2525.04</ele>
        <time>2018-05-21T13:46:05Z</time>
      </trkpt>
      <trkpt lat="48.76159186474979" lon="-121.83011485263705">
        <ele>2528.4</ele>
        <time>2018-05-21T13:46:30Z</time>
      </trkpt>
      <trkpt lat="48.761637629941106" lon="-121.83007076382637">
        <ele>2528.89</ele>
        <time>2018-05-21T13:46:43Z</time>
      </trkpt>
      <trkpt lat="48.7617295794189" lon="-121.8300055526197">
        <ele>2531.29</ele>
        <time>2018-05-21T13:47:12Z</time>
      </trkpt>
      <trkpt lat="48.761767549440265" lon="-121.82998878881335">
        <ele>2533.21</ele>
        <time>2018-05-21T13:47:29Z</time>
      </trkpt>
      <trkpt lat="48.76184298656881" lon="-121.82991142384708">
        <ele>2536.1</ele>
        <time>2018-05-21T13:47:59Z</time>
      </trkpt>
      <trkpt lat="48.761893613263965" lon="-121.82992332614958">
        <ele>2535.61</ele>
        <time>2018-05-21T13:48:13Z</time>
      </trkpt>
      <trkpt lat="48.76198237761855" lon="-121.82984227314591">
        <ele>2537.54</ele>
        <time>2018-05-21T13:48:43Z</time>
      </trkpt>
      <trkpt lat="48.76205622218549" lon="-121.82975535281003">
        <ele>2541.86</ele>
        <time>2018-05-21T13:49:15Z</time>
      </trkpt>
      <trkpt lat="48.76210215501487" lon="-121.82972609996796">
        <ele>2543.79</ele>
        <time>2018-05-21T13:49:28Z</time>
      </trkpt>
      <trkpt lat="48.76213668845594" lon="-121.82966365478933">
        <ele>2546.19</ele>
        <time>2018-05-21T13:49:44Z</time>
      </trkpt>
      <trkpt lat="48.762179939076304" lon="-121.82963943108916">
        <ele>2548.59</ele>
        <time>2018-05-21T13:50:01Z</time>
      </trkpt>
      <trkpt lat="48.762221429497004" lon="-121.82959852740169">
        <ele>2551.0</ele>
        <time>2018-05-21T13:50:16Z</time>
      </trkpt>
      <trkpt lat="48.762262584641576" lon="-121.82956550270319">
        <ele>2553.4</ele>
        <time>2018-05-21T13:50:31Z</time>
      </trkpt>
      <trkpt lat="48.76233835704625" lon="-121.82945963926613">
        <ele>2557.24</ele>
        <time>2018-05-21T13:51:02Z</time>
      </trkpt>
      <trkpt lat="48.76242318190634" lon="-121.82938302867115">
        <ele>2561.57</ele>
        <time>2018-05-21T13:51:33Z</time>
      </trkpt>
      <trkpt lat="48.76245126128197" lon="-121.82934187352657">
        <ele>2564.45</ele>
        <time>2018-05-21T13:51:46Z</time>
      </trkpt>
      <trkpt lat="48.762473138049245" lon="-121.82929007336497">
        <ele>2567.34</ele>
        <time>2018-05-21T13:52:01Z</time>
      </trkpt>
      <trkpt lat="48.762519573792815" lon="-121.8292438890785">
        <ele>2568.3</ele>
        <time>2018-05-21T13:52:16Z</time>
      </trkpt>
      <trkpt lat="48.76254849135876" lon="-121.82922838255763">
        <ele>2569.74</ele>
        <time>2018-05-21T13:52:33Z</time>
      </trkpt>
      <trkpt lat="48.7626101821661" lon="-121.82917708531022">
        <ele>2570.22</ele>
        <time>2018-05-21T13:52:46Z</time>
      </trkpt>
      <trkpt lat="48.76264966093004" lon="-121.82912545278668">
        <ele>2567.82</ele>
        <time>2018-05-21T13:58:07Z</time>
      </trkpt>
      <trkpt lat="48.762649996206164" lon="-121.82910005562007">
        <ele>2570.22</ele>
        <time>2018-05-21T14:07:12Z</time>
      </trkpt>
      <trkpt lat="48.76267480663955" lon="-121.82908790186048">
        <ele>2569.74</ele>
        <time>2018-05-21T14:08:12Z</time>
      </trkpt>
      <trkpt lat="48.76273197121918" lon="-121.82902847416699">
        <ele>2572.14</ele>
        <time>2018-05-21T14:08:32Z</time>
      </trkpt>
      <trkpt lat="48.76276591792703" lon="-121.82898237369955">
        <ele>2574.07</ele>
        <time>2018-05-21T14:08:44Z</time>
      </trkpt>
      <trkpt lat="48.76279919408262" lon="-121.82894549332559">
        <ele>2575.51</ele>
        <time>2018-05-21T14:08:54Z</time>
      </trkpt>
      <trkpt lat="48.76286281272769" lon="-121.82892395183444">
        <ele>2578.87</ele>
        <time>2018-05-21T14:09:26Z</time>
      </trkpt>
      <trkpt lat="48.76294730231166" lon="-121.82881171815097">
        <ele>2582.72</ele>
        <time>2018-05-21T14:09:58Z</time>
      </trkpt>
      <trkpt lat="48.762979321181774" lon="-121.828777436167">
        <ele>2584.16</ele>
        <time>2018-05-21T14:10:11Z</time>
      </trkpt>
      <trkpt lat="48.76303045079112" lon="-121.82870149612427">
        <ele>2587.04</ele>
        <time>2018-05-21T14:10:33Z</time>
      </trkpt>
      <trkpt lat="48.76305794343352" lon="-121.82865413837135">
        <ele>2588.49</ele>
        <time>2018-05-21T14:10:44Z</time>
      </trkpt>
      <trkpt lat="48.763121562078595" lon="-121.82858599349856">
        <ele>2590.89</ele>
        <time>2018-05-21T14:11:09Z</time>
      </trkpt>
      <trkpt lat="48.763181157410145" lon="-121.82850955054164">
        <ele>2593.29</ele>
        <time>2018-05-21T14:11:33Z</time>
      </trkpt>
      <trkpt lat="48.76321451738477" lon="-121.82845682837069">
        <ele>2595.7</ele>
        <time>2018-05-21T14:11:47Z</time>
      </trkpt>
      <trkpt lat="48.76324159093201" lon="-121.82842816226184">
        <ele>2596.18</ele>
        <time>2018-05-21T14:11:58Z</time>
      </trkpt>
      <trkpt lat="48.763293977826834" lon="-121.82833948172629">
        <ele>2599.54</ele>
        <time>2018-05-21T14:12:21Z</time>
      </trkpt>
      <trkpt lat="48.763353656977415" lon="-121.82825130410492">
        <ele>2602.43</ele>
        <time>2018-05-21T14:12:45Z</time>
      </trkpt>
      <trkpt lat="48.76336354762316" lon="-121.828254153952">
        <ele>2602.43</ele>
        <time>2018-05-21T14:14:31Z</time>
      </trkpt>
      <trkpt lat="48.763390369713306" lon="-121.82820679619908">
        <ele>2603.39</ele>
        <time>2018-05-21T14:14:49Z</time>
      </trkpt>
      <trkpt lat="48.7634252384305" lon="-121.82816488668323">
        <ele>2604.35</ele>
        <time>2018-05-21T14:14:58Z</time>
      </trkpt>
      <trkpt lat="48.76345910131931" lon="-121.82811685837805">
        <ele>2606.75</ele>
        <time>2018-05-21T14:15:11Z</time>
      </trkpt>
      <trkpt lat="48.763494389131665" lon="-121.82803781703115">
        <ele>2609.64</ele>
        <time>2018-05-21T14:15:33Z</time>
      </trkpt>
      <trkpt lat="48.7635425850749" lon="-121.82796866632998">
        <ele>2613.48</ele>
        <time>2018-05-21T14:15:55Z</time>
      </trkpt>
      <trkpt lat="48.76356546767056" lon="-121.82792658917606">
        <ele>2615.88</ele>
        <time>2018-05-21T14:16:07Z</time>
      </trkpt>
      <trkpt lat="48.763573011383414" lon="-121.82789591141045">
        <ele>2616.85</ele>
        <time>2018-05-21T14:16:19Z</time>
      </trkpt>
      <trkpt lat="48.76360595226288" lon="-121.82782148011029">
        <ele>2619.73</ele>
        <time>2018-05-21T14:16:42Z</time>
      </trkpt>
      <trkpt lat="48.76362564973533" lon="-121.82778912596405">
        <ele>2621.17</ele>
        <time>2018-05-21T14:16:54Z</time>
      </trkpt>
      <trkpt lat="48.763659512624145" lon="-121.82775274850428">
        <ele>2621.65</ele>
        <time>2018-05-21T14:17:06Z</time>
      </trkpt>
      <trkpt lat="48.76368876546621" lon="-121.82771192863584">
        <ele>2622.61</ele>
        <time>2018-05-21T14:17:19Z</time>
      </trkpt>
      <trkpt lat="48.763695638626814" lon="-121.82767647318542">
        <ele>2624.06</ele>
        <time>2018-05-21T14:17:33Z</time>
      </trkpt>
      <trkpt lat="48.763724053278565" lon="-121.82759759947658">
        <ele>2626.46</ele>
        <time>2018-05-21T14:17:58Z</time>
      </trkpt>
      <trkpt lat="48.76375950872898" lon="-121.82751143351197">
        <ele>2630.3</ele>
        <time>2018-05-21T14:18:23Z</time>
      </trkpt>
      <trkpt lat="48.76378297805786" lon="-121.82747337967157">
        <ele>2632.23</ele>
        <time>2018-05-21T14:18:34Z</time>
      </trkpt>
      <trkpt lat="48.763838885352015" lon="-121.82734689675272">
        <ele>2636.07</ele>
        <time>2018-05-21T14:19:09Z</time>
      </trkpt>
      <trkpt lat="48.76386118121445" lon="-121.82730632834136">
        <ele>2637.03</ele>
        <time>2018-05-21T14:19:21Z</time>
      </trkpt>
      <trkpt lat="48.76389571465552" lon="-121.8272316455841">
        <ele>2640.4</ele>
        <time>2018-05-21T14:19:46Z</time>
      </trkpt>
      <trkpt lat="48.76394818536937" lon="-121.82706912048161">
        <ele>2645.69</ele>
        <time>2018-05-21T14:20:34Z</time>
      </trkpt>
      <trkpt lat="48.76396218314767" lon="-121.8269554618746">
        <ele>2648.57</ele>
        <time>2018-05-21T14:21:00Z</time>
      </trkpt>
      <trkpt lat="48.76397844403982" lon="-121.8269229400903">
        <ele>2650.49</ele>
        <time>2018-05-21T14:21:12Z</time>
      </trkpt>
      <trkpt lat="48.764018258079886" lon="-121.82680827565491">
        <ele>2653.38</ele>
        <time>2018-05-21T14:21:37Z</time>
      </trkpt>
      <trkpt lat="48.76405279152095" lon="-121.82673426344991">
        <ele>2656.74</ele>
        <time>2018-05-21T14:21:59Z</time>
      </trkpt>
      <trkpt lat="48.76407575793564" lon="-121.82669579051435">
        <ele>2659.14</ele>
        <time>2018-05-21T14:22:09Z</time>
      </trkpt>
      <trkpt lat="48.76410216093063" lon="-121.82664063759148">
        <ele>2660.59</ele>
        <time>2018-05-21T14:22:21Z</time>
      </trkpt>
      <trkpt lat="48.76410794444382" lon="-121.82660350576043">
        <ele>2661.55</ele>
        <time>2018-05-21T14:22:34Z</time>
      </trkpt>
      <trkpt lat="48.764101238921285" lon="-121.82660811580718">
        <ele>2662.03</ele>
        <time>2018-05-21T14:22:53Z</time>
      </trkpt>
      <trkpt lat="48.76412361860275" lon="-121.82655539363623">
        <ele>2661.55</ele>
        <time>2018-05-21T14:23:17Z</time>
      </trkpt>
      <trkpt lat="48.76415345817804" lon="-121.82645682245493">
        <ele>2664.43</ele>
        <time>2018-05-21T14:23:38Z</time>
      </trkpt>
      <trkpt lat="48.76420819200575" lon="-121.8263153359294">
        <ele>2669.24</ele>
        <time>2018-05-21T14:24:13Z</time>
      </trkpt>
      <trkpt lat="48.76423543319106" lon="-121.82623084634542">
        <ele>2671.64</ele>
        <time>2018-05-21T14:24:37Z</time>
      </trkpt>
      <trkpt lat="48.76424565911293" lon="-121.82618793100119">
        <ele>2673.56</ele>
        <time>2018-05-21T14:24:49Z</time>
      </trkpt>
      <trkpt lat="48.7642490118742" lon="-121.82614861987531">
        <ele>2675.49</ele>
        <time>2018-05-21T14:24:59Z</time>
      </trkpt>
      <trkpt lat="48.76426946371794" lon="-121.82611752301455">
        <ele>2677.41</ele>
        <time>2018-05-21T14:25:12Z</time>
      </trkpt>
      <trkpt lat="48.76427063718438" lon="-121.82607955299318">
        <ele>2679.33</ele>
        <time>2018-05-21T14:25:23Z</time>
      </trkpt>
      <trkpt lat="48.7642870657146" lon="-121.8260093126446">
        <ele>2682.7</ele>
        <time>2018-05-21T14:25:46Z</time>
      </trkpt>
      <trkpt lat="48.76430382952094" lon="-121.82592432014644">
        <ele>2684.62</ele>
        <time>2018-05-21T14:26:10Z</time>
      </trkpt>
      <trkpt lat="48.76430525444448" lon="-121.82588500902057">
        <ele>2686.06</ele>
        <time>2018-05-21T14:26:23Z</time>
      </trkpt>
      <trkpt lat="48.764301650226116" lon="-121.82583605870605">
        <ele>2687.02</ele>
        <time>2018-05-21T14:26:34Z</time>
      </trkpt>
      <trkpt lat="48.76425672322512" lon="-121.82573891244829">
        <ele>2689.43</ele>
        <time>2018-05-21T14:26:56Z</time>
      </trkpt>
      <trkpt lat="48.76425730995834" lon="-121.82569071650505">
        <ele>2691.83</ele>
        <time>2018-05-21T14:27:07Z</time>
      </trkpt>
      <trkpt lat="48.764283545315266" lon="-121.82561016641557">
        <ele>2693.75</ele>
        <time>2018-05-21T14:27:37Z</time>
      </trkpt>
      <trkpt lat="48.76428832300007" lon="-121.82554327882826">
        <ele>2695.19</ele>
        <time>2018-05-21T14:27:51Z</time>
      </trkpt>
      <trkpt lat="48.76430869102478" lon="-121.82549365796149">
        <ele>2696.15</ele>
        <time>2018-05-21T14:28:04Z</time>
      </trkpt>
      <trkpt lat="48.764314558357" lon="-121.82546071708202">
        <ele>2696.15</ele>
        <time>2018-05-21T14:28:15Z</time>
      </trkpt>
      <trkpt lat="48.76434138044715" lon="-121.82541235350072">
        <ele>2698.56</ele>
        <time>2018-05-21T14:28:38Z</time>
      </trkpt>
      <trkpt lat="48.764332327991724" lon="-121.82535435073078">
        <ele>2700.0</ele>
        <time>2018-05-21T14:28:49Z</time>
      </trkpt>
      <trkpt lat="48.76434146426618" lon="-121.82532258331776">
        <ele>2701.92</ele>
        <time>2018-05-21T14:28:59Z</time>
      </trkpt>
      <trkpt lat="48.764364598318934" lon="-121.82528880424798">
        <ele>2703.85</ele>
        <time>2018-05-21T14:29:12Z</time>
      </trkpt>
      <trkpt lat="48.764398293569684" lon="-121.82527438737452">
        <ele>2705.29</ele>
        <time>2018-05-21T14:29:24Z</time>
      </trkpt>
      <trkpt lat="48.76441036351025" lon="-121.82524831965566">
        <ele>2707.21</ele>
        <time>2018-05-21T14:29:35Z</time>
      </trkpt>
      <trkpt lat="48.76441086642444" lon="-121.82521319948137">
        <ele>2708.65</ele>
        <time>2018-05-21T14:29:46Z</time>
      </trkpt>
      <trkpt lat="48.76442695967853" lon="-121.82518696412444">
        <ele>2710.57</ele>
        <time>2018-05-21T14:29:56Z</time>
      </trkpt>
      <trkpt lat="48.76445738598704" lon="-121.82516852393746">
        <ele>2711.54</ele>
        <time>2018-05-21T14:30:09Z</time>
      </trkpt>
      <trkpt lat="48.764485800638795" lon="-121.8251305539161">
        <ele>2714.42</ele>
        <time>2018-05-21T14:30:33Z</time>
      </trkpt>
      <trkpt lat="48.764498038217425" lon="-121.82509115897119">
        <ele>2715.86</ele>
        <time>2018-05-21T14:30:46Z</time>
      </trkpt>
      <trkpt lat="48.764547826722264" lon="-121.82502024807036">
        <ele>2720.19</ele>
        <time>2018-05-21T14:31:21Z</time>
      </trkpt>
      <trkpt lat="48.76459409482777" lon="-121.8249609041959">
        <ele>2722.59</ele>
        <time>2018-05-21T14:31:44Z</time>
      </trkpt>
      <trkpt lat="48.76461219973862" lon="-121.82489862665534">
        <ele>2724.99</ele>
        <time>2018-05-21T14:32:09Z</time>
      </trkpt>
      <trkpt lat="48.7646546959877" lon="-121.82483685202897">
        <ele>2725.96</ele>
        <time>2018-05-21T14:32:36Z</time>
      </trkpt>
      <trkpt lat="48.76472015865147" lon="-121.82481086812913">
        <ele>2728.36</ele>
        <time>2018-05-21T14:33:02Z</time>
      </trkpt>
      <trkpt lat="48.76474505290389" lon="-121.82478345930576">
        <ele>2729.8</ele>
        <time>2018-05-21T14:33:15Z</time>
      </trkpt>
      <trkpt lat="48.764803474768996" lon="-121.82473207823932">
        <ele>2732.2</ele>
        <time>2018-05-21T14:33:40Z</time>
      </trkpt>
      <trkpt lat="48.764833649620414" lon="-121.8246955331415">
        <ele>2733.17</ele>
        <time>2018-05-21T14:33:56Z</time>
      </trkpt>
      <trkpt lat="48.764849826693535" lon="-121.82464960031211">
        <ele>2734.61</ele>
        <time>2018-05-21T14:34:07Z</time>
      </trkpt>
      <trkpt lat="48.76491998322308" lon="-121.82459947653115">
        <ele>2736.05</ele>
        <time>2018-05-21T14:34:29Z</time>
      </trkpt>
      <trkpt lat="48.76496935263276" lon="-121.82453912682831">
        <ele>2738.45</ele>
        <time>2018-05-21T14:34:46Z</time>
      </trkpt>
      <trkpt lat="48.76499307341874" lon="-121.82451800443232">
        <ele>2738.93</ele>
        <time>2018-05-21T14:35:38Z</time>
      </trkpt>
      <trkpt lat="48.765010172501206" lon="-121.82452672161162">
        <ele>2737.01</ele>
        <time>2018-05-21T14:36:06Z</time>
      </trkpt>
      <trkpt lat="48.765059961006045" lon="-121.82453384622931">
        <ele>2736.53</ele>
        <time>2018-05-21T14:37:17Z</time>
      </trkpt>
      <trkpt lat="48.765093656256795" lon="-121.82452655397356">
        <ele>2738.93</ele>
        <time>2018-05-21T14:37:27Z</time>
      </trkpt>
      <trkpt lat="48.765118131414056" lon="-121.82451087981462">
        <ele>2740.38</ele>
        <time>2018-05-21T14:37:38Z</time>
      </trkpt>
      <trkpt lat="48.76517998985946" lon="-121.82449646294117">
        <ele>2742.3</ele>
        <time>2018-05-21T14:38:01Z</time>
      </trkpt>
      <trkpt lat="48.765195831656456" lon="-121.82448858395219">
        <ele>2743.74</ele>
        <time>2018-05-21T14:38:12Z</time>
      </trkpt>
      <trkpt lat="48.76522273756564" lon="-121.82450241409242">
        <ele>2744.7</ele>
        <time>2018-05-21T14:38:22Z</time>
      </trkpt>
      <trkpt lat="48.765246123075485" lon="-121.82448380626738">
        <ele>2747.59</ele>
        <time>2018-05-21T14:38:33Z</time>
      </trkpt>
      <trkpt lat="48.765307730063796" lon="-121.82447802275419">
        <ele>2750.95</ele>
        <time>2018-05-21T14:38:56Z</time>
      </trkpt>
      <trkpt lat="48.765340922400355" lon="-121.82448615320027">
        <ele>2751.43</ele>
        <time>2018-05-21T14:39:21Z</time>
      </trkpt>
      <trkpt lat="48.76537864096463" lon="-121.82448749430478">
        <ele>2753.35</ele>
        <time>2018-05-21T14:39:31Z</time>
      </trkpt>
      <trkpt lat="48.765406887978315" lon="-121.82449847459793">
        <ele>2755.28</ele>
        <time>2018-05-21T14:39:41Z</time>
      </trkpt>
      <trkpt lat="48.76542926765978" lon="-121.82451590895653">
        <ele>2755.76</ele>
        <time>2018-05-21T14:39:53Z</time>
      </trkpt>
      <trkpt lat="48.7654491327703" lon="-121.82449227198958">
        <ele>2756.24</ele>
        <time>2018-05-21T14:40:06Z</time>
      </trkpt>
      <trkpt lat="48.76546564511955" lon="-121.82451020926237">
        <ele>2756.24</ele>
        <time>2018-05-21T14:40:16Z</time>
      </trkpt>
      <trkpt lat="48.7655043695122" lon="-121.82450585067272">
        <ele>2758.64</ele>
        <time>2018-05-21T14:40:38Z</time>
      </trkpt>
      <trkpt lat="48.76552968285978" lon="-121.82448766194284">
        <ele>2760.08</ele>
        <time>2018-05-21T14:40:49Z</time>
      </trkpt>
      <trkpt lat="48.76557528041303" lon="-121.82449093088508">
        <ele>2762.0</ele>
        <time>2018-05-21T14:41:16Z</time>
      </trkpt>
      <trkpt lat="48.76560118049383" lon="-121.82450090534985">
        <ele>2763.45</ele>
        <time>2018-05-21T14:41:29Z</time>
      </trkpt>
      <trkpt lat="48.76566035673022" lon="-121.82450576685369">
        <ele>2765.37</ele>
        <time>2018-05-21T14:41:53Z</time>
      </trkpt>
      <trkpt lat="48.765700003132224" lon="-121.82449302636087">
        <ele>2768.25</ele>
        <time>2018-05-21T14:42:06Z</time>
      </trkpt>
      <trkpt lat="48.76570955850184" lon="-121.8244674615562">
        <ele>2770.18</ele>
        <time>2018-05-21T14:42:16Z</time>
      </trkpt>
      <trkpt lat="48.76572766341269" lon="-121.82445924729109">
        <ele>2771.14</ele>
        <time>2018-05-21T14:42:28Z</time>
      </trkpt>
      <trkpt lat="48.76578373834491" lon="-121.82447944767773">
        <ele>2771.14</ele>
        <time>2018-05-21T14:42:53Z</time>
      </trkpt>
      <trkpt lat="48.76582774333656" lon="-121.82447307743132">
        <ele>2772.58</ele>
        <time>2018-05-21T14:43:11Z</time>
      </trkpt>
      <trkpt lat="48.76586789265275" lon="-121.82447341270745">
        <ele>2773.06</ele>
        <time>2018-05-21T14:43:24Z</time>
      </trkpt>
      <trkpt lat="48.76589169725776" lon="-121.82446469552815">
        <ele>2775.46</ele>
        <time>2018-05-21T14:43:34Z</time>
      </trkpt>
      <trkpt lat="48.765954142436385" lon="-121.82452470995486">
        <ele>2776.42</ele>
        <time>2018-05-21T14:44:01Z</time>
      </trkpt>
      <trkpt lat="48.76595975831151" lon="-121.82459704577923">
        <ele>2778.35</ele>
        <time>2018-05-21T14:44:16Z</time>
      </trkpt>
      <trkpt lat="48.76593151129782" lon="-121.82466636411846">
        <ele>2773.06</ele>
        <time>2018-05-21T14:49:39Z</time>
      </trkpt>
      <trkpt lat="48.765930673107505" lon="-121.82465865276754">
        <ele>2771.62</ele>
        <time>2018-05-21T14:50:27Z</time>
      </trkpt>
      <trkpt lat="48.765894547104836" lon="-121.82467382401228">
        <ele>2778.35</ele>
        <time>2018-05-21T14:50:48Z</time>
      </trkpt>
      <trkpt lat="48.76586252823472" lon="-121.82466812431812">
        <ele>2775.46</ele>
        <time>2018-05-21T14:52:05Z</time>
      </trkpt>
      <trkpt lat="48.76589094288647" lon="-121.82464758865535">
        <ele>2775.94</ele>
        <time>2018-05-21T14:52:21Z</time>
      </trkpt>
      <trkpt lat="48.76590535975993" lon="-121.82462738826871">
        <ele>2777.87</ele>
        <time>2018-05-21T14:52:40Z</time>
      </trkpt>
      <trkpt lat="48.7659343611449" lon="-121.82461347430944">
        <ele>2777.87</ele>
        <time>2018-05-21T14:52:49Z</time>
      </trkpt>
      <trkpt lat="48.7659621052444" lon="-121.82456008158624">
        <ele>2779.31</ele>
        <time>2018-05-21T14:53:01Z</time>
      </trkpt>
      <trkpt lat="48.765940982848406" lon="-121.82451297529042">
        <ele>2780.27</ele>
        <time>2018-05-21T14:53:12Z</time>
      </trkpt>
      <trkpt lat="48.765891613438725" lon="-121.82450274936855">
        <ele>2778.83</ele>
        <time>2018-05-21T14:53:25Z</time>
      </trkpt>
      <trkpt lat="48.765895972028375" lon="-121.8245346006006">
        <ele>2777.87</ele>
        <time>2018-05-21T14:54:02Z</time>
      </trkpt>
      <trkpt lat="48.765926314517856" lon="-121.82456988841295">
        <ele>2778.83</ele>
        <time>2018-05-21T14:54:26Z</time>
      </trkpt>
      <trkpt lat="48.765874011442065" lon="-121.82456016540527">
        <ele>2777.87</ele>
        <time>2018-05-21T14:54:40Z</time>
      </trkpt>
      <trkpt lat="48.765805531293154" lon="-121.82462411932647">
        <ele>2774.98</ele>
        <time>2018-05-21T14:55:07Z</time>
      </trkpt>
      <trkpt lat="48.76576622016728" lon="-121.82468689978123">
        <ele>2774.02</ele>
        <time>2018-05-21T14:55:47Z</time>
      </trkpt>
      <trkpt lat="48.765760185196996" lon="-121.82471782900393">
        <ele>2772.1</ele>
        <time>2018-05-21T14:56:01Z</time>
      </trkpt>
      <trkpt lat="48.76577116549015" lon="-121.82475160807371">
        <ele>2771.62</ele>
        <time>2018-05-21T14:56:12Z</time>
      </trkpt>
      <trkpt lat="48.76577250659466" lon="-121.82483056560159">
        <ele>2771.62</ele>
        <time>2018-05-21T14:56:46Z</time>
      </trkpt>
      <trkpt lat="48.765779631212354" lon="-121.82491170242429">
        <ele>2771.14</ele>
        <time>2018-05-21T14:57:20Z</time>
      </trkpt>
      <trkpt lat="48.76579354517162" lon="-121.82494103908539">
        <ele>2772.1</ele>
        <time>2018-05-21T14:57:31Z</time>
      </trkpt>
      <trkpt lat="48.765828078612685" lon="-121.82491882704198">
        <ele>2775.46</ele>
        <time>2018-05-21T14:57:44Z</time>
      </trkpt>
      <trkpt lat="48.76593125984073" lon="-121.82482226751745">
        <ele>2781.23</ele>
        <time>2018-05-21T14:58:23Z</time>
      </trkpt>
      <trkpt lat="48.76595204696059" lon="-121.82479720562696">
        <ele>2782.19</ele>
        <time>2018-05-21T14:58:35Z</time>
      </trkpt>
      <trkpt lat="48.76598322764039" lon="-121.82477407157421">
        <ele>2782.67</ele>
        <time>2018-05-21T14:58:44Z</time>
      </trkpt>
      <trkpt lat="48.76604768447578" lon="-121.824712716043">
        <ele>2784.6</ele>
        <time>2018-05-21T14:59:07Z</time>
      </trkpt>
      <trkpt lat="48.766119768843055" lon="-121.8246313277632">
        <ele>2789.4</ele>
        <time>2018-05-21T14:59:29Z</time>
      </trkpt>
      <trkpt lat="48.7661690544337" lon="-121.82456477545202">
        <ele>2791.81</ele>
        <time>2018-05-21T14:59:59Z</time>
      </trkpt>
      <trkpt lat="48.76619428396225" lon="-121.82458187453449">
        <ele>2792.29</ele>
        <time>2018-05-21T15:00:59Z</time>
      </trkpt>
      <trkpt lat="48.766192607581615" lon="-121.82457190006971">
        <ele>2792.77</ele>
        <time>2018-05-21T15:01:21Z</time>
      </trkpt>
      <trkpt lat="48.7661640252918" lon="-121.82457013987005">
        <ele>2790.36</ele>
        <time>2018-05-21T15:02:41Z</time>
      </trkpt>
      <trkpt lat="48.766191601753235" lon="-121.82446494698524">
        <ele>2792.77</ele>
        <time>2018-05-21T15:03:40Z</time>
      </trkpt>
      <trkpt lat="48.7662105448544" lon="-121.82440543547273">
        <ele>2793.73</ele>
        <time>2018-05-21T15:03:50Z</time>
      </trkpt>
      <trkpt lat="48.766247341409326" lon="-121.82430409826338">
        <ele>2794.21</ele>
        <time>2018-05-21T15:04:11Z</time>
      </trkpt>
      <trkpt lat="48.76625865697861" lon="-121.82426218874753">
        <ele>2796.13</ele>
        <time>2018-05-21T15:04:23Z</time>
      </trkpt>
      <trkpt lat="48.76628531143069" lon="-121.82421172969043">
        <ele>2797.09</ele>
        <time>2018-05-21T15:04:35Z</time>
      </trkpt>
      <trkpt lat="48.76630375161767" lon="-121.82416713796556">
        <ele>2799.5</ele>
        <time>2018-05-21T15:04:47Z</time>
      </trkpt>
      <trkpt lat="48.766331411898136" lon="-121.82407426647842">
        <ele>2800.94</ele>
        <time>2018-05-21T15:05:12Z</time>
      </trkpt>
      <trkpt lat="48.76635714434087" lon="-121.82402925565839">
        <ele>2802.38</ele>
        <time>2018-05-21T15:05:23Z</time>
      </trkpt>
      <trkpt lat="48.76636661589146" lon="-121.8239943869412">
        <ele>2804.78</ele>
        <time>2018-05-21T15:05:34Z</time>
      </trkpt>
      <trkpt lat="48.7663955334574" lon="-121.82392397895455">
        <ele>2807.67</ele>
        <time>2018-05-21T15:05:59Z</time>
      </trkpt>
      <trkpt lat="48.76641254872084" lon="-121.82385968975723">
        <ele>2810.55</ele>
        <time>2018-05-21T15:06:26Z</time>
      </trkpt>
      <trkpt lat="48.76645370386541" lon="-121.82377469725907">
        <ele>2813.92</ele>
        <time>2018-05-21T15:06:52Z</time>
      </trkpt>
      <trkpt lat="48.76648496836424" lon="-121.82370009832084">
        <ele>2817.28</ele>
        <time>2018-05-21T15:07:19Z</time>
      </trkpt>
      <trkpt lat="48.76649561338127" lon="-121.82365634478629">
        <ele>2818.24</ele>
        <time>2018-05-21T15:07:31Z</time>
      </trkpt>
      <trkpt lat="48.7665128801018" lon="-121.82361460290849">
        <ele>2820.16</ele>
        <time>2018-05-21T15:07:44Z</time>
      </trkpt>
      <trkpt lat="48.766540037468076" lon="-121.82358912192285">
        <ele>2820.65</ele>
        <time>2018-05-21T15:07:55Z</time>
      </trkpt>
      <trkpt lat="48.76653844490647" lon="-121.82354620657861">
        <ele>2822.09</ele>
        <time>2018-05-21T15:08:06Z</time>
      </trkpt>
      <trkpt lat="48.76654464751482" lon="-121.82349138893187">
        <ele>2824.97</ele>
        <time>2018-05-21T15:08:20Z</time>
      </trkpt>
      <trkpt lat="48.76656702719629" lon="-121.82345014996827">
        <ele>2826.89</ele>
        <time>2018-05-21T15:08:33Z</time>
      </trkpt>
      <trkpt lat="48.76658513210714" lon="-121.82340438477695">
        <ele>2827.85</ele>
        <time>2018-05-21T15:08:50Z</time>
      </trkpt>
      <trkpt lat="48.76659971661866" lon="-121.82328485883772">
        <ele>2831.22</ele>
        <time>2018-05-21T15:09:16Z</time>
      </trkpt>
      <trkpt lat="48.766610864549875" lon="-121.82323766872287">
        <ele>2833.14</ele>
        <time>2018-05-21T15:09:34Z</time>
      </trkpt>
      <trkpt lat="48.76661949791014" lon="-121.82316684164107">
        <ele>2835.55</ele>
        <time>2018-05-21T15:09:50Z</time>
      </trkpt>
      <trkpt lat="48.76663978211582" lon="-121.82313499040902">
        <ele>2837.95</ele>
        <time>2018-05-21T15:10:04Z</time>
      </trkpt>
      <trkpt lat="48.76664137467742" lon="-121.82306215167046">
        <ele>2839.87</ele>
        <time>2018-05-21T15:10:22Z</time>
      </trkpt>
      <trkpt lat="48.766660150140524" lon="-121.82301294989884">
        <ele>2842.28</ele>
        <time>2018-05-21T15:10:40Z</time>
      </trkpt>
      <trkpt lat="48.76668646931648" lon="-121.82297590188682">
        <ele>2844.2</ele>
        <time>2018-05-21T15:10:58Z</time>
      </trkpt>
      <trkpt lat="48.76671949401498" lon="-121.82285528630018">
        <ele>2846.6</ele>
        <time>2018-05-21T15:11:27Z</time>
      </trkpt>
      <trkpt lat="48.76673231832683" lon="-121.82280030101538">
        <ele>2849.0</ele>
        <time>2018-05-21T15:11:40Z</time>
      </trkpt>
      <trkpt lat="48.766755955293775" lon="-121.8227266240865">
        <ele>2851.89</ele>
        <time>2018-05-21T15:11:56Z</time>
      </trkpt>
      <trkpt lat="48.76681052148342" lon="-121.82264758273959">
        <ele>2856.69</ele>
        <time>2018-05-21T15:12:22Z</time>
      </trkpt>
      <trkpt lat="48.766831643879414" lon="-121.8226042483002">
        <ele>2859.58</ele>
        <time>2018-05-21T15:12:37Z</time>
      </trkpt>
      <trkpt lat="48.76686165109277" lon="-121.82257189415395">
        <ele>2860.54</ele>
        <time>2018-05-21T15:12:51Z</time>
      </trkpt>
      <trkpt lat="48.766949409618974" lon="-121.82251380756497">
        <ele>2863.42</ele>
        <time>2018-05-21T15:13:24Z</time>
      </trkpt>
      <trkpt lat="48.766978327184916" lon="-121.82244323194027">
        <ele>2866.79</ele>
        <time>2018-05-21T15:13:39Z</time>
      </trkpt>
      <trkpt lat="48.767025182023644" lon="-121.82241431437433">
        <ele>2868.23</ele>
        <time>2018-05-21T15:13:54Z</time>
      </trkpt>
      <trkpt lat="48.76709911040962" lon="-121.82230333797634">
        <ele>2871.6</ele>
        <time>2018-05-21T15:14:27Z</time>
      </trkpt>
      <trkpt lat="48.767120987176895" lon="-121.82225178927183">
        <ele>2873.04</ele>
        <time>2018-05-21T15:14:42Z</time>
      </trkpt>
      <trkpt lat="48.76715577207506" lon="-121.8222035933286">
        <ele>2874.96</ele>
        <time>2018-05-21T15:14:57Z</time>
      </trkpt>
      <trkpt lat="48.76718929968774" lon="-121.8221460096538">
        <ele>2876.88</ele>
        <time>2018-05-21T15:15:11Z</time>
      </trkpt>
      <trkpt lat="48.767217295244336" lon="-121.82207602076232">
        <ele>2878.32</ele>
        <time>2018-05-21T15:15:25Z</time>
      </trkpt>
      <trkpt lat="48.767300359904766" lon="-121.82193838991225">
        <ele>2880.25</ele>
        <time>2018-05-21T15:15:53Z</time>
      </trkpt>
      <trkpt lat="48.76732986420393" lon="-121.82189580984414">
        <ele>2881.69</ele>
        <time>2018-05-21T15:16:08Z</time>
      </trkpt>
      <trkpt lat="48.76737303100526" lon="-121.82182556949556">
        <ele>2883.13</ele>
        <time>2018-05-21T15:16:23Z</time>
      </trkpt>
      <trkpt lat="48.76741837710142" lon="-121.82177661918104">
        <ele>2884.57</ele>
        <time>2018-05-21T15:16:36Z</time>
      </trkpt>
      <trkpt lat="48.76744721084833" lon="-121.82172507047653">
        <ele>2885.53</ele>
        <time>2018-05-21T15:16:48Z</time>
      </trkpt>
      <trkpt lat="48.76748082228005" lon="-121.82167561724782">
        <ele>2887.46</ele>
        <time>2018-05-21T15:17:03Z</time>
      </trkpt>
      <trkpt lat="48.767558773979545" lon="-121.82152549736202">
        <ele>2892.26</ele>
        <time>2018-05-21T15:17:37Z</time>
      </trkpt>
      <trkpt lat="48.76760395243764" lon="-121.82147503830492">
        <ele>2893.71</ele>
        <time>2018-05-21T15:17:52Z</time>
      </trkpt>
      <trkpt lat="48.76766757108271" lon="-121.82137805968523">
        <ele>2896.11</ele>
        <time>2018-05-21T15:18:25Z</time>
      </trkpt>
      <trkpt lat="48.76770302653313" lon="-121.82134805247188">
        <ele>2897.55</ele>
        <time>2018-05-21T15:18:41Z</time>
      </trkpt>
      <trkpt lat="48.767755748704076" lon="-121.82128535583615">
        <ele>2898.03</ele>
        <time>2018-05-21T15:18:55Z</time>
      </trkpt>
      <trkpt lat="48.76780151389539" lon="-121.82123933918774">
        <ele>2900.44</ele>
        <time>2018-05-21T15:19:12Z</time>
      </trkpt>
      <trkpt lat="48.76784183084965" lon="-121.82118787430227">
        <ele>2901.88</ele>
        <time>2018-05-21T15:19:27Z</time>
      </trkpt>
      <trkpt lat="48.767878292128444" lon="-121.8211535923183">
        <ele>2906.68</ele>
        <time>2018-05-21T15:19:44Z</time>
      </trkpt>
      <trkpt lat="48.76798130571842" lon="-121.82108997367322">
        <ele>2907.65</ele>
        <time>2018-05-21T15:20:17Z</time>
      </trkpt>
      <trkpt lat="48.76804819330573" lon="-121.82104370556772">
        <ele>2908.61</ele>
        <time>2018-05-21T15:20:35Z</time>
      </trkpt>
      <trkpt lat="48.76817216165364" lon="-121.82101713493466">
        <ele>2909.09</ele>
        <time>2018-05-21T15:21:05Z</time>
      </trkpt>
      <trkpt lat="48.76821490935981" lon="-121.82098905555904">
        <ele>2911.01</ele>
        <time>2018-05-21T15:21:18Z</time>
      </trkpt>
      <trkpt lat="48.768315659835935" lon="-121.82094714604318">
        <ele>2911.97</ele>
        <time>2018-05-21T15:21:42Z</time>
      </trkpt>
      <trkpt lat="48.76835991628468" lon="-121.8209218326956">
        <ele>2914.37</ele>
        <time>2018-05-21T15:21:54Z</time>
      </trkpt>
      <trkpt lat="48.76841397956014" lon="-121.82090221904218">
        <ele>2916.78</ele>
        <time>2018-05-21T15:22:09Z</time>
      </trkpt>
      <trkpt lat="48.76845111139119" lon="-121.8208686914295">
        <ele>2917.26</ele>
        <time>2018-05-21T15:22:25Z</time>
      </trkpt>
      <trkpt lat="48.76848539337516" lon="-121.8208285421133">
        <ele>2916.3</ele>
        <time>2018-05-21T15:22:35Z</time>
      </trkpt>
      <trkpt lat="48.76853124238551" lon="-121.8208272010088">
        <ele>2917.26</ele>
        <time>2018-05-21T15:22:51Z</time>
      </trkpt>
      <trkpt lat="48.76856309361756" lon="-121.82079208083451">
        <ele>2917.26</ele>
        <time>2018-05-21T15:23:03Z</time>
      </trkpt>
      <trkpt lat="48.76859477721155" lon="-121.82076768949628">
        <ele>2917.74</ele>
        <time>2018-05-21T15:23:22Z</time>
      </trkpt>
      <trkpt lat="48.76867909915745" lon="-121.82073692791164">
        <ele>2920.62</ele>
        <time>2018-05-21T15:23:58Z</time>
      </trkpt>
      <trkpt lat="48.768743723630905" lon="-121.82072552852333">
        <ele>2921.58</ele>
        <time>2018-05-21T15:24:15Z</time>
      </trkpt>
      <trkpt lat="48.7687714677304" lon="-121.82072904892266">
        <ele>2923.03</ele>
        <time>2018-05-21T15:24:29Z</time>
      </trkpt>
      <trkpt lat="48.76881438307464" lon="-121.82069594040513">
        <ele>2925.43</ele>
        <time>2018-05-21T15:24:51Z</time>
      </trkpt>
      <trkpt lat="48.76883525401354" lon="-121.82066258043051">
        <ele>2929.75</ele>
        <time>2018-05-21T15:25:07Z</time>
      </trkpt>
      <trkpt lat="48.768855119124055" lon="-121.82064137421548">
        <ele>2934.56</ele>
        <time>2018-05-21T15:25:27Z</time>
      </trkpt>
      <trkpt lat="48.76888680271804" lon="-121.82058630511165">
        <ele>2936.97</ele>
        <time>2018-05-21T15:25:46Z</time>
      </trkpt>
      <trkpt lat="48.76894338056445" lon="-121.8205486703664">
        <ele>2938.89</ele>
        <time>2018-05-21T15:26:04Z</time>
      </trkpt>
      <trkpt lat="48.76898151822388" lon="-121.82048731483519">
        <ele>2940.81</ele>
        <time>2018-05-21T15:26:19Z</time>
      </trkpt>
      <trkpt lat="48.768996857106686" lon="-121.8204336706549">
        <ele>2944.17</ele>
        <time>2018-05-21T15:26:35Z</time>
      </trkpt>
      <trkpt lat="48.76901320181787" lon="-121.82034708559513">
        <ele>2948.02</ele>
        <time>2018-05-21T15:26:49Z</time>
      </trkpt>
      <trkpt lat="48.76905360259116" lon="-121.82029075920582">
        <ele>2949.94</ele>
        <time>2018-05-21T15:27:02Z</time>
      </trkpt>
      <trkpt lat="48.769078496843576" lon="-121.82022538036108">
        <ele>2950.9</ele>
        <time>2018-05-21T15:27:16Z</time>
      </trkpt>
      <trkpt lat="48.769099367782474" lon="-121.8201556429267">
        <ele>2954.27</ele>
        <time>2018-05-21T15:27:29Z</time>
      </trkpt>
      <trkpt lat="48.76911319792271" lon="-121.82005162350833">
        <ele>2955.71</ele>
        <time>2018-05-21T15:27:43Z</time>
      </trkpt>
      <trkpt lat="48.76912853680551" lon="-121.81999043561518">
        <ele>2960.04</ele>
        <time>2018-05-21T15:27:59Z</time>
      </trkpt>
      <trkpt lat="48.76917262561619" lon="-121.81994399987161">
        <ele>2961.0</ele>
        <time>2018-05-21T15:28:29Z</time>
      </trkpt>
      <trkpt lat="48.76925736665726" lon="-121.81988708674908">
        <ele>2965.32</ele>
        <time>2018-05-21T15:35:34Z</time>
      </trkpt>
      <trkpt lat="48.769227946177125" lon="-121.81987032294273">
        <ele>2963.88</ele>
        <time>2018-05-21T15:35:46Z</time>
      </trkpt>
      <trkpt lat="48.76924236305058" lon="-121.81986638344824">
        <ele>2967.25</ele>
        <time>2018-05-21T15:36:42Z</time>
      </trkpt>
      <trkpt lat="48.76924923621118" lon="-121.81983872316778">
        <ele>2966.77</ele>
        <time>2018-05-21T15:37:18Z</time>
      </trkpt>
      <trkpt lat="48.76927211880684" lon="-121.81985364295542">
        <ele>2966.77</ele>
        <time>2018-05-21T15:56:22Z</time>
      </trkpt>
      <trkpt lat="48.76927706412971" lon="-121.81988624855876">
        <ele>2963.4</ele>
        <time>2018-05-21T15:56:41Z</time>
      </trkpt>
      <trkpt lat="48.76926524564624" lon="-121.81989102624357">
        <ele>2966.77</ele>
        <time>2018-05-21T16:02:29Z</time>
      </trkpt>
      <trkpt lat="48.76925862394273" lon="-121.81987417861819">
        <ele>2965.32</ele>
        <time>2018-05-21T16:03:32Z</time>
      </trkpt>
      <trkpt lat="48.769283685833216" lon="-121.81988356634974">
        <ele>2966.29</ele>
        <time>2018-05-21T16:04:03Z</time>
      </trkpt>
      <trkpt lat="48.76927605830133" lon="-121.81989815086126">
        <ele>2963.88</ele>
        <time>2018-05-21T16:10:12Z</time>
      </trkpt>
      <trkpt lat="48.76929257065058" lon="-121.81993436068296">
        <ele>2963.4</ele>
        <time>2018-05-21T16:11:02Z</time>
      </trkpt>
      <trkpt lat="48.76932894811034" lon="-121.81998088024557">
        <ele>2963.4</ele>
        <time>2018-05-21T16:11:36Z</time>
      </trkpt>
      <trkpt lat="48.769372031092644" lon="-121.82004617527127">
        <ele>2964.36</ele>
        <time>2018-05-21T16:11:47Z</time>
      </trkpt>
      <trkpt lat="48.769485941156745" lon="-121.82016561739147">
        <ele>2966.77</ele>
        <time>2018-05-21T16:12:20Z</time>
      </trkpt>
      <trkpt lat="48.76952131278813" lon="-121.82018799707294">
        <ele>2969.17</ele>
        <time>2018-05-21T16:12:31Z</time>
      </trkpt>
      <trkpt lat="48.7695503141731" lon="-121.82022613473237">
        <ele>2969.65</ele>
        <time>2018-05-21T16:12:49Z</time>
      </trkpt>
      <trkpt lat="48.76958291977644" lon="-121.82024390436709">
        <ele>2969.65</ele>
        <time>2018-05-21T16:12:58Z</time>
      </trkpt>
      <trkpt lat="48.76965181902051" lon="-121.82032370008528">
        <ele>2972.05</ele>
        <time>2018-05-21T16:13:21Z</time>
      </trkpt>
      <trkpt lat="48.769728345796466" lon="-121.82039058767259">
        <ele>2973.5</ele>
        <time>2018-05-21T16:13:43Z</time>
      </trkpt>
      <trkpt lat="48.76975357532501" lon="-121.82041984051466">
        <ele>2973.98</ele>
        <time>2018-05-21T16:13:54Z</time>
      </trkpt>
      <trkpt lat="48.76978768967092" lon="-121.82044968008995">
        <ele>2975.42</ele>
        <time>2018-05-21T16:14:04Z</time>
      </trkpt>
      <trkpt lat="48.769823564216495" lon="-121.82049611583352">
        <ele>2977.34</ele>
        <time>2018-05-21T16:14:18Z</time>
      </trkpt>
      <trkpt lat="48.76988064497709" lon="-121.8205578904599">
        <ele>2980.22</ele>
        <time>2018-05-21T16:14:42Z</time>
      </trkpt>
      <trkpt lat="48.76991190947592" lon="-121.82058311998844">
        <ele>2981.19</ele>
        <time>2018-05-21T16:14:52Z</time>
      </trkpt>
      <trkpt lat="48.76997678540647" lon="-121.82065671309829">
        <ele>2983.11</ele>
        <time>2018-05-21T16:15:17Z</time>
      </trkpt>
      <trkpt lat="48.770012157037854" lon="-121.82069317437708">
        <ele>2984.55</ele>
        <time>2018-05-21T16:15:28Z</time>
      </trkpt>
      <trkpt lat="48.77005264163017" lon="-121.82070557959378">
        <ele>2986.95</ele>
        <time>2018-05-21T16:15:40Z</time>
      </trkpt>
      <trkpt lat="48.77008281648159" lon="-121.820751093328">
        <ele>2987.91</ele>
        <time>2018-05-21T16:15:51Z</time>
      </trkpt>
      <trkpt lat="48.770109890028834" lon="-121.8208081740886">
        <ele>2989.36</ele>
        <time>2018-05-21T16:16:05Z</time>
      </trkpt>
      <trkpt lat="48.77015615813434" lon="-121.82092627510428">
        <ele>2992.24</ele>
        <time>2018-05-21T16:16:29Z</time>
      </trkpt>
      <trkpt lat="48.77022061496973" lon="-121.82097497396171">
        <ele>2995.12</ele>
        <time>2018-05-21T16:16:52Z</time>
      </trkpt>
      <trkpt lat="48.77024785615504" lon="-121.82100556790829">
        <ele>2995.6</ele>
        <time>2018-05-21T16:17:01Z</time>
      </trkpt>
      <trkpt lat="48.770280964672565" lon="-121.82101269252598">
        <ele>2998.01</ele>
        <time>2018-05-21T16:17:17Z</time>
      </trkpt>
      <trkpt lat="48.770331759005785" lon="-121.82104521431029">
        <ele>3003.78</ele>
        <time>2018-05-21T16:17:43Z</time>
      </trkpt>
      <trkpt lat="48.77036285586655" lon="-121.82105577550828">
        <ele>3005.22</ele>
        <time>2018-05-21T16:18:00Z</time>
      </trkpt>
      <trkpt lat="48.77039210870862" lon="-121.82107446715236">
        <ele>3008.1</ele>
        <time>2018-05-21T16:18:17Z</time>
      </trkpt>
      <trkpt lat="48.77043477259576" lon="-121.82105435058475">
        <ele>3009.54</ele>
        <time>2018-05-21T16:18:35Z</time>
      </trkpt>
      <trkpt lat="48.77046352252364" lon="-121.82102786377072">
        <ele>3011.47</ele>
        <time>2018-05-21T16:18:52Z</time>
      </trkpt>
      <trkpt lat="48.77047852613032" lon="-121.82104739360511">
        <ele>3013.87</ele>
        <time>2018-05-21T16:19:07Z</time>
      </trkpt>
      <trkpt lat="48.770525716245174" lon="-121.82106080465019">
        <ele>3015.79</ele>
        <time>2018-05-21T16:19:22Z</time>
      </trkpt>
      <trkpt lat="48.77054616808891" lon="-121.82105351239443">
        <ele>3018.68</ele>
        <time>2018-05-21T16:19:38Z</time>
      </trkpt>
      <trkpt lat="48.77057206816971" lon="-121.82102392427623">
        <ele>3019.16</ele>
        <time>2018-05-21T16:19:56Z</time>
      </trkpt>
      <trkpt lat="48.770607355982065" lon="-121.82103431783617">
        <ele>3020.12</ele>
        <time>2018-05-21T16:20:12Z</time>
      </trkpt>
      <trkpt lat="48.77063878811896" lon="-121.82102266699076">
        <ele>3021.56</ele>
        <time>2018-05-21T16:20:25Z</time>
      </trkpt>
      <trkpt lat="48.7706848885864" lon="-121.82099517434835">
        <ele>3021.56</ele>
        <time>2018-05-21T16:20:42Z</time>
      </trkpt>
      <trkpt lat="48.7706832960248" lon="-121.82097748853266">
        <ele>3025.89</ele>
        <time>2018-05-21T16:21:00Z</time>
      </trkpt>
      <trkpt lat="48.770711459219456" lon="-121.82097061537206">
        <ele>3027.33</ele>
        <time>2018-05-21T16:21:18Z</time>
      </trkpt>
      <trkpt lat="48.7707609962672" lon="-121.82099710218608">
        <ele>3026.85</ele>
        <time>2018-05-21T16:21:39Z</time>
      </trkpt>
      <trkpt lat="48.77076216973364" lon="-121.82097304612398">
        <ele>3026.85</ele>
        <time>2018-05-21T16:21:54Z</time>
      </trkpt>
      <trkpt lat="48.77081288024783" lon="-121.82092074304819">
        <ele>3028.77</ele>
        <time>2018-05-21T16:22:30Z</time>
      </trkpt>
      <trkpt lat="48.77083534374833" lon="-121.82091412134469">
        <ele>3030.69</ele>
        <time>2018-05-21T16:22:44Z</time>
      </trkpt>
      <trkpt lat="48.77085101790726" lon="-121.82089517824352">
        <ele>3032.14</ele>
        <time>2018-05-21T16:22:58Z</time>
      </trkpt>
      <trkpt lat="48.77090172842145" lon="-121.8208906520158">
        <ele>3034.06</ele>
        <time>2018-05-21T16:23:19Z</time>
      </trkpt>
      <trkpt lat="48.77093047834933" lon="-121.82090029120445">
        <ele>3034.54</ele>
        <time>2018-05-21T16:23:36Z</time>
      </trkpt>
      <trkpt lat="48.77095906063914" lon="-121.82086810469627">
        <ele>3037.42</ele>
        <time>2018-05-21T16:23:52Z</time>
      </trkpt>
      <trkpt lat="48.77097356133163" lon="-121.8208750616759">
        <ele>3038.86</ele>
        <time>2018-05-21T16:24:07Z</time>
      </trkpt>
      <trkpt lat="48.7710374314338" lon="-121.82083365507424">
        <ele>3038.86</ele>
        <time>2018-05-21T16:24:38Z</time>
      </trkpt>
      <trkpt lat="48.77107875421643" lon="-121.82084488682449">
        <ele>3039.35</ele>
        <time>2018-05-21T16:25:07Z</time>
      </trkpt>
      <trkpt lat="48.771144803613424" lon="-121.82079551741481">
        <ele>3041.27</ele>
        <time>2018-05-21T16:25:37Z</time>
      </trkpt>
      <trkpt lat="48.77116207033396" lon="-121.82078931480646">
        <ele>3043.67</ele>
        <time>2018-05-21T16:25:55Z</time>
      </trkpt>
      <trkpt lat="48.77119408920407" lon="-121.82079694233835">
        <ele>3044.63</ele>
        <time>2018-05-21T16:26:10Z</time>
      </trkpt>
      <trkpt lat="48.77125016413629" lon="-121.82075318880379">
        <ele>3049.92</ele>
        <time>2018-05-21T16:26:47Z</time>
      </trkpt>
      <trkpt lat="48.771301629021764" lon="-121.82075402699411">
        <ele>3050.4</ele>
        <time>2018-05-21T16:27:03Z</time>
      </trkpt>
      <trkpt lat="48.771330043673515" lon="-121.8207373470068">
        <ele>3051.36</ele>
        <time>2018-05-21T16:27:20Z</time>
      </trkpt>
      <trkpt lat="48.77134596928954" lon="-121.82071429677308">
        <ele>3054.25</ele>
        <time>2018-05-21T16:27:35Z</time>
      </trkpt>
      <trkpt lat="48.77139508724213" lon="-121.82072896510363">
        <ele>3054.25</ele>
        <time>2018-05-21T16:27:51Z</time>
      </trkpt>
      <trkpt lat="48.771415119990706" lon="-121.82070256210864">
        <ele>3055.69</ele>
        <time>2018-05-21T16:28:06Z</time>
      </trkpt>
      <trkpt lat="48.77144378609955" lon="-121.82068948633969">
        <ele>3057.13</ele>
        <time>2018-05-21T16:28:23Z</time>
      </trkpt>
      <trkpt lat="48.7714967597276" lon="-121.82069568894804">
        <ele>3059.53</ele>
        <time>2018-05-21T16:28:57Z</time>
      </trkpt>
      <trkpt lat="48.77152567729354" lon="-121.82066936977208">
        <ele>3060.98</ele>
        <time>2018-05-21T16:29:13Z</time>
      </trkpt>
      <trkpt lat="48.77155208028853" lon="-121.82067590765655">
        <ele>3061.94</ele>
        <time>2018-05-21T16:29:29Z</time>
      </trkpt>
      <trkpt lat="48.77158929593861" lon="-121.82064288295805">
        <ele>3065.78</ele>
        <time>2018-05-21T16:30:03Z</time>
      </trkpt>
      <trkpt lat="48.771624164655805" lon="-121.82064020074904">
        <ele>3067.7</ele>
        <time>2018-05-21T16:30:20Z</time>
      </trkpt>
      <trkpt lat="48.77163824625313" lon="-121.82060105726123">
        <ele>3068.19</ele>
        <time>2018-05-21T16:30:35Z</time>
      </trkpt>
      <trkpt lat="48.77165609970689" lon="-121.82060801424086">
        <ele>3070.11</ele>
        <time>2018-05-21T16:30:52Z</time>
      </trkpt>
      <trkpt lat="48.77169373445213" lon="-121.82060667313635">
        <ele>3072.03</ele>
        <time>2018-05-21T16:31:06Z</time>
      </trkpt>
      <trkpt lat="48.77171879634261" lon="-121.82061212137341">
        <ele>3072.99</ele>
        <time>2018-05-21T16:31:20Z</time>
      </trkpt>
      <trkpt lat="48.77174067310989" lon="-121.82059401646256">
        <ele>3075.4</ele>
        <time>2018-05-21T16:31:31Z</time>
      </trkpt>
      <trkpt lat="48.77178610302508" lon="-121.82059904560447">
        <ele>3079.24</ele>
        <time>2018-05-21T16:32:00Z</time>
      </trkpt>
      <trkpt lat="48.771814769133925" lon="-121.8206112831831">
        <ele>3081.64</ele>
        <time>2018-05-21T16:32:16Z</time>
      </trkpt>
      <trkpt lat="48.77186531201005" lon="-121.82059837505221">
        <ele>3084.53</ele>
        <time>2018-05-21T16:32:44Z</time>
      </trkpt>
      <trkpt lat="48.77189137972891" lon="-121.82060549966991">
        <ele>3086.45</ele>
        <time>2018-05-21T16:33:16Z</time>
      </trkpt>
      <trkpt lat="48.77191744744778" lon="-121.8205732293427">
        <ele>3087.89</ele>
        <time>2018-05-21T16:33:33Z</time>
      </trkpt>
      <trkpt lat="48.77194343134761" lon="-121.8205785099417">
        <ele>3088.85</ele>
        <time>2018-05-21T16:33:51Z</time>
      </trkpt>
      <trkpt lat="48.77197276800871" lon="-121.82056400924921">
        <ele>3090.29</ele>
        <time>2018-05-21T16:34:07Z</time>
      </trkpt>
      <trkpt lat="48.771997326985" lon="-121.82056811638176">
        <ele>3091.26</ele>
        <time>2018-05-21T16:34:20Z</time>
      </trkpt>
      <trkpt lat="48.77202624455094" lon="-121.82055487297475">
        <ele>3091.26</ele>
        <time>2018-05-21T16:34:36Z</time>
      </trkpt>
      <trkpt lat="48.77205105498433" lon="-121.82057431899011">
        <ele>3093.66</ele>
        <time>2018-05-21T16:34:49Z</time>
      </trkpt>
      <trkpt lat="48.772045858204365" lon="-121.82061170227826">
        <ele>3094.62</ele>
        <time>2018-05-21T16:35:02Z</time>
      </trkpt>
      <trkpt lat="48.772055162116885" lon="-121.82059954851866">
        <ele>3096.54</ele>
        <time>2018-05-21T16:35:21Z</time>
      </trkpt>
      <trkpt lat="48.772082068026066" lon="-121.82058714330196">
        <ele>3095.1</ele>
        <time>2018-05-21T16:36:09Z</time>
      </trkpt>
      <trkpt lat="48.77209120430052" lon="-121.82056711055338">
        <ele>3094.62</ele>
        <time>2018-05-21T16:36:45Z</time>
      </trkpt>
      <trkpt lat="48.77210469916463" lon="-121.82063626125455">
        <ele>3095.1</ele>
        <time>2018-05-21T16:37:10Z</time>
      </trkpt>
      <trkpt lat="48.7721529789269" lon="-121.82069711387157">
        <ele>3097.51</ele>
        <time>2018-05-21T16:37:33Z</time>
      </trkpt>
      <trkpt lat="48.772207545116544" lon="-121.82074229232967">
        <ele>3098.95</ele>
        <time>2018-05-21T16:37:58Z</time>
      </trkpt>
      <trkpt lat="48.77221802249551" lon="-121.82077531702816">
        <ele>3100.39</ele>
        <time>2018-05-21T16:38:12Z</time>
      </trkpt>
      <trkpt lat="48.77229186706245" lon="-121.82081261649728">
        <ele>3102.31</ele>
        <time>2018-05-21T16:38:37Z</time>
      </trkpt>
      <trkpt lat="48.772305781021714" lon="-121.82087128981948">
        <ele>3104.71</ele>
        <time>2018-05-21T16:38:52Z</time>
      </trkpt>
      <trkpt lat="48.7723255623132" lon="-121.82091747410595">
        <ele>3104.71</ele>
        <time>2018-05-21T16:39:02Z</time>
      </trkpt>
      <trkpt lat="48.77235774882138" lon="-121.82101964950562">
        <ele>3105.68</ele>
        <time>2018-05-21T16:39:30Z</time>
      </trkpt>
      <trkpt lat="48.772392366081476" lon="-121.82106097228825">
        <ele>3106.64</ele>
        <time>2018-05-21T16:39:41Z</time>
      </trkpt>
      <trkpt lat="48.77240904606879" lon="-121.82105460204184">
        <ele>3110.48</ele>
        <time>2018-05-21T16:40:11Z</time>
      </trkpt>
      <trkpt lat="48.77244483679533" lon="-121.8210238404572">
        <ele>3114.81</ele>
        <time>2018-05-21T16:40:39Z</time>
      </trkpt>
      <trkpt lat="48.772456822916865" lon="-121.82099802419543">
        <ele>3115.77</ele>
        <time>2018-05-21T16:40:55Z</time>
      </trkpt>
      <trkpt lat="48.77247920259833" lon="-121.82092803530395">
        <ele>3119.62</ele>
        <time>2018-05-21T16:41:24Z</time>
      </trkpt>
      <trkpt lat="48.77248163335025" lon="-121.82089970447123">
        <ele>3120.58</ele>
        <time>2018-05-21T16:41:39Z</time>
      </trkpt>
      <trkpt lat="48.772511975839734" lon="-121.82087640278041">
        <ele>3121.54</ele>
        <time>2018-05-21T16:42:18Z</time>
      </trkpt>
      <trkpt lat="48.77252555452287" lon="-121.820851508528">
        <ele>3122.02</ele>
        <time>2018-05-21T16:42:36Z</time>
      </trkpt>
      <trkpt lat="48.77251708880067" lon="-121.82082368060946">
        <ele>3121.54</ele>
        <time>2018-05-21T16:42:53Z</time>
      </trkpt>
      <trkpt lat="48.772545251995325" lon="-121.82079358957708">
        <ele>3122.98</ele>
        <time>2018-05-21T16:43:28Z</time>
      </trkpt>
      <trkpt lat="48.772588251158595" lon="-121.82073097676039">
        <ele>3124.42</ele>
        <time>2018-05-21T16:44:27Z</time>
      </trkpt>
      <trkpt lat="48.77261524088681" lon="-121.82068621739745">
        <ele>3127.79</ele>
        <time>2018-05-21T16:44:59Z</time>
      </trkpt>
      <trkpt lat="48.77265480346978" lon="-121.82065520435572">
        <ele>3130.19</ele>
        <time>2018-05-21T16:45:32Z</time>
      </trkpt>
      <trkpt lat="48.7726900074631" lon="-121.82060725986958">
        <ele>3131.63</ele>
        <time>2018-05-21T16:46:05Z</time>
      </trkpt>
      <trkpt lat="48.77272319979966" lon="-121.82057758793235">
        <ele>3135.0</ele>
        <time>2018-05-21T16:46:39Z</time>
      </trkpt>
      <trkpt lat="48.77274641767144" lon="-121.82056400924921">
        <ele>3136.44</ele>
        <time>2018-05-21T16:46:52Z</time>
      </trkpt>
      <trkpt lat="48.772731414064765" lon="-121.82055453769863">
        <ele>3139.32</ele>
        <time>2018-05-21T16:47:06Z</time>
      </trkpt>
      <trkpt lat="48.77276209183037" lon="-121.82053785771132">
        <ele>3141.73</ele>
        <time>2018-05-21T16:47:21Z</time>
      </trkpt>
      <trkpt lat="48.772774329409" lon="-121.82052260264754">
        <ele>3143.65</ele>
        <time>2018-05-21T16:47:36Z</time>
      </trkpt>
      <trkpt lat="48.772779610008" lon="-121.82049770839512">
        <ele>3146.53</ele>
        <time>2018-05-21T16:47:51Z</time>
      </trkpt>
      <trkpt lat="48.77280492335558" lon="-121.82046879082918">
        <ele>3147.49</ele>
        <time>2018-05-21T16:48:06Z</time>
      </trkpt>
      <trkpt lat="48.772815987467766" lon="-121.82044381275773">
        <ele>3148.46</ele>
        <time>2018-05-21T16:48:20Z</time>
      </trkpt>
      <trkpt lat="48.772836020216346" lon="-121.82042109780014">
        <ele>3149.42</ele>
        <time>2018-05-21T16:48:35Z</time>
      </trkpt>
      <trkpt lat="48.77284565940499" lon="-121.82039201259613">
        <ele>3151.34</ele>
        <time>2018-05-21T16:48:50Z</time>
      </trkpt>
      <trkpt lat="48.77284163609147" lon="-121.82036544196308">
        <ele>3153.26</ele>
        <time>2018-05-21T16:49:07Z</time>
      </trkpt>
      <trkpt lat="48.77287575043738" lon="-121.82029411196709">
        <ele>3154.7</ele>
        <time>2018-05-21T16:49:44Z</time>
      </trkpt>
      <trkpt lat="48.77288036048412" lon="-121.82025471702218">
        <ele>3157.59</ele>
        <time>2018-05-21T16:49:59Z</time>
      </trkpt>
      <trkpt lat="48.772893100976944" lon="-121.82022395543754">
        <ele>3159.03</ele>
        <time>2018-05-21T16:50:17Z</time>
      </trkpt>
      <trkpt lat="48.77290609292686" lon="-121.82017307728529">
        <ele>3161.91</ele>
        <time>2018-05-21T16:50:44Z</time>
      </trkpt>
      <trkpt lat="48.77291061915457" lon="-121.82013946585357">
        <ele>3163.84</ele>
        <time>2018-05-21T16:50:59Z</time>
      </trkpt>
      <trkpt lat="48.772924449294806" lon="-121.82009940035641">
        <ele>3163.84</ele>
        <time>2018-05-21T16:51:14Z</time>
      </trkpt>
      <trkpt lat="48.77292805351317" lon="-121.82002446614206">
        <ele>3168.16</ele>
        <time>2018-05-21T16:51:46Z</time>
      </trkpt>
      <trkpt lat="48.772919084876776" lon="-121.81993352249265">
        <ele>3168.64</ele>
        <time>2018-05-21T16:52:15Z</time>
      </trkpt>
      <trkpt lat="48.772924868389964" lon="-121.81989463046193">
        <ele>3170.08</ele>
        <time>2018-05-21T16:52:28Z</time>
      </trkpt>
      <trkpt lat="48.772910283878446" lon="-121.81985196657479">
        <ele>3171.53</ele>
        <time>2018-05-21T16:52:44Z</time>
      </trkpt>
      <trkpt lat="48.7729231081903" lon="-121.8198218755424">
        <ele>3174.89</ele>
        <time>2018-05-21T16:52:58Z</time>
      </trkpt>
      <trkpt lat="48.77291673794389" lon="-121.81976764462888">
        <ele>3174.89</ele>
        <time>2018-05-21T16:53:12Z</time>
      </trkpt>
      <trkpt lat="48.77292671240866" lon="-121.81973294354975">
        <ele>3175.37</ele>
        <time>2018-05-21T16:53:27Z</time>
      </trkpt>
      <trkpt lat="48.772921515628695" lon="-121.81970050558448">
        <ele>3177.29</ele>
        <time>2018-05-21T16:53:41Z</time>
      </trkpt>
      <trkpt lat="48.772930819541216" lon="-121.81958785280585">
        <ele>3181.62</ele>
        <time>2018-05-21T16:54:25Z</time>
      </trkpt>
      <trkpt lat="48.77296342514455" lon="-121.81955365464091">
        <ele>3181.62</ele>
        <time>2018-05-21T16:54:38Z</time>
      </trkpt>
      <trkpt lat="48.77295982092619" lon="-121.81952959857881">
        <ele>3186.43</ele>
        <time>2018-05-21T16:57:26Z</time>
      </trkpt>
      <trkpt lat="48.772982032969594" lon="-121.8195145111531">
        <ele>3186.91</ele>
        <time>2018-05-21T16:57:50Z</time>
      </trkpt>
      <trkpt lat="48.77304959110916" lon="-121.8194920476526">
        <ele>3190.75</ele>
        <time>2018-05-21T16:58:14Z</time>
      </trkpt>
      <trkpt lat="48.77306526526809" lon="-121.81947704404593">
        <ele>3190.75</ele>
        <time>2018-05-21T16:58:21Z</time>
      </trkpt>
      <trkpt lat="48.773150676861405" lon="-121.81944661773741">
        <ele>3191.71</ele>
        <time>2018-05-21T16:58:50Z</time>
      </trkpt>
      <trkpt lat="48.773176576942205" lon="-121.8194193765521">
        <ele>3192.68</ele>
        <time>2018-05-21T16:59:05Z</time>
      </trkpt>
      <trkpt lat="48.77324824221432" lon="-121.8194159399718">
        <ele>3197.0</ele>
        <time>2018-05-21T16:59:37Z</time>
      </trkpt>
      <trkpt lat="48.7733824364841" lon="-121.81934243068099">
        <ele>3201.81</ele>
        <time>2018-05-21T17:00:29Z</time>
      </trkpt>
      <trkpt lat="48.77339920029044" lon="-121.81932005099952">
        <ele>3206.13</ele>
        <time>2018-05-21T17:00:45Z</time>
      </trkpt>
      <trkpt lat="48.77346072345972" lon="-121.81929985061288">
        <ele>3204.69</ele>
        <time>2018-05-21T17:01:21Z</time>
      </trkpt>
      <trkpt lat="48.77352518029511" lon="-121.8193036224693">
        <ele>3208.54</ele>
        <time>2018-05-21T17:01:51Z</time>
      </trkpt>
      <trkpt lat="48.77355434931815" lon="-121.81932709179819">
        <ele>3209.98</ele>
        <time>2018-05-21T17:02:04Z</time>
      </trkpt>
      <trkpt lat="48.77358879894018" lon="-121.81933044455945">
        <ele>3212.38</ele>
        <time>2018-05-21T17:02:27Z</time>
      </trkpt>
      <trkpt lat="48.773643616586924" lon="-121.81931711733341">
        <ele>3211.42</ele>
        <time>2018-05-21T17:02:43Z</time>
      </trkpt>
      <trkpt lat="48.7736810836941" lon="-121.81934804655612">
        <ele>3211.42</ele>
        <time>2018-05-21T17:02:56Z</time>
      </trkpt>
      <trkpt lat="48.773718466982245" lon="-121.81935709901154">
        <ele>3212.86</ele>
        <time>2018-05-21T17:03:09Z</time>
      </trkpt>
      <trkpt lat="48.77375174313784" lon="-121.81938190944493">
        <ele>3216.23</ele>
        <time>2018-05-21T17:03:23Z</time>
      </trkpt>
      <trkpt lat="48.77377345226705" lon="-121.81943245232105">
        <ele>3219.59</ele>
        <time>2018-05-21T17:03:38Z</time>
      </trkpt>
      <trkpt lat="48.77380966208875" lon="-121.81944821029902">
        <ele>3221.52</ele>
        <time>2018-05-21T17:03:50Z</time>
      </trkpt>
      <trkpt lat="48.77380815334618" lon="-121.81948157027364">
        <ele>3222.96</ele>
        <time>2018-05-21T17:04:06Z</time>
      </trkpt>
      <trkpt lat="48.77385349944234" lon="-121.81952968239784">
        <ele>3226.32</ele>
        <time>2018-05-21T17:04:26Z</time>
      </trkpt>
      <trkpt lat="48.77387713640928" lon="-121.81954979896545">
        <ele>3229.21</ele>
        <time>2018-05-21T17:06:39Z</time>
      </trkpt>
      <trkpt lat="48.773878645151854" lon="-121.81956890970469">
        <ele>3227.76</ele>
        <time>2018-05-21T17:07:32Z</time>
      </trkpt>
      <trkpt lat="48.77389758825302" lon="-121.81955927051604">
        <ele>3227.76</ele>
        <time>2018-05-21T17:08:06Z</time>
      </trkpt>
      <trkpt lat="48.77379189245403" lon="-121.81969279423356">
        <ele>3224.88</ele>
        <time>2018-05-21T17:08:39Z</time>
      </trkpt>
      <trkpt lat="48.773736571893096" lon="-121.8197272438556">
        <ele>3222.0</ele>
        <time>2018-05-21T17:08:51Z</time>
      </trkpt>
      <trkpt lat="48.773669097572565" lon="-121.8197359610349">
        <ele>3219.59</ele>
        <time>2018-05-21T17:09:03Z</time>
      </trkpt>
      <trkpt lat="48.77362869679928" lon="-121.81975683197379">
        <ele>3217.67</ele>
        <time>2018-05-21T17:09:13Z</time>
      </trkpt>
      <trkpt lat="48.77358712255955" lon="-121.8197180237621">
        <ele>3215.75</ele>
        <time>2018-05-21T17:09:26Z</time>
      </trkpt>
      <trkpt lat="48.773535238578916" lon="-121.81969036348164">
        <ele>3212.38</ele>
        <time>2018-05-21T17:09:38Z</time>
      </trkpt>
      <trkpt lat="48.773497520014644" lon="-121.81964786723256">
        <ele>3209.02</ele>
        <time>2018-05-21T17:09:49Z</time>
      </trkpt>
      <trkpt lat="48.77342635765672" lon="-121.8196318577975">
        <ele>3205.65</ele>
        <time>2018-05-21T17:10:04Z</time>
      </trkpt>
      <trkpt lat="48.77339316532016" lon="-121.81960193440318">
        <ele>3204.21</ele>
        <time>2018-05-21T17:10:11Z</time>
      </trkpt>
      <trkpt lat="48.773324182257056" lon="-121.81959849782288">
        <ele>3200.85</ele>
        <time>2018-05-21T17:10:21Z</time>
      </trkpt>
      <trkpt lat="48.77325352281332" lon="-121.81962297298014">
        <ele>3197.96</ele>
        <time>2018-05-21T17:10:32Z</time>
      </trkpt>
      <trkpt lat="48.77318789251149" lon="-121.81964920833707">
        <ele>3194.12</ele>
        <time>2018-05-21T17:10:43Z</time>
      </trkpt>
      <trkpt lat="48.77314464189112" lon="-121.81970125995576">
        <ele>3191.23</ele>
        <time>2018-05-21T17:10:56Z</time>
      </trkpt>
      <trkpt lat="48.77312829717994" lon="-121.81970729492605">
        <ele>3191.71</ele>
        <time>2018-05-21T17:15:29Z</time>
      </trkpt>
      <trkpt lat="48.77310139127076" lon="-121.81967326439917">
        <ele>3190.75</ele>
        <time>2018-05-21T17:15:45Z</time>
      </trkpt>
      <trkpt lat="48.773116394877434" lon="-121.81966479867697">
        <ele>3190.75</ele>
        <time>2018-05-21T17:16:34Z</time>
      </trkpt>
      <trkpt lat="48.77315319143236" lon="-121.819709809497">
        <ele>3192.2</ele>
        <time>2018-05-21T17:18:19Z</time>
      </trkpt>
      <trkpt lat="48.77315243706107" lon="-121.81973721832037">
        <ele>3192.2</ele>
        <time>2018-05-21T17:19:39Z</time>
      </trkpt>
      <trkpt lat="48.773138942196965" lon="-121.81973185390234">
        <ele>3191.71</ele>
        <time>2018-05-21T17:19:55Z</time>
      </trkpt>
      <trkpt lat="48.77299150452018" lon="-121.81958357803524">
        <ele>3188.83</ele>
        <time>2018-05-21T17:20:16Z</time>
      </trkpt>
      <trkpt lat="48.77297172322869" lon="-121.81959983892739">
        <ele>3187.39</ele>
        <time>2018-05-21T17:20:20Z</time>
      </trkpt>
      <trkpt lat="48.772945404052734" lon="-121.81970964185894">
        <ele>3183.54</ele>
        <time>2018-05-21T17:20:33Z</time>
      </trkpt>
      <trkpt lat="48.77292034216225" lon="-121.81980477645993">
        <ele>3178.74</ele>
        <time>2018-05-21T17:20:46Z</time>
      </trkpt>
      <trkpt lat="48.77291003242135" lon="-121.81982472538948">
        <ele>3176.81</ele>
        <time>2018-05-21T17:21:03Z</time>
      </trkpt>
      <trkpt lat="48.77292872406542" lon="-121.81982221081853">
        <ele>3173.45</ele>
        <time>2018-05-21T17:31:14Z</time>
      </trkpt>
      <trkpt lat="48.772904919460416" lon="-121.81983637623489">
        <ele>3176.33</ele>
        <time>2018-05-21T17:31:33Z</time>
      </trkpt>
      <trkpt lat="48.772893687710166" lon="-121.81982120499015">
        <ele>3176.81</ele>
        <time>2018-05-21T17:31:47Z</time>
      </trkpt>
      <trkpt lat="48.772892598062754" lon="-121.81976420804858">
        <ele>3177.78</ele>
        <time>2018-05-21T17:32:13Z</time>
      </trkpt>
      <trkpt lat="48.7728972081095" lon="-121.81967058219016">
        <ele>3181.62</ele>
        <time>2018-05-21T17:32:40Z</time>
      </trkpt>
      <trkpt lat="48.77289477735758" lon="-121.81963562965393">
        <ele>3182.58</ele>
        <time>2018-05-21T17:32:53Z</time>
      </trkpt>
      <trkpt lat="48.77293257974088" lon="-121.81956958025694">
        <ele>3183.06</ele>
        <time>2018-05-21T17:33:06Z</time>
      </trkpt>
      <trkpt lat="48.772943476215005" lon="-121.819524820894">
        <ele>3184.98</ele>
        <time>2018-05-21T17:33:33Z</time>
      </trkpt>
      <trkpt lat="48.77295445650816" lon="-121.81953890249133">
        <ele>3187.39</ele>
        <time>2018-05-21T17:47:58Z</time>
      </trkpt>
      <trkpt lat="48.772963089868426" lon="-121.81952046230435">
        <ele>3184.02</ele>
        <time>2018-05-21T17:48:43Z</time>
      </trkpt>
      <trkpt lat="48.773006005212665" lon="-121.81948970071971">
        <ele>3185.95</ele>
        <time>2018-05-21T17:48:52Z</time>
      </trkpt>
      <trkpt lat="48.773031402379274" lon="-121.81947654113173">
        <ele>3187.87</ele>
        <time>2018-05-21T17:49:03Z</time>
      </trkpt>
      <trkpt lat="48.77310927025974" lon="-121.81942725554109">
        <ele>3190.75</ele>
        <time>2018-05-21T17:49:25Z</time>
      </trkpt>
      <trkpt lat="48.77315151505172" lon="-121.81942457333207">
        <ele>3192.2</ele>
        <time>2018-05-21T17:49:32Z</time>
      </trkpt>
      <trkpt lat="48.77319862134755" lon="-121.81943697854877">
        <ele>3196.04</ele>
        <time>2018-05-21T17:49:49Z</time>
      </trkpt>
      <trkpt lat="48.77324162051082" lon="-121.8194233160466">
        <ele>3197.0</ele>
        <time>2018-05-21T17:50:02Z</time>
      </trkpt>
      <trkpt lat="48.77332141622901" lon="-121.81941166520119">
        <ele>3197.96</ele>
        <time>2018-05-21T17:50:25Z</time>
      </trkpt>
      <trkpt lat="48.77335527911782" lon="-121.81938283145428">
        <ele>3198.92</ele>
        <time>2018-05-21T17:50:36Z</time>
      </trkpt>
      <trkpt lat="48.77342065796256" lon="-121.81935785338283">
        <ele>3201.81</ele>
        <time>2018-05-21T17:50:59Z</time>
      </trkpt>
      <trkpt lat="48.773479498922825" lon="-121.81935282424092">
        <ele>3207.1</ele>
        <time>2018-05-21T17:51:21Z</time>
      </trkpt>
      <trkpt lat="48.77351361326873" lon="-121.81935651227832">
        <ele>3208.54</ele>
        <time>2018-05-21T17:51:33Z</time>
      </trkpt>
      <trkpt lat="48.773554684594274" lon="-121.81935131549835">
        <ele>3209.98</ele>
        <time>2018-05-21T17:51:48Z</time>
      </trkpt>
      <trkpt lat="48.77362526021898" lon="-121.81932566687465">
        <ele>3212.86</ele>
        <time>2018-05-21T17:52:16Z</time>
      </trkpt>
      <trkpt lat="48.77365308813751" lon="-121.81933388113976">
        <ele>3213.82</ele>
        <time>2018-05-21T17:52:31Z</time>
      </trkpt>
      <trkpt lat="48.77371536567807" lon="-121.81937587447464">
        <ele>3216.23</ele>
        <time>2018-05-21T17:52:50Z</time>
      </trkpt>
      <trkpt lat="48.77372902818024" lon="-121.81939791887999">
        <ele>3218.15</ele>
        <time>2018-05-21T17:53:03Z</time>
      </trkpt>
      <trkpt lat="48.773767752572894" lon="-121.81943873874843">
        <ele>3218.15</ele>
        <time>2018-05-21T17:53:19Z</time>
      </trkpt>
      <trkpt lat="48.77379331737757" lon="-121.8194835819304">
        <ele>3221.52</ele>
        <time>2018-05-21T17:53:32Z</time>
      </trkpt>
      <trkpt lat="48.773817205801606" lon="-121.81951719336212">
        <ele>3223.44</ele>
        <time>2018-05-21T17:53:45Z</time>
      </trkpt>
      <trkpt lat="48.77387411892414" lon="-121.81957460939884">
        <ele>3226.8</ele>
        <time>2018-05-21T17:54:13Z</time>
      </trkpt>
      <trkpt lat="48.77387001179159" lon="-121.81955214589834">
        <ele>3225.36</ele>
        <time>2018-05-21T18:00:39Z</time>
      </trkpt>
      <trkpt lat="48.77388082444668" lon="-121.81953144259751">
        <ele>3227.28</ele>
        <time>2018-05-21T18:03:06Z</time>
      </trkpt>
      <trkpt lat="48.773920303210616" lon="-121.81949657388031">
        <ele>3227.76</ele>
        <time>2018-05-21T18:03:21Z</time>
      </trkpt>
      <trkpt lat="48.77398886717856" lon="-121.81948442012072">
        <ele>3230.17</ele>
        <time>2018-05-21T18:03:49Z</time>
      </trkpt>
      <trkpt lat="48.77403823658824" lon="-121.81950436905026">
        <ele>3233.05</ele>
        <time>2018-05-21T18:04:19Z</time>
      </trkpt>
      <trkpt lat="48.77407201565802" lon="-121.8194973282516">
        <ele>3234.01</ele>
        <time>2018-05-21T18:04:31Z</time>
      </trkpt>
      <trkpt lat="48.774097077548504" lon="-121.81948534213006">
        <ele>3235.45</ele>
        <time>2018-05-21T18:04:48Z</time>
      </trkpt>
      <trkpt lat="48.77412901259959" lon="-121.81945717893541">
        <ele>3237.86</ele>
        <time>2018-05-21T18:05:01Z</time>
      </trkpt>
      <trkpt lat="48.77417050302029" lon="-121.81943907402456">
        <ele>3239.3</ele>
        <time>2018-05-21T18:05:12Z</time>
      </trkpt>
      <trkpt lat="48.774224650114775" lon="-121.81942750699818">
        <ele>3239.78</ele>
        <time>2018-05-21T18:05:36Z</time>
      </trkpt>
      <trkpt lat="48.77427276223898" lon="-121.81939238682389">
        <ele>3241.7</ele>
        <time>2018-05-21T18:06:06Z</time>
      </trkpt>
      <trkpt lat="48.77432422712445" lon="-121.81933991611004">
        <ele>3244.59</ele>
        <time>2018-05-21T18:06:33Z</time>
      </trkpt>
      <trkpt lat="48.774393796920776" lon="-121.81927537545562">
        <ele>3245.55</ele>
        <time>2018-05-21T18:07:01Z</time>
      </trkpt>
      <trkpt lat="48.774430342018604" lon="-121.81925014592707">
        <ele>3246.03</ele>
        <time>2018-05-21T18:07:13Z</time>
      </trkpt>
      <trkpt lat="48.77445607446134" lon="-121.81924075819552">
        <ele>3246.99</ele>
        <time>2018-05-21T18:07:25Z</time>
      </trkpt>
      <trkpt lat="48.77449655905366" lon="-121.81921779178083">
        <ele>3248.91</ele>
        <time>2018-05-21T18:07:35Z</time>
      </trkpt>
      <trkpt lat="48.77454366534948" lon="-121.8191365711391">
        <ele>3249.39</ele>
        <time>2018-05-21T18:08:01Z</time>
      </trkpt>
      <trkpt lat="48.77457283437252" lon="-121.81909558363259">
        <ele>3248.91</ele>
        <time>2018-05-21T18:08:14Z</time>
      </trkpt>
      <trkpt lat="48.77460711635649" lon="-121.819062307477">
        <ele>3248.91</ele>
        <time>2018-05-21T18:08:27Z</time>
      </trkpt>
      <trkpt lat="48.774634608998895" lon="-121.8190054781735">
        <ele>3248.91</ele>
        <time>2018-05-21T18:08:40Z</time>
      </trkpt>
      <trkpt lat="48.77467190846801" lon="-121.81896113790572">
        <ele>3249.87</ele>
        <time>2018-05-21T18:08:54Z</time>
      </trkpt>
      <trkpt lat="48.77469152212143" lon="-121.81891445070505">
        <ele>3250.83</ele>
        <time>2018-05-21T18:09:07Z</time>
      </trkpt>
      <trkpt lat="48.77471951767802" lon="-121.81887463666499">
        <ele>3251.8</ele>
        <time>2018-05-21T18:09:18Z</time>
      </trkpt>
      <trkpt lat="48.774746088311076" lon="-121.8188273627311">
        <ele>3254.2</ele>
        <time>2018-05-21T18:09:29Z</time>
      </trkpt>
      <trkpt lat="48.77481373026967" lon="-121.81872418150306">
        <ele>3257.56</ele>
        <time>2018-05-21T18:09:52Z</time>
      </trkpt>
      <trkpt lat="48.77484097145498" lon="-121.81867665611207">
        <ele>3258.53</ele>
        <time>2018-05-21T18:10:03Z</time>
      </trkpt>
      <trkpt lat="48.774878019466996" lon="-121.81863122619689">
        <ele>3259.49</ele>
        <time>2018-05-21T18:10:15Z</time>
      </trkpt>
      <trkpt lat="48.77491188235581" lon="-121.81858059950173">
        <ele>3259.97</ele>
        <time>2018-05-21T18:10:26Z</time>
      </trkpt>
      <trkpt lat="48.774940548464656" lon="-121.81852276436985">
        <ele>3259.97</ele>
        <time>2018-05-21T18:10:38Z</time>
      </trkpt>
      <trkpt lat="48.774968292564154" lon="-121.81844213046134">
        <ele>3260.93</ele>
        <time>2018-05-21T18:10:50Z</time>
      </trkpt>
      <trkpt lat="48.77499897032976" lon="-121.81836853735149">
        <ele>3260.45</ele>
        <time>2018-05-21T18:11:04Z</time>
      </trkpt>
      <trkpt lat="48.77505613490939" lon="-121.81828488595784">
        <ele>3259.49</ele>
        <time>2018-05-21T18:11:20Z</time>
      </trkpt>
      <trkpt lat="48.77512696199119" lon="-121.81815270334482">
        <ele>3260.93</ele>
        <time>2018-05-21T18:11:43Z</time>
      </trkpt>
      <trkpt lat="48.77518655732274" lon="-121.81808304972947">
        <ele>3259.01</ele>
        <time>2018-05-21T18:11:57Z</time>
      </trkpt>
      <trkpt lat="48.77522167749703" lon="-121.81800778023899">
        <ele>3259.01</ele>
        <time>2018-05-21T18:12:09Z</time>
      </trkpt>
      <trkpt lat="48.77526140771806" lon="-121.81796335615218">
        <ele>3258.53</ele>
        <time>2018-05-21T18:12:23Z</time>
      </trkpt>
      <trkpt lat="48.77529887482524" lon="-121.81790795177221">
        <ele>3258.05</ele>
        <time>2018-05-21T18:12:35Z</time>
      </trkpt>
      <trkpt lat="48.775343634188175" lon="-121.81785413995385">
        <ele>3256.12</ele>
        <time>2018-05-21T18:12:51Z</time>
      </trkpt>
      <trkpt lat="48.775376323610544" lon="-121.81780619546771">
        <ele>3256.12</ele>
        <time>2018-05-21T18:13:01Z</time>
      </trkpt>
      <trkpt lat="48.77544656395912" lon="-121.81771256960928">
        <ele>3254.68</ele>
        <time>2018-05-21T18:13:24Z</time>
      </trkpt>
      <trkpt lat="48.775522420182824" lon="-121.81764107197523">
        <ele>3255.16</ele>
        <time>2018-05-21T18:13:41Z</time>
      </trkpt>
      <trkpt lat="48.77556583844125" lon="-121.81761391460896">
        <ele>3253.72</ele>
        <time>2018-05-21T18:13:52Z</time>
      </trkpt>
      <trkpt lat="48.77568192780018" lon="-121.81750126183033">
        <ele>3249.87</ele>
        <time>2018-05-21T18:14:22Z</time>
      </trkpt>
      <trkpt lat="48.77573020756245" lon="-121.81743303313851">
        <ele>3250.83</ele>
        <time>2018-05-21T18:14:34Z</time>
      </trkpt>
      <trkpt lat="48.77578167244792" lon="-121.81738844141364">
        <ele>3251.32</ele>
        <time>2018-05-21T18:14:47Z</time>
      </trkpt>
      <trkpt lat="48.775854762643576" lon="-121.8173198774457">
        <ele>3251.32</ele>
        <time>2018-05-21T18:15:00Z</time>
      </trkpt>
      <trkpt lat="48.77593715675175" lon="-121.81723915971816">
        <ele>3252.28</ele>
        <time>2018-05-21T18:15:16Z</time>
      </trkpt>
      <trkpt lat="48.77599867992103" lon="-121.81723153218627">
        <ele>3253.24</ele>
        <time>2018-05-21T18:15:25Z</time>
      </trkpt>
      <trkpt lat="48.77601125277579" lon="-121.8172575160861">
        <ele>3255.64</ele>
        <time>2018-05-21T18:16:27Z</time>
      </trkpt>
      <trkpt lat="48.77602256834507" lon="-121.81730629876256">
        <ele>3254.68</ele>
        <time>2018-05-21T18:16:45Z</time>
      </trkpt>
      <trkpt lat="48.776020305231214" lon="-121.81726698763669">
        <ele>3254.68</ele>
        <time>2018-05-21T18:17:03Z</time>
      </trkpt>
      <trkpt lat="48.77600069157779" lon="-121.81721116416156">
        <ele>3252.28</ele>
        <time>2018-05-21T18:17:32Z</time>
      </trkpt>
      <trkpt lat="48.776002284139395" lon="-121.81726547889411">
        <ele>3253.72</ele>
        <time>2018-05-21T18:18:00Z</time>
      </trkpt>
      <trkpt lat="48.7759486399591" lon="-121.8172609526664">
        <ele>3259.01</ele>
        <time>2018-05-21T18:18:24Z</time>
      </trkpt>
      <trkpt lat="48.76354090869427" lon="-121.82766817510128">
        <ele>2617.81</ele>
        <time>2018-05-21T21:32:56Z</time>
      </trkpt>
      <trkpt lat="48.76357116736472" lon="-121.82766105048358">
        <ele>2617.33</ele>
        <time>2018-05-21T21:33:16Z</time>
      </trkpt>
      <trkpt lat="48.7635721731931" lon="-121.82764353230596">
        <ele>2623.09</ele>
        <time>2018-05-21T21:38:52Z</time>
      </trkpt>
      <trkpt lat="48.76349807716906" lon="-121.82775744237006">
        <ele>2617.81</ele>
        <time>2018-05-21T21:39:29Z</time>
      </trkpt>
      <trkpt lat="48.76347963698208" lon="-121.8277792353183">
        <ele>2617.33</ele>
        <time>2018-05-21T21:39:31Z</time>
      </trkpt>
      <trkpt lat="48.7633216381073" lon="-121.82804259471595">
        <ele>2604.83</ele>
        <time>2018-05-21T21:39:51Z</time>
      </trkpt>
      <trkpt lat="48.76323262229562" lon="-121.82818190194666">
        <ele>2597.14</ele>
        <time>2018-05-21T21:40:03Z</time>
      </trkpt>
      <trkpt lat="48.763151401653886" lon="-121.82830025441945">
        <ele>2592.33</ele>
        <time>2018-05-21T21:40:14Z</time>
      </trkpt>
      <trkpt lat="48.76304470002651" lon="-121.82842832989991">
        <ele>2590.41</ele>
        <time>2018-05-21T21:40:26Z</time>
      </trkpt>
      <trkpt lat="48.7630229908973" lon="-121.82843629270792">
        <ele>2589.93</ele>
        <time>2018-05-21T21:40:28Z</time>
      </trkpt>
      <trkpt lat="48.76290832646191" lon="-121.82860359549522">
        <ele>2584.64</ele>
        <time>2018-05-21T21:40:41Z</time>
      </trkpt>
      <trkpt lat="48.76282291486859" lon="-121.82873326353729">
        <ele>2578.87</ele>
        <time>2018-05-21T21:40:52Z</time>
      </trkpt>
      <trkpt lat="48.76275049522519" lon="-121.82885941118002">
        <ele>2572.14</ele>
        <time>2018-05-21T21:41:04Z</time>
      </trkpt>
      <trkpt lat="48.76272451132536" lon="-121.82889210060239">
        <ele>2570.22</ele>
        <time>2018-05-21T21:41:07Z</time>
      </trkpt>
      <trkpt lat="48.762641698122025" lon="-121.8290139734745">
        <ele>2565.9</ele>
        <time>2018-05-21T21:41:19Z</time>
      </trkpt>
      <trkpt lat="48.762556202709675" lon="-121.829136852175">
        <ele>2561.57</ele>
        <time>2018-05-21T21:41:30Z</time>
      </trkpt>
      <trkpt lat="48.76252845861018" lon="-121.82916518300772">
        <ele>2561.57</ele>
        <time>2018-05-21T21:41:33Z</time>
      </trkpt>
      <trkpt lat="48.76251052133739" lon="-121.82919929735363">
        <ele>2561.09</ele>
        <time>2018-05-21T21:41:36Z</time>
      </trkpt>
      <trkpt lat="48.76245872117579" lon="-121.82926191017032">
        <ele>2558.21</ele>
        <time>2018-05-21T21:41:51Z</time>
      </trkpt>
      <trkpt lat="48.76240013167262" lon="-121.82937808334827">
        <ele>2554.84</ele>
        <time>2018-05-21T21:42:08Z</time>
      </trkpt>
      <trkpt lat="48.76236752606928" lon="-121.82947439141572">
        <ele>2551.96</ele>
        <time>2018-05-21T21:42:19Z</time>
      </trkpt>
      <trkpt lat="48.76229837536812" lon="-121.82956248521805">
        <ele>2549.55</ele>
        <time>2018-05-21T21:42:28Z</time>
      </trkpt>
      <trkpt lat="48.76227205619216" lon="-121.82968997396529">
        <ele>2546.19</ele>
        <time>2018-05-21T21:42:38Z</time>
      </trkpt>
      <trkpt lat="48.76216560602188" lon="-121.82985484600067">
        <ele>2541.86</ele>
        <time>2018-05-21T21:42:52Z</time>
      </trkpt>
      <trkpt lat="48.762101819738746" lon="-121.8299291934818">
        <ele>2538.02</ele>
        <time>2018-05-21T21:43:05Z</time>
      </trkpt>
      <trkpt lat="48.76199025660753" lon="-121.83001393452287">
        <ele>2533.69</ele>
        <time>2018-05-21T21:43:17Z</time>
      </trkpt>
      <trkpt lat="48.76196309924126" lon="-121.83005383238196">
        <ele>2530.81</ele>
        <time>2018-05-21T21:43:33Z</time>
      </trkpt>
      <trkpt lat="48.76173846423626" lon="-121.83018936775625">
        <ele>2524.56</ele>
        <time>2018-05-21T21:43:57Z</time>
      </trkpt>
      <trkpt lat="48.76167166046798" lon="-121.83022733777761">
        <ele>2522.16</ele>
        <time>2018-05-21T21:44:03Z</time>
      </trkpt>
      <trkpt lat="48.76156755723059" lon="-121.83027260005474">
        <ele>2519.75</ele>
        <time>2018-05-21T21:44:13Z</time>
      </trkpt>
      <trkpt lat="48.76141944900155" lon="-121.83036689646542">
        <ele>2515.91</ele>
        <time>2018-05-21T21:44:26Z</time>
      </trkpt>
      <trkpt lat="48.761291122063994" lon="-121.83044007048011">
        <ele>2512.06</ele>
        <time>2018-05-21T21:44:38Z</time>
      </trkpt>
      <trkpt lat="48.76119062304497" lon="-121.83049966581166">
        <ele>2507.26</ele>
        <time>2018-05-21T21:44:48Z</time>
      </trkpt>
      <trkpt lat="48.761142175644636" lon="-121.83051056228578">
        <ele>2504.85</ele>
        <time>2018-05-21T21:44:54Z</time>
      </trkpt>
      <trkpt lat="48.7609161157161" lon="-121.83062740601599">
        <ele>2495.72</ele>
        <time>2018-05-21T21:45:17Z</time>
      </trkpt>
      <trkpt lat="48.760899268090725" lon="-121.83065213263035">
        <ele>2494.76</ele>
        <time>2018-05-21T21:45:20Z</time>
      </trkpt>
      <trkpt lat="48.76084612682462" lon="-121.83065414428711">
        <ele>2493.8</ele>
        <time>2018-05-21T21:45:24Z</time>
      </trkpt>
      <trkpt lat="48.76072810962796" lon="-121.83071063831449">
        <ele>2490.43</ele>
        <time>2018-05-21T21:45:36Z</time>
      </trkpt>
      <trkpt lat="48.76054513268173" lon="-121.83073402382433">
        <ele>2482.26</ele>
        <time>2018-05-21T21:46:00Z</time>
      </trkpt>
      <trkpt lat="48.76035075634718" lon="-121.83060737326741">
        <ele>2477.45</ele>
        <time>2018-05-21T21:46:11Z</time>
      </trkpt>
      <trkpt lat="48.7601806037128" lon="-121.83054903522134">
        <ele>2469.28</ele>
        <time>2018-05-21T21:46:23Z</time>
      </trkpt>
      <trkpt lat="48.760072477161884" lon="-121.83072027750313">
        <ele>2461.11</ele>
        <time>2018-05-21T21:46:49Z</time>
      </trkpt>
      <trkpt lat="48.76002243719995" lon="-121.83069789782166">
        <ele>2460.63</ele>
        <time>2018-05-21T21:47:02Z</time>
      </trkpt>
      <trkpt lat="48.759923530742526" lon="-121.83058524504304">
        <ele>2461.11</ele>
        <time>2018-05-21T21:47:14Z</time>
      </trkpt>
      <trkpt lat="48.75981624238193" lon="-121.83051550760865">
        <ele>2454.38</ele>
        <time>2018-05-21T21:47:26Z</time>
      </trkpt>
      <trkpt lat="48.75972538255155" lon="-121.83052975684404">
        <ele>2447.65</ele>
        <time>2018-05-21T21:47:40Z</time>
      </trkpt>
      <trkpt lat="48.759655728936195" lon="-121.83054593391716">
        <ele>2440.92</ele>
        <time>2018-05-21T21:47:51Z</time>
      </trkpt>
      <trkpt lat="48.759553637355566" lon="-121.83065875433385">
        <ele>2439.0</ele>
        <time>2018-05-21T21:48:02Z</time>
      </trkpt>
      <trkpt lat="48.75947266817093" lon="-121.83073486201465">
        <ele>2434.68</ele>
        <time>2018-05-21T21:48:14Z</time>
      </trkpt>
      <trkpt lat="48.75935238786042" lon="-121.83086419478059">
        <ele>2430.35</ele>
        <time>2018-05-21T21:48:27Z</time>
      </trkpt>
      <trkpt lat="48.75930813141167" lon="-121.83088020421565">
        <ele>2429.39</ele>
        <time>2018-05-21T21:48:31Z</time>
      </trkpt>
      <trkpt lat="48.759197406470776" lon="-121.83095287531614">
        <ele>2423.62</ele>
        <time>2018-05-21T21:48:43Z</time>
      </trkpt>
      <trkpt lat="48.75909556634724" lon="-121.83100610040128">
        <ele>2420.26</ele>
        <time>2018-05-21T21:48:53Z</time>
      </trkpt>
      <trkpt lat="48.759017530828714" lon="-121.83103459887207">
        <ele>2418.33</ele>
        <time>2018-05-21T21:49:01Z</time>
      </trkpt>
      <trkpt lat="48.75889322720468" lon="-121.83109964244068">
        <ele>2415.93</ele>
        <time>2018-05-21T21:49:13Z</time>
      </trkpt>
      <trkpt lat="48.75887067988515" lon="-121.83112151920795">
        <ele>2414.97</ele>
        <time>2018-05-21T21:49:15Z</time>
      </trkpt>
      <trkpt lat="48.758857771754265" lon="-121.83115303516388">
        <ele>2414.01</ele>
        <time>2018-05-21T21:49:17Z</time>
      </trkpt>
      <trkpt lat="48.7588301114738" lon="-121.83117558248341">
        <ele>2412.57</ele>
        <time>2018-05-21T21:49:21Z</time>
      </trkpt>
      <trkpt lat="48.758709747344255" lon="-121.83129259385169">
        <ele>2407.28</ele>
        <time>2018-05-21T21:49:34Z</time>
      </trkpt>
      <trkpt lat="48.75856876373291" lon="-121.8314057495445">
        <ele>2403.43</ele>
        <time>2018-05-21T21:49:47Z</time>
      </trkpt>
      <trkpt lat="48.75846776179969" lon="-121.83148512616754">
        <ele>2401.03</ele>
        <time>2018-05-21T21:49:57Z</time>
      </trkpt>
      <trkpt lat="48.75847061164677" lon="-121.8314868863672">
        <ele>2397.67</ele>
        <time>2018-05-21T21:50:09Z</time>
      </trkpt>
      <trkpt lat="48.75850338488817" lon="-121.8314126227051">
        <ele>2396.7</ele>
        <time>2018-05-21T21:50:51Z</time>
      </trkpt>
      <trkpt lat="48.75842937268317" lon="-121.83149183169007">
        <ele>2397.18</ele>
        <time>2018-05-21T21:51:05Z</time>
      </trkpt>
      <trkpt lat="48.75838704407215" lon="-121.83155679143965">
        <ele>2396.22</ele>
        <time>2018-05-21T21:51:11Z</time>
      </trkpt>
      <trkpt lat="48.75834169797599" lon="-121.83158252388239">
        <ele>2396.7</ele>
        <time>2018-05-21T21:51:16Z</time>
      </trkpt>
      <trkpt lat="48.758298279717565" lon="-121.83169542811811">
        <ele>2396.22</ele>
        <time>2018-05-21T21:51:28Z</time>
      </trkpt>
      <trkpt lat="48.7582619022578" lon="-121.83174119330943">
        <ele>2394.78</ele>
        <time>2018-05-21T21:51:33Z</time>
      </trkpt>
      <trkpt lat="48.75817313790321" lon="-121.83190614916384">
        <ele>2392.38</ele>
        <time>2018-05-21T21:51:47Z</time>
      </trkpt>
      <trkpt lat="48.758115554228425" lon="-121.83202098123729">
        <ele>2389.97</ele>
        <time>2018-05-21T21:51:59Z</time>
      </trkpt>
      <trkpt lat="48.75808110460639" lon="-121.83208560571074">
        <ele>2386.13</ele>
        <time>2018-05-21T21:52:14Z</time>
      </trkpt>
      <trkpt lat="48.75805897638202" lon="-121.83214922435582">
        <ele>2384.69</ele>
        <time>2018-05-21T21:52:24Z</time>
      </trkpt>
      <trkpt lat="48.75798923894763" lon="-121.83228995651007">
        <ele>2380.84</ele>
        <time>2018-05-21T21:52:36Z</time>
      </trkpt>
      <trkpt lat="48.75794615596533" lon="-121.8323576822877">
        <ele>2378.44</ele>
        <time>2018-05-21T21:52:41Z</time>
      </trkpt>
      <trkpt lat="48.75790483318269" lon="-121.83243596926332">
        <ele>2375.07</ele>
        <time>2018-05-21T21:52:47Z</time>
      </trkpt>
      <trkpt lat="48.75780701637268" lon="-121.83256714604795">
        <ele>2370.75</ele>
        <time>2018-05-21T21:52:57Z</time>
      </trkpt>
      <trkpt lat="48.75776192173362" lon="-121.83263101615012">
        <ele>2366.9</ele>
        <time>2018-05-21T21:53:03Z</time>
      </trkpt>
      <trkpt lat="48.757698219269514" lon="-121.83275129646063">
        <ele>2361.62</ele>
        <time>2018-05-21T21:53:14Z</time>
      </trkpt>
      <trkpt lat="48.7575969658792" lon="-121.83288029395044">
        <ele>2356.33</ele>
        <time>2018-05-21T21:53:25Z</time>
      </trkpt>
      <trkpt lat="48.75748154707253" lon="-121.8330030888319">
        <ele>2352.96</ele>
        <time>2018-05-21T21:53:37Z</time>
      </trkpt>
      <trkpt lat="48.75738532282412" lon="-121.83308531530201">
        <ele>2350.56</ele>
        <time>2018-05-21T21:53:48Z</time>
      </trkpt>
      <trkpt lat="48.75727283768356" lon="-121.83316569775343">
        <ele>2348.16</ele>
        <time>2018-05-21T21:53:59Z</time>
      </trkpt>
      <trkpt lat="48.75721382908523" lon="-121.8331997282803">
        <ele>2347.68</ele>
        <time>2018-05-21T21:54:06Z</time>
      </trkpt>
      <trkpt lat="48.757101176306605" lon="-121.8332258798182">
        <ele>2348.16</ele>
        <time>2018-05-21T21:54:17Z</time>
      </trkpt>
      <trkpt lat="48.756973184645176" lon="-121.83331439271569">
        <ele>2347.68</ele>
        <time>2018-05-21T21:54:28Z</time>
      </trkpt>
      <trkpt lat="48.75681795179844" lon="-121.83338371105492">
        <ele>2346.23</ele>
        <time>2018-05-21T21:54:41Z</time>
      </trkpt>
      <trkpt lat="48.7567803170532" lon="-121.83340776711702">
        <ele>2346.23</ele>
        <time>2018-05-21T21:54:44Z</time>
      </trkpt>
      <trkpt lat="48.75664503313601" lon="-121.8334433902055">
        <ele>2344.79</ele>
        <time>2018-05-21T21:54:56Z</time>
      </trkpt>
      <trkpt lat="48.75657772645354" lon="-121.83344054035842">
        <ele>2343.35</ele>
        <time>2018-05-21T21:55:05Z</time>
      </trkpt>
      <trkpt lat="48.75643598847091" lon="-121.83352804742754">
        <ele>2340.47</ele>
        <time>2018-05-21T21:55:17Z</time>
      </trkpt>
      <trkpt lat="48.75637429766357" lon="-121.83353198692203">
        <ele>2335.18</ele>
        <time>2018-05-21T21:55:55Z</time>
      </trkpt>
      <trkpt lat="48.75636516138911" lon="-121.83351857587695">
        <ele>2337.1</ele>
        <time>2018-05-21T21:56:15Z</time>
      </trkpt>
      <trkpt lat="48.7563590425998" lon="-121.83353282511234">
        <ele>2336.14</ele>
        <time>2018-05-21T21:58:30Z</time>
      </trkpt>
      <trkpt lat="48.75624789856374" lon="-121.83353994973004">
        <ele>2334.22</ele>
        <time>2018-05-21T21:58:53Z</time>
      </trkpt>
      <trkpt lat="48.756244629621506" lon="-121.83353559114039">
        <ele>2331.81</ele>
        <time>2018-05-21T21:59:12Z</time>
      </trkpt>
      <trkpt lat="48.756207916885614" lon="-121.83354958891869">
        <ele>2329.41</ele>
        <time>2018-05-21T21:59:25Z</time>
      </trkpt>
      <trkpt lat="48.75611571595073" lon="-121.83354774489999">
        <ele>2326.05</ele>
        <time>2018-05-21T21:59:46Z</time>
      </trkpt>
      <trkpt lat="48.75596576370299" lon="-121.83353550732136">
        <ele>2324.12</ele>
        <time>2018-05-21T21:59:58Z</time>
      </trkpt>
      <trkpt lat="48.755941623821855" lon="-121.8336212541908">
        <ele>2317.4</ele>
        <time>2018-05-21T22:00:16Z</time>
      </trkpt>
      <trkpt lat="48.75587305985391" lon="-121.83362301439047">
        <ele>2314.99</ele>
        <time>2018-05-21T22:00:34Z</time>
      </trkpt>
      <trkpt lat="48.75585922971368" lon="-121.83361982926726">
        <ele>2314.51</ele>
        <time>2018-05-21T22:00:36Z</time>
      </trkpt>
      <trkpt lat="48.75576686114073" lon="-121.83367984369397">
        <ele>2312.11</ele>
        <time>2018-05-21T22:00:48Z</time>
      </trkpt>
      <trkpt lat="48.7557562161237" lon="-121.83369350619614">
        <ele>2311.63</ele>
        <time>2018-05-21T22:00:51Z</time>
      </trkpt>
      <trkpt lat="48.7556526158005" lon="-121.8337230104953">
        <ele>2309.22</ele>
        <time>2018-05-21T22:01:01Z</time>
      </trkpt>
      <trkpt lat="48.75554792582989" lon="-121.83373181149364">
        <ele>2304.9</ele>
        <time>2018-05-21T22:01:16Z</time>
      </trkpt>
      <trkpt lat="48.75544139184058" lon="-121.8337734695524">
        <ele>2302.01</ele>
        <time>2018-05-21T22:01:26Z</time>
      </trkpt>
      <trkpt lat="48.75528582371771" lon="-121.83379082009196">
        <ele>2294.8</ele>
        <time>2018-05-21T22:01:47Z</time>
      </trkpt>
      <trkpt lat="48.75516562722623" lon="-121.83381093665957">
        <ele>2289.52</ele>
        <time>2018-05-21T22:02:00Z</time>
      </trkpt>
      <trkpt lat="48.7550550699234" lon="-121.8338514212519">
        <ele>2286.63</ele>
        <time>2018-05-21T22:02:08Z</time>
      </trkpt>
      <trkpt lat="48.75500117428601" lon="-121.83385695330799">
        <ele>2284.71</ele>
        <time>2018-05-21T22:02:12Z</time>
      </trkpt>
      <trkpt lat="48.75488013960421" lon="-121.83389869518578">
        <ele>2279.42</ele>
        <time>2018-05-21T22:02:22Z</time>
      </trkpt>
      <trkpt lat="48.75475835055113" lon="-121.83392249979079">
        <ele>2275.58</ele>
        <time>2018-05-21T22:02:34Z</time>
      </trkpt>
      <trkpt lat="48.75462390482426" lon="-121.83395418338478">
        <ele>2270.77</ele>
        <time>2018-05-21T22:02:44Z</time>
      </trkpt>
      <trkpt lat="48.75448132865131" lon="-121.83400413952768">
        <ele>2265.96</ele>
        <time>2018-05-21T22:02:57Z</time>
      </trkpt>
      <trkpt lat="48.754339925944805" lon="-121.83406918309629">
        <ele>2262.6</ele>
        <time>2018-05-21T22:03:07Z</time>
      </trkpt>
      <trkpt lat="48.75423062592745" lon="-121.83411712758243">
        <ele>2260.2</ele>
        <time>2018-05-21T22:03:16Z</time>
      </trkpt>
      <trkpt lat="48.754200702533126" lon="-121.83414227329195">
        <ele>2259.24</ele>
        <time>2018-05-21T22:03:19Z</time>
      </trkpt>
      <trkpt lat="48.75415393151343" lon="-121.83419558219612">
        <ele>2258.27</ele>
        <time>2018-05-21T22:03:24Z</time>
      </trkpt>
      <trkpt lat="48.75404002144933" lon="-121.8343017809093">
        <ele>2254.43</ele>
        <time>2018-05-21T22:03:37Z</time>
      </trkpt>
      <trkpt lat="48.75394723378122" lon="-121.83435785584152">
        <ele>2250.58</ele>
        <time>2018-05-21T22:03:47Z</time>
      </trkpt>
      <trkpt lat="48.75385696068406" lon="-121.83438920415938">
        <ele>2248.18</ele>
        <time>2018-05-21T22:03:58Z</time>
      </trkpt>
      <trkpt lat="48.75371874310076" lon="-121.83457972481847">
        <ele>2243.85</ele>
        <time>2018-05-21T22:04:12Z</time>
      </trkpt>
      <trkpt lat="48.75368379056454" lon="-121.83458953164518">
        <ele>2242.89</ele>
        <time>2018-05-21T22:04:15Z</time>
      </trkpt>
      <trkpt lat="48.753581112250686" lon="-121.83470679447055">
        <ele>2238.09</ele>
        <time>2018-05-21T22:04:27Z</time>
      </trkpt>
      <trkpt lat="48.75344884581864" lon="-121.83487233705819">
        <ele>2233.28</ele>
        <time>2018-05-21T22:04:40Z</time>
      </trkpt>
      <trkpt lat="48.75332563184202" lon="-121.83503150939941">
        <ele>2229.43</ele>
        <time>2018-05-21T22:04:52Z</time>
      </trkpt>
      <trkpt lat="48.75320417806506" lon="-121.83520501479506">
        <ele>2225.59</ele>
        <time>2018-05-21T22:05:05Z</time>
      </trkpt>
      <trkpt lat="48.75308892689645" lon="-121.83538195677102">
        <ele>2220.3</ele>
        <time>2018-05-21T22:05:17Z</time>
      </trkpt>
      <trkpt lat="48.752934113144875" lon="-121.83569493703544">
        <ele>2215.5</ele>
        <time>2018-05-21T22:05:39Z</time>
      </trkpt>
      <trkpt lat="48.7528223823756" lon="-121.83587565086782">
        <ele>2214.53</ele>
        <time>2018-05-21T22:05:50Z</time>
      </trkpt>
      <trkpt lat="48.752702521160245" lon="-121.83592678047717">
        <ele>2212.13</ele>
        <time>2018-05-21T22:06:02Z</time>
      </trkpt>
      <trkpt lat="48.7526030279696" lon="-121.83603272773325">
        <ele>2208.77</ele>
        <time>2018-05-21T22:06:12Z</time>
      </trkpt>
      <trkpt lat="48.752556927502155" lon="-121.83615116402507">
        <ele>2203.96</ele>
        <time>2018-05-21T22:06:25Z</time>
      </trkpt>
      <trkpt lat="48.75251811929047" lon="-121.83632123284042">
        <ele>2198.67</ele>
        <time>2018-05-21T22:06:35Z</time>
      </trkpt>
      <trkpt lat="48.752474784851074" lon="-121.83642944321036">
        <ele>2193.87</ele>
        <time>2018-05-21T22:06:47Z</time>
      </trkpt>
      <trkpt lat="48.752411752939224" lon="-121.8365608714521">
        <ele>2187.14</ele>
        <time>2018-05-21T22:07:08Z</time>
      </trkpt>
      <trkpt lat="48.75239892862737" lon="-121.83658258058131">
        <ele>2186.66</ele>
        <time>2018-05-21T22:07:10Z</time>
      </trkpt>
      <trkpt lat="48.75237545929849" lon="-121.83664745651186">
        <ele>2184.25</ele>
        <time>2018-05-21T22:07:15Z</time>
      </trkpt>
      <trkpt lat="48.752268170937896" lon="-121.83676606044173">
        <ele>2177.52</ele>
        <time>2018-05-21T22:07:29Z</time>
      </trkpt>
      <trkpt lat="48.752223663032055" lon="-121.83676488697529">
        <ele>2171.76</ele>
        <time>2018-05-21T22:07:46Z</time>
      </trkpt>
      <trkpt lat="48.75210287980735" lon="-121.83691852726042">
        <ele>2170.79</ele>
        <time>2018-05-21T22:07:58Z</time>
      </trkpt>
      <trkpt lat="48.751994501799345" lon="-121.83698776178062">
        <ele>2168.39</ele>
        <time>2018-05-21T22:08:07Z</time>
      </trkpt>
      <trkpt lat="48.751878244802356" lon="-121.83705423027277">
        <ele>2167.91</ele>
        <time>2018-05-21T22:08:17Z</time>
      </trkpt>
      <trkpt lat="48.75186676159501" lon="-121.8370545655489">
        <ele>2167.43</ele>
        <time>2018-05-21T22:08:18Z</time>
      </trkpt>
      <trkpt lat="48.751796605065465" lon="-121.8370783701539">
        <ele>2166.47</ele>
        <time>2018-05-21T22:08:22Z</time>
      </trkpt>
      <trkpt lat="48.75171672552824" lon="-121.83711030520499">
        <ele>2165.03</ele>
        <time>2018-05-21T22:08:28Z</time>
      </trkpt>
      <trkpt lat="48.751678839325905" lon="-121.83714173734188">
        <ele>2163.58</ele>
        <time>2018-05-21T22:08:32Z</time>
      </trkpt>
      <trkpt lat="48.75155730172992" lon="-121.83715724386275">
        <ele>2158.78</ele>
        <time>2018-05-21T22:08:45Z</time>
      </trkpt>
      <trkpt lat="48.751456551253796" lon="-121.8372221197933">
        <ele>2156.37</ele>
        <time>2018-05-21T22:08:54Z</time>
      </trkpt>
      <trkpt lat="48.7514182459563" lon="-121.83723955415189">
        <ele>2154.93</ele>
        <time>2018-05-21T22:08:57Z</time>
      </trkpt>
      <trkpt lat="48.75139460898936" lon="-121.83726771734655">
        <ele>2153.49</ele>
        <time>2018-05-21T22:08:59Z</time>
      </trkpt>
      <trkpt lat="48.75120626762509" lon="-121.83735908009112">
        <ele>2147.72</ele>
        <time>2018-05-21T22:09:13Z</time>
      </trkpt>
      <trkpt lat="48.75105706974864" lon="-121.83746603317559">
        <ele>2140.99</ele>
        <time>2018-05-21T22:09:25Z</time>
      </trkpt>
      <trkpt lat="48.751000659540296" lon="-121.83751246891916">
        <ele>2138.59</ele>
        <time>2018-05-21T22:09:29Z</time>
      </trkpt>
      <trkpt lat="48.75095162540674" lon="-121.83754415251315">
        <ele>2136.67</ele>
        <time>2018-05-21T22:09:33Z</time>
      </trkpt>
      <trkpt lat="48.75080234371126" lon="-121.837715562433">
        <ele>2133.78</ele>
        <time>2018-05-21T22:09:46Z</time>
      </trkpt>
      <trkpt lat="48.750690780580044" lon="-121.83782083913684">
        <ele>2128.98</ele>
        <time>2018-05-21T22:09:57Z</time>
      </trkpt>
      <trkpt lat="48.750637052580714" lon="-121.83785830624402">
        <ele>2127.53</ele>
        <time>2018-05-21T22:10:00Z</time>
      </trkpt>
      <trkpt lat="48.75050604343414" lon="-121.83794430457056">
        <ele>2121.77</ele>
        <time>2018-05-21T22:10:11Z</time>
      </trkpt>
      <trkpt lat="48.750412752851844" lon="-121.83787507005036">
        <ele>2119.36</ele>
        <time>2018-05-21T22:10:20Z</time>
      </trkpt>
      <trkpt lat="48.7503045424819" lon="-121.83769527822733">
        <ele>2117.92</ele>
        <time>2018-05-21T22:10:33Z</time>
      </trkpt>
      <trkpt lat="48.75012726522982" lon="-121.83763702400029">
        <ele>2116.0</ele>
        <time>2018-05-21T22:10:45Z</time>
      </trkpt>
      <trkpt lat="48.74993599019945" lon="-121.83761212974787">
        <ele>2112.15</ele>
        <time>2018-05-21T22:10:59Z</time>
      </trkpt>
      <trkpt lat="48.74977874569595" lon="-121.83761732652783">
        <ele>2107.83</ele>
        <time>2018-05-21T22:11:11Z</time>
      </trkpt>
      <trkpt lat="48.74962870962918" lon="-121.83751163072884">
        <ele>2103.98</ele>
        <time>2018-05-21T22:11:24Z</time>
      </trkpt>
      <trkpt lat="48.74955981038511" lon="-121.83747994713485">
        <ele>2099.66</ele>
        <time>2018-05-21T22:11:38Z</time>
      </trkpt>
      <trkpt lat="48.74955419450998" lon="-121.83749654330313">
        <ele>2098.21</ele>
        <time>2018-05-21T22:11:43Z</time>
      </trkpt>
      <trkpt lat="48.749492168426514" lon="-121.83750970289111">
        <ele>2095.81</ele>
        <time>2018-05-21T22:11:49Z</time>
      </trkpt>
      <trkpt lat="48.74944833107293" lon="-121.83752294629812">
        <ele>2093.41</ele>
        <time>2018-05-21T22:11:53Z</time>
      </trkpt>
      <trkpt lat="48.74938144348562" lon="-121.83752437122166">
        <ele>2091.49</ele>
        <time>2018-05-21T22:11:58Z</time>
      </trkpt>
      <trkpt lat="48.7493253685534" lon="-121.83754172176123">
        <ele>2089.08</ele>
        <time>2018-05-21T22:12:03Z</time>
      </trkpt>
      <trkpt lat="48.74925403855741" lon="-121.83758161962032">
        <ele>2086.2</ele>
        <time>2018-05-21T22:12:10Z</time>
      </trkpt>
      <trkpt lat="48.749157981947064" lon="-121.83763048611581">
        <ele>2080.91</ele>
        <time>2018-05-21T22:12:19Z</time>
      </trkpt>
      <trkpt lat="48.74904591590166" lon="-121.83768454939127">
        <ele>2075.14</ele>
        <time>2018-05-21T22:12:30Z</time>
      </trkpt>
      <trkpt lat="48.74895354732871" lon="-121.83774615637958">
        <ele>2074.18</ele>
        <time>2018-05-21T22:12:37Z</time>
      </trkpt>
      <trkpt lat="48.748913733288646" lon="-121.83778672479093">
        <ele>2073.22</ele>
        <time>2018-05-21T22:12:40Z</time>
      </trkpt>
      <trkpt lat="48.7488919403404" lon="-121.83787875808775">
        <ele>2072.26</ele>
        <time>2018-05-21T22:12:45Z</time>
      </trkpt>
      <trkpt lat="48.74881197698414" lon="-121.83801873587072">
        <ele>2069.86</ele>
        <time>2018-05-21T22:12:55Z</time>
      </trkpt>
      <trkpt lat="48.74870074912906" lon="-121.8381838593632">
        <ele>2068.89</ele>
        <time>2018-05-21T22:13:08Z</time>
      </trkpt>
      <trkpt lat="48.74866948463023" lon="-121.83821193873882">
        <ele>2068.89</ele>
        <time>2018-05-21T22:13:12Z</time>
      </trkpt>
      <trkpt lat="48.74859731644392" lon="-121.83832149021327">
        <ele>2068.89</ele>
        <time>2018-05-21T22:13:23Z</time>
      </trkpt>
      <trkpt lat="48.74851911328733" lon="-121.83830388821661">
        <ele>2068.41</ele>
        <time>2018-05-21T22:13:37Z</time>
      </trkpt>
      <trkpt lat="48.748514000326395" lon="-121.83824303559959">
        <ele>2067.93</ele>
        <time>2018-05-21T22:13:43Z</time>
      </trkpt>
      <trkpt lat="48.7485000025481" lon="-121.83820238336921">
        <ele>2067.93</ele>
        <time>2018-05-21T22:13:46Z</time>
      </trkpt>
      <trkpt lat="48.74847183935344" lon="-121.83807321824133">
        <ele>2066.49</ele>
        <time>2018-05-21T22:13:58Z</time>
      </trkpt>
      <trkpt lat="48.74850310385227" lon="-121.83807414025068">
        <ele>2065.53</ele>
        <time>2018-05-21T22:14:05Z</time>
      </trkpt>
      <trkpt lat="48.7485740147531" lon="-121.83806877583265">
        <ele>2065.05</ele>
        <time>2018-05-21T22:14:14Z</time>
      </trkpt>
      <trkpt lat="48.748624892905354" lon="-121.83803608641028">
        <ele>2066.49</ele>
        <time>2018-05-21T22:14:23Z</time>
      </trkpt>
      <trkpt lat="48.748665461316705" lon="-121.83795872144401">
        <ele>2068.89</ele>
        <time>2018-05-21T22:14:31Z</time>
      </trkpt>
      <trkpt lat="48.748761685565114" lon="-121.83782528154552">
        <ele>2068.41</ele>
        <time>2018-05-21T22:14:43Z</time>
      </trkpt>
      <trkpt lat="48.748792530968785" lon="-121.83765764348209">
        <ele>2069.38</ele>
        <time>2018-05-21T22:14:54Z</time>
      </trkpt>
      <trkpt lat="48.74876654706895" lon="-121.83751632459462">
        <ele>2067.45</ele>
        <time>2018-05-21T22:15:04Z</time>
      </trkpt>
      <trkpt lat="48.748697731643915" lon="-121.83738841675222">
        <ele>2064.57</ele>
        <time>2018-05-21T22:15:14Z</time>
      </trkpt>
      <trkpt lat="48.74856940470636" lon="-121.83726822026074">
        <ele>2058.8</ele>
        <time>2018-05-21T22:15:26Z</time>
      </trkpt>
      <trkpt lat="48.748544678092" lon="-121.83726042509079">
        <ele>2057.84</ele>
        <time>2018-05-21T22:15:28Z</time>
      </trkpt>
      <trkpt lat="48.74839514493942" lon="-121.83732094243169">
        <ele>2051.59</ele>
        <time>2018-05-21T22:15:42Z</time>
      </trkpt>
      <trkpt lat="48.74834317713976" lon="-121.83733359910548">
        <ele>2049.67</ele>
        <time>2018-05-21T22:15:46Z</time>
      </trkpt>
      <trkpt lat="48.74823513440788" lon="-121.83739554136992">
        <ele>2045.82</ele>
        <time>2018-05-21T22:15:53Z</time>
      </trkpt>
      <trkpt lat="48.748102113604546" lon="-121.83750299736857">
        <ele>2039.09</ele>
        <time>2018-05-21T22:16:04Z</time>
      </trkpt>
      <trkpt lat="48.748026341199875" lon="-121.83753535151482">
        <ele>2035.73</ele>
        <time>2018-05-21T22:16:10Z</time>
      </trkpt>
      <trkpt lat="48.7479109223932" lon="-121.83762118220329">
        <ele>2035.25</ele>
        <time>2018-05-21T22:16:20Z</time>
      </trkpt>
      <trkpt lat="48.74779592268169" lon="-121.83771011419594">
        <ele>2034.77</ele>
        <time>2018-05-21T22:16:29Z</time>
      </trkpt>
      <trkpt lat="48.74768561683595" lon="-121.83780273422599">
        <ele>2033.33</ele>
        <time>2018-05-21T22:16:40Z</time>
      </trkpt>
      <trkpt lat="48.74767824076116" lon="-121.83781212195754">
        <ele>2033.33</ele>
        <time>2018-05-21T22:16:41Z</time>
      </trkpt>
      <trkpt lat="48.7475795019418" lon="-121.83789535425603">
        <ele>2031.4</ele>
        <time>2018-05-21T22:16:52Z</time>
      </trkpt>
      <trkpt lat="48.7474777456373" lon="-121.83796349912882">
        <ele>2029.0</ele>
        <time>2018-05-21T22:17:01Z</time>
      </trkpt>
      <trkpt lat="48.7473292183131" lon="-121.83809727430344">
        <ele>2025.64</ele>
        <time>2018-05-21T22:17:14Z</time>
      </trkpt>
      <trkpt lat="48.74724917113781" lon="-121.83811076916754">
        <ele>2023.23</ele>
        <time>2018-05-21T22:17:19Z</time>
      </trkpt>
      <trkpt lat="48.74721120111644" lon="-121.83810314163566">
        <ele>2020.83</ele>
        <time>2018-05-21T22:17:23Z</time>
      </trkpt>
      <trkpt lat="48.74713978730142" lon="-121.83814127929509">
        <ele>2019.39</ele>
        <time>2018-05-21T22:17:28Z</time>
      </trkpt>
      <trkpt lat="48.747008023783565" lon="-121.83826767839491">
        <ele>2015.06</ele>
        <time>2018-05-21T22:17:38Z</time>
      </trkpt>
      <trkpt lat="48.746927976608276" lon="-121.83833641000092">
        <ele>2014.1</ele>
        <time>2018-05-21T22:17:47Z</time>
      </trkpt>
      <trkpt lat="48.74684566631913" lon="-121.83832593262196">
        <ele>2011.22</ele>
        <time>2018-05-21T22:18:00Z</time>
      </trkpt>
      <trkpt lat="48.74674047343433" lon="-121.83841176331043">
        <ele>2008.81</ele>
        <time>2018-05-21T22:18:13Z</time>
      </trkpt>
      <trkpt lat="48.74670283868909" lon="-121.83843808248639">
        <ele>2008.81</ele>
        <time>2018-05-21T22:18:16Z</time>
      </trkpt>
      <trkpt lat="48.74668439850211" lon="-121.83846272528172">
        <ele>2009.29</ele>
        <time>2018-05-21T22:18:18Z</time>
      </trkpt>
      <trkpt lat="48.746389439329505" lon="-121.83862734586">
        <ele>2002.56</ele>
        <time>2018-05-21T22:18:44Z</time>
      </trkpt>
      <trkpt lat="48.746239906176925" lon="-121.83866598643363">
        <ele>1999.2</ele>
        <time>2018-05-21T22:18:57Z</time>
      </trkpt>
      <trkpt lat="48.74609221704304" lon="-121.8387758731842">
        <ele>1996.8</ele>
        <time>2018-05-21T22:19:11Z</time>
      </trkpt>
      <trkpt lat="48.74594788067043" lon="-121.83885575272143">
        <ele>1992.95</ele>
        <time>2018-05-21T22:19:24Z</time>
      </trkpt>
      <trkpt lat="48.745848471298814" lon="-121.83897712267935">
        <ele>1990.55</ele>
        <time>2018-05-21T22:19:35Z</time>
      </trkpt>
      <trkpt lat="48.74570715241134" lon="-121.83913889341056">
        <ele>1985.74</ele>
        <time>2018-05-21T22:19:47Z</time>
      </trkpt>
      <trkpt lat="48.74554722569883" lon="-121.83930049650371">
        <ele>1981.41</ele>
        <time>2018-05-21T22:20:00Z</time>
      </trkpt>
      <trkpt lat="48.74533524736762" lon="-121.83945262804627">
        <ele>1973.24</ele>
        <time>2018-05-21T22:20:13Z</time>
      </trkpt>
      <trkpt lat="48.74521295540035" lon="-121.83962227776647">
        <ele>1966.51</ele>
        <time>2018-05-21T22:20:25Z</time>
      </trkpt>
      <trkpt lat="48.74506887048483" lon="-121.83975622057915">
        <ele>1963.15</ele>
        <time>2018-05-21T22:20:37Z</time>
      </trkpt>
      <trkpt lat="48.7449252884835" lon="-121.8399627506733">
        <ele>1959.78</ele>
        <time>2018-05-21T22:20:50Z</time>
      </trkpt>
      <trkpt lat="48.74486418440938" lon="-121.84009652584791">
        <ele>1957.38</ele>
        <time>2018-05-21T22:20:59Z</time>
      </trkpt>
      <trkpt lat="48.74477122910321" lon="-121.840331973508">
        <ele>1951.13</ele>
        <time>2018-05-21T22:21:12Z</time>
      </trkpt>
      <trkpt lat="48.7446575704962" lon="-121.84055333957076">
        <ele>1944.88</ele>
        <time>2018-05-21T22:21:21Z</time>
      </trkpt>
      <trkpt lat="48.74454692937434" lon="-121.84082449413836">
        <ele>1937.19</ele>
        <time>2018-05-21T22:21:35Z</time>
      </trkpt>
      <trkpt lat="48.74445137567818" lon="-121.84102180413902">
        <ele>1932.39</ele>
        <time>2018-05-21T22:21:46Z</time>
      </trkpt>
      <trkpt lat="48.74439597129822" lon="-121.84126789681613">
        <ele>1928.06</ele>
        <time>2018-05-21T22:21:58Z</time>
      </trkpt>
      <trkpt lat="48.74431441538036" lon="-121.84152186848223">
        <ele>1923.74</ele>
        <time>2018-05-21T22:22:10Z</time>
      </trkpt>
      <trkpt lat="48.74429899267852" lon="-121.84162949211895">
        <ele>1921.33</ele>
        <time>2018-05-21T22:22:16Z</time>
      </trkpt>
      <trkpt lat="48.74416396021843" lon="-121.84191011823714">
        <ele>1914.6</ele>
        <time>2018-05-21T22:22:29Z</time>
      </trkpt>
      <trkpt lat="48.74401803128421" lon="-121.8421069253236">
        <ele>1908.83</ele>
        <time>2018-05-21T22:22:43Z</time>
      </trkpt>
      <trkpt lat="48.743999088183045" lon="-121.84212528169155">
        <ele>1907.87</ele>
        <time>2018-05-21T22:22:45Z</time>
      </trkpt>
      <trkpt lat="48.74384293332696" lon="-121.84232242405415">
        <ele>1906.43</ele>
        <time>2018-05-21T22:22:59Z</time>
      </trkpt>
      <trkpt lat="48.743847124278545" lon="-121.84230943210423">
        <ele>1903.07</ele>
        <time>2018-05-21T22:40:09Z</time>
      </trkpt>
      <trkpt lat="48.74385760165751" lon="-121.84233055450022">
        <ele>1903.07</ele>
        <time>2018-05-21T22:40:41Z</time>
      </trkpt>
      <trkpt lat="48.743866821751" lon="-121.84230398386717">
        <ele>1903.07</ele>
        <time>2018-05-21T22:41:13Z</time>
      </trkpt>
      <trkpt lat="48.74384578317404" lon="-121.84230079874396">
        <ele>1900.18</ele>
        <time>2018-05-21T22:46:38Z</time>
      </trkpt>
      <trkpt lat="48.74381963163614" lon="-121.84227758087218">
        <ele>1904.51</ele>
        <time>2018-05-21T22:47:07Z</time>
      </trkpt>
      <trkpt lat="48.74381376430392" lon="-121.84231613762677">
        <ele>1902.59</ele>
        <time>2018-05-21T22:47:27Z</time>
      </trkpt>
      <trkpt lat="48.743852991610765" lon="-121.84231923893094">
        <ele>1902.59</ele>
        <time>2018-05-21T22:47:57Z</time>
      </trkpt>
      <trkpt lat="48.74384628608823" lon="-121.84232535772026">
        <ele>1904.03</ele>
        <time>2018-05-21T22:53:44Z</time>
      </trkpt>
      <trkpt lat="48.74383321031928" lon="-121.84230130165815">
        <ele>1902.11</ele>
        <time>2018-05-21T22:54:02Z</time>
      </trkpt>
      <trkpt lat="48.7438234873116" lon="-121.84233105741441">
        <ele>1899.22</ele>
        <time>2018-05-21T23:04:16Z</time>
      </trkpt>
      <trkpt lat="48.74383706599474" lon="-121.84231077320874">
        <ele>1899.22</ele>
        <time>2018-05-21T23:09:23Z</time>
      </trkpt>
      <trkpt lat="48.74384050257504" lon="-121.84232384897768">
        <ele>1901.14</ele>
        <time>2018-05-21T23:09:51Z</time>
      </trkpt>
      <trkpt lat="48.74377596192062" lon="-121.84238973073661">
        <ele>1899.7</ele>
        <time>2018-05-21T23:10:02Z</time>
      </trkpt>
      <trkpt lat="48.74366263858974" lon="-121.84246743097901">
        <ele>1896.34</ele>
        <time>2018-05-21T23:10:14Z</time>
      </trkpt>
      <trkpt lat="48.74362953007221" lon="-121.84247883036733">
        <ele>1895.86</ele>
        <time>2018-05-21T23:10:27Z</time>
      </trkpt>
      <trkpt lat="48.74364889226854" lon="-121.84250062331557">
        <ele>1896.82</ele>
        <time>2018-05-21T23:31:18Z</time>
      </trkpt>
      <trkpt lat="48.73941728845239" lon="-121.84171599335968">
        <ele>1785.79</ele>
        <time>2018-05-22T00:00:45Z</time>
      </trkpt>
      <trkpt lat="48.73929642140865" lon="-121.84169042855501">
        <ele>1788.19</ele>
        <time>2018-05-22T00:00:55Z</time>
      </trkpt>
      <trkpt lat="48.73916926793754" lon="-121.8417464196682">
        <ele>1788.19</ele>
        <time>2018-05-22T00:01:07Z</time>
      </trkpt>
      <trkpt lat="48.73897681944072" lon="-121.84182277880609">
        <ele>1788.19</ele>
        <time>2018-05-22T00:01:20Z</time>
      </trkpt>
      <trkpt lat="48.73885896988213" lon="-121.84185546822846">
        <ele>1782.9</ele>
        <time>2018-05-22T00:01:32Z</time>
      </trkpt>
      <trkpt lat="48.73879803344607" lon="-121.84189788065851">
        <ele>1780.5</ele>
        <time>2018-05-22T00:01:39Z</time>
      </trkpt>
      <trkpt lat="48.73876039870083" lon="-121.8419055081904">
        <ele>1780.02</ele>
        <time>2018-05-22T00:01:43Z</time>
      </trkpt>
      <trkpt lat="48.73866694048047" lon="-121.84191363863647">
        <ele>1779.06</ele>
        <time>2018-05-22T00:01:53Z</time>
      </trkpt>
      <trkpt lat="48.738570883870125" lon="-121.84187918901443">
        <ele>1777.61</ele>
        <time>2018-05-22T00:02:04Z</time>
      </trkpt>
      <trkpt lat="48.73851698823273" lon="-121.84182001277804">
        <ele>1776.65</ele>
        <time>2018-05-22T00:02:11Z</time>
      </trkpt>
      <trkpt lat="48.738457057625055" lon="-121.84177525341511">
        <ele>1775.69</ele>
        <time>2018-05-22T00:02:19Z</time>
      </trkpt>
      <trkpt lat="48.73834507539868" lon="-121.84174063615501">
        <ele>1774.73</ele>
        <time>2018-05-22T00:02:29Z</time>
      </trkpt>
      <trkpt lat="48.738235188648105" lon="-121.84171817265451">
        <ele>1771.85</ele>
        <time>2018-05-22T00:02:41Z</time>
      </trkpt>
      <trkpt lat="48.73805950395763" lon="-121.84183325618505">
        <ele>1770.41</ele>
        <time>2018-05-22T00:03:00Z</time>
      </trkpt>
      <trkpt lat="48.73802103102207" lon="-121.84183677658439">
        <ele>1769.44</ele>
        <time>2018-05-22T00:03:05Z</time>
      </trkpt>
      <trkpt lat="48.73791240155697" lon="-121.84181691147387">
        <ele>1768.96</ele>
        <time>2018-05-22T00:03:19Z</time>
      </trkpt>
      <trkpt lat="48.73793251812458" lon="-121.84180660173297">
        <ele>1770.89</ele>
        <time>2018-05-22T00:03:32Z</time>
      </trkpt>
      <trkpt lat="48.73757285065949" lon="-121.84210851788521">
        <ele>1766.08</ele>
        <time>2018-05-22T00:03:45Z</time>
      </trkpt>
      <trkpt lat="48.73721946962178" lon="-121.84248947538435">
        <ele>1755.99</ele>
        <time>2018-05-22T00:04:00Z</time>
      </trkpt>
      <trkpt lat="48.73715409077704" lon="-121.84261235408485">
        <ele>1744.93</ele>
        <time>2018-05-22T00:04:16Z</time>
      </trkpt>
      <trkpt lat="48.73705258592963" lon="-121.84269349090755">
        <ele>1730.99</ele>
        <time>2018-05-22T00:04:34Z</time>
      </trkpt>
      <trkpt lat="48.73703624121845" lon="-121.8426925688982">
        <ele>1727.15</ele>
        <time>2018-05-22T00:04:37Z</time>
      </trkpt>
      <trkpt lat="48.73694999143481" lon="-121.84261553920805">
        <ele>1719.94</ele>
        <time>2018-05-22T00:04:48Z</time>
      </trkpt>
      <trkpt lat="48.73687891289592" lon="-121.84261193498969">
        <ele>1718.01</ele>
        <time>2018-05-22T00:04:57Z</time>
      </trkpt>
      <trkpt lat="48.73677548021078" lon="-121.8425247631967">
        <ele>1713.21</ele>
        <time>2018-05-22T00:05:08Z</time>
      </trkpt>
      <trkpt lat="48.73666265979409" lon="-121.84250330552459">
        <ele>1711.76</ele>
        <time>2018-05-22T00:05:19Z</time>
      </trkpt>
      <trkpt lat="48.7365413736552" lon="-121.84245703741908">
        <ele>1709.36</ele>
        <time>2018-05-22T00:05:31Z</time>
      </trkpt>
      <trkpt lat="48.736439952626824" lon="-121.8424507509917">
        <ele>1708.88</ele>
        <time>2018-05-22T00:05:41Z</time>
      </trkpt>
      <trkpt lat="48.73633274808526" lon="-121.84242870658636">
        <ele>1707.92</ele>
        <time>2018-05-22T00:05:53Z</time>
      </trkpt>
      <trkpt lat="48.736256305128336" lon="-121.84241806156933">
        <ele>1707.92</ele>
        <time>2018-05-22T00:06:04Z</time>
      </trkpt>
      <trkpt lat="48.736227471381426" lon="-121.8424063269049">
        <ele>1709.36</ele>
        <time>2018-05-22T00:06:18Z</time>
      </trkpt>
      <trkpt lat="48.736228393390775" lon="-121.84234061278403">
        <ele>1713.21</ele>
        <time>2018-05-22T00:06:57Z</time>
      </trkpt>
      <trkpt lat="48.73622093349695" lon="-121.84231177903712">
        <ele>1713.69</ele>
        <time>2018-05-22T00:07:36Z</time>
      </trkpt>
      <trkpt lat="48.73620869591832" lon="-121.8423228431493">
        <ele>1713.69</ele>
        <time>2018-05-22T00:07:47Z</time>
      </trkpt>
      <trkpt lat="48.73609629459679" lon="-121.8423402775079">
        <ele>1709.84</ele>
        <time>2018-05-22T00:07:59Z</time>
      </trkpt>
      <trkpt lat="48.73600577004254" lon="-121.84231856837869">
        <ele>1707.92</ele>
        <time>2018-05-22T00:08:09Z</time>
      </trkpt>
      <trkpt lat="48.73591683804989" lon="-121.84227582067251">
        <ele>1709.36</ele>
        <time>2018-05-22T00:08:19Z</time>
      </trkpt>
      <trkpt lat="48.7358264811337" lon="-121.84225503355265">
        <ele>1708.88</ele>
        <time>2018-05-22T00:08:29Z</time>
      </trkpt>
      <trkpt lat="48.73577023856342" lon="-121.8422007188201">
        <ele>1709.36</ele>
        <time>2018-05-22T00:08:36Z</time>
      </trkpt>
      <trkpt lat="48.735659597441554" lon="-121.8421127088368">
        <ele>1707.92</ele>
        <time>2018-05-22T00:08:46Z</time>
      </trkpt>
      <trkpt lat="48.735450971871614" lon="-121.84202981181443">
        <ele>1705.52</ele>
        <time>2018-05-22T00:09:06Z</time>
      </trkpt>
      <trkpt lat="48.735370840877295" lon="-121.8419946078211">
        <ele>1704.07</ele>
        <time>2018-05-22T00:09:15Z</time>
      </trkpt>
      <trkpt lat="48.73528324998915" lon="-121.84196225367486">
        <ele>1702.15</ele>
        <time>2018-05-22T00:09:23Z</time>
      </trkpt>
      <trkpt lat="48.73516296967864" lon="-121.84195353649557">
        <ele>1700.23</ele>
        <time>2018-05-22T00:09:34Z</time>
      </trkpt>
      <trkpt lat="48.73510370962322" lon="-121.8419393710792">
        <ele>1699.27</ele>
        <time>2018-05-22T00:09:39Z</time>
      </trkpt>
      <trkpt lat="48.734982423484325" lon="-121.84183199889958">
        <ele>1694.94</ele>
        <time>2018-05-22T00:09:50Z</time>
      </trkpt>
      <trkpt lat="48.73490790836513" lon="-121.84179017320275">
        <ele>1693.98</ele>
        <time>2018-05-22T00:09:59Z</time>
      </trkpt>
      <trkpt lat="48.734882678836584" lon="-121.84177994728088">
        <ele>1693.5</ele>
        <time>2018-05-22T00:10:02Z</time>
      </trkpt>
      <trkpt lat="48.73477195389569" lon="-121.8417012412101">
        <ele>1691.58</ele>
        <time>2018-05-22T00:10:13Z</time>
      </trkpt>
      <trkpt lat="48.7347262725234" lon="-121.84170191176236">
        <ele>1691.1</ele>
        <time>2018-05-22T00:10:18Z</time>
      </trkpt>
      <trkpt lat="48.73462845571339" lon="-121.8417392950505">
        <ele>1693.5</ele>
        <time>2018-05-22T00:10:28Z</time>
      </trkpt>
      <trkpt lat="48.73461068607867" lon="-121.84173166751862">
        <ele>1694.46</ele>
        <time>2018-05-22T00:10:31Z</time>
      </trkpt>
      <trkpt lat="48.73456324450672" lon="-121.84168858453631">
        <ele>1694.94</ele>
        <time>2018-05-22T00:10:38Z</time>
      </trkpt>
      <trkpt lat="48.73450566083193" lon="-121.84166813269258">
        <ele>1694.46</ele>
        <time>2018-05-22T00:10:43Z</time>
      </trkpt>
      <trkpt lat="48.73445059172809" lon="-121.84168581850827">
        <ele>1693.98</ele>
        <time>2018-05-22T00:10:48Z</time>
      </trkpt>
      <trkpt lat="48.73433953151107" lon="-121.84175890870392">
        <ele>1692.54</ele>
        <time>2018-05-22T00:10:59Z</time>
      </trkpt>
      <trkpt lat="48.73422813601792" lon="-121.84176913462579">
        <ele>1691.1</ele>
        <time>2018-05-22T00:11:08Z</time>
      </trkpt>
      <trkpt lat="48.73413325287402" lon="-121.84173828922212">
        <ele>1689.17</ele>
        <time>2018-05-22T00:11:18Z</time>
      </trkpt>
      <trkpt lat="48.734073992818594" lon="-121.84170979075134">
        <ele>1689.17</ele>
        <time>2018-05-22T00:11:24Z</time>
      </trkpt>
      <trkpt lat="48.73394910246134" lon="-121.8417120538652">
        <ele>1687.25</ele>
        <time>2018-05-22T00:11:34Z</time>
      </trkpt>
      <trkpt lat="48.73384843580425" lon="-121.84171163477004">
        <ele>1685.33</ele>
        <time>2018-05-22T00:11:43Z</time>
      </trkpt>
      <trkpt lat="48.73376511968672" lon="-121.84170794673264">
        <ele>1683.89</ele>
        <time>2018-05-22T00:11:51Z</time>
      </trkpt>
      <trkpt lat="48.73366378247738" lon="-121.84166553430259">
        <ele>1681.96</ele>
        <time>2018-05-22T00:11:59Z</time>
      </trkpt>
      <trkpt lat="48.73363268561661" lon="-121.8416475970298">
        <ele>1680.52</ele>
        <time>2018-05-22T00:12:02Z</time>
      </trkpt>
      <trkpt lat="48.73353059403598" lon="-121.84153159148991">
        <ele>1677.16</ele>
        <time>2018-05-22T00:12:12Z</time>
      </trkpt>
      <trkpt lat="48.73344358988106" lon="-121.84136906638741">
        <ele>1676.68</ele>
        <time>2018-05-22T00:13:02Z</time>
      </trkpt>
      <trkpt lat="48.73333018273115" lon="-121.84146956540644">
        <ele>1676.2</ele>
        <time>2018-05-22T00:13:13Z</time>
      </trkpt>
      <trkpt lat="48.73322649858892" lon="-121.84154550544918">
        <ele>1675.72</ele>
        <time>2018-05-22T00:13:23Z</time>
      </trkpt>
      <trkpt lat="48.733131028711796" lon="-121.8415923602879">
        <ele>1674.75</ele>
        <time>2018-05-22T00:13:32Z</time>
      </trkpt>
      <trkpt lat="48.73304955661297" lon="-121.84166855178773">
        <ele>1673.31</ele>
        <time>2018-05-22T00:13:41Z</time>
      </trkpt>
      <trkpt lat="48.733022985979915" lon="-121.8417017441243">
        <ele>1676.2</ele>
        <time>2018-05-22T00:15:01Z</time>
      </trkpt>
      <trkpt lat="48.73290488496423" lon="-121.84164952486753">
        <ele>1674.27</ele>
        <time>2018-05-22T00:15:05Z</time>
      </trkpt>
      <trkpt lat="48.73251412063837" lon="-121.84175681322813">
        <ele>1663.22</ele>
        <time>2018-05-22T00:15:16Z</time>
      </trkpt>
      <trkpt lat="48.73244664631784" lon="-121.84178221039474">
        <ele>1645.91</ele>
        <time>2018-05-22T00:15:33Z</time>
      </trkpt>
      <trkpt lat="48.73248763382435" lon="-121.84175798669457">
        <ele>1642.07</ele>
        <time>2018-05-22T00:15:50Z</time>
      </trkpt>
      <trkpt lat="48.732423931360245" lon="-121.84172194451094">
        <ele>1641.59</ele>
        <time>2018-05-22T00:16:03Z</time>
      </trkpt>
      <trkpt lat="48.732416136190295" lon="-121.84170903638005">
        <ele>1643.99</ele>
        <time>2018-05-22T00:16:42Z</time>
      </trkpt>
      <trkpt lat="48.732388811185956" lon="-121.84169679880142">
        <ele>1644.95</ele>
        <time>2018-05-22T00:16:55Z</time>
      </trkpt>
      <trkpt lat="48.732357462868094" lon="-121.84170559979975">
        <ele>1644.47</ele>
        <time>2018-05-22T00:16:58Z</time>
      </trkpt>
      <trkpt lat="48.73227724805474" lon="-121.84168112464249">
        <ele>1643.03</ele>
        <time>2018-05-22T00:17:06Z</time>
      </trkpt>
      <trkpt lat="48.73227071017027" lon="-121.84167517349124">
        <ele>1642.55</ele>
        <time>2018-05-22T00:17:07Z</time>
      </trkpt>
      <trkpt lat="48.73218328692019" lon="-121.84162999503314">
        <ele>1641.11</ele>
        <time>2018-05-22T00:17:17Z</time>
      </trkpt>
      <trkpt lat="48.73209251090884" lon="-121.84159512631595">
        <ele>1639.19</ele>
        <time>2018-05-22T00:17:26Z</time>
      </trkpt>
      <trkpt lat="48.73199477791786" lon="-121.84156570583582">
        <ele>1638.22</ele>
        <time>2018-05-22T00:17:35Z</time>
      </trkpt>
      <trkpt lat="48.7319150660187" lon="-121.8415442481637">
        <ele>1636.78</ele>
        <time>2018-05-22T00:17:44Z</time>
      </trkpt>
      <trkpt lat="48.73182957060635" lon="-121.84151667170227">
        <ele>1636.3</ele>
        <time>2018-05-22T00:17:53Z</time>
      </trkpt>
      <trkpt lat="48.731740387156606" lon="-121.84145816601813">
        <ele>1634.38</ele>
        <time>2018-05-22T00:18:02Z</time>
      </trkpt>
      <trkpt lat="48.731661681085825" lon="-121.84143821708858">
        <ele>1633.9</ele>
        <time>2018-05-22T00:18:10Z</time>
      </trkpt>
      <trkpt lat="48.731571743264794" lon="-121.84136428870261">
        <ele>1633.9</ele>
        <time>2018-05-22T00:18:23Z</time>
      </trkpt>
      <trkpt lat="48.73145137913525" lon="-121.84137526899576">
        <ele>1632.46</ele>
        <time>2018-05-22T00:18:33Z</time>
      </trkpt>
      <trkpt lat="48.73133847489953" lon="-121.8413629475981">
        <ele>1630.53</ele>
        <time>2018-05-22T00:18:43Z</time>
      </trkpt>
      <trkpt lat="48.73124551959336" lon="-121.8413473572582">
        <ele>1630.05</ele>
        <time>2018-05-22T00:18:53Z</time>
      </trkpt>
      <trkpt lat="48.73121467418969" lon="-121.84134802781045">
        <ele>1630.05</ele>
        <time>2018-05-22T00:18:56Z</time>
      </trkpt>
      <trkpt lat="48.731104619801044" lon="-121.84132246300578">
        <ele>1630.53</ele>
        <time>2018-05-22T00:19:06Z</time>
      </trkpt>
      <trkpt lat="48.73100571334362" lon="-121.84130720794201">
        <ele>1629.57</ele>
        <time>2018-05-22T00:19:16Z</time>
      </trkpt>
      <trkpt lat="48.73092809692025" lon="-121.84132036752999">
        <ele>1628.61</ele>
        <time>2018-05-22T00:19:25Z</time>
      </trkpt>
      <trkpt lat="48.73080831952393" lon="-121.84131500311196">
        <ele>1628.61</ele>
        <time>2018-05-22T00:19:35Z</time>
      </trkpt>
      <trkpt lat="48.730708910152316" lon="-121.8413201160729">
        <ele>1630.05</ele>
        <time>2018-05-22T00:19:44Z</time>
      </trkpt>
      <trkpt lat="48.73059667646885" lon="-121.84129228815436">
        <ele>1629.57</ele>
        <time>2018-05-22T00:19:53Z</time>
      </trkpt>
      <trkpt lat="48.73050715774298" lon="-121.84127686545253">
        <ele>1627.17</ele>
        <time>2018-05-22T00:20:02Z</time>
      </trkpt>
      <trkpt lat="48.73041009530425" lon="-121.84123462066054">
        <ele>1625.73</ele>
        <time>2018-05-22T00:20:11Z</time>
      </trkpt>
      <trkpt lat="48.73030113056302" lon="-121.84121500700712">
        <ele>1623.32</ele>
        <time>2018-05-22T00:20:22Z</time>
      </trkpt>
      <trkpt lat="48.730226028710604" lon="-121.84121148660779">
        <ele>1620.92</ele>
        <time>2018-05-22T00:20:32Z</time>
      </trkpt>
      <trkpt lat="48.73012963682413" lon="-121.84119648300111">
        <ele>1619.48</ele>
        <time>2018-05-22T00:20:40Z</time>
      </trkpt>
      <trkpt lat="48.73003659769893" lon="-121.84115507639945">
        <ele>1618.04</ele>
        <time>2018-05-22T00:20:49Z</time>
      </trkpt>
      <trkpt lat="48.729954455047846" lon="-121.8411245662719">
        <ele>1616.11</ele>
        <time>2018-05-22T00:20:57Z</time>
      </trkpt>
      <trkpt lat="48.72984574176371" lon="-121.84110143221915">
        <ele>1614.67</ele>
        <time>2018-05-22T00:21:08Z</time>
      </trkpt>
      <trkpt lat="48.72972973622382" lon="-121.84103018604219">
        <ele>1612.27</ele>
        <time>2018-05-22T00:21:17Z</time>
      </trkpt>
      <trkpt lat="48.729619681835175" lon="-121.84099489822984">
        <ele>1609.86</ele>
        <time>2018-05-22T00:21:27Z</time>
      </trkpt>
      <trkpt lat="48.72951247729361" lon="-121.84093974530697">
        <ele>1607.94</ele>
        <time>2018-05-22T00:21:37Z</time>
      </trkpt>
      <trkpt lat="48.72940217144787" lon="-121.8408671580255">
        <ele>1605.54</ele>
        <time>2018-05-22T00:21:47Z</time>
      </trkpt>
      <trkpt lat="48.72936864383519" lon="-121.84085140004754">
        <ele>1605.06</ele>
        <time>2018-05-22T00:21:50Z</time>
      </trkpt>
      <trkpt lat="48.729276191443205" lon="-121.8407928943634">
        <ele>1603.62</ele>
        <time>2018-05-22T00:22:10Z</time>
      </trkpt>
      <trkpt lat="48.72923729941249" lon="-121.8408518191427">
        <ele>1603.62</ele>
        <time>2018-05-22T00:22:40Z</time>
      </trkpt>
      <trkpt lat="48.72922472655773" lon="-121.84084963984787">
        <ele>1606.02</ele>
        <time>2018-05-22T00:23:12Z</time>
      </trkpt>
      <trkpt lat="48.72922430746257" lon="-121.84044261462986">
        <ele>1602.66</ele>
        <time>2018-05-22T00:23:18Z</time>
      </trkpt>
      <trkpt lat="48.729237634688616" lon="-121.83993852697313">
        <ele>1598.81</ele>
        <time>2018-05-22T00:23:22Z</time>
      </trkpt>
      <trkpt lat="48.729126155376434" lon="-121.83925037272274">
        <ele>1589.68</ele>
        <time>2018-05-22T00:23:32Z</time>
      </trkpt>
      <trkpt lat="48.72912682592869" lon="-121.83941842988133">
        <ele>1586.31</ele>
        <time>2018-05-22T00:23:35Z</time>
      </trkpt>
      <trkpt lat="48.72919195331633" lon="-121.83971104212105">
        <ele>1581.99</ele>
        <time>2018-05-22T00:23:40Z</time>
      </trkpt>
      <trkpt lat="48.72918935492635" lon="-121.83980659581721">
        <ele>1575.26</ele>
        <time>2018-05-22T00:23:51Z</time>
      </trkpt>
      <trkpt lat="48.72917921282351" lon="-121.83982319198549">
        <ele>1569.49</ele>
        <time>2018-05-22T00:24:29Z</time>
      </trkpt>
      <trkpt lat="48.72919907793403" lon="-121.83981489390135">
        <ele>1567.09</ele>
        <time>2018-05-22T00:25:25Z</time>
      </trkpt>
      <trkpt lat="48.72906471602619" lon="-121.83974197134376">
        <ele>1569.01</ele>
        <time>2018-05-22T00:25:37Z</time>
      </trkpt>
      <trkpt lat="48.72893923893571" lon="-121.8396535422653">
        <ele>1566.61</ele>
        <time>2018-05-22T00:25:49Z</time>
      </trkpt>
      <trkpt lat="48.728839410468936" lon="-121.83959503658116">
        <ele>1564.2</ele>
        <time>2018-05-22T00:25:58Z</time>
      </trkpt>
      <trkpt lat="48.72872374020517" lon="-121.83956695720553">
        <ele>1562.76</ele>
        <time>2018-05-22T00:26:09Z</time>
      </trkpt>
      <trkpt lat="48.7286339700222" lon="-121.8395480979234">
        <ele>1561.8</ele>
        <time>2018-05-22T00:26:17Z</time>
      </trkpt>
      <trkpt lat="48.728547636419535" lon="-121.8395203538239">
        <ele>1561.8</ele>
        <time>2018-05-22T00:26:26Z</time>
      </trkpt>
      <trkpt lat="48.72845417819917" lon="-121.83953460305929">
        <ele>1561.8</ele>
        <time>2018-05-22T00:26:34Z</time>
      </trkpt>
      <trkpt lat="48.728354182094336" lon="-121.83952580206096">
        <ele>1561.8</ele>
        <time>2018-05-22T00:26:49Z</time>
      </trkpt>
      <trkpt lat="48.72823130339384" lon="-121.83952831663191">
        <ele>1563.24</ele>
        <time>2018-05-22T00:27:06Z</time>
      </trkpt>
      <trkpt lat="48.72817229479551" lon="-121.83954239822924">
        <ele>1563.24</ele>
        <time>2018-05-22T00:27:14Z</time>
      </trkpt>
      <trkpt lat="48.72809551656246" lon="-121.83953024446964">
        <ele>1564.2</ele>
        <time>2018-05-22T00:27:25Z</time>
      </trkpt>
      <trkpt lat="48.72807003557682" lon="-121.83952211402357">
        <ele>1564.2</ele>
        <time>2018-05-22T00:27:29Z</time>
      </trkpt>
      <trkpt lat="48.72798940166831" lon="-121.83953192085028">
        <ele>1563.24</ele>
        <time>2018-05-22T00:27:38Z</time>
      </trkpt>
      <trkpt lat="48.72794145718217" lon="-121.83951063081622">
        <ele>1563.72</ele>
        <time>2018-05-22T00:27:46Z</time>
      </trkpt>
      <trkpt lat="48.72791480273008" lon="-121.83949160389602">
        <ele>1564.68</ele>
        <time>2018-05-22T00:28:00Z</time>
      </trkpt>
      <trkpt lat="48.72786476276815" lon="-121.83946779929101">
        <ele>1563.72</ele>
        <time>2018-05-22T00:28:08Z</time>
      </trkpt>
      <trkpt lat="48.72785847634077" lon="-121.83945866301656">
        <ele>1563.72</ele>
        <time>2018-05-22T00:28:09Z</time>
      </trkpt>
      <trkpt lat="48.72777046635747" lon="-121.8393649533391">
        <ele>1562.76</ele>
        <time>2018-05-22T00:28:20Z</time>
      </trkpt>
      <trkpt lat="48.727718498557806" lon="-121.83930669911206">
        <ele>1561.8</ele>
        <time>2018-05-22T00:28:28Z</time>
      </trkpt>
      <trkpt lat="48.72765412554145" lon="-121.83924668468535">
        <ele>1560.84</ele>
        <time>2018-05-22T00:28:37Z</time>
      </trkpt>
      <trkpt lat="48.72759855352342" lon="-121.83920443989336">
        <ele>1558.92</ele>
        <time>2018-05-22T00:28:43Z</time>
      </trkpt>
      <trkpt lat="48.72752127237618" lon="-121.83919220231473">
        <ele>1556.99</ele>
        <time>2018-05-22T00:28:52Z</time>
      </trkpt>
      <trkpt lat="48.72740736231208" lon="-121.83918918482959">
        <ele>1555.55</ele>
        <time>2018-05-22T00:29:08Z</time>
      </trkpt>
      <trkpt lat="48.727329494431615" lon="-121.83913428336382">
        <ele>1556.51</ele>
        <time>2018-05-22T00:29:33Z</time>
      </trkpt>
      <trkpt lat="48.72725632041693" lon="-121.83912531472743">
        <ele>1556.99</ele>
        <time>2018-05-22T00:29:45Z</time>
      </trkpt>
      <trkpt lat="48.72720560990274" lon="-121.83912447653711">
        <ele>1557.47</ele>
        <time>2018-05-22T00:29:54Z</time>
      </trkpt>
      <trkpt lat="48.72720083221793" lon="-121.83910159394145">
        <ele>1557.95</ele>
        <time>2018-05-22T00:29:56Z</time>
      </trkpt>
      <trkpt lat="48.72715833596885" lon="-121.83910737745464">
        <ele>1556.99</ele>
        <time>2018-05-22T00:30:06Z</time>
      </trkpt>
      <trkpt lat="48.72711667791009" lon="-121.83908290229738">
        <ele>1554.59</ele>
        <time>2018-05-22T00:30:13Z</time>
      </trkpt>
      <trkpt lat="48.72707552276552" lon="-121.83904996141791">
        <ele>1553.63</ele>
        <time>2018-05-22T00:30:21Z</time>
      </trkpt>
      <trkpt lat="48.72700125910342" lon="-121.83903470635414">
        <ele>1552.67</ele>
        <time>2018-05-22T00:30:31Z</time>
      </trkpt>
      <trkpt lat="48.72696018777788" lon="-121.83901576325297">
        <ele>1551.71</ele>
        <time>2018-05-22T00:30:41Z</time>
      </trkpt>
      <trkpt lat="48.72697242535651" lon="-121.83900428004563">
        <ele>1554.59</ele>
        <time>2018-05-22T00:31:08Z</time>
      </trkpt>
      <trkpt lat="48.72691601514816" lon="-121.8390071298927">
        <ele>1553.63</ele>
        <time>2018-05-22T00:31:19Z</time>
      </trkpt>
      <trkpt lat="48.72686957940459" lon="-121.83901861310005">
        <ele>1553.63</ele>
        <time>2018-05-22T00:31:27Z</time>
      </trkpt>
      <trkpt lat="48.72682741843164" lon="-121.83899212628603">
        <ele>1553.63</ele>
        <time>2018-05-22T00:31:40Z</time>
      </trkpt>
      <trkpt lat="48.72682875953615" lon="-121.83900478295982">
        <ele>1554.11</ele>
        <time>2018-05-22T00:31:56Z</time>
      </trkpt>
      <trkpt lat="48.726801350712776" lon="-121.83899212628603">
        <ele>1553.63</ele>
        <time>2018-05-22T00:32:04Z</time>
      </trkpt>
      <trkpt lat="48.72680495493114" lon="-121.8387399148196">
        <ele>1552.67</ele>
        <time>2018-05-22T00:32:09Z</time>
      </trkpt>
      <trkpt lat="48.726809648796916" lon="-121.83807070367038">
        <ele>1550.74</ele>
        <time>2018-05-22T00:32:16Z</time>
      </trkpt>
      <trkpt lat="48.726827250793576" lon="-121.83745924383402">
        <ele>1542.09</ele>
        <time>2018-05-22T00:32:26Z</time>
      </trkpt>
      <trkpt lat="48.72684267349541" lon="-121.83772545307875">
        <ele>1528.15</ele>
        <time>2018-05-22T00:32:41Z</time>
      </trkpt>
      <trkpt lat="48.72682247310877" lon="-121.83773718774319">
        <ele>1523.83</ele>
        <time>2018-05-22T00:33:02Z</time>
      </trkpt>
      <trkpt lat="48.72674594633281" lon="-121.83769812807441">
        <ele>1520.94</ele>
        <time>2018-05-22T00:33:13Z</time>
      </trkpt>
      <trkpt lat="48.72670780867338" lon="-121.837636269629">
        <ele>1519.5</ele>
        <time>2018-05-22T00:33:17Z</time>
      </trkpt>
      <trkpt lat="48.726664055138826" lon="-121.83758111670613">
        <ele>1518.54</ele>
        <time>2018-05-22T00:33:21Z</time>
      </trkpt>
      <trkpt lat="48.72663740068674" lon="-121.83756762184203">
        <ele>1512.77</ele>
        <time>2018-05-22T00:33:39Z</time>
      </trkpt>
      <trkpt lat="48.72663530521095" lon="-121.83758907951415">
        <ele>1510.85</ele>
        <time>2018-05-22T00:33:49Z</time>
      </trkpt>
      <trkpt lat="48.7265135999769" lon="-121.8375876545906">
        <ele>1508.45</ele>
        <time>2018-05-22T00:34:00Z</time>
      </trkpt>
      <trkpt lat="48.72647521086037" lon="-121.83759536594152">
        <ele>1507.97</ele>
        <time>2018-05-22T00:34:03Z</time>
      </trkpt>
      <trkpt lat="48.726338585838675" lon="-121.83751506730914">
        <ele>1506.52</ele>
        <time>2018-05-22T00:34:15Z</time>
      </trkpt>
      <trkpt lat="48.72629374265671" lon="-121.83744801208377">
        <ele>1503.16</ele>
        <time>2018-05-22T00:34:28Z</time>
      </trkpt>
      <trkpt lat="48.72622299939394" lon="-121.83747516945004">
        <ele>1499.31</ele>
        <time>2018-05-22T00:34:47Z</time>
      </trkpt>
      <trkpt lat="48.72614907100797" lon="-121.83750945143402">
        <ele>1498.83</ele>
        <time>2018-05-22T00:35:03Z</time>
      </trkpt>
      <trkpt lat="48.726172959432006" lon="-121.83751909062266">
        <ele>1501.72</ele>
        <time>2018-05-22T00:35:11Z</time>
      </trkpt>
      <trkpt lat="48.726083021610975" lon="-121.83697644621134">
        <ele>1490.66</ele>
        <time>2018-05-22T00:35:24Z</time>
      </trkpt>
      <trkpt lat="48.72598889283836" lon="-121.83631385676563">
        <ele>1476.72</ele>
        <time>2018-05-22T00:35:33Z</time>
      </trkpt>
      <trkpt lat="48.725931560620666" lon="-121.83635358698666">
        <ele>1467.11</ele>
        <time>2018-05-22T00:35:43Z</time>
      </trkpt>
      <trkpt lat="48.72597615234554" lon="-121.83640077710152">
        <ele>1458.46</ele>
        <time>2018-05-22T00:36:03Z</time>
      </trkpt>
      <trkpt lat="48.72597296722233" lon="-121.8364134337753">
        <ele>1457.98</ele>
        <time>2018-05-22T00:36:05Z</time>
      </trkpt>
      <trkpt lat="48.72591697610915" lon="-121.83641142211854">
        <ele>1456.05</ele>
        <time>2018-05-22T00:36:09Z</time>
      </trkpt>
      <trkpt lat="48.72586132027209" lon="-121.83637336827815">
        <ele>1451.25</ele>
        <time>2018-05-22T00:36:22Z</time>
      </trkpt>
      <trkpt lat="48.72583759948611" lon="-121.83636733330786">
        <ele>1443.56</ele>
        <time>2018-05-22T00:36:56Z</time>
      </trkpt>
      <trkpt lat="48.725820165127516" lon="-121.83634235523641">
        <ele>1442.11</ele>
        <time>2018-05-22T00:37:16Z</time>
      </trkpt>
      <trkpt lat="48.725723857060075" lon="-121.83627286925912">
        <ele>1439.71</ele>
        <time>2018-05-22T00:37:30Z</time>
      </trkpt>
      <trkpt lat="48.725631488487124" lon="-121.83617094531655">
        <ele>1436.35</ele>
        <time>2018-05-22T00:37:39Z</time>
      </trkpt>
      <trkpt lat="48.72556468471885" lon="-121.83611545711756">
        <ele>1435.39</ele>
        <time>2018-05-22T00:37:45Z</time>
      </trkpt>
      <trkpt lat="48.725442392751575" lon="-121.83600188232958">
        <ele>1432.98</ele>
        <time>2018-05-22T00:37:56Z</time>
      </trkpt>
      <trkpt lat="48.7254221085459" lon="-121.8359646666795">
        <ele>1432.5</ele>
        <time>2018-05-22T00:37:58Z</time>
      </trkpt>
      <trkpt lat="48.725326135754585" lon="-121.83580281212926">
        <ele>1428.66</ele>
        <time>2018-05-22T00:38:10Z</time>
      </trkpt>
      <trkpt lat="48.725232845172286" lon="-121.83566467836499">
        <ele>1425.29</ele>
        <time>2018-05-22T00:38:21Z</time>
      </trkpt>
      <trkpt lat="48.72516863979399" lon="-121.83557239361107">
        <ele>1423.37</ele>
        <time>2018-05-22T00:38:30Z</time>
      </trkpt>
      <trkpt lat="48.72512547299266" lon="-121.83555454015732">
        <ele>1419.04</ele>
        <time>2018-05-22T00:38:42Z</time>
      </trkpt>
      <trkpt lat="48.72505565173924" lon="-121.83548061177135">
        <ele>1420.49</ele>
        <time>2018-05-22T00:38:54Z</time>
      </trkpt>
      <trkpt lat="48.72499060817063" lon="-121.83536762371659">
        <ele>1420.97</ele>
        <time>2018-05-22T00:39:04Z</time>
      </trkpt>
      <trkpt lat="48.72493989765644" lon="-121.83526553213596">
        <ele>1421.45</ele>
        <time>2018-05-22T00:39:14Z</time>
      </trkpt>
      <trkpt lat="48.72487351298332" lon="-121.83512488380075">
        <ele>1420.97</ele>
        <time>2018-05-22T00:39:25Z</time>
      </trkpt>
      <trkpt lat="48.72478977777064" lon="-121.83496369980276">
        <ele>1419.04</ele>
        <time>2018-05-22T00:39:36Z</time>
      </trkpt>
      <trkpt lat="48.72473261319101" lon="-121.83484232984483">
        <ele>1418.08</ele>
        <time>2018-05-22T00:39:44Z</time>
      </trkpt>
      <trkpt lat="48.724725069478154" lon="-121.83476580306888">
        <ele>1417.12</ele>
        <time>2018-05-22T00:39:48Z</time>
      </trkpt>
      <trkpt lat="48.72471953742206" lon="-121.83462599292397">
        <ele>1416.16</ele>
        <time>2018-05-22T00:39:55Z</time>
      </trkpt>
      <trkpt lat="48.72463940642774" lon="-121.83452473953366">
        <ele>1413.76</ele>
        <time>2018-05-22T00:40:04Z</time>
      </trkpt>
      <trkpt lat="48.72453580610454" lon="-121.83446941897273">
        <ele>1412.31</ele>
        <time>2018-05-22T00:40:12Z</time>
      </trkpt>
      <trkpt lat="48.72444234788418" lon="-121.8344241566956">
        <ele>1411.35</ele>
        <time>2018-05-22T00:40:20Z</time>
      </trkpt>
      <trkpt lat="48.724338663741946" lon="-121.83441854082048">
        <ele>1407.99</ele>
        <time>2018-05-22T00:40:28Z</time>
      </trkpt>
      <trkpt lat="48.724224753677845" lon="-121.83444863185287">
        <ele>1407.51</ele>
        <time>2018-05-22T00:40:37Z</time>
      </trkpt>
      <trkpt lat="48.724171947687864" lon="-121.83446447364986">
        <ele>1407.03</ele>
        <time>2018-05-22T00:40:42Z</time>
      </trkpt>
      <trkpt lat="48.72407413087785" lon="-121.83444729074836">
        <ele>1407.03</ele>
        <time>2018-05-22T00:40:51Z</time>
      </trkpt>
      <trkpt lat="48.72395862825215" lon="-121.83443865738809">
        <ele>1405.58</ele>
        <time>2018-05-22T00:41:00Z</time>
      </trkpt>
      <trkpt lat="48.723872881382704" lon="-121.8344415910542">
        <ele>1405.1</ele>
        <time>2018-05-22T00:41:07Z</time>
      </trkpt>
      <trkpt lat="48.72374128550291" lon="-121.83442449197173">
        <ele>1404.14</ele>
        <time>2018-05-22T00:41:17Z</time>
      </trkpt>
      <trkpt lat="48.723639864474535" lon="-121.83438333682716">
        <ele>1404.14</ele>
        <time>2018-05-22T00:41:26Z</time>
      </trkpt>
      <trkpt lat="48.723539700731635" lon="-121.83432441204786">
        <ele>1401.74</ele>
        <time>2018-05-22T00:41:36Z</time>
      </trkpt>
      <trkpt lat="48.72343333438039" lon="-121.834229612723">
        <ele>1399.82</ele>
        <time>2018-05-22T00:41:46Z</time>
      </trkpt>
      <trkpt lat="48.72333375737071" lon="-121.83414537459612">
        <ele>1396.93</ele>
        <time>2018-05-22T00:41:55Z</time>
      </trkpt>
      <trkpt lat="48.723254380747676" lon="-121.83407404460013">
        <ele>1393.09</ele>
        <time>2018-05-22T00:42:03Z</time>
      </trkpt>
      <trkpt lat="48.72314960695803" lon="-121.83401419781148">
        <ele>1387.32</ele>
        <time>2018-05-22T00:42:12Z</time>
      </trkpt>
      <trkpt lat="48.7230475153774" lon="-121.83398343622684">
        <ele>1383.47</ele>
        <time>2018-05-22T00:42:21Z</time>
      </trkpt>
      <trkpt lat="48.72289781458676" lon="-121.83393398299813">
        <ele>1376.75</ele>
        <time>2018-05-22T00:42:31Z</time>
      </trkpt>
      <trkpt lat="48.722790107131004" lon="-121.83393180370331">
        <ele>1375.78</ele>
        <time>2018-05-22T00:42:40Z</time>
      </trkpt>
      <trkpt lat="48.72267250902951" lon="-121.83390028774738">
        <ele>1372.9</ele>
        <time>2018-05-22T00:42:50Z</time>
      </trkpt>
      <trkpt lat="48.722623558714986" lon="-121.83386784978211">
        <ele>1370.98</ele>
        <time>2018-05-22T00:42:54Z</time>
      </trkpt>
      <trkpt lat="48.72258483432233" lon="-121.83382770046592">
        <ele>1370.5</ele>
        <time>2018-05-22T00:42:58Z</time>
      </trkpt>
      <trkpt lat="48.72247125953436" lon="-121.8338025547564">
        <ele>1369.54</ele>
        <time>2018-05-22T00:43:08Z</time>
      </trkpt>
      <trkpt lat="48.7223413400352" lon="-121.83374471962452">
        <ele>1367.61</ele>
        <time>2018-05-22T00:43:19Z</time>
      </trkpt>
      <trkpt lat="48.72228224761784" lon="-121.83372703380883">
        <ele>1366.65</ele>
        <time>2018-05-22T00:43:24Z</time>
      </trkpt>
      <trkpt lat="48.72225349768996" lon="-121.83367531746626">
        <ele>1366.17</ele>
        <time>2018-05-22T00:43:28Z</time>
      </trkpt>
      <trkpt lat="48.722207229584455" lon="-121.83361086063087">
        <ele>1365.21</ele>
        <time>2018-05-22T00:43:34Z</time>
      </trkpt>
      <trkpt lat="48.72216942720115" lon="-121.83345495723188">
        <ele>1363.29</ele>
        <time>2018-05-22T00:43:43Z</time>
      </trkpt>
      <trkpt lat="48.72214143164456" lon="-121.83340148068964">
        <ele>1361.84</ele>
        <time>2018-05-22T00:43:47Z</time>
      </trkpt>
      <trkpt lat="48.72206272557378" lon="-121.8333345092833">
        <ele>1361.36</ele>
        <time>2018-05-22T00:43:54Z</time>
      </trkpt>
      <trkpt lat="48.722043950110674" lon="-121.83330089785159">
        <ele>1360.88</ele>
        <time>2018-05-22T00:43:57Z</time>
      </trkpt>
      <trkpt lat="48.72194856405258" lon="-121.83320450596511">
        <ele>1359.44</ele>
        <time>2018-05-22T00:44:07Z</time>
      </trkpt>
      <trkpt lat="48.72188209556043" lon="-121.83309411630034">
        <ele>1358.0</ele>
        <time>2018-05-22T00:44:16Z</time>
      </trkpt>
      <trkpt lat="48.72176977805793" lon="-121.83301700279117">
        <ele>1354.63</ele>
        <time>2018-05-22T00:44:27Z</time>
      </trkpt>
      <trkpt lat="48.72175645083189" lon="-121.83301113545895">
        <ele>1353.67</ele>
        <time>2018-05-22T00:44:28Z</time>
      </trkpt>
      <trkpt lat="48.72161136008799" lon="-121.83297794312239">
        <ele>1349.35</ele>
        <time>2018-05-22T00:44:39Z</time>
      </trkpt>
      <trkpt lat="48.72150516137481" lon="-121.8329153303057">
        <ele>1345.5</ele>
        <time>2018-05-22T00:44:50Z</time>
      </trkpt>
      <trkpt lat="48.721445482224226" lon="-121.83292002417147">
        <ele>1344.54</ele>
        <time>2018-05-22T00:44:55Z</time>
      </trkpt>
      <trkpt lat="48.721327213570476" lon="-121.83291440829635">
        <ele>1343.1</ele>
        <time>2018-05-22T00:45:03Z</time>
      </trkpt>
      <trkpt lat="48.72126493602991" lon="-121.83278105221689">
        <ele>1341.66</ele>
        <time>2018-05-22T00:45:12Z</time>
      </trkpt>
      <trkpt lat="48.72118220664561" lon="-121.83245038613677">
        <ele>1337.81</ele>
        <time>2018-05-22T00:45:31Z</time>
      </trkpt>
      <trkpt lat="48.721150858327746" lon="-121.83228878304362">
        <ele>1336.37</ele>
        <time>2018-05-22T00:45:39Z</time>
      </trkpt>
      <trkpt lat="48.72111012227833" lon="-121.83215056546032">
        <ele>1334.93</ele>
        <time>2018-05-22T00:45:47Z</time>
      </trkpt>
      <trkpt lat="48.721067206934094" lon="-121.83197613805532">
        <ele>1331.56</ele>
        <time>2018-05-22T00:45:56Z</time>
      </trkpt>
      <trkpt lat="48.72103476896882" lon="-121.83189089410007">
        <ele>1330.12</ele>
        <time>2018-05-22T00:46:01Z</time>
      </trkpt>
      <trkpt lat="48.72095103375614" lon="-121.831771787256">
        <ele>1324.83</ele>
        <time>2018-05-22T00:46:11Z</time>
      </trkpt>
      <trkpt lat="48.72089847922325" lon="-121.83171059936285">
        <ele>1324.35</ele>
        <time>2018-05-22T00:46:18Z</time>
      </trkpt>
      <trkpt lat="48.72084324248135" lon="-121.83167070150375">
        <ele>1322.91</ele>
        <time>2018-05-22T00:46:23Z</time>
      </trkpt>
      <trkpt lat="48.72075330466032" lon="-121.83155369013548">
        <ele>1321.95</ele>
        <time>2018-05-22T00:46:34Z</time>
      </trkpt>
      <trkpt lat="48.720673844218254" lon="-121.83146459050477">
        <ele>1320.51</ele>
        <time>2018-05-22T00:46:44Z</time>
      </trkpt>
      <trkpt lat="48.72058658860624" lon="-121.83133542537689">
        <ele>1318.59</ele>
        <time>2018-05-22T00:46:54Z</time>
      </trkpt>
      <trkpt lat="48.720432948321104" lon="-121.83118052780628">
        <ele>1315.7</ele>
        <time>2018-05-22T00:47:12Z</time>
      </trkpt>
      <trkpt lat="48.7203676532954" lon="-121.8310468364507">
        <ele>1314.26</ele>
        <time>2018-05-22T00:47:22Z</time>
      </trkpt>
      <trkpt lat="48.72029875405133" lon="-121.83102261275053">
        <ele>1312.34</ele>
        <time>2018-05-22T00:47:31Z</time>
      </trkpt>
      <trkpt lat="48.72021669521928" lon="-121.83095765300095">
        <ele>1313.3</ele>
        <time>2018-05-22T00:47:41Z</time>
      </trkpt>
      <trkpt lat="48.72018643654883" lon="-121.83090182952583">
        <ele>1313.78</ele>
        <time>2018-05-22T00:47:46Z</time>
      </trkpt>
      <trkpt lat="48.72008057311177" lon="-121.83082303963602">
        <ele>1311.86</ele>
        <time>2018-05-22T00:47:57Z</time>
      </trkpt>
      <trkpt lat="48.72002684511244" lon="-121.8307582475245">
        <ele>1310.41</ele>
        <time>2018-05-22T00:48:06Z</time>
      </trkpt>
      <trkpt lat="48.71998191811144" lon="-121.83074089698493">
        <ele>1309.93</ele>
        <time>2018-05-22T00:48:10Z</time>
      </trkpt>
      <trkpt lat="48.71992349624634" lon="-121.83073360472918">
        <ele>1309.45</ele>
        <time>2018-05-22T00:48:15Z</time>
      </trkpt>
      <trkpt lat="48.71990052983165" lon="-121.83072136715055">
        <ele>1308.97</ele>
        <time>2018-05-22T00:48:18Z</time>
      </trkpt>
      <trkpt lat="48.719814866781235" lon="-121.830571917817">
        <ele>1308.01</ele>
        <time>2018-05-22T00:48:29Z</time>
      </trkpt>
      <trkpt lat="48.71976885013282" lon="-121.83048432692885">
        <ele>1307.05</ele>
        <time>2018-05-22T00:48:36Z</time>
      </trkpt>
      <trkpt lat="48.71971897780895" lon="-121.8304522242397">
        <ele>1305.61</ele>
        <time>2018-05-22T00:48:41Z</time>
      </trkpt>
      <trkpt lat="48.71951571665704" lon="-121.83022616431117">
        <ele>1302.72</ele>
        <time>2018-05-22T00:49:03Z</time>
      </trkpt>
      <trkpt lat="48.719504652544856" lon="-121.8301990069449">
        <ele>1302.72</ele>
        <time>2018-05-22T00:49:05Z</time>
      </trkpt>
      <trkpt lat="48.7194902356714" lon="-121.830133209005">
        <ele>1301.76</ele>
        <time>2018-05-22T00:49:09Z</time>
      </trkpt>
      <trkpt lat="48.71945461258292" lon="-121.83009104803205">
        <ele>1300.8</ele>
        <time>2018-05-22T00:49:13Z</time>
      </trkpt>
      <trkpt lat="48.719391664490104" lon="-121.82998132891953">
        <ele>1297.92</ele>
        <time>2018-05-22T00:49:21Z</time>
      </trkpt>
      <trkpt lat="48.71932360343635" lon="-121.82985920459032">
        <ele>1295.51</ele>
        <time>2018-05-22T00:49:31Z</time>
      </trkpt>
      <trkpt lat="48.719300301745534" lon="-121.829824000597">
        <ele>1295.03</ele>
        <time>2018-05-22T00:49:35Z</time>
      </trkpt>
      <trkpt lat="48.719236347824335" lon="-121.82980061508715">
        <ele>1294.55</ele>
        <time>2018-05-22T00:49:39Z</time>
      </trkpt>
      <trkpt lat="48.71914515271783" lon="-121.82968335226178">
        <ele>1293.59</ele>
        <time>2018-05-22T00:49:48Z</time>
      </trkpt>
      <trkpt lat="48.71903375722468" lon="-121.82959442026913">
        <ele>1291.19</ele>
        <time>2018-05-22T00:49:58Z</time>
      </trkpt>
      <trkpt lat="48.71895530261099" lon="-121.82955427095294">
        <ele>1289.27</ele>
        <time>2018-05-22T00:50:05Z</time>
      </trkpt>
      <trkpt lat="48.7187893409282" lon="-121.8294267822057">
        <ele>1284.94</ele>
        <time>2018-05-22T00:50:19Z</time>
      </trkpt>
      <trkpt lat="48.718748269602656" lon="-121.82934966869652">
        <ele>1283.5</ele>
        <time>2018-05-22T00:50:24Z</time>
      </trkpt>
      <trkpt lat="48.718673503026366" lon="-121.82932209223509">
        <ele>1281.09</ele>
        <time>2018-05-22T00:50:29Z</time>
      </trkpt>
      <trkpt lat="48.718538135290146" lon="-121.82921195402741">
        <ele>1275.81</ele>
        <time>2018-05-22T00:50:40Z</time>
      </trkpt>
      <trkpt lat="48.71844450943172" lon="-121.82913408614695">
        <ele>1271.0</ele>
        <time>2018-05-22T00:50:49Z</time>
      </trkpt>
      <trkpt lat="48.71831844560802" lon="-121.82904263958335">
        <ele>1265.23</ele>
        <time>2018-05-22T00:51:00Z</time>
      </trkpt>
      <trkpt lat="48.71826119720936" lon="-121.82901288382709">
        <ele>1262.35</ele>
        <time>2018-05-22T00:51:05Z</time>
      </trkpt>
      <trkpt lat="48.71819565072656" lon="-121.82898974977434">
        <ele>1261.39</ele>
        <time>2018-05-22T00:51:10Z</time>
      </trkpt>
      <trkpt lat="48.7181365583092" lon="-121.82898413389921">
        <ele>1260.43</ele>
        <time>2018-05-22T00:51:15Z</time>
      </trkpt>
      <trkpt lat="48.718060199171305" lon="-121.82891305536032">
        <ele>1257.54</ele>
        <time>2018-05-22T00:51:28Z</time>
      </trkpt>
      <trkpt lat="48.71811132878065" lon="-121.82887986302376">
        <ele>1249.37</ele>
        <time>2018-05-22T00:51:56Z</time>
      </trkpt>
      <trkpt lat="48.71808526106179" lon="-121.8289140611887">
        <ele>1251.77</ele>
        <time>2018-05-22T00:52:14Z</time>
      </trkpt>
      <trkpt lat="48.71796648949385" lon="-121.82883962988853">
        <ele>1249.37</ele>
        <time>2018-05-22T00:52:27Z</time>
      </trkpt>
      <trkpt lat="48.71787579730153" lon="-121.82881314307451">
        <ele>1243.12</ele>
        <time>2018-05-22T00:52:39Z</time>
      </trkpt>
      <trkpt lat="48.717827182263136" lon="-121.82881012558937">
        <ele>1241.2</ele>
        <time>2018-05-22T00:52:50Z</time>
      </trkpt>
      <trkpt lat="48.71773422695696" lon="-121.82877198792994">
        <ele>1239.76</ele>
        <time>2018-05-22T00:53:00Z</time>
      </trkpt>
      <trkpt lat="48.71769307181239" lon="-121.82870560325682">
        <ele>1237.83</ele>
        <time>2018-05-22T00:53:07Z</time>
      </trkpt>
      <trkpt lat="48.71755368076265" lon="-121.82861977256835">
        <ele>1235.43</ele>
        <time>2018-05-22T00:53:20Z</time>
      </trkpt>
      <trkpt lat="48.71748939156532" lon="-121.8285768572241">
        <ele>1234.95</ele>
        <time>2018-05-22T00:53:26Z</time>
      </trkpt>
      <trkpt lat="48.71739702299237" lon="-121.82844551280141">
        <ele>1233.03</ele>
        <time>2018-05-22T00:53:37Z</time>
      </trkpt>
      <trkpt lat="48.71735150925815" lon="-121.82842506095767">
        <ele>1232.55</ele>
        <time>2018-05-22T00:53:40Z</time>
      </trkpt>
      <trkpt lat="48.717308258637786" lon="-121.82835138402879">
        <ele>1232.55</ele>
        <time>2018-05-22T00:53:46Z</time>
      </trkpt>
      <trkpt lat="48.717220751568675" lon="-121.82821903377771">
        <ele>1233.03</ele>
        <time>2018-05-22T00:53:57Z</time>
      </trkpt>
      <trkpt lat="48.71708370745182" lon="-121.82813253253698">
        <ele>1233.51</ele>
        <time>2018-05-22T00:54:09Z</time>
      </trkpt>
      <trkpt lat="48.717010701075196" lon="-121.82809447869658">
        <ele>1231.59</ele>
        <time>2018-05-22T00:54:21Z</time>
      </trkpt>
      <trkpt lat="48.71693207882345" lon="-121.82809087447822">
        <ele>1231.11</ele>
        <time>2018-05-22T00:54:33Z</time>
      </trkpt>
      <trkpt lat="48.71688514016569" lon="-121.8281161878258">
        <ele>1230.62</ele>
        <time>2018-05-22T00:54:48Z</time>
      </trkpt>
      <trkpt lat="48.71685010381043" lon="-121.82817125692964">
        <ele>1229.18</ele>
        <time>2018-05-22T00:55:01Z</time>
      </trkpt>
      <trkpt lat="48.71683979406953" lon="-121.82815466076136">
        <ele>1226.3</ele>
        <time>2018-05-22T00:55:12Z</time>
      </trkpt>
      <trkpt lat="48.716811211779714" lon="-121.82820025831461">
        <ele>1225.34</ele>
        <time>2018-05-22T00:55:24Z</time>
      </trkpt>
      <trkpt lat="48.71681774966419" lon="-121.82815415784717">
        <ele>1223.42</ele>
        <time>2018-05-22T00:55:37Z</time>
      </trkpt>
      <trkpt lat="48.716799980029464" lon="-121.82811819948256">
        <ele>1217.65</ele>
        <time>2018-05-22T00:56:15Z</time>
      </trkpt>
      <trkpt lat="48.71679746545851" lon="-121.82807855308056">
        <ele>1219.57</ele>
        <time>2018-05-22T00:56:30Z</time>
      </trkpt>
      <trkpt lat="48.7168032489717" lon="-121.82804871350527">
        <ele>1220.05</ele>
        <time>2018-05-22T00:56:55Z</time>
      </trkpt>
      <trkpt lat="48.71676184237003" lon="-121.82808559387922">
        <ele>1221.97</ele>
        <time>2018-05-22T00:57:22Z</time>
      </trkpt>
      <trkpt lat="48.71671817265451" lon="-121.82818123139441">
        <ele>1228.22</ele>
        <time>2018-05-22T00:57:45Z</time>
      </trkpt>
      <trkpt lat="48.7167720682919" lon="-121.82810520753264">
        <ele>1231.59</ele>
        <time>2018-05-22T00:58:01Z</time>
      </trkpt>
      <trkpt lat="48.71674994006753" lon="-121.82803312316537">
        <ele>1232.07</ele>
        <time>2018-05-22T00:58:07Z</time>
      </trkpt>
      <trkpt lat="48.716626139357686" lon="-121.82800051756203">
        <ele>1229.18</ele>
        <time>2018-05-22T00:58:22Z</time>
      </trkpt>
      <trkpt lat="48.71641818434" lon="-121.82807293720543">
        <ele>1225.82</ele>
        <time>2018-05-22T00:58:44Z</time>
      </trkpt>
      <trkpt lat="48.71624090708792" lon="-121.82814032770693">
        <ele>1224.38</ele>
        <time>2018-05-22T00:58:57Z</time>
      </trkpt>
      <trkpt lat="48.71608869172633" lon="-121.8281663954258">
        <ele>1222.45</ele>
        <time>2018-05-22T00:59:11Z</time>
      </trkpt>
      <trkpt lat="48.71604971587658" lon="-121.82816002517939">
        <ele>1217.65</ele>
        <time>2018-05-22T00:59:15Z</time>
      </trkpt>
      <trkpt lat="48.71587738394737" lon="-121.82815139181912">
        <ele>1212.36</ele>
        <time>2018-05-22T00:59:28Z</time>
      </trkpt>
      <trkpt lat="48.71578526683152" lon="-121.82810336351395">
        <ele>1209.0</ele>
        <time>2018-05-22T00:59:37Z</time>
      </trkpt>
      <trkpt lat="48.715601870790124" lon="-121.82804804295301">
        <ele>1203.71</ele>
        <time>2018-05-22T00:59:52Z</time>
      </trkpt>
      <trkpt lat="48.715565241873264" lon="-121.8280176166445">
        <ele>1202.27</ele>
        <time>2018-05-22T00:59:55Z</time>
      </trkpt>
      <trkpt lat="48.71544370427728" lon="-121.82798425666988">
        <ele>1198.42</ele>
        <time>2018-05-22T01:00:06Z</time>
      </trkpt>
      <trkpt lat="48.715363489463925" lon="-121.82792206294835">
        <ele>1196.5</ele>
        <time>2018-05-22T01:00:13Z</time>
      </trkpt>
      <trkpt lat="48.71521479450166" lon="-121.82790655642748">
        <ele>1190.73</ele>
        <time>2018-05-22T01:00:24Z</time>
      </trkpt>
      <trkpt lat="48.71512083336711" lon="-121.82789934799075">
        <ele>1187.37</ele>
        <time>2018-05-22T01:00:32Z</time>
      </trkpt>
      <trkpt lat="48.714988734573126" lon="-121.82792793028057">
        <ele>1183.04</ele>
        <time>2018-05-22T01:00:43Z</time>
      </trkpt>
      <trkpt lat="48.71498001739383" lon="-121.82793446816504">
        <ele>1182.56</ele>
        <time>2018-05-22T01:00:45Z</time>
      </trkpt>
      <trkpt lat="48.714848337695" lon="-121.82796782813966">
        <ele>1180.16</ele>
        <time>2018-05-22T01:00:56Z</time>
      </trkpt>
      <trkpt lat="48.71478404849768" lon="-121.82801644317806">
        <ele>1179.67</ele>
        <time>2018-05-22T01:01:04Z</time>
      </trkpt>
      <trkpt lat="48.71464147232473" lon="-121.8280522339046">
        <ele>1179.19</ele>
        <time>2018-05-22T01:01:17Z</time>
      </trkpt>
      <trkpt lat="48.71451792307198" lon="-121.82803086005151">
        <ele>1177.27</ele>
        <time>2018-05-22T01:01:27Z</time>
      </trkpt>
      <trkpt lat="48.71439361944795" lon="-121.8279380723834">
        <ele>1176.31</ele>
        <time>2018-05-22T01:01:37Z</time>
      </trkpt>
      <trkpt lat="48.71438984759152" lon="-121.82792692445219">
        <ele>1176.31</ele>
        <time>2018-05-22T01:01:38Z</time>
      </trkpt>
      <trkpt lat="48.7142822239548" lon="-121.82786481454968">
        <ele>1172.95</ele>
        <time>2018-05-22T01:01:48Z</time>
      </trkpt>
      <trkpt lat="48.71418323367834" lon="-121.82782634161413">
        <ele>1170.06</ele>
        <time>2018-05-22T01:01:56Z</time>
      </trkpt>
      <trkpt lat="48.71415096335113" lon="-121.82777269743383">
        <ele>1168.14</ele>
        <time>2018-05-22T01:02:01Z</time>
      </trkpt>
      <trkpt lat="48.714029509574175" lon="-121.82779977098107">
        <ele>1165.74</ele>
        <time>2018-05-22T01:02:10Z</time>
      </trkpt>
      <trkpt lat="48.713896572589874" lon="-121.82785341516137">
        <ele>1162.85</ele>
        <time>2018-05-22T01:02:21Z</time>
      </trkpt>
      <trkpt lat="48.71374888345599" lon="-121.8279195483774">
        <ele>1161.41</ele>
        <time>2018-05-22T01:02:32Z</time>
      </trkpt>
      <trkpt lat="48.713625418022275" lon="-121.82800923474133">
        <ele>1159.97</ele>
        <time>2018-05-22T01:02:43Z</time>
      </trkpt>
      <trkpt lat="48.71360840275884" lon="-121.82801912538707">
        <ele>1159.49</ele>
        <time>2018-05-22T01:02:45Z</time>
      </trkpt>
      <trkpt lat="48.713416792452335" lon="-121.82804527692497">
        <ele>1154.2</ele>
        <time>2018-05-22T01:02:58Z</time>
      </trkpt>
      <trkpt lat="48.713303888216615" lon="-121.82810688391328">
        <ele>1150.35</ele>
        <time>2018-05-22T01:03:10Z</time>
      </trkpt>
      <trkpt lat="48.71322149410844" lon="-121.82812825776637">
        <ele>1147.95</ele>
        <time>2018-05-22T01:03:20Z</time>
      </trkpt>
      <trkpt lat="48.71308386325836" lon="-121.82814091444016">
        <ele>1143.63</ele>
        <time>2018-05-22T01:03:30Z</time>
      </trkpt>
      <trkpt lat="48.71295101009309" lon="-121.82821115478873">
        <ele>1139.78</ele>
        <time>2018-05-22T01:03:40Z</time>
      </trkpt>
      <trkpt lat="48.712828969582915" lon="-121.82825675234199">
        <ele>1137.86</ele>
        <time>2018-05-22T01:03:50Z</time>
      </trkpt>
      <trkpt lat="48.71283106505871" lon="-121.82828893885016">
        <ele>1135.94</ele>
        <time>2018-05-22T01:04:03Z</time>
      </trkpt>
      <trkpt lat="48.712729727849364" lon="-121.82832238264382">
        <ele>1135.94</ele>
        <time>2018-05-22T01:04:12Z</time>
      </trkpt>
      <trkpt lat="48.712596790865064" lon="-121.82838155888021">
        <ele>1134.97</ele>
        <time>2018-05-22T01:04:22Z</time>
      </trkpt>
      <trkpt lat="48.71250224299729" lon="-121.82842615060508">
        <ele>1133.53</ele>
        <time>2018-05-22T01:04:32Z</time>
      </trkpt>
      <trkpt lat="48.71232630684972" lon="-121.82856579311192">
        <ele>1130.17</ele>
        <time>2018-05-22T01:04:46Z</time>
      </trkpt>
      <trkpt lat="48.712185909971595" lon="-121.8286481872201">
        <ele>1128.24</ele>
        <time>2018-05-22T01:04:57Z</time>
      </trkpt>
      <trkpt lat="48.71214006096125" lon="-121.82867819443345">
        <ele>1128.24</ele>
        <time>2018-05-22T01:05:00Z</time>
      </trkpt>
      <trkpt lat="48.7120009213686" lon="-121.82864625938237">
        <ele>1126.8</ele>
        <time>2018-05-22T01:05:11Z</time>
      </trkpt>
      <trkpt lat="48.711869828402996" lon="-121.82859303429723">
        <ele>1124.88</ele>
        <time>2018-05-22T01:05:22Z</time>
      </trkpt>
      <trkpt lat="48.711808724328876" lon="-121.82854131795466">
        <ele>1123.92</ele>
        <time>2018-05-22T01:05:28Z</time>
      </trkpt>
      <trkpt lat="48.7116866838187" lon="-121.82853670790792">
        <ele>1121.03</ele>
        <time>2018-05-22T01:05:38Z</time>
      </trkpt>
      <trkpt lat="48.71155450120568" lon="-121.82854307815433">
        <ele>1118.15</ele>
        <time>2018-05-22T01:05:49Z</time>
      </trkpt>
      <trkpt lat="48.71140295639634" lon="-121.82855213060975">
        <ele>1116.23</ele>
        <time>2018-05-22T01:06:01Z</time>
      </trkpt>
      <trkpt lat="48.71128569357097" lon="-121.82853779755533">
        <ele>1114.31</ele>
        <time>2018-05-22T01:06:11Z</time>
      </trkpt>
      <trkpt lat="48.71114454232156" lon="-121.828518435359">
        <ele>1112.86</ele>
        <time>2018-05-22T01:06:21Z</time>
      </trkpt>
      <trkpt lat="48.711071787402034" lon="-121.82838164269924">
        <ele>1112.86</ele>
        <time>2018-05-22T01:06:32Z</time>
      </trkpt>
      <trkpt lat="48.710967767983675" lon="-121.82817368768156">
        <ele>1112.38</ele>
        <time>2018-05-22T01:06:47Z</time>
      </trkpt>
      <trkpt lat="48.71090054512024" lon="-121.82814091444016">
        <ele>1110.46</ele>
        <time>2018-05-22T01:06:55Z</time>
      </trkpt>
      <trkpt lat="48.710689237341285" lon="-121.82811317034066">
        <ele>1110.94</ele>
        <time>2018-05-22T01:07:09Z</time>
      </trkpt>
      <trkpt lat="48.71066132560372" lon="-121.82809732854366">
        <ele>1110.94</ele>
        <time>2018-05-22T01:07:11Z</time>
      </trkpt>
      <trkpt lat="48.710477175191045" lon="-121.82805399410427">
        <ele>1108.54</ele>
        <time>2018-05-22T01:07:23Z</time>
      </trkpt>
      <trkpt lat="48.710456639528275" lon="-121.82805784977973">
        <ele>1108.06</ele>
        <time>2018-05-22T01:07:25Z</time>
      </trkpt>
      <trkpt lat="48.71033141389489" lon="-121.8279835022986">
        <ele>1102.77</ele>
        <time>2018-05-22T01:07:36Z</time>
      </trkpt>
      <trkpt lat="48.71026083827019" lon="-121.82795500382781">
        <ele>1101.33</ele>
        <time>2018-05-22T01:07:42Z</time>
      </trkpt>
      <trkpt lat="48.710244493559" lon="-121.82795944623649">
        <ele>1100.85</ele>
        <time>2018-05-22T01:07:45Z</time>
      </trkpt>
      <trkpt lat="48.71010644361377" lon="-121.82791175320745">
        <ele>1097.96</ele>
        <time>2018-05-22T01:07:55Z</time>
      </trkpt>
      <trkpt lat="48.710052631795406" lon="-121.82787638157606">
        <ele>1096.52</ele>
        <time>2018-05-22T01:07:59Z</time>
      </trkpt>
      <trkpt lat="48.70992220938206" lon="-121.82784721255302">
        <ele>1093.64</ele>
        <time>2018-05-22T01:08:10Z</time>
      </trkpt>
      <trkpt lat="48.709862446412444" lon="-121.82783011347055">
        <ele>1094.12</ele>
        <time>2018-05-22T01:08:17Z</time>
      </trkpt>
      <trkpt lat="48.70976027101278" lon="-121.82783028110862">
        <ele>1095.56</ele>
        <time>2018-05-22T01:08:25Z</time>
      </trkpt>
      <trkpt lat="48.70966488495469" lon="-121.82778761722147">
        <ele>1097.0</ele>
        <time>2018-05-22T01:08:36Z</time>
      </trkpt>
      <trkpt lat="48.709564888849854" lon="-121.82777755893767">
        <ele>1097.48</ele>
        <time>2018-05-22T01:08:45Z</time>
      </trkpt>
      <trkpt lat="48.70940144173801" lon="-121.82777018286288">
        <ele>1096.52</ele>
        <time>2018-05-22T01:08:59Z</time>
      </trkpt>
      <trkpt lat="48.70928719639778" lon="-121.82776691392064">
        <ele>1093.64</ele>
        <time>2018-05-22T01:09:11Z</time>
      </trkpt>
      <trkpt lat="48.70920731686056" lon="-121.82773162610829">
        <ele>1092.68</ele>
        <time>2018-05-22T01:09:17Z</time>
      </trkpt>
      <trkpt lat="48.70913674123585" lon="-121.82773866690695">
        <ele>1092.68</ele>
        <time>2018-05-22T01:09:23Z</time>
      </trkpt>
      <trkpt lat="48.70906189084053" lon="-121.82772668078542">
        <ele>1090.75</ele>
        <time>2018-05-22T01:09:30Z</time>
      </trkpt>
      <trkpt lat="48.70894110761583" lon="-121.82764135301113">
        <ele>1087.39</ele>
        <time>2018-05-22T01:09:42Z</time>
      </trkpt>
      <trkpt lat="48.70889098383486" lon="-121.8276121839881">
        <ele>1086.43</ele>
        <time>2018-05-22T01:09:48Z</time>
      </trkpt>
      <trkpt lat="48.70885452255607" lon="-121.82757161557674">
        <ele>1086.91</ele>
        <time>2018-05-22T01:09:53Z</time>
      </trkpt>
      <trkpt lat="48.70871555060148" lon="-121.82750682346523">
        <ele>1087.39</ele>
        <time>2018-05-22T01:10:04Z</time>
      </trkpt>
      <trkpt lat="48.708589654415846" lon="-121.82746055535972">
        <ele>1087.39</ele>
        <time>2018-05-22T01:10:15Z</time>
      </trkpt>
      <trkpt lat="48.70851815678179" lon="-121.8274459708482">
        <ele>1086.91</ele>
        <time>2018-05-22T01:10:20Z</time>
      </trkpt>
      <trkpt lat="48.708377005532384" lon="-121.82739509269595">
        <ele>1084.02</ele>
        <time>2018-05-22T01:10:32Z</time>
      </trkpt>
      <trkpt lat="48.70836015790701" lon="-121.8273875489831">
        <ele>1083.54</ele>
        <time>2018-05-22T01:10:34Z</time>
      </trkpt>
      <trkpt lat="48.70826250873506" lon="-121.82731940411031">
        <ele>1082.1</ele>
        <time>2018-05-22T01:10:44Z</time>
      </trkpt>
      <trkpt lat="48.708146000280976" lon="-121.827331809327">
        <ele>1082.1</ele>
        <time>2018-05-22T01:10:57Z</time>
      </trkpt>
      <trkpt lat="48.708066791296005" lon="-121.82725897058845">
        <ele>1081.14</ele>
        <time>2018-05-22T01:11:11Z</time>
      </trkpt>
      <trkpt lat="48.7080049328506" lon="-121.82731077075005">
        <ele>1080.18</ele>
        <time>2018-05-22T01:11:39Z</time>
      </trkpt>
      <trkpt lat="48.708045836538076" lon="-121.82722284458578">
        <ele>1077.78</ele>
        <time>2018-05-22T01:12:17Z</time>
      </trkpt>
      <trkpt lat="48.70797517709434" lon="-121.82728671468794">
        <ele>1076.33</ele>
        <time>2018-05-22T01:12:39Z</time>
      </trkpt>
      <trkpt lat="48.70794575661421" lon="-121.82724145241082">
        <ele>1077.29</ele>
        <time>2018-05-22T01:12:59Z</time>
      </trkpt>
      <trkpt lat="48.70790284126997" lon="-121.82724866084754">
        <ele>1077.29</ele>
        <time>2018-05-22T01:13:04Z</time>
      </trkpt>
      <trkpt lat="48.70778365060687" lon="-121.82710868306458">
        <ele>1078.26</ele>
        <time>2018-05-22T01:13:18Z</time>
      </trkpt>
      <trkpt lat="48.70769907720387" lon="-121.82691916823387">
        <ele>1078.26</ele>
        <time>2018-05-22T01:13:30Z</time>
      </trkpt>
      <trkpt lat="48.70762129314244" lon="-121.82676024734974">
        <ele>1082.1</ele>
        <time>2018-05-22T01:13:43Z</time>
      </trkpt>
      <trkpt lat="48.7076008412987" lon="-121.82666854932904">
        <ele>1083.54</ele>
        <time>2018-05-22T01:13:50Z</time>
      </trkpt>
      <trkpt lat="48.707519704476" lon="-121.82649646885693">
        <ele>1086.43</ele>
        <time>2018-05-22T01:14:03Z</time>
      </trkpt>
      <trkpt lat="48.70738576166332" lon="-121.82649387046695">
        <ele>1085.95</ele>
        <time>2018-05-22T01:14:20Z</time>
      </trkpt>
      <trkpt lat="48.70724905282259" lon="-121.82628004811704">
        <ele>1085.47</ele>
        <time>2018-05-22T01:14:35Z</time>
      </trkpt>
      <trkpt lat="48.70723891071975" lon="-121.82612774893641">
        <ele>1084.99</ele>
        <time>2018-05-22T01:14:44Z</time>
      </trkpt>
      <trkpt lat="48.707135394215584" lon="-121.82592750526965">
        <ele>1083.06</ele>
        <time>2018-05-22T01:14:56Z</time>
      </trkpt>
      <trkpt lat="48.707096418365836" lon="-121.82578241452575">
        <ele>1081.62</ele>
        <time>2018-05-22T01:15:06Z</time>
      </trkpt>
      <trkpt lat="48.70709968730807" lon="-121.8256432749331">
        <ele>1079.22</ele>
        <time>2018-05-22T01:15:13Z</time>
      </trkpt>
      <trkpt lat="48.70707646943629" lon="-121.82546951808035">
        <ele>1073.93</ele>
        <time>2018-05-22T01:15:24Z</time>
      </trkpt>
      <trkpt lat="48.70705685578287" lon="-121.82536533102393">
        <ele>1072.97</ele>
        <time>2018-05-22T01:15:30Z</time>
      </trkpt>
      <trkpt lat="48.7068825121969" lon="-121.82502971962094">
        <ele>1070.08</ele>
        <time>2018-05-22T01:15:51Z</time>
      </trkpt>
      <trkpt lat="48.70677857659757" lon="-121.82488303631544">
        <ele>1070.08</ele>
        <time>2018-05-22T01:16:02Z</time>
      </trkpt>
      <trkpt lat="48.70670473203063" lon="-121.82476862333715">
        <ele>1070.08</ele>
        <time>2018-05-22T01:16:11Z</time>
      </trkpt>
      <trkpt lat="48.70661957189441" lon="-121.82467541657388">
        <ele>1069.12</ele>
        <time>2018-05-22T01:16:20Z</time>
      </trkpt>
      <trkpt lat="48.706562826409936" lon="-121.82453384622931">
        <ele>1069.12</ele>
        <time>2018-05-22T01:16:30Z</time>
      </trkpt>
      <trkpt lat="48.70648420415819" lon="-121.82440266944468">
        <ele>1068.64</ele>
        <time>2018-05-22T01:16:40Z</time>
      </trkpt>
      <trkpt lat="48.706443132832646" lon="-121.82435807771981">
        <ele>1067.68</ele>
        <time>2018-05-22T01:16:45Z</time>
      </trkpt>
      <trkpt lat="48.70640859939158" lon="-121.82432563975453">
        <ele>1068.16</ele>
        <time>2018-05-22T01:16:49Z</time>
      </trkpt>
      <trkpt lat="48.7063523568213" lon="-121.824218519032">
        <ele>1066.72</ele>
        <time>2018-05-22T01:16:58Z</time>
      </trkpt>
      <trkpt lat="48.70628287084401" lon="-121.82411684654653">
        <ele>1066.72</ele>
        <time>2018-05-22T01:17:07Z</time>
      </trkpt>
      <trkpt lat="48.70620483532548" lon="-121.82403730228543">
        <ele>1065.76</ele>
        <time>2018-05-22T01:17:15Z</time>
      </trkpt>
      <trkpt lat="48.70611707679927" lon="-121.82389967143536">
        <ele>1064.8</ele>
        <time>2018-05-22T01:17:26Z</time>
      </trkpt>
      <trkpt lat="48.706038957461715" lon="-121.82380135171115">
        <ele>1063.84</ele>
        <time>2018-05-22T01:17:36Z</time>
      </trkpt>
      <trkpt lat="48.70601423084736" lon="-121.82378257624805">
        <ele>1063.36</ele>
        <time>2018-05-22T01:17:39Z</time>
      </trkpt>
      <trkpt lat="48.705982714891434" lon="-121.82372960262">
        <ele>1062.87</ele>
        <time>2018-05-22T01:17:43Z</time>
      </trkpt>
      <trkpt lat="48.70591591112316" lon="-121.8236902076751">
        <ele>1060.95</ele>
        <time>2018-05-22T01:17:53Z</time>
      </trkpt>
      <trkpt lat="48.7059276457876" lon="-121.82366539724171">
        <ele>1059.03</ele>
        <time>2018-05-22T01:18:05Z</time>
      </trkpt>
      <trkpt lat="48.70588690973818" lon="-121.82358811609447">
        <ele>1059.51</ele>
        <time>2018-05-22T01:18:11Z</time>
      </trkpt>
      <trkpt lat="48.705769311636686" lon="-121.82341109029949">
        <ele>1060.95</ele>
        <time>2018-05-22T01:18:26Z</time>
      </trkpt>
      <trkpt lat="48.705735532566905" lon="-121.823346382007">
        <ele>1060.47</ele>
        <time>2018-05-22T01:18:32Z</time>
      </trkpt>
      <trkpt lat="48.70565070770681" lon="-121.82319986633956">
        <ele>1059.99</ele>
        <time>2018-05-22T01:18:44Z</time>
      </trkpt>
      <trkpt lat="48.705567978322506" lon="-121.82304136455059">
        <ele>1060.47</ele>
        <time>2018-05-22T01:18:55Z</time>
      </trkpt>
      <trkpt lat="48.70549011044204" lon="-121.82293768040836">
        <ele>1060.95</ele>
        <time>2018-05-22T01:19:05Z</time>
      </trkpt>
      <trkpt lat="48.70542582124472" lon="-121.82272922247648">
        <ele>1060.47</ele>
        <time>2018-05-22T01:19:18Z</time>
      </trkpt>
      <trkpt lat="48.705390533432364" lon="-121.82259460911155">
        <ele>1060.47</ele>
        <time>2018-05-22T01:19:28Z</time>
      </trkpt>
      <trkpt lat="48.70537075214088" lon="-121.82245069183409">
        <ele>1060.95</ele>
        <time>2018-05-22T01:19:37Z</time>
      </trkpt>
      <trkpt lat="48.70530101470649" lon="-121.8223069421947">
        <ele>1060.47</ele>
        <time>2018-05-22T01:19:48Z</time>
      </trkpt>
      <trkpt lat="48.705241084098816" lon="-121.82216537185013">
        <ele>1059.99</ele>
        <time>2018-05-22T01:19:58Z</time>
      </trkpt>
      <trkpt lat="48.70518509298563" lon="-121.82201265357435">
        <ele>1060.47</ele>
        <time>2018-05-22T01:20:09Z</time>
      </trkpt>
      <trkpt lat="48.70515424758196" lon="-121.82183487340808">
        <ele>1059.03</ele>
        <time>2018-05-22T01:20:19Z</time>
      </trkpt>
      <trkpt lat="48.70511426590383" lon="-121.82169665582478">
        <ele>1058.55</ele>
        <time>2018-05-22T01:20:29Z</time>
      </trkpt>
      <trkpt lat="48.70512097142637" lon="-121.82150521315634">
        <ele>1058.55</ele>
        <time>2018-05-22T01:20:41Z</time>
      </trkpt>
      <trkpt lat="48.705132622271776" lon="-121.8213488906622">
        <ele>1058.07</ele>
        <time>2018-05-22T01:20:49Z</time>
      </trkpt>
      <trkpt lat="48.70519137941301" lon="-121.82118343189359">
        <ele>1057.11</ele>
        <time>2018-05-22T01:21:00Z</time>
      </trkpt>
      <trkpt lat="48.70522515848279" lon="-121.82106859982014">
        <ele>1056.63</ele>
        <time>2018-05-22T01:21:10Z</time>
      </trkpt>
      <trkpt lat="48.705301685258746" lon="-121.82095075026155">
        <ele>1056.15</ele>
        <time>2018-05-22T01:21:21Z</time>
      </trkpt>
      <trkpt lat="48.70536480098963" lon="-121.820780178532">
        <ele>1055.67</ele>
        <time>2018-05-22T01:21:31Z</time>
      </trkpt>
      <trkpt lat="48.70534937828779" lon="-121.82044708169997">
        <ele>1052.78</ele>
        <time>2018-05-22T01:21:51Z</time>
      </trkpt>
      <trkpt lat="48.70533554814756" lon="-121.82030106894672">
        <ele>1052.3</ele>
        <time>2018-05-22T01:21:59Z</time>
      </trkpt>
      <trkpt lat="48.70530805550516" lon="-121.8201464228332">
        <ele>1052.3</ele>
        <time>2018-05-22T01:22:07Z</time>
      </trkpt>
      <trkpt lat="48.70529741048813" lon="-121.82006981223822">
        <ele>1051.82</ele>
        <time>2018-05-22T01:22:12Z</time>
      </trkpt>
      <trkpt lat="48.70530319400132" lon="-121.81989211589098">
        <ele>1051.34</ele>
        <time>2018-05-22T01:22:23Z</time>
      </trkpt>
      <trkpt lat="48.70533085428178" lon="-121.81966194882989">
        <ele>1051.34</ele>
        <time>2018-05-22T01:22:37Z</time>
      </trkpt>
      <trkpt lat="48.705330938100815" lon="-121.8196424189955">
        <ele>1051.34</ele>
        <time>2018-05-22T01:22:38Z</time>
      </trkpt>
      <trkpt lat="48.70531325228512" lon="-121.81936774402857">
        <ele>1050.86</ele>
        <time>2018-05-22T01:22:52Z</time>
      </trkpt>
      <trkpt lat="48.70529078878462" lon="-121.81918459944427">
        <ele>1049.9</ele>
        <time>2018-05-22T01:23:03Z</time>
      </trkpt>
      <trkpt lat="48.705280143767595" lon="-121.81900028139353">
        <ele>1049.9</ele>
        <time>2018-05-22T01:23:13Z</time>
      </trkpt>
      <trkpt lat="48.70527125895023" lon="-121.81897488422692">
        <ele>1049.9</ele>
        <time>2018-05-22T01:23:15Z</time>
      </trkpt>
      <trkpt lat="48.705264553427696" lon="-121.81884739547968">
        <ele>1050.38</ele>
        <time>2018-05-22T01:23:23Z</time>
      </trkpt>
      <trkpt lat="48.705255668610334" lon="-121.81861102581024">
        <ele>1048.94</ele>
        <time>2018-05-22T01:23:36Z</time>
      </trkpt>
      <trkpt lat="48.70525751262903" lon="-121.81853273883462">
        <ele>1047.97</ele>
        <time>2018-05-22T01:23:41Z</time>
      </trkpt>
      <trkpt lat="48.705233708024025" lon="-121.81834607385099">
        <ele>1047.97</ele>
        <time>2018-05-22T01:23:49Z</time>
      </trkpt>
      <trkpt lat="48.70522038079798" lon="-121.8182763364166">
        <ele>1047.49</ele>
        <time>2018-05-22T01:23:53Z</time>
      </trkpt>
      <trkpt lat="48.705205796286464" lon="-121.81824666447937">
        <ele>1047.49</ele>
        <time>2018-05-22T01:23:55Z</time>
      </trkpt>
      <trkpt lat="48.705204371362925" lon="-121.81819251738489">
        <ele>1047.49</ele>
        <time>2018-05-22T01:23:58Z</time>
      </trkpt>
      <trkpt lat="48.70515340939164" lon="-121.81802638806403">
        <ele>1045.09</ele>
        <time>2018-05-22T01:24:10Z</time>
      </trkpt>
      <trkpt lat="48.70513731613755" lon="-121.81786470115185">
        <ele>1042.69</ele>
        <time>2018-05-22T01:24:21Z</time>
      </trkpt>
      <trkpt lat="48.70510303415358" lon="-121.8177393078804">
        <ele>1042.69</ele>
        <time>2018-05-22T01:24:30Z</time>
      </trkpt>
      <trkpt lat="48.705085599794984" lon="-121.81766596622765">
        <ele>1042.21</ele>
        <time>2018-05-22T01:24:34Z</time>
      </trkpt>
      <trkpt lat="48.70508685708046" lon="-121.81761232204735">
        <ele>1041.73</ele>
        <time>2018-05-22T01:24:37Z</time>
      </trkpt>
      <trkpt lat="48.70513865724206" lon="-121.81734083220363">
        <ele>1042.21</ele>
        <time>2018-05-22T01:24:48Z</time>
      </trkpt>
      <trkpt lat="48.7052196264267" lon="-121.81713639758527">
        <ele>1039.8</ele>
        <time>2018-05-22T01:25:00Z</time>
      </trkpt>
      <trkpt lat="48.705227421596646" lon="-121.81709717027843">
        <ele>1039.8</ele>
        <time>2018-05-22T01:25:03Z</time>
      </trkpt>
      <trkpt lat="48.705289447680116" lon="-121.8168676737696">
        <ele>1038.84</ele>
        <time>2018-05-22T01:25:16Z</time>
      </trkpt>
      <trkpt lat="48.70531073771417" lon="-121.81680263020098">
        <ele>1038.84</ele>
        <time>2018-05-22T01:25:20Z</time>
      </trkpt>
      <trkpt lat="48.705378379672766" lon="-121.81655075401068">
        <ele>1036.92</ele>
        <time>2018-05-22T01:25:33Z</time>
      </trkpt>
      <trkpt lat="48.70540050789714" lon="-121.81649543344975">
        <ele>1036.92</ele>
        <time>2018-05-22T01:25:36Z</time>
      </trkpt>
      <trkpt lat="48.70549103245139" lon="-121.81631891056895">
        <ele>1034.52</ele>
        <time>2018-05-22T01:25:48Z</time>
      </trkpt>
      <trkpt lat="48.705499079078436" lon="-121.81630030274391">
        <ele>1034.52</ele>
        <time>2018-05-22T01:25:49Z</time>
      </trkpt>
      <trkpt lat="48.705552807077765" lon="-121.81604809127748">
        <ele>1032.59</ele>
        <time>2018-05-22T01:26:02Z</time>
      </trkpt>
      <trkpt lat="48.70563134551048" lon="-121.81581490673125">
        <ele>1031.15</ele>
        <time>2018-05-22T01:26:14Z</time>
      </trkpt>
      <trkpt lat="48.70572304353118" lon="-121.81555540300906">
        <ele>1030.19</ele>
        <time>2018-05-22T01:26:27Z</time>
      </trkpt>
      <trkpt lat="48.70578691363335" lon="-121.81533169001341">
        <ele>1026.83</ele>
        <time>2018-05-22T01:26:39Z</time>
      </trkpt>
      <trkpt lat="48.70582873933017" lon="-121.81506355293095">
        <ele>1025.86</ele>
        <time>2018-05-22T01:26:51Z</time>
      </trkpt>
      <trkpt lat="48.705884562805295" lon="-121.81486188434064">
        <ele>1024.42</ele>
        <time>2018-05-22T01:27:02Z</time>
      </trkpt>
      <trkpt lat="48.705943655222654" lon="-121.81473825126886">
        <ele>1025.86</ele>
        <time>2018-05-22T01:27:12Z</time>
      </trkpt>
      <trkpt lat="48.70597525499761" lon="-121.8147037178278">
        <ele>1023.94</ele>
        <time>2018-05-22T01:27:16Z</time>
      </trkpt>
      <trkpt lat="48.706012135371566" lon="-121.81464512832463">
        <ele>1023.46</ele>
        <time>2018-05-22T01:27:20Z</time>
      </trkpt>
      <trkpt lat="48.70603929273784" lon="-121.81459072977304">
        <ele>1022.5</ele>
        <time>2018-05-22T01:27:23Z</time>
      </trkpt>
      <trkpt lat="48.70609352365136" lon="-121.814424097538">
        <ele>1020.1</ele>
        <time>2018-05-22T01:27:35Z</time>
      </trkpt>
      <trkpt lat="48.70617759414017" lon="-121.81422083638608">
        <ele>1018.17</ele>
        <time>2018-05-22T01:27:47Z</time>
      </trkpt>
      <trkpt lat="48.70619569905102" lon="-121.81404297240078">
        <ele>1017.21</ele>
        <time>2018-05-22T01:27:58Z</time>
      </trkpt>
      <trkpt lat="48.706184634938836" lon="-121.81394792161882">
        <ele>1016.73</ele>
        <time>2018-05-22T01:28:03Z</time>
      </trkpt>
      <trkpt lat="48.70618773624301" lon="-121.81372705847025">
        <ele>1015.29</ele>
        <time>2018-05-22T01:28:16Z</time>
      </trkpt>
      <trkpt lat="48.7062159832567" lon="-121.8136608414352">
        <ele>1018.65</ele>
        <time>2018-05-22T01:28:30Z</time>
      </trkpt>
      <trkpt lat="48.70623417198658" lon="-121.81368364021182">
        <ele>1027.31</ele>
        <time>2018-05-22T01:29:02Z</time>
      </trkpt>
      <trkpt lat="48.70623450726271" lon="-121.81364986114204">
        <ele>1027.79</ele>
        <time>2018-05-22T01:29:17Z</time>
      </trkpt>
      <trkpt lat="48.70621707290411" lon="-121.81365095078945">
        <ele>1025.38</ele>
        <time>2018-05-22T01:29:44Z</time>
      </trkpt>
      <trkpt lat="48.70623509399593" lon="-121.81361507624388">
        <ele>1023.94</ele>
        <time>2018-05-22T01:34:54Z</time>
      </trkpt>
      <trkpt lat="48.70622386224568" lon="-121.81358582340181">
        <ele>1024.42</ele>
        <time>2018-05-22T01:34:59Z</time>
      </trkpt>
      <trkpt lat="48.70632603764534" lon="-121.81350711733103">
        <ele>1022.98</ele>
        <time>2018-05-22T01:35:13Z</time>
      </trkpt>
      <trkpt lat="48.70635596103966" lon="-121.81353963911533">
        <ele>1019.62</ele>
        <time>2018-05-22T01:35:28Z</time>
      </trkpt>
      <trkpt lat="48.706423016265035" lon="-121.81345950812101">
        <ele>1017.69</ele>
        <time>2018-05-22T01:35:43Z</time>
      </trkpt>
      <trkpt lat="48.70645612478256" lon="-121.81348079815507">
        <ele>1015.77</ele>
        <time>2018-05-22T01:35:59Z</time>
      </trkpt>
      <trkpt lat="48.70649912394583" lon="-121.81343846954405">
        <ele>1014.33</ele>
        <time>2018-05-22T01:36:14Z</time>
      </trkpt>
      <trkpt lat="48.70654966682196" lon="-121.8133614398539">
        <ele>1012.89</ele>
        <time>2018-05-22T01:36:23Z</time>
      </trkpt>
      <trkpt lat="48.70655905455351" lon="-121.81328709237278">
        <ele>1012.89</ele>
        <time>2018-05-22T01:36:28Z</time>
      </trkpt>
      <trkpt lat="48.70654941536486" lon="-121.81311953812838">
        <ele>1013.37</ele>
        <time>2018-05-22T01:36:38Z</time>
      </trkpt>
      <trkpt lat="48.70652393437922" lon="-121.81306078098714">
        <ele>1012.89</ele>
        <time>2018-05-22T01:36:43Z</time>
      </trkpt>
      <trkpt lat="48.70651798322797" lon="-121.81302272714674">
        <ele>1013.85</ele>
        <time>2018-05-22T01:36:46Z</time>
      </trkpt>
      <trkpt lat="48.70650893077254" lon="-121.81292742490768">
        <ele>1014.33</ele>
        <time>2018-05-22T01:36:52Z</time>
      </trkpt>
      <trkpt lat="48.70645000599325" lon="-121.81276682764292">
        <ele>1014.33</ele>
        <time>2018-05-22T01:37:04Z</time>
      </trkpt>
      <trkpt lat="48.70643885806203" lon="-121.81267546489835">
        <ele>1014.33</ele>
        <time>2018-05-22T01:37:11Z</time>
      </trkpt>
      <trkpt lat="48.70646291412413" lon="-121.81262559257448">
        <ele>1013.85</ele>
        <time>2018-05-22T01:37:15Z</time>
      </trkpt>
      <trkpt lat="48.70656693354249" lon="-121.81246357038617">
        <ele>1011.93</ele>
        <time>2018-05-22T01:37:28Z</time>
      </trkpt>
      <trkpt lat="48.70659610256553" lon="-121.81234521791339">
        <ele>1011.93</ele>
        <time>2018-05-22T01:37:39Z</time>
      </trkpt>
      <trkpt lat="48.70659375563264" lon="-121.81231755763292">
        <ele>1011.93</ele>
        <time>2018-05-22T01:37:42Z</time>
      </trkpt>
      <trkpt lat="48.70656676590443" lon="-121.81227925233543">
        <ele>1010.96</ele>
        <time>2018-05-22T01:37:46Z</time>
      </trkpt>
      <trkpt lat="48.70655553415418" lon="-121.8121993727982">
        <ele>1010.96</ele>
        <time>2018-05-22T01:37:51Z</time>
      </trkpt>
      <trkpt lat="48.706565676257014" lon="-121.8120976164937">
        <ele>1010.96</ele>
        <time>2018-05-22T01:37:59Z</time>
      </trkpt>
      <trkpt lat="48.70657665655017" lon="-121.811937186867">
        <ele>1010.48</ele>
        <time>2018-05-22T01:38:09Z</time>
      </trkpt>
      <trkpt lat="48.70658260770142" lon="-121.81191589683294">
        <ele>1010.48</ele>
        <time>2018-05-22T01:38:10Z</time>
      </trkpt>
      <trkpt lat="48.706652177497745" lon="-121.8117368593812">
        <ele>1011.44</ele>
        <time>2018-05-22T01:38:22Z</time>
      </trkpt>
      <trkpt lat="48.70668520219624" lon="-121.81164583191276">
        <ele>1011.44</ele>
        <time>2018-05-22T01:38:26Z</time>
      </trkpt>
      <trkpt lat="48.70665770955384" lon="-121.81148640811443">
        <ele>1010.0</ele>
        <time>2018-05-22T01:38:37Z</time>
      </trkpt>
      <trkpt lat="48.70663977228105" lon="-121.81135087274015">
        <ele>1008.56</ele>
        <time>2018-05-22T01:38:50Z</time>
      </trkpt>
      <trkpt lat="48.70661915279925" lon="-121.81116295047104">
        <ele>1007.6</ele>
        <time>2018-05-22T01:39:01Z</time>
      </trkpt>
      <trkpt lat="48.7065614014864" lon="-121.81099665351212">
        <ele>1007.6</ele>
        <time>2018-05-22T01:39:12Z</time>
      </trkpt>
      <trkpt lat="48.706532986834645" lon="-121.81086639873683">
        <ele>1007.6</ele>
        <time>2018-05-22T01:39:21Z</time>
      </trkpt>
      <trkpt lat="48.70649250224233" lon="-121.8106937315315">
        <ele>1007.6</ele>
        <time>2018-05-22T01:39:30Z</time>
      </trkpt>
      <trkpt lat="48.70643810369074" lon="-121.8104833457619">
        <ele>1007.12</ele>
        <time>2018-05-22T01:39:42Z</time>
      </trkpt>
      <trkpt lat="48.706416226923466" lon="-121.81041494943202">
        <ele>1007.6</ele>
        <time>2018-05-22T01:39:45Z</time>
      </trkpt>
      <trkpt lat="48.70642117224634" lon="-121.81037010625005">
        <ele>1007.6</ele>
        <time>2018-05-22T01:39:47Z</time>
      </trkpt>
      <trkpt lat="48.70641069486737" lon="-121.81028662249446">
        <ele>1007.6</ele>
        <time>2018-05-22T01:39:51Z</time>
      </trkpt>
      <trkpt lat="48.70633349753916" lon="-121.81002602912486">
        <ele>1004.72</ele>
        <time>2018-05-22T01:40:07Z</time>
      </trkpt>
      <trkpt lat="48.70618840679526" lon="-121.80982570163906">
        <ele>1002.79</ele>
        <time>2018-05-22T01:40:20Z</time>
      </trkpt>
      <trkpt lat="48.70609503239393" lon="-121.8096783477813">
        <ele>1001.35</ele>
        <time>2018-05-22T01:40:32Z</time>
      </trkpt>
      <trkpt lat="48.70595128275454" lon="-121.8094869889319">
        <ele>1001.83</ele>
        <time>2018-05-22T01:40:47Z</time>
      </trkpt>
      <trkpt lat="48.7057875841856" lon="-121.80927819572389">
        <ele>1001.83</ele>
        <time>2018-05-22T01:41:03Z</time>
      </trkpt>
      <trkpt lat="48.7056596763432" lon="-121.80913746356964">
        <ele>1001.35</ele>
        <time>2018-05-22T01:41:16Z</time>
      </trkpt>
      <trkpt lat="48.70563075877726" lon="-121.80909773334861">
        <ele>1001.35</ele>
        <time>2018-05-22T01:41:19Z</time>
      </trkpt>
      <trkpt lat="48.70545323006809" lon="-121.8086751177907">
        <ele>1000.87</ele>
        <time>2018-05-22T01:41:45Z</time>
      </trkpt>
      <trkpt lat="48.70537217706442" lon="-121.8085403367877">
        <ele>1000.39</ele>
        <time>2018-05-22T01:41:56Z</time>
      </trkpt>
      <trkpt lat="48.70534619316459" lon="-121.80848711170256">
        <ele>999.91</ele>
        <time>2018-05-22T01:42:00Z</time>
      </trkpt>
      <trkpt lat="48.705267403274775" lon="-121.80840807035565">
        <ele>999.43</ele>
        <time>2018-05-22T01:42:09Z</time>
      </trkpt>
      <trkpt lat="48.705126754939556" lon="-121.80830731987953">
        <ele>997.99</ele>
        <time>2018-05-22T01:42:21Z</time>
      </trkpt>
      <trkpt lat="48.70497554540634" lon="-121.80822308175266">
        <ele>997.99</ele>
        <time>2018-05-22T01:42:33Z</time>
      </trkpt>
      <trkpt lat="48.704840848222375" lon="-121.80810037069023">
        <ele>996.54</ele>
        <time>2018-05-22T01:42:45Z</time>
      </trkpt>
      <trkpt lat="48.70483489707112" lon="-121.80807857774198">
        <ele>996.54</ele>
        <time>2018-05-22T01:42:47Z</time>
      </trkpt>
      <trkpt lat="48.70470489375293" lon="-121.80792418308556">
        <ele>996.06</ele>
        <time>2018-05-22T01:43:00Z</time>
      </trkpt>
      <trkpt lat="48.70456977747381" lon="-121.80773994885385">
        <ele>996.06</ele>
        <time>2018-05-22T01:43:16Z</time>
      </trkpt>
      <trkpt lat="48.704400127753615" lon="-121.80759594775736">
        <ele>995.1</ele>
        <time>2018-05-22T01:43:30Z</time>
      </trkpt>
      <trkpt lat="48.70423617772758" lon="-121.8074993044138">
        <ele>994.62</ele>
        <time>2018-05-22T01:43:42Z</time>
      </trkpt>
      <trkpt lat="48.70406753383577" lon="-121.8074630945921">
        <ele>991.74</ele>
        <time>2018-05-22T01:43:54Z</time>
      </trkpt>
      <trkpt lat="48.70390794239938" lon="-121.80744465440512">
        <ele>992.22</ele>
        <time>2018-05-22T01:44:07Z</time>
      </trkpt>
      <trkpt lat="48.703752122819424" lon="-121.80741246789694">
        <ele>993.18</ele>
        <time>2018-05-22T01:44:19Z</time>
      </trkpt>
      <trkpt lat="48.70360971428454" lon="-121.80727005936205">
        <ele>991.74</ele>
        <time>2018-05-22T01:44:34Z</time>
      </trkpt>
      <trkpt lat="48.70350242592394" lon="-121.80721214041114">
        <ele>990.3</ele>
        <time>2018-05-22T01:44:44Z</time>
      </trkpt>
      <trkpt lat="48.703429251909256" lon="-121.80722664110363">
        <ele>989.81</ele>
        <time>2018-05-22T01:44:49Z</time>
      </trkpt>
      <trkpt lat="48.703238647431135" lon="-121.80724541656673">
        <ele>989.33</ele>
        <time>2018-05-22T01:45:02Z</time>
      </trkpt>
      <trkpt lat="48.70308307930827" lon="-121.80719763971865">
        <ele>987.41</ele>
        <time>2018-05-22T01:45:14Z</time>
      </trkpt>
      <trkpt lat="48.70294880121946" lon="-121.80702564306557">
        <ele>987.41</ele>
        <time>2018-05-22T01:45:27Z</time>
      </trkpt>
      <trkpt lat="48.7028778064996" lon="-121.80686571635306">
        <ele>986.45</ele>
        <time>2018-05-22T01:45:36Z</time>
      </trkpt>
      <trkpt lat="48.702738750725985" lon="-121.8066773749888">
        <ele>982.6</ele>
        <time>2018-05-22T01:45:51Z</time>
      </trkpt>
      <trkpt lat="48.702561389654875" lon="-121.80657838471234">
        <ele>982.6</ele>
        <time>2018-05-22T01:46:03Z</time>
      </trkpt>
      <trkpt lat="48.702416801825166" lon="-121.80647620931268">
        <ele>981.16</ele>
        <time>2018-05-22T01:46:17Z</time>
      </trkpt>
      <trkpt lat="48.702244218438864" lon="-121.80635777302086">
        <ele>978.76</ele>
        <time>2018-05-22T01:46:31Z</time>
      </trkpt>
      <trkpt lat="48.702119663357735" lon="-121.80625819601119">
        <ele>975.88</ele>
        <time>2018-05-22T01:46:43Z</time>
      </trkpt>
      <trkpt lat="48.70198588818312" lon="-121.80615400895476">
        <ele>974.91</ele>
        <time>2018-05-22T01:46:56Z</time>
      </trkpt>
      <trkpt lat="48.70180366560817" lon="-121.80598435923457">
        <ele>974.43</ele>
        <time>2018-05-22T01:47:10Z</time>
      </trkpt>
      <trkpt lat="48.701636949554086" lon="-121.80580029264092">
        <ele>975.88</ele>
        <time>2018-05-22T01:47:23Z</time>
      </trkpt>
      <trkpt lat="48.7015085387975" lon="-121.80563039146364">
        <ele>976.84</ele>
        <time>2018-05-22T01:47:35Z</time>
      </trkpt>
      <trkpt lat="48.70137870311737" lon="-121.80552553385496">
        <ele>975.88</ele>
        <time>2018-05-22T01:47:45Z</time>
      </trkpt>
      <trkpt lat="48.70121458545327" lon="-121.80546434596181">
        <ele>972.99</ele>
        <time>2018-05-22T01:47:56Z</time>
      </trkpt>
      <trkpt lat="48.70106094516814" lon="-121.80538295768201">
        <ele>969.63</ele>
        <time>2018-05-22T01:48:08Z</time>
      </trkpt>
      <trkpt lat="48.700900096446276" lon="-121.8052539601922">
        <ele>966.74</ele>
        <time>2018-05-22T01:48:21Z</time>
      </trkpt>
      <trkpt lat="48.70087193325162" lon="-121.80517827160656">
        <ele>965.3</ele>
        <time>2018-05-22T01:48:26Z</time>
      </trkpt>
      <trkpt lat="48.70078794658184" lon="-121.8049988988787">
        <ele>962.9</ele>
        <time>2018-05-22T01:48:40Z</time>
      </trkpt>
      <trkpt lat="48.70077629573643" lon="-121.80496461689472">
        <ele>962.42</ele>
        <time>2018-05-22T01:48:42Z</time>
      </trkpt>
      <trkpt lat="48.70074771344662" lon="-121.80482388474047">
        <ele>960.98</ele>
        <time>2018-05-22T01:48:47Z</time>
      </trkpt>
      <trkpt lat="48.700699182227254" lon="-121.8046392314136">
        <ele>960.01</ele>
        <time>2018-05-22T01:48:58Z</time>
      </trkpt>
      <trkpt lat="48.70060857385397" lon="-121.80435449816287">
        <ele>956.65</ele>
        <time>2018-05-22T01:49:13Z</time>
      </trkpt>
      <trkpt lat="48.700592229142785" lon="-121.80422013625503">
        <ele>955.21</ele>
        <time>2018-05-22T01:49:23Z</time>
      </trkpt>
      <trkpt lat="48.70051486417651" lon="-121.80405367165804">
        <ele>953.77</ele>
        <time>2018-05-22T01:49:35Z</time>
      </trkpt>
      <trkpt lat="48.70042249560356" lon="-121.80383884347975">
        <ele>953.77</ele>
        <time>2018-05-22T01:49:47Z</time>
      </trkpt>
      <trkpt lat="48.70041210204363" lon="-121.80381713435054">
        <ele>953.77</ele>
        <time>2018-05-22T01:49:48Z</time>
      </trkpt>
      <trkpt lat="48.70039223693311" lon="-121.80371613241732">
        <ele>952.8</ele>
        <time>2018-05-22T01:49:52Z</time>
      </trkpt>
      <trkpt lat="48.700297605246305" lon="-121.8035463988781">
        <ele>951.84</ele>
        <time>2018-05-22T01:50:02Z</time>
      </trkpt>
      <trkpt lat="48.70021923445165" lon="-121.8033614102751">
        <ele>950.88</ele>
        <time>2018-05-22T01:50:12Z</time>
      </trkpt>
      <trkpt lat="48.70018067769706" lon="-121.8032614979893">
        <ele>950.88</ele>
        <time>2018-05-22T01:50:19Z</time>
      </trkpt>
      <trkpt lat="48.70001890696585" lon="-121.80311716161668">
        <ele>949.92</ele>
        <time>2018-05-22T01:50:30Z</time>
      </trkpt>
      <trkpt lat="48.699871972203255" lon="-121.80299788713455">
        <ele>949.92</ele>
        <time>2018-05-22T01:50:41Z</time>
      </trkpt>
      <trkpt lat="48.6996952816844" lon="-121.80279420688748">
        <ele>952.32</ele>
        <time>2018-05-22T01:50:55Z</time>
      </trkpt>
      <trkpt lat="48.699547005817294" lon="-121.80268683470786">
        <ele>951.36</ele>
        <time>2018-05-22T01:51:05Z</time>
      </trkpt>
      <trkpt lat="48.699412727728486" lon="-121.8025635369122">
        <ele>951.36</ele>
        <time>2018-05-22T01:51:15Z</time>
      </trkpt>
      <trkpt lat="48.69930644519627" lon="-121.80242448113859">
        <ele>951.84</ele>
        <time>2018-05-22T01:51:26Z</time>
      </trkpt>
      <trkpt lat="48.699230421334505" lon="-121.8023031949997">
        <ele>952.8</ele>
        <time>2018-05-22T01:51:36Z</time>
      </trkpt>
      <trkpt lat="48.699145931750536" lon="-121.80219867266715">
        <ele>952.32</ele>
        <time>2018-05-22T01:51:42Z</time>
      </trkpt>
      <trkpt lat="48.6991064529866" lon="-121.8020804040134">
        <ele>952.32</ele>
        <time>2018-05-22T01:51:47Z</time>
      </trkpt>
      <trkpt lat="48.69906563311815" lon="-121.80198795162141">
        <ele>953.28</ele>
        <time>2018-05-22T01:51:52Z</time>
      </trkpt>
      <trkpt lat="48.69896094314754" lon="-121.8018557690084">
        <ele>953.77</ele>
        <time>2018-05-22T01:52:02Z</time>
      </trkpt>
      <trkpt lat="48.69895180687308" lon="-121.80182282812893">
        <ele>953.77</ele>
        <time>2018-05-22T01:52:04Z</time>
      </trkpt>
      <trkpt lat="48.698829263448715" lon="-121.80159760639071">
        <ele>953.28</ele>
        <time>2018-05-22T01:52:18Z</time>
      </trkpt>
      <trkpt lat="48.69870990514755" lon="-121.80131463333964">
        <ele>957.13</ele>
        <time>2018-05-22T01:52:34Z</time>
      </trkpt>
      <trkpt lat="48.69868392124772" lon="-121.80128814652562">
        <ele>957.13</ele>
        <time>2018-05-22T01:52:37Z</time>
      </trkpt>
      <trkpt lat="48.69856992736459" lon="-121.80124942213297">
        <ele>956.65</ele>
        <time>2018-05-22T01:52:44Z</time>
      </trkpt>
      <trkpt lat="48.69844755157828" lon="-121.80110818706453">
        <ele>954.73</ele>
        <time>2018-05-22T01:52:57Z</time>
      </trkpt>
      <trkpt lat="48.698297096416354" lon="-121.8008298240602">
        <ele>954.25</ele>
        <time>2018-05-22T01:53:12Z</time>
      </trkpt>
      <trkpt lat="48.698213528841734" lon="-121.80061005055904">
        <ele>953.77</ele>
        <time>2018-05-22T01:53:24Z</time>
      </trkpt>
      <trkpt lat="48.69809358380735" lon="-121.80035381577909">
        <ele>954.73</ele>
        <time>2018-05-22T01:53:37Z</time>
      </trkpt>
      <trkpt lat="48.69799601845443" lon="-121.80011845193803">
        <ele>956.65</ele>
        <time>2018-05-22T01:53:50Z</time>
      </trkpt>
      <trkpt lat="48.6978854611516" lon="-121.79992223158479">
        <ele>958.57</ele>
        <time>2018-05-22T01:54:01Z</time>
      </trkpt>
      <trkpt lat="48.69783667847514" lon="-121.79987646639347">
        <ele>958.57</ele>
        <time>2018-05-22T01:54:05Z</time>
      </trkpt>
      <trkpt lat="48.69770826771855" lon="-121.79966440424323">
        <ele>958.09</ele>
        <time>2018-05-22T01:54:17Z</time>
      </trkpt>
      <trkpt lat="48.697675662115216" lon="-121.79958863183856">
        <ele>957.13</ele>
        <time>2018-05-22T01:54:22Z</time>
      </trkpt>
      <trkpt lat="48.697526548057795" lon="-121.79924882948399">
        <ele>956.17</ele>
        <time>2018-05-22T01:54:44Z</time>
      </trkpt>
      <trkpt lat="48.69741825386882" lon="-121.79898580536246">
        <ele>955.21</ele>
        <time>2018-05-22T01:54:58Z</time>
      </trkpt>
      <trkpt lat="48.697352623566985" lon="-121.79880844429135">
        <ele>953.77</ele>
        <time>2018-05-22T01:55:08Z</time>
      </trkpt>
      <trkpt lat="48.69727240875363" lon="-121.79857559502125">
        <ele>951.84</ele>
        <time>2018-05-22T01:55:21Z</time>
      </trkpt>
      <trkpt lat="48.697201665490866" lon="-121.7983222939074">
        <ele>949.92</ele>
        <time>2018-05-22T01:55:33Z</time>
      </trkpt>
      <trkpt lat="48.69717543013394" lon="-121.79821265861392">
        <ele>949.44</ele>
        <time>2018-05-22T01:55:40Z</time>
      </trkpt>
      <trkpt lat="48.69713637046516" lon="-121.79808818735182">
        <ele>948.96</ele>
        <time>2018-05-22T01:55:46Z</time>
      </trkpt>
      <trkpt lat="48.697101417928934" lon="-121.7978611215949">
        <ele>947.04</ele>
        <time>2018-05-22T01:55:57Z</time>
      </trkpt>
      <trkpt lat="48.69708716869354" lon="-121.79752316325903">
        <ele>946.56</ele>
        <time>2018-05-22T01:56:12Z</time>
      </trkpt>
      <trkpt lat="48.697065291926265" lon="-121.79727405309677">
        <ele>946.07</ele>
        <time>2018-05-22T01:56:24Z</time>
      </trkpt>
      <trkpt lat="48.6970859952271" lon="-121.79707322269678">
        <ele>945.11</ele>
        <time>2018-05-22T01:56:35Z</time>
      </trkpt>
      <trkpt lat="48.697095634415746" lon="-121.79683928377926">
        <ele>944.63</ele>
        <time>2018-05-22T01:56:46Z</time>
      </trkpt>
      <trkpt lat="48.69705095887184" lon="-121.79673886857927">
        <ele>944.63</ele>
        <time>2018-05-22T01:56:54Z</time>
      </trkpt>
      <trkpt lat="48.69701416231692" lon="-121.79666225798428">
        <ele>945.11</ele>
        <time>2018-05-22T01:56:59Z</time>
      </trkpt>
      <trkpt lat="48.69695104658604" lon="-121.79655798710883">
        <ele>945.11</ele>
        <time>2018-05-22T01:57:07Z</time>
      </trkpt>
      <trkpt lat="48.69681735523045" lon="-121.79636537097394">
        <ele>947.52</ele>
        <time>2018-05-22T01:57:21Z</time>
      </trkpt>
      <trkpt lat="48.69667804799974" lon="-121.79602632299066">
        <ele>947.52</ele>
        <time>2018-05-22T01:57:38Z</time>
      </trkpt>
      <trkpt lat="48.69660244323313" lon="-121.79585390724242">
        <ele>947.04</ele>
        <time>2018-05-22T01:57:45Z</time>
      </trkpt>
      <trkpt lat="48.69660638272762" lon="-121.79574980400503">
        <ele>946.56</ele>
        <time>2018-05-22T01:57:49Z</time>
      </trkpt>
      <trkpt lat="48.69665122590959" lon="-121.79547345265746">
        <ele>943.67</ele>
        <time>2018-05-22T01:58:01Z</time>
      </trkpt>
      <trkpt lat="48.69668793864548" lon="-121.79527530446649">
        <ele>940.79</ele>
        <time>2018-05-22T01:58:11Z</time>
      </trkpt>
      <trkpt lat="48.6967387329787" lon="-121.79507623426616">
        <ele>937.9</ele>
        <time>2018-05-22T01:58:20Z</time>
      </trkpt>
      <trkpt lat="48.696752563118935" lon="-121.7948535270989">
        <ele>939.35</ele>
        <time>2018-05-22T01:58:30Z</time>
      </trkpt>
      <trkpt lat="48.69677620008588" lon="-121.79463962092996">
        <ele>940.79</ele>
        <time>2018-05-22T01:58:40Z</time>
      </trkpt>
      <trkpt lat="48.69675390422344" lon="-121.79445127956569">
        <ele>943.19</ele>
        <time>2018-05-22T01:58:50Z</time>
      </trkpt>
      <trkpt lat="48.696702690795064" lon="-121.79426897317171">
        <ele>946.56</ele>
        <time>2018-05-22T01:59:03Z</time>
      </trkpt>
      <trkpt lat="48.696546871215105" lon="-121.79416780360043">
        <ele>947.04</ele>
        <time>2018-05-22T01:59:16Z</time>
      </trkpt>
      <trkpt lat="48.696495071053505" lon="-121.79412656463683">
        <ele>947.04</ele>
        <time>2018-05-22T01:59:20Z</time>
      </trkpt>
      <trkpt lat="48.69631938636303" lon="-121.79395381361246">
        <ele>944.63</ele>
        <time>2018-05-22T01:59:34Z</time>
      </trkpt>
      <trkpt lat="48.696172116324306" lon="-121.79379866458476">
        <ele>943.67</ele>
        <time>2018-05-22T01:59:48Z</time>
      </trkpt>
      <trkpt lat="48.69601612910628" lon="-121.79361317306757">
        <ele>941.75</ele>
        <time>2018-05-22T02:00:00Z</time>
      </trkpt>
      <trkpt lat="48.69600623846054" lon="-121.79362130351365">
        <ele>943.67</ele>
        <time>2018-05-22T02:00:32Z</time>
      </trkpt>
      <trkpt lat="48.695988385006785" lon="-121.79360705427825">
        <ele>944.15</ele>
        <time>2018-05-22T02:00:47Z</time>
      </trkpt>
      <trkpt lat="48.6960325576365" lon="-121.79359800182283">
        <ele>947.04</ele>
        <time>2018-05-22T02:01:19Z</time>
      </trkpt>
    </trkseg>
  </trk>
</gpx>