<?xml version="1.0" encoding="UTF-8"?>
<gpx xmlns="http://www.topografix.com/GPX/1/1" xmlns:adv="http://www.garmin.com/xmlschemas/AdventuresExtensions/v1" xmlns:ctx="http://www.garmin.com/xmlschemas/CreationTimeExtension/v1" xmlns:gpxacc="http://www.garmin.com/xmlschemas/AccelerationExtension/v1" xmlns:gpxpx="http://www.garmin.com/xmlschemas/PowerExtension/v1" xmlns:gpxtpx="http://www.garmin.com/xmlschemas/TrackPointExtension/v1" xmlns:gpxtrx="http://www.garmin.com/xmlschemas/GpxExtensions/v3" xmlns:gpxx="http://www.garmin.com/xmlschemas/GpxExtensions/v3" xmlns:prs="http://www.garmin.com/xmlschemas/PressureExtension/v1" xmlns:tmd="http://www.garmin.com/xmlschemas/TripMetaDataExtensions/v1" xmlns:trp="http://www.garmin.com/xmlschemas/TripExtensions/v1" xmlns:vidx1="http://www.garmin.com/xmlschemas/VideoExtension/v1" xmlns:vptm="http://www.garmin.com/xmlschemas/ViaPointTransportationModeExtensions/v1" xmlns:wptx1="http://www.garmin.com/xmlschemas/WaypointExtension/v1" xmlns:xsi="http://www.w3.org/2001/XMLSchema-instance" xsi:schemaLocation="http://www.topografix.com/GPX/1/1 http://www.topografix.com/GPX/1/1/gpx.xsd http://www.garmin.com/xmlschemas/WaypointExtension/v1 http://www8.garmin.com/xmlschemas/WaypointExtensionv1.xsd http://www.garmin.com/xmlschemas/TrackPointExtension/v1 http://www.garmin.com/xmlschemas/TrackPointExtensionv1.xsd http://www.garmin.com/xmlschemas/GpxExtensions/v3 http://www8.garmin.com/xmlschemas/GpxExtensionsv3.xsd http://www.garmin.com/xmlschemas/ActivityExtension/v1 http://www8.garmin.com/xmlschemas/ActivityExtensionv1.xsd http://www.garmin.com/xmlschemas/AdventuresExtensions/v1 http://www8.garmin.com/xmlschemas/AdventuresExtensionv1.xsd http://www.garmin.com/xmlschemas/PressureExtension/v1 http://www.garmin.com/xmlschemas/PressureExtensionv1.xsd http://www.garmin.com/xmlschemas/TripExtensions/v1 http://www.garmin.com/xmlschemas/TripExtensionsv1.xsd http://www.garmin.com/xmlschemas/TripMetaDataExtensions/v1 http://www.garmin.com/xmlschemas/TripMetaDataExtensionsv1.xsd http://www.garmin.com/xmlschemas/ViaPointTransportationModeExtensions/v1 http://www.garmin.com/xmlschemas/ViaPointTransportationModeExtensionsv1.xsd http://www.garmin.com/xmlschemas/CreationTimeExtension/v1 http://www.garmin.com/xmlschemas/CreationTimeExtensionsv1.xsd http://www.garmin.com/xmlschemas/AccelerationExtension/v1 http://www.garmin.com/xmlschemas/AccelerationExtensionv1.xsd http://www.garmin.com/xmlschemas/PowerExtension/v1 http://www.garmin.com/xmlschemas/PowerExtensionv1.xsd http://www.garmin.com/xmlschemas/VideoExtension/v1 http://www.garmin.com/xmlschemas/VideoExtensionv1.xsd" version="1.1" creator="Garmin Desktop App">
  <metadata>
    <link href="http://www.garmin.com">
      <text>Garmin International</text>
    </link>
    <time>2016-08-09T18:05:33Z</time>
    <bounds minlat="41.365293050184846" maxlat="41.409462159499526" minlon="-122.19589155167341" maxlon="-122.12596477009356" />
  </metadata>
  <trk>
    <name>SHASTA</name>
    <extensions>
      <gpxtrx:TrackExtension>
        <gpxtrx:DisplayColor>Red</gpxtrx:DisplayColor>
      </gpxtrx:TrackExtension>
    </extensions>
    <trkseg>
      <trkpt lat="41.365410313010216" lon="-122.12635729461908">
        <ele>1999.2</ele>
        <time>2016-08-08T01:25:02Z</time>
      </trkpt>
      <trkpt lat="41.36537192389369" lon="-122.12641144171357">
        <ele>1999.2</ele>
        <time>2016-08-08T01:25:09Z</time>
      </trkpt>
      <trkpt lat="41.36541408486664" lon="-122.12653909809887">
        <ele>1998.24</ele>
        <time>2016-08-08T01:25:18Z</time>
      </trkpt>
      <trkpt lat="41.36545641347766" lon="-122.12668930180371">
        <ele>2000.16</ele>
        <time>2016-08-08T01:25:30Z</time>
      </trkpt>
      <trkpt lat="41.3656217046082" lon="-122.12689499370754">
        <ele>1999.68</ele>
        <time>2016-08-08T01:25:47Z</time>
      </trkpt>
      <trkpt lat="41.36566369794309" lon="-122.12691184133291">
        <ele>2000.16</ele>
        <time>2016-08-08T01:25:52Z</time>
      </trkpt>
      <trkpt lat="41.36581616476178" lon="-122.12705860845745">
        <ele>2003.04</ele>
        <time>2016-08-08T01:26:06Z</time>
      </trkpt>
      <trkpt lat="41.36597651056945" lon="-122.12715324014425">
        <ele>2004.01</ele>
        <time>2016-08-08T01:26:20Z</time>
      </trkpt>
      <trkpt lat="41.366200810298324" lon="-122.1272921282798">
        <ele>2007.37</ele>
        <time>2016-08-08T01:26:38Z</time>
      </trkpt>
      <trkpt lat="41.36641622520983" lon="-122.12736077606678">
        <ele>2012.66</ele>
        <time>2016-08-08T01:26:59Z</time>
      </trkpt>
      <trkpt lat="41.36657900176942" lon="-122.1274665556848">
        <ele>2016.02</ele>
        <time>2016-08-08T01:27:14Z</time>
      </trkpt>
      <trkpt lat="41.36677430011332" lon="-122.12764014489949">
        <ele>2018.43</ele>
        <time>2016-08-08T01:27:31Z</time>
      </trkpt>
      <trkpt lat="41.366976387798786" lon="-122.12786318734288">
        <ele>2022.75</ele>
        <time>2016-08-08T01:27:56Z</time>
      </trkpt>
      <trkpt lat="41.366993486881256" lon="-122.12789034470916">
        <ele>2023.23</ele>
        <time>2016-08-08T01:27:59Z</time>
      </trkpt>
      <trkpt lat="41.36700019240379" lon="-122.12796402163804">
        <ele>2023.71</ele>
        <time>2016-08-08T01:28:04Z</time>
      </trkpt>
      <trkpt lat="41.36703925207257" lon="-122.12802001275122">
        <ele>2024.19</ele>
        <time>2016-08-08T01:28:08Z</time>
      </trkpt>
      <trkpt lat="41.367255756631494" lon="-122.12803266942501">
        <ele>2020.35</ele>
        <time>2016-08-08T01:28:23Z</time>
      </trkpt>
      <trkpt lat="41.36739908717573" lon="-122.12799972854555">
        <ele>2021.31</ele>
        <time>2016-08-08T01:28:38Z</time>
      </trkpt>
      <trkpt lat="41.36759287677705" lon="-122.12807323783636">
        <ele>2019.39</ele>
        <time>2016-08-08T01:28:56Z</time>
      </trkpt>
      <trkpt lat="41.36762506328523" lon="-122.12812813930213">
        <ele>2018.91</ele>
        <time>2016-08-08T01:29:01Z</time>
      </trkpt>
      <trkpt lat="41.36770234443247" lon="-122.12830332107842">
        <ele>2019.39</ele>
        <time>2016-08-08T01:29:14Z</time>
      </trkpt>
      <trkpt lat="41.36778121814132" lon="-122.1285152155906">
        <ele>2024.67</ele>
        <time>2016-08-08T01:29:32Z</time>
      </trkpt>
      <trkpt lat="41.36791868135333" lon="-122.12863608263433">
        <ele>2026.12</ele>
        <time>2016-08-08T01:29:47Z</time>
      </trkpt>
      <trkpt lat="41.36801624670625" lon="-122.12874697521329">
        <ele>2028.04</ele>
        <time>2016-08-08T01:30:00Z</time>
      </trkpt>
      <trkpt lat="41.368188075721264" lon="-122.12885543704033">
        <ele>2029.48</ele>
        <time>2016-08-08T01:30:13Z</time>
      </trkpt>
      <trkpt lat="41.368307853117585" lon="-122.12904185056686">
        <ele>2029.96</ele>
        <time>2016-08-08T01:30:27Z</time>
      </trkpt>
      <trkpt lat="41.36834272183478" lon="-122.12912986055017">
        <ele>2031.4</ele>
        <time>2016-08-08T01:30:34Z</time>
      </trkpt>
      <trkpt lat="41.36839033104479" lon="-122.1292974986136">
        <ele>2035.25</ele>
        <time>2016-08-08T01:30:47Z</time>
      </trkpt>
      <trkpt lat="41.36845361441374" lon="-122.12934695184231">
        <ele>2037.65</ele>
        <time>2016-08-08T01:30:55Z</time>
      </trkpt>
      <trkpt lat="41.3685314822942" lon="-122.12932356633246">
        <ele>2039.09</ele>
        <time>2016-08-08T01:31:01Z</time>
      </trkpt>
      <trkpt lat="41.36866031214595" lon="-122.12919171899557">
        <ele>2042.46</ele>
        <time>2016-08-08T01:31:15Z</time>
      </trkpt>
      <trkpt lat="41.36882216669619" lon="-122.12913371622562">
        <ele>2046.3</ele>
        <time>2016-08-08T01:31:30Z</time>
      </trkpt>
      <trkpt lat="41.36900438927114" lon="-122.12902751751244">
        <ele>2052.07</ele>
        <time>2016-08-08T01:31:48Z</time>
      </trkpt>
      <trkpt lat="41.36917009949684" lon="-122.12884303182364">
        <ele>2050.15</ele>
        <time>2016-08-08T01:32:01Z</time>
      </trkpt>
      <trkpt lat="41.36928183026612" lon="-122.1286788303405">
        <ele>2051.59</ele>
        <time>2016-08-08T01:32:13Z</time>
      </trkpt>
      <trkpt lat="41.36939984746277" lon="-122.12858059443533">
        <ele>2052.55</ele>
        <time>2016-08-08T01:32:23Z</time>
      </trkpt>
      <trkpt lat="41.36957318522036" lon="-122.12842544540763">
        <ele>2056.4</ele>
        <time>2016-08-08T01:32:40Z</time>
      </trkpt>
      <trkpt lat="41.36961140669882" lon="-122.12839870713651">
        <ele>2056.88</ele>
        <time>2016-08-08T01:32:44Z</time>
      </trkpt>
      <trkpt lat="41.36982137337327" lon="-122.12838940322399">
        <ele>2055.44</ele>
        <time>2016-08-08T01:32:58Z</time>
      </trkpt>
      <trkpt lat="41.36995414271951" lon="-122.12844816036522">
        <ele>2059.28</ele>
        <time>2016-08-08T01:33:12Z</time>
      </trkpt>
      <trkpt lat="41.37017307803035" lon="-122.1284755691886">
        <ele>2064.09</ele>
        <time>2016-08-08T01:33:28Z</time>
      </trkpt>
      <trkpt lat="41.37032814323902" lon="-122.12848939932883">
        <ele>2075.14</ele>
        <time>2016-08-08T01:33:45Z</time>
      </trkpt>
      <trkpt lat="41.37045789510012" lon="-122.12874630466104">
        <ele>2078.51</ele>
        <time>2016-08-08T01:34:01Z</time>
      </trkpt>
      <trkpt lat="41.37049192562699" lon="-122.12885602377355">
        <ele>2080.43</ele>
        <time>2016-08-08T01:34:09Z</time>
      </trkpt>
      <trkpt lat="41.37053534388542" lon="-122.12909440509975">
        <ele>2083.79</ele>
        <time>2016-08-08T01:34:24Z</time>
      </trkpt>
      <trkpt lat="41.37063642963767" lon="-122.1293419227004">
        <ele>2089.08</ele>
        <time>2016-08-08T01:34:42Z</time>
      </trkpt>
      <trkpt lat="41.370723182335496" lon="-122.12931334041059">
        <ele>2091.0</ele>
        <time>2016-08-08T01:34:49Z</time>
      </trkpt>
      <trkpt lat="41.37095142155886" lon="-122.12921996600926">
        <ele>2087.64</ele>
        <time>2016-08-08T01:35:02Z</time>
      </trkpt>
      <trkpt lat="41.37107815593481" lon="-122.12920328602195">
        <ele>2081.39</ele>
        <time>2016-08-08T01:35:12Z</time>
      </trkpt>
      <trkpt lat="41.37123984284699" lon="-122.12923874147236">
        <ele>2085.24</ele>
        <time>2016-08-08T01:35:29Z</time>
      </trkpt>
      <trkpt lat="41.37143488973379" lon="-122.12936011143029">
        <ele>2087.64</ele>
        <time>2016-08-08T01:35:45Z</time>
      </trkpt>
      <trkpt lat="41.37157562188804" lon="-122.12947343476117">
        <ele>2088.6</ele>
        <time>2016-08-08T01:35:57Z</time>
      </trkpt>
      <trkpt lat="41.371695483103395" lon="-122.12962104007602">
        <ele>2091.0</ele>
        <time>2016-08-08T01:36:11Z</time>
      </trkpt>
      <trkpt lat="41.371811321005225" lon="-122.12980560958385">
        <ele>2095.81</ele>
        <time>2016-08-08T01:36:25Z</time>
      </trkpt>
      <trkpt lat="41.37194065377116" lon="-122.13007852435112">
        <ele>2097.25</ele>
        <time>2016-08-08T01:36:39Z</time>
      </trkpt>
      <trkpt lat="41.37197284027934" lon="-122.13023082353175">
        <ele>2101.1</ele>
        <time>2016-08-08T01:36:51Z</time>
      </trkpt>
      <trkpt lat="41.37198214419186" lon="-122.13042955845594">
        <ele>2102.54</ele>
        <time>2016-08-08T01:37:04Z</time>
      </trkpt>
      <trkpt lat="41.37201139703393" lon="-122.13051522150636">
        <ele>2101.1</ele>
        <time>2016-08-08T01:37:06Z</time>
      </trkpt>
      <trkpt lat="41.37206009589136" lon="-122.13074069470167">
        <ele>2102.06</ele>
        <time>2016-08-08T01:37:20Z</time>
      </trkpt>
      <trkpt lat="41.372135784476995" lon="-122.13102576322854">
        <ele>2103.02</ele>
        <time>2016-08-08T01:37:43Z</time>
      </trkpt>
      <trkpt lat="41.37207727879286" lon="-122.13113062083721">
        <ele>2103.98</ele>
        <time>2016-08-08T01:37:57Z</time>
      </trkpt>
      <trkpt lat="41.372030256316066" lon="-122.13112693279982">
        <ele>2103.98</ele>
        <time>2016-08-08T01:37:59Z</time>
      </trkpt>
      <trkpt lat="41.37183269485831" lon="-122.13119893334806">
        <ele>2103.5</ele>
        <time>2016-08-08T01:38:13Z</time>
      </trkpt>
      <trkpt lat="41.371681401506066" lon="-122.13130806572735">
        <ele>2105.91</ele>
        <time>2016-08-08T01:38:26Z</time>
      </trkpt>
      <trkpt lat="41.37152960523963" lon="-122.13145357556641">
        <ele>2107.35</ele>
        <time>2016-08-08T01:38:41Z</time>
      </trkpt>
      <trkpt lat="41.371554750949144" lon="-122.13175423443317">
        <ele>2105.42</ele>
        <time>2016-08-08T01:38:55Z</time>
      </trkpt>
      <trkpt lat="41.371483504772186" lon="-122.13196394965053">
        <ele>2106.87</ele>
        <time>2016-08-08T01:39:07Z</time>
      </trkpt>
      <trkpt lat="41.371413012966514" lon="-122.13212303817272">
        <ele>2110.71</ele>
        <time>2016-08-08T01:39:18Z</time>
      </trkpt>
      <trkpt lat="41.3713601231575" lon="-122.13229981251061">
        <ele>2112.63</ele>
        <time>2016-08-08T01:39:29Z</time>
      </trkpt>
      <trkpt lat="41.3713981769979" lon="-122.1325143892318">
        <ele>2113.6</ele>
        <time>2016-08-08T01:39:40Z</time>
      </trkpt>
      <trkpt lat="41.371506471186876" lon="-122.13258119300008">
        <ele>2112.63</ele>
        <time>2016-08-08T01:39:46Z</time>
      </trkpt>
      <trkpt lat="41.37158484198153" lon="-122.13267590850592">
        <ele>2110.71</ele>
        <time>2016-08-08T01:39:53Z</time>
      </trkpt>
      <trkpt lat="41.37171727605164" lon="-122.132853185758">
        <ele>2112.15</ele>
        <time>2016-08-08T01:40:06Z</time>
      </trkpt>
      <trkpt lat="41.3718384783715" lon="-122.13294329121709">
        <ele>2114.56</ele>
        <time>2016-08-08T01:40:18Z</time>
      </trkpt>
      <trkpt lat="41.37216637842357" lon="-122.13288092985749">
        <ele>2119.84</ele>
        <time>2016-08-08T01:40:41Z</time>
      </trkpt>
      <trkpt lat="41.37229579500854" lon="-122.13305418379605">
        <ele>2121.77</ele>
        <time>2016-08-08T01:40:54Z</time>
      </trkpt>
      <trkpt lat="41.372383050620556" lon="-122.13322710245848">
        <ele>2123.21</ele>
        <time>2016-08-08T01:41:08Z</time>
      </trkpt>
      <trkpt lat="41.37244281359017" lon="-122.13328720070422">
        <ele>2124.65</ele>
        <time>2016-08-08T01:41:15Z</time>
      </trkpt>
      <trkpt lat="41.37273006141186" lon="-122.13348937220871">
        <ele>2127.05</ele>
        <time>2016-08-08T01:41:40Z</time>
      </trkpt>
      <trkpt lat="41.37299266643822" lon="-122.13364292867482">
        <ele>2125.13</ele>
        <time>2016-08-08T01:42:01Z</time>
      </trkpt>
      <trkpt lat="41.37307615019381" lon="-122.13372456841171">
        <ele>2125.61</ele>
        <time>2016-08-08T01:42:08Z</time>
      </trkpt>
      <trkpt lat="41.373263485729694" lon="-122.13385608047247">
        <ele>2127.05</ele>
        <time>2016-08-08T01:42:25Z</time>
      </trkpt>
      <trkpt lat="41.37336406856775" lon="-122.13391031138599">
        <ele>2128.02</ele>
        <time>2016-08-08T01:42:34Z</time>
      </trkpt>
      <trkpt lat="41.37342341244221" lon="-122.13390016928315">
        <ele>2128.98</ele>
        <time>2016-08-08T01:42:38Z</time>
      </trkpt>
      <trkpt lat="41.37351142242551" lon="-122.13390335440636">
        <ele>2129.94</ele>
        <time>2016-08-08T01:42:46Z</time>
      </trkpt>
      <trkpt lat="41.373672438785434" lon="-122.13399949483573">
        <ele>2132.34</ele>
        <time>2016-08-08T01:42:59Z</time>
      </trkpt>
      <trkpt lat="41.373729687184095" lon="-122.13400502689183">
        <ele>2133.3</ele>
        <time>2016-08-08T01:43:04Z</time>
      </trkpt>
      <trkpt lat="41.3738658092916" lon="-122.1341447532177">
        <ele>2133.78</ele>
        <time>2016-08-08T01:43:18Z</time>
      </trkpt>
      <trkpt lat="41.373991118744016" lon="-122.13423284702003">
        <ele>2135.71</ele>
        <time>2016-08-08T01:43:30Z</time>
      </trkpt>
      <trkpt lat="41.3741160929203" lon="-122.13426318950951">
        <ele>2139.07</ele>
        <time>2016-08-08T01:43:43Z</time>
      </trkpt>
      <trkpt lat="41.37421944178641" lon="-122.1342515386641">
        <ele>2140.51</ele>
        <time>2016-08-08T01:43:53Z</time>
      </trkpt>
      <trkpt lat="41.374292615801096" lon="-122.13420803658664">
        <ele>2141.95</ele>
        <time>2016-08-08T01:44:00Z</time>
      </trkpt>
      <trkpt lat="41.37441532686353" lon="-122.1342082042247">
        <ele>2146.76</ele>
        <time>2016-08-08T01:44:14Z</time>
      </trkpt>
      <trkpt lat="41.37462009675801" lon="-122.13419755920768">
        <ele>2150.13</ele>
        <time>2016-08-08T01:44:29Z</time>
      </trkpt>
      <trkpt lat="41.37476300820708" lon="-122.13422790169716">
        <ele>2152.53</ele>
        <time>2016-08-08T01:44:42Z</time>
      </trkpt>
      <trkpt lat="41.37486099265516" lon="-122.13435245677829">
        <ele>2156.37</ele>
        <time>2016-08-08T01:44:58Z</time>
      </trkpt>
      <trkpt lat="41.374959563836455" lon="-122.13445999659598">
        <ele>2161.66</ele>
        <time>2016-08-08T01:45:11Z</time>
      </trkpt>
      <trkpt lat="41.37515176087618" lon="-122.13461665436625">
        <ele>2165.99</ele>
        <time>2016-08-08T01:45:29Z</time>
      </trkpt>
      <trkpt lat="41.37526039034128" lon="-122.1346886549145">
        <ele>2168.87</ele>
        <time>2016-08-08T01:45:41Z</time>
      </trkpt>
      <trkpt lat="41.37535066343844" lon="-122.13480616919696">
        <ele>2172.72</ele>
        <time>2016-08-08T01:45:54Z</time>
      </trkpt>
      <trkpt lat="41.375494161620736" lon="-122.13484975509346">
        <ele>2174.64</ele>
        <time>2016-08-08T01:46:06Z</time>
      </trkpt>
      <trkpt lat="41.37570630759001" lon="-122.13497975841165">
        <ele>2172.72</ele>
        <time>2016-08-08T01:46:23Z</time>
      </trkpt>
      <trkpt lat="41.37580789625645" lon="-122.13512744754553">
        <ele>2172.24</ele>
        <time>2016-08-08T01:46:38Z</time>
      </trkpt>
      <trkpt lat="41.37601970694959" lon="-122.13536163792014">
        <ele>2171.76</ele>
        <time>2016-08-08T01:47:04Z</time>
      </trkpt>
      <trkpt lat="41.37607636861503" lon="-122.13551418855786">
        <ele>2176.08</ele>
        <time>2016-08-08T01:47:20Z</time>
      </trkpt>
      <trkpt lat="41.376239228993654" lon="-122.13568492792547">
        <ele>2181.85</ele>
        <time>2016-08-08T01:47:36Z</time>
      </trkpt>
      <trkpt lat="41.3763437513262" lon="-122.13577176444232">
        <ele>2184.25</ele>
        <time>2016-08-08T01:47:48Z</time>
      </trkpt>
      <trkpt lat="41.37641835026443" lon="-122.13586539030075">
        <ele>2187.62</ele>
        <time>2016-08-08T01:48:01Z</time>
      </trkpt>
      <trkpt lat="41.37673317454755" lon="-122.13612757623196">
        <ele>2193.87</ele>
        <time>2016-08-08T01:48:36Z</time>
      </trkpt>
      <trkpt lat="41.376930652186275" lon="-122.13631491176784">
        <ele>2200.11</ele>
        <time>2016-08-08T01:48:56Z</time>
      </trkpt>
      <trkpt lat="41.377160400152206" lon="-122.13651305995882">
        <ele>2210.21</ele>
        <time>2016-08-08T01:49:22Z</time>
      </trkpt>
      <trkpt lat="41.377335749566555" lon="-122.13660442270339">
        <ele>2211.17</ele>
        <time>2016-08-08T01:49:35Z</time>
      </trkpt>
      <trkpt lat="41.37744840234518" lon="-122.13669084012508">
        <ele>2211.65</ele>
        <time>2016-08-08T01:49:45Z</time>
      </trkpt>
      <trkpt lat="41.37754990719259" lon="-122.13679921813309">
        <ele>2213.09</ele>
        <time>2016-08-08T01:49:57Z</time>
      </trkpt>
      <trkpt lat="41.37763096019626" lon="-122.13686032220721">
        <ele>2215.01</ele>
        <time>2016-08-08T01:50:06Z</time>
      </trkpt>
      <trkpt lat="41.37772332876921" lon="-122.1369419619441">
        <ele>2215.98</ele>
        <time>2016-08-08T01:50:16Z</time>
      </trkpt>
      <trkpt lat="41.377888871356845" lon="-122.13710331358016">
        <ele>2218.86</ele>
        <time>2016-08-08T01:50:35Z</time>
      </trkpt>
      <trkpt lat="41.37799766846001" lon="-122.13715796358883">
        <ele>2218.86</ele>
        <time>2016-08-08T01:50:44Z</time>
      </trkpt>
      <trkpt lat="41.37807629071176" lon="-122.13723692111671">
        <ele>2218.38</ele>
        <time>2016-08-08T01:50:54Z</time>
      </trkpt>
      <trkpt lat="41.37815558351576" lon="-122.13733063079417">
        <ele>2217.9</ele>
        <time>2016-08-08T01:51:04Z</time>
      </trkpt>
      <trkpt lat="41.378238731995225" lon="-122.13741126470268">
        <ele>2218.38</ele>
        <time>2016-08-08T01:51:13Z</time>
      </trkpt>
      <trkpt lat="41.3783626165241" lon="-122.13751972652972">
        <ele>2217.9</ele>
        <time>2016-08-08T01:51:25Z</time>
      </trkpt>
      <trkpt lat="41.37844677083194" lon="-122.1376227401197">
        <ele>2217.9</ele>
        <time>2016-08-08T01:51:35Z</time>
      </trkpt>
      <trkpt lat="41.37854827567935" lon="-122.13772868737578">
        <ele>2217.42</ele>
        <time>2016-08-08T01:51:46Z</time>
      </trkpt>
      <trkpt lat="41.37870401144028" lon="-122.13793379254639">
        <ele>2218.38</ele>
        <time>2016-08-08T01:52:08Z</time>
      </trkpt>
      <trkpt lat="41.37884038500488" lon="-122.13808408007026">
        <ele>2221.26</ele>
        <time>2016-08-08T01:52:24Z</time>
      </trkpt>
      <trkpt lat="41.37895295396447" lon="-122.13826915249228">
        <ele>2222.71</ele>
        <time>2016-08-08T01:52:38Z</time>
      </trkpt>
      <trkpt lat="41.379076754674315" lon="-122.13854332454503">
        <ele>2227.99</ele>
        <time>2016-08-08T01:53:02Z</time>
      </trkpt>
      <trkpt lat="41.379148503765464" lon="-122.13869042694569">
        <ele>2231.84</ele>
        <time>2016-08-08T01:53:14Z</time>
      </trkpt>
      <trkpt lat="41.379276160150766" lon="-122.1390020661056">
        <ele>2237.13</ele>
        <time>2016-08-08T01:53:41Z</time>
      </trkpt>
      <trkpt lat="41.37927356176078" lon="-122.13905327953398">
        <ele>2238.57</ele>
        <time>2016-08-08T01:53:47Z</time>
      </trkpt>
      <trkpt lat="41.37933340854943" lon="-122.13920817710459">
        <ele>2241.93</ele>
        <time>2016-08-08T01:54:01Z</time>
      </trkpt>
      <trkpt lat="41.37937406077981" lon="-122.13933625258505">
        <ele>2242.89</ele>
        <time>2016-08-08T01:54:13Z</time>
      </trkpt>
      <trkpt lat="41.37947028502822" lon="-122.13946131058037">
        <ele>2246.26</ele>
        <time>2016-08-08T01:54:25Z</time>
      </trkpt>
      <trkpt lat="41.3794816005975" lon="-122.13959525339305">
        <ele>2246.74</ele>
        <time>2016-08-08T01:54:38Z</time>
      </trkpt>
      <trkpt lat="41.37957455590367" lon="-122.13971687480807">
        <ele>2247.7</ele>
        <time>2016-08-08T01:54:50Z</time>
      </trkpt>
      <trkpt lat="41.37963448651135" lon="-122.13980823755264">
        <ele>2249.62</ele>
        <time>2016-08-08T01:54:58Z</time>
      </trkpt>
      <trkpt lat="41.379690393805504" lon="-122.13993036188185">
        <ele>2252.51</ele>
        <time>2016-08-08T01:55:10Z</time>
      </trkpt>
      <trkpt lat="41.37972375378013" lon="-122.14006807655096">
        <ele>2256.35</ele>
        <time>2016-08-08T01:55:25Z</time>
      </trkpt>
      <trkpt lat="41.379734398797154" lon="-122.14015801437199">
        <ele>2259.72</ele>
        <time>2016-08-08T01:55:37Z</time>
      </trkpt>
      <trkpt lat="41.379773961380124" lon="-122.1402597706765">
        <ele>2261.16</ele>
        <time>2016-08-08T01:55:47Z</time>
      </trkpt>
      <trkpt lat="41.37985920533538" lon="-122.14035716839135">
        <ele>2264.04</ele>
        <time>2016-08-08T01:56:02Z</time>
      </trkpt>
      <trkpt lat="41.37992131523788" lon="-122.14046286419034">
        <ele>2265.96</ele>
        <time>2016-08-08T01:56:14Z</time>
      </trkpt>
      <trkpt lat="41.37995442375541" lon="-122.14054903015494">
        <ele>2268.85</ele>
        <time>2016-08-08T01:56:26Z</time>
      </trkpt>
      <trkpt lat="41.380063220858574" lon="-122.1407582424581">
        <ele>2274.62</ele>
        <time>2016-08-08T01:56:49Z</time>
      </trkpt>
      <trkpt lat="41.3801187928766" lon="-122.14080249890685">
        <ele>2276.06</ele>
        <time>2016-08-08T01:56:56Z</time>
      </trkpt>
      <trkpt lat="41.38016648590565" lon="-122.14086796157062">
        <ele>2278.46</ele>
        <time>2016-08-08T01:57:07Z</time>
      </trkpt>
      <trkpt lat="41.380220130085945" lon="-122.14100366458297">
        <ele>2279.42</ele>
        <time>2016-08-08T01:57:18Z</time>
      </trkpt>
      <trkpt lat="41.38029749505222" lon="-122.14111128821969">
        <ele>2283.75</ele>
        <time>2016-08-08T01:57:31Z</time>
      </trkpt>
      <trkpt lat="41.38034837320447" lon="-122.14113526046276">
        <ele>2284.23</ele>
        <time>2016-08-08T01:57:36Z</time>
      </trkpt>
      <trkpt lat="41.38043344952166" lon="-122.14125805534422">
        <ele>2286.63</ele>
        <time>2016-08-08T01:57:51Z</time>
      </trkpt>
      <trkpt lat="41.380549035966396" lon="-122.14137867093086">
        <ele>2288.56</ele>
        <time>2016-08-08T01:58:03Z</time>
      </trkpt>
      <trkpt lat="41.380648696795106" lon="-122.14149467647076">
        <ele>2292.4</ele>
        <time>2016-08-08T01:58:16Z</time>
      </trkpt>
      <trkpt lat="41.38071591965854" lon="-122.14160347357392">
        <ele>2297.21</ele>
        <time>2016-08-08T01:58:30Z</time>
      </trkpt>
      <trkpt lat="41.38080141507089" lon="-122.14168184436858">
        <ele>2298.17</ele>
        <time>2016-08-08T01:58:38Z</time>
      </trkpt>
      <trkpt lat="41.38090007007122" lon="-122.14171260595322">
        <ele>2299.13</ele>
        <time>2016-08-08T01:58:51Z</time>
      </trkpt>
      <trkpt lat="41.38096611946821" lon="-122.14181486517191">
        <ele>2302.49</ele>
        <time>2016-08-08T01:59:04Z</time>
      </trkpt>
      <trkpt lat="41.38100501149893" lon="-122.1418410167098">
        <ele>2304.42</ele>
        <time>2016-08-08T01:59:11Z</time>
      </trkpt>
      <trkpt lat="41.38115705922246" lon="-122.14197353459895">
        <ele>2309.7</ele>
        <time>2016-08-08T01:59:29Z</time>
      </trkpt>
      <trkpt lat="41.381225204095244" lon="-122.14202139526606">
        <ele>2309.7</ele>
        <time>2016-08-08T01:59:33Z</time>
      </trkpt>
      <trkpt lat="41.38132310472429" lon="-122.14213186874986">
        <ele>2309.7</ele>
        <time>2016-08-08T01:59:44Z</time>
      </trkpt>
      <trkpt lat="41.381471045315266" lon="-122.14235046878457">
        <ele>2314.99</ele>
        <time>2016-08-08T02:00:12Z</time>
      </trkpt>
      <trkpt lat="41.38153810054064" lon="-122.14243956841528">
        <ele>2315.47</ele>
        <time>2016-08-08T02:00:24Z</time>
      </trkpt>
      <trkpt lat="41.38167740777135" lon="-122.14264492504299">
        <ele>2317.4</ele>
        <time>2016-08-08T02:00:47Z</time>
      </trkpt>
      <trkpt lat="41.381775895133615" lon="-122.14272203855217">
        <ele>2318.36</ele>
        <time>2016-08-08T02:01:01Z</time>
      </trkpt>
      <trkpt lat="41.38179584406316" lon="-122.14276822283864">
        <ele>2318.84</ele>
        <time>2016-08-08T02:01:05Z</time>
      </trkpt>
      <trkpt lat="41.38187639415264" lon="-122.14288766495883">
        <ele>2322.2</ele>
        <time>2016-08-08T02:01:18Z</time>
      </trkpt>
      <trkpt lat="41.381943449378014" lon="-122.1430049277842">
        <ele>2324.61</ele>
        <time>2016-08-08T02:01:30Z</time>
      </trkpt>
      <trkpt lat="41.38198720291257" lon="-122.14311531744897">
        <ele>2325.57</ele>
        <time>2016-08-08T02:01:40Z</time>
      </trkpt>
      <trkpt lat="41.382115529850125" lon="-122.143329475075">
        <ele>2329.41</ele>
        <time>2016-08-08T02:02:03Z</time>
      </trkpt>
      <trkpt lat="41.382105303928256" lon="-122.14337180368602">
        <ele>2329.41</ele>
        <time>2016-08-08T02:02:08Z</time>
      </trkpt>
      <trkpt lat="41.3821376580745" lon="-122.14348898269236">
        <ele>2331.81</ele>
        <time>2016-08-08T02:02:19Z</time>
      </trkpt>
      <trkpt lat="41.38217529281974" lon="-122.14352192357183">
        <ele>2332.78</ele>
        <time>2016-08-08T02:02:24Z</time>
      </trkpt>
      <trkpt lat="41.38224192894995" lon="-122.14362191967666">
        <ele>2333.26</ele>
        <time>2016-08-08T02:02:35Z</time>
      </trkpt>
      <trkpt lat="41.3823414221406" lon="-122.14379995130002">
        <ele>2338.06</ele>
        <time>2016-08-08T02:02:54Z</time>
      </trkpt>
      <trkpt lat="41.38236774131656" lon="-122.14387874118984">
        <ele>2339.99</ele>
        <time>2016-08-08T02:03:02Z</time>
      </trkpt>
      <trkpt lat="41.38246857561171" lon="-122.14413028210402">
        <ele>2345.27</ele>
        <time>2016-08-08T02:03:26Z</time>
      </trkpt>
      <trkpt lat="41.38250579126179" lon="-122.14423530735075">
        <ele>2347.2</ele>
        <time>2016-08-08T02:03:36Z</time>
      </trkpt>
      <trkpt lat="41.38256781734526" lon="-122.14432097040117">
        <ele>2349.6</ele>
        <time>2016-08-08T02:03:47Z</time>
      </trkpt>
      <trkpt lat="41.38260587118566" lon="-122.14443555101752">
        <ele>2352.48</ele>
        <time>2016-08-08T02:03:58Z</time>
      </trkpt>
      <trkpt lat="41.382667561993" lon="-122.14459371753037">
        <ele>2356.33</ele>
        <time>2016-08-08T02:04:11Z</time>
      </trkpt>
      <trkpt lat="41.38283218257129" lon="-122.14477887377143">
        <ele>2360.17</ele>
        <time>2016-08-08T02:04:36Z</time>
      </trkpt>
      <trkpt lat="41.38294089585543" lon="-122.14497048407793">
        <ele>2362.58</ele>
        <time>2016-08-08T02:04:57Z</time>
      </trkpt>
      <trkpt lat="41.383131332695484" lon="-122.14517776854336">
        <ele>2368.35</ele>
        <time>2016-08-08T02:05:23Z</time>
      </trkpt>
      <trkpt lat="41.3832685444504" lon="-122.1453848015517">
        <ele>2374.11</ele>
        <time>2016-08-08T02:05:44Z</time>
      </trkpt>
      <trkpt lat="41.38335110619664" lon="-122.14555218815804">
        <ele>2377.0</ele>
        <time>2016-08-08T02:06:03Z</time>
      </trkpt>
      <trkpt lat="41.383427968248725" lon="-122.145657800138">
        <ele>2377.96</ele>
        <time>2016-08-08T02:06:15Z</time>
      </trkpt>
      <trkpt lat="41.383541878312826" lon="-122.14591110125184">
        <ele>2378.44</ele>
        <time>2016-08-08T02:06:37Z</time>
      </trkpt>
      <trkpt lat="41.3837019726634" lon="-122.14609265327454">
        <ele>2382.28</ele>
        <time>2016-08-08T02:06:58Z</time>
      </trkpt>
      <trkpt lat="41.383736338466406" lon="-122.14618183672428">
        <ele>2385.65</ele>
        <time>2016-08-08T02:07:10Z</time>
      </trkpt>
      <trkpt lat="41.383775817230344" lon="-122.14632852002978">
        <ele>2388.05</ele>
        <time>2016-08-08T02:07:23Z</time>
      </trkpt>
      <trkpt lat="41.38384505175054" lon="-122.14640689082444">
        <ele>2390.46</ele>
        <time>2016-08-08T02:07:35Z</time>
      </trkpt>
      <trkpt lat="41.38387572951615" lon="-122.14645852334797">
        <ele>2390.94</ele>
        <time>2016-08-08T02:07:41Z</time>
      </trkpt>
      <trkpt lat="41.383974300697446" lon="-122.1465920470655">
        <ele>2393.34</ele>
        <time>2016-08-08T02:07:54Z</time>
      </trkpt>
      <trkpt lat="41.38398326933384" lon="-122.14666111394763">
        <ele>2394.3</ele>
        <time>2016-08-08T02:08:02Z</time>
      </trkpt>
      <trkpt lat="41.3840613886714" lon="-122.1467849984765">
        <ele>2397.18</ele>
        <time>2016-08-08T02:08:16Z</time>
      </trkpt>
      <trkpt lat="41.38407957740128" lon="-122.14682850055397">
        <ele>2398.15</ele>
        <time>2016-08-08T02:08:20Z</time>
      </trkpt>
      <trkpt lat="41.384161384776235" lon="-122.146952804178">
        <ele>2399.59</ele>
        <time>2016-08-08T02:08:45Z</time>
      </trkpt>
      <trkpt lat="41.384321143850684" lon="-122.14711105450988">
        <ele>2402.47</ele>
        <time>2016-08-08T02:09:06Z</time>
      </trkpt>
      <trkpt lat="41.38438384048641" lon="-122.14722245000303">
        <ele>2403.91</ele>
        <time>2016-08-08T02:09:17Z</time>
      </trkpt>
      <trkpt lat="41.38452608138323" lon="-122.14732135646045">
        <ele>2407.76</ele>
        <time>2016-08-08T02:09:34Z</time>
      </trkpt>
      <trkpt lat="41.384575702250004" lon="-122.14740517549217">
        <ele>2409.68</ele>
        <time>2016-08-08T02:09:44Z</time>
      </trkpt>
      <trkpt lat="41.384647618979216" lon="-122.14755672030151">
        <ele>2414.01</ele>
        <time>2016-08-08T02:10:02Z</time>
      </trkpt>
      <trkpt lat="41.38470151461661" lon="-122.14771354570985">
        <ele>2416.89</ele>
        <time>2016-08-08T02:10:22Z</time>
      </trkpt>
      <trkpt lat="41.38472313992679" lon="-122.14783441275358">
        <ele>2418.81</ele>
        <time>2016-08-08T02:10:34Z</time>
      </trkpt>
      <trkpt lat="41.384703274816275" lon="-122.14792116545141">
        <ele>2420.74</ele>
        <time>2016-08-08T02:10:43Z</time>
      </trkpt>
      <trkpt lat="41.384716518223286" lon="-122.1480493247509">
        <ele>2423.14</ele>
        <time>2016-08-08T02:10:56Z</time>
      </trkpt>
      <trkpt lat="41.38471811078489" lon="-122.14816918596625">
        <ele>2425.54</ele>
        <time>2016-08-08T02:11:07Z</time>
      </trkpt>
      <trkpt lat="41.38473286293447" lon="-122.14824219234288">
        <ele>2426.02</ele>
        <time>2016-08-08T02:11:13Z</time>
      </trkpt>
      <trkpt lat="41.38478416018188" lon="-122.14835777878761">
        <ele>2427.95</ele>
        <time>2016-08-08T02:11:24Z</time>
      </trkpt>
      <trkpt lat="41.38478742912412" lon="-122.14841444045305">
        <ele>2428.43</ele>
        <time>2016-08-08T02:11:28Z</time>
      </trkpt>
      <trkpt lat="41.384817687794566" lon="-122.148546455428">
        <ele>2430.35</ele>
        <time>2016-08-08T02:11:39Z</time>
      </trkpt>
      <trkpt lat="41.384841576218605" lon="-122.14881031773984">
        <ele>2432.75</ele>
        <time>2016-08-08T02:11:57Z</time>
      </trkpt>
      <trkpt lat="41.38485498726368" lon="-122.14884552173316">
        <ele>2432.75</ele>
        <time>2016-08-08T02:12:00Z</time>
      </trkpt>
      <trkpt lat="41.38486756011844" lon="-122.14899689890444">
        <ele>2434.2</ele>
        <time>2016-08-08T02:12:11Z</time>
      </trkpt>
      <trkpt lat="41.38488742522895" lon="-122.14912463910878">
        <ele>2435.64</ele>
        <time>2016-08-08T02:12:21Z</time>
      </trkpt>
      <trkpt lat="41.38493578881025" lon="-122.14922136627138">
        <ele>2437.08</ele>
        <time>2016-08-08T02:12:31Z</time>
      </trkpt>
      <trkpt lat="41.385052632540464" lon="-122.14936763048172">
        <ele>2442.37</ele>
        <time>2016-08-08T02:12:53Z</time>
      </trkpt>
      <trkpt lat="41.38513712212443" lon="-122.14945656247437">
        <ele>2444.77</ele>
        <time>2016-08-08T02:13:07Z</time>
      </trkpt>
      <trkpt lat="41.38532152399421" lon="-122.14958564378321">
        <ele>2447.17</ele>
        <time>2016-08-08T02:13:31Z</time>
      </trkpt>
      <trkpt lat="41.38542931526899" lon="-122.14970584027469">
        <ele>2451.02</ele>
        <time>2016-08-08T02:13:45Z</time>
      </trkpt>
      <trkpt lat="41.385444067418575" lon="-122.14975990355015">
        <ele>2452.46</ele>
        <time>2016-08-08T02:13:51Z</time>
      </trkpt>
      <trkpt lat="41.385496286675334" lon="-122.1498023159802">
        <ele>2453.9</ele>
        <time>2016-08-08T02:14:00Z</time>
      </trkpt>
      <trkpt lat="41.38552151620388" lon="-122.14979846030474">
        <ele>2453.9</ele>
        <time>2016-08-08T02:14:03Z</time>
      </trkpt>
      <trkpt lat="41.385631654411554" lon="-122.1498570498079">
        <ele>2455.82</ele>
        <time>2016-08-08T02:14:16Z</time>
      </trkpt>
      <trkpt lat="41.385696614161134" lon="-122.14994070120156">
        <ele>2456.79</ele>
        <time>2016-08-08T02:14:26Z</time>
      </trkpt>
      <trkpt lat="41.38573500327766" lon="-122.1500594727695">
        <ele>2460.63</ele>
        <time>2016-08-08T02:14:37Z</time>
      </trkpt>
      <trkpt lat="41.38576861470938" lon="-122.15010213665664">
        <ele>2462.55</ele>
        <time>2016-08-08T02:14:43Z</time>
      </trkpt>
      <trkpt lat="41.385840866714716" lon="-122.15011906810105">
        <ele>2464.0</ele>
        <time>2016-08-08T02:14:52Z</time>
      </trkpt>
      <trkpt lat="41.38594673015177" lon="-122.1501596365124">
        <ele>2464.96</ele>
        <time>2016-08-08T02:15:03Z</time>
      </trkpt>
      <trkpt lat="41.38607271015644" lon="-122.15029852464795">
        <ele>2469.28</ele>
        <time>2016-08-08T02:15:21Z</time>
      </trkpt>
      <trkpt lat="41.38615518808365" lon="-122.15037086047232">
        <ele>2471.21</ele>
        <time>2016-08-08T02:15:33Z</time>
      </trkpt>
      <trkpt lat="41.386192655190825" lon="-122.15042064897716">
        <ele>2472.65</ele>
        <time>2016-08-08T02:15:39Z</time>
      </trkpt>
      <trkpt lat="41.38630321249366" lon="-122.15048401616514">
        <ele>2476.49</ele>
        <time>2016-08-08T02:15:53Z</time>
      </trkpt>
      <trkpt lat="41.38638040982187" lon="-122.15056356042624">
        <ele>2478.42</ele>
        <time>2016-08-08T02:16:05Z</time>
      </trkpt>
      <trkpt lat="41.386474538594484" lon="-122.15073916129768">
        <ele>2483.22</ele>
        <time>2016-08-08T02:16:26Z</time>
      </trkpt>
      <trkpt lat="41.38653539121151" lon="-122.15080294758081">
        <ele>2484.66</ele>
        <time>2016-08-08T02:16:35Z</time>
      </trkpt>
      <trkpt lat="41.38661560602486" lon="-122.15086178854108">
        <ele>2486.11</ele>
        <time>2016-08-08T02:16:46Z</time>
      </trkpt>
      <trkpt lat="41.386723816394806" lon="-122.15098198503256">
        <ele>2489.95</ele>
        <time>2016-08-08T02:17:07Z</time>
      </trkpt>
      <trkpt lat="41.386738987639546" lon="-122.15103236027062">
        <ele>2491.39</ele>
        <time>2016-08-08T02:17:27Z</time>
      </trkpt>
      <trkpt lat="41.3868519756943" lon="-122.1512630302459">
        <ele>2496.2</ele>
        <time>2016-08-08T02:17:48Z</time>
      </trkpt>
      <trkpt lat="41.38688567094505" lon="-122.15131273493171">
        <ele>2497.16</ele>
        <time>2016-08-08T02:17:55Z</time>
      </trkpt>
      <trkpt lat="41.38702564872801" lon="-122.15143578127027">
        <ele>2501.97</ele>
        <time>2016-08-08T02:18:16Z</time>
      </trkpt>
      <trkpt lat="41.387099577113986" lon="-122.15148322284222">
        <ele>2503.41</ele>
        <time>2016-08-08T02:18:25Z</time>
      </trkpt>
      <trkpt lat="41.38724835589528" lon="-122.15161766856909">
        <ele>2505.33</ele>
        <time>2016-08-08T02:18:44Z</time>
      </trkpt>
      <trkpt lat="41.387309208512306" lon="-122.15171833522618">
        <ele>2506.29</ele>
        <time>2016-08-08T02:18:54Z</time>
      </trkpt>
      <trkpt lat="41.38737450353801" lon="-122.15179435908794">
        <ele>2507.74</ele>
        <time>2016-08-08T02:19:04Z</time>
      </trkpt>
      <trkpt lat="41.3875253777951" lon="-122.15193383395672">
        <ele>2511.1</ele>
        <time>2016-08-08T02:19:24Z</time>
      </trkpt>
      <trkpt lat="41.38758782297373" lon="-122.15204170905054">
        <ele>2513.5</ele>
        <time>2016-08-08T02:19:35Z</time>
      </trkpt>
      <trkpt lat="41.38765060342848" lon="-122.15211479924619">
        <ele>2514.95</ele>
        <time>2016-08-08T02:19:46Z</time>
      </trkpt>
      <trkpt lat="41.38773123733699" lon="-122.15224773623049">
        <ele>2516.39</ele>
        <time>2016-08-08T02:19:59Z</time>
      </trkpt>
      <trkpt lat="41.387832993641496" lon="-122.15236147865653">
        <ele>2518.31</ele>
        <time>2016-08-08T02:20:11Z</time>
      </trkpt>
      <trkpt lat="41.38791052624583" lon="-122.15251880697906">
        <ele>2518.31</ele>
        <time>2016-08-08T02:20:24Z</time>
      </trkpt>
      <trkpt lat="41.38794740661979" lon="-122.1527068130672">
        <ele>2517.35</ele>
        <time>2016-08-08T02:20:36Z</time>
      </trkpt>
      <trkpt lat="41.387990741059184" lon="-122.15285919606686">
        <ele>2516.87</ele>
        <time>2016-08-08T02:20:47Z</time>
      </trkpt>
      <trkpt lat="41.38801756314933" lon="-122.1529850922525">
        <ele>2517.35</ele>
        <time>2016-08-08T02:21:04Z</time>
      </trkpt>
      <trkpt lat="41.38807355426252" lon="-122.15315666981041">
        <ele>2516.87</ele>
        <time>2016-08-08T02:21:16Z</time>
      </trkpt>
      <trkpt lat="41.388116804882884" lon="-122.1532435901463">
        <ele>2516.87</ele>
        <time>2016-08-08T02:21:23Z</time>
      </trkpt>
      <trkpt lat="41.3881279528141" lon="-122.15329497121274">
        <ele>2517.35</ele>
        <time>2016-08-08T02:21:27Z</time>
      </trkpt>
      <trkpt lat="41.38819542713463" lon="-122.15350116603076">
        <ele>2517.35</ele>
        <time>2016-08-08T02:21:40Z</time>
      </trkpt>
      <trkpt lat="41.3882178068161" lon="-122.15358490124345">
        <ele>2517.83</ele>
        <time>2016-08-08T02:21:44Z</time>
      </trkpt>
      <trkpt lat="41.38824848458171" lon="-122.15363938361406">
        <ele>2518.79</ele>
        <time>2016-08-08T02:21:50Z</time>
      </trkpt>
      <trkpt lat="41.3882574532181" lon="-122.1536910161376">
        <ele>2519.27</ele>
        <time>2016-08-08T02:21:54Z</time>
      </trkpt>
      <trkpt lat="41.388321071863174" lon="-122.15381381101906">
        <ele>2521.68</ele>
        <time>2016-08-08T02:22:05Z</time>
      </trkpt>
      <trkpt lat="41.38838578015566" lon="-122.15396367944777">
        <ele>2524.08</ele>
        <time>2016-08-08T02:22:19Z</time>
      </trkpt>
      <trkpt lat="41.38840581290424" lon="-122.15405948460102">
        <ele>2524.56</ele>
        <time>2016-08-08T02:22:25Z</time>
      </trkpt>
      <trkpt lat="41.38848611153662" lon="-122.15420499444008">
        <ele>2526.0</ele>
        <time>2016-08-08T02:22:38Z</time>
      </trkpt>
      <trkpt lat="41.38856272213161" lon="-122.15444857254624">
        <ele>2528.89</ele>
        <time>2016-08-08T02:22:58Z</time>
      </trkpt>
      <trkpt lat="41.388589879497886" lon="-122.15448000468314">
        <ele>2529.85</ele>
        <time>2016-08-08T02:23:02Z</time>
      </trkpt>
      <trkpt lat="41.388622066006064" lon="-122.15457287617028">
        <ele>2531.29</ele>
        <time>2016-08-08T02:23:10Z</time>
      </trkpt>
      <trkpt lat="41.38868048787117" lon="-122.15464646928012">
        <ele>2532.25</ele>
        <time>2016-08-08T02:23:19Z</time>
      </trkpt>
      <trkpt lat="41.38870454393327" lon="-122.15476775541902">
        <ele>2534.65</ele>
        <time>2016-08-08T02:23:29Z</time>
      </trkpt>
      <trkpt lat="41.38879138045013" lon="-122.15493648312986">
        <ele>2537.54</ele>
        <time>2016-08-08T02:23:44Z</time>
      </trkpt>
      <trkpt lat="41.388817531988025" lon="-122.15500454418361">
        <ele>2537.54</ele>
        <time>2016-08-08T02:23:49Z</time>
      </trkpt>
      <trkpt lat="41.38881426304579" lon="-122.15506640262902">
        <ele>2537.54</ele>
        <time>2016-08-08T02:23:53Z</time>
      </trkpt>
      <trkpt lat="41.388864470645785" lon="-122.15522297658026">
        <ele>2538.02</ele>
        <time>2016-08-08T02:24:07Z</time>
      </trkpt>
      <trkpt lat="41.38885885477066" lon="-122.15526379644871">
        <ele>2538.02</ele>
        <time>2016-08-08T02:24:10Z</time>
      </trkpt>
      <trkpt lat="41.38891107402742" lon="-122.15541802346706">
        <ele>2537.54</ele>
        <time>2016-08-08T02:24:21Z</time>
      </trkpt>
      <trkpt lat="41.388949463143945" lon="-122.15558633208275">
        <ele>2538.02</ele>
        <time>2016-08-08T02:24:31Z</time>
      </trkpt>
      <trkpt lat="41.38895692303777" lon="-122.15571750886738">
        <ele>2538.02</ele>
        <time>2016-08-08T02:24:40Z</time>
      </trkpt>
      <trkpt lat="41.388942673802376" lon="-122.15586855076253">
        <ele>2537.06</ele>
        <time>2016-08-08T02:24:50Z</time>
      </trkpt>
      <trkpt lat="41.38894183561206" lon="-122.15597382746637">
        <ele>2537.54</ele>
        <time>2016-08-08T02:24:59Z</time>
      </trkpt>
      <trkpt lat="41.38887897133827" lon="-122.15610299259424">
        <ele>2538.5</ele>
        <time>2016-08-08T02:25:09Z</time>
      </trkpt>
      <trkpt lat="41.388949966058135" lon="-122.15642075054348">
        <ele>2538.5</ele>
        <time>2016-08-08T02:25:31Z</time>
      </trkpt>
      <trkpt lat="41.388991456478834" lon="-122.156543713063">
        <ele>2539.94</ele>
        <time>2016-08-08T02:25:41Z</time>
      </trkpt>
      <trkpt lat="41.38904451392591" lon="-122.15661470778286">
        <ele>2540.42</ele>
        <time>2016-08-08T02:25:50Z</time>
      </trkpt>
      <trkpt lat="41.38915088027716" lon="-122.15679198503494">
        <ele>2541.38</ele>
        <time>2016-08-08T02:26:05Z</time>
      </trkpt>
      <trkpt lat="41.38919983059168" lon="-122.15692844241858">
        <ele>2542.82</ele>
        <time>2016-08-08T02:26:14Z</time>
      </trkpt>
      <trkpt lat="41.38922497630119" lon="-122.15704218484461">
        <ele>2543.79</ele>
        <time>2016-08-08T02:26:22Z</time>
      </trkpt>
      <trkpt lat="41.38932170346379" lon="-122.15734234079719">
        <ele>2546.67</ele>
        <time>2016-08-08T02:26:44Z</time>
      </trkpt>
      <trkpt lat="41.38929680921137" lon="-122.1575712505728">
        <ele>2547.15</ele>
        <time>2016-08-08T02:26:56Z</time>
      </trkpt>
      <trkpt lat="41.389346681535244" lon="-122.15770930051804">
        <ele>2547.63</ele>
        <time>2016-08-08T02:27:06Z</time>
      </trkpt>
      <trkpt lat="41.3893299177289" lon="-122.15779965743423">
        <ele>2549.07</ele>
        <time>2016-08-08T02:27:14Z</time>
      </trkpt>
      <trkpt lat="41.389236794784665" lon="-122.15791935101151">
        <ele>2547.63</ele>
        <time>2016-08-08T02:27:25Z</time>
      </trkpt>
      <trkpt lat="41.3891988247633" lon="-122.15798481367528">
        <ele>2547.15</ele>
        <time>2016-08-08T02:27:30Z</time>
      </trkpt>
      <trkpt lat="41.389194801449776" lon="-122.15809679590166">
        <ele>2547.63</ele>
        <time>2016-08-08T02:27:38Z</time>
      </trkpt>
      <trkpt lat="41.38913964852691" lon="-122.15823308564723">
        <ele>2549.55</ele>
        <time>2016-08-08T02:27:48Z</time>
      </trkpt>
      <trkpt lat="41.38908164575696" lon="-122.15830944478512">
        <ele>2551.0</ele>
        <time>2016-08-08T02:27:56Z</time>
      </trkpt>
      <trkpt lat="41.38906169682741" lon="-122.15836635790765">
        <ele>2551.0</ele>
        <time>2016-08-08T02:28:00Z</time>
      </trkpt>
      <trkpt lat="41.388968070968986" lon="-122.15843358077109">
        <ele>2551.0</ele>
        <time>2016-08-08T02:28:08Z</time>
      </trkpt>
      <trkpt lat="41.388966562226415" lon="-122.15851597487926">
        <ele>2551.96</ele>
        <time>2016-08-08T02:28:15Z</time>
      </trkpt>
      <trkpt lat="41.38890570960939" lon="-122.15866215527058">
        <ele>2553.88</ele>
        <time>2016-08-08T02:28:26Z</time>
      </trkpt>
      <trkpt lat="41.388874696567655" lon="-122.15868813917041">
        <ele>2554.36</ele>
        <time>2016-08-08T02:28:29Z</time>
      </trkpt>
      <trkpt lat="41.38883354142308" lon="-122.15876047499478">
        <ele>2554.84</ele>
        <time>2016-08-08T02:28:35Z</time>
      </trkpt>
      <trkpt lat="41.388765815645456" lon="-122.15879106894135">
        <ele>2554.84</ele>
        <time>2016-08-08T02:28:40Z</time>
      </trkpt>
      <trkpt lat="41.38872927054763" lon="-122.15884504839778">
        <ele>2556.28</ele>
        <time>2016-08-08T02:28:45Z</time>
      </trkpt>
      <trkpt lat="41.38870965689421" lon="-122.15890707448125">
        <ele>2557.24</ele>
        <time>2016-08-08T02:28:50Z</time>
      </trkpt>
      <trkpt lat="41.38861024752259" lon="-122.1590338088572">
        <ele>2558.69</ele>
        <time>2016-08-08T02:29:01Z</time>
      </trkpt>
      <trkpt lat="41.388549814000726" lon="-122.15919708833098">
        <ele>2561.09</ele>
        <time>2016-08-08T02:29:13Z</time>
      </trkpt>
      <trkpt lat="41.38845099136233" lon="-122.15930546633899">
        <ele>2563.01</ele>
        <time>2016-08-08T02:29:24Z</time>
      </trkpt>
      <trkpt lat="41.38831369578838" lon="-122.1594225615263">
        <ele>2563.49</ele>
        <time>2016-08-08T02:29:38Z</time>
      </trkpt>
      <trkpt lat="41.38825091533363" lon="-122.15951543301344">
        <ele>2562.53</ele>
        <time>2016-08-08T02:29:47Z</time>
      </trkpt>
      <trkpt lat="41.3882318045944" lon="-122.15973637998104">
        <ele>2563.01</ele>
        <time>2016-08-08T02:29:59Z</time>
      </trkpt>
      <trkpt lat="41.38827161863446" lon="-122.15991843491793">
        <ele>2563.97</ele>
        <time>2016-08-08T02:30:11Z</time>
      </trkpt>
      <trkpt lat="41.388257537037134" lon="-122.1599907707423">
        <ele>2563.49</ele>
        <time>2016-08-08T02:30:16Z</time>
      </trkpt>
      <trkpt lat="41.388163827359676" lon="-122.16007115319371">
        <ele>2562.53</ele>
        <time>2016-08-08T02:30:25Z</time>
      </trkpt>
      <trkpt lat="41.38815519399941" lon="-122.16016452759504">
        <ele>2562.05</ele>
        <time>2016-08-08T02:30:31Z</time>
      </trkpt>
      <trkpt lat="41.3881316408515" lon="-122.16022646985948">
        <ele>2563.01</ele>
        <time>2016-08-08T02:30:36Z</time>
      </trkpt>
      <trkpt lat="41.38807129114866" lon="-122.16028380207717">
        <ele>2562.53</ele>
        <time>2016-08-08T02:30:42Z</time>
      </trkpt>
      <trkpt lat="41.38806366361678" lon="-122.16035538353026">
        <ele>2562.53</ele>
        <time>2016-08-08T02:30:47Z</time>
      </trkpt>
      <trkpt lat="41.38802125118673" lon="-122.1604865603149">
        <ele>2564.45</ele>
        <time>2016-08-08T02:30:57Z</time>
      </trkpt>
      <trkpt lat="41.387958051636815" lon="-122.1604998037219">
        <ele>2564.93</ele>
        <time>2016-08-08T02:31:02Z</time>
      </trkpt>
      <trkpt lat="41.38792737387121" lon="-122.16057104989886">
        <ele>2565.42</ele>
        <time>2016-08-08T02:31:07Z</time>
      </trkpt>
      <trkpt lat="41.38782192952931" lon="-122.16065939515829">
        <ele>2567.82</ele>
        <time>2016-08-08T02:31:18Z</time>
      </trkpt>
      <trkpt lat="41.38773308135569" lon="-122.16078110039234">
        <ele>2567.82</ele>
        <time>2016-08-08T02:31:29Z</time>
      </trkpt>
      <trkpt lat="41.38763727620244" lon="-122.16097958385944">
        <ele>2566.86</ele>
        <time>2016-08-08T02:31:48Z</time>
      </trkpt>
      <trkpt lat="41.38756016269326" lon="-122.16103037819266">
        <ele>2566.86</ele>
        <time>2016-08-08T02:31:57Z</time>
      </trkpt>
      <trkpt lat="41.387511882930994" lon="-122.16109424829483">
        <ele>2569.26</ele>
        <time>2016-08-08T02:32:08Z</time>
      </trkpt>
      <trkpt lat="41.38756141997874" lon="-122.16119516640902">
        <ele>2574.55</ele>
        <time>2016-08-08T02:32:19Z</time>
      </trkpt>
      <trkpt lat="41.3875927682966" lon="-122.16132366098464">
        <ele>2578.39</ele>
        <time>2016-08-08T02:32:38Z</time>
      </trkpt>
      <trkpt lat="41.3876170758158" lon="-122.16136724688113">
        <ele>2581.76</ele>
        <time>2016-08-08T02:32:47Z</time>
      </trkpt>
      <trkpt lat="41.38764607720077" lon="-122.16147679835558">
        <ele>2586.56</ele>
        <time>2016-08-08T02:33:05Z</time>
      </trkpt>
      <trkpt lat="41.38771707192063" lon="-122.16159909032285">
        <ele>2591.37</ele>
        <time>2016-08-08T02:33:26Z</time>
      </trkpt>
      <trkpt lat="41.387742049992085" lon="-122.16159808449447">
        <ele>2592.33</ele>
        <time>2016-08-08T02:33:34Z</time>
      </trkpt>
      <trkpt lat="41.38775252737105" lon="-122.16174786910415">
        <ele>2595.7</ele>
        <time>2016-08-08T02:33:54Z</time>
      </trkpt>
      <trkpt lat="41.387776248157024" lon="-122.16180310584605">
        <ele>2596.66</ele>
        <time>2016-08-08T02:34:03Z</time>
      </trkpt>
      <trkpt lat="41.38775437138975" lon="-122.16185163706541">
        <ele>2598.1</ele>
        <time>2016-08-08T02:34:10Z</time>
      </trkpt>
      <trkpt lat="41.38771631754935" lon="-122.16187586076558">
        <ele>2599.54</ele>
        <time>2016-08-08T02:34:15Z</time>
      </trkpt>
      <trkpt lat="41.38771313242614" lon="-122.1619041915983">
        <ele>2600.98</ele>
        <time>2016-08-08T02:34:28Z</time>
      </trkpt>
      <trkpt lat="41.38780231587589" lon="-122.16203570365906">
        <ele>2602.43</ele>
        <time>2016-08-08T02:34:58Z</time>
      </trkpt>
      <trkpt lat="41.387761663645506" lon="-122.1620767749846">
        <ele>2602.91</ele>
        <time>2016-08-08T02:35:04Z</time>
      </trkpt>
      <trkpt lat="41.38773886486888" lon="-122.16213997453451">
        <ele>2604.83</ele>
        <time>2016-08-08T02:35:14Z</time>
      </trkpt>
      <trkpt lat="41.38771899975836" lon="-122.1621251385659">
        <ele>2607.71</ele>
        <time>2016-08-08T02:35:29Z</time>
      </trkpt>
      <trkpt lat="41.38769167475402" lon="-122.16219814494252">
        <ele>2608.19</ele>
        <time>2016-08-08T02:35:41Z</time>
      </trkpt>
      <trkpt lat="41.38768547214568" lon="-122.16226696036756">
        <ele>2610.12</ele>
        <time>2016-08-08T02:35:51Z</time>
      </trkpt>
      <trkpt lat="41.38771019876003" lon="-122.16232412494719">
        <ele>2611.08</ele>
        <time>2016-08-08T02:35:59Z</time>
      </trkpt>
      <trkpt lat="41.38776853680611" lon="-122.16241104528308">
        <ele>2612.52</ele>
        <time>2016-08-08T02:36:10Z</time>
      </trkpt>
      <trkpt lat="41.387821678072214" lon="-122.16243669390678">
        <ele>2613.0</ele>
        <time>2016-08-08T02:36:18Z</time>
      </trkpt>
      <trkpt lat="41.38789191842079" lon="-122.16257776133716">
        <ele>2616.37</ele>
        <time>2016-08-08T02:36:54Z</time>
      </trkpt>
      <trkpt lat="41.38791974633932" lon="-122.16276635415852">
        <ele>2621.65</ele>
        <time>2016-08-08T02:37:27Z</time>
      </trkpt>
      <trkpt lat="41.38795109465718" lon="-122.16277096420527">
        <ele>2622.61</ele>
        <time>2016-08-08T02:37:32Z</time>
      </trkpt>
      <trkpt lat="41.38796324841678" lon="-122.16284891590476">
        <ele>2625.02</ele>
        <time>2016-08-08T02:37:44Z</time>
      </trkpt>
      <trkpt lat="41.38799308799207" lon="-122.16290046460927">
        <ele>2626.94</ele>
        <time>2016-08-08T02:37:54Z</time>
      </trkpt>
      <trkpt lat="41.38805746100843" lon="-122.16292133554816">
        <ele>2628.86</ele>
        <time>2016-08-08T02:38:05Z</time>
      </trkpt>
      <trkpt lat="41.38810062780976" lon="-122.16297355480492">
        <ele>2630.3</ele>
        <time>2016-08-08T02:38:16Z</time>
      </trkpt>
      <trkpt lat="41.388139771297574" lon="-122.16297917068005">
        <ele>2631.27</ele>
        <time>2016-08-08T02:38:23Z</time>
      </trkpt>
      <trkpt lat="41.388151003047824" lon="-122.1630699466914">
        <ele>2634.63</ele>
        <time>2016-08-08T02:38:45Z</time>
      </trkpt>
      <trkpt lat="41.38813214376569" lon="-122.16318100690842">
        <ele>2637.51</ele>
        <time>2016-08-08T02:38:54Z</time>
      </trkpt>
      <trkpt lat="41.38816491700709" lon="-122.16323465108871">
        <ele>2640.4</ele>
        <time>2016-08-08T02:39:07Z</time>
      </trkpt>
      <trkpt lat="41.388185285031796" lon="-122.16323548927903">
        <ele>2640.4</ele>
        <time>2016-08-08T02:39:18Z</time>
      </trkpt>
      <trkpt lat="41.388213532045484" lon="-122.16330673545599">
        <ele>2640.88</ele>
        <time>2016-08-08T02:39:28Z</time>
      </trkpt>
      <trkpt lat="41.388199953362346" lon="-122.16344361193478">
        <ele>2642.8</ele>
        <time>2016-08-08T02:39:41Z</time>
      </trkpt>
      <trkpt lat="41.38815854676068" lon="-122.16347554698586">
        <ele>2643.28</ele>
        <time>2016-08-08T02:39:45Z</time>
      </trkpt>
      <trkpt lat="41.388042122125626" lon="-122.16351485811174">
        <ele>2643.76</ele>
        <time>2016-08-08T02:39:55Z</time>
      </trkpt>
      <trkpt lat="41.38801831752062" lon="-122.16360789723694">
        <ele>2642.8</ele>
        <time>2016-08-08T02:45:31Z</time>
      </trkpt>
      <trkpt lat="41.38804103247821" lon="-122.1636466216296">
        <ele>2640.4</ele>
        <time>2016-08-08T02:55:56Z</time>
      </trkpt>
      <trkpt lat="41.38807514682412" lon="-122.16380235739052">
        <ele>2640.4</ele>
        <time>2016-08-08T02:56:06Z</time>
      </trkpt>
      <trkpt lat="41.38809551484883" lon="-122.16386681422591">
        <ele>2644.24</ele>
        <time>2016-08-08T03:01:22Z</time>
      </trkpt>
      <trkpt lat="41.38810498639941" lon="-122.16384049504995">
        <ele>2642.8</ele>
        <time>2016-08-08T03:02:06Z</time>
      </trkpt>
      <trkpt lat="41.38807397335768" lon="-122.16370747424662">
        <ele>2641.84</ele>
        <time>2016-08-08T03:02:15Z</time>
      </trkpt>
      <trkpt lat="41.38804321177304" lon="-122.1636585239321">
        <ele>2642.32</ele>
        <time>2016-08-08T03:02:26Z</time>
      </trkpt>
      <trkpt lat="41.388043127954006" lon="-122.16359783895314">
        <ele>2644.24</ele>
        <time>2016-08-08T12:23:33Z</time>
      </trkpt>
      <trkpt lat="41.38806223869324" lon="-122.16358115896583">
        <ele>2644.72</ele>
        <time>2016-08-08T12:24:02Z</time>
      </trkpt>
      <trkpt lat="41.38818025588989" lon="-122.16368685476482">
        <ele>2643.76</ele>
        <time>2016-08-08T12:24:26Z</time>
      </trkpt>
      <trkpt lat="41.38823616318405" lon="-122.1637224778533">
        <ele>2643.76</ele>
        <time>2016-08-08T12:24:35Z</time>
      </trkpt>
      <trkpt lat="41.388280587270856" lon="-122.16386924497783">
        <ele>2644.72</ele>
        <time>2016-08-08T12:24:46Z</time>
      </trkpt>
      <trkpt lat="41.3882833532989" lon="-122.16397074982524">
        <ele>2645.69</ele>
        <time>2016-08-08T12:24:53Z</time>
      </trkpt>
      <trkpt lat="41.38826365582645" lon="-122.16401190496981">
        <ele>2648.09</ele>
        <time>2016-08-08T12:25:06Z</time>
      </trkpt>
      <trkpt lat="41.388234570622444" lon="-122.1641210373491">
        <ele>2647.13</ele>
        <time>2016-08-08T12:25:31Z</time>
      </trkpt>
      <trkpt lat="41.38814304023981" lon="-122.16429001651704">
        <ele>2646.65</ele>
        <time>2016-08-08T12:25:49Z</time>
      </trkpt>
      <trkpt lat="41.38805603608489" lon="-122.16438263654709">
        <ele>2650.01</ele>
        <time>2016-08-08T12:26:05Z</time>
      </trkpt>
      <trkpt lat="41.38804530724883" lon="-122.16442664153874">
        <ele>2650.97</ele>
        <time>2016-08-08T12:26:11Z</time>
      </trkpt>
      <trkpt lat="41.387950172647834" lon="-122.16463392600417">
        <ele>2655.78</ele>
        <time>2016-08-08T12:26:30Z</time>
      </trkpt>
      <trkpt lat="41.387920416891575" lon="-122.16476451605558">
        <ele>2656.26</ele>
        <time>2016-08-08T12:26:41Z</time>
      </trkpt>
      <trkpt lat="41.387880854308605" lon="-122.16486962512136">
        <ele>2656.74</ele>
        <time>2016-08-08T12:26:51Z</time>
      </trkpt>
      <trkpt lat="41.38787163421512" lon="-122.16499283909798">
        <ele>2657.7</ele>
        <time>2016-08-08T12:27:01Z</time>
      </trkpt>
      <trkpt lat="41.38783810660243" lon="-122.16510607860982">
        <ele>2658.18</ele>
        <time>2016-08-08T12:27:11Z</time>
      </trkpt>
      <trkpt lat="41.387847159057856" lon="-122.16523599810898">
        <ele>2658.66</ele>
        <time>2016-08-08T12:27:24Z</time>
      </trkpt>
      <trkpt lat="41.387823605909944" lon="-122.16533565893769">
        <ele>2661.07</ele>
        <time>2016-08-08T12:27:33Z</time>
      </trkpt>
      <trkpt lat="41.387850092723966" lon="-122.1654733736068">
        <ele>2664.43</ele>
        <time>2016-08-08T12:27:44Z</time>
      </trkpt>
      <trkpt lat="41.38779066503048" lon="-122.16565936803818">
        <ele>2668.76</ele>
        <time>2016-08-08T12:28:04Z</time>
      </trkpt>
      <trkpt lat="41.38779644854367" lon="-122.16572315432131">
        <ele>2670.2</ele>
        <time>2016-08-08T12:28:11Z</time>
      </trkpt>
      <trkpt lat="41.38784212991595" lon="-122.1657569333911">
        <ele>2672.6</ele>
        <time>2016-08-08T12:28:22Z</time>
      </trkpt>
      <trkpt lat="41.387803656980395" lon="-122.16591275297105">
        <ele>2676.45</ele>
        <time>2016-08-08T12:28:41Z</time>
      </trkpt>
      <trkpt lat="41.387812457978725" lon="-122.16601735912263">
        <ele>2677.89</ele>
        <time>2016-08-08T12:28:56Z</time>
      </trkpt>
      <trkpt lat="41.38779200613499" lon="-122.16609749011695">
        <ele>2678.85</ele>
        <time>2016-08-08T12:29:04Z</time>
      </trkpt>
      <trkpt lat="41.38786844909191" lon="-122.16612447984517">
        <ele>2685.58</ele>
        <time>2016-08-08T12:29:24Z</time>
      </trkpt>
      <trkpt lat="41.38791530393064" lon="-122.16620871797204">
        <ele>2689.91</ele>
        <time>2016-08-08T12:29:44Z</time>
      </trkpt>
      <trkpt lat="41.387958554551005" lon="-122.1662316005677">
        <ele>2690.87</ele>
        <time>2016-08-08T12:29:54Z</time>
      </trkpt>
      <trkpt lat="41.3879588060081" lon="-122.16632757335901">
        <ele>2691.83</ele>
        <time>2016-08-08T12:30:05Z</time>
      </trkpt>
      <trkpt lat="41.38794841244817" lon="-122.16638281010091">
        <ele>2693.27</ele>
        <time>2016-08-08T12:30:12Z</time>
      </trkpt>
      <trkpt lat="41.38798864558339" lon="-122.16643913649023">
        <ele>2695.67</ele>
        <time>2016-08-08T12:30:22Z</time>
      </trkpt>
      <trkpt lat="41.388026028871536" lon="-122.16660233214498">
        <ele>2702.88</ele>
        <time>2016-08-08T12:30:51Z</time>
      </trkpt>
      <trkpt lat="41.38801680877805" lon="-122.16665664687753">
        <ele>2704.81</ele>
        <time>2016-08-08T12:30:57Z</time>
      </trkpt>
      <trkpt lat="41.388105154037476" lon="-122.16663192026317">
        <ele>2707.69</ele>
        <time>2016-08-08T12:31:11Z</time>
      </trkpt>
      <trkpt lat="41.38820892199874" lon="-122.16662370599806">
        <ele>2708.65</ele>
        <time>2016-08-08T12:31:31Z</time>
      </trkpt>
      <trkpt lat="41.38821906410158" lon="-122.1666716504842">
        <ele>2709.13</ele>
        <time>2016-08-08T12:31:36Z</time>
      </trkpt>
      <trkpt lat="41.38828603550792" lon="-122.16668313369155">
        <ele>2710.09</ele>
        <time>2016-08-08T12:31:49Z</time>
      </trkpt>
      <trkpt lat="41.388322999700904" lon="-122.16678522527218">
        <ele>2713.46</ele>
        <time>2016-08-08T12:32:03Z</time>
      </trkpt>
      <trkpt lat="41.38844487257302" lon="-122.16683694161475">
        <ele>2721.15</ele>
        <time>2016-08-08T12:32:30Z</time>
      </trkpt>
      <trkpt lat="41.388503881171346" lon="-122.1668912563473">
        <ele>2724.03</ele>
        <time>2016-08-08T12:32:46Z</time>
      </trkpt>
      <trkpt lat="41.38850949704647" lon="-122.16695420444012">
        <ele>2724.99</ele>
        <time>2016-08-08T12:32:54Z</time>
      </trkpt>
      <trkpt lat="41.38854671269655" lon="-122.16694615781307">
        <ele>2725.48</ele>
        <time>2016-08-08T12:32:59Z</time>
      </trkpt>
      <trkpt lat="41.38857948593795" lon="-122.16698421165347">
        <ele>2725.96</ele>
        <time>2016-08-08T12:33:06Z</time>
      </trkpt>
      <trkpt lat="41.38851100578904" lon="-122.16717163100839">
        <ele>2730.28</ele>
        <time>2016-08-08T12:33:33Z</time>
      </trkpt>
      <trkpt lat="41.38854352757335" lon="-122.16722225770354">
        <ele>2732.68</ele>
        <time>2016-08-08T12:33:43Z</time>
      </trkpt>
      <trkpt lat="41.38858241960406" lon="-122.16721639037132">
        <ele>2733.65</ele>
        <time>2016-08-08T12:33:49Z</time>
      </trkpt>
      <trkpt lat="41.38864578679204" lon="-122.16724338009953">
        <ele>2735.57</ele>
        <time>2016-08-08T12:34:01Z</time>
      </trkpt>
      <trkpt lat="41.38864578679204" lon="-122.1672955993563">
        <ele>2736.05</ele>
        <time>2016-08-08T12:34:07Z</time>
      </trkpt>
      <trkpt lat="41.38874167576432" lon="-122.16737958602607">
        <ele>2736.53</ele>
        <time>2016-08-08T12:34:36Z</time>
      </trkpt>
      <trkpt lat="41.38874058611691" lon="-122.16740959323943">
        <ele>2737.01</ele>
        <time>2016-08-08T12:34:39Z</time>
      </trkpt>
      <trkpt lat="41.388673866167665" lon="-122.16754789464176">
        <ele>2740.86</ele>
        <time>2016-08-08T12:35:00Z</time>
      </trkpt>
      <trkpt lat="41.38870060443878" lon="-122.16756423935294">
        <ele>2743.26</ele>
        <time>2016-08-08T12:35:08Z</time>
      </trkpt>
      <trkpt lat="41.3886876963079" lon="-122.16766079887748">
        <ele>2747.1</ele>
        <time>2016-08-08T12:35:23Z</time>
      </trkpt>
      <trkpt lat="41.38864729553461" lon="-122.16783354990184">
        <ele>2753.83</ele>
        <time>2016-08-08T12:35:50Z</time>
      </trkpt>
      <trkpt lat="41.38864033855498" lon="-122.16791426762938">
        <ele>2755.76</ele>
        <time>2016-08-08T12:36:00Z</time>
      </trkpt>
      <trkpt lat="41.38861401937902" lon="-122.1679655648768">
        <ele>2757.2</ele>
        <time>2016-08-08T12:36:07Z</time>
      </trkpt>
      <trkpt lat="41.38861443847418" lon="-122.16800764203072">
        <ele>2759.6</ele>
        <time>2016-08-08T12:36:15Z</time>
      </trkpt>
      <trkpt lat="41.38857395388186" lon="-122.1681101527065">
        <ele>2762.97</ele>
        <time>2016-08-08T12:36:31Z</time>
      </trkpt>
      <trkpt lat="41.38856699690223" lon="-122.16815759427845">
        <ele>2764.41</ele>
        <time>2016-08-08T12:36:38Z</time>
      </trkpt>
      <trkpt lat="41.388579150661826" lon="-122.16827896423638">
        <ele>2767.77</ele>
        <time>2016-08-08T12:36:57Z</time>
      </trkpt>
      <trkpt lat="41.38859700411558" lon="-122.16832397505641">
        <ele>2769.7</ele>
        <time>2016-08-08T12:37:08Z</time>
      </trkpt>
      <trkpt lat="41.388587448745966" lon="-122.16840896755457">
        <ele>2771.62</ele>
        <time>2016-08-08T12:37:20Z</time>
      </trkpt>
      <trkpt lat="41.38861452229321" lon="-122.16843402944505">
        <ele>2772.1</ele>
        <time>2016-08-08T12:37:27Z</time>
      </trkpt>
      <trkpt lat="41.388662634417415" lon="-122.16841525398195">
        <ele>2772.58</ele>
        <time>2016-08-08T12:37:39Z</time>
      </trkpt>
      <trkpt lat="41.38867218978703" lon="-122.16851147823036">
        <ele>2780.27</ele>
        <time>2016-08-08T12:40:57Z</time>
      </trkpt>
      <trkpt lat="41.38871812261641" lon="-122.16849999502301">
        <ele>2780.27</ele>
        <time>2016-08-08T12:41:09Z</time>
      </trkpt>
      <trkpt lat="41.388749638572335" lon="-122.16851340606809">
        <ele>2780.75</ele>
        <time>2016-08-08T12:41:19Z</time>
      </trkpt>
      <trkpt lat="41.388740837574005" lon="-122.16861541382968">
        <ele>2785.08</ele>
        <time>2016-08-08T12:41:49Z</time>
      </trkpt>
      <trkpt lat="41.38876296579838" lon="-122.1686786133796">
        <ele>2785.56</ele>
        <time>2016-08-08T12:42:01Z</time>
      </trkpt>
      <trkpt lat="41.38876556418836" lon="-122.16875497251749">
        <ele>2786.04</ele>
        <time>2016-08-08T12:42:12Z</time>
      </trkpt>
      <trkpt lat="41.388779478147626" lon="-122.16879143379629">
        <ele>2786.52</ele>
        <time>2016-08-08T12:42:20Z</time>
      </trkpt>
      <trkpt lat="41.38876598328352" lon="-122.16884583234787">
        <ele>2787.96</ele>
        <time>2016-08-08T12:42:28Z</time>
      </trkpt>
      <trkpt lat="41.388805294409394" lon="-122.16890358366072">
        <ele>2790.36</ele>
        <time>2016-08-08T12:42:39Z</time>
      </trkpt>
      <trkpt lat="41.38885726220906" lon="-122.16888665221632">
        <ele>2792.29</ele>
        <time>2016-08-08T12:42:52Z</time>
      </trkpt>
      <trkpt lat="41.38885734602809" lon="-122.16898220591247">
        <ele>2800.46</ele>
        <time>2016-08-08T12:43:11Z</time>
      </trkpt>
      <trkpt lat="41.38890621252358" lon="-122.16900357976556">
        <ele>2808.63</ele>
        <time>2016-08-08T12:43:31Z</time>
      </trkpt>
      <trkpt lat="41.388948960229754" lon="-122.16909946873784">
        <ele>2814.88</ele>
        <time>2016-08-08T12:43:53Z</time>
      </trkpt>
      <trkpt lat="41.38898340985179" lon="-122.16906426474452">
        <ele>2817.76</ele>
        <time>2016-08-08T12:44:20Z</time>
      </trkpt>
      <trkpt lat="41.38910796493292" lon="-122.16902285814285">
        <ele>2822.09</ele>
        <time>2016-08-08T12:44:56Z</time>
      </trkpt>
      <trkpt lat="41.38913495466113" lon="-122.16903576627374">
        <ele>2824.49</ele>
        <time>2016-08-08T12:45:08Z</time>
      </trkpt>
      <trkpt lat="41.38916043564677" lon="-122.16911028139293">
        <ele>2829.3</ele>
        <time>2016-08-08T12:45:30Z</time>
      </trkpt>
      <trkpt lat="41.38916781172156" lon="-122.16917105019093">
        <ele>2832.18</ele>
        <time>2016-08-08T12:45:40Z</time>
      </trkpt>
      <trkpt lat="41.389194801449776" lon="-122.16920793056488">
        <ele>2834.58</ele>
        <time>2016-08-08T12:45:50Z</time>
      </trkpt>
      <trkpt lat="41.38926520943642" lon="-122.16920223087072">
        <ele>2834.58</ele>
        <time>2016-08-08T12:46:17Z</time>
      </trkpt>
      <trkpt lat="41.389337964355946" lon="-122.16932938434184">
        <ele>2839.87</ele>
        <time>2016-08-08T12:46:55Z</time>
      </trkpt>
      <trkpt lat="41.389351626858115" lon="-122.16936928220093">
        <ele>2842.76</ele>
        <time>2016-08-08T12:47:07Z</time>
      </trkpt>
      <trkpt lat="41.3894197717309" lon="-122.16932661831379">
        <ele>2845.64</ele>
        <time>2016-08-08T12:47:30Z</time>
      </trkpt>
      <trkpt lat="41.389493783935905" lon="-122.16936509124935">
        <ele>2856.21</ele>
        <time>2016-08-08T12:48:42Z</time>
      </trkpt>
      <trkpt lat="41.38953167013824" lon="-122.16942669823766">
        <ele>2858.62</ele>
        <time>2016-08-08T12:48:52Z</time>
      </trkpt>
      <trkpt lat="41.38956477865577" lon="-122.1693797595799">
        <ele>2856.69</ele>
        <time>2016-08-08T12:49:05Z</time>
      </trkpt>
      <trkpt lat="41.38969553634524" lon="-122.16951412148774">
        <ele>2861.98</ele>
        <time>2016-08-08T12:49:55Z</time>
      </trkpt>
      <trkpt lat="41.389742977917194" lon="-122.1694904845208">
        <ele>2864.87</ele>
        <time>2016-08-08T12:50:12Z</time>
      </trkpt>
      <trkpt lat="41.38984154909849" lon="-122.16955091804266">
        <ele>2870.15</ele>
        <time>2016-08-08T12:50:33Z</time>
      </trkpt>
      <trkpt lat="41.38993827626109" lon="-122.16966449283063">
        <ele>2877.36</ele>
        <time>2016-08-08T12:51:05Z</time>
      </trkpt>
      <trkpt lat="41.38998705893755" lon="-122.16964161023498">
        <ele>2879.29</ele>
        <time>2016-08-08T12:51:15Z</time>
      </trkpt>
      <trkpt lat="41.39001379720867" lon="-122.16969734989107">
        <ele>2880.73</ele>
        <time>2016-08-08T12:51:24Z</time>
      </trkpt>
      <trkpt lat="41.39007272198796" lon="-122.16970724053681">
        <ele>2882.65</ele>
        <time>2016-08-08T12:51:34Z</time>
      </trkpt>
      <trkpt lat="41.39014296233654" lon="-122.16978896409273">
        <ele>2885.53</ele>
        <time>2016-08-08T12:51:53Z</time>
      </trkpt>
      <trkpt lat="41.39017380774021" lon="-122.1697719488293">
        <ele>2886.5</ele>
        <time>2016-08-08T12:52:02Z</time>
      </trkpt>
      <trkpt lat="41.3902488257736" lon="-122.16986163519323">
        <ele>2888.9</ele>
        <time>2016-08-08T12:52:22Z</time>
      </trkpt>
      <trkpt lat="41.39034479856491" lon="-122.16986867599189">
        <ele>2892.26</ele>
        <time>2016-08-08T12:52:46Z</time>
      </trkpt>
      <trkpt lat="41.39040372334421" lon="-122.16992332600057">
        <ele>2892.26</ele>
        <time>2016-08-08T12:53:03Z</time>
      </trkpt>
      <trkpt lat="41.39039793983102" lon="-122.17000815086067">
        <ele>2892.26</ele>
        <time>2016-08-08T12:53:11Z</time>
      </trkpt>
      <trkpt lat="41.39050019904971" lon="-122.17003849335015">
        <ele>2897.55</ele>
        <time>2016-08-08T12:53:35Z</time>
      </trkpt>
      <trkpt lat="41.39058804139495" lon="-122.17010538093746">
        <ele>2901.88</ele>
        <time>2016-08-08T12:53:58Z</time>
      </trkpt>
      <trkpt lat="41.3906526658684" lon="-122.17019347473979">
        <ele>2910.53</ele>
        <time>2016-08-08T12:54:24Z</time>
      </trkpt>
      <trkpt lat="41.39070622622967" lon="-122.1701826620847">
        <ele>2912.45</ele>
        <time>2016-08-08T12:54:36Z</time>
      </trkpt>
      <trkpt lat="41.39076213352382" lon="-122.17018878087401">
        <ele>2915.34</ele>
        <time>2016-08-08T12:54:50Z</time>
      </trkpt>
      <trkpt lat="41.390786776319146" lon="-122.17025156132877">
        <ele>2917.26</ele>
        <time>2016-08-08T12:55:00Z</time>
      </trkpt>
      <trkpt lat="41.39085358008742" lon="-122.17028743587434">
        <ele>2920.14</ele>
        <time>2016-08-08T12:55:18Z</time>
      </trkpt>
      <trkpt lat="41.39094821177423" lon="-122.1703912038356">
        <ele>2923.99</ele>
        <time>2016-08-08T12:55:50Z</time>
      </trkpt>
      <trkpt lat="41.39100546017289" lon="-122.17037728987634">
        <ele>2925.91</ele>
        <time>2016-08-08T12:56:02Z</time>
      </trkpt>
      <trkpt lat="41.39106639660895" lon="-122.17045390047133">
        <ele>2929.75</ele>
        <time>2016-08-08T12:56:23Z</time>
      </trkpt>
      <trkpt lat="41.39111618511379" lon="-122.17044836841524">
        <ele>2932.64</ele>
        <time>2016-08-08T12:56:33Z</time>
      </trkpt>
      <trkpt lat="41.39112523756921" lon="-122.17047921381891">
        <ele>2933.6</ele>
        <time>2016-08-08T12:56:39Z</time>
      </trkpt>
      <trkpt lat="41.39124878682196" lon="-122.17067685909569">
        <ele>2938.41</ele>
        <time>2016-08-08T12:57:16Z</time>
      </trkpt>
      <trkpt lat="41.39131307601929" lon="-122.17070879414678">
        <ele>2939.85</ele>
        <time>2016-08-08T12:57:27Z</time>
      </trkpt>
      <trkpt lat="41.39128650538623" lon="-122.17078490182757">
        <ele>2940.81</ele>
        <time>2016-08-08T12:57:36Z</time>
      </trkpt>
      <trkpt lat="41.39128348790109" lon="-122.17084751464427">
        <ele>2942.73</ele>
        <time>2016-08-08T12:57:47Z</time>
      </trkpt>
      <trkpt lat="41.39125641435385" lon="-122.17085681855679">
        <ele>2947.06</ele>
        <time>2016-08-08T12:58:12Z</time>
      </trkpt>
      <trkpt lat="41.39127233996987" lon="-122.17092152684927">
        <ele>2948.98</ele>
        <time>2016-08-08T12:58:24Z</time>
      </trkpt>
      <trkpt lat="41.3913072925061" lon="-122.17096729204059">
        <ele>2950.9</ele>
        <time>2016-08-08T12:58:37Z</time>
      </trkpt>
      <trkpt lat="41.39130938798189" lon="-122.17103065922856">
        <ele>2952.35</ele>
        <time>2016-08-08T12:58:51Z</time>
      </trkpt>
      <trkpt lat="41.39138306491077" lon="-122.17116837389767">
        <ele>2956.67</ele>
        <time>2016-08-08T12:59:18Z</time>
      </trkpt>
      <trkpt lat="41.3914161734283" lon="-122.17121640220284">
        <ele>2958.11</ele>
        <time>2016-08-08T12:59:29Z</time>
      </trkpt>
      <trkpt lat="41.39140318147838" lon="-122.17126652598381">
        <ele>2960.04</ele>
        <time>2016-08-08T12:59:38Z</time>
      </trkpt>
      <trkpt lat="41.39142354950309" lon="-122.17130416072905">
        <ele>2962.44</ele>
        <time>2016-08-08T12:59:50Z</time>
      </trkpt>
      <trkpt lat="41.39143436215818" lon="-122.17137523926795">
        <ele>2963.4</ele>
        <time>2016-08-08T13:00:00Z</time>
      </trkpt>
      <trkpt lat="41.39148314483464" lon="-122.17138831503689">
        <ele>2966.29</ele>
        <time>2016-08-08T13:00:10Z</time>
      </trkpt>
      <trkpt lat="41.39149739407003" lon="-122.1714728884399">
        <ele>2967.73</ele>
        <time>2016-08-08T13:00:38Z</time>
      </trkpt>
      <trkpt lat="41.3915610127151" lon="-122.17156743630767">
        <ele>2971.57</ele>
        <time>2016-08-08T13:00:59Z</time>
      </trkpt>
      <trkpt lat="41.39158230274916" lon="-122.17164647765458">
        <ele>2975.42</ele>
        <time>2016-08-08T13:01:15Z</time>
      </trkpt>
      <trkpt lat="41.39157953672111" lon="-122.17169316485524">
        <ele>2975.42</ele>
        <time>2016-08-08T13:01:22Z</time>
      </trkpt>
      <trkpt lat="41.39161482453346" lon="-122.17173683457077">
        <ele>2975.9</ele>
        <time>2016-08-08T13:01:33Z</time>
      </trkpt>
      <trkpt lat="41.39164483174682" lon="-122.17180816456676">
        <ele>2976.38</ele>
        <time>2016-08-08T13:01:45Z</time>
      </trkpt>
      <trkpt lat="41.391633516177535" lon="-122.17184848152101">
        <ele>2976.86</ele>
        <time>2016-08-08T13:01:50Z</time>
      </trkpt>
      <trkpt lat="41.391753293573856" lon="-122.1718975994736">
        <ele>2983.59</ele>
        <time>2016-08-08T13:02:13Z</time>
      </trkpt>
      <trkpt lat="41.3917338475585" lon="-122.17198141850531">
        <ele>2985.03</ele>
        <time>2016-08-08T13:02:25Z</time>
      </trkpt>
      <trkpt lat="41.391740972176194" lon="-122.17200522311032">
        <ele>2985.03</ele>
        <time>2016-08-08T13:02:28Z</time>
      </trkpt>
      <trkpt lat="41.3918237015605" lon="-122.17207236215472">
        <ele>2986.47</ele>
        <time>2016-08-08T13:02:51Z</time>
      </trkpt>
      <trkpt lat="41.39181984588504" lon="-122.17212592251599">
        <ele>2988.4</ele>
        <time>2016-08-08T13:03:01Z</time>
      </trkpt>
      <trkpt lat="41.39179654419422" lon="-122.17218367382884">
        <ele>2990.8</ele>
        <time>2016-08-08T13:03:11Z</time>
      </trkpt>
      <trkpt lat="41.391804590821266" lon="-122.17224402353168">
        <ele>2992.72</ele>
        <time>2016-08-08T13:03:18Z</time>
      </trkpt>
      <trkpt lat="41.391850942745805" lon="-122.17223874293268">
        <ele>2996.09</ele>
        <time>2016-08-08T13:03:28Z</time>
      </trkpt>
      <trkpt lat="41.391889583319426" lon="-122.17227461747825">
        <ele>2998.49</ele>
        <time>2016-08-08T13:03:40Z</time>
      </trkpt>
      <trkpt lat="41.39192998409271" lon="-122.17226916924119">
        <ele>2999.45</ele>
        <time>2016-08-08T13:03:49Z</time>
      </trkpt>
      <trkpt lat="41.39198605902493" lon="-122.17233521863818">
        <ele>3002.82</ele>
        <time>2016-08-08T13:04:10Z</time>
      </trkpt>
      <trkpt lat="41.39198748394847" lon="-122.17243856750429">
        <ele>3006.66</ele>
        <time>2016-08-08T13:04:26Z</time>
      </trkpt>
      <trkpt lat="41.39203744009137" lon="-122.1724462788552">
        <ele>3007.14</ele>
        <time>2016-08-08T13:04:36Z</time>
      </trkpt>
      <trkpt lat="41.39208236709237" lon="-122.17259153723717">
        <ele>3009.06</ele>
        <time>2016-08-08T13:05:02Z</time>
      </trkpt>
      <trkpt lat="41.392145063728094" lon="-122.17262833379209">
        <ele>3013.87</ele>
        <time>2016-08-08T13:05:22Z</time>
      </trkpt>
      <trkpt lat="41.39218647032976" lon="-122.17263487167656">
        <ele>3015.31</ele>
        <time>2016-08-08T13:05:32Z</time>
      </trkpt>
      <trkpt lat="41.39219485223293" lon="-122.17275800183415">
        <ele>3018.2</ele>
        <time>2016-08-08T13:05:49Z</time>
      </trkpt>
      <trkpt lat="41.39222418889403" lon="-122.17279739677906">
        <ele>3020.6</ele>
        <time>2016-08-08T13:06:00Z</time>
      </trkpt>
      <trkpt lat="41.392271714285016" lon="-122.17281826771796">
        <ele>3022.52</ele>
        <time>2016-08-08T13:06:12Z</time>
      </trkpt>
      <trkpt lat="41.392270205542445" lon="-122.1728815510869">
        <ele>3024.93</ele>
        <time>2016-08-08T13:06:24Z</time>
      </trkpt>
      <trkpt lat="41.39230356551707" lon="-122.17290912754834">
        <ele>3026.37</ele>
        <time>2016-08-08T13:06:34Z</time>
      </trkpt>
      <trkpt lat="41.392314126715064" lon="-122.1729626879096">
        <ele>3027.33</ele>
        <time>2016-08-08T13:06:43Z</time>
      </trkpt>
      <trkpt lat="41.392304822802544" lon="-122.17302915640175">
        <ele>3029.73</ele>
        <time>2016-08-08T13:06:51Z</time>
      </trkpt>
      <trkpt lat="41.39231337234378" lon="-122.17308749444783">
        <ele>3031.17</ele>
        <time>2016-08-08T13:07:02Z</time>
      </trkpt>
      <trkpt lat="41.39235829934478" lon="-122.17318682000041">
        <ele>3033.58</ele>
        <time>2016-08-08T13:07:20Z</time>
      </trkpt>
      <trkpt lat="41.39235838316381" lon="-122.17326167039573">
        <ele>3035.02</ele>
        <time>2016-08-08T13:07:29Z</time>
      </trkpt>
      <trkpt lat="41.39237699098885" lon="-122.17326301150024">
        <ele>3037.42</ele>
        <time>2016-08-08T13:07:48Z</time>
      </trkpt>
      <trkpt lat="41.39238998293877" lon="-122.17335864901543">
        <ele>3039.35</ele>
        <time>2016-08-08T13:08:49Z</time>
      </trkpt>
      <trkpt lat="41.392385540530086" lon="-122.17347012832761">
        <ele>3041.27</ele>
        <time>2016-08-08T13:09:14Z</time>
      </trkpt>
      <trkpt lat="41.392398281022906" lon="-122.17357842251658">
        <ele>3044.15</ele>
        <time>2016-08-08T13:09:27Z</time>
      </trkpt>
      <trkpt lat="41.392435412853956" lon="-122.17370993457735">
        <ele>3047.52</ele>
        <time>2016-08-08T13:09:45Z</time>
      </trkpt>
      <trkpt lat="41.392437256872654" lon="-122.17379895038903">
        <ele>3049.44</ele>
        <time>2016-08-08T13:09:54Z</time>
      </trkpt>
      <trkpt lat="41.39245871454477" lon="-122.17393758706748">
        <ele>3051.36</ele>
        <time>2016-08-08T13:10:11Z</time>
      </trkpt>
      <trkpt lat="41.392460223287344" lon="-122.17405878938735">
        <ele>3054.73</ele>
        <time>2016-08-08T13:10:26Z</time>
      </trkpt>
      <trkpt lat="41.392525266855955" lon="-122.1740303747356">
        <ele>3056.17</ele>
        <time>2016-08-08T13:10:38Z</time>
      </trkpt>
      <trkpt lat="41.39255326241255" lon="-122.17403582297266">
        <ele>3056.65</ele>
        <time>2016-08-08T13:10:45Z</time>
      </trkpt>
      <trkpt lat="41.392566338181496" lon="-122.17410815879703">
        <ele>3059.05</ele>
        <time>2016-08-08T13:10:57Z</time>
      </trkpt>
      <trkpt lat="41.392626855522394" lon="-122.17419533059001">
        <ele>3062.42</ele>
        <time>2016-08-08T13:11:18Z</time>
      </trkpt>
      <trkpt lat="41.39263045974076" lon="-122.1742790658027">
        <ele>3064.82</ele>
        <time>2016-08-08T13:11:29Z</time>
      </trkpt>
      <trkpt lat="41.39265795238316" lon="-122.17434050515294">
        <ele>3067.22</ele>
        <time>2016-08-08T13:11:40Z</time>
      </trkpt>
      <trkpt lat="41.39269466511905" lon="-122.17446112073958">
        <ele>3070.11</ele>
        <time>2016-08-08T13:11:58Z</time>
      </trkpt>
      <trkpt lat="41.39272894710302" lon="-122.17460327781737">
        <ele>3072.99</ele>
        <time>2016-08-08T13:12:20Z</time>
      </trkpt>
      <trkpt lat="41.3927455432713" lon="-122.17472909018397">
        <ele>3075.88</ele>
        <time>2016-08-08T13:12:37Z</time>
      </trkpt>
      <trkpt lat="41.39273657463491" lon="-122.17477787286043">
        <ele>3077.32</ele>
        <time>2016-08-08T13:12:48Z</time>
      </trkpt>
      <trkpt lat="41.39274604618549" lon="-122.17486169189215">
        <ele>3078.28</ele>
        <time>2016-08-08T13:13:04Z</time>
      </trkpt>
      <trkpt lat="41.39282014220953" lon="-122.17506017535925">
        <ele>3081.64</ele>
        <time>2016-08-08T13:13:33Z</time>
      </trkpt>
      <trkpt lat="41.392851239070296" lon="-122.1751009952277">
        <ele>3084.05</ele>
        <time>2016-08-08T13:13:42Z</time>
      </trkpt>
      <trkpt lat="41.39293530955911" lon="-122.17517224140465">
        <ele>3090.29</ele>
        <time>2016-08-08T13:14:09Z</time>
      </trkpt>
      <trkpt lat="41.392991971224546" lon="-122.1751818805933">
        <ele>3092.7</ele>
        <time>2016-08-08T13:14:29Z</time>
      </trkpt>
      <trkpt lat="41.39304636977613" lon="-122.17523477040231">
        <ele>3096.06</ele>
        <time>2016-08-08T13:14:54Z</time>
      </trkpt>
      <trkpt lat="41.39306288212538" lon="-122.17521163634956">
        <ele>3097.51</ele>
        <time>2016-08-08T13:15:01Z</time>
      </trkpt>
      <trkpt lat="41.39311761595309" lon="-122.1753042563796">
        <ele>3100.87</ele>
        <time>2016-08-08T13:15:20Z</time>
      </trkpt>
      <trkpt lat="41.393157513812184" lon="-122.17530249617994">
        <ele>3106.16</ele>
        <time>2016-08-08T13:15:44Z</time>
      </trkpt>
      <trkpt lat="41.393225491046906" lon="-122.1754548791796">
        <ele>3103.27</ele>
        <time>2016-08-08T13:18:24Z</time>
      </trkpt>
      <trkpt lat="41.393262539058924" lon="-122.175487652421">
        <ele>3105.68</ele>
        <time>2016-08-08T13:18:37Z</time>
      </trkpt>
      <trkpt lat="41.39330939389765" lon="-122.17548748478293">
        <ele>3107.6</ele>
        <time>2016-08-08T13:18:50Z</time>
      </trkpt>
      <trkpt lat="41.39334526844323" lon="-122.17555680312216">
        <ele>3111.44</ele>
        <time>2016-08-08T13:19:09Z</time>
      </trkpt>
      <trkpt lat="41.39338357374072" lon="-122.17553283087909">
        <ele>3117.21</ele>
        <time>2016-08-08T13:19:31Z</time>
      </trkpt>
      <trkpt lat="41.39342271722853" lon="-122.17562469653785">
        <ele>3116.25</ele>
        <time>2016-08-08T13:19:47Z</time>
      </trkpt>
      <trkpt lat="41.39347384683788" lon="-122.1756189968437">
        <ele>3116.25</ele>
        <time>2016-08-08T13:19:58Z</time>
      </trkpt>
      <trkpt lat="41.39353645965457" lon="-122.1757445577532">
        <ele>3118.65</ele>
        <time>2016-08-08T13:20:24Z</time>
      </trkpt>
      <trkpt lat="41.39356965199113" lon="-122.17576668597758">
        <ele>3120.1</ele>
        <time>2016-08-08T13:20:35Z</time>
      </trkpt>
      <trkpt lat="41.39359756372869" lon="-122.175831226632">
        <ele>3124.9</ele>
        <time>2016-08-08T13:20:54Z</time>
      </trkpt>
      <trkpt lat="41.393643245100975" lon="-122.17587154358625">
        <ele>3129.71</ele>
        <time>2016-08-08T13:21:14Z</time>
      </trkpt>
      <trkpt lat="41.39372329227626" lon="-122.17584212310612">
        <ele>3133.07</ele>
        <time>2016-08-08T13:21:45Z</time>
      </trkpt>
      <trkpt lat="41.39373226091266" lon="-122.1759277023375">
        <ele>3138.84</ele>
        <time>2016-08-08T13:22:14Z</time>
      </trkpt>
      <trkpt lat="41.39379202388227" lon="-122.17599777504802">
        <ele>3142.69</ele>
        <time>2016-08-08T13:22:37Z</time>
      </trkpt>
      <trkpt lat="41.393878776580095" lon="-122.1761539299041">
        <ele>3149.42</ele>
        <time>2016-08-08T13:23:37Z</time>
      </trkpt>
      <trkpt lat="41.39391322620213" lon="-122.17617245391011">
        <ele>3151.34</ele>
        <time>2016-08-08T13:23:47Z</time>
      </trkpt>
      <trkpt lat="41.39397005550563" lon="-122.17615979723632">
        <ele>3154.22</ele>
        <time>2016-08-08T13:23:59Z</time>
      </trkpt>
      <trkpt lat="41.3940479233861" lon="-122.17622450552881">
        <ele>3154.22</ele>
        <time>2016-08-08T13:27:13Z</time>
      </trkpt>
      <trkpt lat="41.39409922063351" lon="-122.17633430846035">
        <ele>3159.51</ele>
        <time>2016-08-08T13:28:32Z</time>
      </trkpt>
      <trkpt lat="41.39414037577808" lon="-122.17630078084767">
        <ele>3161.91</ele>
        <time>2016-08-08T13:28:43Z</time>
      </trkpt>
      <trkpt lat="41.39418764971197" lon="-122.17630782164633">
        <ele>3163.84</ele>
        <time>2016-08-08T13:28:53Z</time>
      </trkpt>
      <trkpt lat="41.394232995808125" lon="-122.17634939588606">
        <ele>3169.6</ele>
        <time>2016-08-08T13:29:22Z</time>
      </trkpt>
      <trkpt lat="41.39433542266488" lon="-122.17637001536787">
        <ele>3171.05</ele>
        <time>2016-08-08T13:29:46Z</time>
      </trkpt>
      <trkpt lat="41.39433919452131" lon="-122.1764234919101">
        <ele>3173.93</ele>
        <time>2016-08-08T13:30:02Z</time>
      </trkpt>
      <trkpt lat="41.39437657780945" lon="-122.17643673531711">
        <ele>3176.33</ele>
        <time>2016-08-08T13:30:13Z</time>
      </trkpt>
      <trkpt lat="41.394404992461205" lon="-122.17649415135384">
        <ele>3177.78</ele>
        <time>2016-08-08T13:30:23Z</time>
      </trkpt>
      <trkpt lat="41.39445402659476" lon="-122.17646162956953">
        <ele>3177.78</ele>
        <time>2016-08-08T13:30:34Z</time>
      </trkpt>
      <trkpt lat="41.39447322115302" lon="-122.17647839337587">
        <ele>3178.26</ele>
        <time>2016-08-08T13:30:40Z</time>
      </trkpt>
      <trkpt lat="41.39451781287789" lon="-122.1764697600156">
        <ele>3178.26</ele>
        <time>2016-08-08T13:30:50Z</time>
      </trkpt>
      <trkpt lat="41.39452368021011" lon="-122.17658140696585">
        <ele>3182.58</ele>
        <time>2016-08-08T13:31:15Z</time>
      </trkpt>
      <trkpt lat="41.394590148702264" lon="-122.17658266425133">
        <ele>3185.47</ele>
        <time>2016-08-08T13:31:34Z</time>
      </trkpt>
      <trkpt lat="41.394620994105935" lon="-122.17660227790475">
        <ele>3187.87</ele>
        <time>2016-08-08T13:31:45Z</time>
      </trkpt>
      <trkpt lat="41.39465292915702" lon="-122.17658727429807">
        <ele>3188.83</ele>
        <time>2016-08-08T13:32:15Z</time>
      </trkpt>
      <trkpt lat="41.394699197262526" lon="-122.17664150521159">
        <ele>3189.31</ele>
        <time>2016-08-08T13:32:24Z</time>
      </trkpt>
      <trkpt lat="41.39473892748356" lon="-122.17665265314281">
        <ele>3194.12</ele>
        <time>2016-08-08T13:32:38Z</time>
      </trkpt>
      <trkpt lat="41.394791482016444" lon="-122.17664351686835">
        <ele>3199.89</ele>
        <time>2016-08-08T13:33:01Z</time>
      </trkpt>
      <trkpt lat="41.39484068378806" lon="-122.17665835283697">
        <ele>3201.33</ele>
        <time>2016-08-08T13:33:17Z</time>
      </trkpt>
      <trkpt lat="41.39484688639641" lon="-122.17671082355082">
        <ele>3203.25</ele>
        <time>2016-08-08T13:33:32Z</time>
      </trkpt>
      <trkpt lat="41.39486809261143" lon="-122.17673504725099">
        <ele>3205.17</ele>
        <time>2016-08-08T13:33:43Z</time>
      </trkpt>
      <trkpt lat="41.39490254223347" lon="-122.17672348022461">
        <ele>3205.65</ele>
        <time>2016-08-08T13:34:27Z</time>
      </trkpt>
      <trkpt lat="41.394919557496905" lon="-122.17675373889506">
        <ele>3205.65</ele>
        <time>2016-08-08T13:34:41Z</time>
      </trkpt>
      <trkpt lat="41.39488988555968" lon="-122.17677611857653">
        <ele>3206.61</ele>
        <time>2016-08-08T13:34:54Z</time>
      </trkpt>
      <trkpt lat="41.39487965963781" lon="-122.17682976275682">
        <ele>3209.02</ele>
        <time>2016-08-08T13:47:24Z</time>
      </trkpt>
      <trkpt lat="41.39486465603113" lon="-122.17679682187736">
        <ele>3217.19</ele>
        <time>2016-08-08T13:48:54Z</time>
      </trkpt>
      <trkpt lat="41.39485023915768" lon="-122.17683697119355">
        <ele>3214.79</ele>
        <time>2016-08-08T13:49:11Z</time>
      </trkpt>
      <trkpt lat="41.394833056256175" lon="-122.1769486181438">
        <ele>3216.23</ele>
        <time>2016-08-08T13:49:41Z</time>
      </trkpt>
      <trkpt lat="41.394809167832136" lon="-122.17704450711608">
        <ele>3217.19</ele>
        <time>2016-08-08T13:50:09Z</time>
      </trkpt>
      <trkpt lat="41.39480874873698" lon="-122.17712673358619">
        <ele>3217.19</ele>
        <time>2016-08-08T13:50:23Z</time>
      </trkpt>
      <trkpt lat="41.394848227500916" lon="-122.17713268473744">
        <ele>3219.11</ele>
        <time>2016-08-08T13:51:24Z</time>
      </trkpt>
      <trkpt lat="41.39486071653664" lon="-122.17717006802559">
        <ele>3220.55</ele>
        <time>2016-08-08T13:56:09Z</time>
      </trkpt>
      <trkpt lat="41.395028438419104" lon="-122.17716663144529">
        <ele>3222.96</ele>
        <time>2016-08-08T13:56:57Z</time>
      </trkpt>
      <trkpt lat="41.39503841288388" lon="-122.17725740745664">
        <ele>3227.28</ele>
        <time>2016-08-08T13:57:14Z</time>
      </trkpt>
      <trkpt lat="41.39506288804114" lon="-122.17729127034545">
        <ele>3229.21</ele>
        <time>2016-08-08T13:57:24Z</time>
      </trkpt>
      <trkpt lat="41.39513279311359" lon="-122.1772956289351">
        <ele>3234.49</ele>
        <time>2016-08-08T13:57:48Z</time>
      </trkpt>
      <trkpt lat="41.39518945477903" lon="-122.17733929865062">
        <ele>3237.86</ele>
        <time>2016-08-08T13:58:08Z</time>
      </trkpt>
      <trkpt lat="41.39519884251058" lon="-122.17750375159085">
        <ele>3244.11</ele>
        <time>2016-08-08T13:58:46Z</time>
      </trkpt>
      <trkpt lat="41.39524083584547" lon="-122.17760156840086">
        <ele>3247.47</ele>
        <time>2016-08-08T13:59:10Z</time>
      </trkpt>
      <trkpt lat="41.39526757411659" lon="-122.17761372216046">
        <ele>3249.39</ele>
        <time>2016-08-08T13:59:22Z</time>
      </trkpt>
      <trkpt lat="41.39535516500473" lon="-122.17768773436546">
        <ele>3254.68</ele>
        <time>2016-08-08T13:59:58Z</time>
      </trkpt>
      <trkpt lat="41.39538986608386" lon="-122.17777197249234">
        <ele>3256.12</ele>
        <time>2016-08-08T14:00:21Z</time>
      </trkpt>
      <trkpt lat="41.395395901054144" lon="-122.17782561667264">
        <ele>3257.56</ele>
        <time>2016-08-08T14:00:30Z</time>
      </trkpt>
      <trkpt lat="41.395419957116246" lon="-122.17785369604826">
        <ele>3259.97</ele>
        <time>2016-08-08T14:00:39Z</time>
      </trkpt>
      <trkpt lat="41.39550553634763" lon="-122.17789929360151">
        <ele>3265.26</ele>
        <time>2016-08-08T14:01:13Z</time>
      </trkpt>
      <trkpt lat="41.395513750612736" lon="-122.17795067466795">
        <ele>3267.18</ele>
        <time>2016-08-08T14:01:24Z</time>
      </trkpt>
      <trkpt lat="41.39556881971657" lon="-122.17799141071737">
        <ele>3269.58</ele>
        <time>2016-08-08T14:01:49Z</time>
      </trkpt>
      <trkpt lat="41.39555054716766" lon="-122.17807598412037">
        <ele>3273.91</ele>
        <time>2016-08-08T14:02:15Z</time>
      </trkpt>
      <trkpt lat="41.39559597708285" lon="-122.17811747454107">
        <ele>3275.83</ele>
        <time>2016-08-08T14:02:41Z</time>
      </trkpt>
      <trkpt lat="41.39564727433026" lon="-122.17829558998346">
        <ele>3283.04</ele>
        <time>2016-08-08T14:03:31Z</time>
      </trkpt>
      <trkpt lat="41.395738553255796" lon="-122.17840296216309">
        <ele>3288.33</ele>
        <time>2016-08-08T14:04:58Z</time>
      </trkpt>
      <trkpt lat="41.395761435851455" lon="-122.17838804237545">
        <ele>3288.81</ele>
        <time>2016-08-08T14:05:17Z</time>
      </trkpt>
      <trkpt lat="41.39585053548217" lon="-122.17837236821651">
        <ele>3288.33</ele>
        <time>2016-08-08T14:05:57Z</time>
      </trkpt>
      <trkpt lat="41.3958833925426" lon="-122.1783781517297">
        <ele>3289.77</ele>
        <time>2016-08-08T14:06:09Z</time>
      </trkpt>
      <trkpt lat="41.39594156295061" lon="-122.17833909206092">
        <ele>3295.06</ele>
        <time>2016-08-08T14:06:34Z</time>
      </trkpt>
      <trkpt lat="41.396000403910875" lon="-122.17835543677211">
        <ele>3299.38</ele>
        <time>2016-08-08T14:07:04Z</time>
      </trkpt>
      <trkpt lat="41.39601155184209" lon="-122.17839759774506">
        <ele>3296.98</ele>
        <time>2016-08-08T14:07:58Z</time>
      </trkpt>
      <trkpt lat="41.39595799148083" lon="-122.178402710706">
        <ele>3295.54</ele>
        <time>2016-08-08T14:08:26Z</time>
      </trkpt>
      <trkpt lat="41.39597609639168" lon="-122.17837085947394">
        <ele>3295.06</ele>
        <time>2016-08-08T14:08:53Z</time>
      </trkpt>
      <trkpt lat="41.396032171323895" lon="-122.17841033823788">
        <ele>3296.02</ele>
        <time>2016-08-08T14:09:21Z</time>
      </trkpt>
      <trkpt lat="41.39602362178266" lon="-122.1783820912242">
        <ele>3296.5</ele>
        <time>2016-08-08T14:09:45Z</time>
      </trkpt>
      <trkpt lat="41.396056227386" lon="-122.17836507596076">
        <ele>3294.58</ele>
        <time>2016-08-08T14:11:25Z</time>
      </trkpt>
      <trkpt lat="41.396076092496514" lon="-122.17841687612236">
        <ele>3303.23</ele>
        <time>2016-08-08T14:11:52Z</time>
      </trkpt>
      <trkpt lat="41.396148512139916" lon="-122.17843648977578">
        <ele>3309.96</ele>
        <time>2016-08-08T14:12:33Z</time>
      </trkpt>
      <trkpt lat="41.39622788876295" lon="-122.17851469293237">
        <ele>3315.72</ele>
        <time>2016-08-08T14:13:19Z</time>
      </trkpt>
      <trkpt lat="41.396262338384986" lon="-122.17859465628862">
        <ele>3320.53</ele>
        <time>2016-08-08T14:13:42Z</time>
      </trkpt>
      <trkpt lat="41.39630081132054" lon="-122.17861829325557">
        <ele>3321.97</ele>
        <time>2016-08-08T14:13:53Z</time>
      </trkpt>
      <trkpt lat="41.396324867382646" lon="-122.17866389080882">
        <ele>3323.42</ele>
        <time>2016-08-08T14:14:02Z</time>
      </trkpt>
      <trkpt lat="41.39637683518231" lon="-122.17886488884687">
        <ele>3329.18</ele>
        <time>2016-08-08T14:14:38Z</time>
      </trkpt>
      <trkpt lat="41.39638873748481" lon="-122.17893705703318">
        <ele>3331.59</ele>
        <time>2016-08-08T14:15:05Z</time>
      </trkpt>
      <trkpt lat="41.39643316157162" lon="-122.17898516915739">
        <ele>3334.95</ele>
        <time>2016-08-08T14:15:27Z</time>
      </trkpt>
      <trkpt lat="41.396480184048414" lon="-122.1789809782058">
        <ele>3336.87</ele>
        <time>2016-08-08T14:15:37Z</time>
      </trkpt>
      <trkpt lat="41.39655050821602" lon="-122.17895390465856">
        <ele>3339.28</ele>
        <time>2016-08-08T14:15:54Z</time>
      </trkpt>
      <trkpt lat="41.39658889733255" lon="-122.17891115695238">
        <ele>3340.24</ele>
        <time>2016-08-08T14:16:05Z</time>
      </trkpt>
      <trkpt lat="41.39662125147879" lon="-122.17890185303986">
        <ele>3340.24</ele>
        <time>2016-08-08T14:16:15Z</time>
      </trkpt>
      <trkpt lat="41.396703477948904" lon="-122.17892825603485">
        <ele>3342.64</ele>
        <time>2016-08-08T14:16:37Z</time>
      </trkpt>
      <trkpt lat="41.39672376215458" lon="-122.17889925464988">
        <ele>3346.01</ele>
        <time>2016-08-08T14:16:55Z</time>
      </trkpt>
      <trkpt lat="41.396758798509836" lon="-122.17894812114537">
        <ele>3346.97</ele>
        <time>2016-08-08T14:17:10Z</time>
      </trkpt>
      <trkpt lat="41.39688855037093" lon="-122.1790795493871">
        <ele>3349.85</ele>
        <time>2016-08-08T14:17:45Z</time>
      </trkpt>
      <trkpt lat="41.397029450163245" lon="-122.17915255576372">
        <ele>3359.95</ele>
        <time>2016-08-08T14:20:30Z</time>
      </trkpt>
      <trkpt lat="41.3971268478781" lon="-122.17924090102315">
        <ele>3364.75</ele>
        <time>2016-08-08T14:20:57Z</time>
      </trkpt>
      <trkpt lat="41.39715266413987" lon="-122.17928390018642">
        <ele>3366.67</ele>
        <time>2016-08-08T14:21:09Z</time>
      </trkpt>
      <trkpt lat="41.3972251676023" lon="-122.17931206338108">
        <ele>3370.04</ele>
        <time>2016-08-08T14:21:36Z</time>
      </trkpt>
      <trkpt lat="41.39730437658727" lon="-122.1793834771961">
        <ele>3374.36</ele>
        <time>2016-08-08T14:22:01Z</time>
      </trkpt>
      <trkpt lat="41.39736874960363" lon="-122.17939982190728">
        <ele>3377.73</ele>
        <time>2016-08-08T14:22:22Z</time>
      </trkpt>
      <trkpt lat="41.39740060083568" lon="-122.17943854629993">
        <ele>3380.13</ele>
        <time>2016-08-08T14:22:33Z</time>
      </trkpt>
      <trkpt lat="41.39744393527508" lon="-122.17943795956671">
        <ele>3381.09</ele>
        <time>2016-08-08T14:22:47Z</time>
      </trkpt>
      <trkpt lat="41.39747419394553" lon="-122.17951934784651">
        <ele>3384.94</ele>
        <time>2016-08-08T14:23:01Z</time>
      </trkpt>
      <trkpt lat="41.39757201075554" lon="-122.17957198619843">
        <ele>3386.38</ele>
        <time>2016-08-08T14:23:30Z</time>
      </trkpt>
      <trkpt lat="41.39763445593417" lon="-122.1796216070652">
        <ele>3397.44</ele>
        <time>2016-08-08T14:24:06Z</time>
      </trkpt>
      <trkpt lat="41.397668570280075" lon="-122.17967935837805">
        <ele>3399.84</ele>
        <time>2016-08-08T14:24:15Z</time>
      </trkpt>
      <trkpt lat="41.39773193746805" lon="-122.17968908138573">
        <ele>3403.69</ele>
        <time>2016-08-08T14:24:41Z</time>
      </trkpt>
      <trkpt lat="41.39774937182665" lon="-122.17973409220576">
        <ele>3406.09</ele>
        <time>2016-08-08T14:24:52Z</time>
      </trkpt>
      <trkpt lat="41.39783771708608" lon="-122.17981983907521">
        <ele>3411.86</ele>
        <time>2016-08-08T14:25:27Z</time>
      </trkpt>
      <trkpt lat="41.397879710420966" lon="-122.17982235364616">
        <ele>3413.3</ele>
        <time>2016-08-08T14:25:38Z</time>
      </trkpt>
      <trkpt lat="41.397916339337826" lon="-122.17985353432596">
        <ele>3413.78</ele>
        <time>2016-08-08T14:25:47Z</time>
      </trkpt>
      <trkpt lat="41.39798917807639" lon="-122.17987423762679">
        <ele>3417.14</ele>
        <time>2016-08-08T14:26:15Z</time>
      </trkpt>
      <trkpt lat="41.3980367872864" lon="-122.17985739000142">
        <ele>3418.1</ele>
        <time>2016-08-08T14:26:30Z</time>
      </trkpt>
      <trkpt lat="41.39809671789408" lon="-122.17993601225317">
        <ele>3421.95</ele>
        <time>2016-08-08T14:26:56Z</time>
      </trkpt>
      <trkpt lat="41.398145919665694" lon="-122.17995780520141">
        <ele>3422.91</ele>
        <time>2016-08-08T14:27:12Z</time>
      </trkpt>
      <trkpt lat="41.398291010409594" lon="-122.17997347936034">
        <ele>3428.2</ele>
        <time>2016-08-08T14:27:57Z</time>
      </trkpt>
      <trkpt lat="41.39831070788205" lon="-122.18000030145049">
        <ele>3433.01</ele>
        <time>2016-08-08T14:28:09Z</time>
      </trkpt>
      <trkpt lat="41.39834909699857" lon="-122.17999326065183">
        <ele>3436.37</ele>
        <time>2016-08-08T14:28:21Z</time>
      </trkpt>
      <trkpt lat="41.39840316027403" lon="-122.18005352653563">
        <ele>3443.1</ele>
        <time>2016-08-08T14:28:40Z</time>
      </trkpt>
      <trkpt lat="41.398450350388885" lon="-122.18006526120007">
        <ele>3446.94</ele>
        <time>2016-08-08T14:28:58Z</time>
      </trkpt>
      <trkpt lat="41.398535929620266" lon="-122.18011722899973">
        <ele>3450.31</ele>
        <time>2016-08-08T14:29:27Z</time>
      </trkpt>
      <trkpt lat="41.39859879389405" lon="-122.18006341718137">
        <ele>3450.31</ele>
        <time>2016-08-08T14:29:42Z</time>
      </trkpt>
      <trkpt lat="41.398761570453644" lon="-122.1799754910171">
        <ele>3453.67</ele>
        <time>2016-08-08T14:30:11Z</time>
      </trkpt>
      <trkpt lat="41.398909175768495" lon="-122.17993492260575">
        <ele>3458.0</ele>
        <time>2016-08-08T14:30:40Z</time>
      </trkpt>
      <trkpt lat="41.39909952878952" lon="-122.17987515963614">
        <ele>3460.88</ele>
        <time>2016-08-08T14:31:13Z</time>
      </trkpt>
      <trkpt lat="41.399180917069316" lon="-122.1798787638545">
        <ele>3462.33</ele>
        <time>2016-08-08T14:31:28Z</time>
      </trkpt>
      <trkpt lat="41.399243948981166" lon="-122.17982981353998">
        <ele>3464.25</ele>
        <time>2016-08-08T14:31:43Z</time>
      </trkpt>
      <trkpt lat="41.39936372637749" lon="-122.17979938723147">
        <ele>3468.09</ele>
        <time>2016-08-08T14:32:01Z</time>
      </trkpt>
      <trkpt lat="41.39955257065594" lon="-122.17978765256703">
        <ele>3473.38</ele>
        <time>2016-08-08T14:32:34Z</time>
      </trkpt>
      <trkpt lat="41.399647872895" lon="-122.17977281659842">
        <ele>3474.82</ele>
        <time>2016-08-08T14:32:50Z</time>
      </trkpt>
      <trkpt lat="41.39973915182054" lon="-122.17978270724416">
        <ele>3476.75</ele>
        <time>2016-08-08T14:33:09Z</time>
      </trkpt>
      <trkpt lat="41.39985431917012" lon="-122.17975538223982">
        <ele>3479.63</ele>
        <time>2016-08-08T14:33:27Z</time>
      </trkpt>
      <trkpt lat="41.399951884523034" lon="-122.17974389903247">
        <ele>3481.55</ele>
        <time>2016-08-08T14:33:45Z</time>
      </trkpt>
      <trkpt lat="41.40015103854239" lon="-122.17975420877337">
        <ele>3484.92</ele>
        <time>2016-08-08T14:34:23Z</time>
      </trkpt>
      <trkpt lat="41.40027601271868" lon="-122.17973870225251">
        <ele>3494.53</ele>
        <time>2016-08-08T14:35:00Z</time>
      </trkpt>
      <trkpt lat="41.4003180898726" lon="-122.17974934726954">
        <ele>3493.09</ele>
        <time>2016-08-08T14:35:12Z</time>
      </trkpt>
      <trkpt lat="41.40045069158077" lon="-122.17974775470793">
        <ele>3490.68</ele>
        <time>2016-08-08T14:35:34Z</time>
      </trkpt>
      <trkpt lat="41.40056736767292" lon="-122.17975554987788">
        <ele>3491.65</ele>
        <time>2016-08-08T14:35:51Z</time>
      </trkpt>
      <trkpt lat="41.40072662383318" lon="-122.1798372734338">
        <ele>3499.34</ele>
        <time>2016-08-08T14:36:28Z</time>
      </trkpt>
      <trkpt lat="41.40079351142049" lon="-122.1798356808722">
        <ele>3502.7</ele>
        <time>2016-08-08T14:36:43Z</time>
      </trkpt>
      <trkpt lat="41.40088235959411" lon="-122.1798132173717">
        <ele>3506.07</ele>
        <time>2016-08-08T14:37:00Z</time>
      </trkpt>
      <trkpt lat="41.40096995048225" lon="-122.17985110357404">
        <ele>3509.43</ele>
        <time>2016-08-08T14:37:18Z</time>
      </trkpt>
      <trkpt lat="41.40097992494702" lon="-122.17991044744849">
        <ele>3513.76</ele>
        <time>2016-08-08T14:37:36Z</time>
      </trkpt>
      <trkpt lat="41.40079996548593" lon="-122.18026315793395">
        <ele>3527.69</ele>
        <time>2016-08-08T14:38:38Z</time>
      </trkpt>
      <trkpt lat="41.400782531127334" lon="-122.18036206439137">
        <ele>3531.06</ele>
        <time>2016-08-08T14:38:56Z</time>
      </trkpt>
      <trkpt lat="41.400859812274575" lon="-122.18035879544914">
        <ele>3534.42</ele>
        <time>2016-08-08T14:39:12Z</time>
      </trkpt>
      <trkpt lat="41.40100775286555" lon="-122.18038109131157">
        <ele>3541.15</ele>
        <time>2016-08-08T14:39:42Z</time>
      </trkpt>
      <trkpt lat="41.401112861931324" lon="-122.1803748048842">
        <ele>3545.0</ele>
        <time>2016-08-08T14:40:01Z</time>
      </trkpt>
      <trkpt lat="41.40109643340111" lon="-122.18049081042409">
        <ele>3545.96</ele>
        <time>2016-08-08T14:40:19Z</time>
      </trkpt>
      <trkpt lat="41.40105779282749" lon="-122.18061595223844">
        <ele>3546.44</ele>
        <time>2016-08-08T14:40:38Z</time>
      </trkpt>
      <trkpt lat="41.401245882734656" lon="-122.18060388229787">
        <ele>3550.29</ele>
        <time>2016-08-08T14:41:13Z</time>
      </trkpt>
      <trkpt lat="41.40134856104851" lon="-122.18062332831323">
        <ele>3553.65</ele>
        <time>2016-08-08T14:41:31Z</time>
      </trkpt>
      <trkpt lat="41.401446126401424" lon="-122.18065886758268">
        <ele>3556.53</ele>
        <time>2016-08-08T14:41:51Z</time>
      </trkpt>
      <trkpt lat="41.40141578391194" lon="-122.18077302910388">
        <ele>3560.86</ele>
        <time>2016-08-08T14:42:39Z</time>
      </trkpt>
      <trkpt lat="41.4014975912869" lon="-122.18077730387449">
        <ele>3564.71</ele>
        <time>2016-08-08T14:42:57Z</time>
      </trkpt>
      <trkpt lat="41.40160722658038" lon="-122.18080077320337">
        <ele>3567.11</ele>
        <time>2016-08-08T14:43:17Z</time>
      </trkpt>
      <trkpt lat="41.40160211361945" lon="-122.18088987283409">
        <ele>3569.03</ele>
        <time>2016-08-08T14:43:36Z</time>
      </trkpt>
      <trkpt lat="41.40150169841945" lon="-122.18107720836997">
        <ele>3574.8</ele>
        <time>2016-08-08T14:44:14Z</time>
      </trkpt>
      <trkpt lat="41.40144931152463" lon="-122.18118927441537">
        <ele>3577.2</ele>
        <time>2016-08-08T14:44:33Z</time>
      </trkpt>
      <trkpt lat="41.401519887149334" lon="-122.1811824850738">
        <ele>3579.13</ele>
        <time>2016-08-08T14:44:49Z</time>
      </trkpt>
      <trkpt lat="41.401820378378034" lon="-122.18129723332822">
        <ele>3587.78</ele>
        <time>2016-08-08T14:45:50Z</time>
      </trkpt>
      <trkpt lat="41.40187595039606" lon="-122.18132170848548">
        <ele>3594.99</ele>
        <time>2016-08-08T14:46:50Z</time>
      </trkpt>
      <trkpt lat="41.40182691626251" lon="-122.18144458718598">
        <ele>3596.91</ele>
        <time>2016-08-08T14:47:14Z</time>
      </trkpt>
      <trkpt lat="41.40173722989857" lon="-122.18162588775158">
        <ele>3601.72</ele>
        <time>2016-08-08T14:47:49Z</time>
      </trkpt>
      <trkpt lat="41.401717280969024" lon="-122.18169461935759">
        <ele>3602.68</ele>
        <time>2016-08-08T14:47:59Z</time>
      </trkpt>
      <trkpt lat="41.4016873575747" lon="-122.18174147419631">
        <ele>3604.12</ele>
        <time>2016-08-08T14:48:09Z</time>
      </trkpt>
      <trkpt lat="41.401716358959675" lon="-122.18175379559398">
        <ele>3606.04</ele>
        <time>2016-08-08T14:48:18Z</time>
      </trkpt>
      <trkpt lat="41.40183253213763" lon="-122.18174792826176">
        <ele>3609.89</ele>
        <time>2016-08-08T14:48:42Z</time>
      </trkpt>
      <trkpt lat="41.40194082632661" lon="-122.18178564682603">
        <ele>3616.14</ele>
        <time>2016-08-08T14:49:10Z</time>
      </trkpt>
      <trkpt lat="41.401945604011416" lon="-122.18181431293488">
        <ele>3617.58</ele>
        <time>2016-08-08T14:49:21Z</time>
      </trkpt>
      <trkpt lat="41.40192238613963" lon="-122.18188011087477">
        <ele>3618.06</ele>
        <time>2016-08-08T14:49:31Z</time>
      </trkpt>
      <trkpt lat="41.40182314440608" lon="-122.18209544196725">
        <ele>3621.42</ele>
        <time>2016-08-08T14:50:13Z</time>
      </trkpt>
      <trkpt lat="41.40178458765149" lon="-122.18222100287676">
        <ele>3624.79</ele>
        <time>2016-08-08T14:50:38Z</time>
      </trkpt>
      <trkpt lat="41.40212514437735" lon="-122.18222091905773">
        <ele>3639.21</ele>
        <time>2016-08-08T14:51:51Z</time>
      </trkpt>
      <trkpt lat="41.40218758955598" lon="-122.18223525211215">
        <ele>3641.13</ele>
        <time>2016-08-08T14:52:03Z</time>
      </trkpt>
      <trkpt lat="41.402188427746296" lon="-122.18225218355656">
        <ele>3641.61</ele>
        <time>2016-08-08T14:52:21Z</time>
      </trkpt>
      <trkpt lat="41.402124892920256" lon="-122.18233684077859">
        <ele>3642.57</ele>
        <time>2016-08-08T14:52:37Z</time>
      </trkpt>
      <trkpt lat="41.402046689763665" lon="-122.18251277692616">
        <ele>3646.42</ele>
        <time>2016-08-08T14:53:15Z</time>
      </trkpt>
      <trkpt lat="41.40202187933028" lon="-122.18263464979827">
        <ele>3649.3</ele>
        <time>2016-08-08T14:53:57Z</time>
      </trkpt>
      <trkpt lat="41.40211198478937" lon="-122.18266809359193">
        <ele>3651.71</ele>
        <time>2016-08-08T14:54:14Z</time>
      </trkpt>
      <trkpt lat="41.40218323096633" lon="-122.18263783492148">
        <ele>3654.59</ele>
        <time>2016-08-08T14:59:35Z</time>
      </trkpt>
      <trkpt lat="41.402303930372" lon="-122.18269424512982">
        <ele>3657.95</ele>
        <time>2016-08-08T15:00:21Z</time>
      </trkpt>
      <trkpt lat="41.40234366059303" lon="-122.18269474804401">
        <ele>3659.4</ele>
        <time>2016-08-08T15:00:30Z</time>
      </trkpt>
      <trkpt lat="41.402302253991365" lon="-122.18277890235186">
        <ele>3662.76</ele>
        <time>2016-08-08T15:00:50Z</time>
      </trkpt>
      <trkpt lat="41.40227316878736" lon="-122.18281293287873">
        <ele>3664.2</ele>
        <time>2016-08-08T15:00:59Z</time>
      </trkpt>
      <trkpt lat="41.40225757844746" lon="-122.18289138749242">
        <ele>3666.61</ele>
        <time>2016-08-08T15:01:12Z</time>
      </trkpt>
      <trkpt lat="41.40222287736833" lon="-122.18295651488006">
        <ele>3667.57</ele>
        <time>2016-08-08T15:01:27Z</time>
      </trkpt>
      <trkpt lat="41.40222329646349" lon="-122.18300404027104">
        <ele>3668.05</ele>
        <time>2016-08-08T15:01:38Z</time>
      </trkpt>
      <trkpt lat="41.402299823239446" lon="-122.1830422617495">
        <ele>3670.93</ele>
        <time>2016-08-08T15:01:58Z</time>
      </trkpt>
      <trkpt lat="41.402358412742615" lon="-122.1830446086824">
        <ele>3673.82</ele>
        <time>2016-08-08T15:02:17Z</time>
      </trkpt>
      <trkpt lat="41.40243133530021" lon="-122.18307830393314">
        <ele>3677.18</ele>
        <time>2016-08-08T15:02:38Z</time>
      </trkpt>
      <trkpt lat="41.40256058424711" lon="-122.18308802694082">
        <ele>3681.99</ele>
        <time>2016-08-08T15:03:08Z</time>
      </trkpt>
      <trkpt lat="41.40279150567949" lon="-122.18315156176686">
        <ele>3689.2</ele>
        <time>2016-08-08T15:04:05Z</time>
      </trkpt>
      <trkpt lat="41.40283609740436" lon="-122.18315122649074">
        <ele>3694.0</ele>
        <time>2016-08-08T15:04:26Z</time>
      </trkpt>
      <trkpt lat="41.4029342494905" lon="-122.18317100778222">
        <ele>3697.37</ele>
        <time>2016-08-08T15:04:46Z</time>
      </trkpt>
      <trkpt lat="41.40300306491554" lon="-122.18320554122329">
        <ele>3699.77</ele>
        <time>2016-08-08T15:05:06Z</time>
      </trkpt>
      <trkpt lat="41.40300574712455" lon="-122.18323102220893">
        <ele>3701.21</ele>
        <time>2016-08-08T15:05:17Z</time>
      </trkpt>
      <trkpt lat="41.402938440442085" lon="-122.18334342353046">
        <ele>3704.1</ele>
        <time>2016-08-08T15:05:40Z</time>
      </trkpt>
      <trkpt lat="41.40285068191588" lon="-122.18358172103763">
        <ele>3709.87</ele>
        <time>2016-08-08T15:06:26Z</time>
      </trkpt>
      <trkpt lat="41.402749260887504" lon="-122.18381457030773">
        <ele>3717.56</ele>
        <time>2016-08-08T15:07:12Z</time>
      </trkpt>
      <trkpt lat="41.402717074379325" lon="-122.18390702269971">
        <ele>3719.96</ele>
        <time>2016-08-08T15:07:31Z</time>
      </trkpt>
      <trkpt lat="41.40269628725946" lon="-122.18401783145964">
        <ele>3722.84</ele>
        <time>2016-08-08T15:08:08Z</time>
      </trkpt>
      <trkpt lat="41.40263753011823" lon="-122.1841387823224">
        <ele>3726.69</ele>
        <time>2016-08-08T15:08:34Z</time>
      </trkpt>
      <trkpt lat="41.40262546017766" lon="-122.18419033102691">
        <ele>3728.13</ele>
        <time>2016-08-08T15:08:42Z</time>
      </trkpt>
      <trkpt lat="41.40263635665178" lon="-122.18422645702958">
        <ele>3729.57</ele>
        <time>2016-08-08T15:08:51Z</time>
      </trkpt>
      <trkpt lat="41.40270265750587" lon="-122.1842479147017">
        <ele>3731.49</ele>
        <time>2016-08-08T15:09:05Z</time>
      </trkpt>
      <trkpt lat="41.402804078534245" lon="-122.18425629660487">
        <ele>3732.46</ele>
        <time>2016-08-08T15:09:23Z</time>
      </trkpt>
      <trkpt lat="41.4028824493289" lon="-122.18425260856748">
        <ele>3734.86</ele>
        <time>2016-08-08T15:09:43Z</time>
      </trkpt>
      <trkpt lat="41.402998035773635" lon="-122.1842790953815">
        <ele>3738.7</ele>
        <time>2016-08-08T15:10:32Z</time>
      </trkpt>
      <trkpt lat="41.40310926362872" lon="-122.1843153052032">
        <ele>3746.4</ele>
        <time>2016-08-08T15:11:05Z</time>
      </trkpt>
      <trkpt lat="41.403068946674466" lon="-122.18438898213208">
        <ele>3748.32</ele>
        <time>2016-08-08T15:11:21Z</time>
      </trkpt>
      <trkpt lat="41.40305335633457" lon="-122.18444103375077">
        <ele>3749.28</ele>
        <time>2016-08-08T15:11:32Z</time>
      </trkpt>
      <trkpt lat="41.40297079458833" lon="-122.18461018055677">
        <ele>3752.64</ele>
        <time>2016-08-08T15:12:15Z</time>
      </trkpt>
      <trkpt lat="41.40293902717531" lon="-122.18470112420619">
        <ele>3756.97</ele>
        <time>2016-08-08T15:12:32Z</time>
      </trkpt>
      <trkpt lat="41.402935506775975" lon="-122.18481570482254">
        <ele>3760.81</ele>
        <time>2016-08-08T15:13:01Z</time>
      </trkpt>
      <trkpt lat="41.402913546189666" lon="-122.1848422754556">
        <ele>3761.3</ele>
        <time>2016-08-08T15:13:08Z</time>
      </trkpt>
      <trkpt lat="41.40285805799067" lon="-122.18497437424958">
        <ele>3765.14</ele>
        <time>2016-08-08T15:13:31Z</time>
      </trkpt>
      <trkpt lat="41.40292150899768" lon="-122.18499256297946">
        <ele>3766.1</ele>
        <time>2016-08-08T15:13:43Z</time>
      </trkpt>
      <trkpt lat="41.40300021506846" lon="-122.18498434871435">
        <ele>3767.54</ele>
        <time>2016-08-08T15:14:11Z</time>
      </trkpt>
      <trkpt lat="41.403120663017035" lon="-122.18499574810266">
        <ele>3766.58</ele>
        <time>2016-08-08T15:14:32Z</time>
      </trkpt>
      <trkpt lat="41.40304857864976" lon="-122.18506556935608">
        <ele>3771.87</ele>
        <time>2016-08-08T15:14:52Z</time>
      </trkpt>
      <trkpt lat="41.40300549566746" lon="-122.18512952327728">
        <ele>3774.27</ele>
        <time>2016-08-08T15:15:02Z</time>
      </trkpt>
      <trkpt lat="41.40300717204809" lon="-122.18516464345157">
        <ele>3775.23</ele>
        <time>2016-08-08T15:15:08Z</time>
      </trkpt>
      <trkpt lat="41.403075736016035" lon="-122.18516766093671">
        <ele>3777.16</ele>
        <time>2016-08-08T15:15:17Z</time>
      </trkpt>
      <trkpt lat="41.40313449315727" lon="-122.18514519743621">
        <ele>3777.64</ele>
        <time>2016-08-08T15:15:27Z</time>
      </trkpt>
      <trkpt lat="41.403181264176965" lon="-122.18514855019748">
        <ele>3778.12</ele>
        <time>2016-08-08T15:15:37Z</time>
      </trkpt>
      <trkpt lat="41.403178330510855" lon="-122.18516958877444">
        <ele>3778.6</ele>
        <time>2016-08-08T15:15:40Z</time>
      </trkpt>
      <trkpt lat="41.40311839990318" lon="-122.18523245304823">
        <ele>3782.93</ele>
        <time>2016-08-08T15:15:56Z</time>
      </trkpt>
      <trkpt lat="41.40308721922338" lon="-122.18530068174005">
        <ele>3783.89</ele>
        <time>2016-08-08T15:16:09Z</time>
      </trkpt>
      <trkpt lat="41.40312108211219" lon="-122.18530671671033">
        <ele>3784.37</ele>
        <time>2016-08-08T15:16:14Z</time>
      </trkpt>
      <trkpt lat="41.40319878235459" lon="-122.18529271893203">
        <ele>3785.81</ele>
        <time>2016-08-08T15:16:23Z</time>
      </trkpt>
      <trkpt lat="41.40326508320868" lon="-122.18529858626425">
        <ele>3787.25</ele>
        <time>2016-08-08T15:16:34Z</time>
      </trkpt>
      <trkpt lat="41.40319425612688" lon="-122.18539531342685">
        <ele>3791.58</ele>
        <time>2016-08-08T15:17:02Z</time>
      </trkpt>
      <trkpt lat="41.403195429593325" lon="-122.18545340001583">
        <ele>3793.98</ele>
        <time>2016-08-08T15:17:11Z</time>
      </trkpt>
      <trkpt lat="41.40333238989115" lon="-122.18546622432768">
        <ele>3798.31</ele>
        <time>2016-08-08T15:17:40Z</time>
      </trkpt>
      <trkpt lat="41.40330070629716" lon="-122.18547804281116">
        <ele>3799.75</ele>
        <time>2016-08-08T15:17:49Z</time>
      </trkpt>
      <trkpt lat="41.40324764885008" lon="-122.18559823930264">
        <ele>3802.63</ele>
        <time>2016-08-08T15:18:11Z</time>
      </trkpt>
      <trkpt lat="41.403291234746575" lon="-122.18564090318978">
        <ele>3803.11</ele>
        <time>2016-08-08T15:18:21Z</time>
      </trkpt>
      <trkpt lat="41.403387458994985" lon="-122.18563201837242">
        <ele>3806.48</ele>
        <time>2016-08-08T15:18:36Z</time>
      </trkpt>
      <trkpt lat="41.4033589605242" lon="-122.18571248464286">
        <ele>3809.84</ele>
        <time>2016-08-08T15:18:57Z</time>
      </trkpt>
      <trkpt lat="41.403401205316186" lon="-122.18573939055204">
        <ele>3811.76</ele>
        <time>2016-08-08T15:19:09Z</time>
      </trkpt>
      <trkpt lat="41.40338033437729" lon="-122.18583041802049">
        <ele>3816.09</ele>
        <time>2016-08-08T15:19:36Z</time>
      </trkpt>
      <trkpt lat="41.40345417894423" lon="-122.18588892370462">
        <ele>3821.86</ele>
        <time>2016-08-08T15:19:58Z</time>
      </trkpt>
      <trkpt lat="41.40347429551184" lon="-122.18592144548893">
        <ele>3823.78</ele>
        <time>2016-08-08T15:20:09Z</time>
      </trkpt>
      <trkpt lat="41.403448563069105" lon="-122.18598330393434">
        <ele>3825.22</ele>
        <time>2016-08-08T15:20:20Z</time>
      </trkpt>
      <trkpt lat="41.40337396413088" lon="-122.18610869720578">
        <ele>3828.11</ele>
        <time>2016-08-08T15:20:45Z</time>
      </trkpt>
      <trkpt lat="41.40338393859565" lon="-122.18614180572331">
        <ele>3829.07</ele>
        <time>2016-08-08T15:20:54Z</time>
      </trkpt>
      <trkpt lat="41.40350681729615" lon="-122.18614750541747">
        <ele>3831.47</ele>
        <time>2016-08-08T15:21:18Z</time>
      </trkpt>
      <trkpt lat="41.40346826054156" lon="-122.18619612045586">
        <ele>3833.39</ele>
        <time>2016-08-08T15:21:28Z</time>
      </trkpt>
      <trkpt lat="41.40343615785241" lon="-122.18626527115703">
        <ele>3834.84</ele>
        <time>2016-08-08T15:21:41Z</time>
      </trkpt>
      <trkpt lat="41.403534980490804" lon="-122.18626979738474">
        <ele>3836.28</ele>
        <time>2016-08-08T15:22:26Z</time>
      </trkpt>
      <trkpt lat="41.403585858643055" lon="-122.18628723174334">
        <ele>3837.24</ele>
        <time>2016-08-08T15:22:37Z</time>
      </trkpt>
      <trkpt lat="41.403520815074444" lon="-122.18642829917371">
        <ele>3842.53</ele>
        <time>2016-08-08T15:23:01Z</time>
      </trkpt>
      <trkpt lat="41.403582505881786" lon="-122.18643601052463">
        <ele>3844.45</ele>
        <time>2016-08-08T15:23:31Z</time>
      </trkpt>
      <trkpt lat="41.40362424775958" lon="-122.18646962195635">
        <ele>3843.49</ele>
        <time>2016-08-08T15:23:42Z</time>
      </trkpt>
      <trkpt lat="41.40363154001534" lon="-122.1865012217313">
        <ele>3843.97</ele>
        <time>2016-08-08T15:23:57Z</time>
      </trkpt>
      <trkpt lat="41.40358032658696" lon="-122.18654497526586">
        <ele>3845.89</ele>
        <time>2016-08-08T15:24:07Z</time>
      </trkpt>
      <trkpt lat="41.403564903885126" lon="-122.18660239130259">
        <ele>3848.78</ele>
        <time>2016-08-08T15:24:18Z</time>
      </trkpt>
      <trkpt lat="41.40363061800599" lon="-122.1866225078702">
        <ele>3851.18</ele>
        <time>2016-08-08T15:24:35Z</time>
      </trkpt>
      <trkpt lat="41.403608322143555" lon="-122.18673105351627">
        <ele>3853.58</ele>
        <time>2016-08-08T15:24:56Z</time>
      </trkpt>
      <trkpt lat="41.40369180589914" lon="-122.18674262054265">
        <ele>3861.27</ele>
        <time>2016-08-08T15:25:19Z</time>
      </trkpt>
      <trkpt lat="41.40368275344372" lon="-122.1867900621146">
        <ele>3864.16</ele>
        <time>2016-08-08T15:25:42Z</time>
      </trkpt>
      <trkpt lat="41.40374310314655" lon="-122.18686424195766">
        <ele>3866.56</ele>
        <time>2016-08-08T15:26:03Z</time>
      </trkpt>
      <trkpt lat="41.4036766346544" lon="-122.18693473376334">
        <ele>3869.44</ele>
        <time>2016-08-08T15:26:28Z</time>
      </trkpt>
      <trkpt lat="41.40370865352452" lon="-122.1869835164398">
        <ele>3871.37</ele>
        <time>2016-08-08T15:26:40Z</time>
      </trkpt>
      <trkpt lat="41.4037511497736" lon="-122.18698552809656">
        <ele>3873.77</ele>
        <time>2016-08-08T15:26:51Z</time>
      </trkpt>
      <trkpt lat="41.40373790636659" lon="-122.18704663217068">
        <ele>3875.21</ele>
        <time>2016-08-08T15:27:06Z</time>
      </trkpt>
      <trkpt lat="41.403787108138204" lon="-122.18708435073495">
        <ele>3876.65</ele>
        <time>2016-08-08T15:27:21Z</time>
      </trkpt>
      <trkpt lat="41.40375894494355" lon="-122.18717428855598">
        <ele>3880.5</ele>
        <time>2016-08-08T15:27:52Z</time>
      </trkpt>
      <trkpt lat="41.40379213728011" lon="-122.18721083365381">
        <ele>3882.9</ele>
        <time>2016-08-08T15:28:02Z</time>
      </trkpt>
      <trkpt lat="41.403773948550224" lon="-122.18724503181875">
        <ele>3884.82</ele>
        <time>2016-08-08T15:28:10Z</time>
      </trkpt>
      <trkpt lat="41.40380445867777" lon="-122.18725685030222">
        <ele>3886.75</ele>
        <time>2016-08-08T15:28:19Z</time>
      </trkpt>
      <trkpt lat="41.40382985584438" lon="-122.18731015920639">
        <ele>3890.11</ele>
        <time>2016-08-08T15:28:41Z</time>
      </trkpt>
      <trkpt lat="41.40388651750982" lon="-122.18734544701874">
        <ele>3894.44</ele>
        <time>2016-08-08T15:29:15Z</time>
      </trkpt>
      <trkpt lat="41.4038513135165" lon="-122.18746245838702">
        <ele>3897.8</ele>
        <time>2016-08-08T15:29:43Z</time>
      </trkpt>
      <trkpt lat="41.40384812839329" lon="-122.1875097323209">
        <ele>3896.36</ele>
        <time>2016-08-08T15:30:14Z</time>
      </trkpt>
      <trkpt lat="41.40386790968478" lon="-122.18756790272892">
        <ele>3898.28</ele>
        <time>2016-08-08T15:30:43Z</time>
      </trkpt>
      <trkpt lat="41.40386858023703" lon="-122.1876846626401">
        <ele>3900.69</ele>
        <time>2016-08-08T15:31:16Z</time>
      </trkpt>
      <trkpt lat="41.403972851112485" lon="-122.18769622966647">
        <ele>3901.17</ele>
        <time>2016-08-08T15:32:01Z</time>
      </trkpt>
      <trkpt lat="41.40401006676257" lon="-122.18772875145078">
        <ele>3904.53</ele>
        <time>2016-08-08T15:32:42Z</time>
      </trkpt>
      <trkpt lat="41.40399204567075" lon="-122.18776169233024">
        <ele>3906.45</ele>
        <time>2016-08-08T15:32:58Z</time>
      </trkpt>
      <trkpt lat="41.40400629490614" lon="-122.18782640062273">
        <ele>3908.38</ele>
        <time>2016-08-08T15:33:10Z</time>
      </trkpt>
      <trkpt lat="41.40407997183502" lon="-122.1878860797733">
        <ele>3917.03</ele>
        <time>2016-08-08T15:34:02Z</time>
      </trkpt>
      <trkpt lat="41.40409338288009" lon="-122.18794542364776">
        <ele>3919.91</ele>
        <time>2016-08-08T15:40:24Z</time>
      </trkpt>
      <trkpt lat="41.40411827713251" lon="-122.18795883469284">
        <ele>3917.99</ele>
        <time>2016-08-08T15:42:14Z</time>
      </trkpt>
      <trkpt lat="41.40417971648276" lon="-122.18803360126913">
        <ele>3916.55</ele>
        <time>2016-08-08T15:42:47Z</time>
      </trkpt>
      <trkpt lat="41.404191786423326" lon="-122.18809319660068">
        <ele>3920.39</ele>
        <time>2016-08-08T15:43:14Z</time>
      </trkpt>
      <trkpt lat="41.404261691495776" lon="-122.18815195374191">
        <ele>3925.2</ele>
        <time>2016-08-08T15:43:35Z</time>
      </trkpt>
      <trkpt lat="41.404289016500115" lon="-122.18819118104875">
        <ele>3928.08</ele>
        <time>2016-08-08T15:43:48Z</time>
      </trkpt>
      <trkpt lat="41.40437367372215" lon="-122.18822319991887">
        <ele>3930.01</ele>
        <time>2016-08-08T15:44:06Z</time>
      </trkpt>
      <trkpt lat="41.404496720060706" lon="-122.18832445330918">
        <ele>3935.77</ele>
        <time>2016-08-08T15:44:42Z</time>
      </trkpt>
      <trkpt lat="41.40457031317055" lon="-122.18836158514023">
        <ele>3941.06</ele>
        <time>2016-08-08T15:45:09Z</time>
      </trkpt>
      <trkpt lat="41.404667710885406" lon="-122.1884233597666">
        <ele>3942.5</ele>
        <time>2016-08-08T15:45:30Z</time>
      </trkpt>
      <trkpt lat="41.40472101978958" lon="-122.18843467533588">
        <ele>3942.98</ele>
        <time>2016-08-08T15:45:43Z</time>
      </trkpt>
      <trkpt lat="41.40477986074984" lon="-122.18847759068012">
        <ele>3943.47</ele>
        <time>2016-08-08T15:45:58Z</time>
      </trkpt>
      <trkpt lat="41.404843060299754" lon="-122.18849527649581">
        <ele>3945.87</ele>
        <time>2016-08-08T15:46:10Z</time>
      </trkpt>
      <trkpt lat="41.40497524291277" lon="-122.18859443441033">
        <ele>3948.75</ele>
        <time>2016-08-08T15:46:54Z</time>
      </trkpt>
      <trkpt lat="41.40499519184232" lon="-122.18862326815724">
        <ele>3950.67</ele>
        <time>2016-08-08T15:47:06Z</time>
      </trkpt>
      <trkpt lat="41.40509124845266" lon="-122.18866660259664">
        <ele>3956.44</ele>
        <time>2016-08-08T15:47:34Z</time>
      </trkpt>
      <trkpt lat="41.4051341637969" lon="-122.18872309662402">
        <ele>3959.33</ele>
        <time>2016-08-08T15:48:03Z</time>
      </trkpt>
      <trkpt lat="41.40512033365667" lon="-122.18880197033286">
        <ele>3962.69</ele>
        <time>2016-08-08T15:48:32Z</time>
      </trkpt>
      <trkpt lat="41.40517615713179" lon="-122.18885921873152">
        <ele>3971.34</ele>
        <time>2016-08-08T15:49:13Z</time>
      </trkpt>
      <trkpt lat="41.40521043911576" lon="-122.18893054872751">
        <ele>3973.75</ele>
        <time>2016-08-08T15:49:44Z</time>
      </trkpt>
      <trkpt lat="41.405166601762176" lon="-122.1890779864043">
        <ele>3978.55</ele>
        <time>2016-08-08T15:50:52Z</time>
      </trkpt>
      <trkpt lat="41.405141204595566" lon="-122.18911000527442">
        <ele>3980.48</ele>
        <time>2016-08-08T15:51:06Z</time>
      </trkpt>
      <trkpt lat="41.405191915109754" lon="-122.18915007077157">
        <ele>3983.36</ele>
        <time>2016-08-08T15:51:28Z</time>
      </trkpt>
      <trkpt lat="41.40525561757386" lon="-122.18923078849912">
        <ele>3985.76</ele>
        <time>2016-08-08T15:52:20Z</time>
      </trkpt>
      <trkpt lat="41.40529283322394" lon="-122.189304465428">
        <ele>3989.61</ele>
        <time>2016-08-08T15:53:12Z</time>
      </trkpt>
      <trkpt lat="41.40526341274381" lon="-122.18936908990145">
        <ele>3992.49</ele>
        <time>2016-08-08T15:54:59Z</time>
      </trkpt>
      <trkpt lat="41.40529777854681" lon="-122.18940085731447">
        <ele>3995.86</ele>
        <time>2016-08-08T15:55:40Z</time>
      </trkpt>
      <trkpt lat="41.405264334753156" lon="-122.18944452702999">
        <ele>3996.34</ele>
        <time>2016-08-08T15:55:53Z</time>
      </trkpt>
      <trkpt lat="41.405339017510414" lon="-122.18956237658858">
        <ele>3999.7</ele>
        <time>2016-08-08T15:57:27Z</time>
      </trkpt>
      <trkpt lat="41.40540171414614" lon="-122.18960051424801">
        <ele>4004.99</ele>
        <time>2016-08-08T15:58:28Z</time>
      </trkpt>
      <trkpt lat="41.405395679175854" lon="-122.18966740183532">
        <ele>4008.83</ele>
        <time>2016-08-08T15:58:59Z</time>
      </trkpt>
      <trkpt lat="41.40542903915048" lon="-122.1897637937218">
        <ele>4016.04</ele>
        <time>2016-08-08T16:00:23Z</time>
      </trkpt>
      <trkpt lat="41.405343459919095" lon="-122.18981073237956">
        <ele>4015.56</ele>
        <time>2016-08-08T16:01:27Z</time>
      </trkpt>
      <trkpt lat="41.405373802408576" lon="-122.18986328691244">
        <ele>4017.01</ele>
        <time>2016-08-08T16:02:02Z</time>
      </trkpt>
      <trkpt lat="41.40542224980891" lon="-122.18986404128373">
        <ele>4017.97</ele>
        <time>2016-08-08T16:02:33Z</time>
      </trkpt>
      <trkpt lat="41.405387464910746" lon="-122.18992045149207">
        <ele>4019.89</ele>
        <time>2016-08-08T16:03:00Z</time>
      </trkpt>
      <trkpt lat="41.405373215675354" lon="-122.18997426331043">
        <ele>4022.77</ele>
        <time>2016-08-08T16:03:34Z</time>
      </trkpt>
      <trkpt lat="41.40543012879789" lon="-122.19002421945333">
        <ele>4024.22</ele>
        <time>2016-08-08T16:05:15Z</time>
      </trkpt>
      <trkpt lat="41.40541948378086" lon="-122.19008482061327">
        <ele>4028.54</ele>
        <time>2016-08-08T16:05:46Z</time>
      </trkpt>
      <trkpt lat="41.405431469902396" lon="-122.19014449976385">
        <ele>4029.98</ele>
        <time>2016-08-08T16:06:07Z</time>
      </trkpt>
      <trkpt lat="41.4053897280246" lon="-122.1901937853545">
        <ele>4034.31</ele>
        <time>2016-08-08T16:07:22Z</time>
      </trkpt>
      <trkpt lat="41.40543540939689" lon="-122.19023535959423">
        <ele>4038.64</ele>
        <time>2016-08-08T16:08:08Z</time>
      </trkpt>
      <trkpt lat="41.405423087999225" lon="-122.19028053805232">
        <ele>4041.52</ele>
        <time>2016-08-08T16:08:42Z</time>
      </trkpt>
      <trkpt lat="41.40538511797786" lon="-122.19029864296317">
        <ele>4042.48</ele>
        <time>2016-08-08T16:09:21Z</time>
      </trkpt>
      <trkpt lat="41.40538863837719" lon="-122.19035932794213">
        <ele>4049.21</ele>
        <time>2016-08-08T16:11:14Z</time>
      </trkpt>
      <trkpt lat="41.40537514351308" lon="-122.19040241092443">
        <ele>4053.54</ele>
        <time>2016-08-08T16:11:46Z</time>
      </trkpt>
      <trkpt lat="41.40534555539489" lon="-122.19041959382594">
        <ele>4057.86</ele>
        <time>2016-08-08T16:12:27Z</time>
      </trkpt>
      <trkpt lat="41.40531278215349" lon="-122.1904770936817">
        <ele>4058.82</ele>
        <time>2016-08-08T16:12:58Z</time>
      </trkpt>
      <trkpt lat="41.40533432364464" lon="-122.19051598571241">
        <ele>4060.75</ele>
        <time>2016-08-08T16:13:30Z</time>
      </trkpt>
      <trkpt lat="41.40530054457486" lon="-122.19051347114146">
        <ele>4061.23</ele>
        <time>2016-08-08T16:14:03Z</time>
      </trkpt>
      <trkpt lat="41.4053033106029" lon="-122.19057742506266">
        <ele>4062.67</ele>
        <time>2016-08-08T16:15:02Z</time>
      </trkpt>
      <trkpt lat="41.40526324510574" lon="-122.1906956937164">
        <ele>4074.69</ele>
        <time>2016-08-08T16:17:19Z</time>
      </trkpt>
      <trkpt lat="41.40529207885265" lon="-122.1907133795321">
        <ele>4076.61</ele>
        <time>2016-08-08T16:17:54Z</time>
      </trkpt>
      <trkpt lat="41.40528000891209" lon="-122.19075193628669">
        <ele>4077.57</ele>
        <time>2016-08-08T16:18:04Z</time>
      </trkpt>
      <trkpt lat="41.40534614212811" lon="-122.19078940339386">
        <ele>4083.82</ele>
        <time>2016-08-08T16:19:22Z</time>
      </trkpt>
      <trkpt lat="41.40531303361058" lon="-122.19087825156748">
        <ele>4086.22</ele>
        <time>2016-08-08T16:20:55Z</time>
      </trkpt>
      <trkpt lat="41.40527623705566" lon="-122.1909237653017">
        <ele>4092.47</ele>
        <time>2016-08-08T16:21:33Z</time>
      </trkpt>
      <trkpt lat="41.405289229005575" lon="-122.19095687381923">
        <ele>4092.95</ele>
        <time>2016-08-08T16:21:58Z</time>
      </trkpt>
      <trkpt lat="41.40525729395449" lon="-122.19103859737515">
        <ele>4094.39</ele>
        <time>2016-08-08T16:22:41Z</time>
      </trkpt>
      <trkpt lat="41.40529375523329" lon="-122.1910603903234">
        <ele>4095.35</ele>
        <time>2016-08-08T16:23:05Z</time>
      </trkpt>
      <trkpt lat="41.405312698334455" lon="-122.19109877943993">
        <ele>4098.24</ele>
        <time>2016-08-08T16:23:39Z</time>
      </trkpt>
      <trkpt lat="41.40533591620624" lon="-122.19108738005161">
        <ele>4099.68</ele>
        <time>2016-08-08T16:23:56Z</time>
      </trkpt>
      <trkpt lat="41.40537950210273" lon="-122.19111554324627">
        <ele>4101.6</ele>
        <time>2016-08-08T16:24:18Z</time>
      </trkpt>
      <trkpt lat="41.40538218431175" lon="-122.19116323627532">
        <ele>4103.04</ele>
        <time>2016-08-08T16:24:27Z</time>
      </trkpt>
      <trkpt lat="41.4054243452847" lon="-122.19127094373107">
        <ele>4107.37</ele>
        <time>2016-08-08T16:24:56Z</time>
      </trkpt>
      <trkpt lat="41.40541227534413" lon="-122.19131318852305">
        <ele>4109.77</ele>
        <time>2016-08-08T16:25:07Z</time>
      </trkpt>
      <trkpt lat="41.40553833916783" lon="-122.19138007611036">
        <ele>4114.1</ele>
        <time>2016-08-08T16:26:37Z</time>
      </trkpt>
      <trkpt lat="41.40551663003862" lon="-122.19144612550735">
        <ele>4115.06</ele>
        <time>2016-08-08T16:26:47Z</time>
      </trkpt>
      <trkpt lat="41.40550883486867" lon="-122.19152072444558">
        <ele>4116.98</ele>
        <time>2016-08-08T16:27:03Z</time>
      </trkpt>
      <trkpt lat="41.40555342659354" lon="-122.19159549102187">
        <ele>4118.43</ele>
        <time>2016-08-08T16:27:28Z</time>
      </trkpt>
      <trkpt lat="41.40556013211608" lon="-122.19165097922087">
        <ele>4118.91</ele>
        <time>2016-08-08T16:27:37Z</time>
      </trkpt>
      <trkpt lat="41.40559634193778" lon="-122.19166631810367">
        <ele>4120.35</ele>
        <time>2016-08-08T16:27:49Z</time>
      </trkpt>
      <trkpt lat="41.40557270497084" lon="-122.19177922233939">
        <ele>4124.19</ele>
        <time>2016-08-08T16:28:08Z</time>
      </trkpt>
      <trkpt lat="41.405604807659984" lon="-122.19180881045759">
        <ele>4125.15</ele>
        <time>2016-08-08T16:28:18Z</time>
      </trkpt>
      <trkpt lat="41.40560757368803" lon="-122.19193973578513">
        <ele>4131.4</ele>
        <time>2016-08-08T16:29:11Z</time>
      </trkpt>
      <trkpt lat="41.40563238412142" lon="-122.19196152873337">
        <ele>4133.81</ele>
        <time>2016-08-08T16:29:23Z</time>
      </trkpt>
      <trkpt lat="41.405663564801216" lon="-122.19207937829196">
        <ele>4140.54</ele>
        <time>2016-08-08T16:29:49Z</time>
      </trkpt>
      <trkpt lat="41.405694829300046" lon="-122.1920842397958">
        <ele>4141.5</ele>
        <time>2016-08-08T16:30:00Z</time>
      </trkpt>
      <trkpt lat="41.40589968301356" lon="-122.19230870716274">
        <ele>4153.99</ele>
        <time>2016-08-08T16:31:29Z</time>
      </trkpt>
      <trkpt lat="41.405964558944106" lon="-122.19239780679345">
        <ele>4156.88</ele>
        <time>2016-08-08T16:36:53Z</time>
      </trkpt>
      <trkpt lat="41.405996326357126" lon="-122.19246301800013">
        <ele>4160.72</ele>
        <time>2016-08-08T16:37:20Z</time>
      </trkpt>
      <trkpt lat="41.40600252896547" lon="-122.1925078611821">
        <ele>4162.17</ele>
        <time>2016-08-08T16:37:32Z</time>
      </trkpt>
      <trkpt lat="41.40608257614076" lon="-122.19269352033734">
        <ele>4170.34</ele>
        <time>2016-08-08T16:38:29Z</time>
      </trkpt>
      <trkpt lat="41.40618952922523" lon="-122.19284481368959">
        <ele>4176.1</ele>
        <time>2016-08-08T16:39:29Z</time>
      </trkpt>
      <trkpt lat="41.40615130774677" lon="-122.19291212037206">
        <ele>4179.95</ele>
        <time>2016-08-08T16:39:52Z</time>
      </trkpt>
      <trkpt lat="41.406153654679656" lon="-122.19294439069927">
        <ele>4180.43</ele>
        <time>2016-08-08T16:40:02Z</time>
      </trkpt>
      <trkpt lat="41.406205454841256" lon="-122.19299719668925">
        <ele>4183.31</ele>
        <time>2016-08-08T16:40:25Z</time>
      </trkpt>
      <trkpt lat="41.40626764856279" lon="-122.19310951419175">
        <ele>4190.04</ele>
        <time>2016-08-08T16:41:09Z</time>
      </trkpt>
      <trkpt lat="41.40630528330803" lon="-122.19314966350794">
        <ele>4191.49</ele>
        <time>2016-08-08T16:41:20Z</time>
      </trkpt>
      <trkpt lat="41.406357837840915" lon="-122.19323725439608">
        <ele>4193.89</ele>
        <time>2016-08-08T16:41:41Z</time>
      </trkpt>
      <trkpt lat="41.40640905126929" lon="-122.19328754581511">
        <ele>4195.81</ele>
        <time>2016-08-08T16:41:56Z</time>
      </trkpt>
      <trkpt lat="41.40650963410735" lon="-122.19334957189858">
        <ele>4197.73</ele>
        <time>2016-08-08T16:42:16Z</time>
      </trkpt>
      <trkpt lat="41.40662094578147" lon="-122.19342978671193">
        <ele>4201.1</ele>
        <time>2016-08-08T16:42:40Z</time>
      </trkpt>
      <trkpt lat="41.40673418529332" lon="-122.19354277476668">
        <ele>4206.87</ele>
        <time>2016-08-08T16:43:19Z</time>
      </trkpt>
      <trkpt lat="41.40680652111769" lon="-122.19356481917202">
        <ele>4208.31</ele>
        <time>2016-08-08T16:43:51Z</time>
      </trkpt>
      <trkpt lat="41.40683929435909" lon="-122.1936112549156">
        <ele>4208.79</ele>
        <time>2016-08-08T16:44:00Z</time>
      </trkpt>
      <trkpt lat="41.40681498683989" lon="-122.19365886412561">
        <ele>4211.19</ele>
        <time>2016-08-08T16:44:11Z</time>
      </trkpt>
      <trkpt lat="41.40682043507695" lon="-122.1937109157443">
        <ele>4213.12</ele>
        <time>2016-08-08T16:44:20Z</time>
      </trkpt>
      <trkpt lat="41.406905176118016" lon="-122.19379565678537">
        <ele>4215.04</ele>
        <time>2016-08-08T16:44:40Z</time>
      </trkpt>
      <trkpt lat="41.406964687630534" lon="-122.19389372505248">
        <ele>4215.04</ele>
        <time>2016-08-08T16:44:51Z</time>
      </trkpt>
      <trkpt lat="41.407040040940046" lon="-122.19405063427985">
        <ele>4215.52</ele>
        <time>2016-08-08T16:45:07Z</time>
      </trkpt>
      <trkpt lat="41.40710382722318" lon="-122.19413721933961">
        <ele>4216.96</ele>
        <time>2016-08-08T16:45:27Z</time>
      </trkpt>
      <trkpt lat="41.407113717868924" lon="-122.19420720823109">
        <ele>4218.4</ele>
        <time>2016-08-08T16:45:40Z</time>
      </trkpt>
      <trkpt lat="41.40717599540949" lon="-122.19425817020237">
        <ele>4221.77</ele>
        <time>2016-08-08T16:45:58Z</time>
      </trkpt>
      <trkpt lat="41.40717985108495" lon="-122.19431047327816">
        <ele>4223.21</ele>
        <time>2016-08-08T16:46:07Z</time>
      </trkpt>
      <trkpt lat="41.40723844058812" lon="-122.19440351240337">
        <ele>4228.02</ele>
        <time>2016-08-08T16:46:35Z</time>
      </trkpt>
      <trkpt lat="41.40727230347693" lon="-122.19442069530487">
        <ele>4228.98</ele>
        <time>2016-08-08T16:46:46Z</time>
      </trkpt>
      <trkpt lat="41.407280936837196" lon="-122.19446361064911">
        <ele>4229.94</ele>
        <time>2016-08-08T16:46:56Z</time>
      </trkpt>
      <trkpt lat="41.40738160349429" lon="-122.19449453987181">
        <ele>4235.23</ele>
        <time>2016-08-08T16:47:36Z</time>
      </trkpt>
      <trkpt lat="41.40745125710964" lon="-122.19470132142305">
        <ele>4242.44</ele>
        <time>2016-08-08T16:48:17Z</time>
      </trkpt>
      <trkpt lat="41.40752141363919" lon="-122.19480031169951">
        <ele>4242.92</ele>
        <time>2016-08-08T16:48:36Z</time>
      </trkpt>
      <trkpt lat="41.40755393542349" lon="-122.19480752013624">
        <ele>4241.95</ele>
        <time>2016-08-08T16:48:39Z</time>
      </trkpt>
      <trkpt lat="41.407683938741684" lon="-122.19479536637664">
        <ele>4240.51</ele>
        <time>2016-08-08T16:48:57Z</time>
      </trkpt>
      <trkpt lat="41.40780036337674" lon="-122.19482344575226">
        <ele>4239.07</ele>
        <time>2016-08-08T16:49:14Z</time>
      </trkpt>
      <trkpt lat="41.407871106639504" lon="-122.19485403969884">
        <ele>4239.07</ele>
        <time>2016-08-08T16:49:23Z</time>
      </trkpt>
      <trkpt lat="41.40800982713699" lon="-122.19495898112655">
        <ele>4241.95</ele>
        <time>2016-08-08T16:49:45Z</time>
      </trkpt>
      <trkpt lat="41.40803027898073" lon="-122.19493207521737">
        <ele>4242.92</ele>
        <time>2016-08-08T16:49:52Z</time>
      </trkpt>
      <trkpt lat="41.4080405049026" lon="-122.19485118985176">
        <ele>4243.88</ele>
        <time>2016-08-08T16:50:01Z</time>
      </trkpt>
      <trkpt lat="41.4080700930208" lon="-122.19494188204408">
        <ele>4244.36</ele>
        <time>2016-08-08T16:55:15Z</time>
      </trkpt>
      <trkpt lat="41.408159863203764" lon="-122.1950614079833">
        <ele>4243.4</ele>
        <time>2016-08-08T16:55:51Z</time>
      </trkpt>
      <trkpt lat="41.408249298110604" lon="-122.19514103606343">
        <ele>4243.88</ele>
        <time>2016-08-08T16:56:09Z</time>
      </trkpt>
      <trkpt lat="41.40828508883715" lon="-122.19515075907111">
        <ele>4243.4</ele>
        <time>2016-08-08T16:56:14Z</time>
      </trkpt>
      <trkpt lat="41.40836153179407" lon="-122.19522678293288">
        <ele>4245.8</ele>
        <time>2016-08-08T16:56:32Z</time>
      </trkpt>
      <trkpt lat="41.40842439606786" lon="-122.19525544904172">
        <ele>4248.2</ele>
        <time>2016-08-08T16:56:47Z</time>
      </trkpt>
      <trkpt lat="41.408542497083545" lon="-122.19542191363871">
        <ele>4251.57</ele>
        <time>2016-08-08T16:57:22Z</time>
      </trkpt>
      <trkpt lat="41.40864400193095" lon="-122.19552316702902">
        <ele>4253.01</ele>
        <time>2016-08-08T16:57:51Z</time>
      </trkpt>
      <trkpt lat="41.40868599526584" lon="-122.19562534242868">
        <ele>4253.49</ele>
        <time>2016-08-08T16:58:09Z</time>
      </trkpt>
      <trkpt lat="41.408712565898895" lon="-122.19565970823169">
        <ele>4252.05</ele>
        <time>2016-08-08T16:58:19Z</time>
      </trkpt>
      <trkpt lat="41.40881231054664" lon="-122.19573439098895">
        <ele>4249.65</ele>
        <time>2016-08-08T16:59:07Z</time>
      </trkpt>
      <trkpt lat="41.40889411792159" lon="-122.19577361829579">
        <ele>4250.13</ele>
        <time>2016-08-08T16:59:19Z</time>
      </trkpt>
      <trkpt lat="41.409017499536276" lon="-122.19586933963001">
        <ele>4248.68</ele>
        <time>2016-08-08T16:59:42Z</time>
      </trkpt>
      <trkpt lat="41.40913115814328" lon="-122.19588752835989">
        <ele>4249.16</ele>
        <time>2016-08-08T17:00:05Z</time>
      </trkpt>
      <trkpt lat="41.409198716282845" lon="-122.19584964215755">
        <ele>4251.09</ele>
        <time>2016-08-08T17:00:20Z</time>
      </trkpt>
      <trkpt lat="41.409234926104546" lon="-122.19576087780297">
        <ele>4253.49</ele>
        <time>2016-08-08T17:00:37Z</time>
      </trkpt>
      <trkpt lat="41.40926543623209" lon="-122.19575123861432">
        <ele>4253.49</ele>
        <time>2016-08-08T17:00:42Z</time>
      </trkpt>
      <trkpt lat="41.40930449590087" lon="-122.19569943845272">
        <ele>4254.45</ele>
        <time>2016-08-08T17:00:52Z</time>
      </trkpt>
      <trkpt lat="41.40934397466481" lon="-122.19567538239062">
        <ele>4256.37</ele>
        <time>2016-08-08T17:01:02Z</time>
      </trkpt>
      <trkpt lat="41.409356044605374" lon="-122.19563967548311">
        <ele>4258.78</ele>
        <time>2016-08-08T17:01:09Z</time>
      </trkpt>
      <trkpt lat="41.40932167880237" lon="-122.19559977762401">
        <ele>4261.66</ele>
        <time>2016-08-08T17:01:21Z</time>
      </trkpt>
      <trkpt lat="41.409343304112554" lon="-122.19557723030448">
        <ele>4264.06</ele>
        <time>2016-08-08T17:01:32Z</time>
      </trkpt>
      <trkpt lat="41.40939342789352" lon="-122.1955709438771">
        <ele>4266.95</ele>
        <time>2016-08-08T17:01:54Z</time>
      </trkpt>
      <trkpt lat="41.40934900380671" lon="-122.1954934950918">
        <ele>4270.31</ele>
        <time>2016-08-08T17:02:14Z</time>
      </trkpt>
      <trkpt lat="41.40925814397633" lon="-122.19543104991317">
        <ele>4273.68</ele>
        <time>2016-08-08T17:02:35Z</time>
      </trkpt>
      <trkpt lat="41.409268118441105" lon="-122.19540280289948">
        <ele>4274.64</ele>
        <time>2016-08-08T17:02:52Z</time>
      </trkpt>
      <trkpt lat="41.40933374874294" lon="-122.19534052535892">
        <ele>4278.48</ele>
        <time>2016-08-08T17:03:12Z</time>
      </trkpt>
      <trkpt lat="41.40936467796564" lon="-122.1953375916928">
        <ele>4280.41</ele>
        <time>2016-08-08T17:03:18Z</time>
      </trkpt>
      <trkpt lat="41.409462159499526" lon="-122.19524547457695">
        <ele>4285.69</ele>
        <time>2016-08-08T17:03:49Z</time>
      </trkpt>
      <trkpt lat="41.409461572766304" lon="-122.19518512487411">
        <ele>4284.73</ele>
        <time>2016-08-08T17:04:46Z</time>
      </trkpt>
      <trkpt lat="41.40941094607115" lon="-122.19508219510317">
        <ele>4290.02</ele>
        <time>2016-08-08T17:05:06Z</time>
      </trkpt>
      <trkpt lat="41.40933978371322" lon="-122.19503098167479">
        <ele>4296.27</ele>
        <time>2016-08-08T17:05:31Z</time>
      </trkpt>
      <trkpt lat="41.409366354346275" lon="-122.19498412683606">
        <ele>4300.6</ele>
        <time>2016-08-08T17:05:54Z</time>
      </trkpt>
      <trkpt lat="41.409351686015725" lon="-122.19492126256227">
        <ele>4305.88</ele>
        <time>2016-08-08T17:06:17Z</time>
      </trkpt>
      <trkpt lat="41.409317487850785" lon="-122.19489276409149">
        <ele>4307.8</ele>
        <time>2016-08-08T17:06:27Z</time>
      </trkpt>
      <trkpt lat="41.409272057935596" lon="-122.19492327421904">
        <ele>4309.73</ele>
        <time>2016-08-08T17:06:37Z</time>
      </trkpt>
      <trkpt lat="41.40920081175864" lon="-122.19488278962672">
        <ele>4310.69</ele>
        <time>2016-08-08T17:08:17Z</time>
      </trkpt>
      <trkpt lat="41.40922260470688" lon="-122.1948718931526">
        <ele>4313.57</ele>
        <time>2016-08-08T17:14:44Z</time>
      </trkpt>
      <trkpt lat="41.40926216728985" lon="-122.19491874799132">
        <ele>4312.61</ele>
        <time>2016-08-08T17:14:56Z</time>
      </trkpt>
      <trkpt lat="41.409304244443774" lon="-122.19488295726478">
        <ele>4307.32</ele>
        <time>2016-08-08T17:15:19Z</time>
      </trkpt>
      <trkpt lat="41.40936115756631" lon="-122.19489661976695">
        <ele>4304.44</ele>
        <time>2016-08-08T17:15:32Z</time>
      </trkpt>
      <trkpt lat="41.409367863088846" lon="-122.1949490904808">
        <ele>4301.08</ele>
        <time>2016-08-08T17:15:59Z</time>
      </trkpt>
      <trkpt lat="41.40933819115162" lon="-122.19503500498831">
        <ele>4298.19</ele>
        <time>2016-08-08T17:16:40Z</time>
      </trkpt>
      <trkpt lat="41.40939887613058" lon="-122.19505855813622">
        <ele>4295.31</ele>
        <time>2016-08-08T17:16:52Z</time>
      </trkpt>
      <trkpt lat="41.409446485340595" lon="-122.1951499208808">
        <ele>4290.02</ele>
        <time>2016-08-08T17:17:37Z</time>
      </trkpt>
      <trkpt lat="41.409453861415386" lon="-122.19523893669248">
        <ele>4286.18</ele>
        <time>2016-08-08T17:18:07Z</time>
      </trkpt>
      <trkpt lat="41.409407844766974" lon="-122.19528227113187">
        <ele>4284.25</ele>
        <time>2016-08-08T17:18:20Z</time>
      </trkpt>
      <trkpt lat="41.40925562940538" lon="-122.19537522643805">
        <ele>4277.52</ele>
        <time>2016-08-08T17:18:49Z</time>
      </trkpt>
      <trkpt lat="41.40927373431623" lon="-122.19543591141701">
        <ele>4273.68</ele>
        <time>2016-08-08T17:19:02Z</time>
      </trkpt>
      <trkpt lat="41.40934715978801" lon="-122.19549332745373">
        <ele>4271.27</ele>
        <time>2016-08-08T17:19:15Z</time>
      </trkpt>
      <trkpt lat="41.40937088057399" lon="-122.19555292278528">
        <ele>4268.39</ele>
        <time>2016-08-08T17:19:27Z</time>
      </trkpt>
      <trkpt lat="41.40932419337332" lon="-122.19557848758996">
        <ele>4267.91</ele>
        <time>2016-08-08T17:19:34Z</time>
      </trkpt>
      <trkpt lat="41.409313045442104" lon="-122.19560849480331">
        <ele>4266.47</ele>
        <time>2016-08-08T17:19:40Z</time>
      </trkpt>
      <trkpt lat="41.40931631438434" lon="-122.19568158499897">
        <ele>4261.18</ele>
        <time>2016-08-08T17:19:54Z</time>
      </trkpt>
      <trkpt lat="41.40926644206047" lon="-122.19573958776891">
        <ele>4259.74</ele>
        <time>2016-08-08T17:20:07Z</time>
      </trkpt>
      <trkpt lat="41.40919762663543" lon="-122.19578761607409">
        <ele>4256.37</ele>
        <time>2016-08-08T17:20:17Z</time>
      </trkpt>
      <trkpt lat="41.40916083008051" lon="-122.19586883671582">
        <ele>4252.05</ele>
        <time>2016-08-08T17:20:31Z</time>
      </trkpt>
      <trkpt lat="41.409138701856136" lon="-122.19589155167341">
        <ele>4252.05</ele>
        <time>2016-08-08T17:20:40Z</time>
      </trkpt>
      <trkpt lat="41.4090870693326" lon="-122.19586724415421">
        <ele>4253.01</ele>
        <time>2016-08-08T17:20:49Z</time>
      </trkpt>
      <trkpt lat="41.40899126417935" lon="-122.1958524081856">
        <ele>4253.01</ele>
        <time>2016-08-08T17:21:01Z</time>
      </trkpt>
      <trkpt lat="41.40891993418336" lon="-122.1957744564861">
        <ele>4251.57</ele>
        <time>2016-08-08T17:21:11Z</time>
      </trkpt>
      <trkpt lat="41.40885505825281" lon="-122.19575023278594">
        <ele>4250.13</ele>
        <time>2016-08-08T17:21:20Z</time>
      </trkpt>
      <trkpt lat="41.40876009128988" lon="-122.19575786031783">
        <ele>4250.61</ele>
        <time>2016-08-08T17:21:29Z</time>
      </trkpt>
      <trkpt lat="41.408669566735625" lon="-122.19573439098895">
        <ele>4250.13</ele>
        <time>2016-08-08T17:21:38Z</time>
      </trkpt>
      <trkpt lat="41.40852849930525" lon="-122.19574126414955">
        <ele>4249.16</ele>
        <time>2016-08-08T17:21:59Z</time>
      </trkpt>
      <trkpt lat="41.40849840827286" lon="-122.19572382979095">
        <ele>4245.8</ele>
        <time>2016-08-08T17:22:13Z</time>
      </trkpt>
      <trkpt lat="41.40840109437704" lon="-122.19554353505373">
        <ele>4241.95</ele>
        <time>2016-08-08T17:22:38Z</time>
      </trkpt>
      <trkpt lat="41.40833311714232" lon="-122.19550791196525">
        <ele>4243.88</ele>
        <time>2016-08-08T17:22:44Z</time>
      </trkpt>
      <trkpt lat="41.40827503055334" lon="-122.19550179317594">
        <ele>4242.44</ele>
        <time>2016-08-08T17:22:53Z</time>
      </trkpt>
      <trkpt lat="41.408129604533315" lon="-122.1952926646918">
        <ele>4240.51</ele>
        <time>2016-08-08T17:23:13Z</time>
      </trkpt>
      <trkpt lat="41.408110493794084" lon="-122.19515620730817">
        <ele>4239.07</ele>
        <time>2016-08-08T17:23:25Z</time>
      </trkpt>
      <trkpt lat="41.40809280797839" lon="-122.19509770162404">
        <ele>4239.55</ele>
        <time>2016-08-08T17:23:33Z</time>
      </trkpt>
      <trkpt lat="41.40802684240043" lon="-122.19497440382838">
        <ele>4243.4</ele>
        <time>2016-08-08T17:23:53Z</time>
      </trkpt>
      <trkpt lat="41.408037738874555" lon="-122.19494766555727">
        <ele>4243.88</ele>
        <time>2016-08-08T17:23:56Z</time>
      </trkpt>
      <trkpt lat="41.40802424401045" lon="-122.1948803588748">
        <ele>4245.32</ele>
        <time>2016-08-08T17:24:06Z</time>
      </trkpt>
      <trkpt lat="41.407969342544675" lon="-122.19492101110518">
        <ele>4242.44</ele>
        <time>2016-08-08T17:27:29Z</time>
      </trkpt>
      <trkpt lat="41.407890133559704" lon="-122.19486032612622">
        <ele>4242.44</ele>
        <time>2016-08-08T17:27:37Z</time>
      </trkpt>
      <trkpt lat="41.40784445218742" lon="-122.19485186040401">
        <ele>4242.44</ele>
        <time>2016-08-08T17:27:41Z</time>
      </trkpt>
      <trkpt lat="41.40772148966789" lon="-122.19480626285076">
        <ele>4243.88</ele>
        <time>2016-08-08T17:27:53Z</time>
      </trkpt>
      <trkpt lat="41.40750817023218" lon="-122.194793689996">
        <ele>4240.99</ele>
        <time>2016-08-08T17:28:18Z</time>
      </trkpt>
      <trkpt lat="41.40743851661682" lon="-122.19469084404409">
        <ele>4241.47</ele>
        <time>2016-08-08T17:28:29Z</time>
      </trkpt>
      <trkpt lat="41.407380849123" lon="-122.1944707352668">
        <ele>4234.74</ele>
        <time>2016-08-08T17:28:59Z</time>
      </trkpt>
      <trkpt lat="41.40732427127659" lon="-122.19445740804076">
        <ele>4232.82</ele>
        <time>2016-08-08T17:29:05Z</time>
      </trkpt>
      <trkpt lat="41.40728261321783" lon="-122.19442572444677">
        <ele>4229.94</ele>
        <time>2016-08-08T17:29:12Z</time>
      </trkpt>
      <trkpt lat="41.40726987272501" lon="-122.19438632950187">
        <ele>4228.5</ele>
        <time>2016-08-08T17:29:16Z</time>
      </trkpt>
      <trkpt lat="41.407209020107985" lon="-122.19432983547449">
        <ele>4224.65</ele>
        <time>2016-08-08T17:29:28Z</time>
      </trkpt>
      <trkpt lat="41.40716878697276" lon="-122.194270407781">
        <ele>4221.29</ele>
        <time>2016-08-08T17:29:38Z</time>
      </trkpt>
      <trkpt lat="41.40716585330665" lon="-122.19422799535096">
        <ele>4219.36</ele>
        <time>2016-08-08T17:29:48Z</time>
      </trkpt>
      <trkpt lat="41.40711589716375" lon="-122.19418508000672">
        <ele>4216.96</ele>
        <time>2016-08-08T17:29:57Z</time>
      </trkpt>
      <trkpt lat="41.40711589716375" lon="-122.19413545913994">
        <ele>4215.52</ele>
        <time>2016-08-08T17:30:02Z</time>
      </trkpt>
      <trkpt lat="41.40698111616075" lon="-122.19397720880806">
        <ele>4211.67</ele>
        <time>2016-08-08T17:30:27Z</time>
      </trkpt>
      <trkpt lat="41.406999472528696" lon="-122.19392272643745">
        <ele>4211.67</ele>
        <time>2016-08-08T17:30:32Z</time>
      </trkpt>
      <trkpt lat="41.40700802206993" lon="-122.19382281415164">
        <ele>4212.15</ele>
        <time>2016-08-08T17:30:40Z</time>
      </trkpt>
      <trkpt lat="41.406880700960755" lon="-122.19369222410023">
        <ele>4211.67</ele>
        <time>2016-08-08T17:30:57Z</time>
      </trkpt>
      <trkpt lat="41.40684189274907" lon="-122.19364017248154">
        <ele>4211.67</ele>
        <time>2016-08-08T17:31:09Z</time>
      </trkpt>
      <trkpt lat="41.4068163279444" lon="-122.19355425797403">
        <ele>4210.23</ele>
        <time>2016-08-08T17:31:20Z</time>
      </trkpt>
      <trkpt lat="41.406778274104" lon="-122.19355107285082">
        <ele>4209.27</ele>
        <time>2016-08-08T17:31:23Z</time>
      </trkpt>
      <trkpt lat="41.40667417086661" lon="-122.19348167069256">
        <ele>4205.42</ele>
        <time>2016-08-08T17:31:37Z</time>
      </trkpt>
      <trkpt lat="41.40660250559449" lon="-122.19340841285884">
        <ele>4203.02</ele>
        <time>2016-08-08T17:31:48Z</time>
      </trkpt>
      <trkpt lat="41.40647577121854" lon="-122.19333691522479">
        <ele>4200.62</ele>
        <time>2016-08-08T17:32:01Z</time>
      </trkpt>
      <trkpt lat="41.40638239681721" lon="-122.19326659105718">
        <ele>4197.25</ele>
        <time>2016-08-08T17:32:13Z</time>
      </trkpt>
      <trkpt lat="41.406336380168796" lon="-122.19316961243749">
        <ele>4194.37</ele>
        <time>2016-08-08T17:32:25Z</time>
      </trkpt>
      <trkpt lat="41.40625348314643" lon="-122.19306861050427">
        <ele>4189.56</ele>
        <time>2016-08-08T17:32:56Z</time>
      </trkpt>
      <trkpt lat="41.40621735714376" lon="-122.19299954362214">
        <ele>4186.2</ele>
        <time>2016-08-08T17:33:10Z</time>
      </trkpt>
      <trkpt lat="41.406169664114714" lon="-122.19294212758541">
        <ele>4183.79</ele>
        <time>2016-08-08T17:33:22Z</time>
      </trkpt>
      <trkpt lat="41.40616941265762" lon="-122.19281572848558">
        <ele>4178.03</ele>
        <time>2016-08-08T17:33:45Z</time>
      </trkpt>
      <trkpt lat="41.40611727721989" lon="-122.19273308292031">
        <ele>4175.14</ele>
        <time>2016-08-08T17:33:59Z</time>
      </trkpt>
      <trkpt lat="41.40608207322657" lon="-122.19265152700245">
        <ele>4172.74</ele>
        <time>2016-08-08T17:34:12Z</time>
      </trkpt>
      <trkpt lat="41.406032955273986" lon="-122.19257282093167">
        <ele>4170.34</ele>
        <time>2016-08-08T17:34:24Z</time>
      </trkpt>
      <trkpt lat="41.40599121339619" lon="-122.19244407489896">
        <ele>4164.57</ele>
        <time>2016-08-08T17:34:47Z</time>
      </trkpt>
      <trkpt lat="41.40594729222357" lon="-122.19236352480948">
        <ele>4160.24</ele>
        <time>2016-08-08T17:35:02Z</time>
      </trkpt>
      <trkpt lat="41.40592549927533" lon="-122.19234642572701">
        <ele>4157.84</ele>
        <time>2016-08-08T17:35:13Z</time>
      </trkpt>
      <trkpt lat="41.40586556866765" lon="-122.19225615262985">
        <ele>4153.03</ele>
        <time>2016-08-08T17:35:51Z</time>
      </trkpt>
      <trkpt lat="41.40573112294078" lon="-122.19209957867861">
        <ele>4146.78</ele>
        <time>2016-08-08T17:36:17Z</time>
      </trkpt>
      <trkpt lat="41.405672784894705" lon="-122.19205959700048">
        <ele>4143.42</ele>
        <time>2016-08-08T17:36:30Z</time>
      </trkpt>
      <trkpt lat="41.40560941770673" lon="-122.19186086207628">
        <ele>4134.29</ele>
        <time>2016-08-08T17:37:09Z</time>
      </trkpt>
      <trkpt lat="41.4055850263685" lon="-122.1917271707207">
        <ele>4129.0</ele>
        <time>2016-08-08T17:37:37Z</time>
      </trkpt>
      <trkpt lat="41.40560522675514" lon="-122.1916666533798">
        <ele>4128.52</ele>
        <time>2016-08-08T17:37:59Z</time>
      </trkpt>
      <trkpt lat="41.40551914460957" lon="-122.1915419306606">
        <ele>4120.83</ele>
        <time>2016-08-08T17:38:26Z</time>
      </trkpt>
      <trkpt lat="41.40552987344563" lon="-122.19145660288632">
        <ele>4117.94</ele>
        <time>2016-08-08T17:38:39Z</time>
      </trkpt>
      <trkpt lat="41.405578069388866" lon="-122.19136884436011">
        <ele>4113.62</ele>
        <time>2016-08-08T17:39:20Z</time>
      </trkpt>
      <trkpt lat="41.4054536819458" lon="-122.19131109304726">
        <ele>4108.81</ele>
        <time>2016-08-08T17:39:50Z</time>
      </trkpt>
      <trkpt lat="41.405358128249645" lon="-122.19131201505661">
        <ele>4105.93</ele>
        <time>2016-08-08T17:40:03Z</time>
      </trkpt>
      <trkpt lat="41.40530079603195" lon="-122.19127169810236">
        <ele>4102.56</ele>
        <time>2016-08-08T17:40:17Z</time>
      </trkpt>
      <trkpt lat="41.40524287708104" lon="-122.1911999490112">
        <ele>4097.76</ele>
        <time>2016-08-08T17:40:46Z</time>
      </trkpt>
      <trkpt lat="41.405212534591556" lon="-122.19118553213775">
        <ele>4096.31</ele>
        <time>2016-08-08T17:41:00Z</time>
      </trkpt>
      <trkpt lat="41.40521379187703" lon="-122.1911328099668">
        <ele>4093.91</ele>
        <time>2016-08-08T17:41:15Z</time>
      </trkpt>
      <trkpt lat="41.40517615713179" lon="-122.19110992737114">
        <ele>4091.99</ele>
        <time>2016-08-08T17:41:29Z</time>
      </trkpt>
      <trkpt lat="41.40513273887336" lon="-122.19099157489836">
        <ele>4085.74</ele>
        <time>2016-08-08T17:42:23Z</time>
      </trkpt>
      <trkpt lat="41.40507783740759" lon="-122.1909567900002">
        <ele>4081.41</ele>
        <time>2016-08-08T17:48:46Z</time>
      </trkpt>
      <trkpt lat="41.405093343928456" lon="-122.1908685285598">
        <ele>4075.65</ele>
        <time>2016-08-08T17:49:15Z</time>
      </trkpt>
      <trkpt lat="41.405128967016935" lon="-122.19083500094712">
        <ele>4073.24</ele>
        <time>2016-08-08T17:49:33Z</time>
      </trkpt>
      <trkpt lat="41.40512435697019" lon="-122.19078965485096">
        <ele>4069.4</ele>
        <time>2016-08-08T17:49:49Z</time>
      </trkpt>
      <trkpt lat="41.40509879216552" lon="-122.19075721688569">
        <ele>4067.48</ele>
        <time>2016-08-08T17:50:04Z</time>
      </trkpt>
      <trkpt lat="41.40514531172812" lon="-122.19069167040288">
        <ele>4060.75</ele>
        <time>2016-08-08T17:50:35Z</time>
      </trkpt>
      <trkpt lat="41.405127458274364" lon="-122.19063375145197">
        <ele>4056.42</ele>
        <time>2016-08-08T17:51:08Z</time>
      </trkpt>
      <trkpt lat="41.405126536265016" lon="-122.19056451693177">
        <ele>4054.02</ele>
        <time>2016-08-08T17:51:58Z</time>
      </trkpt>
      <trkpt lat="41.40508412383497" lon="-122.19051774591208">
        <ele>4051.61</ele>
        <time>2016-08-08T17:52:43Z</time>
      </trkpt>
      <trkpt lat="41.40511614270508" lon="-122.19047231599689">
        <ele>4049.21</ele>
        <time>2016-08-08T17:53:08Z</time>
      </trkpt>
      <trkpt lat="41.40511312521994" lon="-122.19037022441626">
        <ele>4045.36</ele>
        <time>2016-08-08T17:54:13Z</time>
      </trkpt>
      <trkpt lat="41.405089907348156" lon="-122.19033803790808">
        <ele>4045.85</ele>
        <time>2016-08-08T17:54:35Z</time>
      </trkpt>
      <trkpt lat="41.405120668932796" lon="-122.19031465239823">
        <ele>4040.56</ele>
        <time>2016-08-08T17:55:34Z</time>
      </trkpt>
      <trkpt lat="41.40511362813413" lon="-122.19028062187135">
        <ele>4039.6</ele>
        <time>2016-08-08T17:55:48Z</time>
      </trkpt>
      <trkpt lat="41.40502762980759" lon="-122.19025698490441">
        <ele>4035.27</ele>
        <time>2016-08-08T17:56:51Z</time>
      </trkpt>
      <trkpt lat="41.40497633256018" lon="-122.19016855582595">
        <ele>4029.98</ele>
        <time>2016-08-08T17:58:16Z</time>
      </trkpt>
      <trkpt lat="41.40492981299758" lon="-122.19012320972979">
        <ele>4027.1</ele>
        <time>2016-08-08T17:58:51Z</time>
      </trkpt>
      <trkpt lat="41.40485789626837" lon="-122.19010912813246">
        <ele>4022.77</ele>
        <time>2016-08-08T17:59:13Z</time>
      </trkpt>
      <trkpt lat="41.40475681051612" lon="-122.19012170098722">
        <ele>4017.97</ele>
        <time>2016-08-08T17:59:44Z</time>
      </trkpt>
      <trkpt lat="41.40472085215151" lon="-122.1901108045131">
        <ele>4015.08</ele>
        <time>2016-08-08T17:59:57Z</time>
      </trkpt>
      <trkpt lat="41.40470350161195" lon="-122.19007241539657">
        <ele>4013.16</ele>
        <time>2016-08-08T18:00:09Z</time>
      </trkpt>
      <trkpt lat="41.40465513803065" lon="-122.19002497382462">
        <ele>4009.32</ele>
        <time>2016-08-08T18:00:33Z</time>
      </trkpt>
      <trkpt lat="41.404619263485074" lon="-122.19000988639891">
        <ele>4007.39</ele>
        <time>2016-08-08T18:00:47Z</time>
      </trkpt>
      <trkpt lat="41.40462395735085" lon="-122.18995758332312">
        <ele>4005.47</ele>
        <time>2016-08-08T18:01:10Z</time>
      </trkpt>
      <trkpt lat="41.40460685826838" lon="-122.18994014896452">
        <ele>4004.03</ele>
        <time>2016-08-08T18:01:25Z</time>
      </trkpt>
      <trkpt lat="41.404574420303106" lon="-122.18996261246502">
        <ele>4004.03</ele>
        <time>2016-08-08T18:01:36Z</time>
      </trkpt>
      <trkpt lat="41.40453393571079" lon="-122.18991969712079">
        <ele>4000.66</ele>
        <time>2016-08-08T18:02:00Z</time>
      </trkpt>
      <trkpt lat="41.404561093077064" lon="-122.18990259803832">
        <ele>3998.74</ele>
        <time>2016-08-08T18:02:11Z</time>
      </trkpt>
      <trkpt lat="41.4045072812587" lon="-122.18981173820794">
        <ele>3993.45</ele>
        <time>2016-08-08T18:02:34Z</time>
      </trkpt>
      <trkpt lat="41.404498564079404" lon="-122.18975096940994">
        <ele>3988.65</ele>
        <time>2016-08-08T18:03:00Z</time>
      </trkpt>
      <trkpt lat="41.40453360043466" lon="-122.18971903435886">
        <ele>3989.13</ele>
        <time>2016-08-08T18:03:09Z</time>
      </trkpt>
      <trkpt lat="41.404539132490754" lon="-122.18962079845369">
        <ele>3985.28</ele>
        <time>2016-08-08T18:03:34Z</time>
      </trkpt>
      <trkpt lat="41.404485404491425" lon="-122.18948467634618">
        <ele>3976.63</ele>
        <time>2016-08-08T18:04:12Z</time>
      </trkpt>
      <trkpt lat="41.40445439144969" lon="-122.18942977488041">
        <ele>3974.23</ele>
        <time>2016-08-08T18:04:25Z</time>
      </trkpt>
      <trkpt lat="41.404419941827655" lon="-122.18942089006305">
        <ele>3972.3</ele>
        <time>2016-08-08T18:04:36Z</time>
      </trkpt>
      <trkpt lat="41.404434610158205" lon="-122.18933564610779">
        <ele>3968.46</ele>
        <time>2016-08-08T18:04:50Z</time>
      </trkpt>
      <trkpt lat="41.40440301038325" lon="-122.189299184829">
        <ele>3965.58</ele>
        <time>2016-08-08T18:05:03Z</time>
      </trkpt>
      <trkpt lat="41.40441332012415" lon="-122.18923347070813">
        <ele>3962.69</ele>
        <time>2016-08-08T18:05:36Z</time>
      </trkpt>
      <trkpt lat="41.40431516803801" lon="-122.1891226619482">
        <ele>3955.96</ele>
        <time>2016-08-08T18:06:11Z</time>
      </trkpt>
      <trkpt lat="41.40427686274052" lon="-122.18909684568644">
        <ele>3953.08</ele>
        <time>2016-08-08T18:06:22Z</time>
      </trkpt>
      <trkpt lat="41.40426630154252" lon="-122.18904303386807">
        <ele>3952.6</ele>
        <time>2016-08-08T18:06:54Z</time>
      </trkpt>
      <trkpt lat="41.40428331680596" lon="-122.18895309604704">
        <ele>3950.19</ele>
        <time>2016-08-08T18:07:07Z</time>
      </trkpt>
      <trkpt lat="41.40429748222232" lon="-122.18894085846841">
        <ele>3946.83</ele>
        <time>2016-08-08T18:07:20Z</time>
      </trkpt>
      <trkpt lat="41.40427686274052" lon="-122.1888935007155">
        <ele>3946.35</ele>
        <time>2016-08-08T18:07:28Z</time>
      </trkpt>
      <trkpt lat="41.404270492494106" lon="-122.18881806358695">
        <ele>3943.47</ele>
        <time>2016-08-08T18:07:39Z</time>
      </trkpt>
      <trkpt lat="41.404253309592605" lon="-122.18877363950014">
        <ele>3940.1</ele>
        <time>2016-08-08T18:07:51Z</time>
      </trkpt>
      <trkpt lat="41.4042139146477" lon="-122.1887394413352">
        <ele>3938.18</ele>
        <time>2016-08-08T18:08:03Z</time>
      </trkpt>
      <trkpt lat="41.40416890382767" lon="-122.18873114325106">
        <ele>3935.77</ele>
        <time>2016-08-08T18:08:14Z</time>
      </trkpt>
      <trkpt lat="41.40418030321598" lon="-122.18865009024739">
        <ele>3930.49</ele>
        <time>2016-08-08T18:08:26Z</time>
      </trkpt>
      <trkpt lat="41.40411928296089" lon="-122.1886117849499">
        <ele>3926.64</ele>
        <time>2016-08-08T18:08:40Z</time>
      </trkpt>
      <trkpt lat="41.40411039814353" lon="-122.18855503946543">
        <ele>3923.28</ele>
        <time>2016-08-08T18:08:52Z</time>
      </trkpt>
      <trkpt lat="41.404095981270075" lon="-122.18833995983005">
        <ele>3916.07</ele>
        <time>2016-08-08T18:09:29Z</time>
      </trkpt>
      <trkpt lat="41.40412012115121" lon="-122.18823577277362">
        <ele>3912.7</ele>
        <time>2016-08-08T18:09:42Z</time>
      </trkpt>
      <trkpt lat="41.4041050337255" lon="-122.18819084577262">
        <ele>3909.82</ele>
        <time>2016-08-08T18:09:56Z</time>
      </trkpt>
      <trkpt lat="41.40413470566273" lon="-122.18810677528381">
        <ele>3907.9</ele>
        <time>2016-08-08T18:10:30Z</time>
      </trkpt>
      <trkpt lat="41.40416136011481" lon="-122.18808749690652">
        <ele>3906.94</ele>
        <time>2016-08-08T18:10:41Z</time>
      </trkpt>
      <trkpt lat="41.404130263254046" lon="-122.18798037618399">
        <ele>3908.86</ele>
        <time>2016-08-08T18:26:00Z</time>
      </trkpt>
      <trkpt lat="41.404113080352545" lon="-122.18797082081437">
        <ele>3908.38</ele>
        <time>2016-08-08T18:26:03Z</time>
      </trkpt>
      <trkpt lat="41.404037643224" lon="-122.1878723334521">
        <ele>3903.09</ele>
        <time>2016-08-08T18:26:46Z</time>
      </trkpt>
      <trkpt lat="41.40399464406073" lon="-122.18778717331588">
        <ele>3899.73</ele>
        <time>2016-08-08T18:27:09Z</time>
      </trkpt>
      <trkpt lat="41.403937647119164" lon="-122.18773981556296">
        <ele>3895.4</ele>
        <time>2016-08-08T18:27:31Z</time>
      </trkpt>
      <trkpt lat="41.403877632692456" lon="-122.18773017637432">
        <ele>3892.52</ele>
        <time>2016-08-08T18:27:54Z</time>
      </trkpt>
      <trkpt lat="41.40383823774755" lon="-122.18768793158233">
        <ele>3890.59</ele>
        <time>2016-08-08T18:28:07Z</time>
      </trkpt>
      <trkpt lat="41.40381124801934" lon="-122.18762850388885">
        <ele>3887.23</ele>
        <time>2016-08-08T18:28:39Z</time>
      </trkpt>
      <trkpt lat="41.40386790968478" lon="-122.18751861713827">
        <ele>3881.46</ele>
        <time>2016-08-08T18:29:15Z</time>
      </trkpt>
      <trkpt lat="41.40389037318528" lon="-122.18743605539203">
        <ele>3879.06</ele>
        <time>2016-08-08T18:29:26Z</time>
      </trkpt>
      <trkpt lat="41.40386355109513" lon="-122.18736011534929">
        <ele>3876.17</ele>
        <time>2016-08-08T18:29:40Z</time>
      </trkpt>
      <trkpt lat="41.40379666350782" lon="-122.18721862882376">
        <ele>3869.92</ele>
        <time>2016-08-08T18:30:03Z</time>
      </trkpt>
      <trkpt lat="41.403788616880774" lon="-122.18710890971124">
        <ele>3865.12</ele>
        <time>2016-08-08T18:30:20Z</time>
      </trkpt>
      <trkpt lat="41.40375165268779" lon="-122.18706171959639">
        <ele>3863.2</ele>
        <time>2016-08-08T18:30:29Z</time>
      </trkpt>
      <trkpt lat="41.40376045368612" lon="-122.18700346536934">
        <ele>3861.75</ele>
        <time>2016-08-08T18:30:35Z</time>
      </trkpt>
      <trkpt lat="41.403711922466755" lon="-122.18696029856801">
        <ele>3857.91</ele>
        <time>2016-08-08T18:30:48Z</time>
      </trkpt>
      <trkpt lat="41.40372441150248" lon="-122.18685384839773">
        <ele>3854.06</ele>
        <time>2016-08-08T18:31:01Z</time>
      </trkpt>
      <trkpt lat="41.40369507484138" lon="-122.1868138667196">
        <ele>3851.66</ele>
        <time>2016-08-08T18:31:11Z</time>
      </trkpt>
      <trkpt lat="41.403701696544886" lon="-122.18675184063613">
        <ele>3850.22</ele>
        <time>2016-08-08T18:31:20Z</time>
      </trkpt>
      <trkpt lat="41.403604382649064" lon="-122.1867261081934">
        <ele>3847.33</ele>
        <time>2016-08-08T18:31:35Z</time>
      </trkpt>
      <trkpt lat="41.403609747067094" lon="-122.18663876876235">
        <ele>3843.01</ele>
        <time>2016-08-08T18:31:48Z</time>
      </trkpt>
      <trkpt lat="41.40356498770416" lon="-122.18659224919975">
        <ele>3840.6</ele>
        <time>2016-08-08T18:31:58Z</time>
      </trkpt>
      <trkpt lat="41.40361427329481" lon="-122.18648655340075">
        <ele>3838.2</ele>
        <time>2016-08-08T18:32:12Z</time>
      </trkpt>
      <trkpt lat="41.40352274291217" lon="-122.18642838299274">
        <ele>3832.43</ele>
        <time>2016-08-08T18:32:27Z</time>
      </trkpt>
      <trkpt lat="41.403572112321854" lon="-122.18634774908423">
        <ele>3830.03</ele>
        <time>2016-08-08T18:32:39Z</time>
      </trkpt>
      <trkpt lat="41.40354763716459" lon="-122.18629695475101">
        <ele>3828.59</ele>
        <time>2016-08-08T18:32:45Z</time>
      </trkpt>
      <trkpt lat="41.40344965271652" lon="-122.18630039133132">
        <ele>3824.74</ele>
        <time>2016-08-08T18:32:56Z</time>
      </trkpt>
      <trkpt lat="41.403457364067435" lon="-122.18624766916037">
        <ele>3822.82</ele>
        <time>2016-08-08T18:33:03Z</time>
      </trkpt>
      <trkpt lat="41.40349474735558" lon="-122.1861972939223">
        <ele>3821.38</ele>
        <time>2016-08-08T18:33:10Z</time>
      </trkpt>
      <trkpt lat="41.4034469705075" lon="-122.18616829253733">
        <ele>3819.46</ele>
        <time>2016-08-08T18:33:18Z</time>
      </trkpt>
      <trkpt lat="41.40338712371886" lon="-122.18616594560444">
        <ele>3817.53</ele>
        <time>2016-08-08T18:33:27Z</time>
      </trkpt>
      <trkpt lat="41.40346725471318" lon="-122.18593041412532">
        <ele>3811.28</ele>
        <time>2016-08-08T18:33:53Z</time>
      </trkpt>
      <trkpt lat="41.40340531244874" lon="-122.18587408773601">
        <ele>3807.92</ele>
        <time>2016-08-08T18:34:06Z</time>
      </trkpt>
      <trkpt lat="41.403383519500494" lon="-122.18582320958376">
        <ele>3805.52</ele>
        <time>2016-08-08T18:34:17Z</time>
      </trkpt>
      <trkpt lat="41.40339030884206" lon="-122.18575313687325">
        <ele>3803.59</ele>
        <time>2016-08-08T18:34:27Z</time>
      </trkpt>
      <trkpt lat="41.40334370546043" lon="-122.18569027259946">
        <ele>3801.67</ele>
        <time>2016-08-08T18:34:37Z</time>
      </trkpt>
      <trkpt lat="41.403352338820696" lon="-122.1856311801821">
        <ele>3799.75</ele>
        <time>2016-08-08T18:34:44Z</time>
      </trkpt>
      <trkpt lat="41.4032535161823" lon="-122.18562673777342">
        <ele>3798.31</ele>
        <time>2016-08-08T18:34:54Z</time>
      </trkpt>
      <trkpt lat="41.40325913205743" lon="-122.18558365479112">
        <ele>3797.83</ele>
        <time>2016-08-08T18:34:59Z</time>
      </trkpt>
      <trkpt lat="41.403315626084805" lon="-122.18544518575072">
        <ele>3793.5</ele>
        <time>2016-08-08T18:35:12Z</time>
      </trkpt>
      <trkpt lat="41.40317372046411" lon="-122.18543730676174">
        <ele>3790.13</ele>
        <time>2016-08-08T18:35:29Z</time>
      </trkpt>
      <trkpt lat="41.403220826759934" lon="-122.18536748550832">
        <ele>3787.73</ele>
        <time>2016-08-08T18:35:46Z</time>
      </trkpt>
      <trkpt lat="41.40324538573623" lon="-122.1853029448539">
        <ele>3786.77</ele>
        <time>2016-08-08T18:35:52Z</time>
      </trkpt>
      <trkpt lat="41.40318587422371" lon="-122.18526757322252">
        <ele>3783.89</ele>
        <time>2016-08-08T18:36:01Z</time>
      </trkpt>
      <trkpt lat="41.40306970104575" lon="-122.18528525903821">
        <ele>3781.96</ele>
        <time>2016-08-08T18:36:12Z</time>
      </trkpt>
      <trkpt lat="41.40316751785576" lon="-122.18513455241919">
        <ele>3776.2</ele>
        <time>2016-08-08T18:36:27Z</time>
      </trkpt>
      <trkpt lat="41.40312870964408" lon="-122.18510613776743">
        <ele>3774.75</ele>
        <time>2016-08-08T18:36:31Z</time>
      </trkpt>
      <trkpt lat="41.40297666192055" lon="-122.18514871783555">
        <ele>3770.91</ele>
        <time>2016-08-08T18:36:47Z</time>
      </trkpt>
      <trkpt lat="41.40307506546378" lon="-122.1850040461868">
        <ele>3767.54</ele>
        <time>2016-08-08T18:37:01Z</time>
      </trkpt>
      <trkpt lat="41.403072802349925" lon="-122.18497345224023">
        <ele>3766.1</ele>
        <time>2016-08-08T18:37:06Z</time>
      </trkpt>
      <trkpt lat="41.40296450816095" lon="-122.1849696803838">
        <ele>3762.74</ele>
        <time>2016-08-08T18:37:17Z</time>
      </trkpt>
      <trkpt lat="41.402897452935576" lon="-122.18488410115242">
        <ele>3757.45</ele>
        <time>2016-08-08T18:37:37Z</time>
      </trkpt>
      <trkpt lat="41.402920335531235" lon="-122.18481335788965">
        <ele>3755.05</ele>
        <time>2016-08-08T18:37:44Z</time>
      </trkpt>
      <trkpt lat="41.40292997471988" lon="-122.18472400680184">
        <ele>3752.16</ele>
        <time>2016-08-08T18:37:58Z</time>
      </trkpt>
      <trkpt lat="41.402999544516206" lon="-122.1845573745668">
        <ele>3747.84</ele>
        <time>2016-08-08T18:38:15Z</time>
      </trkpt>
      <trkpt lat="41.40301253646612" lon="-122.1845032274723">
        <ele>3745.91</ele>
        <time>2016-08-08T18:38:23Z</time>
      </trkpt>
      <trkpt lat="41.40308705158532" lon="-122.18433106318116">
        <ele>3741.59</ele>
        <time>2016-08-08T18:38:45Z</time>
      </trkpt>
      <trkpt lat="41.40295981429517" lon="-122.18426518142223">
        <ele>3734.38</ele>
        <time>2016-08-08T18:39:04Z</time>
      </trkpt>
      <trkpt lat="41.402835259214044" lon="-122.18422318808734">
        <ele>3729.57</ele>
        <time>2016-08-08T18:39:20Z</time>
      </trkpt>
      <trkpt lat="41.402710787951946" lon="-122.18424405902624">
        <ele>3727.17</ele>
        <time>2016-08-08T18:39:32Z</time>
      </trkpt>
      <trkpt lat="41.40259620733559" lon="-122.18422905541956">
        <ele>3724.28</ele>
        <time>2016-08-08T18:40:04Z</time>
      </trkpt>
      <trkpt lat="41.40272411517799" lon="-122.18389235436916">
        <ele>3713.23</ele>
        <time>2016-08-08T18:40:44Z</time>
      </trkpt>
      <trkpt lat="41.40275303274393" lon="-122.1837698109448">
        <ele>3707.94</ele>
        <time>2016-08-08T18:40:57Z</time>
      </trkpt>
      <trkpt lat="41.40283442102373" lon="-122.18357602134347">
        <ele>3702.66</ele>
        <time>2016-08-08T18:41:18Z</time>
      </trkpt>
      <trkpt lat="41.40288622118533" lon="-122.18344107270241">
        <ele>3697.85</ele>
        <time>2016-08-08T18:41:33Z</time>
      </trkpt>
      <trkpt lat="41.402909103780985" lon="-122.1833482850343">
        <ele>3694.48</ele>
        <time>2016-08-08T18:41:44Z</time>
      </trkpt>
      <trkpt lat="41.402989234775305" lon="-122.18322968110442">
        <ele>3689.68</ele>
        <time>2016-08-08T18:41:59Z</time>
      </trkpt>
      <trkpt lat="41.40293919481337" lon="-122.18318802304566">
        <ele>3687.27</ele>
        <time>2016-08-08T18:42:09Z</time>
      </trkpt>
      <trkpt lat="41.40286602079868" lon="-122.1831513941288">
        <ele>3685.83</ele>
        <time>2016-08-08T18:42:18Z</time>
      </trkpt>
      <trkpt lat="41.40276812016964" lon="-122.18313102610409">
        <ele>3682.47</ele>
        <time>2016-08-08T18:42:29Z</time>
      </trkpt>
      <trkpt lat="41.402577264234424" lon="-122.18307310715318">
        <ele>3678.62</ele>
        <time>2016-08-08T18:42:55Z</time>
      </trkpt>
      <trkpt lat="41.40255060978234" lon="-122.1830583550036">
        <ele>3678.14</ele>
        <time>2016-08-08T18:42:58Z</time>
      </trkpt>
      <trkpt lat="41.40243108384311" lon="-122.18303270637989">
        <ele>3676.22</ele>
        <time>2016-08-08T18:43:10Z</time>
      </trkpt>
      <trkpt lat="41.40235707163811" lon="-122.18300672248006">
        <ele>3672.85</ele>
        <time>2016-08-08T18:43:21Z</time>
      </trkpt>
      <trkpt lat="41.402184907346964" lon="-122.18297973275185">
        <ele>3664.2</ele>
        <time>2016-08-08T18:43:50Z</time>
      </trkpt>
      <trkpt lat="41.40222731977701" lon="-122.18291779048741">
        <ele>3662.28</ele>
        <time>2016-08-08T18:44:10Z</time>
      </trkpt>
      <trkpt lat="41.40224047936499" lon="-122.18286339193583">
        <ele>3659.88</ele>
        <time>2016-08-08T18:44:16Z</time>
      </trkpt>
      <trkpt lat="41.40231164172292" lon="-122.18270648270845">
        <ele>3653.63</ele>
        <time>2016-08-08T18:44:34Z</time>
      </trkpt>
      <trkpt lat="41.40201064758003" lon="-122.18261050991714">
        <ele>3644.01</ele>
        <time>2016-08-08T18:45:11Z</time>
      </trkpt>
      <trkpt lat="41.40206077136099" lon="-122.18246575444937">
        <ele>3637.77</ele>
        <time>2016-08-08T18:45:31Z</time>
      </trkpt>
      <trkpt lat="41.40214676968753" lon="-122.18228152021766">
        <ele>3631.04</ele>
        <time>2016-08-08T18:45:51Z</time>
      </trkpt>
      <trkpt lat="41.40214014798403" lon="-122.1822448913008">
        <ele>3630.56</ele>
        <time>2016-08-08T18:45:56Z</time>
      </trkpt>
      <trkpt lat="41.40199698507786" lon="-122.18222259543836">
        <ele>3627.19</ele>
        <time>2016-08-08T18:46:09Z</time>
      </trkpt>
      <trkpt lat="41.401901599019766" lon="-122.18219015747309">
        <ele>3625.27</ele>
        <time>2016-08-08T18:46:22Z</time>
      </trkpt>
      <trkpt lat="41.40174502506852" lon="-122.18217574059963">
        <ele>3620.94</ele>
        <time>2016-08-08T18:46:39Z</time>
      </trkpt>
      <trkpt lat="41.401809230446815" lon="-122.18207725323737">
        <ele>3616.14</ele>
        <time>2016-08-08T18:46:51Z</time>
      </trkpt>
      <trkpt lat="41.401904951781034" lon="-122.18188078142703">
        <ele>3606.52</ele>
        <time>2016-08-08T18:47:11Z</time>
      </trkpt>
      <trkpt lat="41.40190000645816" lon="-122.1817977167666">
        <ele>3602.68</ele>
        <time>2016-08-08T18:47:23Z</time>
      </trkpt>
      <trkpt lat="41.40179766342044" lon="-122.18179335817695">
        <ele>3596.91</ele>
        <time>2016-08-08T18:47:36Z</time>
      </trkpt>
      <trkpt lat="41.40176413580775" lon="-122.18176092021167">
        <ele>3596.91</ele>
        <time>2016-08-08T18:47:41Z</time>
      </trkpt>
      <trkpt lat="41.40166338533163" lon="-122.18173141591251">
        <ele>3596.91</ele>
        <time>2016-08-08T18:47:54Z</time>
      </trkpt>
      <trkpt lat="41.4017460308969" lon="-122.18154173344374">
        <ele>3588.26</ele>
        <time>2016-08-08T18:48:14Z</time>
      </trkpt>
      <trkpt lat="41.40182012692094" lon="-122.18142203986645">
        <ele>3585.37</ele>
        <time>2016-08-08T18:48:29Z</time>
      </trkpt>
      <trkpt lat="41.40183923766017" lon="-122.1813775319606">
        <ele>3584.41</ele>
        <time>2016-08-08T18:48:34Z</time>
      </trkpt>
      <trkpt lat="41.40181669034064" lon="-122.18131517060101">
        <ele>3583.45</ele>
        <time>2016-08-08T18:48:44Z</time>
      </trkpt>
      <trkpt lat="41.40170814469457" lon="-122.18125322833657">
        <ele>3579.61</ele>
        <time>2016-08-08T18:48:58Z</time>
      </trkpt>
      <trkpt lat="41.40154494903982" lon="-122.18120645731688">
        <ele>3573.36</ele>
        <time>2016-08-08T18:49:19Z</time>
      </trkpt>
      <trkpt lat="41.401434475556016" lon="-122.18118969351053">
        <ele>3572.88</ele>
        <time>2016-08-08T18:49:31Z</time>
      </trkpt>
      <trkpt lat="41.401496501639485" lon="-122.18099749647081">
        <ele>3566.63</ele>
        <time>2016-08-08T18:49:50Z</time>
      </trkpt>
      <trkpt lat="41.401602532714605" lon="-122.18084746040404">
        <ele>3562.3</ele>
        <time>2016-08-08T18:50:05Z</time>
      </trkpt>
      <trkpt lat="41.40159113332629" lon="-122.18080731108785">
        <ele>3562.78</ele>
        <time>2016-08-08T18:50:44Z</time>
      </trkpt>
      <trkpt lat="41.401466745883226" lon="-122.18078744597733">
        <ele>3557.5</ele>
        <time>2016-08-08T18:51:12Z</time>
      </trkpt>
      <trkpt lat="41.40137278474867" lon="-122.18073807656765">
        <ele>3555.57</ele>
        <time>2016-08-08T18:51:23Z</time>
      </trkpt>
      <trkpt lat="41.401411006227136" lon="-122.18064210377634">
        <ele>3552.69</ele>
        <time>2016-08-08T18:51:36Z</time>
      </trkpt>
      <trkpt lat="41.4013057295233" lon="-122.18062056228518">
        <ele>3548.84</ele>
        <time>2016-08-08T18:51:50Z</time>
      </trkpt>
      <trkpt lat="41.40123423188925" lon="-122.18062701635063">
        <ele>3546.44</ele>
        <time>2016-08-08T18:51:58Z</time>
      </trkpt>
      <trkpt lat="41.40105955302715" lon="-122.18061645515263">
        <ele>3542.6</ele>
        <time>2016-08-08T18:52:11Z</time>
      </trkpt>
      <trkpt lat="41.40105661936104" lon="-122.18059357255697">
        <ele>3541.63</ele>
        <time>2016-08-08T18:52:15Z</time>
      </trkpt>
      <trkpt lat="41.401116382330656" lon="-122.18043180182576">
        <ele>3537.31</ele>
        <time>2016-08-08T18:52:32Z</time>
      </trkpt>
      <trkpt lat="41.40086685307324" lon="-122.18036684207618">
        <ele>3530.58</ele>
        <time>2016-08-08T18:52:57Z</time>
      </trkpt>
      <trkpt lat="41.40077171847224" lon="-122.18036508187652">
        <ele>3529.14</ele>
        <time>2016-08-08T18:53:06Z</time>
      </trkpt>
      <trkpt lat="41.40076291747391" lon="-122.18030892312527">
        <ele>3525.29</ele>
        <time>2016-08-08T18:53:18Z</time>
      </trkpt>
      <trkpt lat="41.400842210277915" lon="-122.18018621206284">
        <ele>3521.45</ele>
        <time>2016-08-08T18:53:31Z</time>
      </trkpt>
      <trkpt lat="41.40089384280145" lon="-122.18006123788655">
        <ele>3517.6</ele>
        <time>2016-08-08T18:53:44Z</time>
      </trkpt>
      <trkpt lat="41.401016637682915" lon="-122.17986049130559">
        <ele>3512.31</ele>
        <time>2016-08-08T18:54:00Z</time>
      </trkpt>
      <trkpt lat="41.400953438133" lon="-122.17982914298773">
        <ele>3510.39</ele>
        <time>2016-08-08T18:54:10Z</time>
      </trkpt>
      <trkpt lat="41.40073115006089" lon="-122.17981472611427">
        <ele>3504.62</ele>
        <time>2016-08-08T18:54:32Z</time>
      </trkpt>
      <trkpt lat="41.40058781951666" lon="-122.17976183630526">
        <ele>3500.3</ele>
        <time>2016-08-08T18:54:47Z</time>
      </trkpt>
      <trkpt lat="41.40042420476675" lon="-122.17973476275802">
        <ele>3495.97</ele>
        <time>2016-08-08T18:55:01Z</time>
      </trkpt>
      <trkpt lat="41.40031716786325" lon="-122.17973358929157">
        <ele>3494.05</ele>
        <time>2016-08-08T18:55:12Z</time>
      </trkpt>
      <trkpt lat="41.400202084332705" lon="-122.17971925623715">
        <ele>3491.65</ele>
        <time>2016-08-08T18:55:24Z</time>
      </trkpt>
      <trkpt lat="41.400182554498315" lon="-122.17973275110126">
        <ele>3490.68</ele>
        <time>2016-08-08T18:55:38Z</time>
      </trkpt>
      <trkpt lat="41.399926990270615" lon="-122.17972805723548">
        <ele>3488.76</ele>
        <time>2016-08-08T18:56:01Z</time>
      </trkpt>
      <trkpt lat="41.39977854676545" lon="-122.17973333783448">
        <ele>3487.32</ele>
        <time>2016-08-08T18:56:13Z</time>
      </trkpt>
      <trkpt lat="41.399697326123714" lon="-122.17976611107588">
        <ele>3482.99</ele>
        <time>2016-08-08T18:56:28Z</time>
      </trkpt>
      <trkpt lat="41.39960487373173" lon="-122.17975378967822">
        <ele>3476.75</ele>
        <time>2016-08-08T18:56:40Z</time>
      </trkpt>
      <trkpt lat="41.399434050545096" lon="-122.17977843247354">
        <ele>3470.5</ele>
        <time>2016-08-08T18:56:58Z</time>
      </trkpt>
      <trkpt lat="41.39930262230337" lon="-122.17981338500977">
        <ele>3466.65</ele>
        <time>2016-08-08T18:57:13Z</time>
      </trkpt>
      <trkpt lat="41.39924185350537" lon="-122.17984506860375">
        <ele>3465.21</ele>
        <time>2016-08-08T18:57:21Z</time>
      </trkpt>
      <trkpt lat="41.399149149656296" lon="-122.17986325733364">
        <ele>3464.25</ele>
        <time>2016-08-08T18:57:27Z</time>
      </trkpt>
      <trkpt lat="41.39901344664395" lon="-122.17987650074065">
        <ele>3460.88</ele>
        <time>2016-08-08T18:57:41Z</time>
      </trkpt>
      <trkpt lat="41.398893501609564" lon="-122.17994120903313">
        <ele>3457.52</ele>
        <time>2016-08-08T18:57:54Z</time>
      </trkpt>
      <trkpt lat="41.39873147942126" lon="-122.17999602667987">
        <ele>3452.71</ele>
        <time>2016-08-08T18:58:12Z</time>
      </trkpt>
      <trkpt lat="41.39859829097986" lon="-122.18006148934364">
        <ele>3448.87</ele>
        <time>2016-08-08T18:58:26Z</time>
      </trkpt>
      <trkpt lat="41.39849712140858" lon="-122.18012846074998">
        <ele>3446.94</ele>
        <time>2016-08-08T18:58:37Z</time>
      </trkpt>
      <trkpt lat="41.398406848311424" lon="-122.1801739744842">
        <ele>3445.02</ele>
        <time>2016-08-08T18:58:45Z</time>
      </trkpt>
      <trkpt lat="41.39834540896118" lon="-122.18023365363479">
        <ele>3443.1</ele>
        <time>2016-08-08T18:58:53Z</time>
      </trkpt>
      <trkpt lat="41.39826385304332" lon="-122.18029274605215">
        <ele>3441.66</ele>
        <time>2016-08-08T18:59:02Z</time>
      </trkpt>
      <trkpt lat="41.39804265461862" lon="-122.1803748048842">
        <ele>3437.33</ele>
        <time>2016-08-08T18:59:27Z</time>
      </trkpt>
      <trkpt lat="41.398007199168205" lon="-122.18032107688487">
        <ele>3433.01</ele>
        <time>2016-08-08T18:59:38Z</time>
      </trkpt>
      <trkpt lat="41.39795824885368" lon="-122.18030842021108">
        <ele>3429.16</ele>
        <time>2016-08-08T18:59:50Z</time>
      </trkpt>
      <trkpt lat="41.3979210332036" lon="-122.18023298308253">
        <ele>3427.24</ele>
        <time>2016-08-08T19:00:01Z</time>
      </trkpt>
      <trkpt lat="41.397824389860034" lon="-122.18014497309923">
        <ele>3420.51</ele>
        <time>2016-08-08T19:00:25Z</time>
      </trkpt>
      <trkpt lat="41.39777049422264" lon="-122.18014229089022">
        <ele>3419.07</ele>
        <time>2016-08-08T19:00:42Z</time>
      </trkpt>
      <trkpt lat="41.39768005348742" lon="-122.17999971471727">
        <ele>3411.86</ele>
        <time>2016-08-08T19:01:10Z</time>
      </trkpt>
      <trkpt lat="41.39766840264201" lon="-122.17997037805617">
        <ele>3410.41</ele>
        <time>2016-08-08T19:01:13Z</time>
      </trkpt>
      <trkpt lat="41.39757159166038" lon="-122.17992972582579">
        <ele>3406.09</ele>
        <time>2016-08-08T19:01:31Z</time>
      </trkpt>
      <trkpt lat="41.39753337018192" lon="-122.17988052405417">
        <ele>3402.24</ele>
        <time>2016-08-08T19:01:42Z</time>
      </trkpt>
      <trkpt lat="41.397515600547194" lon="-122.17981128953397">
        <ele>3399.84</ele>
        <time>2016-08-08T19:01:51Z</time>
      </trkpt>
      <trkpt lat="41.39741468243301" lon="-122.17979385517538">
        <ele>3395.99</ele>
        <time>2016-08-08T19:02:03Z</time>
      </trkpt>
      <trkpt lat="41.39738442376256" lon="-122.17976376414299">
        <ele>3393.59</ele>
        <time>2016-08-08T19:02:12Z</time>
      </trkpt>
      <trkpt lat="41.39732323586941" lon="-122.1797497663647">
        <ele>3389.27</ele>
        <time>2016-08-08T19:02:24Z</time>
      </trkpt>
      <trkpt lat="41.39723245985806" lon="-122.17966686934233">
        <ele>3387.34</ele>
        <time>2016-08-08T19:03:09Z</time>
      </trkpt>
      <trkpt lat="41.39716926030815" lon="-122.17963485047221">
        <ele>3386.86</ele>
        <time>2016-08-08T19:03:20Z</time>
      </trkpt>
      <trkpt lat="41.39695300720632" lon="-122.17944986186922">
        <ele>3381.09</ele>
        <time>2016-08-08T19:04:10Z</time>
      </trkpt>
      <trkpt lat="41.39690422452986" lon="-122.17936746776104">
        <ele>3379.17</ele>
        <time>2016-08-08T19:04:24Z</time>
      </trkpt>
      <trkpt lat="41.39685125090182" lon="-122.17930929735303">
        <ele>3377.25</ele>
        <time>2016-08-08T19:04:36Z</time>
      </trkpt>
      <trkpt lat="41.396769527345896" lon="-122.17926378361881">
        <ele>3374.36</ele>
        <time>2016-08-08T19:04:49Z</time>
      </trkpt>
      <trkpt lat="41.39669350348413" lon="-122.179190274328">
        <ele>3372.44</ele>
        <time>2016-08-08T19:05:03Z</time>
      </trkpt>
      <trkpt lat="41.396663999184966" lon="-122.17914735898376">
        <ele>3371.48</ele>
        <time>2016-08-08T19:05:10Z</time>
      </trkpt>
      <trkpt lat="41.39658319763839" lon="-122.17911785468459">
        <ele>3367.64</ele>
        <time>2016-08-08T19:05:24Z</time>
      </trkpt>
      <trkpt lat="41.39653768390417" lon="-122.17912338674068">
        <ele>3364.27</ele>
        <time>2016-08-08T19:05:39Z</time>
      </trkpt>
      <trkpt lat="41.39649040997028" lon="-122.1792212035507">
        <ele>3338.32</ele>
        <time>2016-08-08T19:06:05Z</time>
      </trkpt>
      <trkpt lat="41.396473813802004" lon="-122.17922799289227">
        <ele>3337.83</ele>
        <time>2016-08-08T19:06:22Z</time>
      </trkpt>
      <trkpt lat="41.39640265144408" lon="-122.17915808781981">
        <ele>3333.99</ele>
        <time>2016-08-08T19:06:35Z</time>
      </trkpt>
      <trkpt lat="41.39635596424341" lon="-122.1790882665664">
        <ele>3331.59</ele>
        <time>2016-08-08T19:06:44Z</time>
      </trkpt>
      <trkpt lat="41.3962822034955" lon="-122.17911316081882">
        <ele>3328.22</ele>
        <time>2016-08-08T19:06:55Z</time>
      </trkpt>
      <trkpt lat="41.396245239302516" lon="-122.17908130958676">
        <ele>3324.86</ele>
        <time>2016-08-08T19:07:07Z</time>
      </trkpt>
      <trkpt lat="41.396240796893835" lon="-122.17894602566957">
        <ele>3318.61</ele>
        <time>2016-08-08T19:07:24Z</time>
      </trkpt>
      <trkpt lat="41.39622336253524" lon="-122.17884368263185">
        <ele>3316.69</ele>
        <time>2016-08-08T19:07:36Z</time>
      </trkpt>
      <trkpt lat="41.396109284833074" lon="-122.1788340434432">
        <ele>3313.32</ele>
        <time>2016-08-08T19:07:59Z</time>
      </trkpt>
      <trkpt lat="41.39601230621338" lon="-122.17877570539713">
        <ele>3310.44</ele>
        <time>2016-08-08T19:08:22Z</time>
      </trkpt>
      <trkpt lat="41.39591666869819" lon="-122.17883027158678">
        <ele>3306.11</ele>
        <time>2016-08-08T19:10:24Z</time>
      </trkpt>
      <trkpt lat="41.39586931094527" lon="-122.1787613723427">
        <ele>3302.27</ele>
        <time>2016-08-08T19:10:45Z</time>
      </trkpt>
      <trkpt lat="41.395795634016395" lon="-122.1786318719387">
        <ele>3291.21</ele>
        <time>2016-08-08T19:12:07Z</time>
      </trkpt>
      <trkpt lat="41.39578272588551" lon="-122.17857604846358">
        <ele>3289.29</ele>
        <time>2016-08-08T19:12:26Z</time>
      </trkpt>
      <trkpt lat="41.39575062319636" lon="-122.17851092107594">
        <ele>3288.33</ele>
        <time>2016-08-08T19:12:42Z</time>
      </trkpt>
      <trkpt lat="41.39582362957299" lon="-122.17846926301718">
        <ele>3284.0</ele>
        <time>2016-08-08T19:13:58Z</time>
      </trkpt>
      <trkpt lat="41.39567811973393" lon="-122.1783561911434">
        <ele>3284.0</ele>
        <time>2016-08-08T19:14:30Z</time>
      </trkpt>
      <trkpt lat="41.39566923491657" lon="-122.17827119864523">
        <ele>3284.0</ele>
        <time>2016-08-08T19:14:59Z</time>
      </trkpt>
      <trkpt lat="41.395624643191695" lon="-122.17817069962621">
        <ele>3281.6</ele>
        <time>2016-08-08T19:15:13Z</time>
      </trkpt>
      <trkpt lat="41.39559019356966" lon="-122.1782161295414">
        <ele>3275.35</ele>
        <time>2016-08-08T19:15:54Z</time>
      </trkpt>
      <trkpt lat="41.39553353190422" lon="-122.1780712902546">
        <ele>3272.95</ele>
        <time>2016-08-08T19:16:12Z</time>
      </trkpt>
      <trkpt lat="41.39536203816533" lon="-122.17794254422188">
        <ele>3261.89</ele>
        <time>2016-08-08T19:16:44Z</time>
      </trkpt>
      <trkpt lat="41.39530780725181" lon="-122.17785713262856">
        <ele>3258.53</ele>
        <time>2016-08-08T19:17:01Z</time>
      </trkpt>
      <trkpt lat="41.395279644057155" lon="-122.17783148400486">
        <ele>3256.6</ele>
        <time>2016-08-08T19:17:05Z</time>
      </trkpt>
      <trkpt lat="41.39520135708153" lon="-122.17785294167697">
        <ele>3250.83</ele>
        <time>2016-08-08T19:17:17Z</time>
      </trkpt>
      <trkpt lat="41.39521242119372" lon="-122.17783642932773">
        <ele>3250.83</ele>
        <time>2016-08-08T19:19:17Z</time>
      </trkpt>
      <trkpt lat="41.39514586888254" lon="-122.17768161557615">
        <ele>3248.91</ele>
        <time>2016-08-08T19:19:26Z</time>
      </trkpt>
      <trkpt lat="41.394940093159676" lon="-122.17740199528635">
        <ele>3243.63</ele>
        <time>2016-08-08T19:19:43Z</time>
      </trkpt>
      <trkpt lat="41.39490849338472" lon="-122.177395792678">
        <ele>3236.9</ele>
        <time>2016-08-08T19:20:01Z</time>
      </trkpt>
      <trkpt lat="41.39486365020275" lon="-122.17731775715947">
        <ele>3234.49</ele>
        <time>2016-08-08T19:20:08Z</time>
      </trkpt>
      <trkpt lat="41.39466709457338" lon="-122.17702916823328">
        <ele>3225.84</ele>
        <time>2016-08-08T19:20:26Z</time>
      </trkpt>
      <trkpt lat="41.39459769241512" lon="-122.17710485681891">
        <ele>3212.86</ele>
        <time>2016-08-08T19:20:40Z</time>
      </trkpt>
      <trkpt lat="41.39459584839642" lon="-122.17706537805498">
        <ele>3209.02</ele>
        <time>2016-08-08T19:21:00Z</time>
      </trkpt>
      <trkpt lat="41.39449040405452" lon="-122.17684510163963">
        <ele>3205.65</ele>
        <time>2016-08-08T19:21:11Z</time>
      </trkpt>
      <trkpt lat="41.39433475211263" lon="-122.17662373557687">
        <ele>3200.85</ele>
        <time>2016-08-08T19:21:22Z</time>
      </trkpt>
      <trkpt lat="41.394256046041846" lon="-122.17660278081894">
        <ele>3193.64</ele>
        <time>2016-08-08T19:21:34Z</time>
      </trkpt>
      <trkpt lat="41.39424514956772" lon="-122.17661736533046">
        <ele>3188.35</ele>
        <time>2016-08-08T19:21:54Z</time>
      </trkpt>
      <trkpt lat="41.39409201219678" lon="-122.17643447220325">
        <ele>3183.06</ele>
        <time>2016-08-08T19:22:09Z</time>
      </trkpt>
      <trkpt lat="41.39411514624953" lon="-122.17655466869473">
        <ele>3176.33</ele>
        <time>2016-08-08T19:22:26Z</time>
      </trkpt>
      <trkpt lat="41.39416971243918" lon="-122.1764890383929">
        <ele>3173.45</ele>
        <time>2016-08-08T19:23:05Z</time>
      </trkpt>
      <trkpt lat="41.39419267885387" lon="-122.17634118162096">
        <ele>3167.68</ele>
        <time>2016-08-08T19:23:52Z</time>
      </trkpt>
      <trkpt lat="41.39418471604586" lon="-122.17627898789942">
        <ele>3165.28</ele>
        <time>2016-08-08T19:24:00Z</time>
      </trkpt>
      <trkpt lat="41.39412579126656" lon="-122.17627328820527">
        <ele>3162.88</ele>
        <time>2016-08-08T19:24:11Z</time>
      </trkpt>
      <trkpt lat="41.39411414042115" lon="-122.176243532449">
        <ele>3162.39</ele>
        <time>2016-08-08T19:24:16Z</time>
      </trkpt>
      <trkpt lat="41.394001906737685" lon="-122.17612844891846">
        <ele>3154.7</ele>
        <time>2016-08-08T19:24:42Z</time>
      </trkpt>
      <trkpt lat="41.393781546503305" lon="-122.17592619359493">
        <ele>3140.28</ele>
        <time>2016-08-08T19:25:22Z</time>
      </trkpt>
      <trkpt lat="41.39376168139279" lon="-122.17583206482232">
        <ele>3135.96</ele>
        <time>2016-08-08T19:25:35Z</time>
      </trkpt>
      <trkpt lat="41.39369479380548" lon="-122.1757606510073">
        <ele>3131.15</ele>
        <time>2016-08-08T19:25:48Z</time>
      </trkpt>
      <trkpt lat="41.39357836917043" lon="-122.17561019584537">
        <ele>3123.94</ele>
        <time>2016-08-08T19:26:12Z</time>
      </trkpt>
      <trkpt lat="41.39350133948028" lon="-122.17535496689379">
        <ele>3119.62</ele>
        <time>2016-08-08T19:26:35Z</time>
      </trkpt>
      <trkpt lat="41.393481558188796" lon="-122.17536075040698">
        <ele>3119.62</ele>
        <time>2016-08-08T19:26:37Z</time>
      </trkpt>
      <trkpt lat="41.39343646354973" lon="-122.17530777677894">
        <ele>3115.29</ele>
        <time>2016-08-08T19:26:49Z</time>
      </trkpt>
      <trkpt lat="41.39341835863888" lon="-122.17521205544472">
        <ele>3110.96</ele>
        <time>2016-08-08T19:27:00Z</time>
      </trkpt>
      <trkpt lat="41.39338893815875" lon="-122.17512262053788">
        <ele>3107.6</ele>
        <time>2016-08-08T19:27:09Z</time>
      </trkpt>
      <trkpt lat="41.39336203224957" lon="-122.17508213594556">
        <ele>3105.68</ele>
        <time>2016-08-08T19:27:15Z</time>
      </trkpt>
      <trkpt lat="41.39331811107695" lon="-122.1748916991055">
        <ele>3101.35</ele>
        <time>2016-08-08T19:27:31Z</time>
      </trkpt>
      <trkpt lat="41.393317859619856" lon="-122.17484341934323">
        <ele>3099.91</ele>
        <time>2016-08-08T19:27:35Z</time>
      </trkpt>
      <trkpt lat="41.39325943775475" lon="-122.17472515068948">
        <ele>3097.51</ele>
        <time>2016-08-08T19:27:47Z</time>
      </trkpt>
      <trkpt lat="41.39323018491268" lon="-122.17471987009048">
        <ele>3097.51</ele>
        <time>2016-08-08T19:27:50Z</time>
      </trkpt>
      <trkpt lat="41.393180061131716" lon="-122.17453395947814">
        <ele>3095.1</ele>
        <time>2016-08-08T19:28:03Z</time>
      </trkpt>
      <trkpt lat="41.39313664287329" lon="-122.17440554872155">
        <ele>3091.26</ele>
        <time>2016-08-08T19:28:14Z</time>
      </trkpt>
      <trkpt lat="41.39313303865492" lon="-122.17433522455394">
        <ele>3089.33</ele>
        <time>2016-08-08T19:28:20Z</time>
      </trkpt>
      <trkpt lat="41.39307587407529" lon="-122.17423615045846">
        <ele>3085.49</ele>
        <time>2016-08-08T19:28:39Z</time>
      </trkpt>
      <trkpt lat="41.39303186908364" lon="-122.17422827146947">
        <ele>3083.57</ele>
        <time>2016-08-08T19:28:56Z</time>
      </trkpt>
      <trkpt lat="41.392946038395166" lon="-122.17401403002441">
        <ele>3077.32</ele>
        <time>2016-08-08T19:29:31Z</time>
      </trkpt>
      <trkpt lat="41.39291737228632" lon="-122.17397882603109">
        <ele>3075.88</ele>
        <time>2016-08-08T19:29:36Z</time>
      </trkpt>
      <trkpt lat="41.392851155251265" lon="-122.1739347372204">
        <ele>3075.4</ele>
        <time>2016-08-08T19:29:41Z</time>
      </trkpt>
      <trkpt lat="41.39283816330135" lon="-122.17389525845647">
        <ele>3075.4</ele>
        <time>2016-08-08T19:29:43Z</time>
      </trkpt>
      <trkpt lat="41.39277555048466" lon="-122.17380112968385">
        <ele>3074.43</ele>
        <time>2016-08-08T19:29:50Z</time>
      </trkpt>
      <trkpt lat="41.39276004396379" lon="-122.17370021156967">
        <ele>3073.95</ele>
        <time>2016-08-08T19:29:57Z</time>
      </trkpt>
      <trkpt lat="41.392679661512375" lon="-122.17364111915231">
        <ele>3072.99</ele>
        <time>2016-08-08T19:30:10Z</time>
      </trkpt>
      <trkpt lat="41.392628448084" lon="-122.17353492043912">
        <ele>3071.55</ele>
        <time>2016-08-08T19:30:22Z</time>
      </trkpt>
      <trkpt lat="41.39265853911638" lon="-122.17348773032427">
        <ele>3068.19</ele>
        <time>2016-08-08T19:30:29Z</time>
      </trkpt>
      <trkpt lat="41.392614701762795" lon="-122.17335185967386">
        <ele>3060.98</ele>
        <time>2016-08-08T19:30:44Z</time>
      </trkpt>
      <trkpt lat="41.39258997514844" lon="-122.17321749776602">
        <ele>3054.73</ele>
        <time>2016-08-08T19:30:56Z</time>
      </trkpt>
      <trkpt lat="41.39253809116781" lon="-122.17316578142345">
        <ele>3052.8</ele>
        <time>2016-08-08T19:31:03Z</time>
      </trkpt>
      <trkpt lat="41.39239199459553" lon="-122.17316729016602">
        <ele>3049.92</ele>
        <time>2016-08-08T19:31:17Z</time>
      </trkpt>
      <trkpt lat="41.39233692549169" lon="-122.17303074896336">
        <ele>3047.52</ele>
        <time>2016-08-08T19:31:30Z</time>
      </trkpt>
      <trkpt lat="41.392288226634264" lon="-122.17292731627822">
        <ele>3045.59</ele>
        <time>2016-08-08T19:31:41Z</time>
      </trkpt>
      <trkpt lat="41.39230909757316" lon="-122.1728664636612">
        <ele>3042.71</ele>
        <time>2016-08-08T19:31:45Z</time>
      </trkpt>
      <trkpt lat="41.392271211370826" lon="-122.17276160605252">
        <ele>3033.58</ele>
        <time>2016-08-08T19:31:56Z</time>
      </trkpt>
      <trkpt lat="41.39222695492208" lon="-122.17275179922581">
        <ele>3030.69</ele>
        <time>2016-08-08T19:32:01Z</time>
      </trkpt>
      <trkpt lat="41.39216652140021" lon="-122.17257041484118">
        <ele>3027.33</ele>
        <time>2016-08-08T19:32:12Z</time>
      </trkpt>
      <trkpt lat="41.39214933849871" lon="-122.17254426330328">
        <ele>3027.33</ele>
        <time>2016-08-08T19:32:14Z</time>
      </trkpt>
      <trkpt lat="41.392061077058315" lon="-122.17249900102615">
        <ele>3025.41</ele>
        <time>2016-08-08T19:32:26Z</time>
      </trkpt>
      <trkpt lat="41.39198262244463" lon="-122.17232306487858">
        <ele>3024.93</ele>
        <time>2016-08-08T19:32:37Z</time>
      </trkpt>
      <trkpt lat="41.39192797243595" lon="-122.17227084562182">
        <ele>3024.44</ele>
        <time>2016-08-08T19:32:43Z</time>
      </trkpt>
      <trkpt lat="41.39187902212143" lon="-122.17215810902417">
        <ele>3022.52</ele>
        <time>2016-08-08T19:32:56Z</time>
      </trkpt>
      <trkpt lat="41.39180542901158" lon="-122.17212625779212">
        <ele>3014.35</ele>
        <time>2016-08-08T19:33:08Z</time>
      </trkpt>
      <trkpt lat="41.39178321696818" lon="-122.17207537963986">
        <ele>3008.1</ele>
        <time>2016-08-08T19:33:15Z</time>
      </trkpt>
      <trkpt lat="41.391797214746475" lon="-122.17203464359045">
        <ele>3005.7</ele>
        <time>2016-08-08T19:33:19Z</time>
      </trkpt>
      <trkpt lat="41.39178413897753" lon="-122.17197990976274">
        <ele>3002.82</ele>
        <time>2016-08-08T19:33:25Z</time>
      </trkpt>
      <trkpt lat="41.39174809679389" lon="-122.1719768922776">
        <ele>3000.41</ele>
        <time>2016-08-08T19:33:29Z</time>
      </trkpt>
      <trkpt lat="41.39172772876918" lon="-122.17190589755774">
        <ele>2995.12</ele>
        <time>2016-08-08T19:33:38Z</time>
      </trkpt>
      <trkpt lat="41.39174616895616" lon="-122.17181771993637">
        <ele>2989.84</ele>
        <time>2016-08-08T19:33:47Z</time>
      </trkpt>
      <trkpt lat="41.3917235378176" lon="-122.17182232998312">
        <ele>2988.88</ele>
        <time>2016-08-08T19:33:49Z</time>
      </trkpt>
      <trkpt lat="41.391656985506415" lon="-122.17176089063287">
        <ele>2980.71</ele>
        <time>2016-08-08T19:34:01Z</time>
      </trkpt>
      <trkpt lat="41.39164022170007" lon="-122.17172970995307">
        <ele>2979.26</ele>
        <time>2016-08-08T19:34:04Z</time>
      </trkpt>
      <trkpt lat="41.391615495085716" lon="-122.17156123369932">
        <ele>2977.34</ele>
        <time>2016-08-08T19:34:14Z</time>
      </trkpt>
      <trkpt lat="41.39155908487737" lon="-122.17147070914507">
        <ele>2973.01</ele>
        <time>2016-08-08T19:34:26Z</time>
      </trkpt>
      <trkpt lat="41.39151223003864" lon="-122.1714723855257">
        <ele>2969.65</ele>
        <time>2016-08-08T19:34:41Z</time>
      </trkpt>
      <trkpt lat="41.391522623598576" lon="-122.17143022455275">
        <ele>2965.8</ele>
        <time>2016-08-08T19:38:23Z</time>
      </trkpt>
      <trkpt lat="41.391491862013936" lon="-122.17134539969265">
        <ele>2962.44</ele>
        <time>2016-08-08T19:38:32Z</time>
      </trkpt>
      <trkpt lat="41.39145774766803" lon="-122.17131304554641">
        <ele>2960.52</ele>
        <time>2016-08-08T19:38:40Z</time>
      </trkpt>
      <trkpt lat="41.3914315123111" lon="-122.17124498449266">
        <ele>2958.11</ele>
        <time>2016-08-08T19:38:48Z</time>
      </trkpt>
      <trkpt lat="41.39144115149975" lon="-122.17121950350702">
        <ele>2957.63</ele>
        <time>2016-08-08T19:38:50Z</time>
      </trkpt>
      <trkpt lat="41.39140225946903" lon="-122.17111950740218">
        <ele>2953.31</ele>
        <time>2016-08-08T19:38:58Z</time>
      </trkpt>
      <trkpt lat="41.39134936966002" lon="-122.17106259427965">
        <ele>2951.38</ele>
        <time>2016-08-08T19:39:03Z</time>
      </trkpt>
      <trkpt lat="41.391326654702425" lon="-122.17098489403725">
        <ele>2947.54</ele>
        <time>2016-08-08T19:39:12Z</time>
      </trkpt>
      <trkpt lat="41.39126789756119" lon="-122.17090325430036">
        <ele>2943.21</ele>
        <time>2016-08-08T19:39:20Z</time>
      </trkpt>
      <trkpt lat="41.39126664027572" lon="-122.17086603865027">
        <ele>2942.25</ele>
        <time>2016-08-08T19:39:23Z</time>
      </trkpt>
      <trkpt lat="41.39131408184767" lon="-122.1707180980593">
        <ele>2940.81</ele>
        <time>2016-08-08T19:39:33Z</time>
      </trkpt>
      <trkpt lat="41.39125934801996" lon="-122.17059580609202">
        <ele>2934.56</ele>
        <time>2016-08-08T19:39:49Z</time>
      </trkpt>
      <trkpt lat="41.39116848818958" lon="-122.17050662264228">
        <ele>2931.68</ele>
        <time>2016-08-08T19:40:00Z</time>
      </trkpt>
      <trkpt lat="41.39103027060628" lon="-122.17033688910306">
        <ele>2923.99</ele>
        <time>2016-08-08T19:40:17Z</time>
      </trkpt>
      <trkpt lat="41.39098634943366" lon="-122.17033898457885">
        <ele>2923.03</ele>
        <time>2016-08-08T19:40:22Z</time>
      </trkpt>
      <trkpt lat="41.39085341244936" lon="-122.17027989216149">
        <ele>2917.74</ele>
        <time>2016-08-08T19:40:39Z</time>
      </trkpt>
      <trkpt lat="41.39085014350712" lon="-122.1702381502837">
        <ele>2916.3</ele>
        <time>2016-08-08T19:40:42Z</time>
      </trkpt>
      <trkpt lat="41.39080513268709" lon="-122.17023722827435">
        <ele>2913.89</ele>
        <time>2016-08-08T19:40:46Z</time>
      </trkpt>
      <trkpt lat="41.39075718820095" lon="-122.17014888301492">
        <ele>2909.09</ele>
        <time>2016-08-08T19:40:53Z</time>
      </trkpt>
      <trkpt lat="41.390650905668736" lon="-122.17015684582293">
        <ele>2906.2</ele>
        <time>2016-08-08T19:41:05Z</time>
      </trkpt>
      <trkpt lat="41.39055987820029" lon="-122.17007428407669">
        <ele>2900.92</ele>
        <time>2016-08-08T19:41:20Z</time>
      </trkpt>
      <trkpt lat="41.39053179882467" lon="-122.17002927325666">
        <ele>2899.47</ele>
        <time>2016-08-08T19:41:24Z</time>
      </trkpt>
      <trkpt lat="41.390501875430346" lon="-122.17001955024898">
        <ele>2898.03</ele>
        <time>2016-08-08T19:41:28Z</time>
      </trkpt>
      <trkpt lat="41.39033708721399" lon="-122.16982819139957">
        <ele>2890.34</ele>
        <time>2016-08-08T19:41:56Z</time>
      </trkpt>
      <trkpt lat="41.39020222239196" lon="-122.16979189775884">
        <ele>2887.94</ele>
        <time>2016-08-08T19:42:09Z</time>
      </trkpt>
      <trkpt lat="41.390175903216004" lon="-122.16979709453881">
        <ele>2887.46</ele>
        <time>2016-08-08T19:42:13Z</time>
      </trkpt>
      <trkpt lat="41.390157882124186" lon="-122.16974755749106">
        <ele>2886.5</ele>
        <time>2016-08-08T19:42:24Z</time>
      </trkpt>
      <trkpt lat="41.39011211693287" lon="-122.16975786723197">
        <ele>2883.61</ele>
        <time>2016-08-08T19:42:41Z</time>
      </trkpt>
      <trkpt lat="41.390100717544556" lon="-122.1697302069515">
        <ele>2882.65</ele>
        <time>2016-08-08T19:42:43Z</time>
      </trkpt>
      <trkpt lat="41.39006978832185" lon="-122.16973657719791">
        <ele>2881.69</ele>
        <time>2016-08-08T19:42:46Z</time>
      </trkpt>
      <trkpt lat="41.39006073586643" lon="-122.16967924498022">
        <ele>2880.25</ele>
        <time>2016-08-08T19:42:51Z</time>
      </trkpt>
      <trkpt lat="41.39001505449414" lon="-122.16965803876519">
        <ele>2878.81</ele>
        <time>2016-08-08T19:42:59Z</time>
      </trkpt>
      <trkpt lat="41.38998412527144" lon="-122.16962140984833">
        <ele>2877.36</ele>
        <time>2016-08-08T19:43:03Z</time>
      </trkpt>
      <trkpt lat="41.38989946804941" lon="-122.16967706568539">
        <ele>2876.88</ele>
        <time>2016-08-08T19:43:10Z</time>
      </trkpt>
      <trkpt lat="41.38988429680467" lon="-122.1696678455919">
        <ele>2876.4</ele>
        <time>2016-08-08T19:43:12Z</time>
      </trkpt>
      <trkpt lat="41.389846159145236" lon="-122.16953750699759">
        <ele>2874.48</ele>
        <time>2016-08-08T19:43:24Z</time>
      </trkpt>
      <trkpt lat="41.38980198651552" lon="-122.16952191665769">
        <ele>2872.08</ele>
        <time>2016-08-08T19:43:31Z</time>
      </trkpt>
      <trkpt lat="41.38977164402604" lon="-122.16948973014951">
        <ele>2871.11</ele>
        <time>2016-08-08T19:43:35Z</time>
      </trkpt>
      <trkpt lat="41.389729818329215" lon="-122.16947590000927">
        <ele>2869.67</ele>
        <time>2016-08-08T19:43:42Z</time>
      </trkpt>
      <trkpt lat="41.38968673534691" lon="-122.16953197494149">
        <ele>2866.79</ele>
        <time>2016-08-08T19:43:49Z</time>
      </trkpt>
      <trkpt lat="41.38964666984975" lon="-122.16947204433382">
        <ele>2861.98</ele>
        <time>2016-08-08T19:44:00Z</time>
      </trkpt>
      <trkpt lat="41.38954726047814" lon="-122.16942954808474">
        <ele>2852.85</ele>
        <time>2016-08-08T19:44:24Z</time>
      </trkpt>
      <trkpt lat="41.38948171399534" lon="-122.16943667270243">
        <ele>2848.52</ele>
        <time>2016-08-08T19:44:36Z</time>
      </trkpt>
      <trkpt lat="41.38937819749117" lon="-122.16935293748975">
        <ele>2841.31</ele>
        <time>2016-08-08T19:44:58Z</time>
      </trkpt>
      <trkpt lat="41.389325726777315" lon="-122.16928345151246">
        <ele>2836.51</ele>
        <time>2016-08-08T19:45:11Z</time>
      </trkpt>
      <trkpt lat="41.38929747976363" lon="-122.16919183731079">
        <ele>2831.7</ele>
        <time>2016-08-08T19:45:24Z</time>
      </trkpt>
      <trkpt lat="41.38926554471254" lon="-122.1691865567118">
        <ele>2831.22</ele>
        <time>2016-08-08T19:45:27Z</time>
      </trkpt>
      <trkpt lat="41.38921617530286" lon="-122.16922578401864">
        <ele>2830.26</ele>
        <time>2016-08-08T19:45:35Z</time>
      </trkpt>
      <trkpt lat="41.38919077813625" lon="-122.16915839351714">
        <ele>2828.82</ele>
        <time>2016-08-08T19:45:44Z</time>
      </trkpt>
      <trkpt lat="41.38918214477599" lon="-122.16908974573016">
        <ele>2825.93</ele>
        <time>2016-08-08T19:45:53Z</time>
      </trkpt>
      <trkpt lat="41.38914601877332" lon="-122.16902688145638">
        <ele>2821.13</ele>
        <time>2016-08-08T19:46:23Z</time>
      </trkpt>
      <trkpt lat="41.389055997133255" lon="-122.16903350315988">
        <ele>2815.84</ele>
        <time>2016-08-08T19:46:38Z</time>
      </trkpt>
      <trkpt lat="41.38901970349252" lon="-122.16905437409878">
        <ele>2813.44</ele>
        <time>2016-08-08T19:46:44Z</time>
      </trkpt>
      <trkpt lat="41.38897821307182" lon="-122.16899880208075">
        <ele>2807.67</ele>
        <time>2016-08-08T19:46:55Z</time>
      </trkpt>
      <trkpt lat="41.38885986059904" lon="-122.16895177960396">
        <ele>2799.5</ele>
        <time>2016-08-08T19:47:11Z</time>
      </trkpt>
      <trkpt lat="41.38883379288018" lon="-122.16884809546173">
        <ele>2794.21</ele>
        <time>2016-08-08T19:47:24Z</time>
      </trkpt>
      <trkpt lat="41.38877763412893" lon="-122.16883334331214">
        <ele>2792.77</ele>
        <time>2016-08-08T19:47:58Z</time>
      </trkpt>
      <trkpt lat="41.388775538653135" lon="-122.16879880987108">
        <ele>2791.33</ele>
        <time>2016-08-08T19:48:01Z</time>
      </trkpt>
      <trkpt lat="41.388679817318916" lon="-122.16861667111516">
        <ele>2779.79</ele>
        <time>2016-08-08T19:48:23Z</time>
      </trkpt>
      <trkpt lat="41.388665568083525" lon="-122.16854366473854">
        <ele>2776.42</ele>
        <time>2016-08-08T19:48:32Z</time>
      </trkpt>
      <trkpt lat="41.38860144652426" lon="-122.16841173358262">
        <ele>2771.14</ele>
        <time>2016-08-08T19:48:49Z</time>
      </trkpt>
      <trkpt lat="41.38860764913261" lon="-122.16830620542169">
        <ele>2766.81</ele>
        <time>2016-08-08T19:49:00Z</time>
      </trkpt>
      <trkpt lat="41.38858216814697" lon="-122.16821006499231">
        <ele>2764.41</ele>
        <time>2016-08-08T19:49:08Z</time>
      </trkpt>
      <trkpt lat="41.388595746830106" lon="-122.16816580854356">
        <ele>2762.97</ele>
        <time>2016-08-08T19:49:12Z</time>
      </trkpt>
      <trkpt lat="41.38860899023712" lon="-122.16802231036127">
        <ele>2761.04</ele>
        <time>2016-08-08T19:49:22Z</time>
      </trkpt>
      <trkpt lat="41.38863514177501" lon="-122.16795584186912">
        <ele>2760.08</ele>
        <time>2016-08-08T19:49:26Z</time>
      </trkpt>
      <trkpt lat="41.38864151202142" lon="-122.16781795956194">
        <ele>2754.8</ele>
        <time>2016-08-08T19:49:38Z</time>
      </trkpt>
      <trkpt lat="41.388681661337614" lon="-122.16770480386913">
        <ele>2749.99</ele>
        <time>2016-08-08T19:49:48Z</time>
      </trkpt>
      <trkpt lat="41.38871183618903" lon="-122.16758100315928">
        <ele>2742.3</ele>
        <time>2016-08-08T19:50:01Z</time>
      </trkpt>
      <trkpt lat="41.38871166855097" lon="-122.16749601066113">
        <ele>2740.86</ele>
        <time>2016-08-08T19:50:09Z</time>
      </trkpt>
      <trkpt lat="41.388747710734606" lon="-122.16739634983242">
        <ele>2738.45</ele>
        <time>2016-08-08T19:50:19Z</time>
      </trkpt>
      <trkpt lat="41.38878023251891" lon="-122.16734144836664">
        <ele>2737.97</ele>
        <time>2016-08-08T19:50:23Z</time>
      </trkpt>
      <trkpt lat="41.38877679593861" lon="-122.16727070510387">
        <ele>2734.13</ele>
        <time>2016-08-08T19:50:33Z</time>
      </trkpt>
      <trkpt lat="41.388705633580685" lon="-122.16725947335362">
        <ele>2731.72</ele>
        <time>2016-08-08T19:50:39Z</time>
      </trkpt>
      <trkpt lat="41.38869171962142" lon="-122.1672417037189">
        <ele>2730.76</ele>
        <time>2016-08-08T19:50:41Z</time>
      </trkpt>
      <trkpt lat="41.3885286077857" lon="-122.16718537732959">
        <ele>2726.44</ele>
        <time>2016-08-08T19:50:59Z</time>
      </trkpt>
      <trkpt lat="41.388588370755315" lon="-122.16699217446148">
        <ele>2722.11</ele>
        <time>2016-08-08T19:51:12Z</time>
      </trkpt>
      <trkpt lat="41.38856867328286" lon="-122.16693174093962">
        <ele>2720.19</ele>
        <time>2016-08-08T19:51:18Z</time>
      </trkpt>
      <trkpt lat="41.38851352035999" lon="-122.16690877452493">
        <ele>2717.3</ele>
        <time>2016-08-08T19:51:25Z</time>
      </trkpt>
      <trkpt lat="41.388510167598724" lon="-122.16686233878136">
        <ele>2715.38</ele>
        <time>2016-08-08T19:51:29Z</time>
      </trkpt>
      <trkpt lat="41.38838393613696" lon="-122.16681665740907">
        <ele>2711.54</ele>
        <time>2016-08-08T19:51:42Z</time>
      </trkpt>
      <trkpt lat="41.3883475586772" lon="-122.16677072457969">
        <ele>2709.13</ele>
        <time>2016-08-08T19:51:49Z</time>
      </trkpt>
      <trkpt lat="41.38831855729222" lon="-122.16669520363212">
        <ele>2706.25</ele>
        <time>2016-08-08T19:51:56Z</time>
      </trkpt>
      <trkpt lat="41.388238091021776" lon="-122.16666712425649">
        <ele>2703.85</ele>
        <time>2016-08-08T19:52:04Z</time>
      </trkpt>
      <trkpt lat="41.38823138549924" lon="-122.16662982478738">
        <ele>2702.4</ele>
        <time>2016-08-08T19:52:07Z</time>
      </trkpt>
      <trkpt lat="41.388032818213105" lon="-122.16664290055633">
        <ele>2697.6</ele>
        <time>2016-08-08T19:52:24Z</time>
      </trkpt>
      <trkpt lat="41.38803801499307" lon="-122.16660258360207">
        <ele>2697.12</ele>
        <time>2016-08-08T19:52:27Z</time>
      </trkpt>
      <trkpt lat="41.387980096042156" lon="-122.16638959944248">
        <ele>2691.83</ele>
        <time>2016-08-08T19:52:47Z</time>
      </trkpt>
      <trkpt lat="41.38798403553665" lon="-122.16622489504516">
        <ele>2688.46</ele>
        <time>2016-08-08T19:52:56Z</time>
      </trkpt>
      <trkpt lat="41.387873562052846" lon="-122.16610126197338">
        <ele>2682.7</ele>
        <time>2016-08-08T19:53:12Z</time>
      </trkpt>
      <trkpt lat="41.3878224324435" lon="-122.1660796366632">
        <ele>2680.29</ele>
        <time>2016-08-08T19:53:20Z</time>
      </trkpt>
      <trkpt lat="41.38782159425318" lon="-122.16593781486154">
        <ele>2675.01</ele>
        <time>2016-08-08T19:53:32Z</time>
      </trkpt>
      <trkpt lat="41.38785604387522" lon="-122.16576204635203">
        <ele>2671.64</ele>
        <time>2016-08-08T19:53:43Z</time>
      </trkpt>
      <trkpt lat="41.38783425092697" lon="-122.16570873744786">
        <ele>2671.16</ele>
        <time>2016-08-08T19:53:47Z</time>
      </trkpt>
      <trkpt lat="41.38780583627522" lon="-122.16569356620312">
        <ele>2671.16</ele>
        <time>2016-08-08T19:53:50Z</time>
      </trkpt>
      <trkpt lat="41.38779946602881" lon="-122.16560421511531">
        <ele>2670.2</ele>
        <time>2016-08-08T19:53:54Z</time>
      </trkpt>
      <trkpt lat="41.38784548267722" lon="-122.16541620902717">
        <ele>2668.28</ele>
        <time>2016-08-08T19:54:04Z</time>
      </trkpt>
      <trkpt lat="41.38783207163215" lon="-122.16532677412033">
        <ele>2665.87</ele>
        <time>2016-08-08T19:54:09Z</time>
      </trkpt>
      <trkpt lat="41.38783014379442" lon="-122.16511538252234">
        <ele>2663.47</ele>
        <time>2016-08-08T19:54:22Z</time>
      </trkpt>
      <trkpt lat="41.387880351394415" lon="-122.16492318548262">
        <ele>2661.55</ele>
        <time>2016-08-08T19:54:33Z</time>
      </trkpt>
      <trkpt lat="41.38794204220176" lon="-122.16470634564757">
        <ele>2658.66</ele>
        <time>2016-08-08T19:54:45Z</time>
      </trkpt>
      <trkpt lat="41.38806818984449" lon="-122.16438649222255">
        <ele>2651.45</ele>
        <time>2016-08-08T19:55:09Z</time>
      </trkpt>
      <trkpt lat="41.388113368302584" lon="-122.16432966291904">
        <ele>2649.53</ele>
        <time>2016-08-08T19:55:16Z</time>
      </trkpt>
      <trkpt lat="41.38816508464515" lon="-122.16414140537381">
        <ele>2648.09</ele>
        <time>2016-08-08T19:55:26Z</time>
      </trkpt>
      <trkpt lat="41.38813256286085" lon="-122.16404853388667">
        <ele>2645.69</ele>
        <time>2016-08-08T19:55:33Z</time>
      </trkpt>
      <trkpt lat="41.38812677934766" lon="-122.16391174122691">
        <ele>2644.72</ele>
        <time>2016-08-08T19:55:42Z</time>
      </trkpt>
      <trkpt lat="41.388089982792735" lon="-122.1636445261538">
        <ele>2642.8</ele>
        <time>2016-08-08T19:55:57Z</time>
      </trkpt>
      <trkpt lat="41.3880312256515" lon="-122.16363639570773">
        <ele>2638.96</ele>
        <time>2016-08-08T20:20:44Z</time>
      </trkpt>
      <trkpt lat="41.38810280710459" lon="-122.16359264217317">
        <ele>2638.48</ele>
        <time>2016-08-08T20:21:08Z</time>
      </trkpt>
      <trkpt lat="41.388150500133634" lon="-122.16358392499387">
        <ele>2637.51</ele>
        <time>2016-08-08T20:21:14Z</time>
      </trkpt>
      <trkpt lat="41.38827539049089" lon="-122.16339156031609">
        <ele>2635.59</ele>
        <time>2016-08-08T20:21:32Z</time>
      </trkpt>
      <trkpt lat="41.3882902264595" lon="-122.1633770596236">
        <ele>2635.11</ele>
        <time>2016-08-08T20:21:37Z</time>
      </trkpt>
      <trkpt lat="41.38825016096234" lon="-122.16327915899456">
        <ele>2632.71</ele>
        <time>2016-08-08T20:21:46Z</time>
      </trkpt>
      <trkpt lat="41.388176484033465" lon="-122.16321704909205">
        <ele>2630.79</ele>
        <time>2016-08-08T20:21:55Z</time>
      </trkpt>
      <trkpt lat="41.38820255175233" lon="-122.16308394446969">
        <ele>2627.42</ele>
        <time>2016-08-08T20:22:06Z</time>
      </trkpt>
      <trkpt lat="41.38816734775901" lon="-122.16298176907003">
        <ele>2628.86</ele>
        <time>2016-08-08T20:22:18Z</time>
      </trkpt>
      <trkpt lat="41.388106578961015" lon="-122.16294597834349">
        <ele>2626.46</ele>
        <time>2016-08-08T20:22:28Z</time>
      </trkpt>
      <trkpt lat="41.388069447129965" lon="-122.16291882097721">
        <ele>2628.38</ele>
        <time>2016-08-08T20:25:29Z</time>
      </trkpt>
      <trkpt lat="41.38801873661578" lon="-122.16286115348339">
        <ele>2626.94</ele>
        <time>2016-08-08T20:25:39Z</time>
      </trkpt>
      <trkpt lat="41.38793198391795" lon="-122.16266702860594">
        <ele>2620.69</ele>
        <time>2016-08-08T20:26:00Z</time>
      </trkpt>
      <trkpt lat="41.38790801167488" lon="-122.16256208717823">
        <ele>2618.29</ele>
        <time>2016-08-08T20:26:08Z</time>
      </trkpt>
      <trkpt lat="41.38784606941044" lon="-122.16244541108608">
        <ele>2615.4</ele>
        <time>2016-08-08T20:26:18Z</time>
      </trkpt>
      <trkpt lat="41.387770883738995" lon="-122.1623476780951">
        <ele>2613.48</ele>
        <time>2016-08-08T20:26:25Z</time>
      </trkpt>
      <trkpt lat="41.387723023071885" lon="-122.16226243413985">
        <ele>2610.6</ele>
        <time>2016-08-08T20:26:32Z</time>
      </trkpt>
      <trkpt lat="41.3877915032208" lon="-122.16204048134387">
        <ele>2604.35</ele>
        <time>2016-08-08T20:26:47Z</time>
      </trkpt>
      <trkpt lat="41.38779024593532" lon="-122.16199957765639">
        <ele>2601.95</ele>
        <time>2016-08-08T20:26:53Z</time>
      </trkpt>
      <trkpt lat="41.387749426066875" lon="-122.16192363761365">
        <ele>2600.02</ele>
        <time>2016-08-08T20:27:01Z</time>
      </trkpt>
      <trkpt lat="41.38779317960143" lon="-122.16184250079095">
        <ele>2596.66</ele>
        <time>2016-08-08T20:27:08Z</time>
      </trkpt>
      <trkpt lat="41.387769877910614" lon="-122.16175742447376">
        <ele>2594.25</ele>
        <time>2016-08-08T20:27:13Z</time>
      </trkpt>
      <trkpt lat="41.387664349749684" lon="-122.16149004176259">
        <ele>2587.04</ele>
        <time>2016-08-08T20:27:30Z</time>
      </trkpt>
      <trkpt lat="41.38764658011496" lon="-122.16138627380133">
        <ele>2584.16</ele>
        <time>2016-08-08T20:27:36Z</time>
      </trkpt>
      <trkpt lat="41.38761766254902" lon="-122.16131896711886">
        <ele>2581.28</ele>
        <time>2016-08-08T20:27:41Z</time>
      </trkpt>
      <trkpt lat="41.38759075663984" lon="-122.16120379976928">
        <ele>2576.47</ele>
        <time>2016-08-08T20:27:48Z</time>
      </trkpt>
      <trkpt lat="41.38762537389994" lon="-122.16107220388949">
        <ele>2571.18</ele>
        <time>2016-08-08T20:27:57Z</time>
      </trkpt>
      <trkpt lat="41.38776124455035" lon="-122.16079132631421">
        <ele>2567.82</ele>
        <time>2016-08-08T20:28:17Z</time>
      </trkpt>
      <trkpt lat="41.38785671442747" lon="-122.16070029884577">
        <ele>2565.9</ele>
        <time>2016-08-08T20:28:25Z</time>
      </trkpt>
      <trkpt lat="41.38797691091895" lon="-122.160510616377">
        <ele>2564.45</ele>
        <time>2016-08-08T20:28:37Z</time>
      </trkpt>
      <trkpt lat="41.38803591951728" lon="-122.16049971990287">
        <ele>2565.9</ele>
        <time>2016-08-08T20:28:42Z</time>
      </trkpt>
      <trkpt lat="41.38810255564749" lon="-122.16033853590488">
        <ele>2565.9</ele>
        <time>2016-08-08T20:28:52Z</time>
      </trkpt>
      <trkpt lat="41.38810247182846" lon="-122.16029553674161">
        <ele>2565.9</ele>
        <time>2016-08-08T20:28:54Z</time>
      </trkpt>
      <trkpt lat="41.38817296363413" lon="-122.16021389700472">
        <ele>2563.97</ele>
        <time>2016-08-08T20:29:00Z</time>
      </trkpt>
      <trkpt lat="41.38819073326886" lon="-122.16017031110823">
        <ele>2563.49</ele>
        <time>2016-08-08T20:29:04Z</time>
      </trkpt>
      <trkpt lat="41.38818050734699" lon="-122.16011264361441">
        <ele>2563.01</ele>
        <time>2016-08-08T20:29:07Z</time>
      </trkpt>
      <trkpt lat="41.388283018022776" lon="-122.15998934581876">
        <ele>2560.61</ele>
        <time>2016-08-08T20:29:17Z</time>
      </trkpt>
      <trkpt lat="41.38829265721142" lon="-122.1598541457206">
        <ele>2559.17</ele>
        <time>2016-08-08T20:29:24Z</time>
      </trkpt>
      <trkpt lat="41.388266421854496" lon="-122.15976504608989">
        <ele>2558.69</ele>
        <time>2016-08-08T20:29:29Z</time>
      </trkpt>
      <trkpt lat="41.38826994225383" lon="-122.15953580103815">
        <ele>2557.24</ele>
        <time>2016-08-08T20:29:42Z</time>
      </trkpt>
      <trkpt lat="41.388354850932956" lon="-122.15943027287722">
        <ele>2557.73</ele>
        <time>2016-08-08T20:29:52Z</time>
      </trkpt>
      <trkpt lat="41.38847772963345" lon="-122.15931124985218">
        <ele>2559.65</ele>
        <time>2016-08-08T20:30:03Z</time>
      </trkpt>
      <trkpt lat="41.38858552090824" lon="-122.15914830565453">
        <ele>2560.13</ele>
        <time>2016-08-08T20:30:14Z</time>
      </trkpt>
      <trkpt lat="41.38867059722543" lon="-122.15897002257407">
        <ele>2560.13</ele>
        <time>2016-08-08T20:30:25Z</time>
      </trkpt>
      <trkpt lat="41.388733545318246" lon="-122.15888117440045">
        <ele>2559.65</ele>
        <time>2016-08-08T20:30:31Z</time>
      </trkpt>
      <trkpt lat="41.388756930828094" lon="-122.15880322270095">
        <ele>2559.65</ele>
        <time>2016-08-08T20:30:35Z</time>
      </trkpt>
      <trkpt lat="41.38887352310121" lon="-122.15872074477375">
        <ele>2558.21</ele>
        <time>2016-08-08T20:30:44Z</time>
      </trkpt>
      <trkpt lat="41.388940662145615" lon="-122.1585903223604">
        <ele>2557.73</ele>
        <time>2016-08-08T20:30:53Z</time>
      </trkpt>
      <trkpt lat="41.388975363224745" lon="-122.15850030072033">
        <ele>2557.24</ele>
        <time>2016-08-08T20:30:58Z</time>
      </trkpt>
      <trkpt lat="41.388991959393024" lon="-122.15840583667159">
        <ele>2556.28</ele>
        <time>2016-08-08T20:31:03Z</time>
      </trkpt>
      <trkpt lat="41.38905909843743" lon="-122.15835412032902">
        <ele>2555.32</ele>
        <time>2016-08-08T20:31:09Z</time>
      </trkpt>
      <trkpt lat="41.38914233073592" lon="-122.1582295652479">
        <ele>2555.8</ele>
        <time>2016-08-08T20:31:18Z</time>
      </trkpt>
      <trkpt lat="41.3892331905663" lon="-122.15802798047662">
        <ele>2555.8</ele>
        <time>2016-08-08T20:31:30Z</time>
      </trkpt>
      <trkpt lat="41.389327151700854" lon="-122.15785061940551">
        <ele>2554.84</ele>
        <time>2016-08-08T20:31:42Z</time>
      </trkpt>
      <trkpt lat="41.389355063438416" lon="-122.15778314508498">
        <ele>2554.36</ele>
        <time>2016-08-08T20:31:46Z</time>
      </trkpt>
      <trkpt lat="41.38934601098299" lon="-122.15761735104024">
        <ele>2552.92</ele>
        <time>2016-08-08T20:31:53Z</time>
      </trkpt>
      <trkpt lat="41.38931466266513" lon="-122.15743739157915">
        <ele>2551.48</ele>
        <time>2016-08-08T20:32:04Z</time>
      </trkpt>
      <trkpt lat="41.389337377622724" lon="-122.15732473880053">
        <ele>2550.03</ele>
        <time>2016-08-08T20:32:12Z</time>
      </trkpt>
      <trkpt lat="41.389274848625064" lon="-122.15717327781022">
        <ele>2550.51</ele>
        <time>2016-08-08T20:32:19Z</time>
      </trkpt>
      <trkpt lat="41.389198154211044" lon="-122.15692911297083">
        <ele>2549.07</ele>
        <time>2016-08-08T20:32:34Z</time>
      </trkpt>
      <trkpt lat="41.389133697375655" lon="-122.15675141662359">
        <ele>2548.11</ele>
        <time>2016-08-08T20:32:45Z</time>
      </trkpt>
      <trkpt lat="41.38904702849686" lon="-122.15659786015749">
        <ele>2549.07</ele>
        <time>2016-08-08T20:32:55Z</time>
      </trkpt>
      <trkpt lat="41.38899799436331" lon="-122.15652510523796">
        <ele>2549.07</ele>
        <time>2016-08-08T20:33:01Z</time>
      </trkpt>
      <trkpt lat="41.388928508386016" lon="-122.15633978135884">
        <ele>2549.55</ele>
        <time>2016-08-08T20:33:11Z</time>
      </trkpt>
      <trkpt lat="41.388874696567655" lon="-122.15612377971411">
        <ele>2549.55</ele>
        <time>2016-08-08T20:33:23Z</time>
      </trkpt>
      <trkpt lat="41.388929430395365" lon="-122.15595186688006">
        <ele>2549.07</ele>
        <time>2016-08-08T20:33:33Z</time>
      </trkpt>
      <trkpt lat="41.38895524665713" lon="-122.15567652136087">
        <ele>2544.75</ele>
        <time>2016-08-08T20:33:50Z</time>
      </trkpt>
      <trkpt lat="41.38893152587116" lon="-122.15554333291948">
        <ele>2544.75</ele>
        <time>2016-08-08T20:33:56Z</time>
      </trkpt>
      <trkpt lat="41.38892523944378" lon="-122.15546814724803">
        <ele>2544.75</ele>
        <time>2016-08-08T20:34:00Z</time>
      </trkpt>
      <trkpt lat="41.388890789821744" lon="-122.15530461631715">
        <ele>2542.34</ele>
        <time>2016-08-08T20:34:10Z</time>
      </trkpt>
      <trkpt lat="41.38889263384044" lon="-122.1552590187639">
        <ele>2541.86</ele>
        <time>2016-08-08T20:34:12Z</time>
      </trkpt>
      <trkpt lat="41.388858603313565" lon="-122.1551228966564">
        <ele>2541.38</ele>
        <time>2016-08-08T20:34:17Z</time>
      </trkpt>
      <trkpt lat="41.388830188661814" lon="-122.15504234656692">
        <ele>2541.38</ele>
        <time>2016-08-08T20:34:23Z</time>
      </trkpt>
      <trkpt lat="41.38882256112993" lon="-122.15497311204672">
        <ele>2541.38</ele>
        <time>2016-08-08T20:34:27Z</time>
      </trkpt>
      <trkpt lat="41.38875081203878" lon="-122.15484159998596">
        <ele>2540.42</ele>
        <time>2016-08-08T20:34:36Z</time>
      </trkpt>
      <trkpt lat="41.388697838410735" lon="-122.15463708154857">
        <ele>2539.94</ele>
        <time>2016-08-08T20:34:47Z</time>
      </trkpt>
      <trkpt lat="41.38865265995264" lon="-122.15453758835793">
        <ele>2538.98</ele>
        <time>2016-08-08T20:34:54Z</time>
      </trkpt>
      <trkpt lat="41.38857294805348" lon="-122.15439543128014">
        <ele>2538.02</ele>
        <time>2016-08-08T20:35:04Z</time>
      </trkpt>
      <trkpt lat="41.38850999996066" lon="-122.15424254536629">
        <ele>2537.06</ele>
        <time>2016-08-08T20:35:11Z</time>
      </trkpt>
      <trkpt lat="41.38847731053829" lon="-122.1541178226471">
        <ele>2535.13</ele>
        <time>2016-08-08T20:35:19Z</time>
      </trkpt>
      <trkpt lat="41.388368429616094" lon="-122.15382621623576">
        <ele>2529.37</ele>
        <time>2016-08-08T20:35:36Z</time>
      </trkpt>
      <trkpt lat="41.38830414041877" lon="-122.15370551683009">
        <ele>2526.96</ele>
        <time>2016-08-08T20:35:43Z</time>
      </trkpt>
      <trkpt lat="41.388211185112596" lon="-122.15347275137901">
        <ele>2521.68</ele>
        <time>2016-08-08T20:35:58Z</time>
      </trkpt>
      <trkpt lat="41.388097275048494" lon="-122.1531315241009">
        <ele>2520.23</ele>
        <time>2016-08-08T20:36:16Z</time>
      </trkpt>
      <trkpt lat="41.38801395893097" lon="-122.15281829237938">
        <ele>2520.23</ele>
        <time>2016-08-08T20:36:31Z</time>
      </trkpt>
      <trkpt lat="41.387997111305594" lon="-122.1527929790318">
        <ele>2520.23</ele>
        <time>2016-08-08T20:36:33Z</time>
      </trkpt>
      <trkpt lat="41.387922428548336" lon="-122.15248678810894">
        <ele>2523.6</ele>
        <time>2016-08-08T20:36:52Z</time>
      </trkpt>
      <trkpt lat="41.387798795476556" lon="-122.15225821360946">
        <ele>2523.12</ele>
        <time>2016-08-08T20:37:05Z</time>
      </trkpt>
      <trkpt lat="41.38769351877272" lon="-122.15214581228793">
        <ele>2522.64</ele>
        <time>2016-08-08T20:37:16Z</time>
      </trkpt>
      <trkpt lat="41.38754725456238" lon="-122.1519139688462">
        <ele>2518.79</ele>
        <time>2016-08-08T20:37:31Z</time>
      </trkpt>
      <trkpt lat="41.387376515194774" lon="-122.15176611207426">
        <ele>2516.39</ele>
        <time>2016-08-08T20:37:44Z</time>
      </trkpt>
      <trkpt lat="41.38724248856306" lon="-122.15155170299113">
        <ele>2512.54</ele>
        <time>2016-08-08T20:37:57Z</time>
      </trkpt>
      <trkpt lat="41.386893801391125" lon="-122.15125833638012">
        <ele>2499.08</ele>
        <time>2016-08-08T20:38:25Z</time>
      </trkpt>
      <trkpt lat="41.38678500428796" lon="-122.15096404775977">
        <ele>2488.51</ele>
        <time>2016-08-08T20:38:40Z</time>
      </trkpt>
      <trkpt lat="41.38676455244422" lon="-122.15092138387263">
        <ele>2486.11</ele>
        <time>2016-08-08T20:38:44Z</time>
      </trkpt>
      <trkpt lat="41.386546455323696" lon="-122.15074108913541">
        <ele>2482.26</ele>
        <time>2016-08-08T20:38:59Z</time>
      </trkpt>
      <trkpt lat="41.38649582862854" lon="-122.15064025484025">
        <ele>2481.3</ele>
        <time>2016-08-08T20:39:07Z</time>
      </trkpt>
      <trkpt lat="41.38634780421853" lon="-122.15043154545128">
        <ele>2477.45</ele>
        <time>2016-08-08T20:39:19Z</time>
      </trkpt>
      <trkpt lat="41.38631712645292" lon="-122.15042014606297">
        <ele>2476.49</ele>
        <time>2016-08-08T20:39:23Z</time>
      </trkpt>
      <trkpt lat="41.386160803958774" lon="-122.15028637088835">
        <ele>2472.65</ele>
        <time>2016-08-08T20:39:35Z</time>
      </trkpt>
      <trkpt lat="41.38600951060653" lon="-122.15011429041624">
        <ele>2468.8</ele>
        <time>2016-08-08T20:39:49Z</time>
      </trkpt>
      <trkpt lat="41.38580876402557" lon="-122.150092497468">
        <ele>2465.92</ele>
        <time>2016-08-08T20:40:01Z</time>
      </trkpt>
      <trkpt lat="41.38575302436948" lon="-122.14997297152877">
        <ele>2463.52</ele>
        <time>2016-08-08T20:40:08Z</time>
      </trkpt>
      <trkpt lat="41.385707845911384" lon="-122.14984808117151">
        <ele>2463.52</ele>
        <time>2016-08-08T20:40:17Z</time>
      </trkpt>
      <trkpt lat="41.385682029649615" lon="-122.14983282610774">
        <ele>2462.55</ele>
        <time>2016-08-08T20:40:19Z</time>
      </trkpt>
      <trkpt lat="41.38553760945797" lon="-122.14978479780257">
        <ele>2458.71</ele>
        <time>2016-08-08T20:40:31Z</time>
      </trkpt>
      <trkpt lat="41.38550098054111" lon="-122.14966644532979">
        <ele>2455.82</ele>
        <time>2016-08-08T20:40:38Z</time>
      </trkpt>
      <trkpt lat="41.38539478182793" lon="-122.1495671197772">
        <ele>2450.54</ele>
        <time>2016-08-08T20:40:50Z</time>
      </trkpt>
      <trkpt lat="41.385208033025265" lon="-122.14942471124232">
        <ele>2446.21</ele>
        <time>2016-08-08T20:41:04Z</time>
      </trkpt>
      <trkpt lat="41.38497778214514" lon="-122.14915741235018">
        <ele>2442.37</ele>
        <time>2016-08-08T20:41:29Z</time>
      </trkpt>
      <trkpt lat="41.384915420785546" lon="-122.14900678955019">
        <ele>2438.52</ele>
        <time>2016-08-08T20:41:40Z</time>
      </trkpt>
      <trkpt lat="41.384880216792226" lon="-122.14878793805838">
        <ele>2434.2</ele>
        <time>2016-08-08T20:41:52Z</time>
      </trkpt>
      <trkpt lat="41.38486663810909" lon="-122.14855760335922">
        <ele>2431.31</ele>
        <time>2016-08-08T20:42:06Z</time>
      </trkpt>
      <trkpt lat="41.38485565781593" lon="-122.14853690005839">
        <ele>2429.39</ele>
        <time>2016-08-08T20:42:15Z</time>
      </trkpt>
      <trkpt lat="41.3847987446934" lon="-122.1483117621392">
        <ele>2429.87</ele>
        <time>2016-08-08T20:42:28Z</time>
      </trkpt>
      <trkpt lat="41.38475549407303" lon="-122.14821461588144">
        <ele>2428.91</ele>
        <time>2016-08-08T20:42:34Z</time>
      </trkpt>
      <trkpt lat="41.384734539315104" lon="-122.14801663532853">
        <ele>2425.54</ele>
        <time>2016-08-08T20:42:45Z</time>
      </trkpt>
      <trkpt lat="41.38472934253514" lon="-122.14786291122437">
        <ele>2420.74</ele>
        <time>2016-08-08T20:42:53Z</time>
      </trkpt>
      <trkpt lat="41.384750716388226" lon="-122.14778470806777">
        <ele>2418.81</ele>
        <time>2016-08-08T20:42:57Z</time>
      </trkpt>
      <trkpt lat="41.384664634242654" lon="-122.14753174223006">
        <ele>2413.53</ele>
        <time>2016-08-08T20:43:14Z</time>
      </trkpt>
      <trkpt lat="41.384601686149836" lon="-122.14739570394158">
        <ele>2409.2</ele>
        <time>2016-08-08T20:43:22Z</time>
      </trkpt>
      <trkpt lat="41.38446656987071" lon="-122.14723762124777">
        <ele>2402.47</ele>
        <time>2016-08-08T20:43:35Z</time>
      </trkpt>
      <trkpt lat="41.38433991931379" lon="-122.14716302230954">
        <ele>2401.03</ele>
        <time>2016-08-08T20:43:42Z</time>
      </trkpt>
      <trkpt lat="41.38432977721095" lon="-122.14708875864744">
        <ele>2401.03</ele>
        <time>2016-08-08T20:43:48Z</time>
      </trkpt>
      <trkpt lat="41.38424118049443" lon="-122.14700871147215">
        <ele>2399.59</ele>
        <time>2016-08-08T20:43:55Z</time>
      </trkpt>
      <trkpt lat="41.384155014529824" lon="-122.14688591659069">
        <ele>2398.15</ele>
        <time>2016-08-08T20:44:04Z</time>
      </trkpt>
      <trkpt lat="41.38402224518359" lon="-122.14659531600773">
        <ele>2389.49</ele>
        <time>2016-08-08T20:44:22Z</time>
      </trkpt>
      <trkpt lat="41.38395560905337" lon="-122.14648056775331">
        <ele>2385.65</ele>
        <time>2016-08-08T20:44:32Z</time>
      </trkpt>
      <trkpt lat="41.383851589635015" lon="-122.14634754694998">
        <ele>2383.25</ele>
        <time>2016-08-08T20:44:45Z</time>
      </trkpt>
      <trkpt lat="41.383825270459056" lon="-122.14629876427352">
        <ele>2382.76</ele>
        <time>2016-08-08T20:44:48Z</time>
      </trkpt>
      <trkpt lat="41.383791994303465" lon="-122.1461877040565">
        <ele>2380.36</ele>
        <time>2016-08-08T20:44:55Z</time>
      </trkpt>
      <trkpt lat="41.38368068262935" lon="-122.14602258056402">
        <ele>2376.04</ele>
        <time>2016-08-08T20:45:06Z</time>
      </trkpt>
      <trkpt lat="41.383520839735866" lon="-122.14581546373665">
        <ele>2371.71</ele>
        <time>2016-08-08T20:45:21Z</time>
      </trkpt>
      <trkpt lat="41.38348245061934" lon="-122.14562678709626">
        <ele>2370.27</ele>
        <time>2016-08-08T20:45:30Z</time>
      </trkpt>
      <trkpt lat="41.383405923843384" lon="-122.14558747597039">
        <ele>2369.31</ele>
        <time>2016-08-08T20:45:36Z</time>
      </trkpt>
      <trkpt lat="41.38333191163838" lon="-122.14542838744819">
        <ele>2369.31</ele>
        <time>2016-08-08T20:45:46Z</time>
      </trkpt>
      <trkpt lat="41.38325731270015" lon="-122.145287822932">
        <ele>2368.83</ele>
        <time>2016-08-08T20:45:55Z</time>
      </trkpt>
      <trkpt lat="41.38315404765308" lon="-122.14515262283385">
        <ele>2366.42</ele>
        <time>2016-08-08T20:46:03Z</time>
      </trkpt>
      <trkpt lat="41.3831149879843" lon="-122.1451273933053">
        <ele>2364.5</ele>
        <time>2016-08-08T20:46:07Z</time>
      </trkpt>
      <trkpt lat="41.3830803707242" lon="-122.14506327174604">
        <ele>2362.58</ele>
        <time>2016-08-08T20:46:13Z</time>
      </trkpt>
      <trkpt lat="41.382918348535895" lon="-122.14489663951099">
        <ele>2358.73</ele>
        <time>2016-08-08T20:46:25Z</time>
      </trkpt>
      <trkpt lat="41.382883647456765" lon="-122.14480393566191">
        <ele>2356.81</ele>
        <time>2016-08-08T20:46:31Z</time>
      </trkpt>
      <trkpt lat="41.38273780234158" lon="-122.14463227428496">
        <ele>2352.96</ele>
        <time>2016-08-08T20:46:44Z</time>
      </trkpt>
      <trkpt lat="41.3826540671289" lon="-122.1445007622242">
        <ele>2348.16</ele>
        <time>2016-08-08T20:46:55Z</time>
      </trkpt>
      <trkpt lat="41.382566057145596" lon="-122.14423723518848">
        <ele>2342.87</ele>
        <time>2016-08-08T20:47:08Z</time>
      </trkpt>
      <trkpt lat="41.38243773020804" lon="-122.14399524964392">
        <ele>2341.43</ele>
        <time>2016-08-08T20:47:21Z</time>
      </trkpt>
      <trkpt lat="41.382367154583335" lon="-122.14382761158049">
        <ele>2337.58</ele>
        <time>2016-08-08T20:47:32Z</time>
      </trkpt>
      <trkpt lat="41.382277300581336" lon="-122.14369031600654">
        <ele>2334.22</ele>
        <time>2016-08-08T20:47:41Z</time>
      </trkpt>
      <trkpt lat="41.382249388843775" lon="-122.14362912811339">
        <ele>2333.26</ele>
        <time>2016-08-08T20:47:45Z</time>
      </trkpt>
      <trkpt lat="41.382121900096536" lon="-122.14343718253076">
        <ele>2330.85</ele>
        <time>2016-08-08T20:48:01Z</time>
      </trkpt>
      <trkpt lat="41.38211921788752" lon="-122.14333886280656">
        <ele>2328.45</ele>
        <time>2016-08-08T20:48:07Z</time>
      </trkpt>
      <trkpt lat="41.38199365697801" lon="-122.14308254420757">
        <ele>2324.61</ele>
        <time>2016-08-08T20:48:23Z</time>
      </trkpt>
      <trkpt lat="41.381954764947295" lon="-122.14299445040524">
        <ele>2322.68</ele>
        <time>2016-08-08T20:48:29Z</time>
      </trkpt>
      <trkpt lat="41.381814451888204" lon="-122.14278867468238">
        <ele>2317.4</ele>
        <time>2016-08-08T20:48:45Z</time>
      </trkpt>
      <trkpt lat="41.38174924068153" lon="-122.14265665970743">
        <ele>2312.59</ele>
        <time>2016-08-08T20:48:57Z</time>
      </trkpt>
      <trkpt lat="41.381530556827784" lon="-122.14235566556454">
        <ele>2305.86</ele>
        <time>2016-08-08T20:49:14Z</time>
      </trkpt>
      <trkpt lat="41.38141262345016" lon="-122.14215290732682">
        <ele>2302.49</ele>
        <time>2016-08-08T20:49:28Z</time>
      </trkpt>
      <trkpt lat="41.38130080886185" lon="-122.1419964171946">
        <ele>2300.57</ele>
        <time>2016-08-08T20:49:38Z</time>
      </trkpt>
      <trkpt lat="41.38114440254867" lon="-122.14189725928009">
        <ele>2298.17</ele>
        <time>2016-08-08T20:49:52Z</time>
      </trkpt>
      <trkpt lat="41.38097123242915" lon="-122.14170665480196">
        <ele>2295.77</ele>
        <time>2016-08-08T20:50:04Z</time>
      </trkpt>
      <trkpt lat="41.380865117534995" lon="-122.14163666591048">
        <ele>2291.92</ele>
        <time>2016-08-08T20:50:13Z</time>
      </trkpt>
      <trkpt lat="41.380792362615466" lon="-122.14164488017559">
        <ele>2288.56</ele>
        <time>2016-08-08T20:50:20Z</time>
      </trkpt>
      <trkpt lat="41.380734108388424" lon="-122.14149568229914">
        <ele>2284.71</ele>
        <time>2016-08-08T20:50:31Z</time>
      </trkpt>
      <trkpt lat="41.3806819729507" lon="-122.14145821519196">
        <ele>2283.75</ele>
        <time>2016-08-08T20:50:35Z</time>
      </trkpt>
      <trkpt lat="41.38061583973467" lon="-122.14136735536158">
        <ele>2282.31</ele>
        <time>2016-08-08T20:50:41Z</time>
      </trkpt>
      <trkpt lat="41.380433198064566" lon="-122.14118815027177">
        <ele>2279.42</ele>
        <time>2016-08-08T20:50:55Z</time>
      </trkpt>
      <trkpt lat="41.38033764436841" lon="-122.14107491075993">
        <ele>2275.1</ele>
        <time>2016-08-08T20:51:07Z</time>
      </trkpt>
      <trkpt lat="41.38025742955506" lon="-122.1409934386611">
        <ele>2272.69</ele>
        <time>2016-08-08T20:51:17Z</time>
      </trkpt>
      <trkpt lat="41.38024091720581" lon="-122.14086477644742">
        <ele>2268.37</ele>
        <time>2016-08-08T20:51:26Z</time>
      </trkpt>
      <trkpt lat="41.38020026497543" lon="-122.14079344645143">
        <ele>2265.96</ele>
        <time>2016-08-08T20:51:30Z</time>
      </trkpt>
      <trkpt lat="41.38008518144488" lon="-122.14074189774692">
        <ele>2265.0</ele>
        <time>2016-08-08T20:51:38Z</time>
      </trkpt>
      <trkpt lat="41.37999750673771" lon="-122.14057551696897">
        <ele>2261.16</ele>
        <time>2016-08-08T20:51:53Z</time>
      </trkpt>
      <trkpt lat="41.37997353449464" lon="-122.14048809371889">
        <ele>2258.27</ele>
        <time>2016-08-08T20:51:59Z</time>
      </trkpt>
      <trkpt lat="41.37996473349631" lon="-122.14040712453425">
        <ele>2256.83</ele>
        <time>2016-08-08T20:52:03Z</time>
      </trkpt>
      <trkpt lat="41.379919555038214" lon="-122.1403697412461">
        <ele>2254.91</ele>
        <time>2016-08-08T20:52:09Z</time>
      </trkpt>
      <trkpt lat="41.379873203113675" lon="-122.1403541509062">
        <ele>2253.95</ele>
        <time>2016-08-08T20:52:13Z</time>
      </trkpt>
      <trkpt lat="41.37981922365725" lon="-122.14031240902841">
        <ele>2252.51</ele>
        <time>2016-08-08T20:52:18Z</time>
      </trkpt>
      <trkpt lat="41.37973163276911" lon="-122.14000672101974">
        <ele>2250.58</ele>
        <time>2016-08-08T20:52:33Z</time>
      </trkpt>
      <trkpt lat="41.37963188812137" lon="-122.13981879875064">
        <ele>2248.18</ele>
        <time>2016-08-08T20:52:47Z</time>
      </trkpt>
      <trkpt lat="41.37949568219483" lon="-122.1396225783974">
        <ele>2243.85</ele>
        <time>2016-08-08T20:53:01Z</time>
      </trkpt>
      <trkpt lat="41.379466680809855" lon="-122.13943524286151">
        <ele>2241.45</ele>
        <time>2016-08-08T20:53:12Z</time>
      </trkpt>
      <trkpt lat="41.37933751568198" lon="-122.13926022872329">
        <ele>2239.53</ele>
        <time>2016-08-08T20:53:22Z</time>
      </trkpt>
      <trkpt lat="41.37926559895277" lon="-122.13906962424517">
        <ele>2237.61</ele>
        <time>2016-08-08T20:53:34Z</time>
      </trkpt>
      <trkpt lat="41.37919234111905" lon="-122.13882856070995">
        <ele>2234.24</ele>
        <time>2016-08-08T20:53:47Z</time>
      </trkpt>
      <trkpt lat="41.37915420345962" lon="-122.13874901644886">
        <ele>2233.28</ele>
        <time>2016-08-08T20:53:52Z</time>
      </trkpt>
      <trkpt lat="41.37907273136079" lon="-122.13852362707257">
        <ele>2229.92</ele>
        <time>2016-08-08T20:54:04Z</time>
      </trkpt>
      <trkpt lat="41.37893493287265" lon="-122.13824459351599">
        <ele>2226.55</ele>
        <time>2016-08-08T20:54:17Z</time>
      </trkpt>
      <trkpt lat="41.37888112105429" lon="-122.13815348222852">
        <ele>2226.07</ele>
        <time>2016-08-08T20:54:26Z</time>
      </trkpt>
      <trkpt lat="41.37874818406999" lon="-122.13795675896108">
        <ele>2223.19</ele>
        <time>2016-08-08T20:54:36Z</time>
      </trkpt>
      <trkpt lat="41.37868599034846" lon="-122.13792968541384">
        <ele>2221.74</ele>
        <time>2016-08-08T20:54:42Z</time>
      </trkpt>
      <trkpt lat="41.37855841778219" lon="-122.13766087777913">
        <ele>2218.38</ele>
        <time>2016-08-08T20:54:58Z</time>
      </trkpt>
      <trkpt lat="41.378399496898055" lon="-122.1374964248389">
        <ele>2215.01</ele>
        <time>2016-08-08T20:55:11Z</time>
      </trkpt>
      <trkpt lat="41.37826002202928" lon="-122.1373256854713">
        <ele>2211.17</ele>
        <time>2016-08-08T20:55:23Z</time>
      </trkpt>
      <trkpt lat="41.378048630431294" lon="-122.1370886452496">
        <ele>2205.4</ele>
        <time>2016-08-08T20:55:43Z</time>
      </trkpt>
      <trkpt lat="41.37785257771611" lon="-122.13692612014711">
        <ele>2201.56</ele>
        <time>2016-08-08T20:55:55Z</time>
      </trkpt>
      <trkpt lat="41.37778879143298" lon="-122.13685638271272">
        <ele>2200.11</ele>
        <time>2016-08-08T20:56:03Z</time>
      </trkpt>
      <trkpt lat="41.377428537234664" lon="-122.13644340634346">
        <ele>2191.94</ele>
        <time>2016-08-08T20:56:31Z</time>
      </trkpt>
      <trkpt lat="41.37710893526673" lon="-122.13621340692043">
        <ele>2188.58</ele>
        <time>2016-08-08T20:56:55Z</time>
      </trkpt>
      <trkpt lat="41.377016734331846" lon="-122.13614040054381">
        <ele>2186.66</ele>
        <time>2016-08-08T20:57:03Z</time>
      </trkpt>
      <trkpt lat="41.37691422365606" lon="-122.13607594370842">
        <ele>2186.18</ele>
        <time>2016-08-08T20:57:17Z</time>
      </trkpt>
      <trkpt lat="41.376877846196294" lon="-122.13607233949006">
        <ele>2187.62</ele>
        <time>2016-08-08T20:57:34Z</time>
      </trkpt>
      <trkpt lat="41.37682286091149" lon="-122.13602188043296">
        <ele>2187.14</ele>
        <time>2016-08-08T20:57:38Z</time>
      </trkpt>
      <trkpt lat="41.37665773741901" lon="-122.13588986545801">
        <ele>2184.25</ele>
        <time>2016-08-08T20:57:53Z</time>
      </trkpt>
      <trkpt lat="41.37649102136493" lon="-122.13578433729708">
        <ele>2179.45</ele>
        <time>2016-08-08T20:58:04Z</time>
      </trkpt>
      <trkpt lat="41.37630628421903" lon="-122.13563488796353">
        <ele>2176.56</ele>
        <time>2016-08-08T20:58:16Z</time>
      </trkpt>
      <trkpt lat="41.37618239969015" lon="-122.1354865282774">
        <ele>2172.72</ele>
        <time>2016-08-08T20:58:29Z</time>
      </trkpt>
      <trkpt lat="41.376004787161946" lon="-122.13526541367173">
        <ele>2168.87</ele>
        <time>2016-08-08T20:58:45Z</time>
      </trkpt>
      <trkpt lat="41.37585802003741" lon="-122.13513473980129">
        <ele>2166.95</ele>
        <time>2016-08-08T20:58:56Z</time>
      </trkpt>
      <trkpt lat="41.375769171863794" lon="-122.13503985665739">
        <ele>2166.47</ele>
        <time>2016-08-08T20:59:03Z</time>
      </trkpt>
      <trkpt lat="41.375722819939256" lon="-122.13495226576924">
        <ele>2166.95</ele>
        <time>2016-08-08T20:59:09Z</time>
      </trkpt>
      <trkpt lat="41.375669008120894" lon="-122.13487691245973">
        <ele>2165.51</ele>
        <time>2016-08-08T20:59:15Z</time>
      </trkpt>
      <trkpt lat="41.37540313415229" lon="-122.13476157747209">
        <ele>2163.58</ele>
        <time>2016-08-08T20:59:30Z</time>
      </trkpt>
      <trkpt lat="41.3752818480134" lon="-122.13463107123971">
        <ele>2161.66</ele>
        <time>2016-08-08T20:59:41Z</time>
      </trkpt>
      <trkpt lat="41.37524815276265" lon="-122.13461958803236">
        <ele>2161.18</ele>
        <time>2016-08-08T20:59:43Z</time>
      </trkpt>
      <trkpt lat="41.375089064240456" lon="-122.1344418078661">
        <ele>2157.82</ele>
        <time>2016-08-08T20:59:57Z</time>
      </trkpt>
      <trkpt lat="41.37495579198003" lon="-122.13434994220734">
        <ele>2153.97</ele>
        <time>2016-08-08T21:00:07Z</time>
      </trkpt>
      <trkpt lat="41.37474431656301" lon="-122.13418490253389">
        <ele>2150.13</ele>
        <time>2016-08-08T21:00:25Z</time>
      </trkpt>
      <trkpt lat="41.3746843021363" lon="-122.13417124003172">
        <ele>2148.2</ele>
        <time>2016-08-08T21:00:28Z</time>
      </trkpt>
      <trkpt lat="41.374635603278875" lon="-122.13417735882103">
        <ele>2146.28</ele>
        <time>2016-08-08T21:00:32Z</time>
      </trkpt>
      <trkpt lat="41.37443452142179" lon="-122.13414852507412">
        <ele>2143.4</ele>
        <time>2016-08-08T21:00:46Z</time>
      </trkpt>
      <trkpt lat="41.37429119087756" lon="-122.1341896802187">
        <ele>2140.03</ele>
        <time>2016-08-08T21:01:00Z</time>
      </trkpt>
      <trkpt lat="41.374080553650856" lon="-122.13418213650584">
        <ele>2137.15</ele>
        <time>2016-08-08T21:01:13Z</time>
      </trkpt>
      <trkpt lat="41.37402892112732" lon="-122.1341756824404">
        <ele>2136.67</ele>
        <time>2016-08-08T21:01:17Z</time>
      </trkpt>
      <trkpt lat="41.37382918037474" lon="-122.1340289991349">
        <ele>2135.23</ele>
        <time>2016-08-08T21:01:31Z</time>
      </trkpt>
      <trkpt lat="41.3736276794225" lon="-122.1339808870107">
        <ele>2132.82</ele>
        <time>2016-08-08T21:01:44Z</time>
      </trkpt>
      <trkpt lat="41.37361410073936" lon="-122.13398532941937">
        <ele>2132.82</ele>
        <time>2016-08-08T21:01:45Z</time>
      </trkpt>
      <trkpt lat="41.37352131307125" lon="-122.13390779681504">
        <ele>2131.38</ele>
        <time>2016-08-08T21:01:52Z</time>
      </trkpt>
      <trkpt lat="41.37346691451967" lon="-122.13389195501804">
        <ele>2130.42</ele>
        <time>2016-08-08T21:01:56Z</time>
      </trkpt>
      <trkpt lat="41.3734014518559" lon="-122.1338910330087">
        <ele>2128.98</ele>
        <time>2016-08-08T21:02:00Z</time>
      </trkpt>
      <trkpt lat="41.373279578983784" lon="-122.13383445516229">
        <ele>2126.09</ele>
        <time>2016-08-08T21:02:10Z</time>
      </trkpt>
      <trkpt lat="41.37321453541517" lon="-122.13377117179334">
        <ele>2125.61</ele>
        <time>2016-08-08T21:02:16Z</time>
      </trkpt>
      <trkpt lat="41.37297682464123" lon="-122.13362842798233">
        <ele>2122.73</ele>
        <time>2016-08-08T21:02:33Z</time>
      </trkpt>
      <trkpt lat="41.372827123850584" lon="-122.13351728394628">
        <ele>2120.81</ele>
        <time>2016-08-08T21:02:45Z</time>
      </trkpt>
      <trkpt lat="41.372691756114364" lon="-122.13337655179203">
        <ele>2118.88</ele>
        <time>2016-08-08T21:02:58Z</time>
      </trkpt>
      <trkpt lat="41.372444154694676" lon="-122.13325895369053">
        <ele>2116.48</ele>
        <time>2016-08-08T21:03:14Z</time>
      </trkpt>
      <trkpt lat="41.37237626127899" lon="-122.13319458067417">
        <ele>2115.52</ele>
        <time>2016-08-08T21:03:21Z</time>
      </trkpt>
      <trkpt lat="41.37231281027198" lon="-122.13299106806517">
        <ele>2114.56</ele>
        <time>2016-08-08T21:03:30Z</time>
      </trkpt>
      <trkpt lat="41.37224751524627" lon="-122.13290582410991">
        <ele>2114.08</ele>
        <time>2016-08-08T21:03:37Z</time>
      </trkpt>
      <trkpt lat="41.37217568233609" lon="-122.13287523016334">
        <ele>2113.12</ele>
        <time>2016-08-08T21:03:41Z</time>
      </trkpt>
      <trkpt lat="41.371960770338774" lon="-122.13291252963245">
        <ele>2110.71</ele>
        <time>2016-08-08T21:03:55Z</time>
      </trkpt>
      <trkpt lat="41.37188273482025" lon="-122.13290766812861">
        <ele>2109.75</ele>
        <time>2016-08-08T21:04:00Z</time>
      </trkpt>
      <trkpt lat="41.37169824913144" lon="-122.13272854685783">
        <ele>2107.35</ele>
        <time>2016-08-08T21:04:14Z</time>
      </trkpt>
      <trkpt lat="41.37157495133579" lon="-122.13255152106285">
        <ele>2101.1</ele>
        <time>2016-08-08T21:04:28Z</time>
      </trkpt>
      <trkpt lat="41.371399434283376" lon="-122.13240785524249">
        <ele>2098.7</ele>
        <time>2016-08-08T21:04:43Z</time>
      </trkpt>
      <trkpt lat="41.37146037071943" lon="-122.13219948112965">
        <ele>2100.14</ele>
        <time>2016-08-08T21:04:50Z</time>
      </trkpt>
      <trkpt lat="41.3714793138206" lon="-122.13215690106153">
        <ele>2099.66</ele>
        <time>2016-08-08T21:04:53Z</time>
      </trkpt>
      <trkpt lat="41.371627589687705" lon="-122.13187786750495">
        <ele>2097.25</ele>
        <time>2016-08-08T21:05:06Z</time>
      </trkpt>
      <trkpt lat="41.37167670764029" lon="-122.13169539347291">
        <ele>2094.37</ele>
        <time>2016-08-08T21:05:18Z</time>
      </trkpt>
      <trkpt lat="41.37167067267001" lon="-122.13163412176073">
        <ele>2093.41</ele>
        <time>2016-08-08T21:05:22Z</time>
      </trkpt>
      <trkpt lat="41.37168098241091" lon="-122.13157050311565">
        <ele>2092.45</ele>
        <time>2016-08-08T21:05:26Z</time>
      </trkpt>
      <trkpt lat="41.371779553592205" lon="-122.13146262802184">
        <ele>2090.52</ele>
        <time>2016-08-08T21:05:42Z</time>
      </trkpt>
      <trkpt lat="41.37194635346532" lon="-122.13138090446591">
        <ele>2089.08</ele>
        <time>2016-08-08T21:05:58Z</time>
      </trkpt>
      <trkpt lat="41.37204525992274" lon="-122.13126146234572">
        <ele>2088.12</ele>
        <time>2016-08-08T21:06:07Z</time>
      </trkpt>
      <trkpt lat="41.372125223279" lon="-122.13107756339014">
        <ele>2088.12</ele>
        <time>2016-08-08T21:06:15Z</time>
      </trkpt>
      <trkpt lat="41.372067388147116" lon="-122.13072460144758">
        <ele>2090.04</ele>
        <time>2016-08-08T21:06:33Z</time>
      </trkpt>
      <trkpt lat="41.37204693630338" lon="-122.13051103055477">
        <ele>2089.08</ele>
        <time>2016-08-08T21:06:45Z</time>
      </trkpt>
      <trkpt lat="41.37205841951072" lon="-122.13025538250804">
        <ele>2087.16</ele>
        <time>2016-08-08T21:06:58Z</time>
      </trkpt>
      <trkpt lat="41.37195632793009" lon="-122.13002261705697">
        <ele>2086.2</ele>
        <time>2016-08-08T21:07:10Z</time>
      </trkpt>
      <trkpt lat="41.37187108397484" lon="-122.1298046875745">
        <ele>2087.16</ele>
        <time>2016-08-08T21:07:22Z</time>
      </trkpt>
      <trkpt lat="41.37175968848169" lon="-122.12963537313044">
        <ele>2083.79</ele>
        <time>2016-08-08T21:07:31Z</time>
      </trkpt>
      <trkpt lat="41.371637815609574" lon="-122.12948550470173">
        <ele>2078.51</ele>
        <time>2016-08-08T21:07:42Z</time>
      </trkpt>
      <trkpt lat="41.37155458331108" lon="-122.12940864264965">
        <ele>2075.62</ele>
        <time>2016-08-08T21:07:49Z</time>
      </trkpt>
      <trkpt lat="41.371378395706415" lon="-122.1292681619525">
        <ele>2070.34</ele>
        <time>2016-08-08T21:08:03Z</time>
      </trkpt>
      <trkpt lat="41.371218049898744" lon="-122.12919096462429">
        <ele>2066.49</ele>
        <time>2016-08-08T21:08:17Z</time>
      </trkpt>
      <trkpt lat="41.37115183286369" lon="-122.12916858494282">
        <ele>2066.01</ele>
        <time>2016-08-08T21:08:22Z</time>
      </trkpt>
      <trkpt lat="41.37098243460059" lon="-122.12921409867704">
        <ele>2064.57</ele>
        <time>2016-08-08T21:08:33Z</time>
      </trkpt>
      <trkpt lat="41.370877493172884" lon="-122.1293265838176">
        <ele>2066.01</ele>
        <time>2016-08-08T21:08:44Z</time>
      </trkpt>
      <trkpt lat="41.37077464722097" lon="-122.12935474701226">
        <ele>2065.53</ele>
        <time>2016-08-08T21:08:55Z</time>
      </trkpt>
      <trkpt lat="41.37072376906872" lon="-122.12928995490074">
        <ele>2065.05</ele>
        <time>2016-08-08T21:08:59Z</time>
      </trkpt>
      <trkpt lat="41.3706661015749" lon="-122.12908258661628">
        <ele>2064.57</ele>
        <time>2016-08-08T21:09:16Z</time>
      </trkpt>
      <trkpt lat="41.37053609825671" lon="-122.12874756194651">
        <ele>2063.13</ele>
        <time>2016-08-08T21:09:32Z</time>
      </trkpt>
      <trkpt lat="41.37042101472616" lon="-122.12858025915921">
        <ele>2066.01</ele>
        <time>2016-08-08T21:09:46Z</time>
      </trkpt>
      <trkpt lat="41.37035940773785" lon="-122.12853114120662">
        <ele>2065.53</ele>
        <time>2016-08-08T21:09:51Z</time>
      </trkpt>
      <trkpt lat="41.37014038860798" lon="-122.1283925883472">
        <ele>2059.28</ele>
        <time>2016-08-08T21:10:08Z</time>
      </trkpt>
      <trkpt lat="41.369722886011004" lon="-122.12826174683869">
        <ele>2053.03</ele>
        <time>2016-08-08T21:10:35Z</time>
      </trkpt>
      <trkpt lat="41.369547452777624" lon="-122.12841153144836">
        <ele>2050.15</ele>
        <time>2016-08-08T21:10:49Z</time>
      </trkpt>
      <trkpt lat="41.36949095875025" lon="-122.12844958528876">
        <ele>2049.19</ele>
        <time>2016-08-08T21:10:54Z</time>
      </trkpt>
      <trkpt lat="41.36936447583139" lon="-122.12860565632582">
        <ele>2046.78</ele>
        <time>2016-08-08T21:11:07Z</time>
      </trkpt>
      <trkpt lat="41.36918141506612" lon="-122.1288844384253">
        <ele>2047.75</ele>
        <time>2016-08-08T21:11:23Z</time>
      </trkpt>
      <trkpt lat="41.368937669321895" lon="-122.12906523607671">
        <ele>2045.82</ele>
        <time>2016-08-08T21:11:39Z</time>
      </trkpt>
      <trkpt lat="41.36875360272825" lon="-122.1290483046323">
        <ele>2044.86</ele>
        <time>2016-08-08T21:11:53Z</time>
      </trkpt>
      <trkpt lat="41.36857523582876" lon="-122.12918157689273">
        <ele>2041.02</ele>
        <time>2016-08-08T21:12:06Z</time>
      </trkpt>
      <trkpt lat="41.368516478687525" lon="-122.12917814031243">
        <ele>2038.61</ele>
        <time>2016-08-08T21:12:12Z</time>
      </trkpt>
      <trkpt lat="41.36845629662275" lon="-122.12912935763597">
        <ele>2037.65</ele>
        <time>2016-08-08T21:12:21Z</time>
      </trkpt>
      <trkpt lat="41.36836216785014" lon="-122.12896700017154">
        <ele>2038.61</ele>
        <time>2016-08-08T21:12:34Z</time>
      </trkpt>
      <trkpt lat="41.3682000618428" lon="-122.12879869155586">
        <ele>2037.65</ele>
        <time>2016-08-08T21:12:47Z</time>
      </trkpt>
      <trkpt lat="41.368126133456826" lon="-122.12876239791512">
        <ele>2037.17</ele>
        <time>2016-08-08T21:12:52Z</time>
      </trkpt>
      <trkpt lat="41.367959501221776" lon="-122.1285564545542">
        <ele>2035.73</ele>
        <time>2016-08-08T21:13:07Z</time>
      </trkpt>
      <trkpt lat="41.36779714375734" lon="-122.12839267216623">
        <ele>2032.84</ele>
        <time>2016-08-08T21:13:21Z</time>
      </trkpt>
      <trkpt lat="41.36771382763982" lon="-122.12825386784971">
        <ele>2028.04</ele>
        <time>2016-08-08T21:13:32Z</time>
      </trkpt>
      <trkpt lat="41.367736123502254" lon="-122.12811506353319">
        <ele>2026.12</ele>
        <time>2016-08-08T21:13:38Z</time>
      </trkpt>
      <trkpt lat="41.36760343797505" lon="-122.12796033360064">
        <ele>2021.79</ele>
        <time>2016-08-08T21:13:48Z</time>
      </trkpt>
      <trkpt lat="41.367362290620804" lon="-122.12799386121333">
        <ele>2018.43</ele>
        <time>2016-08-08T21:14:03Z</time>
      </trkpt>
      <trkpt lat="41.36726330034435" lon="-122.12799771688879">
        <ele>2014.1</ele>
        <time>2016-08-08T21:14:10Z</time>
      </trkpt>
      <trkpt lat="41.36719104833901" lon="-122.12797667831182">
        <ele>2012.66</ele>
        <time>2016-08-08T21:14:14Z</time>
      </trkpt>
      <trkpt lat="41.36702533811331" lon="-122.12776369415224">
        <ele>2008.81</ele>
        <time>2016-08-08T21:14:31Z</time>
      </trkpt>
      <trkpt lat="41.366969933733344" lon="-122.12769898585975">
        <ele>2008.81</ele>
        <time>2016-08-08T21:14:34Z</time>
      </trkpt>
      <trkpt lat="41.36690044775605" lon="-122.1275476925075">
        <ele>2006.89</ele>
        <time>2016-08-08T21:14:44Z</time>
      </trkpt>
      <trkpt lat="41.36670045554638" lon="-122.1273756120354">
        <ele>2006.41</ele>
        <time>2016-08-08T21:14:59Z</time>
      </trkpt>
      <trkpt lat="41.36649962514639" lon="-122.12733495980501">
        <ele>2000.16</ele>
        <time>2016-08-08T21:15:13Z</time>
      </trkpt>
      <trkpt lat="41.36632762849331" lon="-122.12721979245543">
        <ele>1998.24</ele>
        <time>2016-08-08T21:15:27Z</time>
      </trkpt>
      <trkpt lat="41.366170886904" lon="-122.12712432257831">
        <ele>1996.32</ele>
        <time>2016-08-08T21:15:36Z</time>
      </trkpt>
      <trkpt lat="41.36597441509366" lon="-122.12702776305377">
        <ele>1996.8</ele>
        <time>2016-08-08T21:15:49Z</time>
      </trkpt>
      <trkpt lat="41.36591666378081" lon="-122.12696682661772">
        <ele>1995.35</ele>
        <time>2016-08-08T21:15:55Z</time>
      </trkpt>
      <trkpt lat="41.365670235827565" lon="-122.12686590850353">
        <ele>1992.47</ele>
        <time>2016-08-08T21:16:12Z</time>
      </trkpt>
      <trkpt lat="41.365541657432914" lon="-122.12665946222842">
        <ele>1990.07</ele>
        <time>2016-08-08T21:16:27Z</time>
      </trkpt>
      <trkpt lat="41.36554492637515" lon="-122.12660280056298">
        <ele>1990.07</ele>
        <time>2016-08-08T21:16:30Z</time>
      </trkpt>
      <trkpt lat="41.3653973210603" lon="-122.12638277560472">
        <ele>1985.74</ele>
        <time>2016-08-08T21:16:43Z</time>
      </trkpt>
      <trkpt lat="41.36534468270838" lon="-122.12625939399004">
        <ele>1983.82</ele>
        <time>2016-08-08T21:16:53Z</time>
      </trkpt>
      <trkpt lat="41.365358009934425" lon="-122.12605160661042">
        <ele>1984.3</ele>
        <time>2016-08-08T21:17:04Z</time>
      </trkpt>
      <trkpt lat="41.36538625694811" lon="-122.1259973756969">
        <ele>1982.38</ele>
        <time>2016-08-08T21:17:21Z</time>
      </trkpt>
      <trkpt lat="41.365293050184846" lon="-122.12596477009356">
        <ele>1983.82</ele>
        <time>2016-08-08T21:17:43Z</time>
      </trkpt>
      <trkpt lat="41.36532699689269" lon="-122.12602796964347">
        <ele>1986.7</ele>
        <time>2016-08-08T21:18:18Z</time>
      </trkpt>
    </trkseg>
  </trk>
</gpx>