<?xml version="1.0" encoding="UTF-8"?>
<gpx xmlns="http://www.topografix.com/GPX/1/1" xmlns:topografix="http://www.topografix.com/GPX/Private/TopoGrafix/0/1" xmlns:xsi="http://www.w3.org/2001/XMLSchema-instance" xsi:schemaLocation="http://www.topografix.com/GPX/1/1 http://www.topografix.com/GPX/1/1/gpx.xsd http://www.topografix.com/GPX/Private/TopoGrafix/0/1 http://www.topografix.com/GPX/Private/TopoGrafix/0/1/topografix.xsd" version="1.1" creator="GaiaGPS for Android">
  <trk>
    <name>New Track 5/27/19 04:18:33</name>
    <number>8</number>
    <extensions>
      <topografix:color>c0c0c0</topografix:color>
    </extensions>
    <trkseg>
      <trkpt lat="48.910185" lon="-121.594134">
        <ele>988.1</ele>
        <time>2019-05-27T11:18:36Z</time>
      </trkpt>
      <trkpt lat="48.910142" lon="-121.594187">
        <ele>995.7</ele>
        <time>2019-05-27T11:18:37Z</time>
      </trkpt>
      <trkpt lat="48.910152" lon="-121.59417">
        <ele>966.9</ele>
        <time>2019-05-27T11:18:39Z</time>
      </trkpt>
      <trkpt lat="48.910038" lon="-121.594442">
        <ele>955.1</ele>
        <time>2019-05-27T11:18:47Z</time>
      </trkpt>
      <trkpt lat="48.910064" lon="-121.59443">
        <ele>949.7</ele>
        <time>2019-05-27T11:19:53Z</time>
      </trkpt>
      <trkpt lat="48.91005" lon="-121.594412">
        <ele>947.9</ele>
        <time>2019-05-27T11:20:09Z</time>
      </trkpt>
      <trkpt lat="48.910089" lon="-121.594377">
        <ele>944.8</ele>
        <time>2019-05-27T11:20:11Z</time>
      </trkpt>
      <trkpt lat="48.910103" lon="-121.594327">
        <ele>945.2</ele>
        <time>2019-05-27T11:20:13Z</time>
      </trkpt>
      <trkpt lat="48.910103" lon="-121.594292">
        <ele>946.8</ele>
        <time>2019-05-27T11:20:14Z</time>
      </trkpt>
      <trkpt lat="48.910114" lon="-121.594183">
        <ele>948.9</ele>
        <time>2019-05-27T11:20:19Z</time>
      </trkpt>
      <trkpt lat="48.910098" lon="-121.594126">
        <ele>947.8</ele>
        <time>2019-05-27T11:20:22Z</time>
      </trkpt>
      <trkpt lat="48.910098" lon="-121.594031">
        <ele>942.9</ele>
        <time>2019-05-27T11:20:26Z</time>
      </trkpt>
      <trkpt lat="48.9101" lon="-121.594017">
        <ele>943.3</ele>
        <time>2019-05-27T11:20:27Z</time>
      </trkpt>
      <trkpt lat="48.910101" lon="-121.59391">
        <ele>942.9</ele>
        <time>2019-05-27T11:20:33Z</time>
      </trkpt>
      <trkpt lat="48.910121" lon="-121.59387">
        <ele>943.0</ele>
        <time>2019-05-27T11:20:35Z</time>
      </trkpt>
      <trkpt lat="48.910143" lon="-121.593787">
        <ele>945.2</ele>
        <time>2019-05-27T11:20:39Z</time>
      </trkpt>
      <trkpt lat="48.910164" lon="-121.593666">
        <ele>946.5</ele>
        <time>2019-05-27T11:20:44Z</time>
      </trkpt>
      <trkpt lat="48.910173" lon="-121.59357">
        <ele>951.6</ele>
        <time>2019-05-27T11:20:51Z</time>
      </trkpt>
      <trkpt lat="48.910158" lon="-121.593544">
        <ele>951.9</ele>
        <time>2019-05-27T11:20:53Z</time>
      </trkpt>
      <trkpt lat="48.910164" lon="-121.593517">
        <ele>953.1</ele>
        <time>2019-05-27T11:20:56Z</time>
      </trkpt>
      <trkpt lat="48.910218" lon="-121.593428">
        <ele>952.2</ele>
        <time>2019-05-27T11:21:02Z</time>
      </trkpt>
      <trkpt lat="48.910235" lon="-121.593356">
        <ele>949.9</ele>
        <time>2019-05-27T11:21:06Z</time>
      </trkpt>
      <trkpt lat="48.910245" lon="-121.593337">
        <ele>949.3</ele>
        <time>2019-05-27T11:21:07Z</time>
      </trkpt>
      <trkpt lat="48.910298" lon="-121.593159">
        <ele>947.1</ele>
        <time>2019-05-27T11:21:18Z</time>
      </trkpt>
      <trkpt lat="48.910299" lon="-121.593105">
        <ele>943.1</ele>
        <time>2019-05-27T11:21:22Z</time>
      </trkpt>
      <trkpt lat="48.910281" lon="-121.593039">
        <ele>941.1</ele>
        <time>2019-05-27T11:21:26Z</time>
      </trkpt>
      <trkpt lat="48.91028" lon="-121.592955">
        <ele>940.1</ele>
        <time>2019-05-27T11:21:30Z</time>
      </trkpt>
      <trkpt lat="48.910252" lon="-121.592835">
        <ele>940.3</ele>
        <time>2019-05-27T11:21:37Z</time>
      </trkpt>
      <trkpt lat="48.910236" lon="-121.592743">
        <ele>940.4</ele>
        <time>2019-05-27T11:21:41Z</time>
      </trkpt>
      <trkpt lat="48.91021" lon="-121.592687">
        <ele>939.5</ele>
        <time>2019-05-27T11:21:44Z</time>
      </trkpt>
      <trkpt lat="48.910203" lon="-121.592631">
        <ele>938.0</ele>
        <time>2019-05-27T11:21:47Z</time>
      </trkpt>
      <trkpt lat="48.910156" lon="-121.592438">
        <ele>942.9</ele>
        <time>2019-05-27T11:21:55Z</time>
      </trkpt>
      <trkpt lat="48.910167" lon="-121.59236">
        <ele>941.6</ele>
        <time>2019-05-27T11:21:58Z</time>
      </trkpt>
      <trkpt lat="48.910174" lon="-121.592342">
        <ele>940.7</ele>
        <time>2019-05-27T11:21:59Z</time>
      </trkpt>
      <trkpt lat="48.910168" lon="-121.592212">
        <ele>938.8</ele>
        <time>2019-05-27T11:22:05Z</time>
      </trkpt>
      <trkpt lat="48.910216" lon="-121.592113">
        <ele>944.0</ele>
        <time>2019-05-27T11:22:11Z</time>
      </trkpt>
      <trkpt lat="48.910221" lon="-121.592063">
        <ele>944.3</ele>
        <time>2019-05-27T11:22:15Z</time>
      </trkpt>
      <trkpt lat="48.910205" lon="-121.591981">
        <ele>946.1</ele>
        <time>2019-05-27T11:22:19Z</time>
      </trkpt>
      <trkpt lat="48.910227" lon="-121.591792">
        <ele>948.7</ele>
        <time>2019-05-27T11:22:31Z</time>
      </trkpt>
      <trkpt lat="48.910307" lon="-121.591654">
        <ele>945.9</ele>
        <time>2019-05-27T11:22:42Z</time>
      </trkpt>
      <trkpt lat="48.910331" lon="-121.591608">
        <ele>944.0</ele>
        <time>2019-05-27T11:22:57Z</time>
      </trkpt>
      <trkpt lat="48.910353" lon="-121.591436">
        <ele>940.8</ele>
        <time>2019-05-27T11:23:04Z</time>
      </trkpt>
      <trkpt lat="48.910358" lon="-121.591413">
        <ele>941.1</ele>
        <time>2019-05-27T11:23:05Z</time>
      </trkpt>
      <trkpt lat="48.910359" lon="-121.591228">
        <ele>945.4</ele>
        <time>2019-05-27T11:23:14Z</time>
      </trkpt>
      <trkpt lat="48.910373" lon="-121.591124">
        <ele>952.8</ele>
        <time>2019-05-27T11:23:21Z</time>
      </trkpt>
      <trkpt lat="48.910402" lon="-121.591012">
        <ele>951.4</ele>
        <time>2019-05-27T11:23:29Z</time>
      </trkpt>
      <trkpt lat="48.910414" lon="-121.590914">
        <ele>951.5</ele>
        <time>2019-05-27T11:23:34Z</time>
      </trkpt>
      <trkpt lat="48.910469" lon="-121.590872">
        <ele>953.4</ele>
        <time>2019-05-27T11:23:36Z</time>
      </trkpt>
      <trkpt lat="48.910471" lon="-121.590855">
        <ele>952.1</ele>
        <time>2019-05-27T11:23:37Z</time>
      </trkpt>
      <trkpt lat="48.910441" lon="-121.590643">
        <ele>954.5</ele>
        <time>2019-05-27T11:23:47Z</time>
      </trkpt>
      <trkpt lat="48.910443" lon="-121.590597">
        <ele>952.3</ele>
        <time>2019-05-27T11:23:50Z</time>
      </trkpt>
      <trkpt lat="48.91043" lon="-121.590524">
        <ele>956.1</ele>
        <time>2019-05-27T11:23:54Z</time>
      </trkpt>
      <trkpt lat="48.910436" lon="-121.590466">
        <ele>956.2</ele>
        <time>2019-05-27T11:23:57Z</time>
      </trkpt>
      <trkpt lat="48.910423" lon="-121.590434">
        <ele>957.6</ele>
        <time>2019-05-27T11:24:00Z</time>
      </trkpt>
      <trkpt lat="48.910423" lon="-121.590321">
        <ele>959.9</ele>
        <time>2019-05-27T11:24:04Z</time>
      </trkpt>
      <trkpt lat="48.91042" lon="-121.5903">
        <ele>960.2</ele>
        <time>2019-05-27T11:24:05Z</time>
      </trkpt>
      <trkpt lat="48.910393" lon="-121.590035">
        <ele>959.5</ele>
        <time>2019-05-27T11:24:21Z</time>
      </trkpt>
      <trkpt lat="48.91039" lon="-121.590018">
        <ele>960.1</ele>
        <time>2019-05-27T11:24:22Z</time>
      </trkpt>
      <trkpt lat="48.910346" lon="-121.589943">
        <ele>962.6</ele>
        <time>2019-05-27T11:24:27Z</time>
      </trkpt>
      <trkpt lat="48.910341" lon="-121.589879">
        <ele>960.7</ele>
        <time>2019-05-27T11:24:31Z</time>
      </trkpt>
      <trkpt lat="48.910352" lon="-121.589804">
        <ele>962.4</ele>
        <time>2019-05-27T11:24:34Z</time>
      </trkpt>
      <trkpt lat="48.910377" lon="-121.589779">
        <ele>963.2</ele>
        <time>2019-05-27T11:24:34Z</time>
      </trkpt>
      <trkpt lat="48.910396" lon="-121.589729">
        <ele>963.9</ele>
        <time>2019-05-27T11:24:38Z</time>
      </trkpt>
      <trkpt lat="48.910412" lon="-121.589557">
        <ele>964.0</ele>
        <time>2019-05-27T11:24:46Z</time>
      </trkpt>
      <trkpt lat="48.910421" lon="-121.589541">
        <ele>963.5</ele>
        <time>2019-05-27T11:24:47Z</time>
      </trkpt>
      <trkpt lat="48.910461" lon="-121.589446">
        <ele>966.2</ele>
        <time>2019-05-27T11:24:51Z</time>
      </trkpt>
      <trkpt lat="48.910477" lon="-121.589332">
        <ele>967.4</ele>
        <time>2019-05-27T11:24:56Z</time>
      </trkpt>
      <trkpt lat="48.910469" lon="-121.589298">
        <ele>967.1</ele>
        <time>2019-05-27T11:24:58Z</time>
      </trkpt>
      <trkpt lat="48.910496" lon="-121.589249">
        <ele>965.5</ele>
        <time>2019-05-27T11:25:01Z</time>
      </trkpt>
      <trkpt lat="48.910506" lon="-121.589192">
        <ele>968.8</ele>
        <time>2019-05-27T11:25:05Z</time>
      </trkpt>
      <trkpt lat="48.910503" lon="-121.589141">
        <ele>969.0</ele>
        <time>2019-05-27T11:25:07Z</time>
      </trkpt>
      <trkpt lat="48.910471" lon="-121.58904">
        <ele>968.4</ele>
        <time>2019-05-27T11:25:10Z</time>
      </trkpt>
      <trkpt lat="48.910433" lon="-121.588964">
        <ele>968.3</ele>
        <time>2019-05-27T11:25:12Z</time>
      </trkpt>
      <trkpt lat="48.910415" lon="-121.588889">
        <ele>969.9</ele>
        <time>2019-05-27T11:25:14Z</time>
      </trkpt>
      <trkpt lat="48.910483" lon="-121.588714">
        <ele>971.3</ele>
        <time>2019-05-27T11:25:26Z</time>
      </trkpt>
      <trkpt lat="48.91049" lon="-121.588701">
        <ele>972.6</ele>
        <time>2019-05-27T11:25:27Z</time>
      </trkpt>
      <trkpt lat="48.910502" lon="-121.588635">
        <ele>970.9</ele>
        <time>2019-05-27T11:25:31Z</time>
      </trkpt>
      <trkpt lat="48.91049" lon="-121.588575">
        <ele>971.6</ele>
        <time>2019-05-27T11:25:34Z</time>
      </trkpt>
      <trkpt lat="48.910468" lon="-121.58854">
        <ele>971.4</ele>
        <time>2019-05-27T11:25:34Z</time>
      </trkpt>
      <trkpt lat="48.910458" lon="-121.588464">
        <ele>971.3</ele>
        <time>2019-05-27T11:25:40Z</time>
      </trkpt>
      <trkpt lat="48.910459" lon="-121.588437">
        <ele>971.3</ele>
        <time>2019-05-27T11:25:41Z</time>
      </trkpt>
      <trkpt lat="48.910449" lon="-121.588378">
        <ele>969.9</ele>
        <time>2019-05-27T11:25:43Z</time>
      </trkpt>
      <trkpt lat="48.91041" lon="-121.588307">
        <ele>969.1</ele>
        <time>2019-05-27T11:25:46Z</time>
      </trkpt>
      <trkpt lat="48.910387" lon="-121.5882">
        <ele>969.6</ele>
        <time>2019-05-27T11:25:50Z</time>
      </trkpt>
      <trkpt lat="48.910386" lon="-121.588186">
        <ele>969.7</ele>
        <time>2019-05-27T11:25:51Z</time>
      </trkpt>
      <trkpt lat="48.91041" lon="-121.587957">
        <ele>972.4</ele>
        <time>2019-05-27T11:26:02Z</time>
      </trkpt>
      <trkpt lat="48.910414" lon="-121.587927">
        <ele>973.3</ele>
        <time>2019-05-27T11:26:03Z</time>
      </trkpt>
      <trkpt lat="48.910431" lon="-121.587862">
        <ele>973.9</ele>
        <time>2019-05-27T11:26:07Z</time>
      </trkpt>
      <trkpt lat="48.910424" lon="-121.587765">
        <ele>977.2</ele>
        <time>2019-05-27T11:26:11Z</time>
      </trkpt>
      <trkpt lat="48.910437" lon="-121.587692">
        <ele>979.3</ele>
        <time>2019-05-27T11:26:14Z</time>
      </trkpt>
      <trkpt lat="48.910437" lon="-121.587605">
        <ele>979.5</ele>
        <time>2019-05-27T11:26:18Z</time>
      </trkpt>
      <trkpt lat="48.910422" lon="-121.587568">
        <ele>980.4</ele>
        <time>2019-05-27T11:26:20Z</time>
      </trkpt>
      <trkpt lat="48.910346" lon="-121.587468">
        <ele>977.1</ele>
        <time>2019-05-27T11:26:27Z</time>
      </trkpt>
      <trkpt lat="48.910284" lon="-121.587341">
        <ele>975.0</ele>
        <time>2019-05-27T11:26:34Z</time>
      </trkpt>
      <trkpt lat="48.910246" lon="-121.587316">
        <ele>974.0</ele>
        <time>2019-05-27T11:26:40Z</time>
      </trkpt>
      <trkpt lat="48.910238" lon="-121.587303">
        <ele>974.8</ele>
        <time>2019-05-27T11:26:41Z</time>
      </trkpt>
      <trkpt lat="48.910153" lon="-121.587189">
        <ele>972.9</ele>
        <time>2019-05-27T11:26:49Z</time>
      </trkpt>
      <trkpt lat="48.910105" lon="-121.587144">
        <ele>973.0</ele>
        <time>2019-05-27T11:26:53Z</time>
      </trkpt>
      <trkpt lat="48.910036" lon="-121.587004">
        <ele>970.0</ele>
        <time>2019-05-27T11:27:00Z</time>
      </trkpt>
      <trkpt lat="48.909985" lon="-121.586952">
        <ele>969.6</ele>
        <time>2019-05-27T11:27:05Z</time>
      </trkpt>
      <trkpt lat="48.909967" lon="-121.586948">
        <ele>970.5</ele>
        <time>2019-05-27T11:27:06Z</time>
      </trkpt>
      <trkpt lat="48.909928" lon="-121.58689">
        <ele>968.1</ele>
        <time>2019-05-27T11:27:10Z</time>
      </trkpt>
      <trkpt lat="48.909893" lon="-121.586861">
        <ele>969.2</ele>
        <time>2019-05-27T11:27:13Z</time>
      </trkpt>
      <trkpt lat="48.909845" lon="-121.586772">
        <ele>968.4</ele>
        <time>2019-05-27T11:27:26Z</time>
      </trkpt>
      <trkpt lat="48.909789" lon="-121.586695">
        <ele>965.8</ele>
        <time>2019-05-27T11:27:31Z</time>
      </trkpt>
      <trkpt lat="48.909764" lon="-121.586643">
        <ele>964.6</ele>
        <time>2019-05-27T11:27:33Z</time>
      </trkpt>
      <trkpt lat="48.909739" lon="-121.586505">
        <ele>965.6</ele>
        <time>2019-05-27T11:27:38Z</time>
      </trkpt>
      <trkpt lat="48.909684" lon="-121.586424">
        <ele>966.8</ele>
        <time>2019-05-27T11:27:44Z</time>
      </trkpt>
      <trkpt lat="48.909672" lon="-121.586341">
        <ele>965.8</ele>
        <time>2019-05-27T11:27:48Z</time>
      </trkpt>
      <trkpt lat="48.909677" lon="-121.586282">
        <ele>966.1</ele>
        <time>2019-05-27T11:27:50Z</time>
      </trkpt>
      <trkpt lat="48.909669" lon="-121.586255">
        <ele>968.1</ele>
        <time>2019-05-27T11:27:51Z</time>
      </trkpt>
      <trkpt lat="48.90958" lon="-121.586059">
        <ele>970.5</ele>
        <time>2019-05-27T11:28:02Z</time>
      </trkpt>
      <trkpt lat="48.909537" lon="-121.585985">
        <ele>973.1</ele>
        <time>2019-05-27T11:28:06Z</time>
      </trkpt>
      <trkpt lat="48.909494" lon="-121.585935">
        <ele>974.2</ele>
        <time>2019-05-27T11:28:09Z</time>
      </trkpt>
      <trkpt lat="48.909468" lon="-121.585883">
        <ele>975.6</ele>
        <time>2019-05-27T11:28:12Z</time>
      </trkpt>
      <trkpt lat="48.909455" lon="-121.585866">
        <ele>974.0</ele>
        <time>2019-05-27T11:28:13Z</time>
      </trkpt>
      <trkpt lat="48.909424" lon="-121.585843">
        <ele>974.4</ele>
        <time>2019-05-27T11:28:15Z</time>
      </trkpt>
      <trkpt lat="48.909357" lon="-121.58576">
        <ele>972.7</ele>
        <time>2019-05-27T11:28:21Z</time>
      </trkpt>
      <trkpt lat="48.909344" lon="-121.585729">
        <ele>972.8</ele>
        <time>2019-05-27T11:28:23Z</time>
      </trkpt>
      <trkpt lat="48.909334" lon="-121.585638">
        <ele>975.3</ele>
        <time>2019-05-27T11:28:27Z</time>
      </trkpt>
      <trkpt lat="48.909319" lon="-121.585595">
        <ele>975.5</ele>
        <time>2019-05-27T11:28:30Z</time>
      </trkpt>
      <trkpt lat="48.909284" lon="-121.585572">
        <ele>977.3</ele>
        <time>2019-05-27T11:28:34Z</time>
      </trkpt>
      <trkpt lat="48.909232" lon="-121.585657">
        <ele>977.5</ele>
        <time>2019-05-27T11:28:37Z</time>
      </trkpt>
      <trkpt lat="48.909196" lon="-121.585662">
        <ele>977.5</ele>
        <time>2019-05-27T11:28:40Z</time>
      </trkpt>
      <trkpt lat="48.909128" lon="-121.585548">
        <ele>976.7</ele>
        <time>2019-05-27T11:28:46Z</time>
      </trkpt>
      <trkpt lat="48.909087" lon="-121.585428">
        <ele>970.8</ele>
        <time>2019-05-27T11:28:52Z</time>
      </trkpt>
      <trkpt lat="48.909076" lon="-121.585409">
        <ele>971.0</ele>
        <time>2019-05-27T11:28:53Z</time>
      </trkpt>
      <trkpt lat="48.909039" lon="-121.585286">
        <ele>971.2</ele>
        <time>2019-05-27T11:29:00Z</time>
      </trkpt>
      <trkpt lat="48.908977" lon="-121.58519">
        <ele>970.5</ele>
        <time>2019-05-27T11:29:04Z</time>
      </trkpt>
      <trkpt lat="48.908885" lon="-121.585008">
        <ele>970.4</ele>
        <time>2019-05-27T11:29:12Z</time>
      </trkpt>
      <trkpt lat="48.908873" lon="-121.584958">
        <ele>968.4</ele>
        <time>2019-05-27T11:29:14Z</time>
      </trkpt>
      <trkpt lat="48.90882" lon="-121.584877">
        <ele>971.9</ele>
        <time>2019-05-27T11:29:19Z</time>
      </trkpt>
      <trkpt lat="48.90881" lon="-121.584814">
        <ele>973.4</ele>
        <time>2019-05-27T11:29:22Z</time>
      </trkpt>
      <trkpt lat="48.908735" lon="-121.584721">
        <ele>974.0</ele>
        <time>2019-05-27T11:29:27Z</time>
      </trkpt>
      <trkpt lat="48.908644" lon="-121.584669">
        <ele>972.9</ele>
        <time>2019-05-27T11:29:31Z</time>
      </trkpt>
      <trkpt lat="48.908594" lon="-121.584611">
        <ele>971.1</ele>
        <time>2019-05-27T11:29:34Z</time>
      </trkpt>
      <trkpt lat="48.908567" lon="-121.5846">
        <ele>969.5</ele>
        <time>2019-05-27T11:29:37Z</time>
      </trkpt>
      <trkpt lat="48.908556" lon="-121.584462">
        <ele>965.9</ele>
        <time>2019-05-27T11:29:43Z</time>
      </trkpt>
      <trkpt lat="48.908534" lon="-121.584404">
        <ele>962.0</ele>
        <time>2019-05-27T11:29:46Z</time>
      </trkpt>
      <trkpt lat="48.908478" lon="-121.584299">
        <ele>957.6</ele>
        <time>2019-05-27T11:29:54Z</time>
      </trkpt>
      <trkpt lat="48.908437" lon="-121.584293">
        <ele>955.9</ele>
        <time>2019-05-27T11:29:57Z</time>
      </trkpt>
      <trkpt lat="48.908382" lon="-121.584254">
        <ele>955.7</ele>
        <time>2019-05-27T11:30:01Z</time>
      </trkpt>
      <trkpt lat="48.908302" lon="-121.58417">
        <ele>954.9</ele>
        <time>2019-05-27T11:30:06Z</time>
      </trkpt>
      <trkpt lat="48.908267" lon="-121.584069">
        <ele>955.1</ele>
        <time>2019-05-27T11:30:11Z</time>
      </trkpt>
      <trkpt lat="48.908253" lon="-121.584019">
        <ele>953.1</ele>
        <time>2019-05-27T11:30:14Z</time>
      </trkpt>
      <trkpt lat="48.908144" lon="-121.583909">
        <ele>953.0</ele>
        <time>2019-05-27T11:30:25Z</time>
      </trkpt>
      <trkpt lat="48.908081" lon="-121.583831">
        <ele>948.0</ele>
        <time>2019-05-27T11:30:31Z</time>
      </trkpt>
      <trkpt lat="48.908031" lon="-121.583805">
        <ele>949.6</ele>
        <time>2019-05-27T11:30:34Z</time>
      </trkpt>
      <trkpt lat="48.907994" lon="-121.583757">
        <ele>949.4</ele>
        <time>2019-05-27T11:30:36Z</time>
      </trkpt>
      <trkpt lat="48.907987" lon="-121.583706">
        <ele>948.2</ele>
        <time>2019-05-27T11:30:40Z</time>
      </trkpt>
      <trkpt lat="48.907912" lon="-121.583608">
        <ele>956.5</ele>
        <time>2019-05-27T11:30:46Z</time>
      </trkpt>
      <trkpt lat="48.907891" lon="-121.583567">
        <ele>960.0</ele>
        <time>2019-05-27T11:30:48Z</time>
      </trkpt>
      <trkpt lat="48.907886" lon="-121.58354">
        <ele>961.0</ele>
        <time>2019-05-27T11:30:49Z</time>
      </trkpt>
      <trkpt lat="48.907864" lon="-121.583462">
        <ele>961.5</ele>
        <time>2019-05-27T11:30:52Z</time>
      </trkpt>
      <trkpt lat="48.907796" lon="-121.58334">
        <ele>956.5</ele>
        <time>2019-05-27T11:31:00Z</time>
      </trkpt>
      <trkpt lat="48.907784" lon="-121.583325">
        <ele>955.1</ele>
        <time>2019-05-27T11:31:01Z</time>
      </trkpt>
      <trkpt lat="48.907699" lon="-121.583257">
        <ele>957.4</ele>
        <time>2019-05-27T11:31:08Z</time>
      </trkpt>
      <trkpt lat="48.907652" lon="-121.583187">
        <ele>958.2</ele>
        <time>2019-05-27T11:31:13Z</time>
      </trkpt>
      <trkpt lat="48.907644" lon="-121.583146">
        <ele>958.5</ele>
        <time>2019-05-27T11:31:17Z</time>
      </trkpt>
      <trkpt lat="48.907613" lon="-121.5831">
        <ele>958.3</ele>
        <time>2019-05-27T11:31:19Z</time>
      </trkpt>
      <trkpt lat="48.907598" lon="-121.58301">
        <ele>960.9</ele>
        <time>2019-05-27T11:31:25Z</time>
      </trkpt>
      <trkpt lat="48.907581" lon="-121.582971">
        <ele>959.2</ele>
        <time>2019-05-27T11:31:29Z</time>
      </trkpt>
      <trkpt lat="48.907537" lon="-121.582888">
        <ele>956.9</ele>
        <time>2019-05-27T11:31:34Z</time>
      </trkpt>
      <trkpt lat="48.907523" lon="-121.582821">
        <ele>956.5</ele>
        <time>2019-05-27T11:31:37Z</time>
      </trkpt>
      <trkpt lat="48.90748" lon="-121.58273">
        <ele>957.8</ele>
        <time>2019-05-27T11:31:42Z</time>
      </trkpt>
      <trkpt lat="48.90741" lon="-121.582598">
        <ele>958.8</ele>
        <time>2019-05-27T11:31:50Z</time>
      </trkpt>
      <trkpt lat="48.907343" lon="-121.582426">
        <ele>953.0</ele>
        <time>2019-05-27T11:32:04Z</time>
      </trkpt>
      <trkpt lat="48.907309" lon="-121.582244">
        <ele>956.6</ele>
        <time>2019-05-27T11:32:14Z</time>
      </trkpt>
      <trkpt lat="48.90728" lon="-121.582148">
        <ele>956.0</ele>
        <time>2019-05-27T11:32:20Z</time>
      </trkpt>
      <trkpt lat="48.907209" lon="-121.582029">
        <ele>958.2</ele>
        <time>2019-05-27T11:32:29Z</time>
      </trkpt>
      <trkpt lat="48.907177" lon="-121.581923">
        <ele>957.8</ele>
        <time>2019-05-27T11:32:34Z</time>
      </trkpt>
      <trkpt lat="48.90715" lon="-121.581891">
        <ele>957.1</ele>
        <time>2019-05-27T11:32:36Z</time>
      </trkpt>
      <trkpt lat="48.907116" lon="-121.581814">
        <ele>955.3</ele>
        <time>2019-05-27T11:32:41Z</time>
      </trkpt>
      <trkpt lat="48.907036" lon="-121.58159">
        <ele>957.2</ele>
        <time>2019-05-27T11:32:53Z</time>
      </trkpt>
      <trkpt lat="48.907035" lon="-121.581574">
        <ele>956.8</ele>
        <time>2019-05-27T11:32:54Z</time>
      </trkpt>
      <trkpt lat="48.907009" lon="-121.581428">
        <ele>956.1</ele>
        <time>2019-05-27T11:33:03Z</time>
      </trkpt>
      <trkpt lat="48.906999" lon="-121.581302">
        <ele>962.4</ele>
        <time>2019-05-27T11:33:12Z</time>
      </trkpt>
      <trkpt lat="48.906994" lon="-121.581261">
        <ele>964.0</ele>
        <time>2019-05-27T11:33:15Z</time>
      </trkpt>
      <trkpt lat="48.90701" lon="-121.581225">
        <ele>962.9</ele>
        <time>2019-05-27T11:33:17Z</time>
      </trkpt>
      <trkpt lat="48.907019" lon="-121.581172">
        <ele>963.4</ele>
        <time>2019-05-27T11:33:20Z</time>
      </trkpt>
      <trkpt lat="48.907012" lon="-121.581087">
        <ele>961.1</ele>
        <time>2019-05-27T11:33:24Z</time>
      </trkpt>
      <trkpt lat="48.907003" lon="-121.581066">
        <ele>960.4</ele>
        <time>2019-05-27T11:33:25Z</time>
      </trkpt>
      <trkpt lat="48.906912" lon="-121.580876">
        <ele>967.8</ele>
        <time>2019-05-27T11:33:37Z</time>
      </trkpt>
      <trkpt lat="48.906905" lon="-121.580855">
        <ele>968.3</ele>
        <time>2019-05-27T11:33:38Z</time>
      </trkpt>
      <trkpt lat="48.906904" lon="-121.580717">
        <ele>969.7</ele>
        <time>2019-05-27T11:33:44Z</time>
      </trkpt>
      <trkpt lat="48.906893" lon="-121.580644">
        <ele>969.0</ele>
        <time>2019-05-27T11:33:48Z</time>
      </trkpt>
      <trkpt lat="48.906896" lon="-121.580619">
        <ele>970.9</ele>
        <time>2019-05-27T11:33:49Z</time>
      </trkpt>
      <trkpt lat="48.906892" lon="-121.580574">
        <ele>972.5</ele>
        <time>2019-05-27T11:33:52Z</time>
      </trkpt>
      <trkpt lat="48.906853" lon="-121.580499">
        <ele>975.7</ele>
        <time>2019-05-27T11:33:59Z</time>
      </trkpt>
      <trkpt lat="48.906846" lon="-121.580364">
        <ele>973.4</ele>
        <time>2019-05-27T11:34:46Z</time>
      </trkpt>
      <trkpt lat="48.906845" lon="-121.580283">
        <ele>975.1</ele>
        <time>2019-05-27T11:34:49Z</time>
      </trkpt>
      <trkpt lat="48.906821" lon="-121.580127">
        <ele>976.3</ele>
        <time>2019-05-27T11:34:56Z</time>
      </trkpt>
      <trkpt lat="48.906814" lon="-121.580109">
        <ele>978.0</ele>
        <time>2019-05-27T11:34:57Z</time>
      </trkpt>
      <trkpt lat="48.906801" lon="-121.580004">
        <ele>982.3</ele>
        <time>2019-05-27T11:35:04Z</time>
      </trkpt>
      <trkpt lat="48.906812" lon="-121.579823">
        <ele>982.3</ele>
        <time>2019-05-27T11:35:15Z</time>
      </trkpt>
      <trkpt lat="48.906809" lon="-121.579792">
        <ele>982.1</ele>
        <time>2019-05-27T11:35:16Z</time>
      </trkpt>
      <trkpt lat="48.906746" lon="-121.579676">
        <ele>982.5</ele>
        <time>2019-05-27T11:35:23Z</time>
      </trkpt>
      <trkpt lat="48.906722" lon="-121.579552">
        <ele>978.2</ele>
        <time>2019-05-27T11:35:28Z</time>
      </trkpt>
      <trkpt lat="48.906705" lon="-121.579513">
        <ele>981.2</ele>
        <time>2019-05-27T11:35:31Z</time>
      </trkpt>
      <trkpt lat="48.906703" lon="-121.579436">
        <ele>981.9</ele>
        <time>2019-05-27T11:35:36Z</time>
      </trkpt>
      <trkpt lat="48.90666" lon="-121.579339">
        <ele>983.0</ele>
        <time>2019-05-27T11:35:43Z</time>
      </trkpt>
      <trkpt lat="48.906622" lon="-121.579269">
        <ele>985.7</ele>
        <time>2019-05-27T11:35:48Z</time>
      </trkpt>
      <trkpt lat="48.906599" lon="-121.579141">
        <ele>987.7</ele>
        <time>2019-05-27T11:35:54Z</time>
      </trkpt>
      <trkpt lat="48.906595" lon="-121.579127">
        <ele>988.4</ele>
        <time>2019-05-27T11:35:55Z</time>
      </trkpt>
      <trkpt lat="48.906582" lon="-121.578981">
        <ele>989.4</ele>
        <time>2019-05-27T11:36:05Z</time>
      </trkpt>
      <trkpt lat="48.906552" lon="-121.578867">
        <ele>988.1</ele>
        <time>2019-05-27T11:36:11Z</time>
      </trkpt>
      <trkpt lat="48.906541" lon="-121.578842">
        <ele>987.6</ele>
        <time>2019-05-27T11:36:12Z</time>
      </trkpt>
      <trkpt lat="48.906532" lon="-121.578802">
        <ele>985.1</ele>
        <time>2019-05-27T11:36:15Z</time>
      </trkpt>
      <trkpt lat="48.906534" lon="-121.578719">
        <ele>983.7</ele>
        <time>2019-05-27T11:36:19Z</time>
      </trkpt>
      <trkpt lat="48.906503" lon="-121.578678">
        <ele>982.0</ele>
        <time>2019-05-27T11:36:23Z</time>
      </trkpt>
      <trkpt lat="48.906497" lon="-121.578618">
        <ele>982.6</ele>
        <time>2019-05-27T11:36:26Z</time>
      </trkpt>
      <trkpt lat="48.906465" lon="-121.578492">
        <ele>982.4</ele>
        <time>2019-05-27T11:36:33Z</time>
      </trkpt>
      <trkpt lat="48.906412" lon="-121.578378">
        <ele>986.0</ele>
        <time>2019-05-27T11:36:41Z</time>
      </trkpt>
      <trkpt lat="48.906361" lon="-121.57824">
        <ele>990.9</ele>
        <time>2019-05-27T11:36:55Z</time>
      </trkpt>
      <trkpt lat="48.906319" lon="-121.578231">
        <ele>987.9</ele>
        <time>2019-05-27T11:37:04Z</time>
      </trkpt>
      <trkpt lat="48.906308" lon="-121.578186">
        <ele>988.7</ele>
        <time>2019-05-27T11:37:08Z</time>
      </trkpt>
      <trkpt lat="48.906302" lon="-121.578123">
        <ele>987.6</ele>
        <time>2019-05-27T11:37:12Z</time>
      </trkpt>
      <trkpt lat="48.906239" lon="-121.577949">
        <ele>990.7</ele>
        <time>2019-05-27T11:37:21Z</time>
      </trkpt>
      <trkpt lat="48.906215" lon="-121.577867">
        <ele>990.3</ele>
        <time>2019-05-27T11:37:25Z</time>
      </trkpt>
      <trkpt lat="48.906142" lon="-121.577766">
        <ele>985.9</ele>
        <time>2019-05-27T11:37:33Z</time>
      </trkpt>
      <trkpt lat="48.906114" lon="-121.577743">
        <ele>985.2</ele>
        <time>2019-05-27T11:37:36Z</time>
      </trkpt>
      <trkpt lat="48.906084" lon="-121.577696">
        <ele>985.5</ele>
        <time>2019-05-27T11:37:40Z</time>
      </trkpt>
      <trkpt lat="48.906038" lon="-121.577595">
        <ele>985.0</ele>
        <time>2019-05-27T11:37:46Z</time>
      </trkpt>
      <trkpt lat="48.906016" lon="-121.577481">
        <ele>986.1</ele>
        <time>2019-05-27T11:37:55Z</time>
      </trkpt>
      <trkpt lat="48.905962" lon="-121.577385">
        <ele>984.6</ele>
        <time>2019-05-27T11:38:00Z</time>
      </trkpt>
      <trkpt lat="48.90592" lon="-121.577347">
        <ele>980.5</ele>
        <time>2019-05-27T11:38:04Z</time>
      </trkpt>
      <trkpt lat="48.905864" lon="-121.57729">
        <ele>977.9</ele>
        <time>2019-05-27T11:38:09Z</time>
      </trkpt>
      <trkpt lat="48.905705" lon="-121.576946">
        <ele>984.0</ele>
        <time>2019-05-27T11:38:27Z</time>
      </trkpt>
      <trkpt lat="48.905691" lon="-121.576936">
        <ele>984.5</ele>
        <time>2019-05-27T11:38:28Z</time>
      </trkpt>
      <trkpt lat="48.905564" lon="-121.576789">
        <ele>987.8</ele>
        <time>2019-05-27T11:38:39Z</time>
      </trkpt>
      <trkpt lat="48.905536" lon="-121.576765">
        <ele>987.4</ele>
        <time>2019-05-27T11:38:41Z</time>
      </trkpt>
      <trkpt lat="48.905473" lon="-121.576769">
        <ele>986.9</ele>
        <time>2019-05-27T11:38:46Z</time>
      </trkpt>
      <trkpt lat="48.905446" lon="-121.576732">
        <ele>985.1</ele>
        <time>2019-05-27T11:38:50Z</time>
      </trkpt>
      <trkpt lat="48.905384" lon="-121.576688">
        <ele>982.6</ele>
        <time>2019-05-27T11:38:56Z</time>
      </trkpt>
      <trkpt lat="48.905351" lon="-121.576654">
        <ele>980.8</ele>
        <time>2019-05-27T11:38:59Z</time>
      </trkpt>
      <trkpt lat="48.905296" lon="-121.576629">
        <ele>984.0</ele>
        <time>2019-05-27T11:39:03Z</time>
      </trkpt>
      <trkpt lat="48.905266" lon="-121.576574">
        <ele>986.6</ele>
        <time>2019-05-27T11:39:06Z</time>
      </trkpt>
      <trkpt lat="48.905255" lon="-121.576564">
        <ele>987.3</ele>
        <time>2019-05-27T11:39:07Z</time>
      </trkpt>
      <trkpt lat="48.905146" lon="-121.576408">
        <ele>988.2</ele>
        <time>2019-05-27T11:39:17Z</time>
      </trkpt>
      <trkpt lat="48.90513" lon="-121.57639">
        <ele>988.1</ele>
        <time>2019-05-27T11:39:18Z</time>
      </trkpt>
      <trkpt lat="48.905038" lon="-121.57632">
        <ele>988.4</ele>
        <time>2019-05-27T11:39:25Z</time>
      </trkpt>
      <trkpt lat="48.904997" lon="-121.576255">
        <ele>988.6</ele>
        <time>2019-05-27T11:39:30Z</time>
      </trkpt>
      <trkpt lat="48.904969" lon="-121.576225">
        <ele>989.7</ele>
        <time>2019-05-27T11:39:33Z</time>
      </trkpt>
      <trkpt lat="48.904963" lon="-121.576193">
        <ele>989.5</ele>
        <time>2019-05-27T11:39:34Z</time>
      </trkpt>
      <trkpt lat="48.904907" lon="-121.576093">
        <ele>992.5</ele>
        <time>2019-05-27T11:39:42Z</time>
      </trkpt>
      <trkpt lat="48.904871" lon="-121.57607">
        <ele>991.2</ele>
        <time>2019-05-27T11:39:45Z</time>
      </trkpt>
      <trkpt lat="48.904816" lon="-121.57607">
        <ele>992.6</ele>
        <time>2019-05-27T11:39:50Z</time>
      </trkpt>
      <trkpt lat="48.904748" lon="-121.575995">
        <ele>996.0</ele>
        <time>2019-05-27T11:40:00Z</time>
      </trkpt>
      <trkpt lat="48.904743" lon="-121.575942">
        <ele>996.2</ele>
        <time>2019-05-27T11:40:06Z</time>
      </trkpt>
      <trkpt lat="48.904661" lon="-121.575947">
        <ele>993.9</ele>
        <time>2019-05-27T11:40:14Z</time>
      </trkpt>
      <trkpt lat="48.904617" lon="-121.575939">
        <ele>992.8</ele>
        <time>2019-05-27T11:40:17Z</time>
      </trkpt>
      <trkpt lat="48.904578" lon="-121.575912">
        <ele>992.5</ele>
        <time>2019-05-27T11:40:22Z</time>
      </trkpt>
      <trkpt lat="48.904491" lon="-121.575828">
        <ele>993.2</ele>
        <time>2019-05-27T11:40:31Z</time>
      </trkpt>
      <trkpt lat="48.904388" lon="-121.575783">
        <ele>994.4</ele>
        <time>2019-05-27T11:40:39Z</time>
      </trkpt>
      <trkpt lat="48.904297" lon="-121.575753">
        <ele>994.7</ele>
        <time>2019-05-27T11:40:46Z</time>
      </trkpt>
      <trkpt lat="48.904262" lon="-121.575719">
        <ele>993.1</ele>
        <time>2019-05-27T11:40:49Z</time>
      </trkpt>
      <trkpt lat="48.904227" lon="-121.575702">
        <ele>996.1</ele>
        <time>2019-05-27T11:40:52Z</time>
      </trkpt>
      <trkpt lat="48.904185" lon="-121.575693">
        <ele>999.4</ele>
        <time>2019-05-27T11:40:56Z</time>
      </trkpt>
      <trkpt lat="48.904088" lon="-121.575626">
        <ele>1004.5</ele>
        <time>2019-05-27T11:41:01Z</time>
      </trkpt>
      <trkpt lat="48.90403" lon="-121.575614">
        <ele>1003.7</ele>
        <time>2019-05-27T11:41:04Z</time>
      </trkpt>
      <trkpt lat="48.903996" lon="-121.575588">
        <ele>1004.5</ele>
        <time>2019-05-27T11:41:09Z</time>
      </trkpt>
      <trkpt lat="48.903973" lon="-121.575584">
        <ele>1006.3</ele>
        <time>2019-05-27T11:41:12Z</time>
      </trkpt>
      <trkpt lat="48.903881" lon="-121.575476">
        <ele>1014.1</ele>
        <time>2019-05-27T11:41:25Z</time>
      </trkpt>
      <trkpt lat="48.90381" lon="-121.575447">
        <ele>1018.7</ele>
        <time>2019-05-27T11:41:33Z</time>
      </trkpt>
      <trkpt lat="48.903776" lon="-121.575486">
        <ele>1018.3</ele>
        <time>2019-05-27T11:41:37Z</time>
      </trkpt>
      <trkpt lat="48.903733" lon="-121.575474">
        <ele>1015.6</ele>
        <time>2019-05-27T11:41:40Z</time>
      </trkpt>
      <trkpt lat="48.903718" lon="-121.575474">
        <ele>1017.0</ele>
        <time>2019-05-27T11:41:41Z</time>
      </trkpt>
      <trkpt lat="48.90365" lon="-121.575441">
        <ele>1017.0</ele>
        <time>2019-05-27T11:41:48Z</time>
      </trkpt>
      <trkpt lat="48.903554" lon="-121.575411">
        <ele>1018.5</ele>
        <time>2019-05-27T11:41:54Z</time>
      </trkpt>
      <trkpt lat="48.903531" lon="-121.5754">
        <ele>1016.7</ele>
        <time>2019-05-27T11:41:55Z</time>
      </trkpt>
      <trkpt lat="48.90347" lon="-121.575433">
        <ele>1015.1</ele>
        <time>2019-05-27T11:42:01Z</time>
      </trkpt>
      <trkpt lat="48.903444" lon="-121.575479">
        <ele>1011.9</ele>
        <time>2019-05-27T11:42:05Z</time>
      </trkpt>
      <trkpt lat="48.903361" lon="-121.57549">
        <ele>1013.1</ele>
        <time>2019-05-27T11:42:09Z</time>
      </trkpt>
      <trkpt lat="48.903197" lon="-121.575508">
        <ele>1008.7</ele>
        <time>2019-05-27T11:42:20Z</time>
      </trkpt>
      <trkpt lat="48.903165" lon="-121.575489">
        <ele>1007.5</ele>
        <time>2019-05-27T11:42:22Z</time>
      </trkpt>
      <trkpt lat="48.903117" lon="-121.575427">
        <ele>1006.3</ele>
        <time>2019-05-27T11:42:26Z</time>
      </trkpt>
      <trkpt lat="48.903026" lon="-121.575396">
        <ele>1003.3</ele>
        <time>2019-05-27T11:42:32Z</time>
      </trkpt>
      <trkpt lat="48.902995" lon="-121.575347">
        <ele>1002.8</ele>
        <time>2019-05-27T11:42:37Z</time>
      </trkpt>
      <trkpt lat="48.902892" lon="-121.575287">
        <ele>1005.4</ele>
        <time>2019-05-27T11:42:44Z</time>
      </trkpt>
      <trkpt lat="48.902849" lon="-121.575254">
        <ele>1007.9</ele>
        <time>2019-05-27T11:42:47Z</time>
      </trkpt>
      <trkpt lat="48.902828" lon="-121.575254">
        <ele>1008.6</ele>
        <time>2019-05-27T11:42:48Z</time>
      </trkpt>
      <trkpt lat="48.902794" lon="-121.575285">
        <ele>1008.9</ele>
        <time>2019-05-27T11:42:50Z</time>
      </trkpt>
      <trkpt lat="48.902774" lon="-121.575284">
        <ele>1007.3</ele>
        <time>2019-05-27T11:42:52Z</time>
      </trkpt>
      <trkpt lat="48.902752" lon="-121.57525">
        <ele>1006.7</ele>
        <time>2019-05-27T11:42:54Z</time>
      </trkpt>
      <trkpt lat="48.902727" lon="-121.575179">
        <ele>1008.7</ele>
        <time>2019-05-27T11:42:57Z</time>
      </trkpt>
      <trkpt lat="48.902674" lon="-121.575118">
        <ele>1007.5</ele>
        <time>2019-05-27T11:43:02Z</time>
      </trkpt>
      <trkpt lat="48.90262" lon="-121.575026">
        <ele>1004.8</ele>
        <time>2019-05-27T11:43:07Z</time>
      </trkpt>
      <trkpt lat="48.902618" lon="-121.575015">
        <ele>1004.8</ele>
        <time>2019-05-27T11:43:08Z</time>
      </trkpt>
      <trkpt lat="48.902573" lon="-121.57492">
        <ele>1002.7</ele>
        <time>2019-05-27T11:43:13Z</time>
      </trkpt>
      <trkpt lat="48.902562" lon="-121.574851">
        <ele>1004.7</ele>
        <time>2019-05-27T11:43:17Z</time>
      </trkpt>
      <trkpt lat="48.902544" lon="-121.574816">
        <ele>1006.4</ele>
        <time>2019-05-27T11:43:19Z</time>
      </trkpt>
      <trkpt lat="48.902368" lon="-121.57467">
        <ele>1002.7</ele>
        <time>2019-05-27T11:43:31Z</time>
      </trkpt>
      <trkpt lat="48.902335" lon="-121.574596">
        <ele>1001.2</ele>
        <time>2019-05-27T11:43:37Z</time>
      </trkpt>
      <trkpt lat="48.902338" lon="-121.574553">
        <ele>1002.1</ele>
        <time>2019-05-27T11:43:39Z</time>
      </trkpt>
      <trkpt lat="48.902325" lon="-121.574501">
        <ele>1003.4</ele>
        <time>2019-05-27T11:43:41Z</time>
      </trkpt>
      <trkpt lat="48.902291" lon="-121.574438">
        <ele>1003.9</ele>
        <time>2019-05-27T11:43:44Z</time>
      </trkpt>
      <trkpt lat="48.902244" lon="-121.574299">
        <ele>1005.1</ele>
        <time>2019-05-27T11:43:51Z</time>
      </trkpt>
      <trkpt lat="48.902211" lon="-121.574233">
        <ele>1006.1</ele>
        <time>2019-05-27T11:43:55Z</time>
      </trkpt>
      <trkpt lat="48.902209" lon="-121.574221">
        <ele>1005.4</ele>
        <time>2019-05-27T11:43:56Z</time>
      </trkpt>
      <trkpt lat="48.902173" lon="-121.57413">
        <ele>1003.5</ele>
        <time>2019-05-27T11:44:03Z</time>
      </trkpt>
      <trkpt lat="48.902149" lon="-121.574114">
        <ele>1005.0</ele>
        <time>2019-05-27T11:44:12Z</time>
      </trkpt>
      <trkpt lat="48.902129" lon="-121.574141">
        <ele>1005.6</ele>
        <time>2019-05-27T11:45:19Z</time>
      </trkpt>
      <trkpt lat="48.902106" lon="-121.574073">
        <ele>1013.9</ele>
        <time>2019-05-27T11:47:27Z</time>
      </trkpt>
      <trkpt lat="48.90211" lon="-121.574">
        <ele>1011.8</ele>
        <time>2019-05-27T11:47:32Z</time>
      </trkpt>
      <trkpt lat="48.902082" lon="-121.57391">
        <ele>1014.6</ele>
        <time>2019-05-27T11:47:36Z</time>
      </trkpt>
      <trkpt lat="48.902075" lon="-121.573848">
        <ele>1015.1</ele>
        <time>2019-05-27T11:47:42Z</time>
      </trkpt>
      <trkpt lat="48.902057" lon="-121.573826">
        <ele>1013.7</ele>
        <time>2019-05-27T11:47:44Z</time>
      </trkpt>
      <trkpt lat="48.902041" lon="-121.573825">
        <ele>1013.0</ele>
        <time>2019-05-27T11:47:45Z</time>
      </trkpt>
      <trkpt lat="48.901991" lon="-121.573835">
        <ele>1014.2</ele>
        <time>2019-05-27T11:47:48Z</time>
      </trkpt>
      <trkpt lat="48.90194" lon="-121.573778">
        <ele>1016.4</ele>
        <time>2019-05-27T11:47:55Z</time>
      </trkpt>
      <trkpt lat="48.901916" lon="-121.573768">
        <ele>1017.8</ele>
        <time>2019-05-27T11:47:57Z</time>
      </trkpt>
      <trkpt lat="48.901857" lon="-121.573775">
        <ele>1020.5</ele>
        <time>2019-05-27T11:48:01Z</time>
      </trkpt>
      <trkpt lat="48.901852" lon="-121.573772">
        <ele>1022.5</ele>
        <time>2019-05-27T11:48:02Z</time>
      </trkpt>
      <trkpt lat="48.901827" lon="-121.573701">
        <ele>1025.8</ele>
        <time>2019-05-27T11:48:11Z</time>
      </trkpt>
      <trkpt lat="48.901807" lon="-121.573684">
        <ele>1031.5</ele>
        <time>2019-05-27T11:48:14Z</time>
      </trkpt>
      <trkpt lat="48.90178" lon="-121.573708">
        <ele>1032.1</ele>
        <time>2019-05-27T11:48:16Z</time>
      </trkpt>
      <trkpt lat="48.901761" lon="-121.573714">
        <ele>1033.6</ele>
        <time>2019-05-27T11:48:18Z</time>
      </trkpt>
      <trkpt lat="48.901725" lon="-121.573697">
        <ele>1034.1</ele>
        <time>2019-05-27T11:48:21Z</time>
      </trkpt>
      <trkpt lat="48.901674" lon="-121.573655">
        <ele>1035.1</ele>
        <time>2019-05-27T11:48:30Z</time>
      </trkpt>
      <trkpt lat="48.901659" lon="-121.573606">
        <ele>1034.2</ele>
        <time>2019-05-27T11:48:39Z</time>
      </trkpt>
      <trkpt lat="48.901617" lon="-121.573536">
        <ele>1034.6</ele>
        <time>2019-05-27T11:48:47Z</time>
      </trkpt>
      <trkpt lat="48.901606" lon="-121.573526">
        <ele>1034.9</ele>
        <time>2019-05-27T11:48:48Z</time>
      </trkpt>
      <trkpt lat="48.901485" lon="-121.573456">
        <ele>1033.8</ele>
        <time>2019-05-27T11:48:59Z</time>
      </trkpt>
      <trkpt lat="48.901448" lon="-121.573387">
        <ele>1032.7</ele>
        <time>2019-05-27T11:49:04Z</time>
      </trkpt>
      <trkpt lat="48.901406" lon="-121.573243">
        <ele>1038.0</ele>
        <time>2019-05-27T11:49:14Z</time>
      </trkpt>
      <trkpt lat="48.901358" lon="-121.573184">
        <ele>1042.0</ele>
        <time>2019-05-27T11:49:23Z</time>
      </trkpt>
      <trkpt lat="48.901328" lon="-121.573176">
        <ele>1044.5</ele>
        <time>2019-05-27T11:49:25Z</time>
      </trkpt>
      <trkpt lat="48.901294" lon="-121.573138">
        <ele>1042.7</ele>
        <time>2019-05-27T11:49:28Z</time>
      </trkpt>
      <trkpt lat="48.901242" lon="-121.573123">
        <ele>1041.7</ele>
        <time>2019-05-27T11:49:32Z</time>
      </trkpt>
      <trkpt lat="48.901224" lon="-121.573101">
        <ele>1041.6</ele>
        <time>2019-05-27T11:49:34Z</time>
      </trkpt>
      <trkpt lat="48.901222" lon="-121.573039">
        <ele>1039.8</ele>
        <time>2019-05-27T11:49:34Z</time>
      </trkpt>
      <trkpt lat="48.901194" lon="-121.573018">
        <ele>1040.7</ele>
        <time>2019-05-27T11:49:39Z</time>
      </trkpt>
      <trkpt lat="48.901122" lon="-121.573006">
        <ele>1043.9</ele>
        <time>2019-05-27T11:49:44Z</time>
      </trkpt>
      <trkpt lat="48.901106" lon="-121.572978">
        <ele>1044.3</ele>
        <time>2019-05-27T11:49:46Z</time>
      </trkpt>
      <trkpt lat="48.901064" lon="-121.572825">
        <ele>1044.8</ele>
        <time>2019-05-27T11:49:56Z</time>
      </trkpt>
      <trkpt lat="48.901056" lon="-121.572814">
        <ele>1044.9</ele>
        <time>2019-05-27T11:49:57Z</time>
      </trkpt>
      <trkpt lat="48.90102" lon="-121.572828">
        <ele>1046.3</ele>
        <time>2019-05-27T11:50:00Z</time>
      </trkpt>
      <trkpt lat="48.900997" lon="-121.572814">
        <ele>1045.6</ele>
        <time>2019-05-27T11:50:02Z</time>
      </trkpt>
      <trkpt lat="48.900934" lon="-121.572671">
        <ele>1050.2</ele>
        <time>2019-05-27T11:50:13Z</time>
      </trkpt>
      <trkpt lat="48.900913" lon="-121.572619">
        <ele>1052.1</ele>
        <time>2019-05-27T11:50:19Z</time>
      </trkpt>
      <trkpt lat="48.900866" lon="-121.572667">
        <ele>1049.7</ele>
        <time>2019-05-27T11:50:24Z</time>
      </trkpt>
      <trkpt lat="48.900793" lon="-121.572658">
        <ele>1050.5</ele>
        <time>2019-05-27T11:50:31Z</time>
      </trkpt>
      <trkpt lat="48.90078" lon="-121.572666">
        <ele>1050.0</ele>
        <time>2019-05-27T11:50:32Z</time>
      </trkpt>
      <trkpt lat="48.900709" lon="-121.572724">
        <ele>1050.1</ele>
        <time>2019-05-27T11:50:39Z</time>
      </trkpt>
      <trkpt lat="48.900695" lon="-121.572721">
        <ele>1048.8</ele>
        <time>2019-05-27T11:50:40Z</time>
      </trkpt>
      <trkpt lat="48.900645" lon="-121.572653">
        <ele>1046.1</ele>
        <time>2019-05-27T11:50:45Z</time>
      </trkpt>
      <trkpt lat="48.90056" lon="-121.572627">
        <ele>1047.8</ele>
        <time>2019-05-27T11:50:54Z</time>
      </trkpt>
      <trkpt lat="48.900524" lon="-121.572596">
        <ele>1046.6</ele>
        <time>2019-05-27T11:50:58Z</time>
      </trkpt>
      <trkpt lat="48.900474" lon="-121.572573">
        <ele>1043.7</ele>
        <time>2019-05-27T11:51:04Z</time>
      </trkpt>
      <trkpt lat="48.900442" lon="-121.572567">
        <ele>1039.6</ele>
        <time>2019-05-27T11:51:08Z</time>
      </trkpt>
      <trkpt lat="48.900415" lon="-121.57252">
        <ele>1043.2</ele>
        <time>2019-05-27T11:51:16Z</time>
      </trkpt>
      <trkpt lat="48.900394" lon="-121.572506">
        <ele>1042.6</ele>
        <time>2019-05-27T11:51:18Z</time>
      </trkpt>
      <trkpt lat="48.900384" lon="-121.572513">
        <ele>1040.6</ele>
        <time>2019-05-27T11:51:19Z</time>
      </trkpt>
      <trkpt lat="48.900322" lon="-121.572504">
        <ele>1043.6</ele>
        <time>2019-05-27T11:51:23Z</time>
      </trkpt>
      <trkpt lat="48.900269" lon="-121.572469">
        <ele>1044.5</ele>
        <time>2019-05-27T11:51:28Z</time>
      </trkpt>
      <trkpt lat="48.900238" lon="-121.572421">
        <ele>1047.3</ele>
        <time>2019-05-27T11:51:33Z</time>
      </trkpt>
      <trkpt lat="48.900161" lon="-121.572414">
        <ele>1048.0</ele>
        <time>2019-05-27T11:51:41Z</time>
      </trkpt>
      <trkpt lat="48.900094" lon="-121.572373">
        <ele>1048.4</ele>
        <time>2019-05-27T11:51:47Z</time>
      </trkpt>
      <trkpt lat="48.900049" lon="-121.572362">
        <ele>1048.9</ele>
        <time>2019-05-27T11:51:52Z</time>
      </trkpt>
      <trkpt lat="48.900025" lon="-121.572382">
        <ele>1051.6</ele>
        <time>2019-05-27T11:52:12Z</time>
      </trkpt>
      <trkpt lat="48.899994" lon="-121.572385">
        <ele>1048.2</ele>
        <time>2019-05-27T11:52:15Z</time>
      </trkpt>
      <trkpt lat="48.899978" lon="-121.572406">
        <ele>1046.4</ele>
        <time>2019-05-27T11:52:17Z</time>
      </trkpt>
      <trkpt lat="48.899962" lon="-121.572389">
        <ele>1044.2</ele>
        <time>2019-05-27T11:52:21Z</time>
      </trkpt>
      <trkpt lat="48.899954" lon="-121.572297">
        <ele>1042.7</ele>
        <time>2019-05-27T11:52:27Z</time>
      </trkpt>
      <trkpt lat="48.899938" lon="-121.572265">
        <ele>1041.1</ele>
        <time>2019-05-27T11:52:30Z</time>
      </trkpt>
      <trkpt lat="48.899918" lon="-121.572247">
        <ele>1043.2</ele>
        <time>2019-05-27T11:52:32Z</time>
      </trkpt>
      <trkpt lat="48.8999" lon="-121.572246">
        <ele>1043.5</ele>
        <time>2019-05-27T11:52:34Z</time>
      </trkpt>
      <trkpt lat="48.899881" lon="-121.572269">
        <ele>1046.8</ele>
        <time>2019-05-27T11:52:37Z</time>
      </trkpt>
      <trkpt lat="48.899849" lon="-121.572294">
        <ele>1046.2</ele>
        <time>2019-05-27T11:52:41Z</time>
      </trkpt>
      <trkpt lat="48.89982" lon="-121.572303">
        <ele>1044.1</ele>
        <time>2019-05-27T11:52:44Z</time>
      </trkpt>
      <trkpt lat="48.899798" lon="-121.572295">
        <ele>1043.3</ele>
        <time>2019-05-27T11:52:46Z</time>
      </trkpt>
      <trkpt lat="48.899748" lon="-121.572173">
        <ele>1043.2</ele>
        <time>2019-05-27T11:52:53Z</time>
      </trkpt>
      <trkpt lat="48.899714" lon="-121.572108">
        <ele>1045.9</ele>
        <time>2019-05-27T11:52:57Z</time>
      </trkpt>
      <trkpt lat="48.899687" lon="-121.572009">
        <ele>1049.1</ele>
        <time>2019-05-27T11:53:02Z</time>
      </trkpt>
      <trkpt lat="48.899635" lon="-121.571967">
        <ele>1050.3</ele>
        <time>2019-05-27T11:53:07Z</time>
      </trkpt>
      <trkpt lat="48.899611" lon="-121.57191">
        <ele>1052.2</ele>
        <time>2019-05-27T11:53:11Z</time>
      </trkpt>
      <trkpt lat="48.899607" lon="-121.571837">
        <ele>1056.4</ele>
        <time>2019-05-27T11:53:15Z</time>
      </trkpt>
      <trkpt lat="48.899596" lon="-121.571806">
        <ele>1055.0</ele>
        <time>2019-05-27T11:53:17Z</time>
      </trkpt>
      <trkpt lat="48.899576" lon="-121.571779">
        <ele>1056.9</ele>
        <time>2019-05-27T11:53:19Z</time>
      </trkpt>
      <trkpt lat="48.899527" lon="-121.571765">
        <ele>1058.3</ele>
        <time>2019-05-27T11:53:24Z</time>
      </trkpt>
      <trkpt lat="48.899486" lon="-121.571746">
        <ele>1057.9</ele>
        <time>2019-05-27T11:53:29Z</time>
      </trkpt>
      <trkpt lat="48.899423" lon="-121.57157">
        <ele>1065.8</ele>
        <time>2019-05-27T11:53:47Z</time>
      </trkpt>
      <trkpt lat="48.899414" lon="-121.571561">
        <ele>1065.9</ele>
        <time>2019-05-27T11:53:48Z</time>
      </trkpt>
      <trkpt lat="48.899357" lon="-121.57144">
        <ele>1064.9</ele>
        <time>2019-05-27T11:53:59Z</time>
      </trkpt>
      <trkpt lat="48.899329" lon="-121.57133">
        <ele>1067.7</ele>
        <time>2019-05-27T11:54:05Z</time>
      </trkpt>
      <trkpt lat="48.899304" lon="-121.571287">
        <ele>1069.5</ele>
        <time>2019-05-27T11:54:08Z</time>
      </trkpt>
      <trkpt lat="48.899294" lon="-121.571173">
        <ele>1070.0</ele>
        <time>2019-05-27T11:54:14Z</time>
      </trkpt>
      <trkpt lat="48.899271" lon="-121.571095">
        <ele>1069.5</ele>
        <time>2019-05-27T11:54:20Z</time>
      </trkpt>
      <trkpt lat="48.899251" lon="-121.570931">
        <ele>1072.8</ele>
        <time>2019-05-27T11:54:31Z</time>
      </trkpt>
      <trkpt lat="48.899262" lon="-121.570812">
        <ele>1072.1</ele>
        <time>2019-05-27T11:54:43Z</time>
      </trkpt>
      <trkpt lat="48.899261" lon="-121.570724">
        <ele>1068.3</ele>
        <time>2019-05-27T11:54:49Z</time>
      </trkpt>
      <trkpt lat="48.899198" lon="-121.570565">
        <ele>1068.4</ele>
        <time>2019-05-27T11:55:00Z</time>
      </trkpt>
      <trkpt lat="48.899194" lon="-121.57055">
        <ele>1070.3</ele>
        <time>2019-05-27T11:55:01Z</time>
      </trkpt>
      <trkpt lat="48.899192" lon="-121.570473">
        <ele>1073.2</ele>
        <time>2019-05-27T11:55:06Z</time>
      </trkpt>
      <trkpt lat="48.8992" lon="-121.570441">
        <ele>1075.1</ele>
        <time>2019-05-27T11:55:08Z</time>
      </trkpt>
      <trkpt lat="48.89919" lon="-121.570372">
        <ele>1078.3</ele>
        <time>2019-05-27T11:55:15Z</time>
      </trkpt>
      <trkpt lat="48.899235" lon="-121.570275">
        <ele>1080.4</ele>
        <time>2019-05-27T11:55:22Z</time>
      </trkpt>
      <trkpt lat="48.899257" lon="-121.570208">
        <ele>1081.0</ele>
        <time>2019-05-27T11:55:28Z</time>
      </trkpt>
      <trkpt lat="48.899262" lon="-121.570135">
        <ele>1084.6</ele>
        <time>2019-05-27T11:55:34Z</time>
      </trkpt>
      <trkpt lat="48.899246" lon="-121.570019">
        <ele>1086.4</ele>
        <time>2019-05-27T11:55:41Z</time>
      </trkpt>
      <trkpt lat="48.899239" lon="-121.570013">
        <ele>1086.6</ele>
        <time>2019-05-27T11:55:42Z</time>
      </trkpt>
      <trkpt lat="48.899255" lon="-121.569945">
        <ele>1087.2</ele>
        <time>2019-05-27T11:55:47Z</time>
      </trkpt>
      <trkpt lat="48.899251" lon="-121.569908">
        <ele>1089.0</ele>
        <time>2019-05-27T11:55:50Z</time>
      </trkpt>
      <trkpt lat="48.899164" lon="-121.569887">
        <ele>1090.6</ele>
        <time>2019-05-27T11:55:55Z</time>
      </trkpt>
      <trkpt lat="48.899149" lon="-121.569886">
        <ele>1091.4</ele>
        <time>2019-05-27T11:55:56Z</time>
      </trkpt>
      <trkpt lat="48.89908" lon="-121.569866">
        <ele>1096.1</ele>
        <time>2019-05-27T11:56:02Z</time>
      </trkpt>
      <trkpt lat="48.899059" lon="-121.569839">
        <ele>1094.5</ele>
        <time>2019-05-27T11:56:04Z</time>
      </trkpt>
      <trkpt lat="48.899029" lon="-121.569741">
        <ele>1095.0</ele>
        <time>2019-05-27T11:56:10Z</time>
      </trkpt>
      <trkpt lat="48.898954" lon="-121.569676">
        <ele>1099.4</ele>
        <time>2019-05-27T11:56:17Z</time>
      </trkpt>
      <trkpt lat="48.898924" lon="-121.569622">
        <ele>1100.3</ele>
        <time>2019-05-27T11:56:23Z</time>
      </trkpt>
      <trkpt lat="48.898877" lon="-121.569589">
        <ele>1099.4</ele>
        <time>2019-05-27T11:56:29Z</time>
      </trkpt>
      <trkpt lat="48.89887" lon="-121.569588">
        <ele>1098.2</ele>
        <time>2019-05-27T11:56:30Z</time>
      </trkpt>
      <trkpt lat="48.898852" lon="-121.569544">
        <ele>1099.4</ele>
        <time>2019-05-27T11:56:34Z</time>
      </trkpt>
      <trkpt lat="48.898808" lon="-121.569604">
        <ele>1100.2</ele>
        <time>2019-05-27T11:56:34Z</time>
      </trkpt>
      <trkpt lat="48.898789" lon="-121.569606">
        <ele>1100.2</ele>
        <time>2019-05-27T11:56:37Z</time>
      </trkpt>
      <trkpt lat="48.898734" lon="-121.56954">
        <ele>1102.7</ele>
        <time>2019-05-27T11:56:44Z</time>
      </trkpt>
      <trkpt lat="48.898733" lon="-121.569506">
        <ele>1105.2</ele>
        <time>2019-05-27T11:56:46Z</time>
      </trkpt>
      <trkpt lat="48.89871" lon="-121.569474">
        <ele>1105.7</ele>
        <time>2019-05-27T11:56:49Z</time>
      </trkpt>
      <trkpt lat="48.898709" lon="-121.569462">
        <ele>1106.0</ele>
        <time>2019-05-27T11:56:50Z</time>
      </trkpt>
      <trkpt lat="48.898681" lon="-121.569365">
        <ele>1104.1</ele>
        <time>2019-05-27T11:56:56Z</time>
      </trkpt>
      <trkpt lat="48.898659" lon="-121.569352">
        <ele>1105.4</ele>
        <time>2019-05-27T11:56:58Z</time>
      </trkpt>
      <trkpt lat="48.898632" lon="-121.569356">
        <ele>1107.6</ele>
        <time>2019-05-27T11:57:00Z</time>
      </trkpt>
      <trkpt lat="48.898566" lon="-121.569342">
        <ele>1107.3</ele>
        <time>2019-05-27T11:57:05Z</time>
      </trkpt>
      <trkpt lat="48.898527" lon="-121.569239">
        <ele>1107.4</ele>
        <time>2019-05-27T11:57:13Z</time>
      </trkpt>
      <trkpt lat="48.898499" lon="-121.56922">
        <ele>1106.6</ele>
        <time>2019-05-27T11:57:16Z</time>
      </trkpt>
      <trkpt lat="48.89845" lon="-121.569054">
        <ele>1103.7</ele>
        <time>2019-05-27T11:57:24Z</time>
      </trkpt>
      <trkpt lat="48.898426" lon="-121.56905">
        <ele>1109.2</ele>
        <time>2019-05-27T11:57:27Z</time>
      </trkpt>
      <trkpt lat="48.898397" lon="-121.568997">
        <ele>1108.1</ele>
        <time>2019-05-27T11:57:32Z</time>
      </trkpt>
      <trkpt lat="48.898393" lon="-121.568963">
        <ele>1108.6</ele>
        <time>2019-05-27T11:57:34Z</time>
      </trkpt>
      <trkpt lat="48.898373" lon="-121.568943">
        <ele>1109.2</ele>
        <time>2019-05-27T11:57:39Z</time>
      </trkpt>
      <trkpt lat="48.898331" lon="-121.568988">
        <ele>1111.9</ele>
        <time>2019-05-27T11:57:42Z</time>
      </trkpt>
      <trkpt lat="48.898316" lon="-121.569009">
        <ele>1112.6</ele>
        <time>2019-05-27T11:57:43Z</time>
      </trkpt>
      <trkpt lat="48.898212" lon="-121.569079">
        <ele>1111.1</ele>
        <time>2019-05-27T11:57:51Z</time>
      </trkpt>
      <trkpt lat="48.89819" lon="-121.569039">
        <ele>1107.5</ele>
        <time>2019-05-27T11:57:53Z</time>
      </trkpt>
      <trkpt lat="48.898174" lon="-121.568934">
        <ele>1103.1</ele>
        <time>2019-05-27T11:57:57Z</time>
      </trkpt>
      <trkpt lat="48.89817" lon="-121.56877">
        <ele>1102.9</ele>
        <time>2019-05-27T11:58:03Z</time>
      </trkpt>
      <trkpt lat="48.898171" lon="-121.568721">
        <ele>1101.1</ele>
        <time>2019-05-27T11:58:05Z</time>
      </trkpt>
      <trkpt lat="48.898145" lon="-121.568678">
        <ele>1105.5</ele>
        <time>2019-05-27T11:58:08Z</time>
      </trkpt>
      <trkpt lat="48.898141" lon="-121.568645">
        <ele>1105.0</ele>
        <time>2019-05-27T11:58:10Z</time>
      </trkpt>
      <trkpt lat="48.898152" lon="-121.568486">
        <ele>1104.3</ele>
        <time>2019-05-27T11:58:16Z</time>
      </trkpt>
      <trkpt lat="48.898147" lon="-121.568433">
        <ele>1104.7</ele>
        <time>2019-05-27T11:58:19Z</time>
      </trkpt>
      <trkpt lat="48.898133" lon="-121.568399">
        <ele>1106.2</ele>
        <time>2019-05-27T11:58:22Z</time>
      </trkpt>
      <trkpt lat="48.898096" lon="-121.568379">
        <ele>1107.4</ele>
        <time>2019-05-27T11:58:26Z</time>
      </trkpt>
      <trkpt lat="48.89805" lon="-121.568299">
        <ele>1104.6</ele>
        <time>2019-05-27T11:58:34Z</time>
      </trkpt>
      <trkpt lat="48.898024" lon="-121.568287">
        <ele>1107.2</ele>
        <time>2019-05-27T11:58:38Z</time>
      </trkpt>
      <trkpt lat="48.897989" lon="-121.568248">
        <ele>1104.9</ele>
        <time>2019-05-27T11:58:42Z</time>
      </trkpt>
      <trkpt lat="48.897954" lon="-121.568177">
        <ele>1105.4</ele>
        <time>2019-05-27T11:58:47Z</time>
      </trkpt>
      <trkpt lat="48.897917" lon="-121.568148">
        <ele>1106.5</ele>
        <time>2019-05-27T11:58:51Z</time>
      </trkpt>
      <trkpt lat="48.897865" lon="-121.5681">
        <ele>1106.1</ele>
        <time>2019-05-27T11:59:02Z</time>
      </trkpt>
      <trkpt lat="48.897845" lon="-121.568022">
        <ele>1103.1</ele>
        <time>2019-05-27T11:59:08Z</time>
      </trkpt>
      <trkpt lat="48.897813" lon="-121.567956">
        <ele>1104.0</ele>
        <time>2019-05-27T11:59:12Z</time>
      </trkpt>
      <trkpt lat="48.897697" lon="-121.567774">
        <ele>1112.8</ele>
        <time>2019-05-27T11:59:26Z</time>
      </trkpt>
      <trkpt lat="48.897682" lon="-121.567723">
        <ele>1116.4</ele>
        <time>2019-05-27T11:59:29Z</time>
      </trkpt>
      <trkpt lat="48.897665" lon="-121.567608">
        <ele>1118.1</ele>
        <time>2019-05-27T11:59:34Z</time>
      </trkpt>
      <trkpt lat="48.897648" lon="-121.567593">
        <ele>1117.5</ele>
        <time>2019-05-27T11:59:34Z</time>
      </trkpt>
      <trkpt lat="48.897641" lon="-121.567561">
        <ele>1117.3</ele>
        <time>2019-05-27T11:59:36Z</time>
      </trkpt>
      <trkpt lat="48.897603" lon="-121.567517">
        <ele>1117.7</ele>
        <time>2019-05-27T11:59:40Z</time>
      </trkpt>
      <trkpt lat="48.897592" lon="-121.567471">
        <ele>1118.8</ele>
        <time>2019-05-27T11:59:43Z</time>
      </trkpt>
      <trkpt lat="48.897581" lon="-121.567457">
        <ele>1119.1</ele>
        <time>2019-05-27T11:59:44Z</time>
      </trkpt>
      <trkpt lat="48.897478" lon="-121.567421">
        <ele>1127.1</ele>
        <time>2019-05-27T11:59:51Z</time>
      </trkpt>
      <trkpt lat="48.897424" lon="-121.567382">
        <ele>1126.1</ele>
        <time>2019-05-27T11:59:58Z</time>
      </trkpt>
      <trkpt lat="48.897448" lon="-121.567365">
        <ele>1125.0</ele>
        <time>2019-05-27T12:00:03Z</time>
      </trkpt>
      <trkpt lat="48.897484" lon="-121.567399">
        <ele>1124.1</ele>
        <time>2019-05-27T12:00:07Z</time>
      </trkpt>
      <trkpt lat="48.897511" lon="-121.567412">
        <ele>1122.5</ele>
        <time>2019-05-27T12:00:09Z</time>
      </trkpt>
      <trkpt lat="48.897541" lon="-121.567488">
        <ele>1124.1</ele>
        <time>2019-05-27T12:00:15Z</time>
      </trkpt>
      <trkpt lat="48.897552" lon="-121.567503">
        <ele>1124.3</ele>
        <time>2019-05-27T12:00:16Z</time>
      </trkpt>
      <trkpt lat="48.897586" lon="-121.567573">
        <ele>1123.2</ele>
        <time>2019-05-27T12:00:21Z</time>
      </trkpt>
      <trkpt lat="48.897637" lon="-121.567594">
        <ele>1124.2</ele>
        <time>2019-05-27T12:00:25Z</time>
      </trkpt>
      <trkpt lat="48.897667" lon="-121.567692">
        <ele>1129.9</ele>
        <time>2019-05-27T12:00:30Z</time>
      </trkpt>
      <trkpt lat="48.89769" lon="-121.567749">
        <ele>1130.6</ele>
        <time>2019-05-27T12:00:34Z</time>
      </trkpt>
      <trkpt lat="48.897679" lon="-121.567801">
        <ele>1132.2</ele>
        <time>2019-05-27T12:00:34Z</time>
      </trkpt>
      <trkpt lat="48.897778" lon="-121.567839">
        <ele>1131.2</ele>
        <time>2019-05-27T12:00:45Z</time>
      </trkpt>
      <trkpt lat="48.897789" lon="-121.567845">
        <ele>1130.8</ele>
        <time>2019-05-27T12:00:46Z</time>
      </trkpt>
      <trkpt lat="48.897872" lon="-121.567861">
        <ele>1131.9</ele>
        <time>2019-05-27T12:00:54Z</time>
      </trkpt>
      <trkpt lat="48.897927" lon="-121.567923">
        <ele>1133.6</ele>
        <time>2019-05-27T12:01:00Z</time>
      </trkpt>
      <trkpt lat="48.897961" lon="-121.56794">
        <ele>1133.4</ele>
        <time>2019-05-27T12:01:03Z</time>
      </trkpt>
      <trkpt lat="48.897978" lon="-121.567969">
        <ele>1135.4</ele>
        <time>2019-05-27T12:01:05Z</time>
      </trkpt>
      <trkpt lat="48.897971" lon="-121.567935">
        <ele>1136.1</ele>
        <time>2019-05-27T12:01:12Z</time>
      </trkpt>
      <trkpt lat="48.897944" lon="-121.567886">
        <ele>1135.0</ele>
        <time>2019-05-27T12:01:16Z</time>
      </trkpt>
      <trkpt lat="48.897951" lon="-121.567763">
        <ele>1133.7</ele>
        <time>2019-05-27T12:01:22Z</time>
      </trkpt>
      <trkpt lat="48.897948" lon="-121.567745">
        <ele>1133.7</ele>
        <time>2019-05-27T12:01:23Z</time>
      </trkpt>
      <trkpt lat="48.897883" lon="-121.567644">
        <ele>1133.4</ele>
        <time>2019-05-27T12:01:31Z</time>
      </trkpt>
      <trkpt lat="48.897822" lon="-121.567424">
        <ele>1139.6</ele>
        <time>2019-05-27T12:01:45Z</time>
      </trkpt>
      <trkpt lat="48.897765" lon="-121.567374">
        <ele>1142.4</ele>
        <time>2019-05-27T12:01:51Z</time>
      </trkpt>
      <trkpt lat="48.897751" lon="-121.567324">
        <ele>1140.0</ele>
        <time>2019-05-27T12:01:53Z</time>
      </trkpt>
      <trkpt lat="48.897747" lon="-121.567281">
        <ele>1139.5</ele>
        <time>2019-05-27T12:01:55Z</time>
      </trkpt>
      <trkpt lat="48.897705" lon="-121.567265">
        <ele>1140.6</ele>
        <time>2019-05-27T12:02:00Z</time>
      </trkpt>
      <trkpt lat="48.897631" lon="-121.567159">
        <ele>1141.3</ele>
        <time>2019-05-27T12:02:07Z</time>
      </trkpt>
      <trkpt lat="48.897601" lon="-121.56711">
        <ele>1140.5</ele>
        <time>2019-05-27T12:02:12Z</time>
      </trkpt>
      <trkpt lat="48.897593" lon="-121.567013">
        <ele>1140.4</ele>
        <time>2019-05-27T12:02:18Z</time>
      </trkpt>
      <trkpt lat="48.89758" lon="-121.566988">
        <ele>1140.5</ele>
        <time>2019-05-27T12:02:21Z</time>
      </trkpt>
      <trkpt lat="48.897469" lon="-121.567018">
        <ele>1145.9</ele>
        <time>2019-05-27T12:02:31Z</time>
      </trkpt>
      <trkpt lat="48.897431" lon="-121.567007">
        <ele>1144.4</ele>
        <time>2019-05-27T12:02:34Z</time>
      </trkpt>
      <trkpt lat="48.89739" lon="-121.56696">
        <ele>1144.2</ele>
        <time>2019-05-27T12:02:36Z</time>
      </trkpt>
      <trkpt lat="48.897388" lon="-121.566891">
        <ele>1141.8</ele>
        <time>2019-05-27T12:02:39Z</time>
      </trkpt>
      <trkpt lat="48.897383" lon="-121.566865">
        <ele>1141.3</ele>
        <time>2019-05-27T12:02:40Z</time>
      </trkpt>
      <trkpt lat="48.897381" lon="-121.566771">
        <ele>1138.9</ele>
        <time>2019-05-27T12:02:45Z</time>
      </trkpt>
      <trkpt lat="48.897359" lon="-121.566611">
        <ele>1136.6</ele>
        <time>2019-05-27T12:02:53Z</time>
      </trkpt>
      <trkpt lat="48.89734" lon="-121.566541">
        <ele>1133.6</ele>
        <time>2019-05-27T12:02:57Z</time>
      </trkpt>
      <trkpt lat="48.897288" lon="-121.566456">
        <ele>1137.1</ele>
        <time>2019-05-27T12:03:01Z</time>
      </trkpt>
      <trkpt lat="48.897276" lon="-121.566392">
        <ele>1134.9</ele>
        <time>2019-05-27T12:03:04Z</time>
      </trkpt>
      <trkpt lat="48.897253" lon="-121.566329">
        <ele>1140.1</ele>
        <time>2019-05-27T12:03:06Z</time>
      </trkpt>
      <trkpt lat="48.897211" lon="-121.566299">
        <ele>1139.8</ele>
        <time>2019-05-27T12:03:10Z</time>
      </trkpt>
      <trkpt lat="48.897176" lon="-121.566245">
        <ele>1139.1</ele>
        <time>2019-05-27T12:03:15Z</time>
      </trkpt>
      <trkpt lat="48.897148" lon="-121.566233">
        <ele>1141.8</ele>
        <time>2019-05-27T12:03:17Z</time>
      </trkpt>
      <trkpt lat="48.897109" lon="-121.566246">
        <ele>1143.4</ele>
        <time>2019-05-27T12:03:19Z</time>
      </trkpt>
      <trkpt lat="48.897091" lon="-121.566257">
        <ele>1143.9</ele>
        <time>2019-05-27T12:03:20Z</time>
      </trkpt>
      <trkpt lat="48.897052" lon="-121.566268">
        <ele>1146.4</ele>
        <time>2019-05-27T12:03:22Z</time>
      </trkpt>
      <trkpt lat="48.897035" lon="-121.566255">
        <ele>1146.8</ele>
        <time>2019-05-27T12:03:23Z</time>
      </trkpt>
      <trkpt lat="48.896973" lon="-121.566181">
        <ele>1143.2</ele>
        <time>2019-05-27T12:03:29Z</time>
      </trkpt>
      <trkpt lat="48.896968" lon="-121.566133">
        <ele>1142.8</ele>
        <time>2019-05-27T12:03:31Z</time>
      </trkpt>
      <trkpt lat="48.896971" lon="-121.566111">
        <ele>1140.0</ele>
        <time>2019-05-27T12:03:32Z</time>
      </trkpt>
      <trkpt lat="48.896956" lon="-121.566011">
        <ele>1144.4</ele>
        <time>2019-05-27T12:03:36Z</time>
      </trkpt>
      <trkpt lat="48.896921" lon="-121.56598">
        <ele>1147.0</ele>
        <time>2019-05-27T12:03:39Z</time>
      </trkpt>
      <trkpt lat="48.896861" lon="-121.565969">
        <ele>1147.2</ele>
        <time>2019-05-27T12:03:43Z</time>
      </trkpt>
      <trkpt lat="48.896781" lon="-121.565858">
        <ele>1147.2</ele>
        <time>2019-05-27T12:03:51Z</time>
      </trkpt>
      <trkpt lat="48.896734" lon="-121.565832">
        <ele>1148.2</ele>
        <time>2019-05-27T12:03:55Z</time>
      </trkpt>
      <trkpt lat="48.896676" lon="-121.565603">
        <ele>1143.0</ele>
        <time>2019-05-27T12:04:10Z</time>
      </trkpt>
      <trkpt lat="48.896675" lon="-121.56559">
        <ele>1142.6</ele>
        <time>2019-05-27T12:04:11Z</time>
      </trkpt>
      <trkpt lat="48.896636" lon="-121.565423">
        <ele>1144.0</ele>
        <time>2019-05-27T12:04:22Z</time>
      </trkpt>
      <trkpt lat="48.896649" lon="-121.565344">
        <ele>1141.4</ele>
        <time>2019-05-27T12:04:26Z</time>
      </trkpt>
      <trkpt lat="48.896604" lon="-121.565213">
        <ele>1142.0</ele>
        <time>2019-05-27T12:04:34Z</time>
      </trkpt>
      <trkpt lat="48.896535" lon="-121.565127">
        <ele>1148.7</ele>
        <time>2019-05-27T12:04:48Z</time>
      </trkpt>
      <trkpt lat="48.896532" lon="-121.565087">
        <ele>1147.3</ele>
        <time>2019-05-27T12:04:55Z</time>
      </trkpt>
      <trkpt lat="48.896456" lon="-121.564946">
        <ele>1156.1</ele>
        <time>2019-05-27T12:05:31Z</time>
      </trkpt>
      <trkpt lat="48.896414" lon="-121.564943">
        <ele>1157.8</ele>
        <time>2019-05-27T12:05:39Z</time>
      </trkpt>
      <trkpt lat="48.896376" lon="-121.564917">
        <ele>1158.6</ele>
        <time>2019-05-27T12:05:41Z</time>
      </trkpt>
      <trkpt lat="48.896366" lon="-121.564882">
        <ele>1157.8</ele>
        <time>2019-05-27T12:05:44Z</time>
      </trkpt>
      <trkpt lat="48.896378" lon="-121.564771">
        <ele>1160.2</ele>
        <time>2019-05-27T12:05:55Z</time>
      </trkpt>
      <trkpt lat="48.896363" lon="-121.564649">
        <ele>1155.4</ele>
        <time>2019-05-27T12:06:09Z</time>
      </trkpt>
      <trkpt lat="48.896367" lon="-121.564639">
        <ele>1155.7</ele>
        <time>2019-05-27T12:06:10Z</time>
      </trkpt>
      <trkpt lat="48.896361" lon="-121.564498">
        <ele>1157.2</ele>
        <time>2019-05-27T12:06:21Z</time>
      </trkpt>
      <trkpt lat="48.89634" lon="-121.564485">
        <ele>1160.1</ele>
        <time>2019-05-27T12:06:34Z</time>
      </trkpt>
      <trkpt lat="48.896352" lon="-121.564409">
        <ele>1162.7</ele>
        <time>2019-05-27T12:06:37Z</time>
      </trkpt>
      <trkpt lat="48.896356" lon="-121.564403">
        <ele>1162.6</ele>
        <time>2019-05-27T12:06:38Z</time>
      </trkpt>
      <trkpt lat="48.89638" lon="-121.56429">
        <ele>1164.6</ele>
        <time>2019-05-27T12:06:48Z</time>
      </trkpt>
      <trkpt lat="48.896378" lon="-121.564228">
        <ele>1162.8</ele>
        <time>2019-05-27T12:06:51Z</time>
      </trkpt>
      <trkpt lat="48.8964" lon="-121.564151">
        <ele>1163.6</ele>
        <time>2019-05-27T12:06:55Z</time>
      </trkpt>
      <trkpt lat="48.896408" lon="-121.564079">
        <ele>1160.8</ele>
        <time>2019-05-27T12:06:59Z</time>
      </trkpt>
      <trkpt lat="48.896377" lon="-121.563989">
        <ele>1160.8</ele>
        <time>2019-05-27T12:07:05Z</time>
      </trkpt>
      <trkpt lat="48.896366" lon="-121.563877">
        <ele>1159.7</ele>
        <time>2019-05-27T12:07:10Z</time>
      </trkpt>
      <trkpt lat="48.89636" lon="-121.563856">
        <ele>1158.5</ele>
        <time>2019-05-27T12:07:11Z</time>
      </trkpt>
      <trkpt lat="48.896322" lon="-121.563775">
        <ele>1160.9</ele>
        <time>2019-05-27T12:07:17Z</time>
      </trkpt>
      <trkpt lat="48.896309" lon="-121.563687">
        <ele>1158.2</ele>
        <time>2019-05-27T12:07:23Z</time>
      </trkpt>
      <trkpt lat="48.896266" lon="-121.563626">
        <ele>1161.1</ele>
        <time>2019-05-27T12:07:27Z</time>
      </trkpt>
      <trkpt lat="48.896252" lon="-121.56356">
        <ele>1161.2</ele>
        <time>2019-05-27T12:07:32Z</time>
      </trkpt>
      <trkpt lat="48.896278" lon="-121.563463">
        <ele>1163.8</ele>
        <time>2019-05-27T12:07:37Z</time>
      </trkpt>
      <trkpt lat="48.896264" lon="-121.563417">
        <ele>1166.7</ele>
        <time>2019-05-27T12:07:40Z</time>
      </trkpt>
      <trkpt lat="48.896226" lon="-121.563354">
        <ele>1171.5</ele>
        <time>2019-05-27T12:07:47Z</time>
      </trkpt>
      <trkpt lat="48.896219" lon="-121.563321">
        <ele>1168.4</ele>
        <time>2019-05-27T12:07:49Z</time>
      </trkpt>
      <trkpt lat="48.896223" lon="-121.563188">
        <ele>1168.7</ele>
        <time>2019-05-27T12:07:57Z</time>
      </trkpt>
      <trkpt lat="48.896219" lon="-121.563173">
        <ele>1168.2</ele>
        <time>2019-05-27T12:07:58Z</time>
      </trkpt>
      <trkpt lat="48.896192" lon="-121.563022">
        <ele>1169.1</ele>
        <time>2019-05-27T12:08:08Z</time>
      </trkpt>
      <trkpt lat="48.896194" lon="-121.562966">
        <ele>1168.8</ele>
        <time>2019-05-27T12:08:11Z</time>
      </trkpt>
      <trkpt lat="48.896218" lon="-121.562914">
        <ele>1166.2</ele>
        <time>2019-05-27T12:08:14Z</time>
      </trkpt>
      <trkpt lat="48.896161" lon="-121.562759">
        <ele>1165.9</ele>
        <time>2019-05-27T12:08:22Z</time>
      </trkpt>
      <trkpt lat="48.896153" lon="-121.562685">
        <ele>1164.2</ele>
        <time>2019-05-27T12:08:25Z</time>
      </trkpt>
      <trkpt lat="48.896095" lon="-121.562467">
        <ele>1167.0</ele>
        <time>2019-05-27T12:08:36Z</time>
      </trkpt>
      <trkpt lat="48.896043" lon="-121.56238">
        <ele>1167.2</ele>
        <time>2019-05-27T12:08:42Z</time>
      </trkpt>
      <trkpt lat="48.896047" lon="-121.562347">
        <ele>1166.4</ele>
        <time>2019-05-27T12:08:44Z</time>
      </trkpt>
      <trkpt lat="48.896074" lon="-121.562287">
        <ele>1165.8</ele>
        <time>2019-05-27T12:08:47Z</time>
      </trkpt>
      <trkpt lat="48.896075" lon="-121.562233">
        <ele>1167.5</ele>
        <time>2019-05-27T12:08:49Z</time>
      </trkpt>
      <trkpt lat="48.896074" lon="-121.562015">
        <ele>1167.3</ele>
        <time>2019-05-27T12:09:00Z</time>
      </trkpt>
      <trkpt lat="48.896052" lon="-121.561811">
        <ele>1167.2</ele>
        <time>2019-05-27T12:09:14Z</time>
      </trkpt>
      <trkpt lat="48.896042" lon="-121.561781">
        <ele>1167.7</ele>
        <time>2019-05-27T12:09:18Z</time>
      </trkpt>
      <trkpt lat="48.896016" lon="-121.561769">
        <ele>1169.6</ele>
        <time>2019-05-27T12:09:20Z</time>
      </trkpt>
      <trkpt lat="48.895952" lon="-121.56175">
        <ele>1168.9</ele>
        <time>2019-05-27T12:09:25Z</time>
      </trkpt>
      <trkpt lat="48.895886" lon="-121.561654">
        <ele>1171.6</ele>
        <time>2019-05-27T12:09:32Z</time>
      </trkpt>
      <trkpt lat="48.895874" lon="-121.561641">
        <ele>1172.0</ele>
        <time>2019-05-27T12:09:33Z</time>
      </trkpt>
      <trkpt lat="48.895776" lon="-121.561487">
        <ele>1173.4</ele>
        <time>2019-05-27T12:09:42Z</time>
      </trkpt>
      <trkpt lat="48.895743" lon="-121.561416">
        <ele>1172.6</ele>
        <time>2019-05-27T12:09:46Z</time>
      </trkpt>
      <trkpt lat="48.895708" lon="-121.561391">
        <ele>1175.8</ele>
        <time>2019-05-27T12:09:49Z</time>
      </trkpt>
      <trkpt lat="48.895684" lon="-121.561345">
        <ele>1176.8</ele>
        <time>2019-05-27T12:09:52Z</time>
      </trkpt>
      <trkpt lat="48.895686" lon="-121.561306">
        <ele>1176.7</ele>
        <time>2019-05-27T12:09:56Z</time>
      </trkpt>
      <trkpt lat="48.895703" lon="-121.561278">
        <ele>1177.1</ele>
        <time>2019-05-27T12:09:58Z</time>
      </trkpt>
      <trkpt lat="48.895685" lon="-121.561213">
        <ele>1176.9</ele>
        <time>2019-05-27T12:10:03Z</time>
      </trkpt>
      <trkpt lat="48.89566" lon="-121.561015">
        <ele>1174.5</ele>
        <time>2019-05-27T12:10:15Z</time>
      </trkpt>
      <trkpt lat="48.895679" lon="-121.560969">
        <ele>1175.8</ele>
        <time>2019-05-27T12:10:19Z</time>
      </trkpt>
      <trkpt lat="48.895729" lon="-121.560945">
        <ele>1184.2</ele>
        <time>2019-05-27T12:11:31Z</time>
      </trkpt>
      <trkpt lat="48.895743" lon="-121.560871">
        <ele>1179.8</ele>
        <time>2019-05-27T12:11:58Z</time>
      </trkpt>
      <trkpt lat="48.895698" lon="-121.560753">
        <ele>1182.1</ele>
        <time>2019-05-27T12:12:37Z</time>
      </trkpt>
      <trkpt lat="48.895706" lon="-121.560718">
        <ele>1183.7</ele>
        <time>2019-05-27T12:12:39Z</time>
      </trkpt>
      <trkpt lat="48.895692" lon="-121.560602">
        <ele>1183.4</ele>
        <time>2019-05-27T12:12:45Z</time>
      </trkpt>
      <trkpt lat="48.895672" lon="-121.560571">
        <ele>1184.2</ele>
        <time>2019-05-27T12:12:50Z</time>
      </trkpt>
      <trkpt lat="48.89566" lon="-121.560477">
        <ele>1188.0</ele>
        <time>2019-05-27T12:13:00Z</time>
      </trkpt>
      <trkpt lat="48.895668" lon="-121.560409">
        <ele>1185.1</ele>
        <time>2019-05-27T12:13:04Z</time>
      </trkpt>
      <trkpt lat="48.895648" lon="-121.560322">
        <ele>1181.3</ele>
        <time>2019-05-27T12:13:08Z</time>
      </trkpt>
      <trkpt lat="48.895649" lon="-121.560296">
        <ele>1181.3</ele>
        <time>2019-05-27T12:13:09Z</time>
      </trkpt>
      <trkpt lat="48.895659" lon="-121.56023">
        <ele>1182.8</ele>
        <time>2019-05-27T12:13:12Z</time>
      </trkpt>
      <trkpt lat="48.895645" lon="-121.560151">
        <ele>1185.4</ele>
        <time>2019-05-27T12:13:16Z</time>
      </trkpt>
      <trkpt lat="48.895587" lon="-121.560019">
        <ele>1182.7</ele>
        <time>2019-05-27T12:13:31Z</time>
      </trkpt>
      <trkpt lat="48.895596" lon="-121.559968">
        <ele>1181.0</ele>
        <time>2019-05-27T12:13:37Z</time>
      </trkpt>
      <trkpt lat="48.895558" lon="-121.559872">
        <ele>1181.3</ele>
        <time>2019-05-27T12:13:44Z</time>
      </trkpt>
      <trkpt lat="48.895553" lon="-121.559796">
        <ele>1177.3</ele>
        <time>2019-05-27T12:13:48Z</time>
      </trkpt>
      <trkpt lat="48.89554" lon="-121.559755">
        <ele>1175.4</ele>
        <time>2019-05-27T12:13:51Z</time>
      </trkpt>
      <trkpt lat="48.895542" lon="-121.559745">
        <ele>1174.2</ele>
        <time>2019-05-27T12:13:52Z</time>
      </trkpt>
      <trkpt lat="48.895489" lon="-121.55964">
        <ele>1171.3</ele>
        <time>2019-05-27T12:14:02Z</time>
      </trkpt>
      <trkpt lat="48.895465" lon="-121.559558">
        <ele>1170.8</ele>
        <time>2019-05-27T12:14:07Z</time>
      </trkpt>
      <trkpt lat="48.895376" lon="-121.559367">
        <ele>1174.3</ele>
        <time>2019-05-27T12:14:19Z</time>
      </trkpt>
      <trkpt lat="48.89532" lon="-121.559194">
        <ele>1175.9</ele>
        <time>2019-05-27T12:14:28Z</time>
      </trkpt>
      <trkpt lat="48.895277" lon="-121.559142">
        <ele>1177.2</ele>
        <time>2019-05-27T12:14:31Z</time>
      </trkpt>
      <trkpt lat="48.89524" lon="-121.559104">
        <ele>1178.0</ele>
        <time>2019-05-27T12:14:34Z</time>
      </trkpt>
      <trkpt lat="48.895212" lon="-121.559101">
        <ele>1180.0</ele>
        <time>2019-05-27T12:14:34Z</time>
      </trkpt>
      <trkpt lat="48.895199" lon="-121.559066">
        <ele>1177.9</ele>
        <time>2019-05-27T12:14:37Z</time>
      </trkpt>
      <trkpt lat="48.895197" lon="-121.558967">
        <ele>1175.3</ele>
        <time>2019-05-27T12:14:44Z</time>
      </trkpt>
      <trkpt lat="48.895177" lon="-121.558908">
        <ele>1178.0</ele>
        <time>2019-05-27T12:14:49Z</time>
      </trkpt>
      <trkpt lat="48.895161" lon="-121.558874">
        <ele>1178.0</ele>
        <time>2019-05-27T12:14:52Z</time>
      </trkpt>
      <trkpt lat="48.895111" lon="-121.558811">
        <ele>1178.0</ele>
        <time>2019-05-27T12:15:00Z</time>
      </trkpt>
      <trkpt lat="48.895098" lon="-121.5587">
        <ele>1175.9</ele>
        <time>2019-05-27T12:15:08Z</time>
      </trkpt>
      <trkpt lat="48.895104" lon="-121.558624">
        <ele>1176.7</ele>
        <time>2019-05-27T12:15:12Z</time>
      </trkpt>
      <trkpt lat="48.895027" lon="-121.558465">
        <ele>1176.5</ele>
        <time>2019-05-27T12:15:26Z</time>
      </trkpt>
      <trkpt lat="48.894991" lon="-121.558394">
        <ele>1176.8</ele>
        <time>2019-05-27T12:15:34Z</time>
      </trkpt>
      <trkpt lat="48.894973" lon="-121.55838">
        <ele>1177.2</ele>
        <time>2019-05-27T12:15:34Z</time>
      </trkpt>
      <trkpt lat="48.894952" lon="-121.558327">
        <ele>1178.1</ele>
        <time>2019-05-27T12:15:40Z</time>
      </trkpt>
      <trkpt lat="48.894934" lon="-121.558308">
        <ele>1178.3</ele>
        <time>2019-05-27T12:15:42Z</time>
      </trkpt>
      <trkpt lat="48.894897" lon="-121.558295">
        <ele>1178.1</ele>
        <time>2019-05-27T12:15:45Z</time>
      </trkpt>
      <trkpt lat="48.894878" lon="-121.558273">
        <ele>1176.4</ele>
        <time>2019-05-27T12:15:48Z</time>
      </trkpt>
      <trkpt lat="48.894842" lon="-121.558252">
        <ele>1174.4</ele>
        <time>2019-05-27T12:15:53Z</time>
      </trkpt>
      <trkpt lat="48.894775" lon="-121.558147">
        <ele>1178.6</ele>
        <time>2019-05-27T12:15:59Z</time>
      </trkpt>
      <trkpt lat="48.894727" lon="-121.558103">
        <ele>1178.4</ele>
        <time>2019-05-27T12:16:03Z</time>
      </trkpt>
      <trkpt lat="48.894689" lon="-121.557989">
        <ele>1177.9</ele>
        <time>2019-05-27T12:16:10Z</time>
      </trkpt>
      <trkpt lat="48.894681" lon="-121.557972">
        <ele>1176.7</ele>
        <time>2019-05-27T12:16:11Z</time>
      </trkpt>
      <trkpt lat="48.894631" lon="-121.557811">
        <ele>1175.7</ele>
        <time>2019-05-27T12:16:21Z</time>
      </trkpt>
      <trkpt lat="48.894579" lon="-121.55774">
        <ele>1176.5</ele>
        <time>2019-05-27T12:16:26Z</time>
      </trkpt>
      <trkpt lat="48.894519" lon="-121.557672">
        <ele>1178.1</ele>
        <time>2019-05-27T12:16:32Z</time>
      </trkpt>
      <trkpt lat="48.894447" lon="-121.557629">
        <ele>1176.2</ele>
        <time>2019-05-27T12:16:37Z</time>
      </trkpt>
      <trkpt lat="48.894441" lon="-121.557622">
        <ele>1176.3</ele>
        <time>2019-05-27T12:16:38Z</time>
      </trkpt>
      <trkpt lat="48.894427" lon="-121.557573">
        <ele>1175.6</ele>
        <time>2019-05-27T12:16:42Z</time>
      </trkpt>
      <trkpt lat="48.894351" lon="-121.557439">
        <ele>1177.5</ele>
        <time>2019-05-27T12:16:52Z</time>
      </trkpt>
      <trkpt lat="48.89434" lon="-121.557399">
        <ele>1177.2</ele>
        <time>2019-05-27T12:16:57Z</time>
      </trkpt>
      <trkpt lat="48.894319" lon="-121.557364">
        <ele>1175.3</ele>
        <time>2019-05-27T12:17:01Z</time>
      </trkpt>
      <trkpt lat="48.894281" lon="-121.557339">
        <ele>1175.2</ele>
        <time>2019-05-27T12:17:05Z</time>
      </trkpt>
      <trkpt lat="48.894264" lon="-121.557316">
        <ele>1173.4</ele>
        <time>2019-05-27T12:17:07Z</time>
      </trkpt>
      <trkpt lat="48.894217" lon="-121.557216">
        <ele>1173.5</ele>
        <time>2019-05-27T12:17:12Z</time>
      </trkpt>
      <trkpt lat="48.894209" lon="-121.557192">
        <ele>1174.3</ele>
        <time>2019-05-27T12:17:13Z</time>
      </trkpt>
      <trkpt lat="48.894191" lon="-121.55711">
        <ele>1174.9</ele>
        <time>2019-05-27T12:17:18Z</time>
      </trkpt>
      <trkpt lat="48.894146" lon="-121.557049">
        <ele>1175.6</ele>
        <time>2019-05-27T12:17:23Z</time>
      </trkpt>
      <trkpt lat="48.894129" lon="-121.556966">
        <ele>1175.2</ele>
        <time>2019-05-27T12:17:28Z</time>
      </trkpt>
      <trkpt lat="48.894121" lon="-121.556949">
        <ele>1175.5</ele>
        <time>2019-05-27T12:17:29Z</time>
      </trkpt>
      <trkpt lat="48.894074" lon="-121.55688">
        <ele>1172.8</ele>
        <time>2019-05-27T12:17:34Z</time>
      </trkpt>
      <trkpt lat="48.894021" lon="-121.556762">
        <ele>1171.4</ele>
        <time>2019-05-27T12:17:41Z</time>
      </trkpt>
      <trkpt lat="48.893984" lon="-121.556723">
        <ele>1171.2</ele>
        <time>2019-05-27T12:17:45Z</time>
      </trkpt>
      <trkpt lat="48.893921" lon="-121.556571">
        <ele>1170.0</ele>
        <time>2019-05-27T12:17:52Z</time>
      </trkpt>
      <trkpt lat="48.893877" lon="-121.55649">
        <ele>1172.0</ele>
        <time>2019-05-27T12:17:57Z</time>
      </trkpt>
      <trkpt lat="48.893867" lon="-121.55643">
        <ele>1172.5</ele>
        <time>2019-05-27T12:18:01Z</time>
      </trkpt>
      <trkpt lat="48.893828" lon="-121.556321">
        <ele>1175.6</ele>
        <time>2019-05-27T12:18:06Z</time>
      </trkpt>
      <trkpt lat="48.893768" lon="-121.556227">
        <ele>1178.0</ele>
        <time>2019-05-27T12:18:11Z</time>
      </trkpt>
      <trkpt lat="48.893745" lon="-121.556072">
        <ele>1181.8</ele>
        <time>2019-05-27T12:18:20Z</time>
      </trkpt>
      <trkpt lat="48.893692" lon="-121.555935">
        <ele>1183.4</ele>
        <time>2019-05-27T12:18:29Z</time>
      </trkpt>
      <trkpt lat="48.893638" lon="-121.555879">
        <ele>1184.0</ele>
        <time>2019-05-27T12:18:33Z</time>
      </trkpt>
      <trkpt lat="48.893577" lon="-121.55586">
        <ele>1184.5</ele>
        <time>2019-05-27T12:18:39Z</time>
      </trkpt>
      <trkpt lat="48.893554" lon="-121.555842">
        <ele>1180.8</ele>
        <time>2019-05-27T12:18:43Z</time>
      </trkpt>
      <trkpt lat="48.893487" lon="-121.555708">
        <ele>1173.9</ele>
        <time>2019-05-27T12:18:53Z</time>
      </trkpt>
      <trkpt lat="48.893483" lon="-121.555694">
        <ele>1172.5</ele>
        <time>2019-05-27T12:18:54Z</time>
      </trkpt>
      <trkpt lat="48.893433" lon="-121.555597">
        <ele>1169.4</ele>
        <time>2019-05-27T12:18:59Z</time>
      </trkpt>
      <trkpt lat="48.893408" lon="-121.555469">
        <ele>1170.5</ele>
        <time>2019-05-27T12:19:04Z</time>
      </trkpt>
      <trkpt lat="48.893389" lon="-121.55541">
        <ele>1171.3</ele>
        <time>2019-05-27T12:19:07Z</time>
      </trkpt>
      <trkpt lat="48.893393" lon="-121.555301">
        <ele>1177.2</ele>
        <time>2019-05-27T12:19:13Z</time>
      </trkpt>
      <trkpt lat="48.893371" lon="-121.555248">
        <ele>1176.9</ele>
        <time>2019-05-27T12:19:16Z</time>
      </trkpt>
      <trkpt lat="48.893367" lon="-121.555204">
        <ele>1178.5</ele>
        <time>2019-05-27T12:19:19Z</time>
      </trkpt>
      <trkpt lat="48.893352" lon="-121.555132">
        <ele>1178.6</ele>
        <time>2019-05-27T12:19:23Z</time>
      </trkpt>
      <trkpt lat="48.893362" lon="-121.555037">
        <ele>1180.3</ele>
        <time>2019-05-27T12:19:29Z</time>
      </trkpt>
      <trkpt lat="48.893302" lon="-121.554953">
        <ele>1180.8</ele>
        <time>2019-05-27T12:19:38Z</time>
      </trkpt>
      <trkpt lat="48.893297" lon="-121.554941">
        <ele>1179.4</ele>
        <time>2019-05-27T12:19:39Z</time>
      </trkpt>
      <trkpt lat="48.893281" lon="-121.55486">
        <ele>1182.6</ele>
        <time>2019-05-27T12:19:44Z</time>
      </trkpt>
      <trkpt lat="48.893322" lon="-121.554743">
        <ele>1191.2</ele>
        <time>2019-05-27T12:20:23Z</time>
      </trkpt>
      <trkpt lat="48.893296" lon="-121.554696">
        <ele>1192.6</ele>
        <time>2019-05-27T12:20:27Z</time>
      </trkpt>
      <trkpt lat="48.893281" lon="-121.554602">
        <ele>1191.8</ele>
        <time>2019-05-27T12:20:34Z</time>
      </trkpt>
      <trkpt lat="48.893267" lon="-121.554574">
        <ele>1190.6</ele>
        <time>2019-05-27T12:20:37Z</time>
      </trkpt>
      <trkpt lat="48.893161" lon="-121.554516">
        <ele>1194.0</ele>
        <time>2019-05-27T12:20:45Z</time>
      </trkpt>
      <trkpt lat="48.893069" lon="-121.55441">
        <ele>1193.3</ele>
        <time>2019-05-27T12:20:54Z</time>
      </trkpt>
      <trkpt lat="48.893042" lon="-121.554371">
        <ele>1195.0</ele>
        <time>2019-05-27T12:20:57Z</time>
      </trkpt>
      <trkpt lat="48.892977" lon="-121.554339">
        <ele>1200.1</ele>
        <time>2019-05-27T12:21:01Z</time>
      </trkpt>
      <trkpt lat="48.892923" lon="-121.554287">
        <ele>1202.6</ele>
        <time>2019-05-27T12:21:06Z</time>
      </trkpt>
      <trkpt lat="48.892914" lon="-121.554267">
        <ele>1202.5</ele>
        <time>2019-05-27T12:21:08Z</time>
      </trkpt>
      <trkpt lat="48.892868" lon="-121.554248">
        <ele>1209.5</ele>
        <time>2019-05-27T12:21:14Z</time>
      </trkpt>
      <trkpt lat="48.892847" lon="-121.554225">
        <ele>1204.1</ele>
        <time>2019-05-27T12:21:16Z</time>
      </trkpt>
      <trkpt lat="48.892835" lon="-121.554159">
        <ele>1199.2</ele>
        <time>2019-05-27T12:21:20Z</time>
      </trkpt>
      <trkpt lat="48.892807" lon="-121.554084">
        <ele>1191.4</ele>
        <time>2019-05-27T12:21:25Z</time>
      </trkpt>
      <trkpt lat="48.892768" lon="-121.553906">
        <ele>1186.3</ele>
        <time>2019-05-27T12:21:35Z</time>
      </trkpt>
      <trkpt lat="48.892731" lon="-121.553801">
        <ele>1186.9</ele>
        <time>2019-05-27T12:21:41Z</time>
      </trkpt>
      <trkpt lat="48.89272" lon="-121.553783">
        <ele>1188.1</ele>
        <time>2019-05-27T12:21:42Z</time>
      </trkpt>
      <trkpt lat="48.892682" lon="-121.553647">
        <ele>1188.8</ele>
        <time>2019-05-27T12:21:53Z</time>
      </trkpt>
      <trkpt lat="48.892619" lon="-121.55356">
        <ele>1188.9</ele>
        <time>2019-05-27T12:21:58Z</time>
      </trkpt>
      <trkpt lat="48.892509" lon="-121.553396">
        <ele>1196.4</ele>
        <time>2019-05-27T12:22:07Z</time>
      </trkpt>
      <trkpt lat="48.892493" lon="-121.553353">
        <ele>1196.2</ele>
        <time>2019-05-27T12:22:09Z</time>
      </trkpt>
      <trkpt lat="48.892453" lon="-121.553279">
        <ele>1194.6</ele>
        <time>2019-05-27T12:22:13Z</time>
      </trkpt>
      <trkpt lat="48.892355" lon="-121.553169">
        <ele>1198.3</ele>
        <time>2019-05-27T12:22:20Z</time>
      </trkpt>
      <trkpt lat="48.892345" lon="-121.553135">
        <ele>1199.0</ele>
        <time>2019-05-27T12:22:21Z</time>
      </trkpt>
      <trkpt lat="48.892301" lon="-121.553018">
        <ele>1194.5</ele>
        <time>2019-05-27T12:22:27Z</time>
      </trkpt>
      <trkpt lat="48.892297" lon="-121.552968">
        <ele>1194.7</ele>
        <time>2019-05-27T12:22:30Z</time>
      </trkpt>
      <trkpt lat="48.892278" lon="-121.552946">
        <ele>1195.6</ele>
        <time>2019-05-27T12:22:31Z</time>
      </trkpt>
      <trkpt lat="48.892239" lon="-121.552937">
        <ele>1197.8</ele>
        <time>2019-05-27T12:22:34Z</time>
      </trkpt>
      <trkpt lat="48.892232" lon="-121.55296">
        <ele>1197.7</ele>
        <time>2019-05-27T12:22:34Z</time>
      </trkpt>
      <trkpt lat="48.89216" lon="-121.552912">
        <ele>1196.2</ele>
        <time>2019-05-27T12:22:41Z</time>
      </trkpt>
      <trkpt lat="48.892088" lon="-121.55291">
        <ele>1196.9</ele>
        <time>2019-05-27T12:22:46Z</time>
      </trkpt>
      <trkpt lat="48.89206" lon="-121.552884">
        <ele>1196.3</ele>
        <time>2019-05-27T12:22:48Z</time>
      </trkpt>
      <trkpt lat="48.892027" lon="-121.552777">
        <ele>1195.8</ele>
        <time>2019-05-27T12:22:55Z</time>
      </trkpt>
      <trkpt lat="48.89201" lon="-121.552749">
        <ele>1195.8</ele>
        <time>2019-05-27T12:22:57Z</time>
      </trkpt>
      <trkpt lat="48.891993" lon="-121.552742">
        <ele>1197.6</ele>
        <time>2019-05-27T12:22:58Z</time>
      </trkpt>
      <trkpt lat="48.891981" lon="-121.55269">
        <ele>1195.4</ele>
        <time>2019-05-27T12:23:02Z</time>
      </trkpt>
      <trkpt lat="48.891987" lon="-121.552665">
        <ele>1196.2</ele>
        <time>2019-05-27T12:23:03Z</time>
      </trkpt>
      <trkpt lat="48.891981" lon="-121.552616">
        <ele>1197.1</ele>
        <time>2019-05-27T12:23:11Z</time>
      </trkpt>
      <trkpt lat="48.891993" lon="-121.552544">
        <ele>1191.9</ele>
        <time>2019-05-27T12:23:17Z</time>
      </trkpt>
      <trkpt lat="48.891949" lon="-121.552545">
        <ele>1192.9</ele>
        <time>2019-05-27T12:23:27Z</time>
      </trkpt>
      <trkpt lat="48.891907" lon="-121.552489">
        <ele>1196.2</ele>
        <time>2019-05-27T12:23:33Z</time>
      </trkpt>
      <trkpt lat="48.891881" lon="-121.552479">
        <ele>1197.8</ele>
        <time>2019-05-27T12:23:34Z</time>
      </trkpt>
      <trkpt lat="48.891863" lon="-121.552454">
        <ele>1196.8</ele>
        <time>2019-05-27T12:23:40Z</time>
      </trkpt>
      <trkpt lat="48.891857" lon="-121.552427">
        <ele>1194.3</ele>
        <time>2019-05-27T12:23:43Z</time>
      </trkpt>
      <trkpt lat="48.891799" lon="-121.552375">
        <ele>1192.8</ele>
        <time>2019-05-27T12:23:48Z</time>
      </trkpt>
      <trkpt lat="48.891778" lon="-121.552303">
        <ele>1190.1</ele>
        <time>2019-05-27T12:23:52Z</time>
      </trkpt>
      <trkpt lat="48.891763" lon="-121.552269">
        <ele>1196.6</ele>
        <time>2019-05-27T12:23:56Z</time>
      </trkpt>
      <trkpt lat="48.891737" lon="-121.552263">
        <ele>1199.2</ele>
        <time>2019-05-27T12:23:58Z</time>
      </trkpt>
      <trkpt lat="48.89172" lon="-121.552246">
        <ele>1198.2</ele>
        <time>2019-05-27T12:24:00Z</time>
      </trkpt>
      <trkpt lat="48.891676" lon="-121.552143">
        <ele>1195.6</ele>
        <time>2019-05-27T12:24:07Z</time>
      </trkpt>
      <trkpt lat="48.891673" lon="-121.552071">
        <ele>1198.7</ele>
        <time>2019-05-27T12:24:11Z</time>
      </trkpt>
      <trkpt lat="48.891628" lon="-121.552019">
        <ele>1203.4</ele>
        <time>2019-05-27T12:24:16Z</time>
      </trkpt>
      <trkpt lat="48.891621" lon="-121.551981">
        <ele>1205.5</ele>
        <time>2019-05-27T12:24:24Z</time>
      </trkpt>
      <trkpt lat="48.891556" lon="-121.551963">
        <ele>1207.5</ele>
        <time>2019-05-27T12:24:28Z</time>
      </trkpt>
      <trkpt lat="48.891547" lon="-121.55195">
        <ele>1208.9</ele>
        <time>2019-05-27T12:24:29Z</time>
      </trkpt>
      <trkpt lat="48.891503" lon="-121.551858">
        <ele>1211.7</ele>
        <time>2019-05-27T12:24:34Z</time>
      </trkpt>
      <trkpt lat="48.891484" lon="-121.551845">
        <ele>1210.1</ele>
        <time>2019-05-27T12:24:37Z</time>
      </trkpt>
      <trkpt lat="48.891473" lon="-121.551778">
        <ele>1208.5</ele>
        <time>2019-05-27T12:24:41Z</time>
      </trkpt>
      <trkpt lat="48.89145" lon="-121.551742">
        <ele>1211.3</ele>
        <time>2019-05-27T12:24:43Z</time>
      </trkpt>
      <trkpt lat="48.891438" lon="-121.551733">
        <ele>1212.5</ele>
        <time>2019-05-27T12:24:44Z</time>
      </trkpt>
      <trkpt lat="48.891438" lon="-121.551692">
        <ele>1210.2</ele>
        <time>2019-05-27T12:24:50Z</time>
      </trkpt>
      <trkpt lat="48.891363" lon="-121.55153">
        <ele>1217.1</ele>
        <time>2019-05-27T12:25:02Z</time>
      </trkpt>
      <trkpt lat="48.891354" lon="-121.551476">
        <ele>1215.8</ele>
        <time>2019-05-27T12:25:05Z</time>
      </trkpt>
      <trkpt lat="48.891338" lon="-121.551445">
        <ele>1215.8</ele>
        <time>2019-05-27T12:25:08Z</time>
      </trkpt>
      <trkpt lat="48.89129" lon="-121.551436">
        <ele>1216.0</ele>
        <time>2019-05-27T12:25:12Z</time>
      </trkpt>
      <trkpt lat="48.891212" lon="-121.551349">
        <ele>1212.3</ele>
        <time>2019-05-27T12:25:20Z</time>
      </trkpt>
      <trkpt lat="48.8912" lon="-121.551318">
        <ele>1211.3</ele>
        <time>2019-05-27T12:25:23Z</time>
      </trkpt>
      <trkpt lat="48.8912" lon="-121.551261">
        <ele>1210.4</ele>
        <time>2019-05-27T12:25:26Z</time>
      </trkpt>
      <trkpt lat="48.89118" lon="-121.551181">
        <ele>1210.8</ele>
        <time>2019-05-27T12:25:31Z</time>
      </trkpt>
      <trkpt lat="48.891173" lon="-121.551167">
        <ele>1208.9</ele>
        <time>2019-05-27T12:25:32Z</time>
      </trkpt>
      <trkpt lat="48.891134" lon="-121.551118">
        <ele>1207.4</ele>
        <time>2019-05-27T12:25:36Z</time>
      </trkpt>
      <trkpt lat="48.891121" lon="-121.551085">
        <ele>1206.2</ele>
        <time>2019-05-27T12:25:39Z</time>
      </trkpt>
      <trkpt lat="48.891086" lon="-121.551051">
        <ele>1206.9</ele>
        <time>2019-05-27T12:25:42Z</time>
      </trkpt>
      <trkpt lat="48.891051" lon="-121.550982">
        <ele>1207.7</ele>
        <time>2019-05-27T12:25:48Z</time>
      </trkpt>
      <trkpt lat="48.890996" lon="-121.550859">
        <ele>1206.7</ele>
        <time>2019-05-27T12:25:56Z</time>
      </trkpt>
      <trkpt lat="48.890975" lon="-121.550837">
        <ele>1208.5</ele>
        <time>2019-05-27T12:25:59Z</time>
      </trkpt>
      <trkpt lat="48.890962" lon="-121.550754">
        <ele>1209.9</ele>
        <time>2019-05-27T12:26:14Z</time>
      </trkpt>
      <trkpt lat="48.890957" lon="-121.550746">
        <ele>1210.5</ele>
        <time>2019-05-27T12:26:15Z</time>
      </trkpt>
      <trkpt lat="48.890926" lon="-121.550643">
        <ele>1212.6</ele>
        <time>2019-05-27T12:26:27Z</time>
      </trkpt>
      <trkpt lat="48.890944" lon="-121.550583">
        <ele>1215.0</ele>
        <time>2019-05-27T12:26:33Z</time>
      </trkpt>
      <trkpt lat="48.8909" lon="-121.55053">
        <ele>1217.9</ele>
        <time>2019-05-27T12:26:37Z</time>
      </trkpt>
      <trkpt lat="48.890829" lon="-121.550432">
        <ele>1223.9</ele>
        <time>2019-05-27T12:26:44Z</time>
      </trkpt>
      <trkpt lat="48.890777" lon="-121.550398">
        <ele>1225.4</ele>
        <time>2019-05-27T12:26:47Z</time>
      </trkpt>
      <trkpt lat="48.890761" lon="-121.550393">
        <ele>1225.1</ele>
        <time>2019-05-27T12:26:48Z</time>
      </trkpt>
      <trkpt lat="48.890706" lon="-121.550356">
        <ele>1225.3</ele>
        <time>2019-05-27T12:26:51Z</time>
      </trkpt>
      <trkpt lat="48.890626" lon="-121.550323">
        <ele>1228.6</ele>
        <time>2019-05-27T12:26:56Z</time>
      </trkpt>
      <trkpt lat="48.890588" lon="-121.550235">
        <ele>1224.1</ele>
        <time>2019-05-27T12:26:59Z</time>
      </trkpt>
      <trkpt lat="48.890564" lon="-121.550208">
        <ele>1223.2</ele>
        <time>2019-05-27T12:27:02Z</time>
      </trkpt>
      <trkpt lat="48.890498" lon="-121.550029">
        <ele>1221.4</ele>
        <time>2019-05-27T12:27:14Z</time>
      </trkpt>
      <trkpt lat="48.890497" lon="-121.550012">
        <ele>1221.7</ele>
        <time>2019-05-27T12:27:15Z</time>
      </trkpt>
      <trkpt lat="48.89046" lon="-121.549902">
        <ele>1220.1</ele>
        <time>2019-05-27T12:27:22Z</time>
      </trkpt>
      <trkpt lat="48.890429" lon="-121.549892">
        <ele>1216.8</ele>
        <time>2019-05-27T12:27:24Z</time>
      </trkpt>
      <trkpt lat="48.890391" lon="-121.549901">
        <ele>1215.9</ele>
        <time>2019-05-27T12:27:26Z</time>
      </trkpt>
      <trkpt lat="48.890353" lon="-121.549872">
        <ele>1220.5</ele>
        <time>2019-05-27T12:27:30Z</time>
      </trkpt>
      <trkpt lat="48.890286" lon="-121.54987">
        <ele>1226.2</ele>
        <time>2019-05-27T12:27:34Z</time>
      </trkpt>
      <trkpt lat="48.890267" lon="-121.549889">
        <ele>1226.5</ele>
        <time>2019-05-27T12:27:36Z</time>
      </trkpt>
      <trkpt lat="48.89019" lon="-121.549868">
        <ele>1224.7</ele>
        <time>2019-05-27T12:27:42Z</time>
      </trkpt>
      <trkpt lat="48.890131" lon="-121.549808">
        <ele>1221.1</ele>
        <time>2019-05-27T12:27:46Z</time>
      </trkpt>
      <trkpt lat="48.890111" lon="-121.549747">
        <ele>1220.3</ele>
        <time>2019-05-27T12:27:50Z</time>
      </trkpt>
      <trkpt lat="48.89012" lon="-121.54967">
        <ele>1220.9</ele>
        <time>2019-05-27T12:27:53Z</time>
      </trkpt>
      <trkpt lat="48.890128" lon="-121.549641">
        <ele>1221.3</ele>
        <time>2019-05-27T12:27:55Z</time>
      </trkpt>
      <trkpt lat="48.89009" lon="-121.549611">
        <ele>1222.3</ele>
        <time>2019-05-27T12:28:00Z</time>
      </trkpt>
      <trkpt lat="48.890083" lon="-121.549576">
        <ele>1221.6</ele>
        <time>2019-05-27T12:28:09Z</time>
      </trkpt>
      <trkpt lat="48.890022" lon="-121.549493">
        <ele>1222.3</ele>
        <time>2019-05-27T12:28:15Z</time>
      </trkpt>
      <trkpt lat="48.890018" lon="-121.549453">
        <ele>1223.3</ele>
        <time>2019-05-27T12:28:17Z</time>
      </trkpt>
      <trkpt lat="48.889964" lon="-121.549403">
        <ele>1222.6</ele>
        <time>2019-05-27T12:28:23Z</time>
      </trkpt>
      <trkpt lat="48.889956" lon="-121.549365">
        <ele>1220.8</ele>
        <time>2019-05-27T12:28:28Z</time>
      </trkpt>
      <trkpt lat="48.889931" lon="-121.549335">
        <ele>1217.9</ele>
        <time>2019-05-27T12:28:30Z</time>
      </trkpt>
      <trkpt lat="48.8899" lon="-121.54926">
        <ele>1217.4</ele>
        <time>2019-05-27T12:28:34Z</time>
      </trkpt>
      <trkpt lat="48.889906" lon="-121.549209">
        <ele>1216.8</ele>
        <time>2019-05-27T12:28:34Z</time>
      </trkpt>
      <trkpt lat="48.889871" lon="-121.549123">
        <ele>1220.2</ele>
        <time>2019-05-27T12:28:41Z</time>
      </trkpt>
      <trkpt lat="48.889866" lon="-121.54909">
        <ele>1215.3</ele>
        <time>2019-05-27T12:28:44Z</time>
      </trkpt>
      <trkpt lat="48.889845" lon="-121.549078">
        <ele>1213.8</ele>
        <time>2019-05-27T12:28:46Z</time>
      </trkpt>
      <trkpt lat="48.88979" lon="-121.549076">
        <ele>1214.7</ele>
        <time>2019-05-27T12:28:50Z</time>
      </trkpt>
      <trkpt lat="48.889781" lon="-121.549068">
        <ele>1215.5</ele>
        <time>2019-05-27T12:28:51Z</time>
      </trkpt>
      <trkpt lat="48.889733" lon="-121.548965">
        <ele>1219.8</ele>
        <time>2019-05-27T12:29:03Z</time>
      </trkpt>
      <trkpt lat="48.889704" lon="-121.548946">
        <ele>1221.6</ele>
        <time>2019-05-27T12:29:06Z</time>
      </trkpt>
      <trkpt lat="48.889636" lon="-121.548962">
        <ele>1224.7</ele>
        <time>2019-05-27T12:29:10Z</time>
      </trkpt>
      <trkpt lat="48.889575" lon="-121.548944">
        <ele>1227.9</ele>
        <time>2019-05-27T12:29:15Z</time>
      </trkpt>
      <trkpt lat="48.889548" lon="-121.548898">
        <ele>1229.7</ele>
        <time>2019-05-27T12:29:22Z</time>
      </trkpt>
      <trkpt lat="48.889492" lon="-121.548881">
        <ele>1231.9</ele>
        <time>2019-05-27T12:29:24Z</time>
      </trkpt>
      <trkpt lat="48.889465" lon="-121.548848">
        <ele>1228.7</ele>
        <time>2019-05-27T12:29:26Z</time>
      </trkpt>
      <trkpt lat="48.889436" lon="-121.548793">
        <ele>1232.1</ele>
        <time>2019-05-27T12:29:29Z</time>
      </trkpt>
      <trkpt lat="48.889416" lon="-121.548779">
        <ele>1235.3</ele>
        <time>2019-05-27T12:29:31Z</time>
      </trkpt>
      <trkpt lat="48.889382" lon="-121.548791">
        <ele>1233.0</ele>
        <time>2019-05-27T12:29:34Z</time>
      </trkpt>
      <trkpt lat="48.889352" lon="-121.548845">
        <ele>1231.7</ele>
        <time>2019-05-27T12:29:37Z</time>
      </trkpt>
      <trkpt lat="48.889302" lon="-121.548855">
        <ele>1236.7</ele>
        <time>2019-05-27T12:29:41Z</time>
      </trkpt>
      <trkpt lat="48.889257" lon="-121.548848">
        <ele>1237.1</ele>
        <time>2019-05-27T12:29:43Z</time>
      </trkpt>
      <trkpt lat="48.889173" lon="-121.548797">
        <ele>1234.9</ele>
        <time>2019-05-27T12:29:48Z</time>
      </trkpt>
      <trkpt lat="48.889147" lon="-121.548771">
        <ele>1234.3</ele>
        <time>2019-05-27T12:29:50Z</time>
      </trkpt>
      <trkpt lat="48.889087" lon="-121.548721">
        <ele>1232.5</ele>
        <time>2019-05-27T12:29:56Z</time>
      </trkpt>
      <trkpt lat="48.889003" lon="-121.54862">
        <ele>1228.4</ele>
        <time>2019-05-27T12:30:04Z</time>
      </trkpt>
      <trkpt lat="48.888994" lon="-121.548605">
        <ele>1226.6</ele>
        <time>2019-05-27T12:30:05Z</time>
      </trkpt>
      <trkpt lat="48.888968" lon="-121.548513">
        <ele>1226.6</ele>
        <time>2019-05-27T12:30:09Z</time>
      </trkpt>
      <trkpt lat="48.888913" lon="-121.548407">
        <ele>1221.4</ele>
        <time>2019-05-27T12:30:17Z</time>
      </trkpt>
      <trkpt lat="48.888885" lon="-121.548383">
        <ele>1221.8</ele>
        <time>2019-05-27T12:30:21Z</time>
      </trkpt>
      <trkpt lat="48.888844" lon="-121.548278">
        <ele>1216.4</ele>
        <time>2019-05-27T12:30:29Z</time>
      </trkpt>
      <trkpt lat="48.888799" lon="-121.548233">
        <ele>1217.6</ele>
        <time>2019-05-27T12:30:41Z</time>
      </trkpt>
      <trkpt lat="48.888643" lon="-121.548062">
        <ele>1221.1</ele>
        <time>2019-05-27T12:30:57Z</time>
      </trkpt>
      <trkpt lat="48.888563" lon="-121.547939">
        <ele>1223.5</ele>
        <time>2019-05-27T12:31:08Z</time>
      </trkpt>
      <trkpt lat="48.888516" lon="-121.547883">
        <ele>1224.1</ele>
        <time>2019-05-27T12:31:15Z</time>
      </trkpt>
      <trkpt lat="48.88846" lon="-121.547839">
        <ele>1225.8</ele>
        <time>2019-05-27T12:31:21Z</time>
      </trkpt>
      <trkpt lat="48.888448" lon="-121.547768">
        <ele>1221.7</ele>
        <time>2019-05-27T12:31:27Z</time>
      </trkpt>
      <trkpt lat="48.888413" lon="-121.547706">
        <ele>1221.2</ele>
        <time>2019-05-27T12:31:31Z</time>
      </trkpt>
      <trkpt lat="48.88837" lon="-121.547636">
        <ele>1219.8</ele>
        <time>2019-05-27T12:31:34Z</time>
      </trkpt>
      <trkpt lat="48.888354" lon="-121.547628">
        <ele>1220.0</ele>
        <time>2019-05-27T12:31:37Z</time>
      </trkpt>
      <trkpt lat="48.888358" lon="-121.547597">
        <ele>1228.7</ele>
        <time>2019-05-27T12:31:53Z</time>
      </trkpt>
      <trkpt lat="48.888297" lon="-121.547521">
        <ele>1228.6</ele>
        <time>2019-05-27T12:31:58Z</time>
      </trkpt>
      <trkpt lat="48.888288" lon="-121.547499">
        <ele>1228.7</ele>
        <time>2019-05-27T12:31:59Z</time>
      </trkpt>
      <trkpt lat="48.888235" lon="-121.547409">
        <ele>1231.2</ele>
        <time>2019-05-27T12:32:04Z</time>
      </trkpt>
      <trkpt lat="48.888231" lon="-121.54733">
        <ele>1229.1</ele>
        <time>2019-05-27T12:32:09Z</time>
      </trkpt>
      <trkpt lat="48.888214" lon="-121.547306">
        <ele>1229.4</ele>
        <time>2019-05-27T12:32:11Z</time>
      </trkpt>
      <trkpt lat="48.88817" lon="-121.547285">
        <ele>1229.9</ele>
        <time>2019-05-27T12:32:15Z</time>
      </trkpt>
      <trkpt lat="48.888136" lon="-121.547251">
        <ele>1229.8</ele>
        <time>2019-05-27T12:32:19Z</time>
      </trkpt>
      <trkpt lat="48.888077" lon="-121.547097">
        <ele>1228.9</ele>
        <time>2019-05-27T12:32:31Z</time>
      </trkpt>
      <trkpt lat="48.888048" lon="-121.547065">
        <ele>1230.3</ele>
        <time>2019-05-27T12:32:34Z</time>
      </trkpt>
      <trkpt lat="48.88797" lon="-121.54692">
        <ele>1232.4</ele>
        <time>2019-05-27T12:32:46Z</time>
      </trkpt>
      <trkpt lat="48.88797" lon="-121.546867">
        <ele>1233.4</ele>
        <time>2019-05-27T12:32:50Z</time>
      </trkpt>
      <trkpt lat="48.88796" lon="-121.546815">
        <ele>1233.4</ele>
        <time>2019-05-27T12:32:56Z</time>
      </trkpt>
      <trkpt lat="48.887987" lon="-121.546752">
        <ele>1233.3</ele>
        <time>2019-05-27T12:33:08Z</time>
      </trkpt>
      <trkpt lat="48.887968" lon="-121.546726">
        <ele>1235.0</ele>
        <time>2019-05-27T12:33:32Z</time>
      </trkpt>
      <trkpt lat="48.887972" lon="-121.546689">
        <ele>1236.4</ele>
        <time>2019-05-27T12:33:38Z</time>
      </trkpt>
      <trkpt lat="48.887954" lon="-121.546659">
        <ele>1239.1</ele>
        <time>2019-05-27T12:33:49Z</time>
      </trkpt>
      <trkpt lat="48.887916" lon="-121.546653">
        <ele>1242.4</ele>
        <time>2019-05-27T12:33:53Z</time>
      </trkpt>
      <trkpt lat="48.887903" lon="-121.546658">
        <ele>1241.5</ele>
        <time>2019-05-27T12:33:54Z</time>
      </trkpt>
      <trkpt lat="48.88787" lon="-121.546654">
        <ele>1242.8</ele>
        <time>2019-05-27T12:33:57Z</time>
      </trkpt>
      <trkpt lat="48.887814" lon="-121.54661">
        <ele>1242.6</ele>
        <time>2019-05-27T12:34:01Z</time>
      </trkpt>
      <trkpt lat="48.887769" lon="-121.546602">
        <ele>1240.4</ele>
        <time>2019-05-27T12:34:04Z</time>
      </trkpt>
      <trkpt lat="48.887743" lon="-121.54658">
        <ele>1241.8</ele>
        <time>2019-05-27T12:34:08Z</time>
      </trkpt>
      <trkpt lat="48.887718" lon="-121.546488">
        <ele>1241.4</ele>
        <time>2019-05-27T12:34:16Z</time>
      </trkpt>
      <trkpt lat="48.887693" lon="-121.546481">
        <ele>1244.2</ele>
        <time>2019-05-27T12:34:19Z</time>
      </trkpt>
      <trkpt lat="48.887556" lon="-121.546381">
        <ele>1246.4</ele>
        <time>2019-05-27T12:34:39Z</time>
      </trkpt>
      <trkpt lat="48.887513" lon="-121.546362">
        <ele>1246.5</ele>
        <time>2019-05-27T12:34:43Z</time>
      </trkpt>
      <trkpt lat="48.887461" lon="-121.546315">
        <ele>1245.3</ele>
        <time>2019-05-27T12:34:47Z</time>
      </trkpt>
      <trkpt lat="48.887369" lon="-121.546217">
        <ele>1245.0</ele>
        <time>2019-05-27T12:35:00Z</time>
      </trkpt>
      <trkpt lat="48.88734" lon="-121.546135">
        <ele>1244.1</ele>
        <time>2019-05-27T12:35:07Z</time>
      </trkpt>
      <trkpt lat="48.887318" lon="-121.546107">
        <ele>1246.1</ele>
        <time>2019-05-27T12:35:12Z</time>
      </trkpt>
      <trkpt lat="48.887309" lon="-121.546041">
        <ele>1247.7</ele>
        <time>2019-05-27T12:35:23Z</time>
      </trkpt>
      <trkpt lat="48.887298" lon="-121.54602">
        <ele>1246.9</ele>
        <time>2019-05-27T12:35:27Z</time>
      </trkpt>
      <trkpt lat="48.887236" lon="-121.545971">
        <ele>1254.6</ele>
        <time>2019-05-27T12:35:34Z</time>
      </trkpt>
      <trkpt lat="48.88725" lon="-121.545968">
        <ele>1252.6</ele>
        <time>2019-05-27T12:35:34Z</time>
      </trkpt>
      <trkpt lat="48.887222" lon="-121.545929">
        <ele>1251.0</ele>
        <time>2019-05-27T12:35:39Z</time>
      </trkpt>
      <trkpt lat="48.887214" lon="-121.545854">
        <ele>1252.0</ele>
        <time>2019-05-27T12:35:43Z</time>
      </trkpt>
      <trkpt lat="48.887188" lon="-121.545798">
        <ele>1251.9</ele>
        <time>2019-05-27T12:35:46Z</time>
      </trkpt>
      <trkpt lat="48.887169" lon="-121.545749">
        <ele>1252.0</ele>
        <time>2019-05-27T12:35:50Z</time>
      </trkpt>
      <trkpt lat="48.88717" lon="-121.545625">
        <ele>1253.4</ele>
        <time>2019-05-27T12:35:57Z</time>
      </trkpt>
      <trkpt lat="48.887115" lon="-121.545547">
        <ele>1257.7</ele>
        <time>2019-05-27T12:36:03Z</time>
      </trkpt>
      <trkpt lat="48.887067" lon="-121.545522">
        <ele>1258.4</ele>
        <time>2019-05-27T12:36:08Z</time>
      </trkpt>
      <trkpt lat="48.887053" lon="-121.545494">
        <ele>1256.7</ele>
        <time>2019-05-27T12:36:13Z</time>
      </trkpt>
      <trkpt lat="48.886991" lon="-121.545464">
        <ele>1260.3</ele>
        <time>2019-05-27T12:36:19Z</time>
      </trkpt>
      <trkpt lat="48.886932" lon="-121.545378">
        <ele>1258.7</ele>
        <time>2019-05-27T12:36:34Z</time>
      </trkpt>
      <trkpt lat="48.88694" lon="-121.545346">
        <ele>1256.5</ele>
        <time>2019-05-27T12:36:34Z</time>
      </trkpt>
      <trkpt lat="48.886895" lon="-121.545237">
        <ele>1256.8</ele>
        <time>2019-05-27T12:36:46Z</time>
      </trkpt>
      <trkpt lat="48.886828" lon="-121.545152">
        <ele>1260.7</ele>
        <time>2019-05-27T12:36:59Z</time>
      </trkpt>
      <trkpt lat="48.88682" lon="-121.545115">
        <ele>1265.5</ele>
        <time>2019-05-27T12:37:02Z</time>
      </trkpt>
      <trkpt lat="48.886785" lon="-121.545078">
        <ele>1269.4</ele>
        <time>2019-05-27T12:37:07Z</time>
      </trkpt>
      <trkpt lat="48.886729" lon="-121.545072">
        <ele>1271.4</ele>
        <time>2019-05-27T12:37:11Z</time>
      </trkpt>
      <trkpt lat="48.88669" lon="-121.545012">
        <ele>1267.7</ele>
        <time>2019-05-27T12:37:17Z</time>
      </trkpt>
      <trkpt lat="48.886643" lon="-121.544973">
        <ele>1273.7</ele>
        <time>2019-05-27T12:37:22Z</time>
      </trkpt>
      <trkpt lat="48.886594" lon="-121.54496">
        <ele>1274.7</ele>
        <time>2019-05-27T12:37:27Z</time>
      </trkpt>
      <trkpt lat="48.886581" lon="-121.544961">
        <ele>1274.3</ele>
        <time>2019-05-27T12:37:28Z</time>
      </trkpt>
      <trkpt lat="48.886555" lon="-121.54494">
        <ele>1276.0</ele>
        <time>2019-05-27T12:37:32Z</time>
      </trkpt>
      <trkpt lat="48.886556" lon="-121.544905">
        <ele>1275.3</ele>
        <time>2019-05-27T12:37:37Z</time>
      </trkpt>
      <trkpt lat="48.886541" lon="-121.544852">
        <ele>1276.7</ele>
        <time>2019-05-27T12:37:40Z</time>
      </trkpt>
      <trkpt lat="48.886483" lon="-121.544816">
        <ele>1274.5</ele>
        <time>2019-05-27T12:37:45Z</time>
      </trkpt>
      <trkpt lat="48.886423" lon="-121.544732">
        <ele>1276.2</ele>
        <time>2019-05-27T12:37:56Z</time>
      </trkpt>
      <trkpt lat="48.886371" lon="-121.544682">
        <ele>1278.0</ele>
        <time>2019-05-27T12:38:04Z</time>
      </trkpt>
      <trkpt lat="48.886379" lon="-121.544637">
        <ele>1274.7</ele>
        <time>2019-05-27T12:38:10Z</time>
      </trkpt>
      <trkpt lat="48.886352" lon="-121.544573">
        <ele>1276.5</ele>
        <time>2019-05-27T12:38:18Z</time>
      </trkpt>
      <trkpt lat="48.88634" lon="-121.544478">
        <ele>1273.6</ele>
        <time>2019-05-27T12:38:32Z</time>
      </trkpt>
      <trkpt lat="48.886314" lon="-121.544474">
        <ele>1277.5</ele>
        <time>2019-05-27T12:39:34Z</time>
      </trkpt>
      <trkpt lat="48.886265" lon="-121.544439">
        <ele>1280.3</ele>
        <time>2019-05-27T12:40:57Z</time>
      </trkpt>
      <trkpt lat="48.886248" lon="-121.54445">
        <ele>1277.8</ele>
        <time>2019-05-27T12:41:30Z</time>
      </trkpt>
      <trkpt lat="48.886238" lon="-121.544413">
        <ele>1279.3</ele>
        <time>2019-05-27T12:41:45Z</time>
      </trkpt>
      <trkpt lat="48.886186" lon="-121.544415">
        <ele>1282.4</ele>
        <time>2019-05-27T12:42:05Z</time>
      </trkpt>
      <trkpt lat="48.886122" lon="-121.544468">
        <ele>1284.4</ele>
        <time>2019-05-27T12:42:09Z</time>
      </trkpt>
      <trkpt lat="48.886096" lon="-121.544433">
        <ele>1294.7</ele>
        <time>2019-05-27T12:51:56Z</time>
      </trkpt>
      <trkpt lat="48.886071" lon="-121.544419">
        <ele>1294.6</ele>
        <time>2019-05-27T12:51:58Z</time>
      </trkpt>
      <trkpt lat="48.886057" lon="-121.54434">
        <ele>1293.9</ele>
        <time>2019-05-27T12:52:04Z</time>
      </trkpt>
      <trkpt lat="48.885984" lon="-121.544271">
        <ele>1295.9</ele>
        <time>2019-05-27T12:52:15Z</time>
      </trkpt>
      <trkpt lat="48.885964" lon="-121.544155">
        <ele>1298.4</ele>
        <time>2019-05-27T12:52:21Z</time>
      </trkpt>
      <trkpt lat="48.885907" lon="-121.544051">
        <ele>1296.6</ele>
        <time>2019-05-27T12:52:31Z</time>
      </trkpt>
      <trkpt lat="48.885882" lon="-121.544049">
        <ele>1294.3</ele>
        <time>2019-05-27T12:52:33Z</time>
      </trkpt>
      <trkpt lat="48.885819" lon="-121.543948">
        <ele>1291.2</ele>
        <time>2019-05-27T12:52:51Z</time>
      </trkpt>
      <trkpt lat="48.885782" lon="-121.543952">
        <ele>1291.8</ele>
        <time>2019-05-27T12:52:54Z</time>
      </trkpt>
      <trkpt lat="48.885763" lon="-121.543939">
        <ele>1292.3</ele>
        <time>2019-05-27T12:52:56Z</time>
      </trkpt>
      <trkpt lat="48.885709" lon="-121.543844">
        <ele>1295.1</ele>
        <time>2019-05-27T12:53:05Z</time>
      </trkpt>
      <trkpt lat="48.885702" lon="-121.543824">
        <ele>1294.9</ele>
        <time>2019-05-27T12:53:07Z</time>
      </trkpt>
      <trkpt lat="48.885651" lon="-121.54379">
        <ele>1298.6</ele>
        <time>2019-05-27T12:53:12Z</time>
      </trkpt>
      <trkpt lat="48.88561" lon="-121.543778">
        <ele>1299.0</ele>
        <time>2019-05-27T12:53:18Z</time>
      </trkpt>
      <trkpt lat="48.885557" lon="-121.543748">
        <ele>1299.0</ele>
        <time>2019-05-27T12:53:26Z</time>
      </trkpt>
      <trkpt lat="48.885504" lon="-121.543701">
        <ele>1299.0</ele>
        <time>2019-05-27T12:53:34Z</time>
      </trkpt>
      <trkpt lat="48.885461" lon="-121.543715">
        <ele>1299.7</ele>
        <time>2019-05-27T12:53:38Z</time>
      </trkpt>
      <trkpt lat="48.885439" lon="-121.543713">
        <ele>1300.8</ele>
        <time>2019-05-27T12:53:39Z</time>
      </trkpt>
      <trkpt lat="48.885386" lon="-121.543671">
        <ele>1300.0</ele>
        <time>2019-05-27T12:53:44Z</time>
      </trkpt>
      <trkpt lat="48.885376" lon="-121.543657">
        <ele>1299.6</ele>
        <time>2019-05-27T12:53:45Z</time>
      </trkpt>
      <trkpt lat="48.885337" lon="-121.54362">
        <ele>1300.6</ele>
        <time>2019-05-27T12:53:48Z</time>
      </trkpt>
      <trkpt lat="48.885273" lon="-121.543605">
        <ele>1301.0</ele>
        <time>2019-05-27T12:53:51Z</time>
      </trkpt>
      <trkpt lat="48.885225" lon="-121.543575">
        <ele>1297.4</ele>
        <time>2019-05-27T12:53:54Z</time>
      </trkpt>
      <trkpt lat="48.885211" lon="-121.543534">
        <ele>1299.5</ele>
        <time>2019-05-27T12:53:58Z</time>
      </trkpt>
      <trkpt lat="48.885188" lon="-121.543515">
        <ele>1300.4</ele>
        <time>2019-05-27T12:54:01Z</time>
      </trkpt>
      <trkpt lat="48.885178" lon="-121.543485">
        <ele>1301.8</ele>
        <time>2019-05-27T12:54:04Z</time>
      </trkpt>
      <trkpt lat="48.885154" lon="-121.543471">
        <ele>1300.7</ele>
        <time>2019-05-27T12:54:07Z</time>
      </trkpt>
      <trkpt lat="48.885141" lon="-121.543437">
        <ele>1301.0</ele>
        <time>2019-05-27T12:54:11Z</time>
      </trkpt>
      <trkpt lat="48.885142" lon="-121.543399">
        <ele>1299.4</ele>
        <time>2019-05-27T12:54:13Z</time>
      </trkpt>
      <trkpt lat="48.885113" lon="-121.543387">
        <ele>1300.6</ele>
        <time>2019-05-27T12:54:17Z</time>
      </trkpt>
      <trkpt lat="48.885075" lon="-121.543357">
        <ele>1301.3</ele>
        <time>2019-05-27T12:54:23Z</time>
      </trkpt>
      <trkpt lat="48.885069" lon="-121.543332">
        <ele>1300.4</ele>
        <time>2019-05-27T12:54:25Z</time>
      </trkpt>
      <trkpt lat="48.885049" lon="-121.543315">
        <ele>1302.0</ele>
        <time>2019-05-27T12:54:29Z</time>
      </trkpt>
      <trkpt lat="48.885029" lon="-121.543315">
        <ele>1300.6</ele>
        <time>2019-05-27T12:54:31Z</time>
      </trkpt>
      <trkpt lat="48.884999" lon="-121.543356">
        <ele>1299.5</ele>
        <time>2019-05-27T12:54:34Z</time>
      </trkpt>
      <trkpt lat="48.88498" lon="-121.543307">
        <ele>1299.4</ele>
        <time>2019-05-27T12:54:39Z</time>
      </trkpt>
      <trkpt lat="48.884931" lon="-121.543279">
        <ele>1299.3</ele>
        <time>2019-05-27T12:54:46Z</time>
      </trkpt>
      <trkpt lat="48.884913" lon="-121.543281">
        <ele>1302.1</ele>
        <time>2019-05-27T12:54:48Z</time>
      </trkpt>
      <trkpt lat="48.884893" lon="-121.543257">
        <ele>1306.5</ele>
        <time>2019-05-27T12:54:51Z</time>
      </trkpt>
      <trkpt lat="48.884901" lon="-121.543218">
        <ele>1308.3</ele>
        <time>2019-05-27T12:54:53Z</time>
      </trkpt>
      <trkpt lat="48.88489" lon="-121.543187">
        <ele>1307.2</ele>
        <time>2019-05-27T12:54:56Z</time>
      </trkpt>
      <trkpt lat="48.884867" lon="-121.54316">
        <ele>1309.7</ele>
        <time>2019-05-27T12:55:00Z</time>
      </trkpt>
      <trkpt lat="48.88483" lon="-121.543134">
        <ele>1308.6</ele>
        <time>2019-05-27T12:55:05Z</time>
      </trkpt>
      <trkpt lat="48.88481" lon="-121.543083">
        <ele>1307.1</ele>
        <time>2019-05-27T12:55:09Z</time>
      </trkpt>
      <trkpt lat="48.884735" lon="-121.543039">
        <ele>1308.1</ele>
        <time>2019-05-27T12:55:14Z</time>
      </trkpt>
      <trkpt lat="48.884695" lon="-121.542992">
        <ele>1307.6</ele>
        <time>2019-05-27T12:55:19Z</time>
      </trkpt>
      <trkpt lat="48.884619" lon="-121.542972">
        <ele>1306.3</ele>
        <time>2019-05-27T12:55:28Z</time>
      </trkpt>
      <trkpt lat="48.884613" lon="-121.542948">
        <ele>1312.3</ele>
        <time>2019-05-27T12:55:34Z</time>
      </trkpt>
      <trkpt lat="48.884578" lon="-121.54299">
        <ele>1313.0</ele>
        <time>2019-05-27T12:55:37Z</time>
      </trkpt>
      <trkpt lat="48.884571" lon="-121.542986">
        <ele>1312.3</ele>
        <time>2019-05-27T12:55:38Z</time>
      </trkpt>
      <trkpt lat="48.884551" lon="-121.542949">
        <ele>1313.9</ele>
        <time>2019-05-27T12:55:41Z</time>
      </trkpt>
      <trkpt lat="48.88455" lon="-121.542871">
        <ele>1314.2</ele>
        <time>2019-05-27T12:55:46Z</time>
      </trkpt>
      <trkpt lat="48.884465" lon="-121.542799">
        <ele>1311.6</ele>
        <time>2019-05-27T12:55:55Z</time>
      </trkpt>
      <trkpt lat="48.884428" lon="-121.54276">
        <ele>1312.9</ele>
        <time>2019-05-27T12:55:59Z</time>
      </trkpt>
      <trkpt lat="48.884412" lon="-121.542697">
        <ele>1314.5</ele>
        <time>2019-05-27T12:56:04Z</time>
      </trkpt>
      <trkpt lat="48.884327" lon="-121.542624">
        <ele>1318.5</ele>
        <time>2019-05-27T12:56:16Z</time>
      </trkpt>
      <trkpt lat="48.884305" lon="-121.542559">
        <ele>1324.4</ele>
        <time>2019-05-27T12:56:22Z</time>
      </trkpt>
      <trkpt lat="48.884326" lon="-121.542534">
        <ele>1324.7</ele>
        <time>2019-05-27T12:56:25Z</time>
      </trkpt>
      <trkpt lat="48.884334" lon="-121.542495">
        <ele>1322.6</ele>
        <time>2019-05-27T12:56:33Z</time>
      </trkpt>
      <trkpt lat="48.884254" lon="-121.542478">
        <ele>1322.9</ele>
        <time>2019-05-27T12:56:48Z</time>
      </trkpt>
      <trkpt lat="48.88424" lon="-121.54247">
        <ele>1323.2</ele>
        <time>2019-05-27T12:56:49Z</time>
      </trkpt>
      <trkpt lat="48.884195" lon="-121.542409">
        <ele>1321.6</ele>
        <time>2019-05-27T12:56:54Z</time>
      </trkpt>
      <trkpt lat="48.884097" lon="-121.542363">
        <ele>1325.1</ele>
        <time>2019-05-27T12:56:59Z</time>
      </trkpt>
      <trkpt lat="48.88408" lon="-121.542358">
        <ele>1325.5</ele>
        <time>2019-05-27T12:57:00Z</time>
      </trkpt>
      <trkpt lat="48.884022" lon="-121.542324">
        <ele>1326.6</ele>
        <time>2019-05-27T12:57:06Z</time>
      </trkpt>
      <trkpt lat="48.883982" lon="-121.542248">
        <ele>1332.5</ele>
        <time>2019-05-27T12:57:15Z</time>
      </trkpt>
      <trkpt lat="48.883932" lon="-121.542237">
        <ele>1334.0</ele>
        <time>2019-05-27T12:57:23Z</time>
      </trkpt>
      <trkpt lat="48.883926" lon="-121.542224">
        <ele>1333.1</ele>
        <time>2019-05-27T12:57:25Z</time>
      </trkpt>
      <trkpt lat="48.883874" lon="-121.542141">
        <ele>1336.2</ele>
        <time>2019-05-27T12:57:33Z</time>
      </trkpt>
      <trkpt lat="48.883861" lon="-121.542128">
        <ele>1335.2</ele>
        <time>2019-05-27T12:57:34Z</time>
      </trkpt>
      <trkpt lat="48.883838" lon="-121.542138">
        <ele>1336.5</ele>
        <time>2019-05-27T12:57:34Z</time>
      </trkpt>
      <trkpt lat="48.883824" lon="-121.542109">
        <ele>1334.0</ele>
        <time>2019-05-27T12:57:44Z</time>
      </trkpt>
      <trkpt lat="48.883809" lon="-121.542101">
        <ele>1336.2</ele>
        <time>2019-05-27T12:57:45Z</time>
      </trkpt>
      <trkpt lat="48.883746" lon="-121.542032">
        <ele>1331.7</ele>
        <time>2019-05-27T12:57:52Z</time>
      </trkpt>
      <trkpt lat="48.883699" lon="-121.542032">
        <ele>1330.0</ele>
        <time>2019-05-27T12:57:55Z</time>
      </trkpt>
      <trkpt lat="48.883674" lon="-121.54202">
        <ele>1327.4</ele>
        <time>2019-05-27T12:57:58Z</time>
      </trkpt>
      <trkpt lat="48.883662" lon="-121.541995">
        <ele>1328.3</ele>
        <time>2019-05-27T12:58:00Z</time>
      </trkpt>
      <trkpt lat="48.883511" lon="-121.541975">
        <ele>1333.5</ele>
        <time>2019-05-27T12:58:10Z</time>
      </trkpt>
      <trkpt lat="48.883451" lon="-121.541932">
        <ele>1337.2</ele>
        <time>2019-05-27T12:58:17Z</time>
      </trkpt>
      <trkpt lat="48.883428" lon="-121.541879">
        <ele>1337.6</ele>
        <time>2019-05-27T12:58:23Z</time>
      </trkpt>
      <trkpt lat="48.883434" lon="-121.541782">
        <ele>1339.3</ele>
        <time>2019-05-27T12:58:28Z</time>
      </trkpt>
      <trkpt lat="48.883386" lon="-121.541739">
        <ele>1338.7</ele>
        <time>2019-05-27T12:58:33Z</time>
      </trkpt>
      <trkpt lat="48.883337" lon="-121.541726">
        <ele>1337.3</ele>
        <time>2019-05-27T12:58:34Z</time>
      </trkpt>
      <trkpt lat="48.883279" lon="-121.54168">
        <ele>1337.7</ele>
        <time>2019-05-27T12:58:39Z</time>
      </trkpt>
      <trkpt lat="48.883211" lon="-121.541656">
        <ele>1336.0</ele>
        <time>2019-05-27T12:58:43Z</time>
      </trkpt>
      <trkpt lat="48.883157" lon="-121.541675">
        <ele>1335.0</ele>
        <time>2019-05-27T12:58:48Z</time>
      </trkpt>
      <trkpt lat="48.883131" lon="-121.541622">
        <ele>1336.7</ele>
        <time>2019-05-27T12:58:56Z</time>
      </trkpt>
      <trkpt lat="48.88311" lon="-121.541603">
        <ele>1337.3</ele>
        <time>2019-05-27T12:58:58Z</time>
      </trkpt>
      <trkpt lat="48.88304" lon="-121.541579">
        <ele>1342.3</ele>
        <time>2019-05-27T12:59:03Z</time>
      </trkpt>
      <trkpt lat="48.88298" lon="-121.541537">
        <ele>1342.2</ele>
        <time>2019-05-27T12:59:08Z</time>
      </trkpt>
      <trkpt lat="48.882926" lon="-121.541474">
        <ele>1342.1</ele>
        <time>2019-05-27T12:59:18Z</time>
      </trkpt>
      <trkpt lat="48.882869" lon="-121.541458">
        <ele>1342.6</ele>
        <time>2019-05-27T12:59:25Z</time>
      </trkpt>
      <trkpt lat="48.882864" lon="-121.541448">
        <ele>1340.0</ele>
        <time>2019-05-27T12:59:26Z</time>
      </trkpt>
      <trkpt lat="48.882852" lon="-121.541386">
        <ele>1342.6</ele>
        <time>2019-05-27T12:59:29Z</time>
      </trkpt>
      <trkpt lat="48.882869" lon="-121.541354">
        <ele>1340.8</ele>
        <time>2019-05-27T12:59:32Z</time>
      </trkpt>
      <trkpt lat="48.882826" lon="-121.541331">
        <ele>1340.6</ele>
        <time>2019-05-27T12:59:40Z</time>
      </trkpt>
      <trkpt lat="48.882792" lon="-121.541225">
        <ele>1340.8</ele>
        <time>2019-05-27T12:59:46Z</time>
      </trkpt>
      <trkpt lat="48.882772" lon="-121.541206">
        <ele>1340.2</ele>
        <time>2019-05-27T12:59:48Z</time>
      </trkpt>
      <trkpt lat="48.88275" lon="-121.541217">
        <ele>1344.5</ele>
        <time>2019-05-27T12:59:52Z</time>
      </trkpt>
      <trkpt lat="48.88271" lon="-121.541217">
        <ele>1347.1</ele>
        <time>2019-05-27T12:59:56Z</time>
      </trkpt>
      <trkpt lat="48.882654" lon="-121.541177">
        <ele>1349.6</ele>
        <time>2019-05-27T13:00:05Z</time>
      </trkpt>
      <trkpt lat="48.882599" lon="-121.541167">
        <ele>1351.0</ele>
        <time>2019-05-27T13:00:10Z</time>
      </trkpt>
      <trkpt lat="48.882582" lon="-121.541154">
        <ele>1351.4</ele>
        <time>2019-05-27T13:00:13Z</time>
      </trkpt>
      <trkpt lat="48.882536" lon="-121.541159">
        <ele>1350.7</ele>
        <time>2019-05-27T13:00:15Z</time>
      </trkpt>
      <trkpt lat="48.882515" lon="-121.541135">
        <ele>1354.0</ele>
        <time>2019-05-27T13:00:21Z</time>
      </trkpt>
      <trkpt lat="48.882511" lon="-121.541101">
        <ele>1357.9</ele>
        <time>2019-05-27T13:00:28Z</time>
      </trkpt>
      <trkpt lat="48.882533" lon="-121.541083">
        <ele>1358.4</ele>
        <time>2019-05-27T13:00:33Z</time>
      </trkpt>
      <trkpt lat="48.882498" lon="-121.541009">
        <ele>1355.4</ele>
        <time>2019-05-27T13:00:42Z</time>
      </trkpt>
      <trkpt lat="48.882431" lon="-121.540954">
        <ele>1360.0</ele>
        <time>2019-05-27T13:00:48Z</time>
      </trkpt>
      <trkpt lat="48.882388" lon="-121.540896">
        <ele>1358.2</ele>
        <time>2019-05-27T13:00:53Z</time>
      </trkpt>
      <trkpt lat="48.882353" lon="-121.540875">
        <ele>1356.7</ele>
        <time>2019-05-27T13:00:55Z</time>
      </trkpt>
      <trkpt lat="48.882296" lon="-121.540829">
        <ele>1357.2</ele>
        <time>2019-05-27T13:00:59Z</time>
      </trkpt>
      <trkpt lat="48.882227" lon="-121.540839">
        <ele>1356.6</ele>
        <time>2019-05-27T13:01:02Z</time>
      </trkpt>
      <trkpt lat="48.882181" lon="-121.540813">
        <ele>1357.4</ele>
        <time>2019-05-27T13:01:05Z</time>
      </trkpt>
      <trkpt lat="48.882149" lon="-121.540774">
        <ele>1352.6</ele>
        <time>2019-05-27T13:01:09Z</time>
      </trkpt>
      <trkpt lat="48.882144" lon="-121.540746">
        <ele>1351.1</ele>
        <time>2019-05-27T13:01:11Z</time>
      </trkpt>
      <trkpt lat="48.88209" lon="-121.540669">
        <ele>1356.4</ele>
        <time>2019-05-27T13:01:19Z</time>
      </trkpt>
      <trkpt lat="48.882096" lon="-121.540631">
        <ele>1360.0</ele>
        <time>2019-05-27T13:01:24Z</time>
      </trkpt>
      <trkpt lat="48.88207" lon="-121.540615">
        <ele>1360.2</ele>
        <time>2019-05-27T13:01:26Z</time>
      </trkpt>
      <trkpt lat="48.882047" lon="-121.540585">
        <ele>1360.9</ele>
        <time>2019-05-27T13:01:28Z</time>
      </trkpt>
      <trkpt lat="48.882021" lon="-121.540575">
        <ele>1359.8</ele>
        <time>2019-05-27T13:01:30Z</time>
      </trkpt>
      <trkpt lat="48.881966" lon="-121.540515">
        <ele>1361.5</ele>
        <time>2019-05-27T13:01:49Z</time>
      </trkpt>
      <trkpt lat="48.881917" lon="-121.540511">
        <ele>1365.1</ele>
        <time>2019-05-27T13:01:51Z</time>
      </trkpt>
      <trkpt lat="48.881886" lon="-121.540498">
        <ele>1366.8</ele>
        <time>2019-05-27T13:01:53Z</time>
      </trkpt>
      <trkpt lat="48.881866" lon="-121.540483">
        <ele>1368.9</ele>
        <time>2019-05-27T13:01:54Z</time>
      </trkpt>
      <trkpt lat="48.881816" lon="-121.540458">
        <ele>1373.5</ele>
        <time>2019-05-27T13:01:57Z</time>
      </trkpt>
      <trkpt lat="48.881778" lon="-121.540409">
        <ele>1375.0</ele>
        <time>2019-05-27T13:02:02Z</time>
      </trkpt>
      <trkpt lat="48.881747" lon="-121.540406">
        <ele>1375.5</ele>
        <time>2019-05-27T13:02:04Z</time>
      </trkpt>
      <trkpt lat="48.881723" lon="-121.540352">
        <ele>1378.8</ele>
        <time>2019-05-27T13:02:09Z</time>
      </trkpt>
      <trkpt lat="48.88168" lon="-121.540302">
        <ele>1376.0</ele>
        <time>2019-05-27T13:02:15Z</time>
      </trkpt>
      <trkpt lat="48.881631" lon="-121.540304">
        <ele>1374.2</ele>
        <time>2019-05-27T13:02:20Z</time>
      </trkpt>
      <trkpt lat="48.881605" lon="-121.540262">
        <ele>1371.3</ele>
        <time>2019-05-27T13:02:24Z</time>
      </trkpt>
      <trkpt lat="48.881601" lon="-121.540221">
        <ele>1371.8</ele>
        <time>2019-05-27T13:02:27Z</time>
      </trkpt>
      <trkpt lat="48.881563" lon="-121.540197">
        <ele>1373.6</ele>
        <time>2019-05-27T13:02:31Z</time>
      </trkpt>
      <trkpt lat="48.88154" lon="-121.54016">
        <ele>1372.9</ele>
        <time>2019-05-27T13:02:34Z</time>
      </trkpt>
      <trkpt lat="48.881531" lon="-121.540135">
        <ele>1372.8</ele>
        <time>2019-05-27T13:02:34Z</time>
      </trkpt>
      <trkpt lat="48.88154" lon="-121.540105">
        <ele>1372.2</ele>
        <time>2019-05-27T13:02:36Z</time>
      </trkpt>
      <trkpt lat="48.881531" lon="-121.540069">
        <ele>1372.3</ele>
        <time>2019-05-27T13:02:39Z</time>
      </trkpt>
      <trkpt lat="48.881473" lon="-121.540045">
        <ele>1374.3</ele>
        <time>2019-05-27T13:02:44Z</time>
      </trkpt>
      <trkpt lat="48.881429" lon="-121.539999">
        <ele>1373.7</ele>
        <time>2019-05-27T13:02:50Z</time>
      </trkpt>
      <trkpt lat="48.881426" lon="-121.53993">
        <ele>1379.5</ele>
        <time>2019-05-27T13:02:58Z</time>
      </trkpt>
      <trkpt lat="48.88139" lon="-121.539894">
        <ele>1383.9</ele>
        <time>2019-05-27T13:03:01Z</time>
      </trkpt>
      <trkpt lat="48.881317" lon="-121.539862">
        <ele>1379.1</ele>
        <time>2019-05-27T13:03:07Z</time>
      </trkpt>
      <trkpt lat="48.881303" lon="-121.539829">
        <ele>1377.4</ele>
        <time>2019-05-27T13:03:10Z</time>
      </trkpt>
      <trkpt lat="48.881334" lon="-121.539773">
        <ele>1384.2</ele>
        <time>2019-05-27T13:03:28Z</time>
      </trkpt>
      <trkpt lat="48.881351" lon="-121.539788">
        <ele>1382.3</ele>
        <time>2019-05-27T13:03:52Z</time>
      </trkpt>
      <trkpt lat="48.881438" lon="-121.539821">
        <ele>1381.8</ele>
        <time>2019-05-27T13:03:57Z</time>
      </trkpt>
      <trkpt lat="48.881456" lon="-121.539823">
        <ele>1381.0</ele>
        <time>2019-05-27T13:03:58Z</time>
      </trkpt>
      <trkpt lat="48.881492" lon="-121.539815">
        <ele>1380.1</ele>
        <time>2019-05-27T13:04:06Z</time>
      </trkpt>
      <trkpt lat="48.881543" lon="-121.539783">
        <ele>1380.6</ele>
        <time>2019-05-27T13:04:10Z</time>
      </trkpt>
      <trkpt lat="48.881627" lon="-121.539785">
        <ele>1383.1</ele>
        <time>2019-05-27T13:04:20Z</time>
      </trkpt>
      <trkpt lat="48.881655" lon="-121.539817">
        <ele>1384.2</ele>
        <time>2019-05-27T13:04:24Z</time>
      </trkpt>
      <trkpt lat="48.881675" lon="-121.539884">
        <ele>1386.1</ele>
        <time>2019-05-27T13:04:32Z</time>
      </trkpt>
      <trkpt lat="48.881695" lon="-121.539903">
        <ele>1386.9</ele>
        <time>2019-05-27T13:04:34Z</time>
      </trkpt>
      <trkpt lat="48.881689" lon="-121.539922">
        <ele>1389.2</ele>
        <time>2019-05-27T13:04:34Z</time>
      </trkpt>
      <trkpt lat="48.881659" lon="-121.539931">
        <ele>1390.8</ele>
        <time>2019-05-27T13:04:36Z</time>
      </trkpt>
      <trkpt lat="48.881676" lon="-121.539974">
        <ele>1391.6</ele>
        <time>2019-05-27T13:04:39Z</time>
      </trkpt>
      <trkpt lat="48.881796" lon="-121.539971">
        <ele>1392.9</ele>
        <time>2019-05-27T13:04:54Z</time>
      </trkpt>
      <trkpt lat="48.881779" lon="-121.539875">
        <ele>1391.9</ele>
        <time>2019-05-27T13:05:03Z</time>
      </trkpt>
      <trkpt lat="48.881787" lon="-121.539836">
        <ele>1389.8</ele>
        <time>2019-05-27T13:05:06Z</time>
      </trkpt>
      <trkpt lat="48.881802" lon="-121.539818">
        <ele>1389.9</ele>
        <time>2019-05-27T13:05:08Z</time>
      </trkpt>
      <trkpt lat="48.88179" lon="-121.539715">
        <ele>1386.5</ele>
        <time>2019-05-27T13:05:17Z</time>
      </trkpt>
      <trkpt lat="48.881792" lon="-121.539626">
        <ele>1387.5</ele>
        <time>2019-05-27T13:05:24Z</time>
      </trkpt>
      <trkpt lat="48.881763" lon="-121.539597">
        <ele>1389.8</ele>
        <time>2019-05-27T13:05:27Z</time>
      </trkpt>
      <trkpt lat="48.881722" lon="-121.539582">
        <ele>1392.4</ele>
        <time>2019-05-27T13:05:31Z</time>
      </trkpt>
      <trkpt lat="48.881646" lon="-121.539575">
        <ele>1392.6</ele>
        <time>2019-05-27T13:05:34Z</time>
      </trkpt>
      <trkpt lat="48.881606" lon="-121.539509">
        <ele>1395.8</ele>
        <time>2019-05-27T13:05:41Z</time>
      </trkpt>
      <trkpt lat="48.881578" lon="-121.53948">
        <ele>1397.2</ele>
        <time>2019-05-27T13:05:43Z</time>
      </trkpt>
      <trkpt lat="48.881557" lon="-121.539391">
        <ele>1396.6</ele>
        <time>2019-05-27T13:05:50Z</time>
      </trkpt>
      <trkpt lat="48.881526" lon="-121.539358">
        <ele>1397.5</ele>
        <time>2019-05-27T13:05:55Z</time>
      </trkpt>
      <trkpt lat="48.881518" lon="-121.539314">
        <ele>1397.0</ele>
        <time>2019-05-27T13:05:58Z</time>
      </trkpt>
      <trkpt lat="48.881529" lon="-121.539128">
        <ele>1402.2</ele>
        <time>2019-05-27T13:06:22Z</time>
      </trkpt>
      <trkpt lat="48.881479" lon="-121.539071">
        <ele>1399.7</ele>
        <time>2019-05-27T13:06:27Z</time>
      </trkpt>
      <trkpt lat="48.881475" lon="-121.539058">
        <ele>1400.2</ele>
        <time>2019-05-27T13:06:28Z</time>
      </trkpt>
      <trkpt lat="48.881487" lon="-121.539011">
        <ele>1399.7</ele>
        <time>2019-05-27T13:06:32Z</time>
      </trkpt>
      <trkpt lat="48.881477" lon="-121.538976">
        <ele>1403.0</ele>
        <time>2019-05-27T13:06:38Z</time>
      </trkpt>
      <trkpt lat="48.881439" lon="-121.538928">
        <ele>1400.8</ele>
        <time>2019-05-27T13:06:45Z</time>
      </trkpt>
      <trkpt lat="48.881426" lon="-121.53883">
        <ele>1407.1</ele>
        <time>2019-05-27T13:06:53Z</time>
      </trkpt>
      <trkpt lat="48.8814" lon="-121.538834">
        <ele>1407.3</ele>
        <time>2019-05-27T13:06:55Z</time>
      </trkpt>
      <trkpt lat="48.881401" lon="-121.538801">
        <ele>1408.9</ele>
        <time>2019-05-27T13:07:11Z</time>
      </trkpt>
      <trkpt lat="48.881455" lon="-121.538707">
        <ele>1415.9</ele>
        <time>2019-05-27T13:07:21Z</time>
      </trkpt>
      <trkpt lat="48.881462" lon="-121.53863">
        <ele>1415.4</ele>
        <time>2019-05-27T13:07:26Z</time>
      </trkpt>
      <trkpt lat="48.881483" lon="-121.538579">
        <ele>1415.0</ele>
        <time>2019-05-27T13:07:29Z</time>
      </trkpt>
      <trkpt lat="48.88148" lon="-121.538543">
        <ele>1416.4</ele>
        <time>2019-05-27T13:07:31Z</time>
      </trkpt>
      <trkpt lat="48.881465" lon="-121.538522">
        <ele>1416.2</ele>
        <time>2019-05-27T13:07:33Z</time>
      </trkpt>
      <trkpt lat="48.881461" lon="-121.538483">
        <ele>1418.2</ele>
        <time>2019-05-27T13:07:34Z</time>
      </trkpt>
      <trkpt lat="48.881402" lon="-121.538426">
        <ele>1418.3</ele>
        <time>2019-05-27T13:07:49Z</time>
      </trkpt>
      <trkpt lat="48.881363" lon="-121.538408">
        <ele>1416.9</ele>
        <time>2019-05-27T13:07:53Z</time>
      </trkpt>
      <trkpt lat="48.881348" lon="-121.538378">
        <ele>1418.8</ele>
        <time>2019-05-27T13:07:55Z</time>
      </trkpt>
      <trkpt lat="48.881351" lon="-121.53834">
        <ele>1418.2</ele>
        <time>2019-05-27T13:07:58Z</time>
      </trkpt>
      <trkpt lat="48.881404" lon="-121.53824">
        <ele>1418.8</ele>
        <time>2019-05-27T13:08:04Z</time>
      </trkpt>
      <trkpt lat="48.881413" lon="-121.538157">
        <ele>1418.0</ele>
        <time>2019-05-27T13:08:14Z</time>
      </trkpt>
      <trkpt lat="48.881367" lon="-121.538082">
        <ele>1420.1</ele>
        <time>2019-05-27T13:08:22Z</time>
      </trkpt>
      <trkpt lat="48.881361" lon="-121.537996">
        <ele>1421.9</ele>
        <time>2019-05-27T13:08:31Z</time>
      </trkpt>
      <trkpt lat="48.881358" lon="-121.537989">
        <ele>1420.9</ele>
        <time>2019-05-27T13:08:32Z</time>
      </trkpt>
      <trkpt lat="48.881389" lon="-121.53791">
        <ele>1421.4</ele>
        <time>2019-05-27T13:08:36Z</time>
      </trkpt>
      <trkpt lat="48.881414" lon="-121.537898">
        <ele>1421.5</ele>
        <time>2019-05-27T13:08:40Z</time>
      </trkpt>
      <trkpt lat="48.881398" lon="-121.537877">
        <ele>1422.2</ele>
        <time>2019-05-27T13:08:43Z</time>
      </trkpt>
      <trkpt lat="48.881393" lon="-121.537806">
        <ele>1430.0</ele>
        <time>2019-05-27T13:08:53Z</time>
      </trkpt>
      <trkpt lat="48.88138" lon="-121.537766">
        <ele>1434.2</ele>
        <time>2019-05-27T13:09:11Z</time>
      </trkpt>
      <trkpt lat="48.881378" lon="-121.537744">
        <ele>1433.9</ele>
        <time>2019-05-27T13:09:12Z</time>
      </trkpt>
      <trkpt lat="48.881357" lon="-121.537639">
        <ele>1433.7</ele>
        <time>2019-05-27T13:09:20Z</time>
      </trkpt>
      <trkpt lat="48.881363" lon="-121.53757">
        <ele>1434.8</ele>
        <time>2019-05-27T13:09:25Z</time>
      </trkpt>
      <trkpt lat="48.881291" lon="-121.537452">
        <ele>1432.0</ele>
        <time>2019-05-27T13:09:49Z</time>
      </trkpt>
      <trkpt lat="48.88126" lon="-121.537427">
        <ele>1433.8</ele>
        <time>2019-05-27T13:09:51Z</time>
      </trkpt>
      <trkpt lat="48.881255" lon="-121.537409">
        <ele>1432.1</ele>
        <time>2019-05-27T13:09:52Z</time>
      </trkpt>
      <trkpt lat="48.881277" lon="-121.537363">
        <ele>1429.2</ele>
        <time>2019-05-27T13:09:54Z</time>
      </trkpt>
      <trkpt lat="48.881323" lon="-121.537325">
        <ele>1428.9</ele>
        <time>2019-05-27T13:09:56Z</time>
      </trkpt>
      <trkpt lat="48.881328" lon="-121.537313">
        <ele>1429.6</ele>
        <time>2019-05-27T13:09:57Z</time>
      </trkpt>
      <trkpt lat="48.881333" lon="-121.537265">
        <ele>1433.0</ele>
        <time>2019-05-27T13:10:10Z</time>
      </trkpt>
      <trkpt lat="48.881345" lon="-121.537253">
        <ele>1432.0</ele>
        <time>2019-05-27T13:10:11Z</time>
      </trkpt>
      <trkpt lat="48.881352" lon="-121.537224">
        <ele>1431.7</ele>
        <time>2019-05-27T13:10:13Z</time>
      </trkpt>
      <trkpt lat="48.881277" lon="-121.537115">
        <ele>1434.0</ele>
        <time>2019-05-27T13:10:20Z</time>
      </trkpt>
      <trkpt lat="48.881268" lon="-121.537092">
        <ele>1433.7</ele>
        <time>2019-05-27T13:10:21Z</time>
      </trkpt>
      <trkpt lat="48.881259" lon="-121.536974">
        <ele>1439.9</ele>
        <time>2019-05-27T13:10:28Z</time>
      </trkpt>
      <trkpt lat="48.881267" lon="-121.536942">
        <ele>1440.2</ele>
        <time>2019-05-27T13:10:32Z</time>
      </trkpt>
      <trkpt lat="48.881287" lon="-121.536947">
        <ele>1443.8</ele>
        <time>2019-05-27T13:10:34Z</time>
      </trkpt>
      <trkpt lat="48.881294" lon="-121.536795">
        <ele>1447.2</ele>
        <time>2019-05-27T13:10:47Z</time>
      </trkpt>
      <trkpt lat="48.881311" lon="-121.536768">
        <ele>1445.0</ele>
        <time>2019-05-27T13:10:51Z</time>
      </trkpt>
      <trkpt lat="48.881328" lon="-121.536705">
        <ele>1444.5</ele>
        <time>2019-05-27T13:10:59Z</time>
      </trkpt>
      <trkpt lat="48.881294" lon="-121.536664">
        <ele>1450.8</ele>
        <time>2019-05-27T13:11:07Z</time>
      </trkpt>
      <trkpt lat="48.881301" lon="-121.536611">
        <ele>1453.3</ele>
        <time>2019-05-27T13:11:13Z</time>
      </trkpt>
      <trkpt lat="48.881345" lon="-121.536566">
        <ele>1448.7</ele>
        <time>2019-05-27T13:11:25Z</time>
      </trkpt>
      <trkpt lat="48.881423" lon="-121.536561">
        <ele>1448.4</ele>
        <time>2019-05-27T13:11:42Z</time>
      </trkpt>
      <trkpt lat="48.881439" lon="-121.536534">
        <ele>1451.1</ele>
        <time>2019-05-27T13:11:48Z</time>
      </trkpt>
      <trkpt lat="48.881467" lon="-121.536531">
        <ele>1455.3</ele>
        <time>2019-05-27T13:11:58Z</time>
      </trkpt>
      <trkpt lat="48.881479" lon="-121.536496">
        <ele>1452.1</ele>
        <time>2019-05-27T13:12:06Z</time>
      </trkpt>
      <trkpt lat="48.881524" lon="-121.536458">
        <ele>1457.4</ele>
        <time>2019-05-27T13:12:18Z</time>
      </trkpt>
      <trkpt lat="48.88157" lon="-121.53645">
        <ele>1461.5</ele>
        <time>2019-05-27T13:12:23Z</time>
      </trkpt>
      <trkpt lat="48.881605" lon="-121.536409">
        <ele>1463.4</ele>
        <time>2019-05-27T13:12:36Z</time>
      </trkpt>
      <trkpt lat="48.881633" lon="-121.536409">
        <ele>1461.7</ele>
        <time>2019-05-27T13:12:41Z</time>
      </trkpt>
      <trkpt lat="48.88165" lon="-121.536385">
        <ele>1462.5</ele>
        <time>2019-05-27T13:12:47Z</time>
      </trkpt>
      <trkpt lat="48.881656" lon="-121.536348">
        <ele>1460.3</ele>
        <time>2019-05-27T13:12:50Z</time>
      </trkpt>
      <trkpt lat="48.881677" lon="-121.536325">
        <ele>1458.4</ele>
        <time>2019-05-27T13:12:55Z</time>
      </trkpt>
      <trkpt lat="48.881727" lon="-121.536338">
        <ele>1459.8</ele>
        <time>2019-05-27T13:12:57Z</time>
      </trkpt>
      <trkpt lat="48.88177" lon="-121.536285">
        <ele>1456.9</ele>
        <time>2019-05-27T13:13:06Z</time>
      </trkpt>
      <trkpt lat="48.8818" lon="-121.53619">
        <ele>1463.7</ele>
        <time>2019-05-27T13:13:15Z</time>
      </trkpt>
      <trkpt lat="48.881812" lon="-121.536071">
        <ele>1467.3</ele>
        <time>2019-05-27T13:13:27Z</time>
      </trkpt>
      <trkpt lat="48.881816" lon="-121.535985">
        <ele>1469.3</ele>
        <time>2019-05-27T13:13:35Z</time>
      </trkpt>
      <trkpt lat="48.881859" lon="-121.535944">
        <ele>1469.6</ele>
        <time>2019-05-27T13:13:41Z</time>
      </trkpt>
      <trkpt lat="48.881883" lon="-121.53583">
        <ele>1470.7</ele>
        <time>2019-05-27T13:13:52Z</time>
      </trkpt>
      <trkpt lat="48.881884" lon="-121.535798">
        <ele>1470.9</ele>
        <time>2019-05-27T13:13:54Z</time>
      </trkpt>
      <trkpt lat="48.881907" lon="-121.535751">
        <ele>1469.0</ele>
        <time>2019-05-27T13:14:41Z</time>
      </trkpt>
      <trkpt lat="48.881905" lon="-121.535569">
        <ele>1474.4</ele>
        <time>2019-05-27T13:14:54Z</time>
      </trkpt>
      <trkpt lat="48.881914" lon="-121.535572">
        <ele>1475.2</ele>
        <time>2019-05-27T13:14:56Z</time>
      </trkpt>
      <trkpt lat="48.881921" lon="-121.535549">
        <ele>1477.2</ele>
        <time>2019-05-27T13:15:02Z</time>
      </trkpt>
      <trkpt lat="48.88191" lon="-121.535513">
        <ele>1477.2</ele>
        <time>2019-05-27T13:15:04Z</time>
      </trkpt>
      <trkpt lat="48.881843" lon="-121.53538">
        <ele>1482.4</ele>
        <time>2019-05-27T13:15:36Z</time>
      </trkpt>
      <trkpt lat="48.881823" lon="-121.535367">
        <ele>1481.1</ele>
        <time>2019-05-27T13:15:38Z</time>
      </trkpt>
      <trkpt lat="48.881797" lon="-121.535326">
        <ele>1480.6</ele>
        <time>2019-05-27T13:15:43Z</time>
      </trkpt>
      <trkpt lat="48.881755" lon="-121.535309">
        <ele>1476.8</ele>
        <time>2019-05-27T13:15:58Z</time>
      </trkpt>
      <trkpt lat="48.881744" lon="-121.535342">
        <ele>1478.1</ele>
        <time>2019-05-27T13:16:42Z</time>
      </trkpt>
      <trkpt lat="48.881684" lon="-121.535309">
        <ele>1473.4</ele>
        <time>2019-05-27T13:17:02Z</time>
      </trkpt>
      <trkpt lat="48.881643" lon="-121.535211">
        <ele>1476.5</ele>
        <time>2019-05-27T13:17:37Z</time>
      </trkpt>
      <trkpt lat="48.881567" lon="-121.535156">
        <ele>1478.6</ele>
        <time>2019-05-27T13:17:45Z</time>
      </trkpt>
      <trkpt lat="48.881508" lon="-121.535063">
        <ele>1479.0</ele>
        <time>2019-05-27T13:17:58Z</time>
      </trkpt>
      <trkpt lat="48.881414" lon="-121.534959">
        <ele>1484.2</ele>
        <time>2019-05-27T13:18:13Z</time>
      </trkpt>
      <trkpt lat="48.881406" lon="-121.534953">
        <ele>1484.3</ele>
        <time>2019-05-27T13:18:14Z</time>
      </trkpt>
      <trkpt lat="48.881393" lon="-121.534843">
        <ele>1479.7</ele>
        <time>2019-05-27T13:18:30Z</time>
      </trkpt>
      <trkpt lat="48.881319" lon="-121.534827">
        <ele>1480.2</ele>
        <time>2019-05-27T13:18:46Z</time>
      </trkpt>
      <trkpt lat="48.881314" lon="-121.534755">
        <ele>1482.6</ele>
        <time>2019-05-27T13:18:51Z</time>
      </trkpt>
      <trkpt lat="48.881289" lon="-121.534726">
        <ele>1481.2</ele>
        <time>2019-05-27T13:18:54Z</time>
      </trkpt>
      <trkpt lat="48.881239" lon="-121.534701">
        <ele>1478.7</ele>
        <time>2019-05-27T13:18:57Z</time>
      </trkpt>
      <trkpt lat="48.881205" lon="-121.534673">
        <ele>1479.3</ele>
        <time>2019-05-27T13:19:00Z</time>
      </trkpt>
      <trkpt lat="48.881165" lon="-121.53467">
        <ele>1479.4</ele>
        <time>2019-05-27T13:19:03Z</time>
      </trkpt>
      <trkpt lat="48.881136" lon="-121.534688">
        <ele>1477.7</ele>
        <time>2019-05-27T13:19:05Z</time>
      </trkpt>
      <trkpt lat="48.881097" lon="-121.534676">
        <ele>1481.8</ele>
        <time>2019-05-27T13:19:11Z</time>
      </trkpt>
      <trkpt lat="48.881095" lon="-121.534637">
        <ele>1482.6</ele>
        <time>2019-05-27T13:19:18Z</time>
      </trkpt>
      <trkpt lat="48.881011" lon="-121.53454">
        <ele>1480.5</ele>
        <time>2019-05-27T13:19:30Z</time>
      </trkpt>
      <trkpt lat="48.880982" lon="-121.534458">
        <ele>1481.0</ele>
        <time>2019-05-27T13:19:37Z</time>
      </trkpt>
      <trkpt lat="48.880975" lon="-121.534351">
        <ele>1480.6</ele>
        <time>2019-05-27T13:19:49Z</time>
      </trkpt>
      <trkpt lat="48.880915" lon="-121.534328">
        <ele>1480.7</ele>
        <time>2019-05-27T13:19:57Z</time>
      </trkpt>
      <trkpt lat="48.880902" lon="-121.534316">
        <ele>1480.1</ele>
        <time>2019-05-27T13:19:58Z</time>
      </trkpt>
      <trkpt lat="48.880835" lon="-121.534298">
        <ele>1478.5</ele>
        <time>2019-05-27T13:20:02Z</time>
      </trkpt>
      <trkpt lat="48.880816" lon="-121.534247">
        <ele>1476.2</ele>
        <time>2019-05-27T13:20:06Z</time>
      </trkpt>
      <trkpt lat="48.880775" lon="-121.534212">
        <ele>1476.4</ele>
        <time>2019-05-27T13:20:11Z</time>
      </trkpt>
      <trkpt lat="48.88075" lon="-121.534152">
        <ele>1475.0</ele>
        <time>2019-05-27T13:20:16Z</time>
      </trkpt>
      <trkpt lat="48.880688" lon="-121.534119">
        <ele>1475.3</ele>
        <time>2019-05-27T13:20:22Z</time>
      </trkpt>
      <trkpt lat="48.880681" lon="-121.534088">
        <ele>1475.3</ele>
        <time>2019-05-27T13:20:24Z</time>
      </trkpt>
      <trkpt lat="48.88066" lon="-121.534064">
        <ele>1479.9</ele>
        <time>2019-05-27T13:20:28Z</time>
      </trkpt>
      <trkpt lat="48.880639" lon="-121.534079">
        <ele>1481.4</ele>
        <time>2019-05-27T13:20:31Z</time>
      </trkpt>
      <trkpt lat="48.880646" lon="-121.534042">
        <ele>1482.4</ele>
        <time>2019-05-27T13:20:34Z</time>
      </trkpt>
      <trkpt lat="48.880626" lon="-121.534014">
        <ele>1481.0</ele>
        <time>2019-05-27T13:20:49Z</time>
      </trkpt>
      <trkpt lat="48.880603" lon="-121.533993">
        <ele>1482.5</ele>
        <time>2019-05-27T13:20:59Z</time>
      </trkpt>
      <trkpt lat="48.88058" lon="-121.533991">
        <ele>1477.5</ele>
        <time>2019-05-27T13:21:04Z</time>
      </trkpt>
      <trkpt lat="48.880558" lon="-121.533956">
        <ele>1478.8</ele>
        <time>2019-05-27T13:21:07Z</time>
      </trkpt>
      <trkpt lat="48.880491" lon="-121.533924">
        <ele>1480.4</ele>
        <time>2019-05-27T13:21:12Z</time>
      </trkpt>
      <trkpt lat="48.880486" lon="-121.53391">
        <ele>1481.2</ele>
        <time>2019-05-27T13:21:13Z</time>
      </trkpt>
      <trkpt lat="48.880516" lon="-121.533841">
        <ele>1480.4</ele>
        <time>2019-05-27T13:21:21Z</time>
      </trkpt>
      <trkpt lat="48.880517" lon="-121.533801">
        <ele>1495.4</ele>
        <time>2019-05-27T13:22:08Z</time>
      </trkpt>
      <trkpt lat="48.880551" lon="-121.533739">
        <ele>1495.6</ele>
        <time>2019-05-27T13:22:23Z</time>
      </trkpt>
      <trkpt lat="48.880569" lon="-121.53366">
        <ele>1498.3</ele>
        <time>2019-05-27T13:22:34Z</time>
      </trkpt>
      <trkpt lat="48.880575" lon="-121.533645">
        <ele>1496.7</ele>
        <time>2019-05-27T13:22:34Z</time>
      </trkpt>
      <trkpt lat="48.88056" lon="-121.533614">
        <ele>1496.3</ele>
        <time>2019-05-27T13:22:44Z</time>
      </trkpt>
      <trkpt lat="48.880574" lon="-121.533431">
        <ele>1503.2</ele>
        <time>2019-05-27T13:23:24Z</time>
      </trkpt>
      <trkpt lat="48.880606" lon="-121.533408">
        <ele>1505.6</ele>
        <time>2019-05-27T13:23:29Z</time>
      </trkpt>
      <trkpt lat="48.880622" lon="-121.533335">
        <ele>1511.9</ele>
        <time>2019-05-27T13:23:50Z</time>
      </trkpt>
      <trkpt lat="48.88064" lon="-121.533309">
        <ele>1514.6</ele>
        <time>2019-05-27T13:23:55Z</time>
      </trkpt>
      <trkpt lat="48.88065" lon="-121.533272">
        <ele>1514.1</ele>
        <time>2019-05-27T13:24:03Z</time>
      </trkpt>
      <trkpt lat="48.880671" lon="-121.533259">
        <ele>1515.5</ele>
        <time>2019-05-27T13:24:10Z</time>
      </trkpt>
      <trkpt lat="48.880687" lon="-121.533227">
        <ele>1517.3</ele>
        <time>2019-05-27T13:24:17Z</time>
      </trkpt>
      <trkpt lat="48.880681" lon="-121.533182">
        <ele>1514.8</ele>
        <time>2019-05-27T13:24:27Z</time>
      </trkpt>
      <trkpt lat="48.880695" lon="-121.533164">
        <ele>1516.1</ele>
        <time>2019-05-27T13:24:34Z</time>
      </trkpt>
      <trkpt lat="48.880722" lon="-121.533159">
        <ele>1514.9</ele>
        <time>2019-05-27T13:24:34Z</time>
      </trkpt>
      <trkpt lat="48.880712" lon="-121.533141">
        <ele>1515.8</ele>
        <time>2019-05-27T13:24:44Z</time>
      </trkpt>
      <trkpt lat="48.880734" lon="-121.533033">
        <ele>1520.2</ele>
        <time>2019-05-27T13:25:15Z</time>
      </trkpt>
      <trkpt lat="48.88078" lon="-121.533044">
        <ele>1526.0</ele>
        <time>2019-05-27T13:25:22Z</time>
      </trkpt>
      <trkpt lat="48.880795" lon="-121.533026">
        <ele>1531.6</ele>
        <time>2019-05-27T13:25:41Z</time>
      </trkpt>
      <trkpt lat="48.880805" lon="-121.532996">
        <ele>1532.3</ele>
        <time>2019-05-27T13:25:44Z</time>
      </trkpt>
      <trkpt lat="48.880831" lon="-121.532996">
        <ele>1532.5</ele>
        <time>2019-05-27T13:25:47Z</time>
      </trkpt>
      <trkpt lat="48.880826" lon="-121.532924">
        <ele>1534.9</ele>
        <time>2019-05-27T13:25:59Z</time>
      </trkpt>
      <trkpt lat="48.880836" lon="-121.532849">
        <ele>1533.8</ele>
        <time>2019-05-27T13:26:11Z</time>
      </trkpt>
      <trkpt lat="48.880834" lon="-121.532772">
        <ele>1534.4</ele>
        <time>2019-05-27T13:26:15Z</time>
      </trkpt>
      <trkpt lat="48.880862" lon="-121.532684">
        <ele>1535.7</ele>
        <time>2019-05-27T13:26:20Z</time>
      </trkpt>
      <trkpt lat="48.880825" lon="-121.53256">
        <ele>1541.4</ele>
        <time>2019-05-27T13:26:50Z</time>
      </trkpt>
      <trkpt lat="48.88078" lon="-121.532399">
        <ele>1545.2</ele>
        <time>2019-05-27T13:27:08Z</time>
      </trkpt>
      <trkpt lat="48.880729" lon="-121.532335">
        <ele>1543.4</ele>
        <time>2019-05-27T13:27:18Z</time>
      </trkpt>
      <trkpt lat="48.880698" lon="-121.532281">
        <ele>1544.2</ele>
        <time>2019-05-27T13:27:28Z</time>
      </trkpt>
      <trkpt lat="48.880673" lon="-121.53227">
        <ele>1543.8</ele>
        <time>2019-05-27T13:27:33Z</time>
      </trkpt>
      <trkpt lat="48.880621" lon="-121.5322">
        <ele>1545.5</ele>
        <time>2019-05-27T13:27:45Z</time>
      </trkpt>
      <trkpt lat="48.880616" lon="-121.532157">
        <ele>1545.0</ele>
        <time>2019-05-27T13:27:54Z</time>
      </trkpt>
      <trkpt lat="48.880564" lon="-121.532112">
        <ele>1544.0</ele>
        <time>2019-05-27T13:28:11Z</time>
      </trkpt>
      <trkpt lat="48.880557" lon="-121.532073">
        <ele>1547.7</ele>
        <time>2019-05-27T13:28:22Z</time>
      </trkpt>
      <trkpt lat="48.88057" lon="-121.532054">
        <ele>1549.6</ele>
        <time>2019-05-27T13:28:26Z</time>
      </trkpt>
      <trkpt lat="48.880585" lon="-121.531943">
        <ele>1552.5</ele>
        <time>2019-05-27T13:28:40Z</time>
      </trkpt>
      <trkpt lat="48.880552" lon="-121.531839">
        <ele>1554.7</ele>
        <time>2019-05-27T13:28:52Z</time>
      </trkpt>
      <trkpt lat="48.880537" lon="-121.53169">
        <ele>1558.3</ele>
        <time>2019-05-27T13:29:03Z</time>
      </trkpt>
      <trkpt lat="48.88054" lon="-121.531676">
        <ele>1558.9</ele>
        <time>2019-05-27T13:29:04Z</time>
      </trkpt>
      <trkpt lat="48.880528" lon="-121.531593">
        <ele>1560.2</ele>
        <time>2019-05-27T13:29:11Z</time>
      </trkpt>
      <trkpt lat="48.880553" lon="-121.531598">
        <ele>1560.3</ele>
        <time>2019-05-27T13:29:16Z</time>
      </trkpt>
      <trkpt lat="48.880533" lon="-121.531581">
        <ele>1560.9</ele>
        <time>2019-05-27T13:29:27Z</time>
      </trkpt>
      <trkpt lat="48.880485" lon="-121.531501">
        <ele>1558.0</ele>
        <time>2019-05-27T13:29:34Z</time>
      </trkpt>
      <trkpt lat="48.880483" lon="-121.531454">
        <ele>1561.4</ele>
        <time>2019-05-27T13:29:44Z</time>
      </trkpt>
      <trkpt lat="48.880456" lon="-121.531364">
        <ele>1562.1</ele>
        <time>2019-05-27T13:29:54Z</time>
      </trkpt>
      <trkpt lat="48.880424" lon="-121.531313">
        <ele>1562.2</ele>
        <time>2019-05-27T13:30:01Z</time>
      </trkpt>
      <trkpt lat="48.880421" lon="-121.531266">
        <ele>1564.2</ele>
        <time>2019-05-27T13:30:08Z</time>
      </trkpt>
      <trkpt lat="48.880411" lon="-121.531214">
        <ele>1563.6</ele>
        <time>2019-05-27T13:30:12Z</time>
      </trkpt>
      <trkpt lat="48.880424" lon="-121.531186">
        <ele>1567.0</ele>
        <time>2019-05-27T13:30:22Z</time>
      </trkpt>
      <trkpt lat="48.88038" lon="-121.531083">
        <ele>1567.8</ele>
        <time>2019-05-27T13:30:34Z</time>
      </trkpt>
      <trkpt lat="48.880389" lon="-121.531033">
        <ele>1565.2</ele>
        <time>2019-05-27T13:30:42Z</time>
      </trkpt>
      <trkpt lat="48.880387" lon="-121.530979">
        <ele>1567.0</ele>
        <time>2019-05-27T13:30:48Z</time>
      </trkpt>
      <trkpt lat="48.880375" lon="-121.530944">
        <ele>1568.5</ele>
        <time>2019-05-27T13:30:53Z</time>
      </trkpt>
      <trkpt lat="48.880334" lon="-121.530901">
        <ele>1567.1</ele>
        <time>2019-05-27T13:31:05Z</time>
      </trkpt>
      <trkpt lat="48.880306" lon="-121.530844">
        <ele>1567.1</ele>
        <time>2019-05-27T13:31:24Z</time>
      </trkpt>
      <trkpt lat="48.880273" lon="-121.530808">
        <ele>1568.6</ele>
        <time>2019-05-27T13:31:31Z</time>
      </trkpt>
      <trkpt lat="48.880257" lon="-121.530729">
        <ele>1579.5</ele>
        <time>2019-05-27T13:32:06Z</time>
      </trkpt>
      <trkpt lat="48.880233" lon="-121.530741">
        <ele>1578.2</ele>
        <time>2019-05-27T13:32:17Z</time>
      </trkpt>
      <trkpt lat="48.880217" lon="-121.530712">
        <ele>1582.7</ele>
        <time>2019-05-27T13:32:30Z</time>
      </trkpt>
      <trkpt lat="48.880203" lon="-121.530639">
        <ele>1587.0</ele>
        <time>2019-05-27T13:32:46Z</time>
      </trkpt>
      <trkpt lat="48.880181" lon="-121.530626">
        <ele>1585.6</ele>
        <time>2019-05-27T13:32:53Z</time>
      </trkpt>
      <trkpt lat="48.880182" lon="-121.530607">
        <ele>1586.5</ele>
        <time>2019-05-27T13:32:55Z</time>
      </trkpt>
      <trkpt lat="48.880161" lon="-121.530601">
        <ele>1586.7</ele>
        <time>2019-05-27T13:33:10Z</time>
      </trkpt>
      <trkpt lat="48.880142" lon="-121.53062">
        <ele>1583.6</ele>
        <time>2019-05-27T13:33:12Z</time>
      </trkpt>
      <trkpt lat="48.880119" lon="-121.530624">
        <ele>1585.8</ele>
        <time>2019-05-27T13:33:18Z</time>
      </trkpt>
      <trkpt lat="48.880061" lon="-121.530503">
        <ele>1604.8</ele>
        <time>2019-05-27T13:34:05Z</time>
      </trkpt>
      <trkpt lat="48.879999" lon="-121.530427">
        <ele>1608.4</ele>
        <time>2019-05-27T13:34:42Z</time>
      </trkpt>
      <trkpt lat="48.879964" lon="-121.530473">
        <ele>1614.6</ele>
        <time>2019-05-27T13:35:32Z</time>
      </trkpt>
      <trkpt lat="48.879964" lon="-121.530437">
        <ele>1617.4</ele>
        <time>2019-05-27T13:35:38Z</time>
      </trkpt>
      <trkpt lat="48.879945" lon="-121.530407">
        <ele>1616.6</ele>
        <time>2019-05-27T13:35:42Z</time>
      </trkpt>
      <trkpt lat="48.879911" lon="-121.530255">
        <ele>1623.8</ele>
        <time>2019-05-27T13:36:23Z</time>
      </trkpt>
      <trkpt lat="48.879897" lon="-121.530225">
        <ele>1622.1</ele>
        <time>2019-05-27T13:36:27Z</time>
      </trkpt>
      <trkpt lat="48.879873" lon="-121.530215">
        <ele>1625.0</ele>
        <time>2019-05-27T13:36:40Z</time>
      </trkpt>
      <trkpt lat="48.879804" lon="-121.530147">
        <ele>1628.0</ele>
        <time>2019-05-27T13:37:14Z</time>
      </trkpt>
      <trkpt lat="48.8798" lon="-121.530109">
        <ele>1629.2</ele>
        <time>2019-05-27T13:37:32Z</time>
      </trkpt>
      <trkpt lat="48.879778" lon="-121.530115">
        <ele>1628.8</ele>
        <time>2019-05-27T13:37:40Z</time>
      </trkpt>
      <trkpt lat="48.879753" lon="-121.530044">
        <ele>1636.6</ele>
        <time>2019-05-27T13:38:01Z</time>
      </trkpt>
      <trkpt lat="48.879733" lon="-121.530014">
        <ele>1639.0</ele>
        <time>2019-05-27T13:38:10Z</time>
      </trkpt>
      <trkpt lat="48.879733" lon="-121.530035">
        <ele>1639.6</ele>
        <time>2019-05-27T13:38:12Z</time>
      </trkpt>
      <trkpt lat="48.879711" lon="-121.529963">
        <ele>1643.8</ele>
        <time>2019-05-27T13:38:54Z</time>
      </trkpt>
      <trkpt lat="48.87969" lon="-121.52994">
        <ele>1647.0</ele>
        <time>2019-05-27T13:39:05Z</time>
      </trkpt>
      <trkpt lat="48.879667" lon="-121.529937">
        <ele>1647.5</ele>
        <time>2019-05-27T13:39:18Z</time>
      </trkpt>
      <trkpt lat="48.879612" lon="-121.529796">
        <ele>1655.0</ele>
        <time>2019-05-27T13:40:17Z</time>
      </trkpt>
      <trkpt lat="48.879561" lon="-121.529758">
        <ele>1659.3</ele>
        <time>2019-05-27T13:40:47Z</time>
      </trkpt>
      <trkpt lat="48.879534" lon="-121.529753">
        <ele>1661.8</ele>
        <time>2019-05-27T13:41:01Z</time>
      </trkpt>
      <trkpt lat="48.879528" lon="-121.529716">
        <ele>1665.3</ele>
        <time>2019-05-27T13:41:15Z</time>
      </trkpt>
      <trkpt lat="48.879509" lon="-121.529686">
        <ele>1669.4</ele>
        <time>2019-05-27T13:41:30Z</time>
      </trkpt>
      <trkpt lat="48.8795" lon="-121.529683">
        <ele>1668.7</ele>
        <time>2019-05-27T13:41:31Z</time>
      </trkpt>
      <trkpt lat="48.879456" lon="-121.529622">
        <ele>1669.8</ele>
        <time>2019-05-27T13:42:00Z</time>
      </trkpt>
      <trkpt lat="48.879431" lon="-121.529618">
        <ele>1669.2</ele>
        <time>2019-05-27T13:42:08Z</time>
      </trkpt>
      <trkpt lat="48.87941" lon="-121.529594">
        <ele>1670.3</ele>
        <time>2019-05-27T13:42:14Z</time>
      </trkpt>
      <trkpt lat="48.879385" lon="-121.529592">
        <ele>1671.2</ele>
        <time>2019-05-27T13:42:24Z</time>
      </trkpt>
      <trkpt lat="48.879349" lon="-121.529533">
        <ele>1679.4</ele>
        <time>2019-05-27T13:42:50Z</time>
      </trkpt>
      <trkpt lat="48.879331" lon="-121.529489">
        <ele>1680.4</ele>
        <time>2019-05-27T13:43:04Z</time>
      </trkpt>
      <trkpt lat="48.879332" lon="-121.529457">
        <ele>1680.1</ele>
        <time>2019-05-27T13:43:07Z</time>
      </trkpt>
      <trkpt lat="48.879242" lon="-121.529334">
        <ele>1688.9</ele>
        <time>2019-05-27T13:43:48Z</time>
      </trkpt>
      <trkpt lat="48.879195" lon="-121.529278">
        <ele>1689.7</ele>
        <time>2019-05-27T13:44:05Z</time>
      </trkpt>
      <trkpt lat="48.879186" lon="-121.529207">
        <ele>1688.3</ele>
        <time>2019-05-27T13:44:14Z</time>
      </trkpt>
      <trkpt lat="48.879198" lon="-121.529078">
        <ele>1689.5</ele>
        <time>2019-05-27T13:44:26Z</time>
      </trkpt>
      <trkpt lat="48.879287" lon="-121.528856">
        <ele>1690.8</ele>
        <time>2019-05-27T13:44:46Z</time>
      </trkpt>
      <trkpt lat="48.879305" lon="-121.528799">
        <ele>1693.5</ele>
        <time>2019-05-27T13:44:58Z</time>
      </trkpt>
      <trkpt lat="48.879332" lon="-121.528794">
        <ele>1694.3</ele>
        <time>2019-05-27T13:47:45Z</time>
      </trkpt>
      <trkpt lat="48.879365" lon="-121.52878">
        <ele>1691.7</ele>
        <time>2019-05-27T13:48:26Z</time>
      </trkpt>
      <trkpt lat="48.879344" lon="-121.528804">
        <ele>1689.8</ele>
        <time>2019-05-27T13:48:33Z</time>
      </trkpt>
      <trkpt lat="48.879321" lon="-121.528812">
        <ele>1687.7</ele>
        <time>2019-05-27T13:48:48Z</time>
      </trkpt>
      <trkpt lat="48.879301" lon="-121.528739">
        <ele>1694.8</ele>
        <time>2019-05-27T13:50:22Z</time>
      </trkpt>
      <trkpt lat="48.879307" lon="-121.528701">
        <ele>1697.1</ele>
        <time>2019-05-27T13:51:31Z</time>
      </trkpt>
      <trkpt lat="48.879317" lon="-121.528741">
        <ele>1694.4</ele>
        <time>2019-05-27T13:53:43Z</time>
      </trkpt>
      <trkpt lat="48.879312" lon="-121.52878">
        <ele>1689.6</ele>
        <time>2019-05-27T13:54:01Z</time>
      </trkpt>
      <trkpt lat="48.879291" lon="-121.52855">
        <ele>1700.4</ele>
        <time>2019-05-27T14:01:02Z</time>
      </trkpt>
      <trkpt lat="48.879266" lon="-121.528518">
        <ele>1702.4</ele>
        <time>2019-05-27T14:01:10Z</time>
      </trkpt>
      <trkpt lat="48.879207" lon="-121.52835">
        <ele>1706.5</ele>
        <time>2019-05-27T14:02:10Z</time>
      </trkpt>
      <trkpt lat="48.879177" lon="-121.528324">
        <ele>1706.9</ele>
        <time>2019-05-27T14:02:15Z</time>
      </trkpt>
      <trkpt lat="48.879176" lon="-121.528283">
        <ele>1706.3</ele>
        <time>2019-05-27T14:02:23Z</time>
      </trkpt>
      <trkpt lat="48.879149" lon="-121.528223">
        <ele>1709.9</ele>
        <time>2019-05-27T14:02:48Z</time>
      </trkpt>
      <trkpt lat="48.879126" lon="-121.528121">
        <ele>1714.2</ele>
        <time>2019-05-27T14:03:03Z</time>
      </trkpt>
      <trkpt lat="48.879099" lon="-121.528106">
        <ele>1714.1</ele>
        <time>2019-05-27T14:03:12Z</time>
      </trkpt>
      <trkpt lat="48.879097" lon="-121.528113">
        <ele>1713.9</ele>
        <time>2019-05-27T14:03:13Z</time>
      </trkpt>
      <trkpt lat="48.879066" lon="-121.52797">
        <ele>1720.2</ele>
        <time>2019-05-27T14:03:53Z</time>
      </trkpt>
      <trkpt lat="48.879017" lon="-121.527868">
        <ele>1723.0</ele>
        <time>2019-05-27T14:04:20Z</time>
      </trkpt>
      <trkpt lat="48.878971" lon="-121.527738">
        <ele>1722.7</ele>
        <time>2019-05-27T14:05:10Z</time>
      </trkpt>
      <trkpt lat="48.878933" lon="-121.527687">
        <ele>1728.5</ele>
        <time>2019-05-27T14:05:25Z</time>
      </trkpt>
      <trkpt lat="48.878929" lon="-121.527641">
        <ele>1732.9</ele>
        <time>2019-05-27T14:05:31Z</time>
      </trkpt>
      <trkpt lat="48.878922" lon="-121.527631">
        <ele>1732.9</ele>
        <time>2019-05-27T14:05:32Z</time>
      </trkpt>
      <trkpt lat="48.878917" lon="-121.527584">
        <ele>1732.9</ele>
        <time>2019-05-27T14:05:37Z</time>
      </trkpt>
      <trkpt lat="48.878935" lon="-121.52756">
        <ele>1726.1</ele>
        <time>2019-05-27T14:05:46Z</time>
      </trkpt>
      <trkpt lat="48.878913" lon="-121.527491">
        <ele>1725.4</ele>
        <time>2019-05-27T14:07:02Z</time>
      </trkpt>
      <trkpt lat="48.878889" lon="-121.527473">
        <ele>1726.1</ele>
        <time>2019-05-27T14:07:08Z</time>
      </trkpt>
      <trkpt lat="48.878846" lon="-121.527411">
        <ele>1730.8</ele>
        <time>2019-05-27T14:07:29Z</time>
      </trkpt>
      <trkpt lat="48.878838" lon="-121.527367">
        <ele>1732.3</ele>
        <time>2019-05-27T14:07:39Z</time>
      </trkpt>
      <trkpt lat="48.878813" lon="-121.527352">
        <ele>1732.1</ele>
        <time>2019-05-27T14:08:18Z</time>
      </trkpt>
      <trkpt lat="48.878798" lon="-121.527326">
        <ele>1732.1</ele>
        <time>2019-05-27T14:08:25Z</time>
      </trkpt>
      <trkpt lat="48.878755" lon="-121.527199">
        <ele>1733.8</ele>
        <time>2019-05-27T14:08:50Z</time>
      </trkpt>
      <trkpt lat="48.878714" lon="-121.527142">
        <ele>1734.5</ele>
        <time>2019-05-27T14:09:10Z</time>
      </trkpt>
      <trkpt lat="48.878668" lon="-121.526967">
        <ele>1738.9</ele>
        <time>2019-05-27T14:10:28Z</time>
      </trkpt>
      <trkpt lat="48.878662" lon="-121.526921">
        <ele>1738.3</ele>
        <time>2019-05-27T14:10:51Z</time>
      </trkpt>
      <trkpt lat="48.878612" lon="-121.526917">
        <ele>1738.9</ele>
        <time>2019-05-27T14:11:22Z</time>
      </trkpt>
      <trkpt lat="48.878598" lon="-121.526882">
        <ele>1742.3</ele>
        <time>2019-05-27T14:11:49Z</time>
      </trkpt>
      <trkpt lat="48.878566" lon="-121.526841">
        <ele>1743.6</ele>
        <time>2019-05-27T14:11:58Z</time>
      </trkpt>
      <trkpt lat="48.878535" lon="-121.526844">
        <ele>1742.9</ele>
        <time>2019-05-27T14:12:05Z</time>
      </trkpt>
      <trkpt lat="48.878529" lon="-121.526834">
        <ele>1741.3</ele>
        <time>2019-05-27T14:12:06Z</time>
      </trkpt>
      <trkpt lat="48.878506" lon="-121.526748">
        <ele>1745.4</ele>
        <time>2019-05-27T14:12:25Z</time>
      </trkpt>
      <trkpt lat="48.878487" lon="-121.526719">
        <ele>1746.3</ele>
        <time>2019-05-27T14:12:43Z</time>
      </trkpt>
      <trkpt lat="48.878461" lon="-121.526712">
        <ele>1745.5</ele>
        <time>2019-05-27T14:12:50Z</time>
      </trkpt>
      <trkpt lat="48.878423" lon="-121.526613">
        <ele>1745.2</ele>
        <time>2019-05-27T14:13:05Z</time>
      </trkpt>
      <trkpt lat="48.878422" lon="-121.526604">
        <ele>1746.3</ele>
        <time>2019-05-27T14:13:06Z</time>
      </trkpt>
      <trkpt lat="48.87837" lon="-121.526479">
        <ele>1751.1</ele>
        <time>2019-05-27T14:13:21Z</time>
      </trkpt>
      <trkpt lat="48.878344" lon="-121.526478">
        <ele>1754.6</ele>
        <time>2019-05-27T14:14:21Z</time>
      </trkpt>
      <trkpt lat="48.878321" lon="-121.52649">
        <ele>1753.5</ele>
        <time>2019-05-27T14:14:30Z</time>
      </trkpt>
      <trkpt lat="48.878293" lon="-121.526478">
        <ele>1753.3</ele>
        <time>2019-05-27T14:14:40Z</time>
      </trkpt>
      <trkpt lat="48.878278" lon="-121.526445">
        <ele>1757.5</ele>
        <time>2019-05-27T14:15:06Z</time>
      </trkpt>
      <trkpt lat="48.878254" lon="-121.526429">
        <ele>1760.0</ele>
        <time>2019-05-27T14:15:12Z</time>
      </trkpt>
      <trkpt lat="48.878205" lon="-121.526416">
        <ele>1758.7</ele>
        <time>2019-05-27T14:15:24Z</time>
      </trkpt>
      <trkpt lat="48.878189" lon="-121.526393">
        <ele>1759.8</ele>
        <time>2019-05-27T14:15:27Z</time>
      </trkpt>
      <trkpt lat="48.878165" lon="-121.526404">
        <ele>1759.4</ele>
        <time>2019-05-27T14:15:31Z</time>
      </trkpt>
      <trkpt lat="48.878138" lon="-121.526397">
        <ele>1760.6</ele>
        <time>2019-05-27T14:15:34Z</time>
      </trkpt>
      <trkpt lat="48.878141" lon="-121.526414">
        <ele>1761.4</ele>
        <time>2019-05-27T14:15:34Z</time>
      </trkpt>
      <trkpt lat="48.878132" lon="-121.526423">
        <ele>1761.6</ele>
        <time>2019-05-27T14:15:36Z</time>
      </trkpt>
      <trkpt lat="48.878099" lon="-121.52637">
        <ele>1762.6</ele>
        <time>2019-05-27T14:15:47Z</time>
      </trkpt>
      <trkpt lat="48.878083" lon="-121.526299">
        <ele>1764.4</ele>
        <time>2019-05-27T14:15:57Z</time>
      </trkpt>
      <trkpt lat="48.878042" lon="-121.526193">
        <ele>1762.8</ele>
        <time>2019-05-27T14:16:30Z</time>
      </trkpt>
      <trkpt lat="48.878033" lon="-121.526156">
        <ele>1761.7</ele>
        <time>2019-05-27T14:16:34Z</time>
      </trkpt>
      <trkpt lat="48.878024" lon="-121.526204">
        <ele>1762.0</ele>
        <time>2019-05-27T14:16:34Z</time>
      </trkpt>
      <trkpt lat="48.878057" lon="-121.526249">
        <ele>1759.3</ele>
        <time>2019-05-27T14:19:28Z</time>
      </trkpt>
      <trkpt lat="48.878077" lon="-121.526262">
        <ele>1751.9</ele>
        <time>2019-05-27T14:22:23Z</time>
      </trkpt>
      <trkpt lat="48.878018" lon="-121.526287">
        <ele>1752.8</ele>
        <time>2019-05-27T14:22:34Z</time>
      </trkpt>
      <trkpt lat="48.877975" lon="-121.526277">
        <ele>1753.4</ele>
        <time>2019-05-27T14:22:38Z</time>
      </trkpt>
      <trkpt lat="48.877898" lon="-121.526308">
        <ele>1753.9</ele>
        <time>2019-05-27T14:22:46Z</time>
      </trkpt>
      <trkpt lat="48.877852" lon="-121.526341">
        <ele>1751.9</ele>
        <time>2019-05-27T14:22:57Z</time>
      </trkpt>
      <trkpt lat="48.877851" lon="-121.526378">
        <ele>1749.7</ele>
        <time>2019-05-27T14:23:07Z</time>
      </trkpt>
      <trkpt lat="48.877827" lon="-121.526388">
        <ele>1750.0</ele>
        <time>2019-05-27T14:23:10Z</time>
      </trkpt>
      <trkpt lat="48.877774" lon="-121.526391">
        <ele>1750.4</ele>
        <time>2019-05-27T14:23:16Z</time>
      </trkpt>
      <trkpt lat="48.877737" lon="-121.52641">
        <ele>1748.8</ele>
        <time>2019-05-27T14:23:25Z</time>
      </trkpt>
      <trkpt lat="48.877628" lon="-121.526615">
        <ele>1747.8</ele>
        <time>2019-05-27T14:23:59Z</time>
      </trkpt>
      <trkpt lat="48.877601" lon="-121.526624">
        <ele>1748.6</ele>
        <time>2019-05-27T14:24:01Z</time>
      </trkpt>
      <trkpt lat="48.877578" lon="-121.526639">
        <ele>1747.6</ele>
        <time>2019-05-27T14:24:05Z</time>
      </trkpt>
      <trkpt lat="48.877565" lon="-121.526673">
        <ele>1746.2</ele>
        <time>2019-05-27T14:24:08Z</time>
      </trkpt>
      <trkpt lat="48.877532" lon="-121.5267">
        <ele>1747.0</ele>
        <time>2019-05-27T14:24:13Z</time>
      </trkpt>
      <trkpt lat="48.877495" lon="-121.5267">
        <ele>1746.8</ele>
        <time>2019-05-27T14:24:15Z</time>
      </trkpt>
      <trkpt lat="48.877478" lon="-121.526735">
        <ele>1746.1</ele>
        <time>2019-05-27T14:24:22Z</time>
      </trkpt>
      <trkpt lat="48.877463" lon="-121.526779">
        <ele>1745.6</ele>
        <time>2019-05-27T14:24:27Z</time>
      </trkpt>
      <trkpt lat="48.877389" lon="-121.526845">
        <ele>1747.9</ele>
        <time>2019-05-27T14:24:37Z</time>
      </trkpt>
      <trkpt lat="48.877358" lon="-121.526922">
        <ele>1747.8</ele>
        <time>2019-05-27T14:24:45Z</time>
      </trkpt>
      <trkpt lat="48.877314" lon="-121.527071">
        <ele>1745.6</ele>
        <time>2019-05-27T14:25:00Z</time>
      </trkpt>
      <trkpt lat="48.877259" lon="-121.52715">
        <ele>1743.0</ele>
        <time>2019-05-27T14:25:11Z</time>
      </trkpt>
      <trkpt lat="48.877181" lon="-121.527219">
        <ele>1744.3</ele>
        <time>2019-05-27T14:25:21Z</time>
      </trkpt>
      <trkpt lat="48.877125" lon="-121.527291">
        <ele>1744.1</ele>
        <time>2019-05-27T14:25:29Z</time>
      </trkpt>
      <trkpt lat="48.877138" lon="-121.52732">
        <ele>1743.9</ele>
        <time>2019-05-27T14:25:31Z</time>
      </trkpt>
      <trkpt lat="48.877133" lon="-121.527351">
        <ele>1742.8</ele>
        <time>2019-05-27T14:25:34Z</time>
      </trkpt>
      <trkpt lat="48.877188" lon="-121.527408">
        <ele>1742.4</ele>
        <time>2019-05-27T14:25:36Z</time>
      </trkpt>
      <trkpt lat="48.877158" lon="-121.527429">
        <ele>1743.7</ele>
        <time>2019-05-27T14:25:37Z</time>
      </trkpt>
      <trkpt lat="48.877127" lon="-121.527426">
        <ele>1744.6</ele>
        <time>2019-05-27T14:25:38Z</time>
      </trkpt>
      <trkpt lat="48.877104" lon="-121.527436">
        <ele>1744.8</ele>
        <time>2019-05-27T14:25:39Z</time>
      </trkpt>
      <trkpt lat="48.877089" lon="-121.527479">
        <ele>1744.0</ele>
        <time>2019-05-27T14:25:44Z</time>
      </trkpt>
      <trkpt lat="48.877081" lon="-121.527483">
        <ele>1744.1</ele>
        <time>2019-05-27T14:25:45Z</time>
      </trkpt>
      <trkpt lat="48.877011" lon="-121.527578">
        <ele>1742.5</ele>
        <time>2019-05-27T14:26:01Z</time>
      </trkpt>
      <trkpt lat="48.876972" lon="-121.527614">
        <ele>1743.7</ele>
        <time>2019-05-27T14:26:06Z</time>
      </trkpt>
      <trkpt lat="48.876954" lon="-121.527672">
        <ele>1742.8</ele>
        <time>2019-05-27T14:26:11Z</time>
      </trkpt>
      <trkpt lat="48.876904" lon="-121.527717">
        <ele>1742.4</ele>
        <time>2019-05-27T14:26:16Z</time>
      </trkpt>
      <trkpt lat="48.876883" lon="-121.527768">
        <ele>1743.4</ele>
        <time>2019-05-27T14:26:21Z</time>
      </trkpt>
      <trkpt lat="48.876879" lon="-121.52784">
        <ele>1742.1</ele>
        <time>2019-05-27T14:26:23Z</time>
      </trkpt>
      <trkpt lat="48.876853" lon="-121.527878">
        <ele>1741.1</ele>
        <time>2019-05-27T14:26:28Z</time>
      </trkpt>
      <trkpt lat="48.8768" lon="-121.527912">
        <ele>1741.6</ele>
        <time>2019-05-27T14:26:36Z</time>
      </trkpt>
      <trkpt lat="48.876759" lon="-121.527921">
        <ele>1742.7</ele>
        <time>2019-05-27T14:26:39Z</time>
      </trkpt>
      <trkpt lat="48.87669" lon="-121.527961">
        <ele>1742.8</ele>
        <time>2019-05-27T14:26:46Z</time>
      </trkpt>
      <trkpt lat="48.876658" lon="-121.527992">
        <ele>1742.1</ele>
        <time>2019-05-27T14:26:51Z</time>
      </trkpt>
      <trkpt lat="48.876632" lon="-121.527998">
        <ele>1742.6</ele>
        <time>2019-05-27T14:26:54Z</time>
      </trkpt>
      <trkpt lat="48.876608" lon="-121.527992">
        <ele>1742.4</ele>
        <time>2019-05-27T14:27:14Z</time>
      </trkpt>
      <trkpt lat="48.876589" lon="-121.527965">
        <ele>1738.6</ele>
        <time>2019-05-27T14:28:05Z</time>
      </trkpt>
      <trkpt lat="48.876537" lon="-121.528045">
        <ele>1738.3</ele>
        <time>2019-05-27T14:28:13Z</time>
      </trkpt>
      <trkpt lat="48.876532" lon="-121.528059">
        <ele>1737.9</ele>
        <time>2019-05-27T14:28:14Z</time>
      </trkpt>
      <trkpt lat="48.876462" lon="-121.528174">
        <ele>1739.6</ele>
        <time>2019-05-27T14:28:27Z</time>
      </trkpt>
      <trkpt lat="48.876439" lon="-121.528193">
        <ele>1740.1</ele>
        <time>2019-05-27T14:28:29Z</time>
      </trkpt>
      <trkpt lat="48.876393" lon="-121.528205">
        <ele>1741.9</ele>
        <time>2019-05-27T14:28:32Z</time>
      </trkpt>
      <trkpt lat="48.876371" lon="-121.528251">
        <ele>1742.9</ele>
        <time>2019-05-27T14:28:36Z</time>
      </trkpt>
      <trkpt lat="48.87632" lon="-121.528277">
        <ele>1743.0</ele>
        <time>2019-05-27T14:28:40Z</time>
      </trkpt>
      <trkpt lat="48.876257" lon="-121.528333">
        <ele>1744.0</ele>
        <time>2019-05-27T14:28:47Z</time>
      </trkpt>
      <trkpt lat="48.876229" lon="-121.528383">
        <ele>1743.6</ele>
        <time>2019-05-27T14:28:53Z</time>
      </trkpt>
      <trkpt lat="48.876184" lon="-121.528411">
        <ele>1743.7</ele>
        <time>2019-05-27T14:29:01Z</time>
      </trkpt>
      <trkpt lat="48.876159" lon="-121.528458">
        <ele>1742.5</ele>
        <time>2019-05-27T14:29:06Z</time>
      </trkpt>
      <trkpt lat="48.876109" lon="-121.528481">
        <ele>1744.6</ele>
        <time>2019-05-27T14:29:15Z</time>
      </trkpt>
      <trkpt lat="48.876066" lon="-121.528543">
        <ele>1743.0</ele>
        <time>2019-05-27T14:29:21Z</time>
      </trkpt>
      <trkpt lat="48.876054" lon="-121.528574">
        <ele>1743.5</ele>
        <time>2019-05-27T14:29:23Z</time>
      </trkpt>
      <trkpt lat="48.876019" lon="-121.528611">
        <ele>1743.7</ele>
        <time>2019-05-27T14:29:27Z</time>
      </trkpt>
      <trkpt lat="48.875987" lon="-121.528694">
        <ele>1743.3</ele>
        <time>2019-05-27T14:29:33Z</time>
      </trkpt>
      <trkpt lat="48.875978" lon="-121.528705">
        <ele>1744.8</ele>
        <time>2019-05-27T14:29:34Z</time>
      </trkpt>
      <trkpt lat="48.875987" lon="-121.528727">
        <ele>1743.0</ele>
        <time>2019-05-27T14:29:34Z</time>
      </trkpt>
      <trkpt lat="48.875868" lon="-121.528786">
        <ele>1738.8</ele>
        <time>2019-05-27T14:29:47Z</time>
      </trkpt>
      <trkpt lat="48.875843" lon="-121.528807">
        <ele>1737.7</ele>
        <time>2019-05-27T14:29:50Z</time>
      </trkpt>
      <trkpt lat="48.875799" lon="-121.528862">
        <ele>1736.4</ele>
        <time>2019-05-27T14:29:56Z</time>
      </trkpt>
      <trkpt lat="48.875777" lon="-121.528875">
        <ele>1737.3</ele>
        <time>2019-05-27T14:29:58Z</time>
      </trkpt>
      <trkpt lat="48.875717" lon="-121.528885">
        <ele>1738.6</ele>
        <time>2019-05-27T14:30:03Z</time>
      </trkpt>
      <trkpt lat="48.875571" lon="-121.52899">
        <ele>1736.9</ele>
        <time>2019-05-27T14:30:20Z</time>
      </trkpt>
      <trkpt lat="48.875499" lon="-121.52902">
        <ele>1737.1</ele>
        <time>2019-05-27T14:30:28Z</time>
      </trkpt>
      <trkpt lat="48.875486" lon="-121.529023">
        <ele>1736.7</ele>
        <time>2019-05-27T14:30:29Z</time>
      </trkpt>
      <trkpt lat="48.875405" lon="-121.529078">
        <ele>1734.0</ele>
        <time>2019-05-27T14:30:37Z</time>
      </trkpt>
      <trkpt lat="48.875387" lon="-121.529109">
        <ele>1732.6</ele>
        <time>2019-05-27T14:30:40Z</time>
      </trkpt>
      <trkpt lat="48.875324" lon="-121.52914">
        <ele>1731.9</ele>
        <time>2019-05-27T14:30:45Z</time>
      </trkpt>
      <trkpt lat="48.875285" lon="-121.529181">
        <ele>1730.3</ele>
        <time>2019-05-27T14:30:49Z</time>
      </trkpt>
      <trkpt lat="48.875154" lon="-121.529262">
        <ele>1730.1</ele>
        <time>2019-05-27T14:31:01Z</time>
      </trkpt>
      <trkpt lat="48.875134" lon="-121.529318">
        <ele>1728.9</ele>
        <time>2019-05-27T14:31:06Z</time>
      </trkpt>
      <trkpt lat="48.875095" lon="-121.529353">
        <ele>1729.5</ele>
        <time>2019-05-27T14:31:11Z</time>
      </trkpt>
      <trkpt lat="48.875051" lon="-121.529372">
        <ele>1730.5</ele>
        <time>2019-05-27T14:31:15Z</time>
      </trkpt>
      <trkpt lat="48.875025" lon="-121.529445">
        <ele>1730.0</ele>
        <time>2019-05-27T14:31:22Z</time>
      </trkpt>
      <trkpt lat="48.874944" lon="-121.529493">
        <ele>1732.7</ele>
        <time>2019-05-27T14:31:28Z</time>
      </trkpt>
      <trkpt lat="48.874881" lon="-121.529509">
        <ele>1733.3</ele>
        <time>2019-05-27T14:31:33Z</time>
      </trkpt>
      <trkpt lat="48.874873" lon="-121.529515">
        <ele>1733.3</ele>
        <time>2019-05-27T14:31:34Z</time>
      </trkpt>
      <trkpt lat="48.874785" lon="-121.52955">
        <ele>1733.7</ele>
        <time>2019-05-27T14:31:42Z</time>
      </trkpt>
      <trkpt lat="48.874742" lon="-121.529513">
        <ele>1732.9</ele>
        <time>2019-05-27T14:31:54Z</time>
      </trkpt>
      <trkpt lat="48.874642" lon="-121.529517">
        <ele>1735.1</ele>
        <time>2019-05-27T14:32:23Z</time>
      </trkpt>
      <trkpt lat="48.874578" lon="-121.529537">
        <ele>1732.9</ele>
        <time>2019-05-27T14:32:31Z</time>
      </trkpt>
      <trkpt lat="48.874547" lon="-121.529559">
        <ele>1729.4</ele>
        <time>2019-05-27T14:32:34Z</time>
      </trkpt>
      <trkpt lat="48.874552" lon="-121.529582">
        <ele>1729.1</ele>
        <time>2019-05-27T14:32:34Z</time>
      </trkpt>
      <trkpt lat="48.87453" lon="-121.529556">
        <ele>1729.0</ele>
        <time>2019-05-27T14:32:36Z</time>
      </trkpt>
      <trkpt lat="48.874366" lon="-121.529626">
        <ele>1725.2</ele>
        <time>2019-05-27T14:32:44Z</time>
      </trkpt>
      <trkpt lat="48.874178" lon="-121.529669">
        <ele>1721.7</ele>
        <time>2019-05-27T14:32:55Z</time>
      </trkpt>
      <trkpt lat="48.874087" lon="-121.529707">
        <ele>1719.4</ele>
        <time>2019-05-27T14:33:03Z</time>
      </trkpt>
      <trkpt lat="48.874017" lon="-121.52971">
        <ele>1718.8</ele>
        <time>2019-05-27T14:33:07Z</time>
      </trkpt>
      <trkpt lat="48.873901" lon="-121.529776">
        <ele>1719.3</ele>
        <time>2019-05-27T14:33:15Z</time>
      </trkpt>
      <trkpt lat="48.873852" lon="-121.529788">
        <ele>1717.5</ele>
        <time>2019-05-27T14:33:19Z</time>
      </trkpt>
      <trkpt lat="48.873696" lon="-121.529871">
        <ele>1716.1</ele>
        <time>2019-05-27T14:33:33Z</time>
      </trkpt>
      <trkpt lat="48.873694" lon="-121.529879">
        <ele>1716.2</ele>
        <time>2019-05-27T14:33:34Z</time>
      </trkpt>
      <trkpt lat="48.873584" lon="-121.529935">
        <ele>1716.9</ele>
        <time>2019-05-27T14:33:44Z</time>
      </trkpt>
      <trkpt lat="48.87352" lon="-121.529944">
        <ele>1717.3</ele>
        <time>2019-05-27T14:33:48Z</time>
      </trkpt>
      <trkpt lat="48.873466" lon="-121.529959">
        <ele>1717.7</ele>
        <time>2019-05-27T14:33:52Z</time>
      </trkpt>
      <trkpt lat="48.873369" lon="-121.529962">
        <ele>1717.2</ele>
        <time>2019-05-27T14:33:58Z</time>
      </trkpt>
      <trkpt lat="48.873317" lon="-121.52997">
        <ele>1717.7</ele>
        <time>2019-05-27T14:34:02Z</time>
      </trkpt>
      <trkpt lat="48.873283" lon="-121.529999">
        <ele>1716.8</ele>
        <time>2019-05-27T14:34:06Z</time>
      </trkpt>
      <trkpt lat="48.873219" lon="-121.53">
        <ele>1716.7</ele>
        <time>2019-05-27T14:34:12Z</time>
      </trkpt>
      <trkpt lat="48.873183" lon="-121.530026">
        <ele>1716.7</ele>
        <time>2019-05-27T14:34:15Z</time>
      </trkpt>
      <trkpt lat="48.873162" lon="-121.53006">
        <ele>1715.8</ele>
        <time>2019-05-27T14:34:17Z</time>
      </trkpt>
      <trkpt lat="48.873105" lon="-121.53011">
        <ele>1717.1</ele>
        <time>2019-05-27T14:34:23Z</time>
      </trkpt>
      <trkpt lat="48.873071" lon="-121.530169">
        <ele>1718.7</ele>
        <time>2019-05-27T14:34:29Z</time>
      </trkpt>
      <trkpt lat="48.873027" lon="-121.530164">
        <ele>1718.2</ele>
        <time>2019-05-27T14:34:31Z</time>
      </trkpt>
      <trkpt lat="48.872972" lon="-121.530136">
        <ele>1716.5</ele>
        <time>2019-05-27T14:34:36Z</time>
      </trkpt>
      <trkpt lat="48.87285" lon="-121.530147">
        <ele>1719.1</ele>
        <time>2019-05-27T14:34:48Z</time>
      </trkpt>
      <trkpt lat="48.872674" lon="-121.530138">
        <ele>1714.5</ele>
        <time>2019-05-27T14:34:58Z</time>
      </trkpt>
      <trkpt lat="48.872592" lon="-121.530143">
        <ele>1711.3</ele>
        <time>2019-05-27T14:35:02Z</time>
      </trkpt>
      <trkpt lat="48.872461" lon="-121.530205">
        <ele>1710.9</ele>
        <time>2019-05-27T14:35:13Z</time>
      </trkpt>
      <trkpt lat="48.872295" lon="-121.530256">
        <ele>1709.7</ele>
        <time>2019-05-27T14:35:26Z</time>
      </trkpt>
      <trkpt lat="48.872171" lon="-121.530308">
        <ele>1710.0</ele>
        <time>2019-05-27T14:35:38Z</time>
      </trkpt>
      <trkpt lat="48.872095" lon="-121.530296">
        <ele>1710.2</ele>
        <time>2019-05-27T14:35:44Z</time>
      </trkpt>
      <trkpt lat="48.871999" lon="-121.530294">
        <ele>1711.8</ele>
        <time>2019-05-27T14:35:54Z</time>
      </trkpt>
      <trkpt lat="48.871918" lon="-121.530326">
        <ele>1707.1</ele>
        <time>2019-05-27T14:36:08Z</time>
      </trkpt>
      <trkpt lat="48.871865" lon="-121.530329">
        <ele>1708.4</ele>
        <time>2019-05-27T14:36:14Z</time>
      </trkpt>
      <trkpt lat="48.871822" lon="-121.530359">
        <ele>1707.9</ele>
        <time>2019-05-27T14:36:21Z</time>
      </trkpt>
      <trkpt lat="48.871742" lon="-121.530366">
        <ele>1710.8</ele>
        <time>2019-05-27T14:36:30Z</time>
      </trkpt>
      <trkpt lat="48.871728" lon="-121.530364">
        <ele>1711.0</ele>
        <time>2019-05-27T14:36:31Z</time>
      </trkpt>
      <trkpt lat="48.871652" lon="-121.53037">
        <ele>1709.2</ele>
        <time>2019-05-27T14:36:42Z</time>
      </trkpt>
      <trkpt lat="48.871548" lon="-121.530361">
        <ele>1711.5</ele>
        <time>2019-05-27T14:36:54Z</time>
      </trkpt>
      <trkpt lat="48.871537" lon="-121.530363">
        <ele>1711.5</ele>
        <time>2019-05-27T14:36:55Z</time>
      </trkpt>
      <trkpt lat="48.871477" lon="-121.530357">
        <ele>1714.1</ele>
        <time>2019-05-27T14:37:02Z</time>
      </trkpt>
      <trkpt lat="48.871425" lon="-121.530369">
        <ele>1714.9</ele>
        <time>2019-05-27T14:37:10Z</time>
      </trkpt>
      <trkpt lat="48.871402" lon="-121.530362">
        <ele>1715.0</ele>
        <time>2019-05-27T14:37:12Z</time>
      </trkpt>
      <trkpt lat="48.871354" lon="-121.530378">
        <ele>1716.4</ele>
        <time>2019-05-27T14:37:17Z</time>
      </trkpt>
      <trkpt lat="48.871273" lon="-121.530384">
        <ele>1717.1</ele>
        <time>2019-05-27T14:37:25Z</time>
      </trkpt>
      <trkpt lat="48.871208" lon="-121.530417">
        <ele>1718.4</ele>
        <time>2019-05-27T14:37:34Z</time>
      </trkpt>
      <trkpt lat="48.871195" lon="-121.530448">
        <ele>1717.5</ele>
        <time>2019-05-27T14:37:36Z</time>
      </trkpt>
      <trkpt lat="48.871177" lon="-121.530454">
        <ele>1718.4</ele>
        <time>2019-05-27T14:37:38Z</time>
      </trkpt>
      <trkpt lat="48.871081" lon="-121.530472">
        <ele>1722.3</ele>
        <time>2019-05-27T14:37:53Z</time>
      </trkpt>
      <trkpt lat="48.870999" lon="-121.530476">
        <ele>1723.1</ele>
        <time>2019-05-27T14:38:04Z</time>
      </trkpt>
      <trkpt lat="48.870995" lon="-121.530473">
        <ele>1723.2</ele>
        <time>2019-05-27T14:38:05Z</time>
      </trkpt>
      <trkpt lat="48.870948" lon="-121.530487">
        <ele>1724.0</ele>
        <time>2019-05-27T14:38:11Z</time>
      </trkpt>
      <trkpt lat="48.870926" lon="-121.530479">
        <ele>1725.4</ele>
        <time>2019-05-27T14:38:14Z</time>
      </trkpt>
      <trkpt lat="48.870902" lon="-121.530489">
        <ele>1724.8</ele>
        <time>2019-05-27T14:38:17Z</time>
      </trkpt>
      <trkpt lat="48.870882" lon="-121.530481">
        <ele>1725.3</ele>
        <time>2019-05-27T14:38:20Z</time>
      </trkpt>
      <trkpt lat="48.870874" lon="-121.530511">
        <ele>1725.7</ele>
        <time>2019-05-27T14:38:27Z</time>
      </trkpt>
      <trkpt lat="48.87084" lon="-121.530523">
        <ele>1727.6</ele>
        <time>2019-05-27T14:38:32Z</time>
      </trkpt>
      <trkpt lat="48.870814" lon="-121.530508">
        <ele>1727.7</ele>
        <time>2019-05-27T14:38:36Z</time>
      </trkpt>
      <trkpt lat="48.870774" lon="-121.530524">
        <ele>1728.0</ele>
        <time>2019-05-27T14:38:41Z</time>
      </trkpt>
      <trkpt lat="48.870672" lon="-121.530519">
        <ele>1735.3</ele>
        <time>2019-05-27T14:38:57Z</time>
      </trkpt>
      <trkpt lat="48.870619" lon="-121.530476">
        <ele>1737.9</ele>
        <time>2019-05-27T14:39:07Z</time>
      </trkpt>
      <trkpt lat="48.870547" lon="-121.530462">
        <ele>1738.6</ele>
        <time>2019-05-27T14:39:19Z</time>
      </trkpt>
      <trkpt lat="48.870524" lon="-121.530471">
        <ele>1736.4</ele>
        <time>2019-05-27T14:39:38Z</time>
      </trkpt>
      <trkpt lat="48.870393" lon="-121.530407">
        <ele>1739.1</ele>
        <time>2019-05-27T14:40:01Z</time>
      </trkpt>
      <trkpt lat="48.870308" lon="-121.530394">
        <ele>1740.6</ele>
        <time>2019-05-27T14:40:14Z</time>
      </trkpt>
      <trkpt lat="48.870291" lon="-121.530353">
        <ele>1742.0</ele>
        <time>2019-05-27T14:40:20Z</time>
      </trkpt>
      <trkpt lat="48.870265" lon="-121.530346">
        <ele>1742.8</ele>
        <time>2019-05-27T14:40:24Z</time>
      </trkpt>
      <trkpt lat="48.870252" lon="-121.530315">
        <ele>1742.1</ele>
        <time>2019-05-27T14:40:31Z</time>
      </trkpt>
      <trkpt lat="48.870222" lon="-121.530316">
        <ele>1741.4</ele>
        <time>2019-05-27T14:40:34Z</time>
      </trkpt>
      <trkpt lat="48.870203" lon="-121.530347">
        <ele>1742.2</ele>
        <time>2019-05-27T14:40:34Z</time>
      </trkpt>
      <trkpt lat="48.870168" lon="-121.530353">
        <ele>1742.3</ele>
        <time>2019-05-27T14:40:40Z</time>
      </trkpt>
      <trkpt lat="48.87007" lon="-121.530337">
        <ele>1746.5</ele>
        <time>2019-05-27T14:40:55Z</time>
      </trkpt>
      <trkpt lat="48.869992" lon="-121.530366">
        <ele>1747.8</ele>
        <time>2019-05-27T14:41:52Z</time>
      </trkpt>
      <trkpt lat="48.869864" lon="-121.530349">
        <ele>1750.9</ele>
        <time>2019-05-27T14:42:10Z</time>
      </trkpt>
      <trkpt lat="48.86984" lon="-121.530361">
        <ele>1753.1</ele>
        <time>2019-05-27T14:42:19Z</time>
      </trkpt>
      <trkpt lat="48.869801" lon="-121.530358">
        <ele>1754.9</ele>
        <time>2019-05-27T14:42:24Z</time>
      </trkpt>
      <trkpt lat="48.86962" lon="-121.530321">
        <ele>1763.0</ele>
        <time>2019-05-27T14:42:58Z</time>
      </trkpt>
      <trkpt lat="48.869543" lon="-121.530333">
        <ele>1763.4</ele>
        <time>2019-05-27T14:43:23Z</time>
      </trkpt>
      <trkpt lat="48.869499" lon="-121.530328">
        <ele>1766.2</ele>
        <time>2019-05-27T14:43:33Z</time>
      </trkpt>
      <trkpt lat="48.869452" lon="-121.530348">
        <ele>1766.0</ele>
        <time>2019-05-27T14:43:40Z</time>
      </trkpt>
      <trkpt lat="48.869272" lon="-121.530341">
        <ele>1766.6</ele>
        <time>2019-05-27T14:44:06Z</time>
      </trkpt>
      <trkpt lat="48.869243" lon="-121.530349">
        <ele>1766.4</ele>
        <time>2019-05-27T14:44:12Z</time>
      </trkpt>
      <trkpt lat="48.869208" lon="-121.530392">
        <ele>1771.1</ele>
        <time>2019-05-27T14:44:21Z</time>
      </trkpt>
      <trkpt lat="48.869102" lon="-121.530426">
        <ele>1773.1</ele>
        <time>2019-05-27T14:44:43Z</time>
      </trkpt>
      <trkpt lat="48.869011" lon="-121.530475">
        <ele>1776.7</ele>
        <time>2019-05-27T14:45:18Z</time>
      </trkpt>
      <trkpt lat="48.868902" lon="-121.530497">
        <ele>1776.6</ele>
        <time>2019-05-27T14:45:39Z</time>
      </trkpt>
      <trkpt lat="48.868879" lon="-121.53049">
        <ele>1776.5</ele>
        <time>2019-05-27T14:45:44Z</time>
      </trkpt>
      <trkpt lat="48.868806" lon="-121.530505">
        <ele>1775.5</ele>
        <time>2019-05-27T14:45:55Z</time>
      </trkpt>
      <trkpt lat="48.868753" lon="-121.5305">
        <ele>1773.9</ele>
        <time>2019-05-27T14:46:03Z</time>
      </trkpt>
      <trkpt lat="48.868721" lon="-121.530503">
        <ele>1773.7</ele>
        <time>2019-05-27T14:46:08Z</time>
      </trkpt>
      <trkpt lat="48.8687" lon="-121.53048">
        <ele>1776.4</ele>
        <time>2019-05-27T14:47:11Z</time>
      </trkpt>
      <trkpt lat="48.868685" lon="-121.530511">
        <ele>1775.7</ele>
        <time>2019-05-27T14:49:01Z</time>
      </trkpt>
      <trkpt lat="48.868661" lon="-121.530507">
        <ele>1776.8</ele>
        <time>2019-05-27T14:49:06Z</time>
      </trkpt>
      <trkpt lat="48.8686" lon="-121.530436">
        <ele>1780.9</ele>
        <time>2019-05-27T14:49:23Z</time>
      </trkpt>
      <trkpt lat="48.868576" lon="-121.530403">
        <ele>1783.4</ele>
        <time>2019-05-27T14:49:33Z</time>
      </trkpt>
      <trkpt lat="48.868485" lon="-121.530343">
        <ele>1788.2</ele>
        <time>2019-05-27T14:50:09Z</time>
      </trkpt>
      <trkpt lat="48.868466" lon="-121.530313">
        <ele>1791.1</ele>
        <time>2019-05-27T14:50:18Z</time>
      </trkpt>
      <trkpt lat="48.868437" lon="-121.530302">
        <ele>1792.2</ele>
        <time>2019-05-27T14:50:41Z</time>
      </trkpt>
      <trkpt lat="48.868417" lon="-121.530262">
        <ele>1794.4</ele>
        <time>2019-05-27T14:50:50Z</time>
      </trkpt>
      <trkpt lat="48.868347" lon="-121.530204">
        <ele>1799.1</ele>
        <time>2019-05-27T14:51:20Z</time>
      </trkpt>
      <trkpt lat="48.86833" lon="-121.530218">
        <ele>1798.9</ele>
        <time>2019-05-27T14:51:23Z</time>
      </trkpt>
      <trkpt lat="48.868295" lon="-121.530281">
        <ele>1799.1</ele>
        <time>2019-05-27T14:51:32Z</time>
      </trkpt>
      <trkpt lat="48.86824" lon="-121.53031">
        <ele>1800.1</ele>
        <time>2019-05-27T14:51:42Z</time>
      </trkpt>
      <trkpt lat="48.868228" lon="-121.530341">
        <ele>1800.0</ele>
        <time>2019-05-27T14:51:59Z</time>
      </trkpt>
      <trkpt lat="48.868129" lon="-121.530366">
        <ele>1799.1</ele>
        <time>2019-05-27T14:52:17Z</time>
      </trkpt>
      <trkpt lat="48.868022" lon="-121.530372">
        <ele>1804.2</ele>
        <time>2019-05-27T14:52:39Z</time>
      </trkpt>
      <trkpt lat="48.867947" lon="-121.530414">
        <ele>1806.8</ele>
        <time>2019-05-27T14:52:56Z</time>
      </trkpt>
      <trkpt lat="48.867892" lon="-121.53042">
        <ele>1808.0</ele>
        <time>2019-05-27T14:53:07Z</time>
      </trkpt>
      <trkpt lat="48.867796" lon="-121.53046">
        <ele>1810.3</ele>
        <time>2019-05-27T14:53:33Z</time>
      </trkpt>
      <trkpt lat="48.867763" lon="-121.530456">
        <ele>1812.0</ele>
        <time>2019-05-27T14:53:41Z</time>
      </trkpt>
      <trkpt lat="48.867737" lon="-121.530477">
        <ele>1812.3</ele>
        <time>2019-05-27T14:53:47Z</time>
      </trkpt>
      <trkpt lat="48.867712" lon="-121.530478">
        <ele>1814.0</ele>
        <time>2019-05-27T14:53:53Z</time>
      </trkpt>
      <trkpt lat="48.867672" lon="-121.530522">
        <ele>1813.8</ele>
        <time>2019-05-27T14:54:04Z</time>
      </trkpt>
      <trkpt lat="48.867624" lon="-121.530534">
        <ele>1816.7</ele>
        <time>2019-05-27T14:54:14Z</time>
      </trkpt>
      <trkpt lat="48.86759" lon="-121.530528">
        <ele>1815.8</ele>
        <time>2019-05-27T14:54:20Z</time>
      </trkpt>
      <trkpt lat="48.867537" lon="-121.530549">
        <ele>1818.7</ele>
        <time>2019-05-27T14:54:33Z</time>
      </trkpt>
      <trkpt lat="48.867516" lon="-121.530523">
        <ele>1819.0</ele>
        <time>2019-05-27T14:54:36Z</time>
      </trkpt>
      <trkpt lat="48.867477" lon="-121.530564">
        <ele>1820.2</ele>
        <time>2019-05-27T14:54:46Z</time>
      </trkpt>
      <trkpt lat="48.867423" lon="-121.530582">
        <ele>1822.2</ele>
        <time>2019-05-27T14:54:59Z</time>
      </trkpt>
      <trkpt lat="48.867371" lon="-121.530605">
        <ele>1822.9</ele>
        <time>2019-05-27T14:55:12Z</time>
      </trkpt>
      <trkpt lat="48.867301" lon="-121.530614">
        <ele>1823.9</ele>
        <time>2019-05-27T14:55:25Z</time>
      </trkpt>
      <trkpt lat="48.867287" lon="-121.530646">
        <ele>1825.5</ele>
        <time>2019-05-27T14:55:40Z</time>
      </trkpt>
      <trkpt lat="48.867254" lon="-121.53064">
        <ele>1827.5</ele>
        <time>2019-05-27T14:55:46Z</time>
      </trkpt>
      <trkpt lat="48.867173" lon="-121.530637">
        <ele>1829.9</ele>
        <time>2019-05-27T14:56:03Z</time>
      </trkpt>
      <trkpt lat="48.86715" lon="-121.530645">
        <ele>1830.3</ele>
        <time>2019-05-27T14:56:07Z</time>
      </trkpt>
      <trkpt lat="48.867104" lon="-121.530621">
        <ele>1832.5</ele>
        <time>2019-05-27T14:56:18Z</time>
      </trkpt>
      <trkpt lat="48.867067" lon="-121.53065">
        <ele>1834.3</ele>
        <time>2019-05-27T14:56:26Z</time>
      </trkpt>
      <trkpt lat="48.867" lon="-121.530697">
        <ele>1833.2</ele>
        <time>2019-05-27T14:56:43Z</time>
      </trkpt>
      <trkpt lat="48.866925" lon="-121.530703">
        <ele>1833.4</ele>
        <time>2019-05-27T14:57:03Z</time>
      </trkpt>
      <trkpt lat="48.866892" lon="-121.530723">
        <ele>1835.6</ele>
        <time>2019-05-27T14:57:13Z</time>
      </trkpt>
      <trkpt lat="48.866837" lon="-121.530749">
        <ele>1840.3</ele>
        <time>2019-05-27T14:57:28Z</time>
      </trkpt>
      <trkpt lat="48.866814" lon="-121.530743">
        <ele>1841.2</ele>
        <time>2019-05-27T14:57:32Z</time>
      </trkpt>
      <trkpt lat="48.866767" lon="-121.530764">
        <ele>1842.3</ele>
        <time>2019-05-27T14:57:44Z</time>
      </trkpt>
      <trkpt lat="48.866741" lon="-121.530763">
        <ele>1843.1</ele>
        <time>2019-05-27T14:57:55Z</time>
      </trkpt>
      <trkpt lat="48.866727" lon="-121.530798">
        <ele>1838.5</ele>
        <time>2019-05-27T14:58:40Z</time>
      </trkpt>
      <trkpt lat="48.866665" lon="-121.53077">
        <ele>1840.0</ele>
        <time>2019-05-27T14:58:51Z</time>
      </trkpt>
      <trkpt lat="48.866617" lon="-121.530781">
        <ele>1841.5</ele>
        <time>2019-05-27T14:59:04Z</time>
      </trkpt>
      <trkpt lat="48.866543" lon="-121.530752">
        <ele>1846.7</ele>
        <time>2019-05-27T14:59:19Z</time>
      </trkpt>
      <trkpt lat="48.866508" lon="-121.530735">
        <ele>1848.7</ele>
        <time>2019-05-27T14:59:28Z</time>
      </trkpt>
      <trkpt lat="48.866458" lon="-121.530749">
        <ele>1848.5</ele>
        <time>2019-05-27T14:59:44Z</time>
      </trkpt>
      <trkpt lat="48.866382" lon="-121.530732">
        <ele>1852.6</ele>
        <time>2019-05-27T15:00:04Z</time>
      </trkpt>
      <trkpt lat="48.866352" lon="-121.530767">
        <ele>1853.6</ele>
        <time>2019-05-27T15:00:10Z</time>
      </trkpt>
      <trkpt lat="48.866337" lon="-121.530748">
        <ele>1853.9</ele>
        <time>2019-05-27T15:00:18Z</time>
      </trkpt>
      <trkpt lat="48.866293" lon="-121.530728">
        <ele>1856.2</ele>
        <time>2019-05-27T15:00:28Z</time>
      </trkpt>
      <trkpt lat="48.866252" lon="-121.530685">
        <ele>1858.0</ele>
        <time>2019-05-27T15:00:37Z</time>
      </trkpt>
      <trkpt lat="48.866195" lon="-121.53069">
        <ele>1859.9</ele>
        <time>2019-05-27T15:00:50Z</time>
      </trkpt>
      <trkpt lat="48.866164" lon="-121.530704">
        <ele>1861.1</ele>
        <time>2019-05-27T15:00:57Z</time>
      </trkpt>
      <trkpt lat="48.866146" lon="-121.530724">
        <ele>1862.9</ele>
        <time>2019-05-27T15:01:08Z</time>
      </trkpt>
      <trkpt lat="48.866017" lon="-121.530692">
        <ele>1866.4</ele>
        <time>2019-05-27T15:01:47Z</time>
      </trkpt>
      <trkpt lat="48.865984" lon="-121.530689">
        <ele>1867.9</ele>
        <time>2019-05-27T15:01:58Z</time>
      </trkpt>
      <trkpt lat="48.865916" lon="-121.530712">
        <ele>1870.9</ele>
        <time>2019-05-27T15:02:26Z</time>
      </trkpt>
      <trkpt lat="48.865891" lon="-121.530706">
        <ele>1872.6</ele>
        <time>2019-05-27T15:02:31Z</time>
      </trkpt>
      <trkpt lat="48.865872" lon="-121.53073">
        <ele>1872.4</ele>
        <time>2019-05-27T15:02:38Z</time>
      </trkpt>
      <trkpt lat="48.86584" lon="-121.530733">
        <ele>1876.2</ele>
        <time>2019-05-27T15:02:48Z</time>
      </trkpt>
      <trkpt lat="48.86581" lon="-121.530714">
        <ele>1878.5</ele>
        <time>2019-05-27T15:02:57Z</time>
      </trkpt>
      <trkpt lat="48.865783" lon="-121.530715">
        <ele>1879.1</ele>
        <time>2019-05-27T15:03:11Z</time>
      </trkpt>
      <trkpt lat="48.865763" lon="-121.530689">
        <ele>1880.1</ele>
        <time>2019-05-27T15:03:30Z</time>
      </trkpt>
      <trkpt lat="48.865733" lon="-121.530744">
        <ele>1880.9</ele>
        <time>2019-05-27T15:03:44Z</time>
      </trkpt>
      <trkpt lat="48.865709" lon="-121.530729">
        <ele>1883.7</ele>
        <time>2019-05-27T15:03:55Z</time>
      </trkpt>
      <trkpt lat="48.865681" lon="-121.530726">
        <ele>1885.1</ele>
        <time>2019-05-27T15:04:15Z</time>
      </trkpt>
      <trkpt lat="48.865656" lon="-121.530714">
        <ele>1885.5</ele>
        <time>2019-05-27T15:04:27Z</time>
      </trkpt>
      <trkpt lat="48.865609" lon="-121.530742">
        <ele>1884.8</ele>
        <time>2019-05-27T15:04:47Z</time>
      </trkpt>
      <trkpt lat="48.865586" lon="-121.530729">
        <ele>1888.0</ele>
        <time>2019-05-27T15:04:54Z</time>
      </trkpt>
      <trkpt lat="48.865544" lon="-121.530766">
        <ele>1888.9</ele>
        <time>2019-05-27T15:05:24Z</time>
      </trkpt>
      <trkpt lat="48.86552" lon="-121.530765">
        <ele>1890.0</ele>
        <time>2019-05-27T15:05:34Z</time>
      </trkpt>
      <trkpt lat="48.865514" lon="-121.530736">
        <ele>1891.3</ele>
        <time>2019-05-27T15:05:34Z</time>
      </trkpt>
      <trkpt lat="48.865457" lon="-121.530733">
        <ele>1897.3</ele>
        <time>2019-05-27T15:05:58Z</time>
      </trkpt>
      <trkpt lat="48.865449" lon="-121.530792">
        <ele>1894.3</ele>
        <time>2019-05-27T15:06:05Z</time>
      </trkpt>
      <trkpt lat="48.865422" lon="-121.530796">
        <ele>1896.1</ele>
        <time>2019-05-27T15:06:15Z</time>
      </trkpt>
      <trkpt lat="48.865429" lon="-121.530757">
        <ele>1896.9</ele>
        <time>2019-05-27T15:06:26Z</time>
      </trkpt>
      <trkpt lat="48.865409" lon="-121.530719">
        <ele>1900.5</ele>
        <time>2019-05-27T15:06:37Z</time>
      </trkpt>
      <trkpt lat="48.865386" lon="-121.530723">
        <ele>1903.0</ele>
        <time>2019-05-27T15:06:43Z</time>
      </trkpt>
      <trkpt lat="48.865337" lon="-121.530696">
        <ele>1906.2</ele>
        <time>2019-05-27T15:07:08Z</time>
      </trkpt>
      <trkpt lat="48.8653" lon="-121.530641">
        <ele>1905.6</ele>
        <time>2019-05-27T15:07:33Z</time>
      </trkpt>
      <trkpt lat="48.865277" lon="-121.530644">
        <ele>1908.5</ele>
        <time>2019-05-27T15:08:04Z</time>
      </trkpt>
      <trkpt lat="48.86525" lon="-121.530625">
        <ele>1913.1</ele>
        <time>2019-05-27T15:08:18Z</time>
      </trkpt>
      <trkpt lat="48.865243" lon="-121.530636">
        <ele>1912.9</ele>
        <time>2019-05-27T15:08:19Z</time>
      </trkpt>
      <trkpt lat="48.865202" lon="-121.530669">
        <ele>1912.1</ele>
        <time>2019-05-27T15:08:41Z</time>
      </trkpt>
      <trkpt lat="48.86521" lon="-121.530698">
        <ele>1908.6</ele>
        <time>2019-05-27T15:08:42Z</time>
      </trkpt>
      <trkpt lat="48.865199" lon="-121.530733">
        <ele>1912.1</ele>
        <time>2019-05-27T15:08:49Z</time>
      </trkpt>
      <trkpt lat="48.865175" lon="-121.530716">
        <ele>1917.2</ele>
        <time>2019-05-27T15:08:54Z</time>
      </trkpt>
      <trkpt lat="48.865169" lon="-121.530679">
        <ele>1917.0</ele>
        <time>2019-05-27T15:08:57Z</time>
      </trkpt>
      <trkpt lat="48.865139" lon="-121.530679">
        <ele>1916.1</ele>
        <time>2019-05-27T15:09:20Z</time>
      </trkpt>
      <trkpt lat="48.865081" lon="-121.530652">
        <ele>1919.2</ele>
        <time>2019-05-27T15:09:34Z</time>
      </trkpt>
      <trkpt lat="48.865057" lon="-121.530666">
        <ele>1919.4</ele>
        <time>2019-05-27T15:09:46Z</time>
      </trkpt>
      <trkpt lat="48.864966" lon="-121.530596">
        <ele>1927.3</ele>
        <time>2019-05-27T15:10:18Z</time>
      </trkpt>
      <trkpt lat="48.864916" lon="-121.530609">
        <ele>1930.7</ele>
        <time>2019-05-27T15:10:36Z</time>
      </trkpt>
      <trkpt lat="48.864875" lon="-121.530568">
        <ele>1933.9</ele>
        <time>2019-05-27T15:10:55Z</time>
      </trkpt>
      <trkpt lat="48.864849" lon="-121.530563">
        <ele>1935.5</ele>
        <time>2019-05-27T15:11:03Z</time>
      </trkpt>
      <trkpt lat="48.864823" lon="-121.530568">
        <ele>1937.2</ele>
        <time>2019-05-27T15:11:13Z</time>
      </trkpt>
      <trkpt lat="48.864812" lon="-121.530608">
        <ele>1934.5</ele>
        <time>2019-05-27T15:11:23Z</time>
      </trkpt>
      <trkpt lat="48.864784" lon="-121.530612">
        <ele>1937.8</ele>
        <time>2019-05-27T15:11:32Z</time>
      </trkpt>
      <trkpt lat="48.864735" lon="-121.530586">
        <ele>1941.9</ele>
        <time>2019-05-27T15:11:48Z</time>
      </trkpt>
      <trkpt lat="48.864723" lon="-121.530615">
        <ele>1943.8</ele>
        <time>2019-05-27T15:12:10Z</time>
      </trkpt>
      <trkpt lat="48.864675" lon="-121.530611">
        <ele>1947.1</ele>
        <time>2019-05-27T15:12:25Z</time>
      </trkpt>
      <trkpt lat="48.864648" lon="-121.530583">
        <ele>1948.3</ele>
        <time>2019-05-27T15:12:30Z</time>
      </trkpt>
      <trkpt lat="48.864593" lon="-121.530594">
        <ele>1949.1</ele>
        <time>2019-05-27T15:13:08Z</time>
      </trkpt>
      <trkpt lat="48.864542" lon="-121.530583">
        <ele>1954.8</ele>
        <time>2019-05-27T15:13:25Z</time>
      </trkpt>
      <trkpt lat="48.864501" lon="-121.530627">
        <ele>1956.3</ele>
        <time>2019-05-27T15:13:36Z</time>
      </trkpt>
      <trkpt lat="48.864473" lon="-121.530623">
        <ele>1958.1</ele>
        <time>2019-05-27T15:13:44Z</time>
      </trkpt>
      <trkpt lat="48.864443" lon="-121.530604">
        <ele>1957.4</ele>
        <time>2019-05-27T15:14:01Z</time>
      </trkpt>
      <trkpt lat="48.864423" lon="-121.530612">
        <ele>1957.9</ele>
        <time>2019-05-27T15:14:16Z</time>
      </trkpt>
      <trkpt lat="48.864389" lon="-121.530671">
        <ele>1958.9</ele>
        <time>2019-05-27T15:14:29Z</time>
      </trkpt>
      <trkpt lat="48.864365" lon="-121.530664">
        <ele>1960.3</ele>
        <time>2019-05-27T15:14:36Z</time>
      </trkpt>
      <trkpt lat="48.864346" lon="-121.530637">
        <ele>1962.1</ele>
        <time>2019-05-27T15:14:50Z</time>
      </trkpt>
      <trkpt lat="48.864285" lon="-121.530653">
        <ele>1967.3</ele>
        <time>2019-05-27T15:15:10Z</time>
      </trkpt>
      <trkpt lat="48.864234" lon="-121.530637">
        <ele>1970.1</ele>
        <time>2019-05-27T15:15:29Z</time>
      </trkpt>
      <trkpt lat="48.864182" lon="-121.530644">
        <ele>1974.0</ele>
        <time>2019-05-27T15:15:52Z</time>
      </trkpt>
      <trkpt lat="48.864128" lon="-121.530671">
        <ele>1973.9</ele>
        <time>2019-05-27T15:16:18Z</time>
      </trkpt>
      <trkpt lat="48.86411" lon="-121.530703">
        <ele>1974.4</ele>
        <time>2019-05-27T15:16:25Z</time>
      </trkpt>
      <trkpt lat="48.864084" lon="-121.530707">
        <ele>1978.3</ele>
        <time>2019-05-27T15:16:32Z</time>
      </trkpt>
      <trkpt lat="48.864014" lon="-121.530681">
        <ele>1979.8</ele>
        <time>2019-05-27T15:17:14Z</time>
      </trkpt>
      <trkpt lat="48.863991" lon="-121.530693">
        <ele>1981.7</ele>
        <time>2019-05-27T15:17:21Z</time>
      </trkpt>
      <trkpt lat="48.863977" lon="-121.530752">
        <ele>1981.9</ele>
        <time>2019-05-27T15:17:26Z</time>
      </trkpt>
      <trkpt lat="48.863941" lon="-121.530698">
        <ele>1986.1</ele>
        <time>2019-05-27T15:17:34Z</time>
      </trkpt>
      <trkpt lat="48.863915" lon="-121.530704">
        <ele>1986.6</ele>
        <time>2019-05-27T15:17:41Z</time>
      </trkpt>
      <trkpt lat="48.863893" lon="-121.530691">
        <ele>1986.8</ele>
        <time>2019-05-27T15:17:48Z</time>
      </trkpt>
      <trkpt lat="48.863882" lon="-121.530723">
        <ele>1984.8</ele>
        <time>2019-05-27T15:18:01Z</time>
      </trkpt>
      <trkpt lat="48.863861" lon="-121.530739">
        <ele>1985.7</ele>
        <time>2019-05-27T15:18:21Z</time>
      </trkpt>
      <trkpt lat="48.863771" lon="-121.530751">
        <ele>1992.5</ele>
        <time>2019-05-27T15:18:46Z</time>
      </trkpt>
      <trkpt lat="48.863699" lon="-121.530782">
        <ele>1999.3</ele>
        <time>2019-05-27T15:19:14Z</time>
      </trkpt>
      <trkpt lat="48.863658" lon="-121.530818">
        <ele>2004.1</ele>
        <time>2019-05-27T15:19:33Z</time>
      </trkpt>
      <trkpt lat="48.863648" lon="-121.530835">
        <ele>2005.0</ele>
        <time>2019-05-27T15:19:34Z</time>
      </trkpt>
      <trkpt lat="48.863596" lon="-121.530846">
        <ele>2006.8</ele>
        <time>2019-05-27T15:19:47Z</time>
      </trkpt>
      <trkpt lat="48.863578" lon="-121.530822">
        <ele>2007.5</ele>
        <time>2019-05-27T15:19:50Z</time>
      </trkpt>
      <trkpt lat="48.863531" lon="-121.530813">
        <ele>2012.2</ele>
        <time>2019-05-27T15:20:08Z</time>
      </trkpt>
      <trkpt lat="48.863511" lon="-121.53084">
        <ele>2011.3</ele>
        <time>2019-05-27T15:20:22Z</time>
      </trkpt>
      <trkpt lat="48.863514" lon="-121.530888">
        <ele>2014.3</ele>
        <time>2019-05-27T15:20:34Z</time>
      </trkpt>
      <trkpt lat="48.863481" lon="-121.53092">
        <ele>2012.7</ele>
        <time>2019-05-27T15:20:46Z</time>
      </trkpt>
      <trkpt lat="48.863436" lon="-121.530884">
        <ele>2016.6</ele>
        <time>2019-05-27T15:21:01Z</time>
      </trkpt>
      <trkpt lat="48.863392" lon="-121.530879">
        <ele>2009.7</ele>
        <time>2019-05-27T15:27:39Z</time>
      </trkpt>
      <trkpt lat="48.863328" lon="-121.530935">
        <ele>2011.3</ele>
        <time>2019-05-27T15:27:58Z</time>
      </trkpt>
      <trkpt lat="48.863304" lon="-121.531016">
        <ele>2017.9</ele>
        <time>2019-05-27T15:28:12Z</time>
      </trkpt>
      <trkpt lat="48.863305" lon="-121.531052">
        <ele>2017.5</ele>
        <time>2019-05-27T15:28:15Z</time>
      </trkpt>
      <trkpt lat="48.863286" lon="-121.53108">
        <ele>2018.7</ele>
        <time>2019-05-27T15:28:23Z</time>
      </trkpt>
      <trkpt lat="48.863234" lon="-121.531081">
        <ele>2021.6</ele>
        <time>2019-05-27T15:28:45Z</time>
      </trkpt>
      <trkpt lat="48.863144" lon="-121.531185">
        <ele>2025.9</ele>
        <time>2019-05-27T15:29:33Z</time>
      </trkpt>
      <trkpt lat="48.863119" lon="-121.531176">
        <ele>2029.7</ele>
        <time>2019-05-27T15:29:40Z</time>
      </trkpt>
      <trkpt lat="48.863054" lon="-121.531229">
        <ele>2032.3</ele>
        <time>2019-05-27T15:30:13Z</time>
      </trkpt>
      <trkpt lat="48.863039" lon="-121.531256">
        <ele>2034.2</ele>
        <time>2019-05-27T15:30:22Z</time>
      </trkpt>
      <trkpt lat="48.863004" lon="-121.531266">
        <ele>2037.4</ele>
        <time>2019-05-27T15:30:41Z</time>
      </trkpt>
      <trkpt lat="48.862956" lon="-121.531311">
        <ele>2041.3</ele>
        <time>2019-05-27T15:30:59Z</time>
      </trkpt>
      <trkpt lat="48.86291" lon="-121.531332">
        <ele>2042.2</ele>
        <time>2019-05-27T15:31:11Z</time>
      </trkpt>
      <trkpt lat="48.862884" lon="-121.53133">
        <ele>2046.8</ele>
        <time>2019-05-27T15:31:30Z</time>
      </trkpt>
      <trkpt lat="48.862844" lon="-121.531386">
        <ele>2048.1</ele>
        <time>2019-05-27T15:31:44Z</time>
      </trkpt>
      <trkpt lat="48.862822" lon="-121.531392">
        <ele>2050.7</ele>
        <time>2019-05-27T15:31:53Z</time>
      </trkpt>
      <trkpt lat="48.862798" lon="-121.531382">
        <ele>2051.5</ele>
        <time>2019-05-27T15:32:01Z</time>
      </trkpt>
      <trkpt lat="48.862753" lon="-121.531417">
        <ele>2058.4</ele>
        <time>2019-05-27T15:32:26Z</time>
      </trkpt>
      <trkpt lat="48.862743" lon="-121.531454">
        <ele>2056.7</ele>
        <time>2019-05-27T15:32:42Z</time>
      </trkpt>
      <trkpt lat="48.862719" lon="-121.531461">
        <ele>2061.7</ele>
        <time>2019-05-27T15:33:01Z</time>
      </trkpt>
      <trkpt lat="48.862689" lon="-121.531448">
        <ele>2061.5</ele>
        <time>2019-05-27T15:33:08Z</time>
      </trkpt>
      <trkpt lat="48.86259" lon="-121.531466">
        <ele>2070.1</ele>
        <time>2019-05-27T15:33:46Z</time>
      </trkpt>
      <trkpt lat="48.862527" lon="-121.531505">
        <ele>2073.8</ele>
        <time>2019-05-27T15:34:13Z</time>
      </trkpt>
      <trkpt lat="48.862518" lon="-121.531544">
        <ele>2072.9</ele>
        <time>2019-05-27T15:34:15Z</time>
      </trkpt>
      <trkpt lat="48.862495" lon="-121.53154">
        <ele>2073.7</ele>
        <time>2019-05-27T15:34:31Z</time>
      </trkpt>
      <trkpt lat="48.862476" lon="-121.531564">
        <ele>2074.5</ele>
        <time>2019-05-27T15:34:44Z</time>
      </trkpt>
      <trkpt lat="48.862449" lon="-121.531571">
        <ele>2076.9</ele>
        <time>2019-05-27T15:34:51Z</time>
      </trkpt>
      <trkpt lat="48.862433" lon="-121.531602">
        <ele>2077.4</ele>
        <time>2019-05-27T15:34:59Z</time>
      </trkpt>
      <trkpt lat="48.862408" lon="-121.531613">
        <ele>2079.0</ele>
        <time>2019-05-27T15:35:09Z</time>
      </trkpt>
      <trkpt lat="48.86235" lon="-121.531593">
        <ele>2080.9</ele>
        <time>2019-05-27T15:35:31Z</time>
      </trkpt>
      <trkpt lat="48.862324" lon="-121.531615">
        <ele>2082.0</ele>
        <time>2019-05-27T15:35:36Z</time>
      </trkpt>
      <trkpt lat="48.86225" lon="-121.53162">
        <ele>2084.0</ele>
        <time>2019-05-27T15:36:05Z</time>
      </trkpt>
      <trkpt lat="48.862209" lon="-121.531671">
        <ele>2086.9</ele>
        <time>2019-05-27T15:36:18Z</time>
      </trkpt>
      <trkpt lat="48.86218" lon="-121.531685">
        <ele>2087.7</ele>
        <time>2019-05-27T15:36:26Z</time>
      </trkpt>
      <trkpt lat="48.862175" lon="-121.531704">
        <ele>2086.8</ele>
        <time>2019-05-27T15:36:28Z</time>
      </trkpt>
      <trkpt lat="48.862105" lon="-121.531706">
        <ele>2092.9</ele>
        <time>2019-05-27T15:36:47Z</time>
      </trkpt>
      <trkpt lat="48.862028" lon="-121.531792">
        <ele>2095.9</ele>
        <time>2019-05-27T15:37:11Z</time>
      </trkpt>
      <trkpt lat="48.862014" lon="-121.531787">
        <ele>2096.0</ele>
        <time>2019-05-27T15:37:13Z</time>
      </trkpt>
      <trkpt lat="48.861935" lon="-121.531777">
        <ele>2098.1</ele>
        <time>2019-05-27T15:38:56Z</time>
      </trkpt>
      <trkpt lat="48.861907" lon="-121.531837">
        <ele>2095.5</ele>
        <time>2019-05-27T15:39:17Z</time>
      </trkpt>
      <trkpt lat="48.861864" lon="-121.531854">
        <ele>2097.6</ele>
        <time>2019-05-27T15:39:21Z</time>
      </trkpt>
      <trkpt lat="48.861826" lon="-121.531851">
        <ele>2100.4</ele>
        <time>2019-05-27T15:39:29Z</time>
      </trkpt>
      <trkpt lat="48.861785" lon="-121.531879">
        <ele>2102.3</ele>
        <time>2019-05-27T15:39:39Z</time>
      </trkpt>
      <trkpt lat="48.861759" lon="-121.531883">
        <ele>2102.9</ele>
        <time>2019-05-27T15:39:47Z</time>
      </trkpt>
      <trkpt lat="48.861713" lon="-121.531919">
        <ele>2105.3</ele>
        <time>2019-05-27T15:39:56Z</time>
      </trkpt>
      <trkpt lat="48.861682" lon="-121.531925">
        <ele>2107.1</ele>
        <time>2019-05-27T15:40:04Z</time>
      </trkpt>
      <trkpt lat="48.861661" lon="-121.531955">
        <ele>2108.4</ele>
        <time>2019-05-27T15:40:17Z</time>
      </trkpt>
      <trkpt lat="48.861617" lon="-121.531962">
        <ele>2108.3</ele>
        <time>2019-05-27T15:40:28Z</time>
      </trkpt>
      <trkpt lat="48.861596" lon="-121.531977">
        <ele>2107.7</ele>
        <time>2019-05-27T15:40:31Z</time>
      </trkpt>
      <trkpt lat="48.861482" lon="-121.532101">
        <ele>2109.8</ele>
        <time>2019-05-27T15:40:58Z</time>
      </trkpt>
      <trkpt lat="48.861413" lon="-121.532131">
        <ele>2113.0</ele>
        <time>2019-05-27T15:41:15Z</time>
      </trkpt>
      <trkpt lat="48.86136" lon="-121.532171">
        <ele>2114.5</ele>
        <time>2019-05-27T15:41:28Z</time>
      </trkpt>
      <trkpt lat="48.861189" lon="-121.532268">
        <ele>2122.2</ele>
        <time>2019-05-27T15:42:06Z</time>
      </trkpt>
      <trkpt lat="48.861164" lon="-121.532305">
        <ele>2122.4</ele>
        <time>2019-05-27T15:42:14Z</time>
      </trkpt>
      <trkpt lat="48.861144" lon="-121.532302">
        <ele>2125.0</ele>
        <time>2019-05-27T15:42:18Z</time>
      </trkpt>
      <trkpt lat="48.861051" lon="-121.532359">
        <ele>2127.8</ele>
        <time>2019-05-27T15:42:34Z</time>
      </trkpt>
      <trkpt lat="48.861023" lon="-121.532356">
        <ele>2129.9</ele>
        <time>2019-05-27T15:42:41Z</time>
      </trkpt>
      <trkpt lat="48.86095" lon="-121.532406">
        <ele>2131.5</ele>
        <time>2019-05-27T15:42:57Z</time>
      </trkpt>
      <trkpt lat="48.860845" lon="-121.532436">
        <ele>2135.8</ele>
        <time>2019-05-27T15:43:22Z</time>
      </trkpt>
      <trkpt lat="48.860838" lon="-121.532436">
        <ele>2136.2</ele>
        <time>2019-05-27T15:43:23Z</time>
      </trkpt>
      <trkpt lat="48.860794" lon="-121.532469">
        <ele>2136.7</ele>
        <time>2019-05-27T15:43:32Z</time>
      </trkpt>
      <trkpt lat="48.860762" lon="-121.532509">
        <ele>2136.6</ele>
        <time>2019-05-27T15:43:39Z</time>
      </trkpt>
      <trkpt lat="48.860687" lon="-121.532541">
        <ele>2139.6</ele>
        <time>2019-05-27T15:43:52Z</time>
      </trkpt>
      <trkpt lat="48.860665" lon="-121.532579">
        <ele>2139.9</ele>
        <time>2019-05-27T15:44:00Z</time>
      </trkpt>
      <trkpt lat="48.860622" lon="-121.532617">
        <ele>2140.8</ele>
        <time>2019-05-27T15:44:10Z</time>
      </trkpt>
      <trkpt lat="48.860523" lon="-121.532686">
        <ele>2144.0</ele>
        <time>2019-05-27T15:44:30Z</time>
      </trkpt>
      <trkpt lat="48.8605" lon="-121.532646">
        <ele>2144.9</ele>
        <time>2019-05-27T15:44:34Z</time>
      </trkpt>
      <trkpt lat="48.860509" lon="-121.532687">
        <ele>2143.8</ele>
        <time>2019-05-27T15:44:34Z</time>
      </trkpt>
      <trkpt lat="48.860415" lon="-121.532788">
        <ele>2145.3</ele>
        <time>2019-05-27T15:44:54Z</time>
      </trkpt>
      <trkpt lat="48.86041" lon="-121.532797">
        <ele>2144.6</ele>
        <time>2019-05-27T15:44:55Z</time>
      </trkpt>
      <trkpt lat="48.860389" lon="-121.532871">
        <ele>2145.7</ele>
        <time>2019-05-27T15:45:03Z</time>
      </trkpt>
      <trkpt lat="48.860387" lon="-121.532908">
        <ele>2146.8</ele>
        <time>2019-05-27T15:45:07Z</time>
      </trkpt>
      <trkpt lat="48.860403" lon="-121.532936">
        <ele>2148.0</ele>
        <time>2019-05-27T15:45:13Z</time>
      </trkpt>
      <trkpt lat="48.860396" lon="-121.532973">
        <ele>2149.4</ele>
        <time>2019-05-27T15:45:21Z</time>
      </trkpt>
      <trkpt lat="48.860376" lon="-121.532991">
        <ele>2150.0</ele>
        <time>2019-05-27T15:45:28Z</time>
      </trkpt>
      <trkpt lat="48.860342" lon="-121.532998">
        <ele>2151.3</ele>
        <time>2019-05-27T15:45:34Z</time>
      </trkpt>
      <trkpt lat="48.860336" lon="-121.532993">
        <ele>2151.4</ele>
        <time>2019-05-27T15:45:36Z</time>
      </trkpt>
      <trkpt lat="48.86028" lon="-121.532981">
        <ele>2155.2</ele>
        <time>2019-05-27T15:45:51Z</time>
      </trkpt>
      <trkpt lat="48.86024" lon="-121.532941">
        <ele>2157.7</ele>
        <time>2019-05-27T15:46:00Z</time>
      </trkpt>
      <trkpt lat="48.860162" lon="-121.532956">
        <ele>2160.2</ele>
        <time>2019-05-27T15:46:14Z</time>
      </trkpt>
      <trkpt lat="48.860062" lon="-121.532909">
        <ele>2162.4</ele>
        <time>2019-05-27T15:46:34Z</time>
      </trkpt>
      <trkpt lat="48.859989" lon="-121.53286">
        <ele>2165.1</ele>
        <time>2019-05-27T15:47:06Z</time>
      </trkpt>
      <trkpt lat="48.859941" lon="-121.532802">
        <ele>2168.1</ele>
        <time>2019-05-27T15:47:27Z</time>
      </trkpt>
      <trkpt lat="48.859942" lon="-121.532879">
        <ele>2166.3</ele>
        <time>2019-05-27T15:47:59Z</time>
      </trkpt>
      <trkpt lat="48.859919" lon="-121.532864">
        <ele>2164.5</ele>
        <time>2019-05-27T16:03:16Z</time>
      </trkpt>
      <trkpt lat="48.859899" lon="-121.532887">
        <ele>2163.0</ele>
        <time>2019-05-27T16:03:19Z</time>
      </trkpt>
      <trkpt lat="48.859908" lon="-121.532928">
        <ele>2162.9</ele>
        <time>2019-05-27T16:03:26Z</time>
      </trkpt>
      <trkpt lat="48.859911" lon="-121.532895">
        <ele>2163.1</ele>
        <time>2019-05-27T16:03:58Z</time>
      </trkpt>
      <trkpt lat="48.859936" lon="-121.532881">
        <ele>2165.2</ele>
        <time>2019-05-27T16:05:54Z</time>
      </trkpt>
      <trkpt lat="48.859932" lon="-121.532845">
        <ele>2166.5</ele>
        <time>2019-05-27T16:05:59Z</time>
      </trkpt>
      <trkpt lat="48.859941" lon="-121.532882">
        <ele>2164.1</ele>
        <time>2019-05-27T16:08:31Z</time>
      </trkpt>
      <trkpt lat="48.85987" lon="-121.532853">
        <ele>2167.4</ele>
        <time>2019-05-27T16:19:36Z</time>
      </trkpt>
      <trkpt lat="48.859765" lon="-121.532798">
        <ele>2163.8</ele>
        <time>2019-05-27T16:19:51Z</time>
      </trkpt>
      <trkpt lat="48.859692" lon="-121.532806">
        <ele>2161.0</ele>
        <time>2019-05-27T16:20:11Z</time>
      </trkpt>
      <trkpt lat="48.859686" lon="-121.532823">
        <ele>2160.9</ele>
        <time>2019-05-27T16:20:13Z</time>
      </trkpt>
      <trkpt lat="48.859633" lon="-121.532907">
        <ele>2158.8</ele>
        <time>2019-05-27T16:20:26Z</time>
      </trkpt>
      <trkpt lat="48.859533" lon="-121.532944">
        <ele>2158.8</ele>
        <time>2019-05-27T16:20:42Z</time>
      </trkpt>
      <trkpt lat="48.859466" lon="-121.53301">
        <ele>2155.3</ele>
        <time>2019-05-27T16:20:57Z</time>
      </trkpt>
      <trkpt lat="48.859434" lon="-121.533143">
        <ele>2149.7</ele>
        <time>2019-05-27T16:21:13Z</time>
      </trkpt>
      <trkpt lat="48.859402" lon="-121.533255">
        <ele>2144.4</ele>
        <time>2019-05-27T16:21:28Z</time>
      </trkpt>
      <trkpt lat="48.859384" lon="-121.533283">
        <ele>2143.0</ele>
        <time>2019-05-27T16:21:33Z</time>
      </trkpt>
      <trkpt lat="48.85938" lon="-121.533319">
        <ele>2137.4</ele>
        <time>2019-05-27T16:21:42Z</time>
      </trkpt>
      <trkpt lat="48.859337" lon="-121.533366">
        <ele>2135.1</ele>
        <time>2019-05-27T16:21:51Z</time>
      </trkpt>
      <trkpt lat="48.859201" lon="-121.53341">
        <ele>2132.3</ele>
        <time>2019-05-27T16:22:13Z</time>
      </trkpt>
      <trkpt lat="48.859157" lon="-121.533455">
        <ele>2130.0</ele>
        <time>2019-05-27T16:22:24Z</time>
      </trkpt>
      <trkpt lat="48.859119" lon="-121.533475">
        <ele>2127.6</ele>
        <time>2019-05-27T16:22:32Z</time>
      </trkpt>
      <trkpt lat="48.85906" lon="-121.533538">
        <ele>2122.0</ele>
        <time>2019-05-27T16:22:47Z</time>
      </trkpt>
      <trkpt lat="48.858985" lon="-121.533576">
        <ele>2120.7</ele>
        <time>2019-05-27T16:23:08Z</time>
      </trkpt>
      <trkpt lat="48.858923" lon="-121.533596">
        <ele>2115.7</ele>
        <time>2019-05-27T16:23:32Z</time>
      </trkpt>
      <trkpt lat="48.858913" lon="-121.53363">
        <ele>2107.9</ele>
        <time>2019-05-27T16:24:02Z</time>
      </trkpt>
      <trkpt lat="48.858895" lon="-121.533648">
        <ele>2109.9</ele>
        <time>2019-05-27T16:24:07Z</time>
      </trkpt>
      <trkpt lat="48.858818" lon="-121.533693">
        <ele>2109.6</ele>
        <time>2019-05-27T16:24:24Z</time>
      </trkpt>
      <trkpt lat="48.858789" lon="-121.5337">
        <ele>2107.6</ele>
        <time>2019-05-27T16:24:30Z</time>
      </trkpt>
      <trkpt lat="48.858719" lon="-121.533797">
        <ele>2100.4</ele>
        <time>2019-05-27T16:24:58Z</time>
      </trkpt>
      <trkpt lat="48.858695" lon="-121.533797">
        <ele>2097.8</ele>
        <time>2019-05-27T16:25:26Z</time>
      </trkpt>
      <trkpt lat="48.858663" lon="-121.533816">
        <ele>2097.7</ele>
        <time>2019-05-27T16:25:31Z</time>
      </trkpt>
      <trkpt lat="48.858646" lon="-121.533872">
        <ele>2092.1</ele>
        <time>2019-05-27T16:26:20Z</time>
      </trkpt>
      <trkpt lat="48.858679" lon="-121.533873">
        <ele>2089.3</ele>
        <time>2019-05-27T16:31:39Z</time>
      </trkpt>
      <trkpt lat="48.858631" lon="-121.533866">
        <ele>2086.1</ele>
        <time>2019-05-27T16:31:55Z</time>
      </trkpt>
      <trkpt lat="48.858559" lon="-121.533889">
        <ele>2084.0</ele>
        <time>2019-05-27T16:32:15Z</time>
      </trkpt>
      <trkpt lat="48.858536" lon="-121.53392">
        <ele>2087.7</ele>
        <time>2019-05-27T16:32:21Z</time>
      </trkpt>
      <trkpt lat="48.85848" lon="-121.533946">
        <ele>2087.1</ele>
        <time>2019-05-27T16:32:33Z</time>
      </trkpt>
      <trkpt lat="48.858379" lon="-121.534063">
        <ele>2084.7</ele>
        <time>2019-05-27T16:33:04Z</time>
      </trkpt>
      <trkpt lat="48.858375" lon="-121.534072">
        <ele>2085.4</ele>
        <time>2019-05-27T16:33:05Z</time>
      </trkpt>
      <trkpt lat="48.858254" lon="-121.534215">
        <ele>2073.1</ele>
        <time>2019-05-27T16:33:48Z</time>
      </trkpt>
      <trkpt lat="48.858237" lon="-121.534257">
        <ele>2070.9</ele>
        <time>2019-05-27T16:33:56Z</time>
      </trkpt>
      <trkpt lat="48.858179" lon="-121.534317">
        <ele>2068.6</ele>
        <time>2019-05-27T16:34:16Z</time>
      </trkpt>
      <trkpt lat="48.858171" lon="-121.534355">
        <ele>2068.4</ele>
        <time>2019-05-27T16:34:22Z</time>
      </trkpt>
      <trkpt lat="48.85814" lon="-121.534413">
        <ele>2067.0</ele>
        <time>2019-05-27T16:34:36Z</time>
      </trkpt>
      <trkpt lat="48.858113" lon="-121.534422">
        <ele>2061.0</ele>
        <time>2019-05-27T16:34:48Z</time>
      </trkpt>
      <trkpt lat="48.858059" lon="-121.534504">
        <ele>2063.8</ele>
        <time>2019-05-27T16:35:04Z</time>
      </trkpt>
      <trkpt lat="48.857962" lon="-121.534573">
        <ele>2054.2</ele>
        <time>2019-05-27T16:35:33Z</time>
      </trkpt>
      <trkpt lat="48.857914" lon="-121.534619">
        <ele>2054.0</ele>
        <time>2019-05-27T16:35:47Z</time>
      </trkpt>
      <trkpt lat="48.857872" lon="-121.534638">
        <ele>2052.3</ele>
        <time>2019-05-27T16:35:54Z</time>
      </trkpt>
      <trkpt lat="48.857813" lon="-121.534711">
        <ele>2048.6</ele>
        <time>2019-05-27T16:36:08Z</time>
      </trkpt>
      <trkpt lat="48.85774" lon="-121.534737">
        <ele>2048.2</ele>
        <time>2019-05-27T16:36:18Z</time>
      </trkpt>
      <trkpt lat="48.857635" lon="-121.534753">
        <ele>2046.6</ele>
        <time>2019-05-27T16:36:30Z</time>
      </trkpt>
      <trkpt lat="48.857594" lon="-121.534757">
        <ele>2046.3</ele>
        <time>2019-05-27T16:36:35Z</time>
      </trkpt>
      <trkpt lat="48.857578" lon="-121.534781">
        <ele>2040.5</ele>
        <time>2019-05-27T16:36:44Z</time>
      </trkpt>
      <trkpt lat="48.857554" lon="-121.534779">
        <ele>2040.3</ele>
        <time>2019-05-27T16:36:47Z</time>
      </trkpt>
      <trkpt lat="48.857464" lon="-121.534852">
        <ele>2038.2</ele>
        <time>2019-05-27T16:36:59Z</time>
      </trkpt>
      <trkpt lat="48.857457" lon="-121.534863">
        <ele>2037.1</ele>
        <time>2019-05-27T16:37:00Z</time>
      </trkpt>
      <trkpt lat="48.857475" lon="-121.534918">
        <ele>2030.4</ele>
        <time>2019-05-27T16:37:03Z</time>
      </trkpt>
      <trkpt lat="48.857468" lon="-121.534947">
        <ele>2029.2</ele>
        <time>2019-05-27T16:37:06Z</time>
      </trkpt>
      <trkpt lat="48.857457" lon="-121.534965">
        <ele>2028.4</ele>
        <time>2019-05-27T16:37:08Z</time>
      </trkpt>
      <trkpt lat="48.857363" lon="-121.535033">
        <ele>2027.9</ele>
        <time>2019-05-27T16:37:16Z</time>
      </trkpt>
      <trkpt lat="48.857355" lon="-121.535047">
        <ele>2027.6</ele>
        <time>2019-05-27T16:37:17Z</time>
      </trkpt>
      <trkpt lat="48.857305" lon="-121.53523">
        <ele>2023.5</ele>
        <time>2019-05-27T16:37:27Z</time>
      </trkpt>
      <trkpt lat="48.857263" lon="-121.535289">
        <ele>2022.5</ele>
        <time>2019-05-27T16:37:32Z</time>
      </trkpt>
      <trkpt lat="48.857246" lon="-121.53535">
        <ele>2021.4</ele>
        <time>2019-05-27T16:37:35Z</time>
      </trkpt>
      <trkpt lat="48.857202" lon="-121.535407">
        <ele>2019.3</ele>
        <time>2019-05-27T16:37:39Z</time>
      </trkpt>
      <trkpt lat="48.857149" lon="-121.535458">
        <ele>2015.8</ele>
        <time>2019-05-27T16:37:44Z</time>
      </trkpt>
      <trkpt lat="48.857081" lon="-121.535495">
        <ele>2017.0</ele>
        <time>2019-05-27T16:37:49Z</time>
      </trkpt>
      <trkpt lat="48.85704" lon="-121.535535">
        <ele>2015.1</ele>
        <time>2019-05-27T16:37:53Z</time>
      </trkpt>
      <trkpt lat="48.857011" lon="-121.535599">
        <ele>2013.4</ele>
        <time>2019-05-27T16:37:57Z</time>
      </trkpt>
      <trkpt lat="48.856946" lon="-121.535649">
        <ele>2011.9</ele>
        <time>2019-05-27T16:38:03Z</time>
      </trkpt>
      <trkpt lat="48.856888" lon="-121.53572">
        <ele>2010.8</ele>
        <time>2019-05-27T16:38:10Z</time>
      </trkpt>
      <trkpt lat="48.856789" lon="-121.535781">
        <ele>2009.3</ele>
        <time>2019-05-27T16:38:19Z</time>
      </trkpt>
      <trkpt lat="48.856775" lon="-121.535784">
        <ele>2009.2</ele>
        <time>2019-05-27T16:38:20Z</time>
      </trkpt>
      <trkpt lat="48.856735" lon="-121.535777">
        <ele>2007.6</ele>
        <time>2019-05-27T16:38:23Z</time>
      </trkpt>
      <trkpt lat="48.856717" lon="-121.535798">
        <ele>2006.8</ele>
        <time>2019-05-27T16:38:25Z</time>
      </trkpt>
      <trkpt lat="48.856631" lon="-121.535821">
        <ele>2006.1</ele>
        <time>2019-05-27T16:38:34Z</time>
      </trkpt>
      <trkpt lat="48.856609" lon="-121.535852">
        <ele>2006.2</ele>
        <time>2019-05-27T16:38:37Z</time>
      </trkpt>
      <trkpt lat="48.856581" lon="-121.53591">
        <ele>2006.8</ele>
        <time>2019-05-27T16:38:41Z</time>
      </trkpt>
      <trkpt lat="48.856513" lon="-121.53595">
        <ele>2007.6</ele>
        <time>2019-05-27T16:38:47Z</time>
      </trkpt>
      <trkpt lat="48.856518" lon="-121.535989">
        <ele>2004.9</ele>
        <time>2019-05-27T16:38:50Z</time>
      </trkpt>
      <trkpt lat="48.856493" lon="-121.536031">
        <ele>2004.6</ele>
        <time>2019-05-27T16:38:54Z</time>
      </trkpt>
      <trkpt lat="48.856508" lon="-121.536052">
        <ele>2004.5</ele>
        <time>2019-05-27T16:38:56Z</time>
      </trkpt>
      <trkpt lat="48.856505" lon="-121.536085">
        <ele>2005.7</ele>
        <time>2019-05-27T16:39:04Z</time>
      </trkpt>
      <trkpt lat="48.856485" lon="-121.5361">
        <ele>2005.0</ele>
        <time>2019-05-27T16:39:06Z</time>
      </trkpt>
      <trkpt lat="48.856402" lon="-121.536148">
        <ele>2004.7</ele>
        <time>2019-05-27T16:39:13Z</time>
      </trkpt>
      <trkpt lat="48.856359" lon="-121.536151">
        <ele>2005.4</ele>
        <time>2019-05-27T16:39:16Z</time>
      </trkpt>
      <trkpt lat="48.856333" lon="-121.53618">
        <ele>2005.1</ele>
        <time>2019-05-27T16:39:19Z</time>
      </trkpt>
      <trkpt lat="48.85631" lon="-121.536183">
        <ele>2004.2</ele>
        <time>2019-05-27T16:39:21Z</time>
      </trkpt>
      <trkpt lat="48.856291" lon="-121.536135">
        <ele>2005.4</ele>
        <time>2019-05-27T16:45:35Z</time>
      </trkpt>
      <trkpt lat="48.856278" lon="-121.53607">
        <ele>2004.9</ele>
        <time>2019-05-27T16:45:41Z</time>
      </trkpt>
      <trkpt lat="48.856235" lon="-121.536027">
        <ele>2004.9</ele>
        <time>2019-05-27T16:45:46Z</time>
      </trkpt>
      <trkpt lat="48.856204" lon="-121.535986">
        <ele>2003.0</ele>
        <time>2019-05-27T16:45:52Z</time>
      </trkpt>
      <trkpt lat="48.856189" lon="-121.535921">
        <ele>2002.0</ele>
        <time>2019-05-27T16:46:12Z</time>
      </trkpt>
      <trkpt lat="48.856155" lon="-121.535875">
        <ele>2003.0</ele>
        <time>2019-05-27T16:46:19Z</time>
      </trkpt>
      <trkpt lat="48.856132" lon="-121.53588">
        <ele>1999.3</ele>
        <time>2019-05-27T16:46:32Z</time>
      </trkpt>
      <trkpt lat="48.856102" lon="-121.535858">
        <ele>2000.0</ele>
        <time>2019-05-27T16:46:38Z</time>
      </trkpt>
      <trkpt lat="48.856074" lon="-121.535873">
        <ele>2003.4</ele>
        <time>2019-05-27T16:46:59Z</time>
      </trkpt>
      <trkpt lat="48.856061" lon="-121.535838">
        <ele>2000.4</ele>
        <time>2019-05-27T16:48:39Z</time>
      </trkpt>
      <trkpt lat="48.856038" lon="-121.535825">
        <ele>1999.2</ele>
        <time>2019-05-27T16:48:46Z</time>
      </trkpt>
      <trkpt lat="48.856049" lon="-121.535788">
        <ele>2000.2</ele>
        <time>2019-05-27T16:49:03Z</time>
      </trkpt>
      <trkpt lat="48.856" lon="-121.535786">
        <ele>1999.4</ele>
        <time>2019-05-27T16:49:42Z</time>
      </trkpt>
      <trkpt lat="48.855967" lon="-121.535764">
        <ele>1999.8</ele>
        <time>2019-05-27T16:49:54Z</time>
      </trkpt>
      <trkpt lat="48.855939" lon="-121.535763">
        <ele>1994.1</ele>
        <time>2019-05-27T16:50:22Z</time>
      </trkpt>
      <trkpt lat="48.855927" lon="-121.535797">
        <ele>1993.8</ele>
        <time>2019-05-27T16:50:34Z</time>
      </trkpt>
      <trkpt lat="48.855928" lon="-121.535762">
        <ele>1988.2</ele>
        <time>2019-05-27T16:51:04Z</time>
      </trkpt>
      <trkpt lat="48.855918" lon="-121.535741">
        <ele>1988.0</ele>
        <time>2019-05-27T16:51:10Z</time>
      </trkpt>
      <trkpt lat="48.855894" lon="-121.535729">
        <ele>1989.0</ele>
        <time>2019-05-27T16:51:15Z</time>
      </trkpt>
      <trkpt lat="48.855889" lon="-121.535757">
        <ele>1988.6</ele>
        <time>2019-05-27T16:51:20Z</time>
      </trkpt>
      <trkpt lat="48.855907" lon="-121.5358">
        <ele>1988.8</ele>
        <time>2019-05-27T16:51:25Z</time>
      </trkpt>
      <trkpt lat="48.8559" lon="-121.535846">
        <ele>1988.0</ele>
        <time>2019-05-27T16:51:32Z</time>
      </trkpt>
      <trkpt lat="48.855882" lon="-121.535874">
        <ele>1984.1</ele>
        <time>2019-05-27T16:52:05Z</time>
      </trkpt>
      <trkpt lat="48.855902" lon="-121.535898">
        <ele>1982.7</ele>
        <time>2019-05-27T16:52:07Z</time>
      </trkpt>
      <trkpt lat="48.855877" lon="-121.535907">
        <ele>1976.9</ele>
        <time>2019-05-27T16:53:06Z</time>
      </trkpt>
      <trkpt lat="48.855891" lon="-121.535872">
        <ele>1975.0</ele>
        <time>2019-05-27T16:53:39Z</time>
      </trkpt>
      <trkpt lat="48.85587" lon="-121.53585">
        <ele>1976.7</ele>
        <time>2019-05-27T16:53:55Z</time>
      </trkpt>
      <trkpt lat="48.855842" lon="-121.535878">
        <ele>1977.5</ele>
        <time>2019-05-27T16:54:04Z</time>
      </trkpt>
      <trkpt lat="48.855835" lon="-121.535893">
        <ele>1975.9</ele>
        <time>2019-05-27T16:54:06Z</time>
      </trkpt>
      <trkpt lat="48.855816" lon="-121.535873">
        <ele>1972.7</ele>
        <time>2019-05-27T16:54:14Z</time>
      </trkpt>
      <trkpt lat="48.855736" lon="-121.535825">
        <ele>1971.0</ele>
        <time>2019-05-27T16:54:30Z</time>
      </trkpt>
      <trkpt lat="48.855719" lon="-121.535803">
        <ele>1969.7</ele>
        <time>2019-05-27T16:54:57Z</time>
      </trkpt>
      <trkpt lat="48.855716" lon="-121.535761">
        <ele>1968.0</ele>
        <time>2019-05-27T16:55:14Z</time>
      </trkpt>
      <trkpt lat="48.8557" lon="-121.535734">
        <ele>1968.0</ele>
        <time>2019-05-27T16:55:36Z</time>
      </trkpt>
      <trkpt lat="48.855653" lon="-121.53571">
        <ele>1963.4</ele>
        <time>2019-05-27T16:55:59Z</time>
      </trkpt>
      <trkpt lat="48.855614" lon="-121.53566">
        <ele>1961.4</ele>
        <time>2019-05-27T16:56:15Z</time>
      </trkpt>
      <trkpt lat="48.855568" lon="-121.535623">
        <ele>1958.9</ele>
        <time>2019-05-27T16:56:29Z</time>
      </trkpt>
      <trkpt lat="48.855552" lon="-121.535575">
        <ele>1955.5</ele>
        <time>2019-05-27T16:56:38Z</time>
      </trkpt>
      <trkpt lat="48.855552" lon="-121.535537">
        <ele>1952.8</ele>
        <time>2019-05-27T16:57:02Z</time>
      </trkpt>
      <trkpt lat="48.855536" lon="-121.535509">
        <ele>1950.6</ele>
        <time>2019-05-27T16:57:06Z</time>
      </trkpt>
      <trkpt lat="48.855488" lon="-121.535479">
        <ele>1946.5</ele>
        <time>2019-05-27T16:57:14Z</time>
      </trkpt>
      <trkpt lat="48.855473" lon="-121.535447">
        <ele>1945.0</ele>
        <time>2019-05-27T16:57:25Z</time>
      </trkpt>
      <trkpt lat="48.855446" lon="-121.535432">
        <ele>1942.9</ele>
        <time>2019-05-27T16:57:32Z</time>
      </trkpt>
      <trkpt lat="48.855442" lon="-121.535383">
        <ele>1945.3</ele>
        <time>2019-05-27T16:57:42Z</time>
      </trkpt>
      <trkpt lat="48.855326" lon="-121.535234">
        <ele>1944.9</ele>
        <time>2019-05-27T16:58:26Z</time>
      </trkpt>
      <trkpt lat="48.85527" lon="-121.535184">
        <ele>1943.6</ele>
        <time>2019-05-27T16:58:35Z</time>
      </trkpt>
      <trkpt lat="48.855227" lon="-121.535162">
        <ele>1941.9</ele>
        <time>2019-05-27T16:58:43Z</time>
      </trkpt>
      <trkpt lat="48.8552" lon="-121.535164">
        <ele>1938.4</ele>
        <time>2019-05-27T16:58:51Z</time>
      </trkpt>
      <trkpt lat="48.855178" lon="-121.535148">
        <ele>1936.9</ele>
        <time>2019-05-27T16:58:55Z</time>
      </trkpt>
      <trkpt lat="48.855142" lon="-121.535143">
        <ele>1935.5</ele>
        <time>2019-05-27T16:59:01Z</time>
      </trkpt>
      <trkpt lat="48.855092" lon="-121.535112">
        <ele>1934.8</ele>
        <time>2019-05-27T16:59:07Z</time>
      </trkpt>
      <trkpt lat="48.855044" lon="-121.535112">
        <ele>1932.2</ele>
        <time>2019-05-27T16:59:14Z</time>
      </trkpt>
      <trkpt lat="48.854975" lon="-121.535051">
        <ele>1929.9</ele>
        <time>2019-05-27T16:59:22Z</time>
      </trkpt>
      <trkpt lat="48.854899" lon="-121.534961">
        <ele>1929.7</ele>
        <time>2019-05-27T16:59:30Z</time>
      </trkpt>
      <trkpt lat="48.854862" lon="-121.534949">
        <ele>1929.8</ele>
        <time>2019-05-27T16:59:33Z</time>
      </trkpt>
      <trkpt lat="48.85484" lon="-121.534953">
        <ele>1928.7</ele>
        <time>2019-05-27T16:59:35Z</time>
      </trkpt>
      <trkpt lat="48.8548" lon="-121.534925">
        <ele>1928.1</ele>
        <time>2019-05-27T16:59:39Z</time>
      </trkpt>
      <trkpt lat="48.854794" lon="-121.534994">
        <ele>1931.0</ele>
        <time>2019-05-27T17:00:43Z</time>
      </trkpt>
      <trkpt lat="48.85477" lon="-121.535012">
        <ele>1930.5</ele>
        <time>2019-05-27T17:01:15Z</time>
      </trkpt>
      <trkpt lat="48.854661" lon="-121.534965">
        <ele>1925.4</ele>
        <time>2019-05-27T17:01:24Z</time>
      </trkpt>
      <trkpt lat="48.854541" lon="-121.534833">
        <ele>1920.8</ele>
        <time>2019-05-27T17:10:41Z</time>
      </trkpt>
      <trkpt lat="48.854456" lon="-121.534767">
        <ele>1918.7</ele>
        <time>2019-05-27T17:10:49Z</time>
      </trkpt>
      <trkpt lat="48.854396" lon="-121.534683">
        <ele>1916.8</ele>
        <time>2019-05-27T17:10:59Z</time>
      </trkpt>
      <trkpt lat="48.854366" lon="-121.534804">
        <ele>1912.2</ele>
        <time>2019-05-27T17:11:33Z</time>
      </trkpt>
      <trkpt lat="48.854307" lon="-121.534884">
        <ele>1907.8</ele>
        <time>2019-05-27T17:11:46Z</time>
      </trkpt>
      <trkpt lat="48.854304" lon="-121.534879">
        <ele>1908.0</ele>
        <time>2019-05-27T17:11:47Z</time>
      </trkpt>
      <trkpt lat="48.854252" lon="-121.534856">
        <ele>1905.8</ele>
        <time>2019-05-27T17:11:56Z</time>
      </trkpt>
      <trkpt lat="48.854225" lon="-121.534857">
        <ele>1903.8</ele>
        <time>2019-05-27T17:11:59Z</time>
      </trkpt>
      <trkpt lat="48.854205" lon="-121.534882">
        <ele>1901.3</ele>
        <time>2019-05-27T17:12:05Z</time>
      </trkpt>
      <trkpt lat="48.854183" lon="-121.534869">
        <ele>1901.6</ele>
        <time>2019-05-27T17:12:11Z</time>
      </trkpt>
      <trkpt lat="48.854161" lon="-121.53489">
        <ele>1899.1</ele>
        <time>2019-05-27T17:12:19Z</time>
      </trkpt>
      <trkpt lat="48.854132" lon="-121.534895">
        <ele>1897.7</ele>
        <time>2019-05-27T17:12:29Z</time>
      </trkpt>
      <trkpt lat="48.854086" lon="-121.534857">
        <ele>1896.2</ele>
        <time>2019-05-27T17:12:37Z</time>
      </trkpt>
      <trkpt lat="48.854062" lon="-121.534852">
        <ele>1895.2</ele>
        <time>2019-05-27T17:12:47Z</time>
      </trkpt>
      <trkpt lat="48.854054" lon="-121.534821">
        <ele>1894.6</ele>
        <time>2019-05-27T17:12:50Z</time>
      </trkpt>
      <trkpt lat="48.854065" lon="-121.534704">
        <ele>1894.2</ele>
        <time>2019-05-27T17:13:36Z</time>
      </trkpt>
      <trkpt lat="48.854057" lon="-121.534629">
        <ele>1890.6</ele>
        <time>2019-05-27T17:15:27Z</time>
      </trkpt>
      <trkpt lat="48.854031" lon="-121.534632">
        <ele>1889.9</ele>
        <time>2019-05-27T17:15:34Z</time>
      </trkpt>
      <trkpt lat="48.853932" lon="-121.53458">
        <ele>1884.8</ele>
        <time>2019-05-27T17:16:39Z</time>
      </trkpt>
      <trkpt lat="48.853927" lon="-121.534575">
        <ele>1884.6</ele>
        <time>2019-05-27T17:16:40Z</time>
      </trkpt>
      <trkpt lat="48.853904" lon="-121.534599">
        <ele>1879.1</ele>
        <time>2019-05-27T17:17:42Z</time>
      </trkpt>
      <trkpt lat="48.85386" lon="-121.534599">
        <ele>1871.6</ele>
        <time>2019-05-27T17:18:23Z</time>
      </trkpt>
      <trkpt lat="48.853834" lon="-121.534586">
        <ele>1871.6</ele>
        <time>2019-05-27T17:18:28Z</time>
      </trkpt>
      <trkpt lat="48.853818" lon="-121.534556">
        <ele>1872.2</ele>
        <time>2019-05-27T17:18:41Z</time>
      </trkpt>
      <trkpt lat="48.853762" lon="-121.534551">
        <ele>1869.7</ele>
        <time>2019-05-27T17:18:56Z</time>
      </trkpt>
      <trkpt lat="48.853711" lon="-121.534551">
        <ele>1868.3</ele>
        <time>2019-05-27T17:19:21Z</time>
      </trkpt>
      <trkpt lat="48.853673" lon="-121.534601">
        <ele>1864.9</ele>
        <time>2019-05-27T17:19:31Z</time>
      </trkpt>
      <trkpt lat="48.853648" lon="-121.534615">
        <ele>1864.4</ele>
        <time>2019-05-27T17:19:41Z</time>
      </trkpt>
      <trkpt lat="48.853616" lon="-121.534552">
        <ele>1862.8</ele>
        <time>2019-05-27T17:20:07Z</time>
      </trkpt>
      <trkpt lat="48.853601" lon="-121.534572">
        <ele>1861.7</ele>
        <time>2019-05-27T17:20:10Z</time>
      </trkpt>
      <trkpt lat="48.853576" lon="-121.534567">
        <ele>1859.7</ele>
        <time>2019-05-27T17:20:17Z</time>
      </trkpt>
      <trkpt lat="48.853551" lon="-121.534578">
        <ele>1857.4</ele>
        <time>2019-05-27T17:20:23Z</time>
      </trkpt>
      <trkpt lat="48.853527" lon="-121.53457">
        <ele>1855.8</ele>
        <time>2019-05-27T17:20:28Z</time>
      </trkpt>
      <trkpt lat="48.853448" lon="-121.534486">
        <ele>1853.8</ele>
        <time>2019-05-27T17:20:39Z</time>
      </trkpt>
      <trkpt lat="48.853401" lon="-121.534415">
        <ele>1855.6</ele>
        <time>2019-05-27T17:20:53Z</time>
      </trkpt>
      <trkpt lat="48.853307" lon="-121.53438">
        <ele>1853.2</ele>
        <time>2019-05-27T17:21:00Z</time>
      </trkpt>
      <trkpt lat="48.853279" lon="-121.534381">
        <ele>1851.3</ele>
        <time>2019-05-27T17:21:02Z</time>
      </trkpt>
      <trkpt lat="48.853239" lon="-121.534422">
        <ele>1847.0</ele>
        <time>2019-05-27T17:21:44Z</time>
      </trkpt>
      <trkpt lat="48.853223" lon="-121.534424">
        <ele>1848.1</ele>
        <time>2019-05-27T17:21:45Z</time>
      </trkpt>
      <trkpt lat="48.853124" lon="-121.534391">
        <ele>1843.2</ele>
        <time>2019-05-27T17:22:38Z</time>
      </trkpt>
      <trkpt lat="48.853145" lon="-121.534406">
        <ele>1847.0</ele>
        <time>2019-05-27T17:24:55Z</time>
      </trkpt>
      <trkpt lat="48.853198" lon="-121.534351">
        <ele>1840.2</ele>
        <time>2019-05-27T17:25:32Z</time>
      </trkpt>
      <trkpt lat="48.853194" lon="-121.53439">
        <ele>1834.3</ele>
        <time>2019-05-27T17:27:48Z</time>
      </trkpt>
      <trkpt lat="48.853169" lon="-121.534406">
        <ele>1833.4</ele>
        <time>2019-05-27T17:27:50Z</time>
      </trkpt>
      <trkpt lat="48.853139" lon="-121.534386">
        <ele>1843.8</ele>
        <time>2019-05-27T17:38:19Z</time>
      </trkpt>
      <trkpt lat="48.853101" lon="-121.534399">
        <ele>1843.3</ele>
        <time>2019-05-27T17:38:26Z</time>
      </trkpt>
      <trkpt lat="48.853078" lon="-121.534386">
        <ele>1842.2</ele>
        <time>2019-05-27T17:38:29Z</time>
      </trkpt>
      <trkpt lat="48.853033" lon="-121.534401">
        <ele>1842.0</ele>
        <time>2019-05-27T17:38:34Z</time>
      </trkpt>
      <trkpt lat="48.852951" lon="-121.534378">
        <ele>1844.8</ele>
        <time>2019-05-27T17:38:42Z</time>
      </trkpt>
      <trkpt lat="48.852941" lon="-121.534378">
        <ele>1844.1</ele>
        <time>2019-05-27T17:38:43Z</time>
      </trkpt>
      <trkpt lat="48.852912" lon="-121.534402">
        <ele>1843.2</ele>
        <time>2019-05-27T17:41:23Z</time>
      </trkpt>
      <trkpt lat="48.852909" lon="-121.534392">
        <ele>1851.5</ele>
        <time>2019-05-27T18:05:54Z</time>
      </trkpt>
      <trkpt lat="48.852884" lon="-121.534403">
        <ele>1849.6</ele>
        <time>2019-05-27T18:05:57Z</time>
      </trkpt>
      <trkpt lat="48.852825" lon="-121.534396">
        <ele>1846.7</ele>
        <time>2019-05-27T18:06:04Z</time>
      </trkpt>
      <trkpt lat="48.852792" lon="-121.534404">
        <ele>1847.3</ele>
        <time>2019-05-27T18:06:09Z</time>
      </trkpt>
      <trkpt lat="48.852722" lon="-121.53439">
        <ele>1844.7</ele>
        <time>2019-05-27T18:06:15Z</time>
      </trkpt>
      <trkpt lat="48.85267" lon="-121.534412">
        <ele>1842.7</ele>
        <time>2019-05-27T18:06:20Z</time>
      </trkpt>
      <trkpt lat="48.852629" lon="-121.53439">
        <ele>1842.2</ele>
        <time>2019-05-27T18:06:23Z</time>
      </trkpt>
      <trkpt lat="48.852567" lon="-121.534374">
        <ele>1841.3</ele>
        <time>2019-05-27T18:06:28Z</time>
      </trkpt>
      <trkpt lat="48.852524" lon="-121.53439">
        <ele>1839.7</ele>
        <time>2019-05-27T18:06:32Z</time>
      </trkpt>
      <trkpt lat="48.852499" lon="-121.53438">
        <ele>1839.7</ele>
        <time>2019-05-27T18:06:34Z</time>
      </trkpt>
      <trkpt lat="48.852455" lon="-121.534398">
        <ele>1839.7</ele>
        <time>2019-05-27T18:06:38Z</time>
      </trkpt>
      <trkpt lat="48.85239" lon="-121.534431">
        <ele>1838.8</ele>
        <time>2019-05-27T18:06:44Z</time>
      </trkpt>
      <trkpt lat="48.852367" lon="-121.534506">
        <ele>1840.2</ele>
        <time>2019-05-27T18:06:47Z</time>
      </trkpt>
      <trkpt lat="48.85233" lon="-121.534502">
        <ele>1836.7</ele>
        <time>2019-05-27T18:06:57Z</time>
      </trkpt>
      <trkpt lat="48.852236" lon="-121.534454">
        <ele>1835.5</ele>
        <time>2019-05-27T18:07:06Z</time>
      </trkpt>
      <trkpt lat="48.852186" lon="-121.534444">
        <ele>1834.4</ele>
        <time>2019-05-27T18:07:10Z</time>
      </trkpt>
      <trkpt lat="48.85215" lon="-121.534448">
        <ele>1833.3</ele>
        <time>2019-05-27T18:07:13Z</time>
      </trkpt>
      <trkpt lat="48.85214" lon="-121.534444">
        <ele>1833.2</ele>
        <time>2019-05-27T18:07:14Z</time>
      </trkpt>
      <trkpt lat="48.852084" lon="-121.534448">
        <ele>1829.0</ele>
        <time>2019-05-27T18:07:19Z</time>
      </trkpt>
      <trkpt lat="48.852" lon="-121.534403">
        <ele>1830.9</ele>
        <time>2019-05-27T18:07:26Z</time>
      </trkpt>
      <trkpt lat="48.851979" lon="-121.534333">
        <ele>1831.1</ele>
        <time>2019-05-27T18:07:28Z</time>
      </trkpt>
      <trkpt lat="48.851957" lon="-121.534317">
        <ele>1830.3</ele>
        <time>2019-05-27T18:07:31Z</time>
      </trkpt>
      <trkpt lat="48.85192" lon="-121.534331">
        <ele>1829.7</ele>
        <time>2019-05-27T18:07:35Z</time>
      </trkpt>
      <trkpt lat="48.851885" lon="-121.53432">
        <ele>1828.3</ele>
        <time>2019-05-27T18:07:39Z</time>
      </trkpt>
      <trkpt lat="48.851846" lon="-121.534255">
        <ele>1826.9</ele>
        <time>2019-05-27T18:07:44Z</time>
      </trkpt>
      <trkpt lat="48.851835" lon="-121.534246">
        <ele>1826.3</ele>
        <time>2019-05-27T18:07:45Z</time>
      </trkpt>
      <trkpt lat="48.851779" lon="-121.534238">
        <ele>1826.8</ele>
        <time>2019-05-27T18:07:50Z</time>
      </trkpt>
      <trkpt lat="48.85174" lon="-121.534213">
        <ele>1826.2</ele>
        <time>2019-05-27T18:07:54Z</time>
      </trkpt>
      <trkpt lat="48.851668" lon="-121.534226">
        <ele>1822.5</ele>
        <time>2019-05-27T18:08:02Z</time>
      </trkpt>
      <trkpt lat="48.851636" lon="-121.534255">
        <ele>1820.8</ele>
        <time>2019-05-27T18:08:06Z</time>
      </trkpt>
      <trkpt lat="48.851615" lon="-121.534254">
        <ele>1819.6</ele>
        <time>2019-05-27T18:08:08Z</time>
      </trkpt>
      <trkpt lat="48.851591" lon="-121.534234">
        <ele>1818.7</ele>
        <time>2019-05-27T18:08:16Z</time>
      </trkpt>
      <trkpt lat="48.851611" lon="-121.534261">
        <ele>1824.4</ele>
        <time>2019-05-27T18:09:08Z</time>
      </trkpt>
      <trkpt lat="48.851633" lon="-121.534274">
        <ele>1826.4</ele>
        <time>2019-05-27T18:12:45Z</time>
      </trkpt>
      <trkpt lat="48.851855" lon="-121.534316">
        <ele>1834.8</ele>
        <time>2019-05-27T18:13:19Z</time>
      </trkpt>
      <trkpt lat="48.851885" lon="-121.53433">
        <ele>1834.1</ele>
        <time>2019-05-27T18:13:24Z</time>
      </trkpt>
      <trkpt lat="48.85192" lon="-121.534388">
        <ele>1836.8</ele>
        <time>2019-05-27T18:13:31Z</time>
      </trkpt>
      <trkpt lat="48.851988" lon="-121.534405">
        <ele>1834.8</ele>
        <time>2019-05-27T18:13:45Z</time>
      </trkpt>
      <trkpt lat="48.85202" lon="-121.534435">
        <ele>1835.9</ele>
        <time>2019-05-27T18:13:50Z</time>
      </trkpt>
      <trkpt lat="48.852048" lon="-121.534454">
        <ele>1835.6</ele>
        <time>2019-05-27T18:13:54Z</time>
      </trkpt>
      <trkpt lat="48.852157" lon="-121.53448">
        <ele>1840.1</ele>
        <time>2019-05-27T18:14:11Z</time>
      </trkpt>
      <trkpt lat="48.852192" lon="-121.534498">
        <ele>1837.3</ele>
        <time>2019-05-27T18:14:16Z</time>
      </trkpt>
      <trkpt lat="48.852288" lon="-121.534493">
        <ele>1837.0</ele>
        <time>2019-05-27T18:14:33Z</time>
      </trkpt>
      <trkpt lat="48.85237" lon="-121.534508">
        <ele>1840.3</ele>
        <time>2019-05-27T18:14:44Z</time>
      </trkpt>
      <trkpt lat="48.852382" lon="-121.534532">
        <ele>1841.6</ele>
        <time>2019-05-27T18:14:48Z</time>
      </trkpt>
      <trkpt lat="48.852403" lon="-121.534525">
        <ele>1843.4</ele>
        <time>2019-05-27T18:14:54Z</time>
      </trkpt>
      <trkpt lat="48.852455" lon="-121.534478">
        <ele>1843.3</ele>
        <time>2019-05-27T18:15:00Z</time>
      </trkpt>
      <trkpt lat="48.852511" lon="-121.534461">
        <ele>1842.6</ele>
        <time>2019-05-27T18:15:06Z</time>
      </trkpt>
      <trkpt lat="48.852579" lon="-121.534448">
        <ele>1844.0</ele>
        <time>2019-05-27T18:15:13Z</time>
      </trkpt>
      <trkpt lat="48.852628" lon="-121.53445">
        <ele>1842.9</ele>
        <time>2019-05-27T18:15:21Z</time>
      </trkpt>
      <trkpt lat="48.852647" lon="-121.534434">
        <ele>1843.0</ele>
        <time>2019-05-27T18:15:26Z</time>
      </trkpt>
      <trkpt lat="48.852678" lon="-121.534438">
        <ele>1842.8</ele>
        <time>2019-05-27T18:15:31Z</time>
      </trkpt>
      <trkpt lat="48.852694" lon="-121.534424">
        <ele>1842.7</ele>
        <time>2019-05-27T18:15:33Z</time>
      </trkpt>
      <trkpt lat="48.852741" lon="-121.534437">
        <ele>1844.5</ele>
        <time>2019-05-27T18:15:42Z</time>
      </trkpt>
      <trkpt lat="48.852812" lon="-121.534409">
        <ele>1843.4</ele>
        <time>2019-05-27T18:16:04Z</time>
      </trkpt>
      <trkpt lat="48.852863" lon="-121.53441">
        <ele>1846.8</ele>
        <time>2019-05-27T18:16:09Z</time>
      </trkpt>
      <trkpt lat="48.852947" lon="-121.534406">
        <ele>1850.6</ele>
        <time>2019-05-27T18:16:21Z</time>
      </trkpt>
      <trkpt lat="48.853051" lon="-121.534416">
        <ele>1851.4</ele>
        <time>2019-05-27T18:16:34Z</time>
      </trkpt>
      <trkpt lat="48.853159" lon="-121.534408">
        <ele>1853.6</ele>
        <time>2019-05-27T18:16:45Z</time>
      </trkpt>
      <trkpt lat="48.853232" lon="-121.534392">
        <ele>1854.8</ele>
        <time>2019-05-27T18:16:53Z</time>
      </trkpt>
      <trkpt lat="48.8533" lon="-121.534422">
        <ele>1855.1</ele>
        <time>2019-05-27T18:17:02Z</time>
      </trkpt>
      <trkpt lat="48.853403" lon="-121.534429">
        <ele>1855.6</ele>
        <time>2019-05-27T18:17:21Z</time>
      </trkpt>
      <trkpt lat="48.853454" lon="-121.534463">
        <ele>1856.3</ele>
        <time>2019-05-27T18:17:35Z</time>
      </trkpt>
      <trkpt lat="48.853545" lon="-121.534585">
        <ele>1857.9</ele>
        <time>2019-05-27T18:17:57Z</time>
      </trkpt>
      <trkpt lat="48.85358" lon="-121.534572">
        <ele>1858.5</ele>
        <time>2019-05-27T18:18:08Z</time>
      </trkpt>
      <trkpt lat="48.853593" lon="-121.534539">
        <ele>1858.3</ele>
        <time>2019-05-27T18:19:42Z</time>
      </trkpt>
      <trkpt lat="48.85361" lon="-121.534562">
        <ele>1862.3</ele>
        <time>2019-05-27T18:20:11Z</time>
      </trkpt>
      <trkpt lat="48.853612" lon="-121.534598">
        <ele>1858.7</ele>
        <time>2019-05-27T18:21:26Z</time>
      </trkpt>
      <trkpt lat="48.853631" lon="-121.534585">
        <ele>1857.9</ele>
        <time>2019-05-27T18:21:32Z</time>
      </trkpt>
      <trkpt lat="48.853691" lon="-121.53458">
        <ele>1861.5</ele>
        <time>2019-05-27T18:21:43Z</time>
      </trkpt>
      <trkpt lat="48.853764" lon="-121.534596">
        <ele>1865.5</ele>
        <time>2019-05-27T18:22:20Z</time>
      </trkpt>
      <trkpt lat="48.853867" lon="-121.534595">
        <ele>1871.0</ele>
        <time>2019-05-27T18:23:37Z</time>
      </trkpt>
      <trkpt lat="48.853889" lon="-121.534564">
        <ele>1877.1</ele>
        <time>2019-05-27T18:24:31Z</time>
      </trkpt>
      <trkpt lat="48.853948" lon="-121.534622">
        <ele>1879.0</ele>
        <time>2019-05-27T18:25:24Z</time>
      </trkpt>
      <trkpt lat="48.85397" lon="-121.534607">
        <ele>1878.6</ele>
        <time>2019-05-27T18:26:20Z</time>
      </trkpt>
      <trkpt lat="48.854019" lon="-121.534623">
        <ele>1884.6</ele>
        <time>2019-05-27T18:26:49Z</time>
      </trkpt>
      <trkpt lat="48.854042" lon="-121.534605">
        <ele>1881.9</ele>
        <time>2019-05-27T18:27:26Z</time>
      </trkpt>
      <trkpt lat="48.854061" lon="-121.53467">
        <ele>1892.5</ele>
        <time>2019-05-27T18:28:57Z</time>
      </trkpt>
      <trkpt lat="48.854084" lon="-121.534692">
        <ele>1894.0</ele>
        <time>2019-05-27T18:29:06Z</time>
      </trkpt>
      <trkpt lat="48.854154" lon="-121.534814">
        <ele>1900.6</ele>
        <time>2019-05-27T18:30:05Z</time>
      </trkpt>
      <trkpt lat="48.854149" lon="-121.534853">
        <ele>1902.9</ele>
        <time>2019-05-27T18:31:23Z</time>
      </trkpt>
      <trkpt lat="48.854169" lon="-121.534869">
        <ele>1900.9</ele>
        <time>2019-05-27T18:31:29Z</time>
      </trkpt>
      <trkpt lat="48.854221" lon="-121.534858">
        <ele>1905.3</ele>
        <time>2019-05-27T18:31:38Z</time>
      </trkpt>
      <trkpt lat="48.854275" lon="-121.534875">
        <ele>1908.0</ele>
        <time>2019-05-27T18:31:51Z</time>
      </trkpt>
      <trkpt lat="48.854309" lon="-121.53487">
        <ele>1907.8</ele>
        <time>2019-05-27T18:32:03Z</time>
      </trkpt>
      <trkpt lat="48.854369" lon="-121.534798">
        <ele>1909.5</ele>
        <time>2019-05-27T18:32:20Z</time>
      </trkpt>
      <trkpt lat="48.854445" lon="-121.534793">
        <ele>1912.4</ele>
        <time>2019-05-27T18:32:39Z</time>
      </trkpt>
      <trkpt lat="48.854499" lon="-121.534832">
        <ele>1914.0</ele>
        <time>2019-05-27T18:32:53Z</time>
      </trkpt>
      <trkpt lat="48.854552" lon="-121.534897">
        <ele>1915.8</ele>
        <time>2019-05-27T18:33:09Z</time>
      </trkpt>
      <trkpt lat="48.85461" lon="-121.534906">
        <ele>1917.8</ele>
        <time>2019-05-27T18:33:19Z</time>
      </trkpt>
      <trkpt lat="48.854619" lon="-121.534903">
        <ele>1918.1</ele>
        <time>2019-05-27T18:33:20Z</time>
      </trkpt>
      <trkpt lat="48.854739" lon="-121.534944">
        <ele>1925.1</ele>
        <time>2019-05-27T18:33:40Z</time>
      </trkpt>
      <trkpt lat="48.854757" lon="-121.534966">
        <ele>1928.4</ele>
        <time>2019-05-27T18:34:58Z</time>
      </trkpt>
      <trkpt lat="48.854803" lon="-121.534976">
        <ele>1928.9</ele>
        <time>2019-05-27T18:35:05Z</time>
      </trkpt>
      <trkpt lat="48.854836" lon="-121.534976">
        <ele>1928.7</ele>
        <time>2019-05-27T18:35:11Z</time>
      </trkpt>
      <trkpt lat="48.854858" lon="-121.534992">
        <ele>1929.2</ele>
        <time>2019-05-27T18:35:17Z</time>
      </trkpt>
      <trkpt lat="48.854899" lon="-121.534992">
        <ele>1929.0</ele>
        <time>2019-05-27T18:35:24Z</time>
      </trkpt>
      <trkpt lat="48.85501" lon="-121.535038">
        <ele>1932.4</ele>
        <time>2019-05-27T18:35:49Z</time>
      </trkpt>
      <trkpt lat="48.855053" lon="-121.535079">
        <ele>1932.5</ele>
        <time>2019-05-27T18:36:07Z</time>
      </trkpt>
      <trkpt lat="48.855078" lon="-121.535077">
        <ele>1931.4</ele>
        <time>2019-05-27T18:36:13Z</time>
      </trkpt>
      <trkpt lat="48.855107" lon="-121.535134">
        <ele>1937.5</ele>
        <time>2019-05-27T18:36:30Z</time>
      </trkpt>
      <trkpt lat="48.855134" lon="-121.535155">
        <ele>1939.9</ele>
        <time>2019-05-27T18:36:39Z</time>
      </trkpt>
      <trkpt lat="48.855208" lon="-121.5352">
        <ele>1944.0</ele>
        <time>2019-05-27T18:37:06Z</time>
      </trkpt>
      <trkpt lat="48.855234" lon="-121.535203">
        <ele>1945.7</ele>
        <time>2019-05-27T18:37:16Z</time>
      </trkpt>
      <trkpt lat="48.855257" lon="-121.53522">
        <ele>1947.5</ele>
        <time>2019-05-27T18:37:25Z</time>
      </trkpt>
      <trkpt lat="48.855282" lon="-121.535217">
        <ele>1946.1</ele>
        <time>2019-05-27T18:37:35Z</time>
      </trkpt>
      <trkpt lat="48.855306" lon="-121.535241">
        <ele>1948.5</ele>
        <time>2019-05-27T18:37:42Z</time>
      </trkpt>
      <trkpt lat="48.855308" lon="-121.535229">
        <ele>1946.4</ele>
        <time>2019-05-27T18:37:44Z</time>
      </trkpt>
      <trkpt lat="48.855334" lon="-121.535235">
        <ele>1948.3</ele>
        <time>2019-05-27T18:37:52Z</time>
      </trkpt>
      <trkpt lat="48.855356" lon="-121.535219">
        <ele>1944.3</ele>
        <time>2019-05-27T18:38:01Z</time>
      </trkpt>
      <trkpt lat="48.855382" lon="-121.535227">
        <ele>1946.6</ele>
        <time>2019-05-27T18:38:14Z</time>
      </trkpt>
      <trkpt lat="48.855425" lon="-121.535321">
        <ele>1949.2</ele>
        <time>2019-05-27T18:38:47Z</time>
      </trkpt>
      <trkpt lat="48.85549" lon="-121.535413">
        <ele>1951.7</ele>
        <time>2019-05-27T18:39:12Z</time>
      </trkpt>
      <trkpt lat="48.855516" lon="-121.535518">
        <ele>1952.9</ele>
        <time>2019-05-27T18:39:53Z</time>
      </trkpt>
      <trkpt lat="48.855561" lon="-121.535566">
        <ele>1952.3</ele>
        <time>2019-05-27T18:40:13Z</time>
      </trkpt>
      <trkpt lat="48.855576" lon="-121.535602">
        <ele>1953.6</ele>
        <time>2019-05-27T18:40:26Z</time>
      </trkpt>
      <trkpt lat="48.855579" lon="-121.535641">
        <ele>1955.7</ele>
        <time>2019-05-27T18:40:54Z</time>
      </trkpt>
      <trkpt lat="48.855645" lon="-121.53567">
        <ele>1955.9</ele>
        <time>2019-05-27T18:41:14Z</time>
      </trkpt>
      <trkpt lat="48.855683" lon="-121.535727">
        <ele>1959.4</ele>
        <time>2019-05-27T18:41:38Z</time>
      </trkpt>
      <trkpt lat="48.855732" lon="-121.535767">
        <ele>1964.5</ele>
        <time>2019-05-27T18:42:06Z</time>
      </trkpt>
      <trkpt lat="48.855759" lon="-121.535832">
        <ele>1970.4</ele>
        <time>2019-05-27T18:42:40Z</time>
      </trkpt>
      <trkpt lat="48.855784" lon="-121.535839">
        <ele>1970.7</ele>
        <time>2019-05-27T18:43:04Z</time>
      </trkpt>
      <trkpt lat="48.855804" lon="-121.535862">
        <ele>1973.4</ele>
        <time>2019-05-27T18:43:26Z</time>
      </trkpt>
      <trkpt lat="48.855833" lon="-121.535868">
        <ele>1976.4</ele>
        <time>2019-05-27T18:43:47Z</time>
      </trkpt>
      <trkpt lat="48.855856" lon="-121.535893">
        <ele>1976.2</ele>
        <time>2019-05-27T18:44:04Z</time>
      </trkpt>
      <trkpt lat="48.855872" lon="-121.535861">
        <ele>1976.4</ele>
        <time>2019-05-27T18:44:15Z</time>
      </trkpt>
      <trkpt lat="48.855897" lon="-121.535851">
        <ele>1983.0</ele>
        <time>2019-05-27T18:52:04Z</time>
      </trkpt>
      <trkpt lat="48.855886" lon="-121.535886">
        <ele>1986.9</ele>
        <time>2019-05-27T18:53:37Z</time>
      </trkpt>
      <trkpt lat="48.855915" lon="-121.535882">
        <ele>1985.5</ele>
        <time>2019-05-27T18:56:00Z</time>
      </trkpt>
      <trkpt lat="48.85594" lon="-121.535863">
        <ele>1990.9</ele>
        <time>2019-05-27T18:56:59Z</time>
      </trkpt>
      <trkpt lat="48.855979" lon="-121.535761">
        <ele>1995.0</ele>
        <time>2019-05-27T18:58:48Z</time>
      </trkpt>
      <trkpt lat="48.856003" lon="-121.535746">
        <ele>1997.5</ele>
        <time>2019-05-27T18:59:19Z</time>
      </trkpt>
      <trkpt lat="48.856029" lon="-121.535756">
        <ele>2002.0</ele>
        <time>2019-05-27T18:59:34Z</time>
      </trkpt>
      <trkpt lat="48.85603" lon="-121.535709">
        <ele>1998.7</ele>
        <time>2019-05-27T18:59:44Z</time>
      </trkpt>
      <trkpt lat="48.856025" lon="-121.535699">
        <ele>1997.4</ele>
        <time>2019-05-27T18:59:45Z</time>
      </trkpt>
      <trkpt lat="48.856012" lon="-121.53562">
        <ele>1997.7</ele>
        <time>2019-05-27T19:00:01Z</time>
      </trkpt>
      <trkpt lat="48.856026" lon="-121.535655">
        <ele>2002.7</ele>
        <time>2019-05-27T19:00:16Z</time>
      </trkpt>
      <trkpt lat="48.856047" lon="-121.535633">
        <ele>2002.2</ele>
        <time>2019-05-27T19:00:29Z</time>
      </trkpt>
      <trkpt lat="48.856073" lon="-121.535628">
        <ele>2004.8</ele>
        <time>2019-05-27T19:00:46Z</time>
      </trkpt>
      <trkpt lat="48.856062" lon="-121.535596">
        <ele>2004.1</ele>
        <time>2019-05-27T19:00:51Z</time>
      </trkpt>
      <trkpt lat="48.856034" lon="-121.535575">
        <ele>2006.0</ele>
        <time>2019-05-27T19:01:55Z</time>
      </trkpt>
      <trkpt lat="48.856036" lon="-121.535695">
        <ele>2002.4</ele>
        <time>2019-05-27T19:03:03Z</time>
      </trkpt>
      <trkpt lat="48.856022" lon="-121.535766">
        <ele>1999.8</ele>
        <time>2019-05-27T19:03:38Z</time>
      </trkpt>
      <trkpt lat="48.856033" lon="-121.535839">
        <ele>2000.3</ele>
        <time>2019-05-27T19:03:58Z</time>
      </trkpt>
      <trkpt lat="48.856055" lon="-121.535885">
        <ele>1997.2</ele>
        <time>2019-05-27T19:04:07Z</time>
      </trkpt>
      <trkpt lat="48.856078" lon="-121.535896">
        <ele>1996.9</ele>
        <time>2019-05-27T19:04:10Z</time>
      </trkpt>
      <trkpt lat="48.8561" lon="-121.535877">
        <ele>1996.2</ele>
        <time>2019-05-27T19:04:15Z</time>
      </trkpt>
      <trkpt lat="48.856124" lon="-121.53589">
        <ele>1995.4</ele>
        <time>2019-05-27T19:04:18Z</time>
      </trkpt>
      <trkpt lat="48.856149" lon="-121.53589">
        <ele>1995.8</ele>
        <time>2019-05-27T19:04:31Z</time>
      </trkpt>
      <trkpt lat="48.856203" lon="-121.53594">
        <ele>1998.8</ele>
        <time>2019-05-27T19:04:52Z</time>
      </trkpt>
      <trkpt lat="48.856252" lon="-121.535993">
        <ele>1998.0</ele>
        <time>2019-05-27T19:05:07Z</time>
      </trkpt>
      <trkpt lat="48.856278" lon="-121.53599">
        <ele>1998.2</ele>
        <time>2019-05-27T19:05:10Z</time>
      </trkpt>
      <trkpt lat="48.856305" lon="-121.536045">
        <ele>2000.6</ele>
        <time>2019-05-27T19:05:20Z</time>
      </trkpt>
      <trkpt lat="48.856304" lon="-121.536113">
        <ele>1999.0</ele>
        <time>2019-05-27T19:05:24Z</time>
      </trkpt>
      <trkpt lat="48.856318" lon="-121.536135">
        <ele>1998.6</ele>
        <time>2019-05-27T19:05:26Z</time>
      </trkpt>
      <trkpt lat="48.856307" lon="-121.536171">
        <ele>1999.4</ele>
        <time>2019-05-27T19:05:32Z</time>
      </trkpt>
      <trkpt lat="48.8563" lon="-121.536137">
        <ele>2000.9</ele>
        <time>2019-05-27T19:05:51Z</time>
      </trkpt>
      <trkpt lat="48.856313" lon="-121.535958">
        <ele>2001.4</ele>
        <time>2019-05-27T19:06:25Z</time>
      </trkpt>
      <trkpt lat="48.856322" lon="-121.535955">
        <ele>2002.2</ele>
        <time>2019-05-27T19:13:52Z</time>
      </trkpt>
      <trkpt lat="48.85632" lon="-121.535992">
        <ele>2007.0</ele>
        <time>2019-05-27T19:14:58Z</time>
      </trkpt>
      <trkpt lat="48.856308" lon="-121.536019">
        <ele>2007.6</ele>
        <time>2019-05-27T19:16:11Z</time>
      </trkpt>
      <trkpt lat="48.856328" lon="-121.536044">
        <ele>2011.6</ele>
        <time>2019-05-27T19:16:26Z</time>
      </trkpt>
      <trkpt lat="48.856305" lon="-121.536042">
        <ele>2011.9</ele>
        <time>2019-05-27T19:17:46Z</time>
      </trkpt>
      <trkpt lat="48.8563" lon="-121.536031">
        <ele>2011.1</ele>
        <time>2019-05-27T19:17:48Z</time>
      </trkpt>
      <trkpt lat="48.856325" lon="-121.536043">
        <ele>2015.1</ele>
        <time>2019-05-27T19:18:10Z</time>
      </trkpt>
      <trkpt lat="48.856464" lon="-121.536005">
        <ele>2015.3</ele>
        <time>2019-05-27T19:18:27Z</time>
      </trkpt>
      <trkpt lat="48.8565" lon="-121.535975">
        <ele>2013.1</ele>
        <time>2019-05-27T19:18:32Z</time>
      </trkpt>
      <trkpt lat="48.856588" lon="-121.535976">
        <ele>2012.9</ele>
        <time>2019-05-27T19:18:43Z</time>
      </trkpt>
      <trkpt lat="48.856609" lon="-121.535966">
        <ele>2014.4</ele>
        <time>2019-05-27T19:18:45Z</time>
      </trkpt>
      <trkpt lat="48.856636" lon="-121.53593">
        <ele>2012.6</ele>
        <time>2019-05-27T19:18:48Z</time>
      </trkpt>
      <trkpt lat="48.856703" lon="-121.535795">
        <ele>2011.5</ele>
        <time>2019-05-27T19:19:00Z</time>
      </trkpt>
      <trkpt lat="48.856782" lon="-121.535752">
        <ele>2010.7</ele>
        <time>2019-05-27T19:19:14Z</time>
      </trkpt>
      <trkpt lat="48.857115" lon="-121.535577">
        <ele>2015.4</ele>
        <time>2019-05-27T19:20:00Z</time>
      </trkpt>
      <trkpt lat="48.857121" lon="-121.535575">
        <ele>2015.2</ele>
        <time>2019-05-27T19:20:01Z</time>
      </trkpt>
      <trkpt lat="48.857209" lon="-121.535498">
        <ele>2017.6</ele>
        <time>2019-05-27T19:20:17Z</time>
      </trkpt>
      <trkpt lat="48.857289" lon="-121.535486">
        <ele>2019.7</ele>
        <time>2019-05-27T19:20:30Z</time>
      </trkpt>
      <trkpt lat="48.857303" lon="-121.535536">
        <ele>2025.4</ele>
        <time>2019-05-27T19:20:45Z</time>
      </trkpt>
      <trkpt lat="48.857324" lon="-121.535514">
        <ele>2022.6</ele>
        <time>2019-05-27T19:21:15Z</time>
      </trkpt>
      <trkpt lat="48.857392" lon="-121.535509">
        <ele>2021.3</ele>
        <time>2019-05-27T19:21:22Z</time>
      </trkpt>
      <trkpt lat="48.857443" lon="-121.53548">
        <ele>2022.0</ele>
        <time>2019-05-27T19:21:27Z</time>
      </trkpt>
      <trkpt lat="48.857455" lon="-121.535478">
        <ele>2022.1</ele>
        <time>2019-05-27T19:21:28Z</time>
      </trkpt>
      <trkpt lat="48.85758" lon="-121.53538">
        <ele>2019.5</ele>
        <time>2019-05-27T19:21:44Z</time>
      </trkpt>
      <trkpt lat="48.857618" lon="-121.535379">
        <ele>2020.7</ele>
        <time>2019-05-27T19:21:48Z</time>
      </trkpt>
      <trkpt lat="48.857659" lon="-121.535348">
        <ele>2018.5</ele>
        <time>2019-05-27T19:21:53Z</time>
      </trkpt>
      <trkpt lat="48.857725" lon="-121.535328">
        <ele>2018.9</ele>
        <time>2019-05-27T19:22:00Z</time>
      </trkpt>
      <trkpt lat="48.857775" lon="-121.535299">
        <ele>2016.4</ele>
        <time>2019-05-27T19:22:07Z</time>
      </trkpt>
      <trkpt lat="48.857847" lon="-121.535285">
        <ele>2016.4</ele>
        <time>2019-05-27T19:22:17Z</time>
      </trkpt>
      <trkpt lat="48.857935" lon="-121.535218">
        <ele>2017.2</ele>
        <time>2019-05-27T19:22:30Z</time>
      </trkpt>
      <trkpt lat="48.857969" lon="-121.535185">
        <ele>2015.0</ele>
        <time>2019-05-27T19:22:37Z</time>
      </trkpt>
      <trkpt lat="48.858035" lon="-121.535167">
        <ele>2014.4</ele>
        <time>2019-05-27T19:22:48Z</time>
      </trkpt>
      <trkpt lat="48.85811" lon="-121.535213">
        <ele>2014.0</ele>
        <time>2019-05-27T19:22:57Z</time>
      </trkpt>
      <trkpt lat="48.858212" lon="-121.535173">
        <ele>2017.2</ele>
        <time>2019-05-27T19:23:34Z</time>
      </trkpt>
      <trkpt lat="48.858289" lon="-121.535112">
        <ele>2020.7</ele>
        <time>2019-05-27T19:24:00Z</time>
      </trkpt>
      <trkpt lat="48.858336" lon="-121.535093">
        <ele>2020.2</ele>
        <time>2019-05-27T19:24:07Z</time>
      </trkpt>
      <trkpt lat="48.858367" lon="-121.535039">
        <ele>2017.9</ele>
        <time>2019-05-27T19:24:13Z</time>
      </trkpt>
      <trkpt lat="48.858386" lon="-121.535025">
        <ele>2019.6</ele>
        <time>2019-05-27T19:24:16Z</time>
      </trkpt>
      <trkpt lat="48.858446" lon="-121.535036">
        <ele>2020.9</ele>
        <time>2019-05-27T19:24:21Z</time>
      </trkpt>
      <trkpt lat="48.858458" lon="-121.535034">
        <ele>2020.8</ele>
        <time>2019-05-27T19:24:22Z</time>
      </trkpt>
      <trkpt lat="48.858507" lon="-121.535059">
        <ele>2021.8</ele>
        <time>2019-05-27T19:24:28Z</time>
      </trkpt>
      <trkpt lat="48.858545" lon="-121.535052">
        <ele>2020.1</ele>
        <time>2019-05-27T19:24:32Z</time>
      </trkpt>
      <trkpt lat="48.858584" lon="-121.535013">
        <ele>2017.7</ele>
        <time>2019-05-27T19:24:36Z</time>
      </trkpt>
      <trkpt lat="48.858627" lon="-121.535017">
        <ele>2018.3</ele>
        <time>2019-05-27T19:24:41Z</time>
      </trkpt>
      <trkpt lat="48.858742" lon="-121.535073">
        <ele>2018.0</ele>
        <time>2019-05-27T19:24:58Z</time>
      </trkpt>
      <trkpt lat="48.858793" lon="-121.535072">
        <ele>2017.1</ele>
        <time>2019-05-27T19:25:06Z</time>
      </trkpt>
      <trkpt lat="48.858828" lon="-121.535102">
        <ele>2018.2</ele>
        <time>2019-05-27T19:25:11Z</time>
      </trkpt>
      <trkpt lat="48.858889" lon="-121.535126">
        <ele>2020.8</ele>
        <time>2019-05-27T19:25:19Z</time>
      </trkpt>
      <trkpt lat="48.858928" lon="-121.53513">
        <ele>2020.9</ele>
        <time>2019-05-27T19:25:23Z</time>
      </trkpt>
      <trkpt lat="48.858957" lon="-121.53512">
        <ele>2021.3</ele>
        <time>2019-05-27T19:25:27Z</time>
      </trkpt>
      <trkpt lat="48.85896" lon="-121.53511">
        <ele>2021.2</ele>
        <time>2019-05-27T19:25:28Z</time>
      </trkpt>
      <trkpt lat="48.859143" lon="-121.535142">
        <ele>2024.8</ele>
        <time>2019-05-27T19:26:01Z</time>
      </trkpt>
      <trkpt lat="48.859178" lon="-121.535144">
        <ele>2025.5</ele>
        <time>2019-05-27T19:26:07Z</time>
      </trkpt>
      <trkpt lat="48.859194" lon="-121.535127">
        <ele>2024.8</ele>
        <time>2019-05-27T19:26:10Z</time>
      </trkpt>
      <trkpt lat="48.859217" lon="-121.53513">
        <ele>2023.9</ele>
        <time>2019-05-27T19:26:13Z</time>
      </trkpt>
      <trkpt lat="48.859301" lon="-121.535224">
        <ele>2029.1</ele>
        <time>2019-05-27T19:26:27Z</time>
      </trkpt>
      <trkpt lat="48.859379" lon="-121.535368">
        <ele>2030.5</ele>
        <time>2019-05-27T19:26:45Z</time>
      </trkpt>
      <trkpt lat="48.859379" lon="-121.535408">
        <ele>2030.4</ele>
        <time>2019-05-27T19:26:55Z</time>
      </trkpt>
      <trkpt lat="48.859411" lon="-121.535421">
        <ele>2030.0</ele>
        <time>2019-05-27T19:27:01Z</time>
      </trkpt>
      <trkpt lat="48.859433" lon="-121.535451">
        <ele>2030.3</ele>
        <time>2019-05-27T19:27:05Z</time>
      </trkpt>
      <trkpt lat="48.859456" lon="-121.53552">
        <ele>2029.4</ele>
        <time>2019-05-27T19:27:15Z</time>
      </trkpt>
      <trkpt lat="48.859487" lon="-121.535577">
        <ele>2028.9</ele>
        <time>2019-05-27T19:27:28Z</time>
      </trkpt>
      <trkpt lat="48.859503" lon="-121.535663">
        <ele>2032.0</ele>
        <time>2019-05-27T19:27:39Z</time>
      </trkpt>
      <trkpt lat="48.859492" lon="-121.535699">
        <ele>2031.2</ele>
        <time>2019-05-27T19:27:55Z</time>
      </trkpt>
      <trkpt lat="48.859501" lon="-121.53579">
        <ele>2031.9</ele>
        <time>2019-05-27T19:27:59Z</time>
      </trkpt>
      <trkpt lat="48.859521" lon="-121.535863">
        <ele>2033.3</ele>
        <time>2019-05-27T19:28:10Z</time>
      </trkpt>
      <trkpt lat="48.85955" lon="-121.535875">
        <ele>2033.6</ele>
        <time>2019-05-27T19:28:14Z</time>
      </trkpt>
      <trkpt lat="48.859575" lon="-121.5359">
        <ele>2032.9</ele>
        <time>2019-05-27T19:28:25Z</time>
      </trkpt>
      <trkpt lat="48.859613" lon="-121.535903">
        <ele>2033.0</ele>
        <time>2019-05-27T19:28:36Z</time>
      </trkpt>
      <trkpt lat="48.859674" lon="-121.536006">
        <ele>2034.5</ele>
        <time>2019-05-27T19:28:44Z</time>
      </trkpt>
      <trkpt lat="48.859683" lon="-121.536046">
        <ele>2035.3</ele>
        <time>2019-05-27T19:28:46Z</time>
      </trkpt>
      <trkpt lat="48.859722" lon="-121.536078">
        <ele>2034.1</ele>
        <time>2019-05-27T19:28:52Z</time>
      </trkpt>
      <trkpt lat="48.859737" lon="-121.536106">
        <ele>2034.2</ele>
        <time>2019-05-27T19:28:57Z</time>
      </trkpt>
      <trkpt lat="48.859739" lon="-121.536144">
        <ele>2033.7</ele>
        <time>2019-05-27T19:29:00Z</time>
      </trkpt>
      <trkpt lat="48.859757" lon="-121.536171">
        <ele>2032.4</ele>
        <time>2019-05-27T19:29:07Z</time>
      </trkpt>
      <trkpt lat="48.859781" lon="-121.536187">
        <ele>2031.8</ele>
        <time>2019-05-27T19:29:17Z</time>
      </trkpt>
      <trkpt lat="48.859793" lon="-121.536222">
        <ele>2037.8</ele>
        <time>2019-05-27T19:29:29Z</time>
      </trkpt>
      <trkpt lat="48.859822" lon="-121.536323">
        <ele>2039.0</ele>
        <time>2019-05-27T19:29:51Z</time>
      </trkpt>
      <trkpt lat="48.859872" lon="-121.536413">
        <ele>2039.4</ele>
        <time>2019-05-27T19:30:15Z</time>
      </trkpt>
      <trkpt lat="48.85988" lon="-121.536456">
        <ele>2040.5</ele>
        <time>2019-05-27T19:30:31Z</time>
      </trkpt>
      <trkpt lat="48.859893" lon="-121.536488">
        <ele>2044.7</ele>
        <time>2019-05-27T19:30:58Z</time>
      </trkpt>
      <trkpt lat="48.859954" lon="-121.536423">
        <ele>2049.7</ele>
        <time>2019-05-27T19:32:00Z</time>
      </trkpt>
      <trkpt lat="48.859984" lon="-121.536314">
        <ele>2051.2</ele>
        <time>2019-05-27T19:32:46Z</time>
      </trkpt>
      <trkpt lat="48.860009" lon="-121.536284">
        <ele>2053.4</ele>
        <time>2019-05-27T19:33:00Z</time>
      </trkpt>
      <trkpt lat="48.86003" lon="-121.536175">
        <ele>2055.1</ele>
        <time>2019-05-27T19:33:31Z</time>
      </trkpt>
      <trkpt lat="48.860067" lon="-121.536072">
        <ele>2058.5</ele>
        <time>2019-05-27T19:34:09Z</time>
      </trkpt>
      <trkpt lat="48.860073" lon="-121.53607">
        <ele>2058.1</ele>
        <time>2019-05-27T19:34:10Z</time>
      </trkpt>
      <trkpt lat="48.860087" lon="-121.536033">
        <ele>2058.3</ele>
        <time>2019-05-27T19:34:21Z</time>
      </trkpt>
      <trkpt lat="48.860109" lon="-121.536016">
        <ele>2058.7</ele>
        <time>2019-05-27T19:34:24Z</time>
      </trkpt>
      <trkpt lat="48.860124" lon="-121.535986">
        <ele>2059.2</ele>
        <time>2019-05-27T19:34:30Z</time>
      </trkpt>
      <trkpt lat="48.860121" lon="-121.535911">
        <ele>2060.3</ele>
        <time>2019-05-27T19:34:42Z</time>
      </trkpt>
      <trkpt lat="48.860132" lon="-121.535878">
        <ele>2061.6</ele>
        <time>2019-05-27T19:34:47Z</time>
      </trkpt>
      <trkpt lat="48.860118" lon="-121.535842">
        <ele>2062.7</ele>
        <time>2019-05-27T19:34:52Z</time>
      </trkpt>
      <trkpt lat="48.86014" lon="-121.535832">
        <ele>2061.1</ele>
        <time>2019-05-27T19:35:08Z</time>
      </trkpt>
      <trkpt lat="48.860162" lon="-121.535846">
        <ele>2062.2</ele>
        <time>2019-05-27T19:35:14Z</time>
      </trkpt>
      <trkpt lat="48.860164" lon="-121.535883">
        <ele>2063.5</ele>
        <time>2019-05-27T19:35:19Z</time>
      </trkpt>
      <trkpt lat="48.860196" lon="-121.535938">
        <ele>2064.8</ele>
        <time>2019-05-27T19:35:28Z</time>
      </trkpt>
      <trkpt lat="48.860215" lon="-121.535962">
        <ele>2064.2</ele>
        <time>2019-05-27T19:35:32Z</time>
      </trkpt>
      <trkpt lat="48.860246" lon="-121.535968">
        <ele>2067.1</ele>
        <time>2019-05-27T19:35:39Z</time>
      </trkpt>
      <trkpt lat="48.860256" lon="-121.535976">
        <ele>2067.3</ele>
        <time>2019-05-27T19:35:41Z</time>
      </trkpt>
      <trkpt lat="48.860239" lon="-121.536002">
        <ele>2067.5</ele>
        <time>2019-05-27T19:35:57Z</time>
      </trkpt>
      <trkpt lat="48.86021" lon="-121.536017">
        <ele>2070.6</ele>
        <time>2019-05-27T19:45:25Z</time>
      </trkpt>
      <trkpt lat="48.860223" lon="-121.535983">
        <ele>2070.8</ele>
        <time>2019-05-27T19:48:21Z</time>
      </trkpt>
      <trkpt lat="48.860223" lon="-121.536021">
        <ele>2068.8</ele>
        <time>2019-05-27T19:48:37Z</time>
      </trkpt>
      <trkpt lat="48.86025" lon="-121.536013">
        <ele>2070.3</ele>
        <time>2019-05-27T19:49:08Z</time>
      </trkpt>
      <trkpt lat="48.860254" lon="-121.53599">
        <ele>2073.0</ele>
        <time>2019-05-27T19:53:55Z</time>
      </trkpt>
      <trkpt lat="48.860274" lon="-121.535984">
        <ele>2070.4</ele>
        <time>2019-05-27T19:55:18Z</time>
      </trkpt>
      <trkpt lat="48.860345" lon="-121.535887">
        <ele>2067.5</ele>
        <time>2019-05-27T19:55:25Z</time>
      </trkpt>
      <trkpt lat="48.860471" lon="-121.535672">
        <ele>2063.5</ele>
        <time>2019-05-27T19:55:33Z</time>
      </trkpt>
      <trkpt lat="48.860523" lon="-121.535609">
        <ele>2062.8</ele>
        <time>2019-05-27T19:55:35Z</time>
      </trkpt>
      <trkpt lat="48.860561" lon="-121.535577">
        <ele>2063.1</ele>
        <time>2019-05-27T19:55:36Z</time>
      </trkpt>
      <trkpt lat="48.86063" lon="-121.535562">
        <ele>2063.1</ele>
        <time>2019-05-27T19:55:37Z</time>
      </trkpt>
      <trkpt lat="48.860644" lon="-121.535519">
        <ele>2061.8</ele>
        <time>2019-05-27T19:55:38Z</time>
      </trkpt>
      <trkpt lat="48.860697" lon="-121.535467">
        <ele>2062.3</ele>
        <time>2019-05-27T19:55:40Z</time>
      </trkpt>
      <trkpt lat="48.86077" lon="-121.535427">
        <ele>2063.1</ele>
        <time>2019-05-27T19:55:42Z</time>
      </trkpt>
      <trkpt lat="48.860857" lon="-121.535361">
        <ele>2063.7</ele>
        <time>2019-05-27T19:55:45Z</time>
      </trkpt>
      <trkpt lat="48.860878" lon="-121.535343">
        <ele>2063.4</ele>
        <time>2019-05-27T19:55:46Z</time>
      </trkpt>
      <trkpt lat="48.860925" lon="-121.535278">
        <ele>2057.9</ele>
        <time>2019-05-27T19:55:50Z</time>
      </trkpt>
      <trkpt lat="48.860948" lon="-121.535293">
        <ele>2056.9</ele>
        <time>2019-05-27T19:55:51Z</time>
      </trkpt>
      <trkpt lat="48.860976" lon="-121.535291">
        <ele>2054.2</ele>
        <time>2019-05-27T19:55:52Z</time>
      </trkpt>
      <trkpt lat="48.86104" lon="-121.535245">
        <ele>2053.2</ele>
        <time>2019-05-27T19:55:54Z</time>
      </trkpt>
      <trkpt lat="48.861064" lon="-121.535311">
        <ele>2052.9</ele>
        <time>2019-05-27T19:55:55Z</time>
      </trkpt>
      <trkpt lat="48.861111" lon="-121.535321">
        <ele>2051.8</ele>
        <time>2019-05-27T19:55:56Z</time>
      </trkpt>
      <trkpt lat="48.861149" lon="-121.535242">
        <ele>2051.5</ele>
        <time>2019-05-27T19:55:57Z</time>
      </trkpt>
      <trkpt lat="48.861188" lon="-121.535219">
        <ele>2050.7</ele>
        <time>2019-05-27T19:55:59Z</time>
      </trkpt>
      <trkpt lat="48.861217" lon="-121.535234">
        <ele>2049.9</ele>
        <time>2019-05-27T19:56:00Z</time>
      </trkpt>
      <trkpt lat="48.86124" lon="-121.535226">
        <ele>2049.4</ele>
        <time>2019-05-27T19:56:01Z</time>
      </trkpt>
      <trkpt lat="48.861361" lon="-121.535124">
        <ele>2048.2</ele>
        <time>2019-05-27T19:56:06Z</time>
      </trkpt>
      <trkpt lat="48.861421" lon="-121.535079">
        <ele>2046.5</ele>
        <time>2019-05-27T19:56:09Z</time>
      </trkpt>
      <trkpt lat="48.861529" lon="-121.534931">
        <ele>2045.1</ele>
        <time>2019-05-27T19:56:17Z</time>
      </trkpt>
      <trkpt lat="48.86157" lon="-121.534849">
        <ele>2045.1</ele>
        <time>2019-05-27T19:57:13Z</time>
      </trkpt>
      <trkpt lat="48.861631" lon="-121.534787">
        <ele>2045.9</ele>
        <time>2019-05-27T19:57:17Z</time>
      </trkpt>
      <trkpt lat="48.861794" lon="-121.534615">
        <ele>2044.4</ele>
        <time>2019-05-27T19:57:28Z</time>
      </trkpt>
      <trkpt lat="48.861954" lon="-121.534463">
        <ele>2043.5</ele>
        <time>2019-05-27T19:57:37Z</time>
      </trkpt>
      <trkpt lat="48.861969" lon="-121.534447">
        <ele>2043.9</ele>
        <time>2019-05-27T19:57:38Z</time>
      </trkpt>
      <trkpt lat="48.862113" lon="-121.534313">
        <ele>2041.1</ele>
        <time>2019-05-27T19:57:48Z</time>
      </trkpt>
      <trkpt lat="48.862268" lon="-121.534206">
        <ele>2040.0</ele>
        <time>2019-05-27T19:57:59Z</time>
      </trkpt>
      <trkpt lat="48.862281" lon="-121.53419">
        <ele>2040.0</ele>
        <time>2019-05-27T19:58:00Z</time>
      </trkpt>
      <trkpt lat="48.862351" lon="-121.534144">
        <ele>2040.9</ele>
        <time>2019-05-27T19:58:04Z</time>
      </trkpt>
      <trkpt lat="48.862364" lon="-121.534114">
        <ele>2037.0</ele>
        <time>2019-05-27T19:58:07Z</time>
      </trkpt>
      <trkpt lat="48.862343" lon="-121.534104">
        <ele>2036.4</ele>
        <time>2019-05-27T19:58:08Z</time>
      </trkpt>
      <trkpt lat="48.862357" lon="-121.534084">
        <ele>2036.0</ele>
        <time>2019-05-27T19:58:42Z</time>
      </trkpt>
      <trkpt lat="48.86248" lon="-121.534018">
        <ele>2037.0</ele>
        <time>2019-05-27T19:58:48Z</time>
      </trkpt>
      <trkpt lat="48.862549" lon="-121.533956">
        <ele>2032.1</ele>
        <time>2019-05-27T19:58:53Z</time>
      </trkpt>
      <trkpt lat="48.862597" lon="-121.533934">
        <ele>2030.2</ele>
        <time>2019-05-27T19:58:57Z</time>
      </trkpt>
      <trkpt lat="48.862613" lon="-121.533905">
        <ele>2027.6</ele>
        <time>2019-05-27T19:59:00Z</time>
      </trkpt>
      <trkpt lat="48.8627" lon="-121.53387">
        <ele>2028.1</ele>
        <time>2019-05-27T19:59:05Z</time>
      </trkpt>
      <trkpt lat="48.862743" lon="-121.533835">
        <ele>2027.8</ele>
        <time>2019-05-27T19:59:08Z</time>
      </trkpt>
      <trkpt lat="48.862889" lon="-121.53374">
        <ele>2028.1</ele>
        <time>2019-05-27T19:59:17Z</time>
      </trkpt>
      <trkpt lat="48.862968" lon="-121.533713">
        <ele>2027.1</ele>
        <time>2019-05-27T19:59:22Z</time>
      </trkpt>
      <trkpt lat="48.863051" lon="-121.533648">
        <ele>2024.1</ele>
        <time>2019-05-27T19:59:28Z</time>
      </trkpt>
      <trkpt lat="48.863062" lon="-121.533637">
        <ele>2023.6</ele>
        <time>2019-05-27T19:59:29Z</time>
      </trkpt>
      <trkpt lat="48.863111" lon="-121.533613">
        <ele>2018.7</ele>
        <time>2019-05-27T19:59:33Z</time>
      </trkpt>
      <trkpt lat="48.863204" lon="-121.533533">
        <ele>2021.5</ele>
        <time>2019-05-27T19:59:42Z</time>
      </trkpt>
      <trkpt lat="48.863235" lon="-121.533464">
        <ele>2016.7</ele>
        <time>2019-05-27T20:00:02Z</time>
      </trkpt>
      <trkpt lat="48.863351" lon="-121.533403">
        <ele>2014.3</ele>
        <time>2019-05-27T20:00:08Z</time>
      </trkpt>
      <trkpt lat="48.863372" lon="-121.53339">
        <ele>2014.0</ele>
        <time>2019-05-27T20:00:09Z</time>
      </trkpt>
      <trkpt lat="48.863457" lon="-121.533315">
        <ele>2011.5</ele>
        <time>2019-05-27T20:00:13Z</time>
      </trkpt>
      <trkpt lat="48.863572" lon="-121.533132">
        <ele>2007.8</ele>
        <time>2019-05-27T20:00:21Z</time>
      </trkpt>
      <trkpt lat="48.863589" lon="-121.533102">
        <ele>2006.1</ele>
        <time>2019-05-27T20:00:22Z</time>
      </trkpt>
      <trkpt lat="48.863737" lon="-121.532869">
        <ele>1999.0</ele>
        <time>2019-05-27T20:00:31Z</time>
      </trkpt>
      <trkpt lat="48.863753" lon="-121.532846">
        <ele>1998.2</ele>
        <time>2019-05-27T20:00:32Z</time>
      </trkpt>
      <trkpt lat="48.863808" lon="-121.53279">
        <ele>1997.9</ele>
        <time>2019-05-27T20:00:35Z</time>
      </trkpt>
      <trkpt lat="48.863898" lon="-121.532672">
        <ele>1991.8</ele>
        <time>2019-05-27T20:00:41Z</time>
      </trkpt>
      <trkpt lat="48.86402" lon="-121.532524">
        <ele>1985.7</ele>
        <time>2019-05-27T20:00:48Z</time>
      </trkpt>
      <trkpt lat="48.864059" lon="-121.532459">
        <ele>1982.9</ele>
        <time>2019-05-27T20:00:51Z</time>
      </trkpt>
      <trkpt lat="48.86407" lon="-121.532435">
        <ele>1982.2</ele>
        <time>2019-05-27T20:00:52Z</time>
      </trkpt>
      <trkpt lat="48.864209" lon="-121.532205">
        <ele>1975.5</ele>
        <time>2019-05-27T20:01:01Z</time>
      </trkpt>
      <trkpt lat="48.864251" lon="-121.532127">
        <ele>1973.2</ele>
        <time>2019-05-27T20:01:04Z</time>
      </trkpt>
      <trkpt lat="48.864375" lon="-121.531967">
        <ele>1968.9</ele>
        <time>2019-05-27T20:01:11Z</time>
      </trkpt>
      <trkpt lat="48.864389" lon="-121.531946">
        <ele>1968.4</ele>
        <time>2019-05-27T20:01:12Z</time>
      </trkpt>
      <trkpt lat="48.864459" lon="-121.531868">
        <ele>1969.0</ele>
        <time>2019-05-27T20:01:18Z</time>
      </trkpt>
      <trkpt lat="48.864475" lon="-121.531892">
        <ele>1967.3</ele>
        <time>2019-05-27T20:01:20Z</time>
      </trkpt>
      <trkpt lat="48.864469" lon="-121.531928">
        <ele>1966.3</ele>
        <time>2019-05-27T20:01:27Z</time>
      </trkpt>
      <trkpt lat="48.864518" lon="-121.531868">
        <ele>1960.6</ele>
        <time>2019-05-27T20:01:37Z</time>
      </trkpt>
      <trkpt lat="48.864616" lon="-121.531733">
        <ele>1959.2</ele>
        <time>2019-05-27T20:01:43Z</time>
      </trkpt>
      <trkpt lat="48.864663" lon="-121.531625">
        <ele>1956.4</ele>
        <time>2019-05-27T20:01:47Z</time>
      </trkpt>
      <trkpt lat="48.864714" lon="-121.531554">
        <ele>1955.2</ele>
        <time>2019-05-27T20:01:50Z</time>
      </trkpt>
      <trkpt lat="48.864758" lon="-121.531458">
        <ele>1954.0</ele>
        <time>2019-05-27T20:01:54Z</time>
      </trkpt>
      <trkpt lat="48.864808" lon="-121.531385">
        <ele>1953.1</ele>
        <time>2019-05-27T20:01:57Z</time>
      </trkpt>
      <trkpt lat="48.864821" lon="-121.531356">
        <ele>1952.8</ele>
        <time>2019-05-27T20:01:58Z</time>
      </trkpt>
      <trkpt lat="48.86493" lon="-121.531129">
        <ele>1948.2</ele>
        <time>2019-05-27T20:02:07Z</time>
      </trkpt>
      <trkpt lat="48.864945" lon="-121.531102">
        <ele>1946.9</ele>
        <time>2019-05-27T20:02:08Z</time>
      </trkpt>
      <trkpt lat="48.865061" lon="-121.530861">
        <ele>1940.2</ele>
        <time>2019-05-27T20:02:17Z</time>
      </trkpt>
      <trkpt lat="48.865122" lon="-121.53075">
        <ele>1935.1</ele>
        <time>2019-05-27T20:02:23Z</time>
      </trkpt>
      <trkpt lat="48.865101" lon="-121.530734">
        <ele>1933.5</ele>
        <time>2019-05-27T20:02:26Z</time>
      </trkpt>
      <trkpt lat="48.865074" lon="-121.530731">
        <ele>1933.3</ele>
        <time>2019-05-27T20:02:32Z</time>
      </trkpt>
      <trkpt lat="48.865103" lon="-121.530679">
        <ele>1928.5</ele>
        <time>2019-05-27T20:02:39Z</time>
      </trkpt>
      <trkpt lat="48.865164" lon="-121.530623">
        <ele>1924.8</ele>
        <time>2019-05-27T20:02:44Z</time>
      </trkpt>
      <trkpt lat="48.865192" lon="-121.530569">
        <ele>1923.3</ele>
        <time>2019-05-27T20:02:47Z</time>
      </trkpt>
      <trkpt lat="48.865234" lon="-121.53052">
        <ele>1922.5</ele>
        <time>2019-05-27T20:02:50Z</time>
      </trkpt>
      <trkpt lat="48.865255" lon="-121.530507">
        <ele>1923.1</ele>
        <time>2019-05-27T20:02:51Z</time>
      </trkpt>
      <trkpt lat="48.865283" lon="-121.53048">
        <ele>1921.4</ele>
        <time>2019-05-27T20:02:53Z</time>
      </trkpt>
      <trkpt lat="48.865314" lon="-121.530426">
        <ele>1918.1</ele>
        <time>2019-05-27T20:02:56Z</time>
      </trkpt>
      <trkpt lat="48.865379" lon="-121.530374">
        <ele>1918.5</ele>
        <time>2019-05-27T20:03:01Z</time>
      </trkpt>
      <trkpt lat="48.865442" lon="-121.530317">
        <ele>1912.9</ele>
        <time>2019-05-27T20:03:17Z</time>
      </trkpt>
      <trkpt lat="48.865501" lon="-121.530279">
        <ele>1912.3</ele>
        <time>2019-05-27T20:03:20Z</time>
      </trkpt>
      <trkpt lat="48.865527" lon="-121.53022">
        <ele>1910.3</ele>
        <time>2019-05-27T20:03:23Z</time>
      </trkpt>
      <trkpt lat="48.865652" lon="-121.530043">
        <ele>1904.7</ele>
        <time>2019-05-27T20:03:35Z</time>
      </trkpt>
      <trkpt lat="48.865668" lon="-121.530049">
        <ele>1901.7</ele>
        <time>2019-05-27T20:03:36Z</time>
      </trkpt>
      <trkpt lat="48.865677" lon="-121.530081">
        <ele>1900.2</ele>
        <time>2019-05-27T20:03:37Z</time>
      </trkpt>
      <trkpt lat="48.865659" lon="-121.530147">
        <ele>1897.9</ele>
        <time>2019-05-27T20:03:39Z</time>
      </trkpt>
      <trkpt lat="48.865629" lon="-121.530197">
        <ele>1895.1</ele>
        <time>2019-05-27T20:03:42Z</time>
      </trkpt>
      <trkpt lat="48.865614" lon="-121.530306">
        <ele>1892.4</ele>
        <time>2019-05-27T20:03:46Z</time>
      </trkpt>
      <trkpt lat="48.865615" lon="-121.530403">
        <ele>1890.3</ele>
        <time>2019-05-27T20:03:50Z</time>
      </trkpt>
      <trkpt lat="48.865628" lon="-121.53047">
        <ele>1889.1</ele>
        <time>2019-05-27T20:03:55Z</time>
      </trkpt>
      <trkpt lat="48.865645" lon="-121.530481">
        <ele>1888.5</ele>
        <time>2019-05-27T20:03:56Z</time>
      </trkpt>
      <trkpt lat="48.865682" lon="-121.530476">
        <ele>1887.9</ele>
        <time>2019-05-27T20:03:57Z</time>
      </trkpt>
      <trkpt lat="48.865735" lon="-121.530431">
        <ele>1886.0</ele>
        <time>2019-05-27T20:03:59Z</time>
      </trkpt>
      <trkpt lat="48.865824" lon="-121.530298">
        <ele>1883.9</ele>
        <time>2019-05-27T20:04:04Z</time>
      </trkpt>
      <trkpt lat="48.865841" lon="-121.530285">
        <ele>1882.8</ele>
        <time>2019-05-27T20:04:05Z</time>
      </trkpt>
      <trkpt lat="48.86586" lon="-121.530289">
        <ele>1882.1</ele>
        <time>2019-05-27T20:04:06Z</time>
      </trkpt>
      <trkpt lat="48.86587" lon="-121.53031">
        <ele>1882.1</ele>
        <time>2019-05-27T20:04:07Z</time>
      </trkpt>
      <trkpt lat="48.865836" lon="-121.530418">
        <ele>1880.5</ele>
        <time>2019-05-27T20:04:08Z</time>
      </trkpt>
      <trkpt lat="48.865838" lon="-121.530462">
        <ele>1880.4</ele>
        <time>2019-05-27T20:04:09Z</time>
      </trkpt>
      <trkpt lat="48.865833" lon="-121.53047">
        <ele>1881.8</ele>
        <time>2019-05-27T20:04:10Z</time>
      </trkpt>
      <trkpt lat="48.865873" lon="-121.530485">
        <ele>1880.8</ele>
        <time>2019-05-27T20:04:11Z</time>
      </trkpt>
      <trkpt lat="48.86591" lon="-121.530475">
        <ele>1880.7</ele>
        <time>2019-05-27T20:04:12Z</time>
      </trkpt>
      <trkpt lat="48.865981" lon="-121.530398">
        <ele>1883.3</ele>
        <time>2019-05-27T20:04:14Z</time>
      </trkpt>
      <trkpt lat="48.866022" lon="-121.530407">
        <ele>1882.6</ele>
        <time>2019-05-27T20:04:15Z</time>
      </trkpt>
      <trkpt lat="48.866037" lon="-121.530459">
        <ele>1879.9</ele>
        <time>2019-05-27T20:04:16Z</time>
      </trkpt>
      <trkpt lat="48.866044" lon="-121.530597">
        <ele>1875.1</ele>
        <time>2019-05-27T20:04:19Z</time>
      </trkpt>
      <trkpt lat="48.866055" lon="-121.530699">
        <ele>1871.8</ele>
        <time>2019-05-27T20:04:21Z</time>
      </trkpt>
      <trkpt lat="48.866224" lon="-121.530526">
        <ele>1864.9</ele>
        <time>2019-05-27T20:04:27Z</time>
      </trkpt>
      <trkpt lat="48.866235" lon="-121.530587">
        <ele>1864.4</ele>
        <time>2019-05-27T20:04:28Z</time>
      </trkpt>
      <trkpt lat="48.866223" lon="-121.530612">
        <ele>1862.6</ele>
        <time>2019-05-27T20:04:29Z</time>
      </trkpt>
      <trkpt lat="48.866226" lon="-121.530676">
        <ele>1860.5</ele>
        <time>2019-05-27T20:04:30Z</time>
      </trkpt>
      <trkpt lat="48.866236" lon="-121.530723">
        <ele>1857.9</ele>
        <time>2019-05-27T20:04:31Z</time>
      </trkpt>
      <trkpt lat="48.866267" lon="-121.530728">
        <ele>1858.0</ele>
        <time>2019-05-27T20:04:32Z</time>
      </trkpt>
      <trkpt lat="48.866304" lon="-121.530688">
        <ele>1857.7</ele>
        <time>2019-05-27T20:04:33Z</time>
      </trkpt>
      <trkpt lat="48.866364" lon="-121.530665">
        <ele>1857.0</ele>
        <time>2019-05-27T20:04:35Z</time>
      </trkpt>
      <trkpt lat="48.866384" lon="-121.530755">
        <ele>1853.5</ele>
        <time>2019-05-27T20:04:37Z</time>
      </trkpt>
      <trkpt lat="48.866381" lon="-121.530831">
        <ele>1850.6</ele>
        <time>2019-05-27T20:04:39Z</time>
      </trkpt>
      <trkpt lat="48.866382" lon="-121.530878">
        <ele>1850.1</ele>
        <time>2019-05-27T20:04:40Z</time>
      </trkpt>
      <trkpt lat="48.866398" lon="-121.530943">
        <ele>1851.7</ele>
        <time>2019-05-27T20:04:42Z</time>
      </trkpt>
      <trkpt lat="48.866456" lon="-121.530931">
        <ele>1848.9</ele>
        <time>2019-05-27T20:04:44Z</time>
      </trkpt>
      <trkpt lat="48.866484" lon="-121.530934">
        <ele>1847.7</ele>
        <time>2019-05-27T20:04:45Z</time>
      </trkpt>
      <trkpt lat="48.866521" lon="-121.531008">
        <ele>1843.4</ele>
        <time>2019-05-27T20:04:47Z</time>
      </trkpt>
      <trkpt lat="48.866604" lon="-121.530881">
        <ele>1842.6</ele>
        <time>2019-05-27T20:04:49Z</time>
      </trkpt>
      <trkpt lat="48.866636" lon="-121.53086">
        <ele>1841.7</ele>
        <time>2019-05-27T20:04:50Z</time>
      </trkpt>
      <trkpt lat="48.866733" lon="-121.530785">
        <ele>1842.4</ele>
        <time>2019-05-27T20:04:53Z</time>
      </trkpt>
      <trkpt lat="48.86679" lon="-121.53076">
        <ele>1841.3</ele>
        <time>2019-05-27T20:04:55Z</time>
      </trkpt>
      <trkpt lat="48.866883" lon="-121.530684">
        <ele>1842.2</ele>
        <time>2019-05-27T20:04:59Z</time>
      </trkpt>
      <trkpt lat="48.866909" lon="-121.530657">
        <ele>1840.6</ele>
        <time>2019-05-27T20:05:00Z</time>
      </trkpt>
      <trkpt lat="48.866957" lon="-121.530614">
        <ele>1838.9</ele>
        <time>2019-05-27T20:05:02Z</time>
      </trkpt>
      <trkpt lat="48.866983" lon="-121.530607">
        <ele>1836.9</ele>
        <time>2019-05-27T20:05:03Z</time>
      </trkpt>
      <trkpt lat="48.866997" lon="-121.530631">
        <ele>1835.5</ele>
        <time>2019-05-27T20:05:04Z</time>
      </trkpt>
      <trkpt lat="48.866998" lon="-121.530674">
        <ele>1833.8</ele>
        <time>2019-05-27T20:05:05Z</time>
      </trkpt>
      <trkpt lat="48.866955" lon="-121.53078">
        <ele>1830.4</ele>
        <time>2019-05-27T20:05:09Z</time>
      </trkpt>
      <trkpt lat="48.866918" lon="-121.53092">
        <ele>1827.4</ele>
        <time>2019-05-27T20:05:13Z</time>
      </trkpt>
      <trkpt lat="48.866927" lon="-121.53096">
        <ele>1825.0</ele>
        <time>2019-05-27T20:05:14Z</time>
      </trkpt>
      <trkpt lat="48.866949" lon="-121.530993">
        <ele>1824.9</ele>
        <time>2019-05-27T20:05:15Z</time>
      </trkpt>
      <trkpt lat="48.867018" lon="-121.531014">
        <ele>1822.4</ele>
        <time>2019-05-27T20:05:17Z</time>
      </trkpt>
      <trkpt lat="48.867128" lon="-121.531084">
        <ele>1817.3</ele>
        <time>2019-05-27T20:05:20Z</time>
      </trkpt>
      <trkpt lat="48.867157" lon="-121.531084">
        <ele>1817.6</ele>
        <time>2019-05-27T20:05:21Z</time>
      </trkpt>
      <trkpt lat="48.867266" lon="-121.530991">
        <ele>1814.9</ele>
        <time>2019-05-27T20:05:24Z</time>
      </trkpt>
      <trkpt lat="48.867395" lon="-121.530915">
        <ele>1809.5</ele>
        <time>2019-05-27T20:05:28Z</time>
      </trkpt>
      <trkpt lat="48.867421" lon="-121.530886">
        <ele>1808.1</ele>
        <time>2019-05-27T20:05:29Z</time>
      </trkpt>
      <trkpt lat="48.867456" lon="-121.53087">
        <ele>1808.7</ele>
        <time>2019-05-27T20:05:30Z</time>
      </trkpt>
      <trkpt lat="48.867494" lon="-121.530846">
        <ele>1808.3</ele>
        <time>2019-05-27T20:05:31Z</time>
      </trkpt>
      <trkpt lat="48.86751" lon="-121.530801">
        <ele>1806.6</ele>
        <time>2019-05-27T20:05:32Z</time>
      </trkpt>
      <trkpt lat="48.867533" lon="-121.530799">
        <ele>1805.9</ele>
        <time>2019-05-27T20:05:33Z</time>
      </trkpt>
      <trkpt lat="48.867567" lon="-121.530832">
        <ele>1805.9</ele>
        <time>2019-05-27T20:05:35Z</time>
      </trkpt>
      <trkpt lat="48.867527" lon="-121.53096">
        <ele>1803.6</ele>
        <time>2019-05-27T20:05:45Z</time>
      </trkpt>
      <trkpt lat="48.867497" lon="-121.531082">
        <ele>1802.6</ele>
        <time>2019-05-27T20:05:48Z</time>
      </trkpt>
      <trkpt lat="48.867496" lon="-121.531133">
        <ele>1802.5</ele>
        <time>2019-05-27T20:05:49Z</time>
      </trkpt>
      <trkpt lat="48.867553" lon="-121.531106">
        <ele>1800.2</ele>
        <time>2019-05-27T20:05:50Z</time>
      </trkpt>
      <trkpt lat="48.867579" lon="-121.531077">
        <ele>1799.5</ele>
        <time>2019-05-27T20:05:51Z</time>
      </trkpt>
      <trkpt lat="48.867728" lon="-121.530967">
        <ele>1795.0</ele>
        <time>2019-05-27T20:05:55Z</time>
      </trkpt>
      <trkpt lat="48.867767" lon="-121.53094">
        <ele>1794.8</ele>
        <time>2019-05-27T20:05:56Z</time>
      </trkpt>
      <trkpt lat="48.868027" lon="-121.530751">
        <ele>1787.6</ele>
        <time>2019-05-27T20:06:03Z</time>
      </trkpt>
      <trkpt lat="48.868102" lon="-121.530674">
        <ele>1785.9</ele>
        <time>2019-05-27T20:06:05Z</time>
      </trkpt>
      <trkpt lat="48.86814" lon="-121.530639">
        <ele>1784.5</ele>
        <time>2019-05-27T20:06:06Z</time>
      </trkpt>
      <trkpt lat="48.86818" lon="-121.530615">
        <ele>1783.4</ele>
        <time>2019-05-27T20:06:07Z</time>
      </trkpt>
      <trkpt lat="48.868279" lon="-121.530583">
        <ele>1784.0</ele>
        <time>2019-05-27T20:06:09Z</time>
      </trkpt>
      <trkpt lat="48.868293" lon="-121.530556">
        <ele>1781.6</ele>
        <time>2019-05-27T20:06:10Z</time>
      </trkpt>
      <trkpt lat="48.868408" lon="-121.530522">
        <ele>1776.0</ele>
        <time>2019-05-27T20:06:13Z</time>
      </trkpt>
      <trkpt lat="48.868502" lon="-121.530506">
        <ele>1775.6</ele>
        <time>2019-05-27T20:06:15Z</time>
      </trkpt>
      <trkpt lat="48.868549" lon="-121.530511">
        <ele>1775.9</ele>
        <time>2019-05-27T20:06:16Z</time>
      </trkpt>
      <trkpt lat="48.86869" lon="-121.530489">
        <ele>1773.0</ele>
        <time>2019-05-27T20:06:20Z</time>
      </trkpt>
      <trkpt lat="48.868766" lon="-121.530505">
        <ele>1771.3</ele>
        <time>2019-05-27T20:06:23Z</time>
      </trkpt>
      <trkpt lat="48.8688" lon="-121.530495">
        <ele>1770.3</ele>
        <time>2019-05-27T20:06:24Z</time>
      </trkpt>
      <trkpt lat="48.868805" lon="-121.530525">
        <ele>1769.0</ele>
        <time>2019-05-27T20:06:25Z</time>
      </trkpt>
      <trkpt lat="48.868851" lon="-121.530501">
        <ele>1768.9</ele>
        <time>2019-05-27T20:06:26Z</time>
      </trkpt>
      <trkpt lat="48.868936" lon="-121.530473">
        <ele>1767.1</ele>
        <time>2019-05-27T20:06:31Z</time>
      </trkpt>
      <trkpt lat="48.869005" lon="-121.530486">
        <ele>1772.5</ele>
        <time>2019-05-27T20:06:56Z</time>
      </trkpt>
      <trkpt lat="48.869043" lon="-121.530466">
        <ele>1771.1</ele>
        <time>2019-05-27T20:07:01Z</time>
      </trkpt>
      <trkpt lat="48.86923" lon="-121.530314">
        <ele>1767.2</ele>
        <time>2019-05-27T20:07:10Z</time>
      </trkpt>
      <trkpt lat="48.869259" lon="-121.530295">
        <ele>1767.3</ele>
        <time>2019-05-27T20:07:11Z</time>
      </trkpt>
      <trkpt lat="48.869321" lon="-121.53027">
        <ele>1765.8</ele>
        <time>2019-05-27T20:07:13Z</time>
      </trkpt>
      <trkpt lat="48.869378" lon="-121.530262">
        <ele>1764.0</ele>
        <time>2019-05-27T20:07:15Z</time>
      </trkpt>
      <trkpt lat="48.869541" lon="-121.530258">
        <ele>1760.2</ele>
        <time>2019-05-27T20:07:20Z</time>
      </trkpt>
      <trkpt lat="48.869644" lon="-121.530234">
        <ele>1758.8</ele>
        <time>2019-05-27T20:07:23Z</time>
      </trkpt>
      <trkpt lat="48.869903" lon="-121.530132">
        <ele>1755.1</ele>
        <time>2019-05-27T20:07:30Z</time>
      </trkpt>
      <trkpt lat="48.869959" lon="-121.530124">
        <ele>1754.3</ele>
        <time>2019-05-27T20:07:32Z</time>
      </trkpt>
      <trkpt lat="48.869953" lon="-121.530159">
        <ele>1750.4</ele>
        <time>2019-05-27T20:07:40Z</time>
      </trkpt>
      <trkpt lat="48.869982" lon="-121.530205">
        <ele>1748.2</ele>
        <time>2019-05-27T20:07:42Z</time>
      </trkpt>
      <trkpt lat="48.870111" lon="-121.53024">
        <ele>1746.4</ele>
        <time>2019-05-27T20:07:47Z</time>
      </trkpt>
      <trkpt lat="48.870342" lon="-121.530332">
        <ele>1741.6</ele>
        <time>2019-05-27T20:07:55Z</time>
      </trkpt>
      <trkpt lat="48.870371" lon="-121.530337">
        <ele>1740.5</ele>
        <time>2019-05-27T20:07:56Z</time>
      </trkpt>
      <trkpt lat="48.870438" lon="-121.530322">
        <ele>1737.5</ele>
        <time>2019-05-27T20:07:58Z</time>
      </trkpt>
      <trkpt lat="48.870482" lon="-121.530303">
        <ele>1736.5</ele>
        <time>2019-05-27T20:08:01Z</time>
      </trkpt>
      <trkpt lat="48.870498" lon="-121.530332">
        <ele>1738.2</ele>
        <time>2019-05-27T20:08:26Z</time>
      </trkpt>
      <trkpt lat="48.870522" lon="-121.530332">
        <ele>1737.5</ele>
        <time>2019-05-27T20:08:29Z</time>
      </trkpt>
      <trkpt lat="48.870546" lon="-121.530312">
        <ele>1737.5</ele>
        <time>2019-05-27T20:08:31Z</time>
      </trkpt>
      <trkpt lat="48.870554" lon="-121.530293">
        <ele>1737.1</ele>
        <time>2019-05-27T20:08:32Z</time>
      </trkpt>
      <trkpt lat="48.870606" lon="-121.530365">
        <ele>1734.9</ele>
        <time>2019-05-27T20:08:34Z</time>
      </trkpt>
      <trkpt lat="48.870644" lon="-121.530373">
        <ele>1735.0</ele>
        <time>2019-05-27T20:08:35Z</time>
      </trkpt>
      <trkpt lat="48.870727" lon="-121.530385">
        <ele>1733.5</ele>
        <time>2019-05-27T20:08:37Z</time>
      </trkpt>
      <trkpt lat="48.870781" lon="-121.530403">
        <ele>1732.4</ele>
        <time>2019-05-27T20:08:38Z</time>
      </trkpt>
      <trkpt lat="48.870821" lon="-121.530382">
        <ele>1731.5</ele>
        <time>2019-05-27T20:08:39Z</time>
      </trkpt>
      <trkpt lat="48.870865" lon="-121.530415">
        <ele>1730.1</ele>
        <time>2019-05-27T20:08:40Z</time>
      </trkpt>
      <trkpt lat="48.870957" lon="-121.53042">
        <ele>1727.2</ele>
        <time>2019-05-27T20:08:42Z</time>
      </trkpt>
      <trkpt lat="48.870999" lon="-121.530439">
        <ele>1727.0</ele>
        <time>2019-05-27T20:08:43Z</time>
      </trkpt>
      <trkpt lat="48.871054" lon="-121.530436">
        <ele>1724.8</ele>
        <time>2019-05-27T20:08:44Z</time>
      </trkpt>
      <trkpt lat="48.871094" lon="-121.530421">
        <ele>1723.4</ele>
        <time>2019-05-27T20:08:45Z</time>
      </trkpt>
      <trkpt lat="48.871283" lon="-121.530417">
        <ele>1720.6</ele>
        <time>2019-05-27T20:08:49Z</time>
      </trkpt>
      <trkpt lat="48.871472" lon="-121.530481">
        <ele>1718.1</ele>
        <time>2019-05-27T20:08:54Z</time>
      </trkpt>
      <trkpt lat="48.871512" lon="-121.530496">
        <ele>1716.9</ele>
        <time>2019-05-27T20:08:55Z</time>
      </trkpt>
      <trkpt lat="48.871609" lon="-121.53051">
        <ele>1715.9</ele>
        <time>2019-05-27T20:08:57Z</time>
      </trkpt>
      <trkpt lat="48.871664" lon="-121.530503">
        <ele>1716.1</ele>
        <time>2019-05-27T20:08:58Z</time>
      </trkpt>
      <trkpt lat="48.871783" lon="-121.530534">
        <ele>1714.7</ele>
        <time>2019-05-27T20:09:01Z</time>
      </trkpt>
      <trkpt lat="48.871916" lon="-121.530552">
        <ele>1710.7</ele>
        <time>2019-05-27T20:09:04Z</time>
      </trkpt>
      <trkpt lat="48.871962" lon="-121.530543">
        <ele>1711.0</ele>
        <time>2019-05-27T20:09:05Z</time>
      </trkpt>
      <trkpt lat="48.872162" lon="-121.530555">
        <ele>1709.2</ele>
        <time>2019-05-27T20:09:11Z</time>
      </trkpt>
      <trkpt lat="48.872262" lon="-121.530581">
        <ele>1706.5</ele>
        <time>2019-05-27T20:09:15Z</time>
      </trkpt>
      <trkpt lat="48.872388" lon="-121.530598">
        <ele>1704.5</ele>
        <time>2019-05-27T20:09:21Z</time>
      </trkpt>
      <trkpt lat="48.872413" lon="-121.530589">
        <ele>1702.8</ele>
        <time>2019-05-27T20:09:29Z</time>
      </trkpt>
      <trkpt lat="48.872458" lon="-121.530596">
        <ele>1699.2</ele>
        <time>2019-05-27T20:09:40Z</time>
      </trkpt>
      <trkpt lat="48.87253" lon="-121.530612">
        <ele>1699.5</ele>
        <time>2019-05-27T20:09:44Z</time>
      </trkpt>
      <trkpt lat="48.872617" lon="-121.53065">
        <ele>1698.9</ele>
        <time>2019-05-27T20:09:49Z</time>
      </trkpt>
      <trkpt lat="48.872809" lon="-121.530674">
        <ele>1697.4</ele>
        <time>2019-05-27T20:10:01Z</time>
      </trkpt>
      <trkpt lat="48.872881" lon="-121.530685">
        <ele>1697.0</ele>
        <time>2019-05-27T20:10:07Z</time>
      </trkpt>
      <trkpt lat="48.872946" lon="-121.530675">
        <ele>1696.9</ele>
        <time>2019-05-27T20:10:11Z</time>
      </trkpt>
      <trkpt lat="48.873044" lon="-121.530681">
        <ele>1697.0</ele>
        <time>2019-05-27T20:10:16Z</time>
      </trkpt>
      <trkpt lat="48.873134" lon="-121.530706">
        <ele>1696.0</ele>
        <time>2019-05-27T20:10:21Z</time>
      </trkpt>
      <trkpt lat="48.873332" lon="-121.530722">
        <ele>1694.0</ele>
        <time>2019-05-27T20:10:31Z</time>
      </trkpt>
      <trkpt lat="48.873354" lon="-121.530731">
        <ele>1694.4</ele>
        <time>2019-05-27T20:10:32Z</time>
      </trkpt>
      <trkpt lat="48.873548" lon="-121.530772">
        <ele>1691.1</ele>
        <time>2019-05-27T20:10:42Z</time>
      </trkpt>
      <trkpt lat="48.873795" lon="-121.530838">
        <ele>1685.8</ele>
        <time>2019-05-27T20:10:51Z</time>
      </trkpt>
      <trkpt lat="48.874029" lon="-121.530926">
        <ele>1684.0</ele>
        <time>2019-05-27T20:11:01Z</time>
      </trkpt>
      <trkpt lat="48.874213" lon="-121.531012">
        <ele>1680.3</ele>
        <time>2019-05-27T20:11:11Z</time>
      </trkpt>
      <trkpt lat="48.874376" lon="-121.531068">
        <ele>1679.2</ele>
        <time>2019-05-27T20:11:18Z</time>
      </trkpt>
      <trkpt lat="48.874456" lon="-121.531116">
        <ele>1678.4</ele>
        <time>2019-05-27T20:11:21Z</time>
      </trkpt>
      <trkpt lat="48.874605" lon="-121.531164">
        <ele>1675.9</ele>
        <time>2019-05-27T20:11:26Z</time>
      </trkpt>
      <trkpt lat="48.874758" lon="-121.53124">
        <ele>1673.9</ele>
        <time>2019-05-27T20:11:31Z</time>
      </trkpt>
      <trkpt lat="48.874779" lon="-121.53126">
        <ele>1674.6</ele>
        <time>2019-05-27T20:11:32Z</time>
      </trkpt>
      <trkpt lat="48.874904" lon="-121.531441">
        <ele>1675.9</ele>
        <time>2019-05-27T20:11:42Z</time>
      </trkpt>
      <trkpt lat="48.875018" lon="-121.531529">
        <ele>1676.7</ele>
        <time>2019-05-27T20:11:52Z</time>
      </trkpt>
      <trkpt lat="48.875044" lon="-121.531532">
        <ele>1675.0</ele>
        <time>2019-05-27T20:11:57Z</time>
      </trkpt>
      <trkpt lat="48.875023" lon="-121.531558">
        <ele>1673.5</ele>
        <time>2019-05-27T20:12:29Z</time>
      </trkpt>
      <trkpt lat="48.875038" lon="-121.531589">
        <ele>1675.5</ele>
        <time>2019-05-27T20:13:35Z</time>
      </trkpt>
      <trkpt lat="48.87505" lon="-121.531595">
        <ele>1678.8</ele>
        <time>2019-05-27T20:20:23Z</time>
      </trkpt>
      <trkpt lat="48.875091" lon="-121.531576">
        <ele>1679.4</ele>
        <time>2019-05-27T20:21:28Z</time>
      </trkpt>
      <trkpt lat="48.87515" lon="-121.531588">
        <ele>1679.6</ele>
        <time>2019-05-27T20:21:36Z</time>
      </trkpt>
      <trkpt lat="48.87523" lon="-121.531591">
        <ele>1676.7</ele>
        <time>2019-05-27T20:21:49Z</time>
      </trkpt>
      <trkpt lat="48.87525" lon="-121.531566">
        <ele>1678.6</ele>
        <time>2019-05-27T20:21:53Z</time>
      </trkpt>
      <trkpt lat="48.875274" lon="-121.531556">
        <ele>1679.5</ele>
        <time>2019-05-27T20:21:56Z</time>
      </trkpt>
      <trkpt lat="48.875332" lon="-121.531553">
        <ele>1681.1</ele>
        <time>2019-05-27T20:22:03Z</time>
      </trkpt>
      <trkpt lat="48.875359" lon="-121.53154">
        <ele>1680.6</ele>
        <time>2019-05-27T20:22:10Z</time>
      </trkpt>
      <trkpt lat="48.875469" lon="-121.531524">
        <ele>1683.5</ele>
        <time>2019-05-27T20:22:24Z</time>
      </trkpt>
      <trkpt lat="48.875499" lon="-121.531506">
        <ele>1684.0</ele>
        <time>2019-05-27T20:22:32Z</time>
      </trkpt>
      <trkpt lat="48.875539" lon="-121.531491">
        <ele>1686.4</ele>
        <time>2019-05-27T20:22:39Z</time>
      </trkpt>
      <trkpt lat="48.875648" lon="-121.5314">
        <ele>1687.9</ele>
        <time>2019-05-27T20:23:15Z</time>
      </trkpt>
      <trkpt lat="48.875677" lon="-121.531402">
        <ele>1690.4</ele>
        <time>2019-05-27T20:23:25Z</time>
      </trkpt>
      <trkpt lat="48.875629" lon="-121.531377">
        <ele>1685.2</ele>
        <time>2019-05-27T20:23:41Z</time>
      </trkpt>
      <trkpt lat="48.875554" lon="-121.531358">
        <ele>1693.2</ele>
        <time>2019-05-27T20:23:54Z</time>
      </trkpt>
      <trkpt lat="48.875523" lon="-121.531362">
        <ele>1694.6</ele>
        <time>2019-05-27T20:23:58Z</time>
      </trkpt>
      <trkpt lat="48.875527" lon="-121.531378">
        <ele>1695.5</ele>
        <time>2019-05-27T20:24:00Z</time>
      </trkpt>
      <trkpt lat="48.875532" lon="-121.531344">
        <ele>1687.3</ele>
        <time>2019-05-27T20:24:18Z</time>
      </trkpt>
      <trkpt lat="48.875518" lon="-121.531378">
        <ele>1685.7</ele>
        <time>2019-05-27T20:24:50Z</time>
      </trkpt>
      <trkpt lat="48.875496" lon="-121.531393">
        <ele>1684.1</ele>
        <time>2019-05-27T20:25:48Z</time>
      </trkpt>
      <trkpt lat="48.875545" lon="-121.531378">
        <ele>1684.9</ele>
        <time>2019-05-27T20:27:16Z</time>
      </trkpt>
      <trkpt lat="48.875514" lon="-121.531252">
        <ele>1693.2</ele>
        <time>2019-05-27T20:28:34Z</time>
      </trkpt>
      <trkpt lat="48.875525" lon="-121.531216">
        <ele>1696.6</ele>
        <time>2019-05-27T20:28:40Z</time>
      </trkpt>
      <trkpt lat="48.875506" lon="-121.531189">
        <ele>1694.9</ele>
        <time>2019-05-27T20:28:50Z</time>
      </trkpt>
      <trkpt lat="48.875516" lon="-121.531118">
        <ele>1698.4</ele>
        <time>2019-05-27T20:29:08Z</time>
      </trkpt>
      <trkpt lat="48.875502" lon="-121.531087">
        <ele>1698.3</ele>
        <time>2019-05-27T20:29:16Z</time>
      </trkpt>
      <trkpt lat="48.875501" lon="-121.531043">
        <ele>1700.6</ele>
        <time>2019-05-27T20:29:26Z</time>
      </trkpt>
      <trkpt lat="48.875481" lon="-121.531005">
        <ele>1699.0</ele>
        <time>2019-05-27T20:29:35Z</time>
      </trkpt>
      <trkpt lat="48.87549" lon="-121.530927">
        <ele>1701.9</ele>
        <time>2019-05-27T20:29:56Z</time>
      </trkpt>
      <trkpt lat="48.875486" lon="-121.530805">
        <ele>1704.9</ele>
        <time>2019-05-27T20:30:18Z</time>
      </trkpt>
      <trkpt lat="48.875457" lon="-121.530781">
        <ele>1707.3</ele>
        <time>2019-05-27T20:30:32Z</time>
      </trkpt>
      <trkpt lat="48.875445" lon="-121.530701">
        <ele>1711.5</ele>
        <time>2019-05-27T20:30:49Z</time>
      </trkpt>
      <trkpt lat="48.875451" lon="-121.530662">
        <ele>1712.1</ele>
        <time>2019-05-27T20:30:59Z</time>
      </trkpt>
      <trkpt lat="48.875427" lon="-121.530591">
        <ele>1713.8</ele>
        <time>2019-05-27T20:31:18Z</time>
      </trkpt>
      <trkpt lat="48.875441" lon="-121.530513">
        <ele>1721.1</ele>
        <time>2019-05-27T20:31:35Z</time>
      </trkpt>
      <trkpt lat="48.875448" lon="-121.530511">
        <ele>1722.3</ele>
        <time>2019-05-27T20:31:36Z</time>
      </trkpt>
      <trkpt lat="48.875472" lon="-121.530477">
        <ele>1721.5</ele>
        <time>2019-05-27T20:31:59Z</time>
      </trkpt>
      <trkpt lat="48.875452" lon="-121.530407">
        <ele>1721.3</ele>
        <time>2019-05-27T20:32:17Z</time>
      </trkpt>
      <trkpt lat="48.875444" lon="-121.530335">
        <ele>1723.3</ele>
        <time>2019-05-27T20:32:33Z</time>
      </trkpt>
      <trkpt lat="48.875461" lon="-121.530257">
        <ele>1724.2</ele>
        <time>2019-05-27T20:32:47Z</time>
      </trkpt>
      <trkpt lat="48.875468" lon="-121.530174">
        <ele>1727.7</ele>
        <time>2019-05-27T20:33:06Z</time>
      </trkpt>
      <trkpt lat="48.875483" lon="-121.530152">
        <ele>1729.2</ele>
        <time>2019-05-27T20:33:16Z</time>
      </trkpt>
      <trkpt lat="48.875471" lon="-121.530044">
        <ele>1735.7</ele>
        <time>2019-05-27T20:33:37Z</time>
      </trkpt>
      <trkpt lat="48.875444" lon="-121.529968">
        <ele>1736.8</ele>
        <time>2019-05-27T20:33:53Z</time>
      </trkpt>
      <trkpt lat="48.875454" lon="-121.529937">
        <ele>1737.7</ele>
        <time>2019-05-27T20:33:57Z</time>
      </trkpt>
      <trkpt lat="48.875434" lon="-121.529761">
        <ele>1744.2</ele>
        <time>2019-05-27T20:34:23Z</time>
      </trkpt>
      <trkpt lat="48.875434" lon="-121.529752">
        <ele>1744.6</ele>
        <time>2019-05-27T20:34:24Z</time>
      </trkpt>
      <trkpt lat="48.875412" lon="-121.529644">
        <ele>1742.5</ele>
        <time>2019-05-27T20:34:36Z</time>
      </trkpt>
      <trkpt lat="48.875383" lon="-121.529608">
        <ele>1741.1</ele>
        <time>2019-05-27T20:34:39Z</time>
      </trkpt>
      <trkpt lat="48.875374" lon="-121.529572">
        <ele>1742.2</ele>
        <time>2019-05-27T20:34:44Z</time>
      </trkpt>
      <trkpt lat="48.875389" lon="-121.529513">
        <ele>1743.0</ele>
        <time>2019-05-27T20:35:10Z</time>
      </trkpt>
      <trkpt lat="48.875396" lon="-121.529431">
        <ele>1743.5</ele>
        <time>2019-05-27T20:35:18Z</time>
      </trkpt>
      <trkpt lat="48.875414" lon="-121.529403">
        <ele>1742.7</ele>
        <time>2019-05-27T20:35:21Z</time>
      </trkpt>
      <trkpt lat="48.875508" lon="-121.529354">
        <ele>1745.3</ele>
        <time>2019-05-27T20:35:33Z</time>
      </trkpt>
      <trkpt lat="48.875557" lon="-121.52934">
        <ele>1746.7</ele>
        <time>2019-05-27T20:35:38Z</time>
      </trkpt>
      <trkpt lat="48.875694" lon="-121.529241">
        <ele>1747.9</ele>
        <time>2019-05-27T20:35:58Z</time>
      </trkpt>
      <trkpt lat="48.875754" lon="-121.529165">
        <ele>1747.6</ele>
        <time>2019-05-27T20:36:10Z</time>
      </trkpt>
      <trkpt lat="48.875811" lon="-121.529118">
        <ele>1749.8</ele>
        <time>2019-05-27T20:36:18Z</time>
      </trkpt>
      <trkpt lat="48.875846" lon="-121.529102">
        <ele>1748.9</ele>
        <time>2019-05-27T20:36:22Z</time>
      </trkpt>
      <trkpt lat="48.875994" lon="-121.528974">
        <ele>1749.5</ele>
        <time>2019-05-27T20:36:46Z</time>
      </trkpt>
      <trkpt lat="48.876051" lon="-121.528935">
        <ele>1752.1</ele>
        <time>2019-05-27T20:36:54Z</time>
      </trkpt>
      <trkpt lat="48.876161" lon="-121.528826">
        <ele>1753.5</ele>
        <time>2019-05-27T20:37:11Z</time>
      </trkpt>
      <trkpt lat="48.876255" lon="-121.528747">
        <ele>1753.8</ele>
        <time>2019-05-27T20:37:23Z</time>
      </trkpt>
      <trkpt lat="48.876242" lon="-121.528728">
        <ele>1753.4</ele>
        <time>2019-05-27T20:37:27Z</time>
      </trkpt>
      <trkpt lat="48.876254" lon="-121.528693">
        <ele>1753.9</ele>
        <time>2019-05-27T20:37:41Z</time>
      </trkpt>
      <trkpt lat="48.87628" lon="-121.528676">
        <ele>1754.0</ele>
        <time>2019-05-27T20:37:44Z</time>
      </trkpt>
      <trkpt lat="48.876385" lon="-121.528566">
        <ele>1751.9</ele>
        <time>2019-05-27T20:37:58Z</time>
      </trkpt>
      <trkpt lat="48.876433" lon="-121.528552">
        <ele>1753.2</ele>
        <time>2019-05-27T20:38:04Z</time>
      </trkpt>
      <trkpt lat="48.876469" lon="-121.528513">
        <ele>1750.3</ele>
        <time>2019-05-27T20:38:09Z</time>
      </trkpt>
      <trkpt lat="48.876552" lon="-121.528466">
        <ele>1752.1</ele>
        <time>2019-05-27T20:38:17Z</time>
      </trkpt>
      <trkpt lat="48.876602" lon="-121.528403">
        <ele>1752.7</ele>
        <time>2019-05-27T20:38:24Z</time>
      </trkpt>
      <trkpt lat="48.876657" lon="-121.528326">
        <ele>1753.8</ele>
        <time>2019-05-27T20:38:33Z</time>
      </trkpt>
      <trkpt lat="48.876709" lon="-121.528191">
        <ele>1752.1</ele>
        <time>2019-05-27T20:38:49Z</time>
      </trkpt>
      <trkpt lat="48.87672" lon="-121.528177">
        <ele>1752.9</ele>
        <time>2019-05-27T20:38:50Z</time>
      </trkpt>
      <trkpt lat="48.876782" lon="-121.528076">
        <ele>1752.0</ele>
        <time>2019-05-27T20:39:02Z</time>
      </trkpt>
      <trkpt lat="48.8768" lon="-121.527972">
        <ele>1751.7</ele>
        <time>2019-05-27T20:39:12Z</time>
      </trkpt>
      <trkpt lat="48.876807" lon="-121.527884">
        <ele>1750.6</ele>
        <time>2019-05-27T20:39:21Z</time>
      </trkpt>
      <trkpt lat="48.876855" lon="-121.527816">
        <ele>1752.9</ele>
        <time>2019-05-27T20:39:29Z</time>
      </trkpt>
      <trkpt lat="48.876871" lon="-121.527736">
        <ele>1751.7</ele>
        <time>2019-05-27T20:39:37Z</time>
      </trkpt>
      <trkpt lat="48.876907" lon="-121.527628">
        <ele>1749.4</ele>
        <time>2019-05-27T20:40:03Z</time>
      </trkpt>
      <trkpt lat="48.87694" lon="-121.527587">
        <ele>1751.3</ele>
        <time>2019-05-27T20:40:08Z</time>
      </trkpt>
      <trkpt lat="48.876946" lon="-121.527547">
        <ele>1750.6</ele>
        <time>2019-05-27T20:40:11Z</time>
      </trkpt>
      <trkpt lat="48.876963" lon="-121.527509">
        <ele>1748.9</ele>
        <time>2019-05-27T20:40:17Z</time>
      </trkpt>
      <trkpt lat="48.87709" lon="-121.527292">
        <ele>1746.1</ele>
        <time>2019-05-27T20:40:46Z</time>
      </trkpt>
      <trkpt lat="48.877175" lon="-121.527184">
        <ele>1747.4</ele>
        <time>2019-05-27T20:41:08Z</time>
      </trkpt>
      <trkpt lat="48.877184" lon="-121.527157">
        <ele>1748.2</ele>
        <time>2019-05-27T20:41:12Z</time>
      </trkpt>
      <trkpt lat="48.877231" lon="-121.527119">
        <ele>1751.3</ele>
        <time>2019-05-27T20:41:18Z</time>
      </trkpt>
      <trkpt lat="48.877246" lon="-121.527082">
        <ele>1750.0</ele>
        <time>2019-05-27T20:41:25Z</time>
      </trkpt>
      <trkpt lat="48.877301" lon="-121.527016">
        <ele>1750.5</ele>
        <time>2019-05-27T20:41:34Z</time>
      </trkpt>
      <trkpt lat="48.877352" lon="-121.526928">
        <ele>1750.8</ele>
        <time>2019-05-27T20:41:50Z</time>
      </trkpt>
      <trkpt lat="48.877388" lon="-121.526854">
        <ele>1752.3</ele>
        <time>2019-05-27T20:41:57Z</time>
      </trkpt>
      <trkpt lat="48.877492" lon="-121.526742">
        <ele>1753.4</ele>
        <time>2019-05-27T20:42:13Z</time>
      </trkpt>
      <trkpt lat="48.877524" lon="-121.526704">
        <ele>1754.4</ele>
        <time>2019-05-27T20:42:20Z</time>
      </trkpt>
      <trkpt lat="48.877523" lon="-121.526665">
        <ele>1753.1</ele>
        <time>2019-05-27T20:42:27Z</time>
      </trkpt>
      <trkpt lat="48.877539" lon="-121.526635">
        <ele>1755.1</ele>
        <time>2019-05-27T20:42:30Z</time>
      </trkpt>
      <trkpt lat="48.877558" lon="-121.526619">
        <ele>1755.8</ele>
        <time>2019-05-27T20:42:33Z</time>
      </trkpt>
      <trkpt lat="48.877559" lon="-121.526583">
        <ele>1754.1</ele>
        <time>2019-05-27T20:42:46Z</time>
      </trkpt>
      <trkpt lat="48.877593" lon="-121.526519">
        <ele>1754.2</ele>
        <time>2019-05-27T20:42:54Z</time>
      </trkpt>
      <trkpt lat="48.877622" lon="-121.52645">
        <ele>1752.7</ele>
        <time>2019-05-27T20:43:02Z</time>
      </trkpt>
      <trkpt lat="48.877726" lon="-121.526364">
        <ele>1754.5</ele>
        <time>2019-05-27T20:43:13Z</time>
      </trkpt>
      <trkpt lat="48.877738" lon="-121.526356">
        <ele>1755.3</ele>
        <time>2019-05-27T20:43:14Z</time>
      </trkpt>
      <trkpt lat="48.877885" lon="-121.526233">
        <ele>1757.5</ele>
        <time>2019-05-27T20:43:29Z</time>
      </trkpt>
      <trkpt lat="48.877934" lon="-121.526176">
        <ele>1758.4</ele>
        <time>2019-05-27T20:43:35Z</time>
      </trkpt>
      <trkpt lat="48.877948" lon="-121.526144">
        <ele>1755.4</ele>
        <time>2019-05-27T20:43:38Z</time>
      </trkpt>
      <trkpt lat="48.877942" lon="-121.52603">
        <ele>1751.8</ele>
        <time>2019-05-27T20:43:55Z</time>
      </trkpt>
      <trkpt lat="48.878024" lon="-121.525962">
        <ele>1756.0</ele>
        <time>2019-05-27T20:44:10Z</time>
      </trkpt>
      <trkpt lat="48.878117" lon="-121.526014">
        <ele>1756.1</ele>
        <time>2019-05-27T20:44:25Z</time>
      </trkpt>
      <trkpt lat="48.878097" lon="-121.526034">
        <ele>1751.0</ele>
        <time>2019-05-27T20:46:41Z</time>
      </trkpt>
      <trkpt lat="48.878105" lon="-121.526126">
        <ele>1752.7</ele>
        <time>2019-05-27T20:46:51Z</time>
      </trkpt>
      <trkpt lat="48.878089" lon="-121.526152">
        <ele>1751.8</ele>
        <time>2019-05-27T20:46:58Z</time>
      </trkpt>
      <trkpt lat="48.878081" lon="-121.526191">
        <ele>1752.5</ele>
        <time>2019-05-27T20:47:04Z</time>
      </trkpt>
      <trkpt lat="48.87808" lon="-121.526313">
        <ele>1755.9</ele>
        <time>2019-05-27T20:47:22Z</time>
      </trkpt>
      <trkpt lat="48.878078" lon="-121.526325">
        <ele>1755.6</ele>
        <time>2019-05-27T20:47:23Z</time>
      </trkpt>
      <trkpt lat="48.878136" lon="-121.526483">
        <ele>1755.9</ele>
        <time>2019-05-27T20:47:47Z</time>
      </trkpt>
      <trkpt lat="48.87817" lon="-121.52653">
        <ele>1755.1</ele>
        <time>2019-05-27T20:47:52Z</time>
      </trkpt>
      <trkpt lat="48.878178" lon="-121.526533">
        <ele>1755.1</ele>
        <time>2019-05-27T20:47:53Z</time>
      </trkpt>
      <trkpt lat="48.878296" lon="-121.526607">
        <ele>1751.4</ele>
        <time>2019-05-27T20:48:15Z</time>
      </trkpt>
      <trkpt lat="48.878338" lon="-121.526649">
        <ele>1749.6</ele>
        <time>2019-05-27T20:48:23Z</time>
      </trkpt>
      <trkpt lat="48.878409" lon="-121.526747">
        <ele>1748.1</ele>
        <time>2019-05-27T20:48:36Z</time>
      </trkpt>
      <trkpt lat="48.878433" lon="-121.526764">
        <ele>1746.6</ele>
        <time>2019-05-27T20:48:40Z</time>
      </trkpt>
      <trkpt lat="48.878455" lon="-121.526753">
        <ele>1746.1</ele>
        <time>2019-05-27T20:48:45Z</time>
      </trkpt>
      <trkpt lat="48.87848" lon="-121.526786">
        <ele>1742.9</ele>
        <time>2019-05-27T20:48:52Z</time>
      </trkpt>
      <trkpt lat="48.87852" lon="-121.526867">
        <ele>1741.2</ele>
        <time>2019-05-27T20:49:00Z</time>
      </trkpt>
      <trkpt lat="48.878562" lon="-121.526997">
        <ele>1739.5</ele>
        <time>2019-05-27T20:49:14Z</time>
      </trkpt>
      <trkpt lat="48.878566" lon="-121.527002">
        <ele>1739.6</ele>
        <time>2019-05-27T20:49:15Z</time>
      </trkpt>
      <trkpt lat="48.878609" lon="-121.527107">
        <ele>1733.9</ele>
        <time>2019-05-27T20:49:38Z</time>
      </trkpt>
      <trkpt lat="48.878646" lon="-121.527247">
        <ele>1729.0</ele>
        <time>2019-05-27T20:49:53Z</time>
      </trkpt>
      <trkpt lat="48.878684" lon="-121.527314">
        <ele>1728.4</ele>
        <time>2019-05-27T20:50:01Z</time>
      </trkpt>
      <trkpt lat="48.878719" lon="-121.527496">
        <ele>1724.3</ele>
        <time>2019-05-27T20:50:15Z</time>
      </trkpt>
      <trkpt lat="48.878783" lon="-121.527621">
        <ele>1726.2</ele>
        <time>2019-05-27T20:50:26Z</time>
      </trkpt>
      <trkpt lat="48.878823" lon="-121.52772">
        <ele>1723.6</ele>
        <time>2019-05-27T20:50:34Z</time>
      </trkpt>
      <trkpt lat="48.878861" lon="-121.527819">
        <ele>1722.1</ele>
        <time>2019-05-27T20:50:43Z</time>
      </trkpt>
      <trkpt lat="48.878903" lon="-121.527895">
        <ele>1720.6</ele>
        <time>2019-05-27T20:50:52Z</time>
      </trkpt>
      <trkpt lat="48.878914" lon="-121.527965">
        <ele>1720.9</ele>
        <time>2019-05-27T20:50:56Z</time>
      </trkpt>
      <trkpt lat="48.878944" lon="-121.528081">
        <ele>1718.9</ele>
        <time>2019-05-27T20:51:04Z</time>
      </trkpt>
      <trkpt lat="48.878967" lon="-121.528251">
        <ele>1713.2</ele>
        <time>2019-05-27T20:51:19Z</time>
      </trkpt>
      <trkpt lat="48.878997" lon="-121.528329">
        <ele>1711.7</ele>
        <time>2019-05-27T20:51:26Z</time>
      </trkpt>
      <trkpt lat="48.879069" lon="-121.528322">
        <ele>1709.1</ele>
        <time>2019-05-27T20:51:35Z</time>
      </trkpt>
      <trkpt lat="48.879096" lon="-121.528388">
        <ele>1705.9</ele>
        <time>2019-05-27T20:51:46Z</time>
      </trkpt>
      <trkpt lat="48.879098" lon="-121.528403">
        <ele>1704.3</ele>
        <time>2019-05-27T20:51:47Z</time>
      </trkpt>
      <trkpt lat="48.879098" lon="-121.528494">
        <ele>1703.5</ele>
        <time>2019-05-27T20:51:52Z</time>
      </trkpt>
      <trkpt lat="48.879125" lon="-121.528671">
        <ele>1699.9</ele>
        <time>2019-05-27T20:52:04Z</time>
      </trkpt>
      <trkpt lat="48.879129" lon="-121.528684">
        <ele>1699.1</ele>
        <time>2019-05-27T20:52:05Z</time>
      </trkpt>
      <trkpt lat="48.879135" lon="-121.528799">
        <ele>1696.6</ele>
        <time>2019-05-27T20:52:14Z</time>
      </trkpt>
      <trkpt lat="48.87917" lon="-121.528944">
        <ele>1694.7</ele>
        <time>2019-05-27T20:52:23Z</time>
      </trkpt>
      <trkpt lat="48.879172" lon="-121.528962">
        <ele>1694.5</ele>
        <time>2019-05-27T20:52:24Z</time>
      </trkpt>
      <trkpt lat="48.879184" lon="-121.529165">
        <ele>1692.1</ele>
        <time>2019-05-27T20:52:34Z</time>
      </trkpt>
      <trkpt lat="48.87918" lon="-121.529189">
        <ele>1691.2</ele>
        <time>2019-05-27T20:52:35Z</time>
      </trkpt>
      <trkpt lat="48.879154" lon="-121.529455">
        <ele>1686.4</ele>
        <time>2019-05-27T20:52:51Z</time>
      </trkpt>
      <trkpt lat="48.879155" lon="-121.529511">
        <ele>1684.1</ele>
        <time>2019-05-27T20:52:56Z</time>
      </trkpt>
      <trkpt lat="48.879137" lon="-121.529539">
        <ele>1680.6</ele>
        <time>2019-05-27T20:53:07Z</time>
      </trkpt>
      <trkpt lat="48.879138" lon="-121.529614">
        <ele>1680.5</ele>
        <time>2019-05-27T20:53:17Z</time>
      </trkpt>
      <trkpt lat="48.879159" lon="-121.529638">
        <ele>1678.0</ele>
        <time>2019-05-27T20:53:29Z</time>
      </trkpt>
      <trkpt lat="48.87921" lon="-121.529661">
        <ele>1677.6</ele>
        <time>2019-05-27T20:55:27Z</time>
      </trkpt>
      <trkpt lat="48.879224" lon="-121.529661">
        <ele>1677.2</ele>
        <time>2019-05-27T20:55:28Z</time>
      </trkpt>
      <trkpt lat="48.879283" lon="-121.529675">
        <ele>1677.2</ele>
        <time>2019-05-27T20:55:31Z</time>
      </trkpt>
      <trkpt lat="48.879323" lon="-121.529674">
        <ele>1676.7</ele>
        <time>2019-05-27T20:55:35Z</time>
      </trkpt>
      <trkpt lat="48.879372" lon="-121.529704">
        <ele>1675.7</ele>
        <time>2019-05-27T20:55:41Z</time>
      </trkpt>
      <trkpt lat="48.879395" lon="-121.529746">
        <ele>1671.6</ele>
        <time>2019-05-27T20:55:45Z</time>
      </trkpt>
      <trkpt lat="48.879405" lon="-121.52982">
        <ele>1667.7</ele>
        <time>2019-05-27T20:55:50Z</time>
      </trkpt>
      <trkpt lat="48.879418" lon="-121.529853">
        <ele>1666.7</ele>
        <time>2019-05-27T20:55:54Z</time>
      </trkpt>
      <trkpt lat="48.879435" lon="-121.529864">
        <ele>1665.8</ele>
        <time>2019-05-27T20:55:56Z</time>
      </trkpt>
      <trkpt lat="48.879467" lon="-121.529914">
        <ele>1662.4</ele>
        <time>2019-05-27T20:56:03Z</time>
      </trkpt>
      <trkpt lat="48.879509" lon="-121.529936">
        <ele>1659.0</ele>
        <time>2019-05-27T20:56:10Z</time>
      </trkpt>
      <trkpt lat="48.879571" lon="-121.529989">
        <ele>1653.7</ele>
        <time>2019-05-27T20:56:21Z</time>
      </trkpt>
      <trkpt lat="48.879641" lon="-121.529988">
        <ele>1652.1</ele>
        <time>2019-05-27T20:56:28Z</time>
      </trkpt>
      <trkpt lat="48.879676" lon="-121.530006">
        <ele>1644.7</ele>
        <time>2019-05-27T20:56:42Z</time>
      </trkpt>
      <trkpt lat="48.879722" lon="-121.53005">
        <ele>1642.7</ele>
        <time>2019-05-27T20:56:49Z</time>
      </trkpt>
      <trkpt lat="48.879751" lon="-121.530109">
        <ele>1635.1</ele>
        <time>2019-05-27T20:57:03Z</time>
      </trkpt>
      <trkpt lat="48.879769" lon="-121.53022">
        <ele>1627.5</ele>
        <time>2019-05-27T20:57:14Z</time>
      </trkpt>
      <trkpt lat="48.879769" lon="-121.53023">
        <ele>1626.4</ele>
        <time>2019-05-27T20:57:15Z</time>
      </trkpt>
      <trkpt lat="48.879811" lon="-121.530363">
        <ele>1620.1</ele>
        <time>2019-05-27T20:57:28Z</time>
      </trkpt>
      <trkpt lat="48.879858" lon="-121.530437">
        <ele>1614.5</ele>
        <time>2019-05-27T20:57:36Z</time>
      </trkpt>
      <trkpt lat="48.879913" lon="-121.530445">
        <ele>1611.2</ele>
        <time>2019-05-27T20:57:43Z</time>
      </trkpt>
      <trkpt lat="48.879929" lon="-121.530465">
        <ele>1610.0</ele>
        <time>2019-05-27T20:57:46Z</time>
      </trkpt>
      <trkpt lat="48.87992" lon="-121.530494">
        <ele>1610.6</ele>
        <time>2019-05-27T20:57:54Z</time>
      </trkpt>
      <trkpt lat="48.879893" lon="-121.530485">
        <ele>1610.7</ele>
        <time>2019-05-27T20:57:55Z</time>
      </trkpt>
      <trkpt lat="48.879913" lon="-121.530503">
        <ele>1611.1</ele>
        <time>2019-05-27T20:58:53Z</time>
      </trkpt>
      <trkpt lat="48.880081" lon="-121.530462">
        <ele>1609.2</ele>
        <time>2019-05-27T20:59:09Z</time>
      </trkpt>
      <trkpt lat="48.880062" lon="-121.530479">
        <ele>1610.3</ele>
        <time>2019-05-27T20:59:13Z</time>
      </trkpt>
      <trkpt lat="48.880089" lon="-121.530506">
        <ele>1609.5</ele>
        <time>2019-05-27T20:59:22Z</time>
      </trkpt>
      <trkpt lat="48.88012" lon="-121.530524">
        <ele>1610.4</ele>
        <time>2019-05-27T20:59:24Z</time>
      </trkpt>
      <trkpt lat="48.880135" lon="-121.530555">
        <ele>1608.5</ele>
        <time>2019-05-27T20:59:26Z</time>
      </trkpt>
      <trkpt lat="48.88016" lon="-121.530564">
        <ele>1606.0</ele>
        <time>2019-05-27T20:59:29Z</time>
      </trkpt>
      <trkpt lat="48.880094" lon="-121.530689">
        <ele>1594.6</ele>
        <time>2019-05-27T20:59:47Z</time>
      </trkpt>
      <trkpt lat="48.880102" lon="-121.530701">
        <ele>1594.6</ele>
        <time>2019-05-27T20:59:48Z</time>
      </trkpt>
      <trkpt lat="48.880142" lon="-121.530698">
        <ele>1593.4</ele>
        <time>2019-05-27T20:59:50Z</time>
      </trkpt>
      <trkpt lat="48.880275" lon="-121.530644">
        <ele>1590.0</ele>
        <time>2019-05-27T20:59:55Z</time>
      </trkpt>
      <trkpt lat="48.880368" lon="-121.530635">
        <ele>1587.8</ele>
        <time>2019-05-27T20:59:58Z</time>
      </trkpt>
      <trkpt lat="48.880458" lon="-121.530609">
        <ele>1583.4</ele>
        <time>2019-05-27T21:00:13Z</time>
      </trkpt>
      <trkpt lat="48.880474" lon="-121.53062">
        <ele>1581.8</ele>
        <time>2019-05-27T21:00:14Z</time>
      </trkpt>
      <trkpt lat="48.880451" lon="-121.530633">
        <ele>1579.0</ele>
        <time>2019-05-27T21:00:32Z</time>
      </trkpt>
      <trkpt lat="48.880408" lon="-121.53073">
        <ele>1579.4</ele>
        <time>2019-05-27T21:00:37Z</time>
      </trkpt>
      <trkpt lat="48.880378" lon="-121.530815">
        <ele>1578.4</ele>
        <time>2019-05-27T21:00:40Z</time>
      </trkpt>
      <trkpt lat="48.880356" lon="-121.530922">
        <ele>1578.1</ele>
        <time>2019-05-27T21:00:45Z</time>
      </trkpt>
      <trkpt lat="48.88037" lon="-121.530998">
        <ele>1571.0</ele>
        <time>2019-05-27T21:00:47Z</time>
      </trkpt>
      <trkpt lat="48.880398" lon="-121.531018">
        <ele>1570.8</ele>
        <time>2019-05-27T21:00:48Z</time>
      </trkpt>
      <trkpt lat="48.880491" lon="-121.531016">
        <ele>1568.3</ele>
        <time>2019-05-27T21:00:51Z</time>
      </trkpt>
      <trkpt lat="48.88051" lon="-121.531046">
        <ele>1568.4</ele>
        <time>2019-05-27T21:00:52Z</time>
      </trkpt>
      <trkpt lat="48.880516" lon="-121.531086">
        <ele>1567.9</ele>
        <time>2019-05-27T21:00:53Z</time>
      </trkpt>
      <trkpt lat="48.880487" lon="-121.531244">
        <ele>1566.2</ele>
        <time>2019-05-27T21:00:57Z</time>
      </trkpt>
      <trkpt lat="48.880477" lon="-121.531288">
        <ele>1566.9</ele>
        <time>2019-05-27T21:00:58Z</time>
      </trkpt>
      <trkpt lat="48.880447" lon="-121.531354">
        <ele>1564.5</ele>
        <time>2019-05-27T21:01:00Z</time>
      </trkpt>
      <trkpt lat="48.88046" lon="-121.531403">
        <ele>1563.4</ele>
        <time>2019-05-27T21:01:01Z</time>
      </trkpt>
      <trkpt lat="48.880482" lon="-121.531377">
        <ele>1562.3</ele>
        <time>2019-05-27T21:01:02Z</time>
      </trkpt>
      <trkpt lat="48.88051" lon="-121.531389">
        <ele>1562.0</ele>
        <time>2019-05-27T21:01:03Z</time>
      </trkpt>
      <trkpt lat="48.880549" lon="-121.53146">
        <ele>1559.8</ele>
        <time>2019-05-27T21:01:05Z</time>
      </trkpt>
      <trkpt lat="48.880529" lon="-121.531518">
        <ele>1559.8</ele>
        <time>2019-05-27T21:01:06Z</time>
      </trkpt>
      <trkpt lat="48.88053" lon="-121.531561">
        <ele>1559.6</ele>
        <time>2019-05-27T21:01:07Z</time>
      </trkpt>
      <trkpt lat="48.880526" lon="-121.531604">
        <ele>1559.1</ele>
        <time>2019-05-27T21:01:08Z</time>
      </trkpt>
      <trkpt lat="48.88055" lon="-121.531683">
        <ele>1556.4</ele>
        <time>2019-05-27T21:01:10Z</time>
      </trkpt>
      <trkpt lat="48.880581" lon="-121.531713">
        <ele>1557.7</ele>
        <time>2019-05-27T21:01:11Z</time>
      </trkpt>
      <trkpt lat="48.880595" lon="-121.531715">
        <ele>1557.1</ele>
        <time>2019-05-27T21:01:12Z</time>
      </trkpt>
      <trkpt lat="48.880609" lon="-121.531745">
        <ele>1556.8</ele>
        <time>2019-05-27T21:01:13Z</time>
      </trkpt>
      <trkpt lat="48.880628" lon="-121.531831">
        <ele>1555.4</ele>
        <time>2019-05-27T21:01:15Z</time>
      </trkpt>
      <trkpt lat="48.880625" lon="-121.531876">
        <ele>1553.9</ele>
        <time>2019-05-27T21:01:17Z</time>
      </trkpt>
      <trkpt lat="48.88062" lon="-121.531887">
        <ele>1554.2</ele>
        <time>2019-05-27T21:01:18Z</time>
      </trkpt>
      <trkpt lat="48.880586" lon="-121.531896">
        <ele>1555.9</ele>
        <time>2019-05-27T21:01:22Z</time>
      </trkpt>
      <trkpt lat="48.880538" lon="-121.531963">
        <ele>1553.6</ele>
        <time>2019-05-27T21:01:50Z</time>
      </trkpt>
      <trkpt lat="48.880549" lon="-121.532033">
        <ele>1552.8</ele>
        <time>2019-05-27T21:01:52Z</time>
      </trkpt>
      <trkpt lat="48.880591" lon="-121.532094">
        <ele>1552.2</ele>
        <time>2019-05-27T21:01:55Z</time>
      </trkpt>
      <trkpt lat="48.880636" lon="-121.532169">
        <ele>1551.9</ele>
        <time>2019-05-27T21:01:58Z</time>
      </trkpt>
      <trkpt lat="48.88076" lon="-121.532272">
        <ele>1550.7</ele>
        <time>2019-05-27T21:02:03Z</time>
      </trkpt>
      <trkpt lat="48.880775" lon="-121.532302">
        <ele>1549.6</ele>
        <time>2019-05-27T21:02:04Z</time>
      </trkpt>
      <trkpt lat="48.880775" lon="-121.532333">
        <ele>1548.6</ele>
        <time>2019-05-27T21:02:05Z</time>
      </trkpt>
      <trkpt lat="48.880763" lon="-121.532349">
        <ele>1549.2</ele>
        <time>2019-05-27T21:02:06Z</time>
      </trkpt>
      <trkpt lat="48.880746" lon="-121.53235">
        <ele>1547.7</ele>
        <time>2019-05-27T21:02:07Z</time>
      </trkpt>
      <trkpt lat="48.880765" lon="-121.5324">
        <ele>1546.7</ele>
        <time>2019-05-27T21:02:12Z</time>
      </trkpt>
      <trkpt lat="48.880762" lon="-121.532432">
        <ele>1545.3</ele>
        <time>2019-05-27T21:02:13Z</time>
      </trkpt>
      <trkpt lat="48.880723" lon="-121.532461">
        <ele>1543.3</ele>
        <time>2019-05-27T21:02:16Z</time>
      </trkpt>
      <trkpt lat="48.880719" lon="-121.532485">
        <ele>1542.7</ele>
        <time>2019-05-27T21:02:17Z</time>
      </trkpt>
      <trkpt lat="48.880727" lon="-121.532518">
        <ele>1541.4</ele>
        <time>2019-05-27T21:02:18Z</time>
      </trkpt>
      <trkpt lat="48.880756" lon="-121.532565">
        <ele>1539.9</ele>
        <time>2019-05-27T21:02:24Z</time>
      </trkpt>
      <trkpt lat="48.880775" lon="-121.53263">
        <ele>1538.7</ele>
        <time>2019-05-27T21:02:26Z</time>
      </trkpt>
      <trkpt lat="48.880765" lon="-121.532723">
        <ele>1539.7</ele>
        <time>2019-05-27T21:02:32Z</time>
      </trkpt>
      <trkpt lat="48.880804" lon="-121.532754">
        <ele>1538.2</ele>
        <time>2019-05-27T21:02:38Z</time>
      </trkpt>
      <trkpt lat="48.88082" lon="-121.53279">
        <ele>1538.0</ele>
        <time>2019-05-27T21:03:06Z</time>
      </trkpt>
      <trkpt lat="48.880828" lon="-121.532851">
        <ele>1537.1</ele>
        <time>2019-05-27T21:03:10Z</time>
      </trkpt>
      <trkpt lat="48.880808" lon="-121.532872">
        <ele>1534.4</ele>
        <time>2019-05-27T21:03:14Z</time>
      </trkpt>
      <trkpt lat="48.880775" lon="-121.532962">
        <ele>1534.6</ele>
        <time>2019-05-27T21:03:23Z</time>
      </trkpt>
      <trkpt lat="48.880738" lon="-121.533012">
        <ele>1535.0</ele>
        <time>2019-05-27T21:03:49Z</time>
      </trkpt>
      <trkpt lat="48.880725" lon="-121.53309">
        <ele>1535.3</ele>
        <time>2019-05-27T21:03:53Z</time>
      </trkpt>
      <trkpt lat="48.880733" lon="-121.533122">
        <ele>1534.0</ele>
        <time>2019-05-27T21:03:57Z</time>
      </trkpt>
      <trkpt lat="48.880754" lon="-121.533101">
        <ele>1532.7</ele>
        <time>2019-05-27T21:04:14Z</time>
      </trkpt>
      <trkpt lat="48.880709" lon="-121.533037">
        <ele>1524.6</ele>
        <time>2019-05-27T21:04:33Z</time>
      </trkpt>
      <trkpt lat="48.88061" lon="-121.533035">
        <ele>1524.7</ele>
        <time>2019-05-27T21:04:45Z</time>
      </trkpt>
      <trkpt lat="48.880579" lon="-121.533052">
        <ele>1524.1</ele>
        <time>2019-05-27T21:04:50Z</time>
      </trkpt>
      <trkpt lat="48.880536" lon="-121.533056">
        <ele>1523.7</ele>
        <time>2019-05-27T21:04:54Z</time>
      </trkpt>
      <trkpt lat="48.880442" lon="-121.533027">
        <ele>1519.6</ele>
        <time>2019-05-27T21:04:59Z</time>
      </trkpt>
      <trkpt lat="48.880418" lon="-121.533047">
        <ele>1520.2</ele>
        <time>2019-05-27T21:05:00Z</time>
      </trkpt>
      <trkpt lat="48.88041" lon="-121.533081">
        <ele>1519.0</ele>
        <time>2019-05-27T21:05:01Z</time>
      </trkpt>
      <trkpt lat="48.880423" lon="-121.533138">
        <ele>1517.9</ele>
        <time>2019-05-27T21:05:03Z</time>
      </trkpt>
      <trkpt lat="48.880418" lon="-121.533179">
        <ele>1518.2</ele>
        <time>2019-05-27T21:05:04Z</time>
      </trkpt>
      <trkpt lat="48.880398" lon="-121.533202">
        <ele>1515.8</ele>
        <time>2019-05-27T21:05:05Z</time>
      </trkpt>
      <trkpt lat="48.880379" lon="-121.533202">
        <ele>1516.4</ele>
        <time>2019-05-27T21:05:06Z</time>
      </trkpt>
      <trkpt lat="48.880335" lon="-121.533155">
        <ele>1513.9</ele>
        <time>2019-05-27T21:05:09Z</time>
      </trkpt>
      <trkpt lat="48.880312" lon="-121.533141">
        <ele>1515.0</ele>
        <time>2019-05-27T21:05:10Z</time>
      </trkpt>
      <trkpt lat="48.880285" lon="-121.533135">
        <ele>1514.6</ele>
        <time>2019-05-27T21:05:11Z</time>
      </trkpt>
      <trkpt lat="48.880259" lon="-121.533152">
        <ele>1514.3</ele>
        <time>2019-05-27T21:05:12Z</time>
      </trkpt>
      <trkpt lat="48.880237" lon="-121.533207">
        <ele>1514.5</ele>
        <time>2019-05-27T21:05:14Z</time>
      </trkpt>
      <trkpt lat="48.880248" lon="-121.533245">
        <ele>1512.9</ele>
        <time>2019-05-27T21:05:16Z</time>
      </trkpt>
      <trkpt lat="48.880272" lon="-121.533262">
        <ele>1512.4</ele>
        <time>2019-05-27T21:05:18Z</time>
      </trkpt>
      <trkpt lat="48.88029" lon="-121.533301">
        <ele>1510.5</ele>
        <time>2019-05-27T21:05:50Z</time>
      </trkpt>
      <trkpt lat="48.880268" lon="-121.533294">
        <ele>1515.0</ele>
        <time>2019-05-27T21:06:39Z</time>
      </trkpt>
      <trkpt lat="48.880258" lon="-121.533328">
        <ele>1513.3</ele>
        <time>2019-05-27T21:06:41Z</time>
      </trkpt>
      <trkpt lat="48.880293" lon="-121.533441">
        <ele>1507.0</ele>
        <time>2019-05-27T21:06:51Z</time>
      </trkpt>
      <trkpt lat="48.880313" lon="-121.533578">
        <ele>1499.6</ele>
        <time>2019-05-27T21:07:02Z</time>
      </trkpt>
      <trkpt lat="48.880318" lon="-121.533761">
        <ele>1490.1</ele>
        <time>2019-05-27T21:07:17Z</time>
      </trkpt>
      <trkpt lat="48.880313" lon="-121.533783">
        <ele>1490.0</ele>
        <time>2019-05-27T21:07:18Z</time>
      </trkpt>
      <trkpt lat="48.880322" lon="-121.533909">
        <ele>1483.6</ele>
        <time>2019-05-27T21:07:31Z</time>
      </trkpt>
      <trkpt lat="48.880312" lon="-121.533941">
        <ele>1481.7</ele>
        <time>2019-05-27T21:07:36Z</time>
      </trkpt>
      <trkpt lat="48.880308" lon="-121.534046">
        <ele>1476.0</ele>
        <time>2019-05-27T21:07:45Z</time>
      </trkpt>
      <trkpt lat="48.880301" lon="-121.534091">
        <ele>1474.5</ele>
        <time>2019-05-27T21:07:48Z</time>
      </trkpt>
      <trkpt lat="48.880308" lon="-121.534125">
        <ele>1471.1</ele>
        <time>2019-05-27T21:07:53Z</time>
      </trkpt>
      <trkpt lat="48.880331" lon="-121.534127">
        <ele>1470.4</ele>
        <time>2019-05-27T21:07:55Z</time>
      </trkpt>
      <trkpt lat="48.880314" lon="-121.534158">
        <ele>1469.1</ele>
        <time>2019-05-27T21:08:03Z</time>
      </trkpt>
      <trkpt lat="48.880307" lon="-121.534275">
        <ele>1470.6</ele>
        <time>2019-05-27T21:08:27Z</time>
      </trkpt>
      <trkpt lat="48.880317" lon="-121.534342">
        <ele>1468.5</ele>
        <time>2019-05-27T21:08:30Z</time>
      </trkpt>
      <trkpt lat="48.880358" lon="-121.5344">
        <ele>1469.7</ele>
        <time>2019-05-27T21:08:32Z</time>
      </trkpt>
      <trkpt lat="48.880366" lon="-121.534439">
        <ele>1467.1</ele>
        <time>2019-05-27T21:08:42Z</time>
      </trkpt>
      <trkpt lat="48.880349" lon="-121.534466">
        <ele>1465.1</ele>
        <time>2019-05-27T21:08:46Z</time>
      </trkpt>
      <trkpt lat="48.880356" lon="-121.534509">
        <ele>1464.3</ele>
        <time>2019-05-27T21:08:54Z</time>
      </trkpt>
      <trkpt lat="48.880364" lon="-121.534525">
        <ele>1459.9</ele>
        <time>2019-05-27T21:09:16Z</time>
      </trkpt>
      <trkpt lat="48.880402" lon="-121.534687">
        <ele>1457.5</ele>
        <time>2019-05-27T21:09:27Z</time>
      </trkpt>
      <trkpt lat="48.88043" lon="-121.53471">
        <ele>1456.4</ele>
        <time>2019-05-27T21:09:38Z</time>
      </trkpt>
      <trkpt lat="48.880445" lon="-121.534781">
        <ele>1454.7</ele>
        <time>2019-05-27T21:09:42Z</time>
      </trkpt>
      <trkpt lat="48.880457" lon="-121.534941">
        <ele>1451.0</ele>
        <time>2019-05-27T21:09:51Z</time>
      </trkpt>
      <trkpt lat="48.880462" lon="-121.535029">
        <ele>1450.1</ele>
        <time>2019-05-27T21:09:56Z</time>
      </trkpt>
      <trkpt lat="48.880435" lon="-121.535125">
        <ele>1448.6</ele>
        <time>2019-05-27T21:10:02Z</time>
      </trkpt>
      <trkpt lat="48.88044" lon="-121.535216">
        <ele>1446.7</ele>
        <time>2019-05-27T21:10:06Z</time>
      </trkpt>
      <trkpt lat="48.88044" lon="-121.535261">
        <ele>1442.7</ele>
        <time>2019-05-27T21:10:16Z</time>
      </trkpt>
      <trkpt lat="48.880499" lon="-121.535351">
        <ele>1438.8</ele>
        <time>2019-05-27T21:10:20Z</time>
      </trkpt>
      <trkpt lat="48.880503" lon="-121.535386">
        <ele>1438.9</ele>
        <time>2019-05-27T21:10:21Z</time>
      </trkpt>
      <trkpt lat="48.880446" lon="-121.5355">
        <ele>1439.7</ele>
        <time>2019-05-27T21:10:25Z</time>
      </trkpt>
      <trkpt lat="48.880447" lon="-121.535544">
        <ele>1439.0</ele>
        <time>2019-05-27T21:10:26Z</time>
      </trkpt>
      <trkpt lat="48.880494" lon="-121.535761">
        <ele>1438.5</ele>
        <time>2019-05-27T21:10:30Z</time>
      </trkpt>
      <trkpt lat="48.880506" lon="-121.535888">
        <ele>1437.3</ele>
        <time>2019-05-27T21:10:33Z</time>
      </trkpt>
      <trkpt lat="48.88056" lon="-121.536275">
        <ele>1434.4</ele>
        <time>2019-05-27T21:10:43Z</time>
      </trkpt>
      <trkpt lat="48.880563" lon="-121.536322">
        <ele>1434.2</ele>
        <time>2019-05-27T21:10:44Z</time>
      </trkpt>
      <trkpt lat="48.880615" lon="-121.536661">
        <ele>1433.3</ele>
        <time>2019-05-27T21:10:49Z</time>
      </trkpt>
      <trkpt lat="48.880633" lon="-121.536692">
        <ele>1433.0</ele>
        <time>2019-05-27T21:10:50Z</time>
      </trkpt>
      <trkpt lat="48.880671" lon="-121.536836">
        <ele>1431.7</ele>
        <time>2019-05-27T21:10:53Z</time>
      </trkpt>
      <trkpt lat="48.88069" lon="-121.53687">
        <ele>1432.1</ele>
        <time>2019-05-27T21:10:54Z</time>
      </trkpt>
      <trkpt lat="48.880703" lon="-121.536878">
        <ele>1431.5</ele>
        <time>2019-05-27T21:10:55Z</time>
      </trkpt>
      <trkpt lat="48.880707" lon="-121.536908">
        <ele>1431.2</ele>
        <time>2019-05-27T21:10:56Z</time>
      </trkpt>
      <trkpt lat="48.880616" lon="-121.537023">
        <ele>1429.8</ele>
        <time>2019-05-27T21:11:00Z</time>
      </trkpt>
      <trkpt lat="48.880623" lon="-121.537182">
        <ele>1428.4</ele>
        <time>2019-05-27T21:11:04Z</time>
      </trkpt>
      <trkpt lat="48.880636" lon="-121.537255">
        <ele>1429.1</ele>
        <time>2019-05-27T21:11:06Z</time>
      </trkpt>
      <trkpt lat="48.880694" lon="-121.537393">
        <ele>1430.2</ele>
        <time>2019-05-27T21:11:10Z</time>
      </trkpt>
      <trkpt lat="48.880706" lon="-121.537408">
        <ele>1429.1</ele>
        <time>2019-05-27T21:11:11Z</time>
      </trkpt>
      <trkpt lat="48.880773" lon="-121.537383">
        <ele>1432.3</ele>
        <time>2019-05-27T21:11:13Z</time>
      </trkpt>
      <trkpt lat="48.880784" lon="-121.537349">
        <ele>1426.6</ele>
        <time>2019-05-27T21:11:32Z</time>
      </trkpt>
      <trkpt lat="48.880877" lon="-121.537359">
        <ele>1424.1</ele>
        <time>2019-05-27T21:11:37Z</time>
      </trkpt>
      <trkpt lat="48.880926" lon="-121.537374">
        <ele>1424.1</ele>
        <time>2019-05-27T21:11:39Z</time>
      </trkpt>
      <trkpt lat="48.880946" lon="-121.537384">
        <ele>1424.5</ele>
        <time>2019-05-27T21:11:40Z</time>
      </trkpt>
      <trkpt lat="48.880978" lon="-121.537418">
        <ele>1426.1</ele>
        <time>2019-05-27T21:11:48Z</time>
      </trkpt>
      <trkpt lat="48.880986" lon="-121.53749">
        <ele>1425.8</ele>
        <time>2019-05-27T21:11:55Z</time>
      </trkpt>
      <trkpt lat="48.881007" lon="-121.537513">
        <ele>1427.7</ele>
        <time>2019-05-27T21:11:58Z</time>
      </trkpt>
      <trkpt lat="48.881049" lon="-121.537609">
        <ele>1425.7</ele>
        <time>2019-05-27T21:12:04Z</time>
      </trkpt>
      <trkpt lat="48.881164" lon="-121.537697">
        <ele>1428.5</ele>
        <time>2019-05-27T21:12:11Z</time>
      </trkpt>
      <trkpt lat="48.881218" lon="-121.537786">
        <ele>1427.5</ele>
        <time>2019-05-27T21:12:14Z</time>
      </trkpt>
      <trkpt lat="48.881228" lon="-121.537788">
        <ele>1424.9</ele>
        <time>2019-05-27T21:12:15Z</time>
      </trkpt>
      <trkpt lat="48.88129" lon="-121.537781">
        <ele>1429.4</ele>
        <time>2019-05-27T21:12:40Z</time>
      </trkpt>
      <trkpt lat="48.881334" lon="-121.537816">
        <ele>1427.0</ele>
        <time>2019-05-27T21:12:50Z</time>
      </trkpt>
      <trkpt lat="48.88135" lon="-121.537873">
        <ele>1426.4</ele>
        <time>2019-05-27T21:12:54Z</time>
      </trkpt>
      <trkpt lat="48.88137" lon="-121.537831">
        <ele>1420.6</ele>
        <time>2019-05-27T21:13:37Z</time>
      </trkpt>
      <trkpt lat="48.881399" lon="-121.537882">
        <ele>1431.9</ele>
        <time>2019-05-27T21:18:15Z</time>
      </trkpt>
      <trkpt lat="48.881341" lon="-121.537845">
        <ele>1436.9</ele>
        <time>2019-05-27T21:23:39Z</time>
      </trkpt>
      <trkpt lat="48.881356" lon="-121.537815">
        <ele>1435.8</ele>
        <time>2019-05-27T21:23:49Z</time>
      </trkpt>
      <trkpt lat="48.881342" lon="-121.537791">
        <ele>1433.5</ele>
        <time>2019-05-27T21:24:07Z</time>
      </trkpt>
      <trkpt lat="48.881278" lon="-121.537748">
        <ele>1436.4</ele>
        <time>2019-05-27T21:24:18Z</time>
      </trkpt>
      <trkpt lat="48.881329" lon="-121.537821">
        <ele>1429.7</ele>
        <time>2019-05-27T21:25:27Z</time>
      </trkpt>
      <trkpt lat="48.881306" lon="-121.537812">
        <ele>1428.2</ele>
        <time>2019-05-27T21:26:33Z</time>
      </trkpt>
      <trkpt lat="48.881334" lon="-121.537871">
        <ele>1426.4</ele>
        <time>2019-05-27T21:27:12Z</time>
      </trkpt>
      <trkpt lat="48.88136" lon="-121.537858">
        <ele>1431.4</ele>
        <time>2019-05-27T21:27:28Z</time>
      </trkpt>
      <trkpt lat="48.881368" lon="-121.53788">
        <ele>1428.0</ele>
        <time>2019-05-27T21:31:17Z</time>
      </trkpt>
      <trkpt lat="48.881354" lon="-121.538">
        <ele>1420.7</ele>
        <time>2019-05-27T21:31:32Z</time>
      </trkpt>
      <trkpt lat="48.881372" lon="-121.538022">
        <ele>1418.0</ele>
        <time>2019-05-27T21:31:37Z</time>
      </trkpt>
      <trkpt lat="48.881372" lon="-121.538101">
        <ele>1415.6</ele>
        <time>2019-05-27T21:31:41Z</time>
      </trkpt>
      <trkpt lat="48.881388" lon="-121.53816">
        <ele>1414.9</ele>
        <time>2019-05-27T21:31:44Z</time>
      </trkpt>
      <trkpt lat="48.881443" lon="-121.538253">
        <ele>1411.3</ele>
        <time>2019-05-27T21:31:53Z</time>
      </trkpt>
      <trkpt lat="48.881437" lon="-121.538293">
        <ele>1414.0</ele>
        <time>2019-05-27T21:32:09Z</time>
      </trkpt>
      <trkpt lat="48.88141" lon="-121.538304">
        <ele>1415.6</ele>
        <time>2019-05-27T21:32:31Z</time>
      </trkpt>
      <trkpt lat="48.881438" lon="-121.538473">
        <ele>1420.7</ele>
        <time>2019-05-27T21:32:42Z</time>
      </trkpt>
      <trkpt lat="48.881439" lon="-121.538525">
        <ele>1420.9</ele>
        <time>2019-05-27T21:32:45Z</time>
      </trkpt>
      <trkpt lat="48.881433" lon="-121.538544">
        <ele>1420.9</ele>
        <time>2019-05-27T21:32:46Z</time>
      </trkpt>
      <trkpt lat="48.881406" lon="-121.538589">
        <ele>1422.8</ele>
        <time>2019-05-27T21:32:49Z</time>
      </trkpt>
      <trkpt lat="48.881404" lon="-121.538627">
        <ele>1421.2</ele>
        <time>2019-05-27T21:32:51Z</time>
      </trkpt>
      <trkpt lat="48.881422" lon="-121.538687">
        <ele>1421.2</ele>
        <time>2019-05-27T21:32:54Z</time>
      </trkpt>
      <trkpt lat="48.881393" lon="-121.538798">
        <ele>1418.4</ele>
        <time>2019-05-27T21:33:02Z</time>
      </trkpt>
      <trkpt lat="48.881402" lon="-121.53885">
        <ele>1417.9</ele>
        <time>2019-05-27T21:33:07Z</time>
      </trkpt>
      <trkpt lat="48.881388" lon="-121.538882">
        <ele>1415.7</ele>
        <time>2019-05-27T21:33:10Z</time>
      </trkpt>
      <trkpt lat="48.881414" lon="-121.538879">
        <ele>1413.4</ele>
        <time>2019-05-27T21:33:24Z</time>
      </trkpt>
      <trkpt lat="48.881431" lon="-121.538855">
        <ele>1413.0</ele>
        <time>2019-05-27T21:33:29Z</time>
      </trkpt>
      <trkpt lat="48.88145" lon="-121.538873">
        <ele>1409.0</ele>
        <time>2019-05-27T21:33:51Z</time>
      </trkpt>
      <trkpt lat="48.881475" lon="-121.538937">
        <ele>1409.2</ele>
        <time>2019-05-27T21:33:55Z</time>
      </trkpt>
      <trkpt lat="48.881538" lon="-121.539064">
        <ele>1402.3</ele>
        <time>2019-05-27T21:34:09Z</time>
      </trkpt>
      <trkpt lat="48.881559" lon="-121.539246">
        <ele>1402.2</ele>
        <time>2019-05-27T21:34:14Z</time>
      </trkpt>
      <trkpt lat="48.881568" lon="-121.539265">
        <ele>1399.0</ele>
        <time>2019-05-27T21:34:15Z</time>
      </trkpt>
      <trkpt lat="48.881613" lon="-121.539339">
        <ele>1399.2</ele>
        <time>2019-05-27T21:34:19Z</time>
      </trkpt>
      <trkpt lat="48.88166" lon="-121.539395">
        <ele>1397.9</ele>
        <time>2019-05-27T21:34:24Z</time>
      </trkpt>
      <trkpt lat="48.88168" lon="-121.539456">
        <ele>1396.4</ele>
        <time>2019-05-27T21:34:27Z</time>
      </trkpt>
      <trkpt lat="48.881717" lon="-121.539519">
        <ele>1392.6</ele>
        <time>2019-05-27T21:34:32Z</time>
      </trkpt>
      <trkpt lat="48.881739" lon="-121.539532">
        <ele>1393.5</ele>
        <time>2019-05-27T21:34:35Z</time>
      </trkpt>
      <trkpt lat="48.881759" lon="-121.539581">
        <ele>1395.7</ele>
        <time>2019-05-27T21:34:38Z</time>
      </trkpt>
      <trkpt lat="48.881783" lon="-121.539598">
        <ele>1396.6</ele>
        <time>2019-05-27T21:34:43Z</time>
      </trkpt>
      <trkpt lat="48.881789" lon="-121.539668">
        <ele>1399.8</ele>
        <time>2019-05-27T21:34:46Z</time>
      </trkpt>
      <trkpt lat="48.881788" lon="-121.539687">
        <ele>1399.9</ele>
        <time>2019-05-27T21:34:47Z</time>
      </trkpt>
      <trkpt lat="48.881851" lon="-121.539826">
        <ele>1400.2</ele>
        <time>2019-05-27T21:34:55Z</time>
      </trkpt>
      <trkpt lat="48.881825" lon="-121.539914">
        <ele>1394.6</ele>
        <time>2019-05-27T21:35:03Z</time>
      </trkpt>
      <trkpt lat="48.881784" lon="-121.539904">
        <ele>1396.6</ele>
        <time>2019-05-27T21:35:06Z</time>
      </trkpt>
      <trkpt lat="48.881671" lon="-121.539806">
        <ele>1394.4</ele>
        <time>2019-05-27T21:35:17Z</time>
      </trkpt>
      <trkpt lat="48.881636" lon="-121.539806">
        <ele>1393.0</ele>
        <time>2019-05-27T21:35:23Z</time>
      </trkpt>
      <trkpt lat="48.881587" lon="-121.539773">
        <ele>1391.0</ele>
        <time>2019-05-27T21:35:28Z</time>
      </trkpt>
      <trkpt lat="48.881518" lon="-121.539761">
        <ele>1387.3</ele>
        <time>2019-05-27T21:35:34Z</time>
      </trkpt>
      <trkpt lat="48.88147" lon="-121.539767">
        <ele>1384.8</ele>
        <time>2019-05-27T21:35:39Z</time>
      </trkpt>
      <trkpt lat="48.881441" lon="-121.539784">
        <ele>1383.8</ele>
        <time>2019-05-27T21:35:44Z</time>
      </trkpt>
      <trkpt lat="48.881428" lon="-121.53978">
        <ele>1383.5</ele>
        <time>2019-05-27T21:35:45Z</time>
      </trkpt>
      <trkpt lat="48.881367" lon="-121.539733">
        <ele>1379.4</ele>
        <time>2019-05-27T21:35:50Z</time>
      </trkpt>
      <trkpt lat="48.881325" lon="-121.539665">
        <ele>1379.5</ele>
        <time>2019-05-27T21:35:58Z</time>
      </trkpt>
      <trkpt lat="48.881293" lon="-121.539658">
        <ele>1381.7</ele>
        <time>2019-05-27T21:36:00Z</time>
      </trkpt>
      <trkpt lat="48.881278" lon="-121.539673">
        <ele>1373.5</ele>
        <time>2019-05-27T21:36:28Z</time>
      </trkpt>
      <trkpt lat="48.881239" lon="-121.53967">
        <ele>1371.3</ele>
        <time>2019-05-27T21:36:32Z</time>
      </trkpt>
      <trkpt lat="48.881217" lon="-121.539656">
        <ele>1371.5</ele>
        <time>2019-05-27T21:36:34Z</time>
      </trkpt>
      <trkpt lat="48.881278" lon="-121.539771">
        <ele>1372.9</ele>
        <time>2019-05-27T21:36:47Z</time>
      </trkpt>
      <trkpt lat="48.881316" lon="-121.539878">
        <ele>1374.2</ele>
        <time>2019-05-27T21:36:57Z</time>
      </trkpt>
      <trkpt lat="48.881349" lon="-121.539885">
        <ele>1373.7</ele>
        <time>2019-05-27T21:37:01Z</time>
      </trkpt>
      <trkpt lat="48.881394" lon="-121.53994">
        <ele>1374.6</ele>
        <time>2019-05-27T21:37:06Z</time>
      </trkpt>
      <trkpt lat="48.881424" lon="-121.540004">
        <ele>1374.9</ele>
        <time>2019-05-27T21:37:09Z</time>
      </trkpt>
      <trkpt lat="48.881513" lon="-121.540066">
        <ele>1376.8</ele>
        <time>2019-05-27T21:37:17Z</time>
      </trkpt>
      <trkpt lat="48.881581" lon="-121.540125">
        <ele>1375.1</ele>
        <time>2019-05-27T21:37:22Z</time>
      </trkpt>
      <trkpt lat="48.881667" lon="-121.540162">
        <ele>1372.3</ele>
        <time>2019-05-27T21:37:27Z</time>
      </trkpt>
      <trkpt lat="48.881685" lon="-121.540179">
        <ele>1370.7</ele>
        <time>2019-05-27T21:37:28Z</time>
      </trkpt>
      <trkpt lat="48.881723" lon="-121.540247">
        <ele>1370.5</ele>
        <time>2019-05-27T21:37:31Z</time>
      </trkpt>
      <trkpt lat="48.88184" lon="-121.540301">
        <ele>1373.0</ele>
        <time>2019-05-27T21:37:40Z</time>
      </trkpt>
      <trkpt lat="48.881856" lon="-121.540342">
        <ele>1372.6</ele>
        <time>2019-05-27T21:37:45Z</time>
      </trkpt>
      <trkpt lat="48.881867" lon="-121.540328">
        <ele>1372.5</ele>
        <time>2019-05-27T21:37:46Z</time>
      </trkpt>
      <trkpt lat="48.881918" lon="-121.540364">
        <ele>1374.0</ele>
        <time>2019-05-27T21:37:50Z</time>
      </trkpt>
      <trkpt lat="48.88194" lon="-121.540455">
        <ele>1375.3</ele>
        <time>2019-05-27T21:37:55Z</time>
      </trkpt>
      <trkpt lat="48.882007" lon="-121.540529">
        <ele>1369.7</ele>
        <time>2019-05-27T21:38:05Z</time>
      </trkpt>
      <trkpt lat="48.882111" lon="-121.540553">
        <ele>1370.6</ele>
        <time>2019-05-27T21:38:12Z</time>
      </trkpt>
      <trkpt lat="48.88219" lon="-121.540538">
        <ele>1369.0</ele>
        <time>2019-05-27T21:38:18Z</time>
      </trkpt>
      <trkpt lat="48.882237" lon="-121.540556">
        <ele>1366.8</ele>
        <time>2019-05-27T21:38:21Z</time>
      </trkpt>
      <trkpt lat="48.88231" lon="-121.540643">
        <ele>1364.6</ele>
        <time>2019-05-27T21:38:26Z</time>
      </trkpt>
      <trkpt lat="48.882415" lon="-121.540748">
        <ele>1371.0</ele>
        <time>2019-05-27T21:38:34Z</time>
      </trkpt>
      <trkpt lat="48.882473" lon="-121.540841">
        <ele>1362.0</ele>
        <time>2019-05-27T21:38:40Z</time>
      </trkpt>
      <trkpt lat="48.882485" lon="-121.540897">
        <ele>1362.2</ele>
        <time>2019-05-27T21:38:42Z</time>
      </trkpt>
      <trkpt lat="48.882553" lon="-121.54092">
        <ele>1358.2</ele>
        <time>2019-05-27T21:38:47Z</time>
      </trkpt>
      <trkpt lat="48.882592" lon="-121.540957">
        <ele>1354.4</ele>
        <time>2019-05-27T21:38:52Z</time>
      </trkpt>
      <trkpt lat="48.882655" lon="-121.541044">
        <ele>1353.6</ele>
        <time>2019-05-27T21:38:59Z</time>
      </trkpt>
      <trkpt lat="48.882679" lon="-121.541105">
        <ele>1352.4</ele>
        <time>2019-05-27T21:39:02Z</time>
      </trkpt>
      <trkpt lat="48.882711" lon="-121.541131">
        <ele>1353.3</ele>
        <time>2019-05-27T21:39:05Z</time>
      </trkpt>
      <trkpt lat="48.882724" lon="-121.541191">
        <ele>1354.3</ele>
        <time>2019-05-27T21:39:08Z</time>
      </trkpt>
      <trkpt lat="48.882754" lon="-121.541217">
        <ele>1355.4</ele>
        <time>2019-05-27T21:39:10Z</time>
      </trkpt>
      <trkpt lat="48.882776" lon="-121.541331">
        <ele>1359.6</ele>
        <time>2019-05-27T21:39:15Z</time>
      </trkpt>
      <trkpt lat="48.88282" lon="-121.541421">
        <ele>1358.8</ele>
        <time>2019-05-27T21:39:22Z</time>
      </trkpt>
      <trkpt lat="48.882884" lon="-121.541449">
        <ele>1355.7</ele>
        <time>2019-05-27T21:39:27Z</time>
      </trkpt>
      <trkpt lat="48.882909" lon="-121.541492">
        <ele>1351.8</ele>
        <time>2019-05-27T21:39:31Z</time>
      </trkpt>
      <trkpt lat="48.882969" lon="-121.541537">
        <ele>1349.6</ele>
        <time>2019-05-27T21:39:38Z</time>
      </trkpt>
      <trkpt lat="48.883042" lon="-121.541546">
        <ele>1347.6</ele>
        <time>2019-05-27T21:39:44Z</time>
      </trkpt>
      <trkpt lat="48.88308" lon="-121.541656">
        <ele>1347.8</ele>
        <time>2019-05-27T21:39:49Z</time>
      </trkpt>
      <trkpt lat="48.883106" lon="-121.541675">
        <ele>1348.0</ele>
        <time>2019-05-27T21:39:51Z</time>
      </trkpt>
      <trkpt lat="48.883249" lon="-121.541711">
        <ele>1344.2</ele>
        <time>2019-05-27T21:40:00Z</time>
      </trkpt>
      <trkpt lat="48.883301" lon="-121.541748">
        <ele>1341.6</ele>
        <time>2019-05-27T21:40:04Z</time>
      </trkpt>
      <trkpt lat="48.883353" lon="-121.541742">
        <ele>1340.6</ele>
        <time>2019-05-27T21:40:06Z</time>
      </trkpt>
      <trkpt lat="48.883445" lon="-121.541715">
        <ele>1339.8</ele>
        <time>2019-05-27T21:40:12Z</time>
      </trkpt>
      <trkpt lat="48.883532" lon="-121.54189">
        <ele>1338.6</ele>
        <time>2019-05-27T21:40:22Z</time>
      </trkpt>
      <trkpt lat="48.883557" lon="-121.541909">
        <ele>1336.1</ele>
        <time>2019-05-27T21:40:24Z</time>
      </trkpt>
      <trkpt lat="48.883635" lon="-121.54193">
        <ele>1336.7</ele>
        <time>2019-05-27T21:40:30Z</time>
      </trkpt>
      <trkpt lat="48.883669" lon="-121.541928">
        <ele>1336.1</ele>
        <time>2019-05-27T21:40:32Z</time>
      </trkpt>
      <trkpt lat="48.883741" lon="-121.541974">
        <ele>1331.8</ele>
        <time>2019-05-27T21:40:39Z</time>
      </trkpt>
      <trkpt lat="48.883831" lon="-121.542113">
        <ele>1329.5</ele>
        <time>2019-05-27T21:40:48Z</time>
      </trkpt>
      <trkpt lat="48.883858" lon="-121.54218">
        <ele>1327.4</ele>
        <time>2019-05-27T21:40:50Z</time>
      </trkpt>
      <trkpt lat="48.883899" lon="-121.542213">
        <ele>1323.6</ele>
        <time>2019-05-27T21:40:54Z</time>
      </trkpt>
      <trkpt lat="48.883963" lon="-121.542239">
        <ele>1326.5</ele>
        <time>2019-05-27T21:41:00Z</time>
      </trkpt>
      <trkpt lat="48.883998" lon="-121.542292">
        <ele>1328.4</ele>
        <time>2019-05-27T21:41:05Z</time>
      </trkpt>
      <trkpt lat="48.884056" lon="-121.542343">
        <ele>1328.1</ele>
        <time>2019-05-27T21:41:11Z</time>
      </trkpt>
      <trkpt lat="48.884096" lon="-121.542338">
        <ele>1326.5</ele>
        <time>2019-05-27T21:41:13Z</time>
      </trkpt>
      <trkpt lat="48.884124" lon="-121.542356">
        <ele>1326.3</ele>
        <time>2019-05-27T21:41:15Z</time>
      </trkpt>
      <trkpt lat="48.884135" lon="-121.542456">
        <ele>1327.9</ele>
        <time>2019-05-27T21:41:20Z</time>
      </trkpt>
      <trkpt lat="48.884157" lon="-121.542478">
        <ele>1325.4</ele>
        <time>2019-05-27T21:41:22Z</time>
      </trkpt>
      <trkpt lat="48.884265" lon="-121.542461">
        <ele>1322.7</ele>
        <time>2019-05-27T21:41:34Z</time>
      </trkpt>
      <trkpt lat="48.884345" lon="-121.542471">
        <ele>1318.8</ele>
        <time>2019-05-27T21:41:46Z</time>
      </trkpt>
      <trkpt lat="48.88436" lon="-121.542582">
        <ele>1321.9</ele>
        <time>2019-05-27T21:41:53Z</time>
      </trkpt>
      <trkpt lat="48.88443" lon="-121.542745">
        <ele>1323.3</ele>
        <time>2019-05-27T21:42:05Z</time>
      </trkpt>
      <trkpt lat="48.88444" lon="-121.542772">
        <ele>1322.5</ele>
        <time>2019-05-27T21:42:06Z</time>
      </trkpt>
      <trkpt lat="48.884464" lon="-121.542809">
        <ele>1318.3</ele>
        <time>2019-05-27T21:42:09Z</time>
      </trkpt>
      <trkpt lat="48.884482" lon="-121.542809">
        <ele>1316.7</ele>
        <time>2019-05-27T21:42:10Z</time>
      </trkpt>
      <trkpt lat="48.884541" lon="-121.54277">
        <ele>1320.2</ele>
        <time>2019-05-27T21:42:15Z</time>
      </trkpt>
      <trkpt lat="48.884612" lon="-121.542843">
        <ele>1318.9</ele>
        <time>2019-05-27T21:42:23Z</time>
      </trkpt>
      <trkpt lat="48.884645" lon="-121.542936">
        <ele>1316.0</ele>
        <time>2019-05-27T21:42:29Z</time>
      </trkpt>
      <trkpt lat="48.884657" lon="-121.542953">
        <ele>1315.6</ele>
        <time>2019-05-27T21:42:30Z</time>
      </trkpt>
      <trkpt lat="48.884696" lon="-121.542972">
        <ele>1315.5</ele>
        <time>2019-05-27T21:42:33Z</time>
      </trkpt>
      <trkpt lat="48.884761" lon="-121.54307">
        <ele>1315.6</ele>
        <time>2019-05-27T21:42:38Z</time>
      </trkpt>
      <trkpt lat="48.884851" lon="-121.543118">
        <ele>1314.5</ele>
        <time>2019-05-27T21:42:46Z</time>
      </trkpt>
      <trkpt lat="48.884921" lon="-121.543219">
        <ele>1310.3</ele>
        <time>2019-05-27T21:42:54Z</time>
      </trkpt>
      <trkpt lat="48.884963" lon="-121.543251">
        <ele>1309.9</ele>
        <time>2019-05-27T21:42:57Z</time>
      </trkpt>
      <trkpt lat="48.884972" lon="-121.543266">
        <ele>1309.0</ele>
        <time>2019-05-27T21:42:58Z</time>
      </trkpt>
      <trkpt lat="48.885076" lon="-121.543341">
        <ele>1310.2</ele>
        <time>2019-05-27T21:43:08Z</time>
      </trkpt>
      <trkpt lat="48.885136" lon="-121.543454">
        <ele>1303.8</ele>
        <time>2019-05-27T21:43:19Z</time>
      </trkpt>
      <trkpt lat="48.885144" lon="-121.543461">
        <ele>1302.8</ele>
        <time>2019-05-27T21:43:20Z</time>
      </trkpt>
      <trkpt lat="48.885242" lon="-121.54351">
        <ele>1298.1</ele>
        <time>2019-05-27T21:43:31Z</time>
      </trkpt>
      <trkpt lat="48.885299" lon="-121.54352">
        <ele>1293.7</ele>
        <time>2019-05-27T21:43:36Z</time>
      </trkpt>
      <trkpt lat="48.885336" lon="-121.543506">
        <ele>1293.4</ele>
        <time>2019-05-27T21:43:39Z</time>
      </trkpt>
      <trkpt lat="48.88535" lon="-121.543506">
        <ele>1294.0</ele>
        <time>2019-05-27T21:43:40Z</time>
      </trkpt>
      <trkpt lat="48.885385" lon="-121.543548">
        <ele>1292.7</ele>
        <time>2019-05-27T21:43:45Z</time>
      </trkpt>
      <trkpt lat="48.885436" lon="-121.543567">
        <ele>1291.8</ele>
        <time>2019-05-27T21:43:49Z</time>
      </trkpt>
      <trkpt lat="48.885481" lon="-121.543627">
        <ele>1295.1</ele>
        <time>2019-05-27T21:43:54Z</time>
      </trkpt>
      <trkpt lat="48.88553" lon="-121.543712">
        <ele>1296.1</ele>
        <time>2019-05-27T21:44:01Z</time>
      </trkpt>
      <trkpt lat="48.885569" lon="-121.543742">
        <ele>1296.9</ele>
        <time>2019-05-27T21:44:05Z</time>
      </trkpt>
      <trkpt lat="48.885632" lon="-121.543755">
        <ele>1295.3</ele>
        <time>2019-05-27T21:44:11Z</time>
      </trkpt>
      <trkpt lat="48.885647" lon="-121.543767">
        <ele>1295.9</ele>
        <time>2019-05-27T21:44:12Z</time>
      </trkpt>
      <trkpt lat="48.885689" lon="-121.543825">
        <ele>1295.6</ele>
        <time>2019-05-27T21:44:16Z</time>
      </trkpt>
      <trkpt lat="48.885711" lon="-121.543835">
        <ele>1295.0</ele>
        <time>2019-05-27T21:44:18Z</time>
      </trkpt>
      <trkpt lat="48.885759" lon="-121.543836">
        <ele>1289.2</ele>
        <time>2019-05-27T21:44:23Z</time>
      </trkpt>
      <trkpt lat="48.88586" lon="-121.543903">
        <ele>1288.2</ele>
        <time>2019-05-27T21:44:33Z</time>
      </trkpt>
      <trkpt lat="48.885876" lon="-121.54394">
        <ele>1285.4</ele>
        <time>2019-05-27T21:44:36Z</time>
      </trkpt>
      <trkpt lat="48.886043" lon="-121.544052">
        <ele>1278.1</ele>
        <time>2019-05-27T21:44:54Z</time>
      </trkpt>
      <trkpt lat="48.886072" lon="-121.54409">
        <ele>1275.6</ele>
        <time>2019-05-27T21:44:57Z</time>
      </trkpt>
      <trkpt lat="48.886109" lon="-121.544099">
        <ele>1273.1</ele>
        <time>2019-05-27T21:45:00Z</time>
      </trkpt>
      <trkpt lat="48.886142" lon="-121.544204">
        <ele>1269.3</ele>
        <time>2019-05-27T21:45:05Z</time>
      </trkpt>
      <trkpt lat="48.88617" lon="-121.544247">
        <ele>1270.1</ele>
        <time>2019-05-27T21:45:09Z</time>
      </trkpt>
      <trkpt lat="48.886192" lon="-121.544232">
        <ele>1271.6</ele>
        <time>2019-05-27T21:45:17Z</time>
      </trkpt>
      <trkpt lat="48.886181" lon="-121.544313">
        <ele>1273.7</ele>
        <time>2019-05-27T21:45:36Z</time>
      </trkpt>
      <trkpt lat="48.886185" lon="-121.544364">
        <ele>1277.5</ele>
        <time>2019-05-27T21:45:40Z</time>
      </trkpt>
      <trkpt lat="48.886161" lon="-121.544369">
        <ele>1280.0</ele>
        <time>2019-05-27T21:45:51Z</time>
      </trkpt>
      <trkpt lat="48.886175" lon="-121.544405">
        <ele>1276.9</ele>
        <time>2019-05-27T21:46:15Z</time>
      </trkpt>
      <trkpt lat="48.886171" lon="-121.544413">
        <ele>1275.7</ele>
        <time>2019-05-27T21:46:17Z</time>
      </trkpt>
      <trkpt lat="48.886204" lon="-121.544398">
        <ele>1275.6</ele>
        <time>2019-05-27T21:46:38Z</time>
      </trkpt>
      <trkpt lat="48.886205" lon="-121.54436">
        <ele>1269.4</ele>
        <time>2019-05-27T21:46:47Z</time>
      </trkpt>
      <trkpt lat="48.886235" lon="-121.54434">
        <ele>1269.4</ele>
        <time>2019-05-27T21:46:52Z</time>
      </trkpt>
      <trkpt lat="48.886247" lon="-121.544384">
        <ele>1271.5</ele>
        <time>2019-05-27T21:47:11Z</time>
      </trkpt>
      <trkpt lat="48.886237" lon="-121.544516">
        <ele>1275.3</ele>
        <time>2019-05-27T21:47:30Z</time>
      </trkpt>
      <trkpt lat="48.886243" lon="-121.54446">
        <ele>1273.5</ele>
        <time>2019-05-27T21:47:42Z</time>
      </trkpt>
      <trkpt lat="48.886209" lon="-121.544397">
        <ele>1276.6</ele>
        <time>2019-05-27T21:47:50Z</time>
      </trkpt>
      <trkpt lat="48.886197" lon="-121.544322">
        <ele>1278.9</ele>
        <time>2019-05-27T21:48:05Z</time>
      </trkpt>
      <trkpt lat="48.886213" lon="-121.54429">
        <ele>1279.5</ele>
        <time>2019-05-27T21:48:23Z</time>
      </trkpt>
      <trkpt lat="48.886264" lon="-121.544293">
        <ele>1283.0</ele>
        <time>2019-05-27T21:48:55Z</time>
      </trkpt>
      <trkpt lat="48.886285" lon="-121.54431">
        <ele>1286.4</ele>
        <time>2019-05-27T21:49:06Z</time>
      </trkpt>
      <trkpt lat="48.886309" lon="-121.544272">
        <ele>1284.3</ele>
        <time>2019-05-27T21:49:28Z</time>
      </trkpt>
      <trkpt lat="48.88632" lon="-121.544401">
        <ele>1298.8</ele>
        <time>2019-05-27T21:50:00Z</time>
      </trkpt>
      <trkpt lat="48.886317" lon="-121.544494">
        <ele>1305.5</ele>
        <time>2019-05-27T21:50:04Z</time>
      </trkpt>
      <trkpt lat="48.886304" lon="-121.544672">
        <ele>1308.5</ele>
        <time>2019-05-27T21:50:12Z</time>
      </trkpt>
      <trkpt lat="48.886325" lon="-121.544587">
        <ele>1292.8</ele>
        <time>2019-05-27T21:50:41Z</time>
      </trkpt>
      <trkpt lat="48.886294" lon="-121.544563">
        <ele>1291.8</ele>
        <time>2019-05-27T21:50:50Z</time>
      </trkpt>
      <trkpt lat="48.886303" lon="-121.544607">
        <ele>1292.6</ele>
        <time>2019-05-27T21:50:57Z</time>
      </trkpt>
      <trkpt lat="48.88628" lon="-121.54466">
        <ele>1300.2</ele>
        <time>2019-05-27T21:51:01Z</time>
      </trkpt>
      <trkpt lat="48.886293" lon="-121.544642">
        <ele>1295.7</ele>
        <time>2019-05-27T21:51:06Z</time>
      </trkpt>
      <trkpt lat="48.886333" lon="-121.544491">
        <ele>1283.4</ele>
        <time>2019-05-27T21:51:14Z</time>
      </trkpt>
      <trkpt lat="48.886324" lon="-121.544454">
        <ele>1283.3</ele>
        <time>2019-05-27T21:51:20Z</time>
      </trkpt>
      <trkpt lat="48.886322" lon="-121.54453">
        <ele>1282.4</ele>
        <time>2019-05-27T21:51:37Z</time>
      </trkpt>
      <trkpt lat="48.88635" lon="-121.544583">
        <ele>1277.7</ele>
        <time>2019-05-27T21:53:15Z</time>
      </trkpt>
      <trkpt lat="48.886367" lon="-121.544669">
        <ele>1280.1</ele>
        <time>2019-05-27T21:53:18Z</time>
      </trkpt>
      <trkpt lat="48.886372" lon="-121.544791">
        <ele>1280.6</ele>
        <time>2019-05-27T21:53:23Z</time>
      </trkpt>
      <trkpt lat="48.886422" lon="-121.544844">
        <ele>1279.4</ele>
        <time>2019-05-27T21:53:29Z</time>
      </trkpt>
      <trkpt lat="48.88654" lon="-121.544897">
        <ele>1268.2</ele>
        <time>2019-05-27T21:53:40Z</time>
      </trkpt>
      <trkpt lat="48.886582" lon="-121.544889">
        <ele>1264.5</ele>
        <time>2019-05-27T21:53:44Z</time>
      </trkpt>
      <trkpt lat="48.886606" lon="-121.544906">
        <ele>1263.3</ele>
        <time>2019-05-27T21:53:46Z</time>
      </trkpt>
      <trkpt lat="48.886629" lon="-121.544898">
        <ele>1263.2</ele>
        <time>2019-05-27T21:53:48Z</time>
      </trkpt>
      <trkpt lat="48.886668" lon="-121.544856">
        <ele>1262.4</ele>
        <time>2019-05-27T21:53:52Z</time>
      </trkpt>
      <trkpt lat="48.886698" lon="-121.544834">
        <ele>1261.4</ele>
        <time>2019-05-27T21:53:54Z</time>
      </trkpt>
      <trkpt lat="48.886715" lon="-121.544835">
        <ele>1262.8</ele>
        <time>2019-05-27T21:53:55Z</time>
      </trkpt>
      <trkpt lat="48.886731" lon="-121.544863">
        <ele>1264.7</ele>
        <time>2019-05-27T21:53:57Z</time>
      </trkpt>
      <trkpt lat="48.886746" lon="-121.544948">
        <ele>1265.2</ele>
        <time>2019-05-27T21:54:00Z</time>
      </trkpt>
      <trkpt lat="48.886782" lon="-121.544965">
        <ele>1264.0</ele>
        <time>2019-05-27T21:54:03Z</time>
      </trkpt>
      <trkpt lat="48.886793" lon="-121.544964">
        <ele>1262.2</ele>
        <time>2019-05-27T21:54:04Z</time>
      </trkpt>
      <trkpt lat="48.886818" lon="-121.544979">
        <ele>1261.0</ele>
        <time>2019-05-27T21:54:09Z</time>
      </trkpt>
      <trkpt lat="48.886844" lon="-121.545037">
        <ele>1260.6</ele>
        <time>2019-05-27T21:54:14Z</time>
      </trkpt>
      <trkpt lat="48.886912" lon="-121.545125">
        <ele>1258.3</ele>
        <time>2019-05-27T21:54:22Z</time>
      </trkpt>
      <trkpt lat="48.886926" lon="-121.545171">
        <ele>1257.4</ele>
        <time>2019-05-27T21:54:26Z</time>
      </trkpt>
      <trkpt lat="48.886951" lon="-121.545214">
        <ele>1257.7</ele>
        <time>2019-05-27T21:54:29Z</time>
      </trkpt>
      <trkpt lat="48.886971" lon="-121.545235">
        <ele>1257.0</ele>
        <time>2019-05-27T21:54:31Z</time>
      </trkpt>
      <trkpt lat="48.887028" lon="-121.54525">
        <ele>1250.7</ele>
        <time>2019-05-27T21:54:37Z</time>
      </trkpt>
      <trkpt lat="48.887045" lon="-121.545266">
        <ele>1251.4</ele>
        <time>2019-05-27T21:54:38Z</time>
      </trkpt>
      <trkpt lat="48.887081" lon="-121.545344">
        <ele>1252.8</ele>
        <time>2019-05-27T21:54:42Z</time>
      </trkpt>
      <trkpt lat="48.887089" lon="-121.545354">
        <ele>1253.4</ele>
        <time>2019-05-27T21:54:43Z</time>
      </trkpt>
      <trkpt lat="48.887105" lon="-121.545432">
        <ele>1254.7</ele>
        <time>2019-05-27T21:54:48Z</time>
      </trkpt>
      <trkpt lat="48.887133" lon="-121.545445">
        <ele>1252.0</ele>
        <time>2019-05-27T21:54:51Z</time>
      </trkpt>
      <trkpt lat="48.887171" lon="-121.545501">
        <ele>1252.9</ele>
        <time>2019-05-27T21:54:55Z</time>
      </trkpt>
      <trkpt lat="48.887181" lon="-121.545582">
        <ele>1254.3</ele>
        <time>2019-05-27T21:54:58Z</time>
      </trkpt>
      <trkpt lat="48.887172" lon="-121.545673">
        <ele>1256.4</ele>
        <time>2019-05-27T21:55:02Z</time>
      </trkpt>
      <trkpt lat="48.887173" lon="-121.545693">
        <ele>1254.8</ele>
        <time>2019-05-27T21:55:03Z</time>
      </trkpt>
      <trkpt lat="48.887194" lon="-121.545771">
        <ele>1255.4</ele>
        <time>2019-05-27T21:55:07Z</time>
      </trkpt>
      <trkpt lat="48.887198" lon="-121.545876">
        <ele>1255.7</ele>
        <time>2019-05-27T21:55:11Z</time>
      </trkpt>
      <trkpt lat="48.887214" lon="-121.545902">
        <ele>1254.1</ele>
        <time>2019-05-27T21:55:13Z</time>
      </trkpt>
      <trkpt lat="48.887225" lon="-121.545974">
        <ele>1253.1</ele>
        <time>2019-05-27T21:55:16Z</time>
      </trkpt>
      <trkpt lat="48.887234" lon="-121.545995">
        <ele>1252.9</ele>
        <time>2019-05-27T21:55:17Z</time>
      </trkpt>
      <trkpt lat="48.88725" lon="-121.545991">
        <ele>1252.1</ele>
        <time>2019-05-27T21:55:18Z</time>
      </trkpt>
      <trkpt lat="48.887262" lon="-121.545974">
        <ele>1252.8</ele>
        <time>2019-05-27T21:55:19Z</time>
      </trkpt>
      <trkpt lat="48.887284" lon="-121.545988">
        <ele>1252.3</ele>
        <time>2019-05-27T21:55:23Z</time>
      </trkpt>
      <trkpt lat="48.887294" lon="-121.546105">
        <ele>1252.7</ele>
        <time>2019-05-27T21:55:30Z</time>
      </trkpt>
      <trkpt lat="48.88738" lon="-121.546133">
        <ele>1249.7</ele>
        <time>2019-05-27T21:55:39Z</time>
      </trkpt>
      <trkpt lat="48.88745" lon="-121.546188">
        <ele>1247.5</ele>
        <time>2019-05-27T21:55:46Z</time>
      </trkpt>
      <trkpt lat="48.887482" lon="-121.546229">
        <ele>1245.4</ele>
        <time>2019-05-27T21:55:49Z</time>
      </trkpt>
      <trkpt lat="48.887524" lon="-121.546251">
        <ele>1244.5</ele>
        <time>2019-05-27T21:55:52Z</time>
      </trkpt>
      <trkpt lat="48.887552" lon="-121.546234">
        <ele>1243.0</ele>
        <time>2019-05-27T21:55:54Z</time>
      </trkpt>
      <trkpt lat="48.887592" lon="-121.546234">
        <ele>1242.2</ele>
        <time>2019-05-27T21:55:57Z</time>
      </trkpt>
      <trkpt lat="48.887677" lon="-121.546308">
        <ele>1244.3</ele>
        <time>2019-05-27T21:56:05Z</time>
      </trkpt>
      <trkpt lat="48.88772" lon="-121.546308">
        <ele>1242.7</ele>
        <time>2019-05-27T21:56:09Z</time>
      </trkpt>
      <trkpt lat="48.887753" lon="-121.546351">
        <ele>1240.8</ele>
        <time>2019-05-27T21:56:12Z</time>
      </trkpt>
      <trkpt lat="48.887765" lon="-121.546355">
        <ele>1239.2</ele>
        <time>2019-05-27T21:56:13Z</time>
      </trkpt>
      <trkpt lat="48.887821" lon="-121.546422">
        <ele>1239.6</ele>
        <time>2019-05-27T21:56:17Z</time>
      </trkpt>
      <trkpt lat="48.887878" lon="-121.546461">
        <ele>1241.7</ele>
        <time>2019-05-27T21:56:21Z</time>
      </trkpt>
      <trkpt lat="48.887926" lon="-121.546547">
        <ele>1243.5</ele>
        <time>2019-05-27T21:56:26Z</time>
      </trkpt>
      <trkpt lat="48.887937" lon="-121.546572">
        <ele>1245.1</ele>
        <time>2019-05-27T21:56:27Z</time>
      </trkpt>
      <trkpt lat="48.887936" lon="-121.546604">
        <ele>1243.5</ele>
        <time>2019-05-27T21:56:28Z</time>
      </trkpt>
      <trkpt lat="48.887974" lon="-121.546706">
        <ele>1241.0</ele>
        <time>2019-05-27T21:56:49Z</time>
      </trkpt>
      <trkpt lat="48.887964" lon="-121.546776">
        <ele>1232.9</ele>
        <time>2019-05-27T21:57:04Z</time>
      </trkpt>
      <trkpt lat="48.888014" lon="-121.546826">
        <ele>1230.3</ele>
        <time>2019-05-27T21:57:14Z</time>
      </trkpt>
      <trkpt lat="48.888051" lon="-121.546888">
        <ele>1228.1</ele>
        <time>2019-05-27T21:57:20Z</time>
      </trkpt>
      <trkpt lat="48.888061" lon="-121.546953">
        <ele>1225.1</ele>
        <time>2019-05-27T21:57:25Z</time>
      </trkpt>
      <trkpt lat="48.888105" lon="-121.546972">
        <ele>1226.5</ele>
        <time>2019-05-27T21:57:31Z</time>
      </trkpt>
      <trkpt lat="48.888122" lon="-121.547031">
        <ele>1227.7</ele>
        <time>2019-05-27T21:57:36Z</time>
      </trkpt>
      <trkpt lat="48.888146" lon="-121.547074">
        <ele>1225.4</ele>
        <time>2019-05-27T21:57:39Z</time>
      </trkpt>
      <trkpt lat="48.888193" lon="-121.547141">
        <ele>1224.8</ele>
        <time>2019-05-27T21:57:44Z</time>
      </trkpt>
      <trkpt lat="48.888236" lon="-121.547167">
        <ele>1222.5</ele>
        <time>2019-05-27T21:57:48Z</time>
      </trkpt>
      <trkpt lat="48.888251" lon="-121.547196">
        <ele>1222.7</ele>
        <time>2019-05-27T21:57:50Z</time>
      </trkpt>
      <trkpt lat="48.888261" lon="-121.547272">
        <ele>1221.8</ele>
        <time>2019-05-27T21:57:53Z</time>
      </trkpt>
      <trkpt lat="48.888278" lon="-121.547312">
        <ele>1221.3</ele>
        <time>2019-05-27T21:57:55Z</time>
      </trkpt>
      <trkpt lat="48.888337" lon="-121.547362">
        <ele>1222.7</ele>
        <time>2019-05-27T21:58:00Z</time>
      </trkpt>
      <trkpt lat="48.888428" lon="-121.547566">
        <ele>1220.2</ele>
        <time>2019-05-27T21:58:10Z</time>
      </trkpt>
      <trkpt lat="48.888455" lon="-121.547612">
        <ele>1218.7</ele>
        <time>2019-05-27T21:58:13Z</time>
      </trkpt>
      <trkpt lat="48.888506" lon="-121.547642">
        <ele>1217.1</ele>
        <time>2019-05-27T21:58:17Z</time>
      </trkpt>
      <trkpt lat="48.888536" lon="-121.547735">
        <ele>1216.4</ele>
        <time>2019-05-27T21:58:21Z</time>
      </trkpt>
      <trkpt lat="48.888576" lon="-121.54778">
        <ele>1214.6</ele>
        <time>2019-05-27T21:58:26Z</time>
      </trkpt>
      <trkpt lat="48.888623" lon="-121.547783">
        <ele>1211.3</ele>
        <time>2019-05-27T21:58:31Z</time>
      </trkpt>
      <trkpt lat="48.88867" lon="-121.54785">
        <ele>1211.2</ele>
        <time>2019-05-27T21:58:37Z</time>
      </trkpt>
      <trkpt lat="48.888677" lon="-121.547876">
        <ele>1214.4</ele>
        <time>2019-05-27T21:58:38Z</time>
      </trkpt>
      <trkpt lat="48.888751" lon="-121.54807">
        <ele>1216.3</ele>
        <time>2019-05-27T21:58:49Z</time>
      </trkpt>
      <trkpt lat="48.888781" lon="-121.548104">
        <ele>1214.7</ele>
        <time>2019-05-27T21:58:52Z</time>
      </trkpt>
      <trkpt lat="48.888845" lon="-121.548111">
        <ele>1213.2</ele>
        <time>2019-05-27T21:58:58Z</time>
      </trkpt>
      <trkpt lat="48.888882" lon="-121.548183">
        <ele>1212.6</ele>
        <time>2019-05-27T21:59:02Z</time>
      </trkpt>
      <trkpt lat="48.888918" lon="-121.54821">
        <ele>1215.3</ele>
        <time>2019-05-27T21:59:05Z</time>
      </trkpt>
      <trkpt lat="48.888987" lon="-121.548373">
        <ele>1217.0</ele>
        <time>2019-05-27T21:59:13Z</time>
      </trkpt>
      <trkpt lat="48.889017" lon="-121.548577">
        <ele>1219.8</ele>
        <time>2019-05-27T21:59:23Z</time>
      </trkpt>
      <trkpt lat="48.889086" lon="-121.548671">
        <ele>1216.2</ele>
        <time>2019-05-27T21:59:32Z</time>
      </trkpt>
      <trkpt lat="48.889129" lon="-121.548707">
        <ele>1211.0</ele>
        <time>2019-05-27T21:59:36Z</time>
      </trkpt>
      <trkpt lat="48.88916" lon="-121.548789">
        <ele>1209.6</ele>
        <time>2019-05-27T21:59:40Z</time>
      </trkpt>
      <trkpt lat="48.889274" lon="-121.548796">
        <ele>1210.2</ele>
        <time>2019-05-27T21:59:48Z</time>
      </trkpt>
      <trkpt lat="48.889319" lon="-121.548829">
        <ele>1211.0</ele>
        <time>2019-05-27T21:59:53Z</time>
      </trkpt>
      <trkpt lat="48.889345" lon="-121.548771">
        <ele>1209.7</ele>
        <time>2019-05-27T21:59:56Z</time>
      </trkpt>
      <trkpt lat="48.889395" lon="-121.548708">
        <ele>1210.6</ele>
        <time>2019-05-27T22:00:00Z</time>
      </trkpt>
      <trkpt lat="48.88942" lon="-121.548707">
        <ele>1212.0</ele>
        <time>2019-05-27T22:00:03Z</time>
      </trkpt>
      <trkpt lat="48.889444" lon="-121.548689">
        <ele>1213.3</ele>
        <time>2019-05-27T22:00:05Z</time>
      </trkpt>
      <trkpt lat="48.889554" lon="-121.548675">
        <ele>1212.8</ele>
        <time>2019-05-27T22:00:11Z</time>
      </trkpt>
      <trkpt lat="48.889628" lon="-121.548703">
        <ele>1211.4</ele>
        <time>2019-05-27T22:00:18Z</time>
      </trkpt>
      <trkpt lat="48.889666" lon="-121.548789">
        <ele>1214.6</ele>
        <time>2019-05-27T22:00:24Z</time>
      </trkpt>
      <trkpt lat="48.889681" lon="-121.54886">
        <ele>1213.0</ele>
        <time>2019-05-27T22:00:31Z</time>
      </trkpt>
      <trkpt lat="48.889701" lon="-121.548886">
        <ele>1214.5</ele>
        <time>2019-05-27T22:00:35Z</time>
      </trkpt>
      <trkpt lat="48.889739" lon="-121.548986">
        <ele>1216.9</ele>
        <time>2019-05-27T22:00:41Z</time>
      </trkpt>
      <trkpt lat="48.889771" lon="-121.54903">
        <ele>1215.8</ele>
        <time>2019-05-27T22:00:45Z</time>
      </trkpt>
      <trkpt lat="48.889925" lon="-121.549155">
        <ele>1211.8</ele>
        <time>2019-05-27T22:00:56Z</time>
      </trkpt>
      <trkpt lat="48.889946" lon="-121.549155">
        <ele>1211.4</ele>
        <time>2019-05-27T22:00:57Z</time>
      </trkpt>
      <trkpt lat="48.88996" lon="-121.549176">
        <ele>1213.2</ele>
        <time>2019-05-27T22:00:58Z</time>
      </trkpt>
      <trkpt lat="48.88998" lon="-121.54929">
        <ele>1217.1</ele>
        <time>2019-05-27T22:01:04Z</time>
      </trkpt>
      <trkpt lat="48.890012" lon="-121.549334">
        <ele>1217.7</ele>
        <time>2019-05-27T22:01:09Z</time>
      </trkpt>
      <trkpt lat="48.890061" lon="-121.549322">
        <ele>1214.8</ele>
        <time>2019-05-27T22:01:13Z</time>
      </trkpt>
      <trkpt lat="48.890099" lon="-121.549345">
        <ele>1213.7</ele>
        <time>2019-05-27T22:01:17Z</time>
      </trkpt>
      <trkpt lat="48.890093" lon="-121.549503">
        <ele>1216.4</ele>
        <time>2019-05-27T22:01:25Z</time>
      </trkpt>
      <trkpt lat="48.890085" lon="-121.549604">
        <ele>1215.8</ele>
        <time>2019-05-27T22:01:30Z</time>
      </trkpt>
      <trkpt lat="48.890102" lon="-121.549689">
        <ele>1215.5</ele>
        <time>2019-05-27T22:01:34Z</time>
      </trkpt>
      <trkpt lat="48.890123" lon="-121.549723">
        <ele>1215.8</ele>
        <time>2019-05-27T22:01:36Z</time>
      </trkpt>
      <trkpt lat="48.890158" lon="-121.549739">
        <ele>1214.3</ele>
        <time>2019-05-27T22:01:38Z</time>
      </trkpt>
      <trkpt lat="48.890176" lon="-121.54974">
        <ele>1213.7</ele>
        <time>2019-05-27T22:01:39Z</time>
      </trkpt>
      <trkpt lat="48.890247" lon="-121.54981">
        <ele>1214.2</ele>
        <time>2019-05-27T22:01:45Z</time>
      </trkpt>
      <trkpt lat="48.890286" lon="-121.549829">
        <ele>1214.4</ele>
        <time>2019-05-27T22:01:48Z</time>
      </trkpt>
      <trkpt lat="48.89034" lon="-121.549899">
        <ele>1215.8</ele>
        <time>2019-05-27T22:01:54Z</time>
      </trkpt>
      <trkpt lat="48.890438" lon="-121.549919">
        <ele>1211.1</ele>
        <time>2019-05-27T22:02:01Z</time>
      </trkpt>
      <trkpt lat="48.890529" lon="-121.549932">
        <ele>1204.2</ele>
        <time>2019-05-27T22:02:09Z</time>
      </trkpt>
      <trkpt lat="48.890575" lon="-121.549997">
        <ele>1204.7</ele>
        <time>2019-05-27T22:02:13Z</time>
      </trkpt>
      <trkpt lat="48.890609" lon="-121.549999">
        <ele>1203.1</ele>
        <time>2019-05-27T22:02:16Z</time>
      </trkpt>
      <trkpt lat="48.890654" lon="-121.550061">
        <ele>1201.2</ele>
        <time>2019-05-27T22:02:20Z</time>
      </trkpt>
      <trkpt lat="48.890692" lon="-121.550191">
        <ele>1202.2</ele>
        <time>2019-05-27T22:02:27Z</time>
      </trkpt>
      <trkpt lat="48.890752" lon="-121.550226">
        <ele>1203.7</ele>
        <time>2019-05-27T22:02:33Z</time>
      </trkpt>
      <trkpt lat="48.890796" lon="-121.550324">
        <ele>1207.4</ele>
        <time>2019-05-27T22:02:39Z</time>
      </trkpt>
      <trkpt lat="48.890872" lon="-121.550422">
        <ele>1208.3</ele>
        <time>2019-05-27T22:02:47Z</time>
      </trkpt>
      <trkpt lat="48.890887" lon="-121.550571">
        <ele>1207.8</ele>
        <time>2019-05-27T22:03:15Z</time>
      </trkpt>
      <trkpt lat="48.890884" lon="-121.55062">
        <ele>1207.6</ele>
        <time>2019-05-27T22:03:21Z</time>
      </trkpt>
      <trkpt lat="48.890895" lon="-121.550682">
        <ele>1206.9</ele>
        <time>2019-05-27T22:03:25Z</time>
      </trkpt>
      <trkpt lat="48.890909" lon="-121.550716">
        <ele>1205.3</ele>
        <time>2019-05-27T22:03:28Z</time>
      </trkpt>
      <trkpt lat="48.890949" lon="-121.550744">
        <ele>1206.3</ele>
        <time>2019-05-27T22:03:32Z</time>
      </trkpt>
      <trkpt lat="48.890966" lon="-121.550781">
        <ele>1207.6</ele>
        <time>2019-05-27T22:03:35Z</time>
      </trkpt>
      <trkpt lat="48.890971" lon="-121.550805">
        <ele>1207.9</ele>
        <time>2019-05-27T22:03:36Z</time>
      </trkpt>
      <trkpt lat="48.890994" lon="-121.550843">
        <ele>1203.9</ele>
        <time>2019-05-27T22:03:40Z</time>
      </trkpt>
      <trkpt lat="48.891015" lon="-121.550856">
        <ele>1203.1</ele>
        <time>2019-05-27T22:03:42Z</time>
      </trkpt>
      <trkpt lat="48.891072" lon="-121.550979">
        <ele>1202.2</ele>
        <time>2019-05-27T22:03:50Z</time>
      </trkpt>
      <trkpt lat="48.891115" lon="-121.551026">
        <ele>1202.0</ele>
        <time>2019-05-27T22:03:54Z</time>
      </trkpt>
      <trkpt lat="48.891211" lon="-121.551164">
        <ele>1201.6</ele>
        <time>2019-05-27T22:04:05Z</time>
      </trkpt>
      <trkpt lat="48.891228" lon="-121.551261">
        <ele>1203.6</ele>
        <time>2019-05-27T22:04:09Z</time>
      </trkpt>
      <trkpt lat="48.891228" lon="-121.551286">
        <ele>1204.3</ele>
        <time>2019-05-27T22:04:10Z</time>
      </trkpt>
      <trkpt lat="48.891258" lon="-121.551359">
        <ele>1207.0</ele>
        <time>2019-05-27T22:04:15Z</time>
      </trkpt>
      <trkpt lat="48.891298" lon="-121.551357">
        <ele>1209.2</ele>
        <time>2019-05-27T22:04:19Z</time>
      </trkpt>
      <trkpt lat="48.891321" lon="-121.551377">
        <ele>1209.8</ele>
        <time>2019-05-27T22:04:21Z</time>
      </trkpt>
      <trkpt lat="48.891359" lon="-121.551443">
        <ele>1211.6</ele>
        <time>2019-05-27T22:04:25Z</time>
      </trkpt>
      <trkpt lat="48.89139" lon="-121.551588">
        <ele>1209.0</ele>
        <time>2019-05-27T22:04:38Z</time>
      </trkpt>
      <trkpt lat="48.891427" lon="-121.551638">
        <ele>1204.0</ele>
        <time>2019-05-27T22:04:42Z</time>
      </trkpt>
      <trkpt lat="48.891456" lon="-121.551704">
        <ele>1201.9</ele>
        <time>2019-05-27T22:04:46Z</time>
      </trkpt>
      <trkpt lat="48.891498" lon="-121.551769">
        <ele>1199.1</ele>
        <time>2019-05-27T22:04:50Z</time>
      </trkpt>
      <trkpt lat="48.891516" lon="-121.551754">
        <ele>1199.1</ele>
        <time>2019-05-27T22:04:53Z</time>
      </trkpt>
      <trkpt lat="48.891526" lon="-121.55178">
        <ele>1200.3</ele>
        <time>2019-05-27T22:05:01Z</time>
      </trkpt>
      <trkpt lat="48.891548" lon="-121.551785">
        <ele>1199.3</ele>
        <time>2019-05-27T22:05:03Z</time>
      </trkpt>
      <trkpt lat="48.891544" lon="-121.551871">
        <ele>1199.4</ele>
        <time>2019-05-27T22:05:09Z</time>
      </trkpt>
      <trkpt lat="48.891546" lon="-121.551885">
        <ele>1199.1</ele>
        <time>2019-05-27T22:05:10Z</time>
      </trkpt>
      <trkpt lat="48.891593" lon="-121.552022">
        <ele>1199.9</ele>
        <time>2019-05-27T22:05:17Z</time>
      </trkpt>
      <trkpt lat="48.891652" lon="-121.552121">
        <ele>1200.5</ele>
        <time>2019-05-27T22:05:22Z</time>
      </trkpt>
      <trkpt lat="48.891678" lon="-121.552139">
        <ele>1197.1</ele>
        <time>2019-05-27T22:05:24Z</time>
      </trkpt>
      <trkpt lat="48.891716" lon="-121.55221">
        <ele>1197.1</ele>
        <time>2019-05-27T22:05:29Z</time>
      </trkpt>
      <trkpt lat="48.891744" lon="-121.55229">
        <ele>1194.9</ele>
        <time>2019-05-27T22:05:34Z</time>
      </trkpt>
      <trkpt lat="48.891783" lon="-121.552319">
        <ele>1192.0</ele>
        <time>2019-05-27T22:05:37Z</time>
      </trkpt>
      <trkpt lat="48.891803" lon="-121.55232">
        <ele>1191.7</ele>
        <time>2019-05-27T22:05:38Z</time>
      </trkpt>
      <trkpt lat="48.891844" lon="-121.552332">
        <ele>1191.6</ele>
        <time>2019-05-27T22:05:41Z</time>
      </trkpt>
      <trkpt lat="48.891869" lon="-121.552361">
        <ele>1193.9</ele>
        <time>2019-05-27T22:05:44Z</time>
      </trkpt>
      <trkpt lat="48.891923" lon="-121.55256">
        <ele>1197.0</ele>
        <time>2019-05-27T22:05:52Z</time>
      </trkpt>
      <trkpt lat="48.891929" lon="-121.552571">
        <ele>1194.7</ele>
        <time>2019-05-27T22:05:53Z</time>
      </trkpt>
      <trkpt lat="48.891989" lon="-121.552466">
        <ele>1189.5</ele>
        <time>2019-05-27T22:06:02Z</time>
      </trkpt>
      <trkpt lat="48.891999" lon="-121.552499">
        <ele>1186.2</ele>
        <time>2019-05-27T22:06:06Z</time>
      </trkpt>
      <trkpt lat="48.891989" lon="-121.552531">
        <ele>1183.9</ele>
        <time>2019-05-27T22:06:09Z</time>
      </trkpt>
      <trkpt lat="48.891963" lon="-121.552553">
        <ele>1182.9</ele>
        <time>2019-05-27T22:06:12Z</time>
      </trkpt>
      <trkpt lat="48.891957" lon="-121.552571">
        <ele>1182.6</ele>
        <time>2019-05-27T22:06:13Z</time>
      </trkpt>
      <trkpt lat="48.891958" lon="-121.552621">
        <ele>1181.6</ele>
        <time>2019-05-27T22:06:16Z</time>
      </trkpt>
      <trkpt lat="48.89199" lon="-121.552653">
        <ele>1180.9</ele>
        <time>2019-05-27T22:06:18Z</time>
      </trkpt>
      <trkpt lat="48.892085" lon="-121.552679">
        <ele>1179.3</ele>
        <time>2019-05-27T22:06:25Z</time>
      </trkpt>
      <trkpt lat="48.892108" lon="-121.552716">
        <ele>1178.7</ele>
        <time>2019-05-27T22:06:27Z</time>
      </trkpt>
      <trkpt lat="48.892176" lon="-121.552792">
        <ele>1175.2</ele>
        <time>2019-05-27T22:06:34Z</time>
      </trkpt>
      <trkpt lat="48.892253" lon="-121.552854">
        <ele>1179.7</ele>
        <time>2019-05-27T22:06:42Z</time>
      </trkpt>
      <trkpt lat="48.892266" lon="-121.552872">
        <ele>1181.2</ele>
        <time>2019-05-27T22:06:44Z</time>
      </trkpt>
      <trkpt lat="48.892292" lon="-121.552878">
        <ele>1182.8</ele>
        <time>2019-05-27T22:06:47Z</time>
      </trkpt>
      <trkpt lat="48.892323" lon="-121.553004">
        <ele>1179.6</ele>
        <time>2019-05-27T22:06:58Z</time>
      </trkpt>
      <trkpt lat="48.892376" lon="-121.553146">
        <ele>1179.4</ele>
        <time>2019-05-27T22:07:05Z</time>
      </trkpt>
      <trkpt lat="48.892418" lon="-121.553206">
        <ele>1178.5</ele>
        <time>2019-05-27T22:07:10Z</time>
      </trkpt>
      <trkpt lat="48.89248" lon="-121.553212">
        <ele>1176.0</ele>
        <time>2019-05-27T22:07:15Z</time>
      </trkpt>
      <trkpt lat="48.892525" lon="-121.553253">
        <ele>1176.7</ele>
        <time>2019-05-27T22:07:18Z</time>
      </trkpt>
      <trkpt lat="48.892533" lon="-121.553265">
        <ele>1177.7</ele>
        <time>2019-05-27T22:07:19Z</time>
      </trkpt>
      <trkpt lat="48.892561" lon="-121.553284">
        <ele>1177.1</ele>
        <time>2019-05-27T22:07:21Z</time>
      </trkpt>
      <trkpt lat="48.892604" lon="-121.553381">
        <ele>1180.7</ele>
        <time>2019-05-27T22:07:26Z</time>
      </trkpt>
      <trkpt lat="48.892647" lon="-121.553448">
        <ele>1182.7</ele>
        <time>2019-05-27T22:07:31Z</time>
      </trkpt>
      <trkpt lat="48.89263" lon="-121.553479">
        <ele>1181.8</ele>
        <time>2019-05-27T22:07:36Z</time>
      </trkpt>
      <trkpt lat="48.892636" lon="-121.553544">
        <ele>1182.6</ele>
        <time>2019-05-27T22:07:40Z</time>
      </trkpt>
      <trkpt lat="48.89262" lon="-121.553602">
        <ele>1183.4</ele>
        <time>2019-05-27T22:07:43Z</time>
      </trkpt>
      <trkpt lat="48.892632" lon="-121.553643">
        <ele>1183.7</ele>
        <time>2019-05-27T22:07:45Z</time>
      </trkpt>
      <trkpt lat="48.892759" lon="-121.553759">
        <ele>1185.9</ele>
        <time>2019-05-27T22:07:54Z</time>
      </trkpt>
      <trkpt lat="48.892794" lon="-121.553842">
        <ele>1183.4</ele>
        <time>2019-05-27T22:07:58Z</time>
      </trkpt>
      <trkpt lat="48.89284" lon="-121.553883">
        <ele>1182.2</ele>
        <time>2019-05-27T22:08:03Z</time>
      </trkpt>
      <trkpt lat="48.89285" lon="-121.553919">
        <ele>1183.4</ele>
        <time>2019-05-27T22:08:06Z</time>
      </trkpt>
      <trkpt lat="48.892847" lon="-121.553958">
        <ele>1183.7</ele>
        <time>2019-05-27T22:08:09Z</time>
      </trkpt>
      <trkpt lat="48.89286" lon="-121.553988">
        <ele>1183.9</ele>
        <time>2019-05-27T22:08:10Z</time>
      </trkpt>
      <trkpt lat="48.892933" lon="-121.554053">
        <ele>1182.2</ele>
        <time>2019-05-27T22:08:17Z</time>
      </trkpt>
      <trkpt lat="48.892971" lon="-121.554105">
        <ele>1183.7</ele>
        <time>2019-05-27T22:08:20Z</time>
      </trkpt>
      <trkpt lat="48.892987" lon="-121.554137">
        <ele>1184.4</ele>
        <time>2019-05-27T22:08:22Z</time>
      </trkpt>
      <trkpt lat="48.892993" lon="-121.554199">
        <ele>1185.6</ele>
        <time>2019-05-27T22:08:25Z</time>
      </trkpt>
      <trkpt lat="48.893006" lon="-121.554233">
        <ele>1185.6</ele>
        <time>2019-05-27T22:08:27Z</time>
      </trkpt>
      <trkpt lat="48.893036" lon="-121.55427">
        <ele>1184.9</ele>
        <time>2019-05-27T22:08:30Z</time>
      </trkpt>
      <trkpt lat="48.893067" lon="-121.554337">
        <ele>1186.8</ele>
        <time>2019-05-27T22:08:34Z</time>
      </trkpt>
      <trkpt lat="48.893087" lon="-121.554336">
        <ele>1184.9</ele>
        <time>2019-05-27T22:08:36Z</time>
      </trkpt>
      <trkpt lat="48.893116" lon="-121.554379">
        <ele>1184.8</ele>
        <time>2019-05-27T22:08:39Z</time>
      </trkpt>
      <trkpt lat="48.893138" lon="-121.554486">
        <ele>1185.8</ele>
        <time>2019-05-27T22:08:46Z</time>
      </trkpt>
      <trkpt lat="48.893166" lon="-121.554543">
        <ele>1185.6</ele>
        <time>2019-05-27T22:08:50Z</time>
      </trkpt>
      <trkpt lat="48.893221" lon="-121.554576">
        <ele>1185.2</ele>
        <time>2019-05-27T22:08:54Z</time>
      </trkpt>
      <trkpt lat="48.893257" lon="-121.554583">
        <ele>1186.5</ele>
        <time>2019-05-27T22:08:57Z</time>
      </trkpt>
      <trkpt lat="48.893276" lon="-121.554608">
        <ele>1185.6</ele>
        <time>2019-05-27T22:08:59Z</time>
      </trkpt>
      <trkpt lat="48.893328" lon="-121.554627">
        <ele>1181.6</ele>
        <time>2019-05-27T22:09:04Z</time>
      </trkpt>
      <trkpt lat="48.893362" lon="-121.554665">
        <ele>1181.0</ele>
        <time>2019-05-27T22:09:10Z</time>
      </trkpt>
      <trkpt lat="48.893365" lon="-121.554701">
        <ele>1182.1</ele>
        <time>2019-05-27T22:09:13Z</time>
      </trkpt>
      <trkpt lat="48.893342" lon="-121.554766">
        <ele>1182.3</ele>
        <time>2019-05-27T22:09:17Z</time>
      </trkpt>
      <trkpt lat="48.893308" lon="-121.554802">
        <ele>1175.6</ele>
        <time>2019-05-27T22:09:23Z</time>
      </trkpt>
      <trkpt lat="48.893289" lon="-121.554866">
        <ele>1175.5</ele>
        <time>2019-05-27T22:09:26Z</time>
      </trkpt>
      <trkpt lat="48.89329" lon="-121.554897">
        <ele>1174.7</ele>
        <time>2019-05-27T22:09:28Z</time>
      </trkpt>
      <trkpt lat="48.893304" lon="-121.554932">
        <ele>1173.6</ele>
        <time>2019-05-27T22:09:30Z</time>
      </trkpt>
      <trkpt lat="48.893326" lon="-121.55494">
        <ele>1173.1</ele>
        <time>2019-05-27T22:09:32Z</time>
      </trkpt>
      <trkpt lat="48.893353" lon="-121.555013">
        <ele>1180.9</ele>
        <time>2019-05-27T22:09:36Z</time>
      </trkpt>
      <trkpt lat="48.893378" lon="-121.555047">
        <ele>1180.9</ele>
        <time>2019-05-27T22:09:39Z</time>
      </trkpt>
      <trkpt lat="48.89338" lon="-121.555067">
        <ele>1180.8</ele>
        <time>2019-05-27T22:09:40Z</time>
      </trkpt>
      <trkpt lat="48.893366" lon="-121.555126">
        <ele>1178.8</ele>
        <time>2019-05-27T22:09:43Z</time>
      </trkpt>
      <trkpt lat="48.893329" lon="-121.555204">
        <ele>1178.5</ele>
        <time>2019-05-27T22:09:48Z</time>
      </trkpt>
      <trkpt lat="48.893313" lon="-121.555231">
        <ele>1181.8</ele>
        <time>2019-05-27T22:10:00Z</time>
      </trkpt>
      <trkpt lat="48.89333" lon="-121.555265">
        <ele>1183.2</ele>
        <time>2019-05-27T22:10:02Z</time>
      </trkpt>
      <trkpt lat="48.893372" lon="-121.555301">
        <ele>1182.4</ele>
        <time>2019-05-27T22:10:19Z</time>
      </trkpt>
      <trkpt lat="48.893376" lon="-121.55538">
        <ele>1179.6</ele>
        <time>2019-05-27T22:10:23Z</time>
      </trkpt>
      <trkpt lat="48.893391" lon="-121.555464">
        <ele>1182.0</ele>
        <time>2019-05-27T22:10:29Z</time>
      </trkpt>
      <trkpt lat="48.89338" lon="-121.555634">
        <ele>1184.4</ele>
        <time>2019-05-27T22:10:37Z</time>
      </trkpt>
      <trkpt lat="48.893385" lon="-121.555653">
        <ele>1184.5</ele>
        <time>2019-05-27T22:10:38Z</time>
      </trkpt>
      <trkpt lat="48.893416" lon="-121.555716">
        <ele>1182.5</ele>
        <time>2019-05-27T22:10:42Z</time>
      </trkpt>
      <trkpt lat="48.89346" lon="-121.55587">
        <ele>1184.0</ele>
        <time>2019-05-27T22:10:51Z</time>
      </trkpt>
      <trkpt lat="48.893481" lon="-121.55588">
        <ele>1182.5</ele>
        <time>2019-05-27T22:10:53Z</time>
      </trkpt>
      <trkpt lat="48.893509" lon="-121.555882">
        <ele>1182.2</ele>
        <time>2019-05-27T22:10:56Z</time>
      </trkpt>
      <trkpt lat="48.893522" lon="-121.555874">
        <ele>1181.9</ele>
        <time>2019-05-27T22:10:57Z</time>
      </trkpt>
      <trkpt lat="48.893549" lon="-121.555823">
        <ele>1181.0</ele>
        <time>2019-05-27T22:11:00Z</time>
      </trkpt>
      <trkpt lat="48.893572" lon="-121.555811">
        <ele>1180.0</ele>
        <time>2019-05-27T22:11:02Z</time>
      </trkpt>
      <trkpt lat="48.893625" lon="-121.555841">
        <ele>1181.3</ele>
        <time>2019-05-27T22:11:05Z</time>
      </trkpt>
      <trkpt lat="48.89364" lon="-121.555861">
        <ele>1182.4</ele>
        <time>2019-05-27T22:11:06Z</time>
      </trkpt>
      <trkpt lat="48.89368" lon="-121.555938">
        <ele>1183.2</ele>
        <time>2019-05-27T22:11:10Z</time>
      </trkpt>
      <trkpt lat="48.893737" lon="-121.556008">
        <ele>1179.6</ele>
        <time>2019-05-27T22:11:15Z</time>
      </trkpt>
      <trkpt lat="48.893747" lon="-121.55605">
        <ele>1178.9</ele>
        <time>2019-05-27T22:11:17Z</time>
      </trkpt>
      <trkpt lat="48.893775" lon="-121.556129">
        <ele>1179.0</ele>
        <time>2019-05-27T22:11:22Z</time>
      </trkpt>
      <trkpt lat="48.893798" lon="-121.556273">
        <ele>1183.0</ele>
        <time>2019-05-27T22:11:30Z</time>
      </trkpt>
      <trkpt lat="48.893803" lon="-121.556367">
        <ele>1182.4</ele>
        <time>2019-05-27T22:11:34Z</time>
      </trkpt>
      <trkpt lat="48.893827" lon="-121.556451">
        <ele>1182.5</ele>
        <time>2019-05-27T22:11:38Z</time>
      </trkpt>
      <trkpt lat="48.89387" lon="-121.556515">
        <ele>1180.0</ele>
        <time>2019-05-27T22:11:44Z</time>
      </trkpt>
      <trkpt lat="48.893881" lon="-121.556557">
        <ele>1179.9</ele>
        <time>2019-05-27T22:11:46Z</time>
      </trkpt>
      <trkpt lat="48.893928" lon="-121.556608">
        <ele>1177.8</ele>
        <time>2019-05-27T22:11:52Z</time>
      </trkpt>
      <trkpt lat="48.893933" lon="-121.556721">
        <ele>1181.6</ele>
        <time>2019-05-27T22:11:57Z</time>
      </trkpt>
      <trkpt lat="48.893958" lon="-121.556744">
        <ele>1178.7</ele>
        <time>2019-05-27T22:11:59Z</time>
      </trkpt>
      <trkpt lat="48.893983" lon="-121.556738">
        <ele>1177.3</ele>
        <time>2019-05-27T22:12:01Z</time>
      </trkpt>
      <trkpt lat="48.893995" lon="-121.556753">
        <ele>1179.4</ele>
        <time>2019-05-27T22:12:03Z</time>
      </trkpt>
      <trkpt lat="48.89402" lon="-121.556804">
        <ele>1181.2</ele>
        <time>2019-05-27T22:12:07Z</time>
      </trkpt>
      <trkpt lat="48.894047" lon="-121.556916">
        <ele>1180.7</ele>
        <time>2019-05-27T22:12:13Z</time>
      </trkpt>
      <trkpt lat="48.894053" lon="-121.556928">
        <ele>1180.5</ele>
        <time>2019-05-27T22:12:14Z</time>
      </trkpt>
      <trkpt lat="48.894107" lon="-121.557005">
        <ele>1178.4</ele>
        <time>2019-05-27T22:12:20Z</time>
      </trkpt>
      <trkpt lat="48.894145" lon="-121.557036">
        <ele>1177.7</ele>
        <time>2019-05-27T22:12:24Z</time>
      </trkpt>
      <trkpt lat="48.89418" lon="-121.557111">
        <ele>1176.8</ele>
        <time>2019-05-27T22:12:29Z</time>
      </trkpt>
      <trkpt lat="48.894213" lon="-121.557147">
        <ele>1174.9</ele>
        <time>2019-05-27T22:12:33Z</time>
      </trkpt>
      <trkpt lat="48.894255" lon="-121.557257">
        <ele>1176.9</ele>
        <time>2019-05-27T22:12:40Z</time>
      </trkpt>
      <trkpt lat="48.894267" lon="-121.557324">
        <ele>1179.3</ele>
        <time>2019-05-27T22:12:44Z</time>
      </trkpt>
      <trkpt lat="48.894273" lon="-121.557333">
        <ele>1179.4</ele>
        <time>2019-05-27T22:12:45Z</time>
      </trkpt>
      <trkpt lat="48.894299" lon="-121.557336">
        <ele>1178.9</ele>
        <time>2019-05-27T22:12:48Z</time>
      </trkpt>
      <trkpt lat="48.894312" lon="-121.557361">
        <ele>1179.6</ele>
        <time>2019-05-27T22:12:51Z</time>
      </trkpt>
      <trkpt lat="48.894316" lon="-121.557434">
        <ele>1179.9</ele>
        <time>2019-05-27T22:12:55Z</time>
      </trkpt>
      <trkpt lat="48.894345" lon="-121.557491">
        <ele>1181.5</ele>
        <time>2019-05-27T22:12:59Z</time>
      </trkpt>
      <trkpt lat="48.894359" lon="-121.557547">
        <ele>1180.3</ele>
        <time>2019-05-27T22:13:02Z</time>
      </trkpt>
      <trkpt lat="48.894414" lon="-121.557649">
        <ele>1179.0</ele>
        <time>2019-05-27T22:13:09Z</time>
      </trkpt>
      <trkpt lat="48.894492" lon="-121.557642">
        <ele>1174.0</ele>
        <time>2019-05-27T22:13:15Z</time>
      </trkpt>
      <trkpt lat="48.89456" lon="-121.557673">
        <ele>1173.3</ele>
        <time>2019-05-27T22:13:20Z</time>
      </trkpt>
      <trkpt lat="48.894581" lon="-121.557696">
        <ele>1173.1</ele>
        <time>2019-05-27T22:13:23Z</time>
      </trkpt>
      <trkpt lat="48.894612" lon="-121.557752">
        <ele>1178.1</ele>
        <time>2019-05-27T22:13:27Z</time>
      </trkpt>
      <trkpt lat="48.894623" lon="-121.557807">
        <ele>1180.1</ele>
        <time>2019-05-27T22:13:30Z</time>
      </trkpt>
      <trkpt lat="48.894628" lon="-121.557886">
        <ele>1180.5</ele>
        <time>2019-05-27T22:13:34Z</time>
      </trkpt>
      <trkpt lat="48.894648" lon="-121.55795">
        <ele>1179.4</ele>
        <time>2019-05-27T22:13:38Z</time>
      </trkpt>
      <trkpt lat="48.894663" lon="-121.557979">
        <ele>1179.2</ele>
        <time>2019-05-27T22:13:40Z</time>
      </trkpt>
      <trkpt lat="48.894728" lon="-121.558047">
        <ele>1174.4</ele>
        <time>2019-05-27T22:13:50Z</time>
      </trkpt>
      <trkpt lat="48.894751" lon="-121.558087">
        <ele>1177.2</ele>
        <time>2019-05-27T22:13:55Z</time>
      </trkpt>
      <trkpt lat="48.89475" lon="-121.558169">
        <ele>1182.2</ele>
        <time>2019-05-27T22:13:59Z</time>
      </trkpt>
      <trkpt lat="48.894782" lon="-121.558256">
        <ele>1183.0</ele>
        <time>2019-05-27T22:14:04Z</time>
      </trkpt>
      <trkpt lat="48.894821" lon="-121.558304">
        <ele>1185.3</ele>
        <time>2019-05-27T22:14:08Z</time>
      </trkpt>
      <trkpt lat="48.894844" lon="-121.558362">
        <ele>1187.3</ele>
        <time>2019-05-27T22:14:12Z</time>
      </trkpt>
      <trkpt lat="48.894889" lon="-121.558364">
        <ele>1188.3</ele>
        <time>2019-05-27T22:14:17Z</time>
      </trkpt>
      <trkpt lat="48.894906" lon="-121.558387">
        <ele>1187.1</ele>
        <time>2019-05-27T22:14:20Z</time>
      </trkpt>
      <trkpt lat="48.894926" lon="-121.558455">
        <ele>1187.0</ele>
        <time>2019-05-27T22:14:25Z</time>
      </trkpt>
      <trkpt lat="48.894973" lon="-121.55849">
        <ele>1187.1</ele>
        <time>2019-05-27T22:14:29Z</time>
      </trkpt>
      <trkpt lat="48.895" lon="-121.558583">
        <ele>1188.6</ele>
        <time>2019-05-27T22:14:33Z</time>
      </trkpt>
      <trkpt lat="48.895034" lon="-121.558657">
        <ele>1187.0</ele>
        <time>2019-05-27T22:14:38Z</time>
      </trkpt>
      <trkpt lat="48.895026" lon="-121.558854">
        <ele>1189.6</ele>
        <time>2019-05-27T22:14:49Z</time>
      </trkpt>
      <trkpt lat="48.895051" lon="-121.558929">
        <ele>1188.8</ele>
        <time>2019-05-27T22:14:53Z</time>
      </trkpt>
      <trkpt lat="48.895056" lon="-121.559004">
        <ele>1189.5</ele>
        <time>2019-05-27T22:14:57Z</time>
      </trkpt>
      <trkpt lat="48.895082" lon="-121.559118">
        <ele>1190.2</ele>
        <time>2019-05-27T22:15:04Z</time>
      </trkpt>
      <trkpt lat="48.895097" lon="-121.559149">
        <ele>1190.5</ele>
        <time>2019-05-27T22:15:06Z</time>
      </trkpt>
      <trkpt lat="48.895138" lon="-121.559177">
        <ele>1189.2</ele>
        <time>2019-05-27T22:15:10Z</time>
      </trkpt>
      <trkpt lat="48.895165" lon="-121.559215">
        <ele>1189.3</ele>
        <time>2019-05-27T22:15:13Z</time>
      </trkpt>
      <trkpt lat="48.895211" lon="-121.55926">
        <ele>1188.0</ele>
        <time>2019-05-27T22:15:17Z</time>
      </trkpt>
      <trkpt lat="48.895242" lon="-121.559361">
        <ele>1190.7</ele>
        <time>2019-05-27T22:15:23Z</time>
      </trkpt>
      <trkpt lat="48.895257" lon="-121.55946">
        <ele>1191.2</ele>
        <time>2019-05-27T22:15:28Z</time>
      </trkpt>
      <trkpt lat="48.895267" lon="-121.559477">
        <ele>1190.5</ele>
        <time>2019-05-27T22:15:29Z</time>
      </trkpt>
      <trkpt lat="48.895288" lon="-121.559545">
        <ele>1188.8</ele>
        <time>2019-05-27T22:15:33Z</time>
      </trkpt>
      <trkpt lat="48.895324" lon="-121.559608">
        <ele>1189.3</ele>
        <time>2019-05-27T22:15:37Z</time>
      </trkpt>
      <trkpt lat="48.895331" lon="-121.559688">
        <ele>1189.5</ele>
        <time>2019-05-27T22:15:41Z</time>
      </trkpt>
      <trkpt lat="48.895338" lon="-121.559706">
        <ele>1188.9</ele>
        <time>2019-05-27T22:15:42Z</time>
      </trkpt>
      <trkpt lat="48.895466" lon="-121.559917">
        <ele>1188.8</ele>
        <time>2019-05-27T22:16:01Z</time>
      </trkpt>
      <trkpt lat="48.895495" lon="-121.559933">
        <ele>1187.8</ele>
        <time>2019-05-27T22:16:04Z</time>
      </trkpt>
      <trkpt lat="48.895549" lon="-121.560112">
        <ele>1191.4</ele>
        <time>2019-05-27T22:16:17Z</time>
      </trkpt>
      <trkpt lat="48.89555" lon="-121.560125">
        <ele>1192.0</ele>
        <time>2019-05-27T22:16:18Z</time>
      </trkpt>
      <trkpt lat="48.895538" lon="-121.560175">
        <ele>1194.3</ele>
        <time>2019-05-27T22:16:27Z</time>
      </trkpt>
      <trkpt lat="48.895556" lon="-121.5602">
        <ele>1194.1</ele>
        <time>2019-05-27T22:16:31Z</time>
      </trkpt>
      <trkpt lat="48.895616" lon="-121.560243">
        <ele>1191.0</ele>
        <time>2019-05-27T22:16:38Z</time>
      </trkpt>
      <trkpt lat="48.895633" lon="-121.560271">
        <ele>1192.4</ele>
        <time>2019-05-27T22:16:40Z</time>
      </trkpt>
      <trkpt lat="48.895637" lon="-121.560297">
        <ele>1191.5</ele>
        <time>2019-05-27T22:16:42Z</time>
      </trkpt>
      <trkpt lat="48.895626" lon="-121.560331">
        <ele>1194.0</ele>
        <time>2019-05-27T22:16:43Z</time>
      </trkpt>
      <trkpt lat="48.895622" lon="-121.560363">
        <ele>1193.3</ele>
        <time>2019-05-27T22:16:44Z</time>
      </trkpt>
      <trkpt lat="48.89563" lon="-121.560436">
        <ele>1193.2</ele>
        <time>2019-05-27T22:16:48Z</time>
      </trkpt>
      <trkpt lat="48.895588" lon="-121.560604">
        <ele>1194.1</ele>
        <time>2019-05-27T22:17:00Z</time>
      </trkpt>
      <trkpt lat="48.895574" lon="-121.560625">
        <ele>1194.8</ele>
        <time>2019-05-27T22:17:01Z</time>
      </trkpt>
      <trkpt lat="48.895551" lon="-121.560682">
        <ele>1191.8</ele>
        <time>2019-05-27T22:17:04Z</time>
      </trkpt>
      <trkpt lat="48.895563" lon="-121.56078">
        <ele>1190.0</ele>
        <time>2019-05-27T22:17:10Z</time>
      </trkpt>
      <trkpt lat="48.895586" lon="-121.560836">
        <ele>1190.0</ele>
        <time>2019-05-27T22:17:15Z</time>
      </trkpt>
      <trkpt lat="48.895603" lon="-121.560846">
        <ele>1188.5</ele>
        <time>2019-05-27T22:17:17Z</time>
      </trkpt>
      <trkpt lat="48.895628" lon="-121.56083">
        <ele>1188.3</ele>
        <time>2019-05-27T22:17:19Z</time>
      </trkpt>
      <trkpt lat="48.89568" lon="-121.560786">
        <ele>1186.2</ele>
        <time>2019-05-27T22:17:24Z</time>
      </trkpt>
      <trkpt lat="48.895673" lon="-121.56082">
        <ele>1186.8</ele>
        <time>2019-05-27T22:17:38Z</time>
      </trkpt>
      <trkpt lat="48.895687" lon="-121.560896">
        <ele>1191.0</ele>
        <time>2019-05-27T22:18:17Z</time>
      </trkpt>
      <trkpt lat="48.895668" lon="-121.560963">
        <ele>1187.7</ele>
        <time>2019-05-27T22:18:37Z</time>
      </trkpt>
      <trkpt lat="48.895646" lon="-121.56099">
        <ele>1189.0</ele>
        <time>2019-05-27T22:18:39Z</time>
      </trkpt>
      <trkpt lat="48.8956" lon="-121.561236">
        <ele>1186.2</ele>
        <time>2019-05-27T22:18:50Z</time>
      </trkpt>
      <trkpt lat="48.895607" lon="-121.561301">
        <ele>1184.7</ele>
        <time>2019-05-27T22:18:53Z</time>
      </trkpt>
      <trkpt lat="48.895625" lon="-121.561326">
        <ele>1184.3</ele>
        <time>2019-05-27T22:18:55Z</time>
      </trkpt>
      <trkpt lat="48.895611" lon="-121.561427">
        <ele>1182.8</ele>
        <time>2019-05-27T22:19:02Z</time>
      </trkpt>
      <trkpt lat="48.895613" lon="-121.561456">
        <ele>1182.0</ele>
        <time>2019-05-27T22:19:04Z</time>
      </trkpt>
      <trkpt lat="48.895703" lon="-121.561511">
        <ele>1179.0</ele>
        <time>2019-05-27T22:19:10Z</time>
      </trkpt>
      <trkpt lat="48.895726" lon="-121.561556">
        <ele>1179.2</ele>
        <time>2019-05-27T22:19:13Z</time>
      </trkpt>
      <trkpt lat="48.895789" lon="-121.561605">
        <ele>1181.5</ele>
        <time>2019-05-27T22:19:19Z</time>
      </trkpt>
      <trkpt lat="48.895877" lon="-121.561762">
        <ele>1178.8</ele>
        <time>2019-05-27T22:19:28Z</time>
      </trkpt>
      <trkpt lat="48.89593" lon="-121.561772">
        <ele>1180.8</ele>
        <time>2019-05-27T22:19:31Z</time>
      </trkpt>
      <trkpt lat="48.895939" lon="-121.561783">
        <ele>1182.6</ele>
        <time>2019-05-27T22:19:32Z</time>
      </trkpt>
      <trkpt lat="48.895967" lon="-121.561911">
        <ele>1183.7</ele>
        <time>2019-05-27T22:19:39Z</time>
      </trkpt>
      <trkpt lat="48.895955" lon="-121.562018">
        <ele>1185.9</ele>
        <time>2019-05-27T22:19:43Z</time>
      </trkpt>
      <trkpt lat="48.895938" lon="-121.562126">
        <ele>1184.3</ele>
        <time>2019-05-27T22:19:48Z</time>
      </trkpt>
      <trkpt lat="48.895956" lon="-121.562224">
        <ele>1182.8</ele>
        <time>2019-05-27T22:19:53Z</time>
      </trkpt>
      <trkpt lat="48.89595" lon="-121.562276">
        <ele>1183.2</ele>
        <time>2019-05-27T22:19:55Z</time>
      </trkpt>
      <trkpt lat="48.895965" lon="-121.56248">
        <ele>1183.9</ele>
        <time>2019-05-27T22:20:06Z</time>
      </trkpt>
      <trkpt lat="48.895981" lon="-121.562542">
        <ele>1182.1</ele>
        <time>2019-05-27T22:20:10Z</time>
      </trkpt>
      <trkpt lat="48.896023" lon="-121.562598">
        <ele>1181.3</ele>
        <time>2019-05-27T22:20:14Z</time>
      </trkpt>
      <trkpt lat="48.896036" lon="-121.562702">
        <ele>1182.1</ele>
        <time>2019-05-27T22:20:18Z</time>
      </trkpt>
      <trkpt lat="48.896034" lon="-121.5628">
        <ele>1180.1</ele>
        <time>2019-05-27T22:20:23Z</time>
      </trkpt>
      <trkpt lat="48.896069" lon="-121.562941">
        <ele>1180.8</ele>
        <time>2019-05-27T22:20:29Z</time>
      </trkpt>
      <trkpt lat="48.896071" lon="-121.562966">
        <ele>1180.2</ele>
        <time>2019-05-27T22:20:30Z</time>
      </trkpt>
      <trkpt lat="48.896085" lon="-121.563049">
        <ele>1179.5</ele>
        <time>2019-05-27T22:20:34Z</time>
      </trkpt>
      <trkpt lat="48.896078" lon="-121.563143">
        <ele>1178.8</ele>
        <time>2019-05-27T22:20:37Z</time>
      </trkpt>
      <trkpt lat="48.89609" lon="-121.563223">
        <ele>1179.0</ele>
        <time>2019-05-27T22:20:40Z</time>
      </trkpt>
      <trkpt lat="48.896101" lon="-121.563242">
        <ele>1176.9</ele>
        <time>2019-05-27T22:20:41Z</time>
      </trkpt>
      <trkpt lat="48.896137" lon="-121.563393">
        <ele>1177.1</ele>
        <time>2019-05-27T22:20:48Z</time>
      </trkpt>
      <trkpt lat="48.896133" lon="-121.563471">
        <ele>1176.2</ele>
        <time>2019-05-27T22:20:54Z</time>
      </trkpt>
      <trkpt lat="48.896138" lon="-121.563492">
        <ele>1175.7</ele>
        <time>2019-05-27T22:20:55Z</time>
      </trkpt>
      <trkpt lat="48.896122" lon="-121.563666">
        <ele>1177.0</ele>
        <time>2019-05-27T22:21:02Z</time>
      </trkpt>
      <trkpt lat="48.896126" lon="-121.563724">
        <ele>1174.7</ele>
        <time>2019-05-27T22:21:05Z</time>
      </trkpt>
      <trkpt lat="48.896144" lon="-121.56379">
        <ele>1174.3</ele>
        <time>2019-05-27T22:21:08Z</time>
      </trkpt>
      <trkpt lat="48.896203" lon="-121.563856">
        <ele>1174.3</ele>
        <time>2019-05-27T22:21:12Z</time>
      </trkpt>
      <trkpt lat="48.896224" lon="-121.563931">
        <ele>1179.4</ele>
        <time>2019-05-27T22:21:15Z</time>
      </trkpt>
      <trkpt lat="48.89624" lon="-121.564082">
        <ele>1176.2</ele>
        <time>2019-05-27T22:21:21Z</time>
      </trkpt>
      <trkpt lat="48.896301" lon="-121.564169">
        <ele>1173.6</ele>
        <time>2019-05-27T22:21:27Z</time>
      </trkpt>
      <trkpt lat="48.896295" lon="-121.564225">
        <ele>1175.3</ele>
        <time>2019-05-27T22:21:30Z</time>
      </trkpt>
      <trkpt lat="48.896227" lon="-121.564414">
        <ele>1176.0</ele>
        <time>2019-05-27T22:21:39Z</time>
      </trkpt>
      <trkpt lat="48.896215" lon="-121.564431">
        <ele>1177.6</ele>
        <time>2019-05-27T22:21:40Z</time>
      </trkpt>
      <trkpt lat="48.896162" lon="-121.564539">
        <ele>1177.3</ele>
        <time>2019-05-27T22:21:45Z</time>
      </trkpt>
      <trkpt lat="48.896154" lon="-121.564588">
        <ele>1176.2</ele>
        <time>2019-05-27T22:21:47Z</time>
      </trkpt>
      <trkpt lat="48.896181" lon="-121.564627">
        <ele>1172.8</ele>
        <time>2019-05-27T22:21:50Z</time>
      </trkpt>
      <trkpt lat="48.89618" lon="-121.564692">
        <ele>1171.7</ele>
        <time>2019-05-27T22:21:54Z</time>
      </trkpt>
      <trkpt lat="48.896173" lon="-121.56471">
        <ele>1173.1</ele>
        <time>2019-05-27T22:21:55Z</time>
      </trkpt>
      <trkpt lat="48.896161" lon="-121.564776">
        <ele>1172.7</ele>
        <time>2019-05-27T22:21:58Z</time>
      </trkpt>
      <trkpt lat="48.896165" lon="-121.564889">
        <ele>1167.8</ele>
        <time>2019-05-27T22:22:05Z</time>
      </trkpt>
      <trkpt lat="48.896206" lon="-121.56493">
        <ele>1166.6</ele>
        <time>2019-05-27T22:22:09Z</time>
      </trkpt>
      <trkpt lat="48.896223" lon="-121.565">
        <ele>1166.8</ele>
        <time>2019-05-27T22:22:13Z</time>
      </trkpt>
      <trkpt lat="48.896251" lon="-121.56503">
        <ele>1165.4</ele>
        <time>2019-05-27T22:22:16Z</time>
      </trkpt>
      <trkpt lat="48.896266" lon="-121.565023">
        <ele>1166.3</ele>
        <time>2019-05-27T22:22:18Z</time>
      </trkpt>
      <trkpt lat="48.896308" lon="-121.565073">
        <ele>1170.4</ele>
        <time>2019-05-27T22:22:42Z</time>
      </trkpt>
      <trkpt lat="48.896362" lon="-121.565169">
        <ele>1169.0</ele>
        <time>2019-05-27T22:22:57Z</time>
      </trkpt>
      <trkpt lat="48.896404" lon="-121.565146">
        <ele>1165.9</ele>
        <time>2019-05-27T22:23:01Z</time>
      </trkpt>
      <trkpt lat="48.896425" lon="-121.56523">
        <ele>1163.1</ele>
        <time>2019-05-27T22:23:09Z</time>
      </trkpt>
      <trkpt lat="48.896474" lon="-121.565311">
        <ele>1162.3</ele>
        <time>2019-05-27T22:23:15Z</time>
      </trkpt>
      <trkpt lat="48.896472" lon="-121.565545">
        <ele>1162.9</ele>
        <time>2019-05-27T22:23:24Z</time>
      </trkpt>
      <trkpt lat="48.896493" lon="-121.565732">
        <ele>1163.6</ele>
        <time>2019-05-27T22:23:33Z</time>
      </trkpt>
      <trkpt lat="48.896498" lon="-121.565841">
        <ele>1163.1</ele>
        <time>2019-05-27T22:23:38Z</time>
      </trkpt>
      <trkpt lat="48.896654" lon="-121.565865">
        <ele>1147.5</ele>
        <time>2019-05-27T22:23:46Z</time>
      </trkpt>
      <trkpt lat="48.896708" lon="-121.565838">
        <ele>1144.5</ele>
        <time>2019-05-27T22:23:48Z</time>
      </trkpt>
      <trkpt lat="48.896787" lon="-121.565841">
        <ele>1141.2</ele>
        <time>2019-05-27T22:23:52Z</time>
      </trkpt>
      <trkpt lat="48.896833" lon="-121.565834">
        <ele>1139.4</ele>
        <time>2019-05-27T22:23:55Z</time>
      </trkpt>
      <trkpt lat="48.896894" lon="-121.565898">
        <ele>1143.2</ele>
        <time>2019-05-27T22:24:00Z</time>
      </trkpt>
      <trkpt lat="48.896908" lon="-121.565956">
        <ele>1145.9</ele>
        <time>2019-05-27T22:24:02Z</time>
      </trkpt>
      <trkpt lat="48.89691" lon="-121.565988">
        <ele>1146.5</ele>
        <time>2019-05-27T22:24:03Z</time>
      </trkpt>
      <trkpt lat="48.896892" lon="-121.56617">
        <ele>1148.6</ele>
        <time>2019-05-27T22:24:09Z</time>
      </trkpt>
      <trkpt lat="48.896925" lon="-121.566211">
        <ele>1144.7</ele>
        <time>2019-05-27T22:24:13Z</time>
      </trkpt>
      <trkpt lat="48.896987" lon="-121.566213">
        <ele>1141.8</ele>
        <time>2019-05-27T22:24:18Z</time>
      </trkpt>
      <trkpt lat="48.897033" lon="-121.566228">
        <ele>1141.8</ele>
        <time>2019-05-27T22:24:22Z</time>
      </trkpt>
      <trkpt lat="48.897031" lon="-121.566318">
        <ele>1148.8</ele>
        <time>2019-05-27T22:24:26Z</time>
      </trkpt>
      <trkpt lat="48.897109" lon="-121.566492">
        <ele>1149.2</ele>
        <time>2019-05-27T22:24:36Z</time>
      </trkpt>
      <trkpt lat="48.897117" lon="-121.566606">
        <ele>1153.5</ele>
        <time>2019-05-27T22:24:41Z</time>
      </trkpt>
      <trkpt lat="48.897177" lon="-121.56674">
        <ele>1152.2</ele>
        <time>2019-05-27T22:24:49Z</time>
      </trkpt>
      <trkpt lat="48.897189" lon="-121.566901">
        <ele>1152.0</ele>
        <time>2019-05-27T22:24:58Z</time>
      </trkpt>
      <trkpt lat="48.897226" lon="-121.56706">
        <ele>1150.0</ele>
        <time>2019-05-27T22:25:07Z</time>
      </trkpt>
      <trkpt lat="48.897283" lon="-121.567025">
        <ele>1148.7</ele>
        <time>2019-05-27T22:25:12Z</time>
      </trkpt>
      <trkpt lat="48.897316" lon="-121.566979">
        <ele>1148.5</ele>
        <time>2019-05-27T22:25:16Z</time>
      </trkpt>
      <trkpt lat="48.897351" lon="-121.566949">
        <ele>1146.8</ele>
        <time>2019-05-27T22:25:19Z</time>
      </trkpt>
      <trkpt lat="48.897401" lon="-121.566947">
        <ele>1146.2</ele>
        <time>2019-05-27T22:25:22Z</time>
      </trkpt>
      <trkpt lat="48.897445" lon="-121.56714">
        <ele>1148.3</ele>
        <time>2019-05-27T22:25:30Z</time>
      </trkpt>
      <trkpt lat="48.897563" lon="-121.567411">
        <ele>1151.3</ele>
        <time>2019-05-27T22:25:42Z</time>
      </trkpt>
      <trkpt lat="48.897603" lon="-121.567451">
        <ele>1148.4</ele>
        <time>2019-05-27T22:25:45Z</time>
      </trkpt>
      <trkpt lat="48.897663" lon="-121.567525">
        <ele>1147.8</ele>
        <time>2019-05-27T22:25:50Z</time>
      </trkpt>
      <trkpt lat="48.897678" lon="-121.567628">
        <ele>1147.3</ele>
        <time>2019-05-27T22:25:55Z</time>
      </trkpt>
      <trkpt lat="48.897717" lon="-121.567747">
        <ele>1146.5</ele>
        <time>2019-05-27T22:26:01Z</time>
      </trkpt>
      <trkpt lat="48.897867" lon="-121.567975">
        <ele>1144.2</ele>
        <time>2019-05-27T22:26:16Z</time>
      </trkpt>
      <trkpt lat="48.897932" lon="-121.568034">
        <ele>1143.7</ele>
        <time>2019-05-27T22:26:22Z</time>
      </trkpt>
      <trkpt lat="48.897925" lon="-121.56805">
        <ele>1143.6</ele>
        <time>2019-05-27T22:26:25Z</time>
      </trkpt>
      <trkpt lat="48.897907" lon="-121.568052">
        <ele>1143.2</ele>
        <time>2019-05-27T22:26:26Z</time>
      </trkpt>
      <trkpt lat="48.897876" lon="-121.568033">
        <ele>1142.2</ele>
        <time>2019-05-27T22:26:28Z</time>
      </trkpt>
      <trkpt lat="48.897851" lon="-121.567979">
        <ele>1139.8</ele>
        <time>2019-05-27T22:26:31Z</time>
      </trkpt>
      <trkpt lat="48.897834" lon="-121.567963">
        <ele>1140.0</ele>
        <time>2019-05-27T22:26:32Z</time>
      </trkpt>
      <trkpt lat="48.897752" lon="-121.567964">
        <ele>1138.4</ele>
        <time>2019-05-27T22:26:37Z</time>
      </trkpt>
      <trkpt lat="48.897681" lon="-121.56786">
        <ele>1135.0</ele>
        <time>2019-05-27T22:26:46Z</time>
      </trkpt>
      <trkpt lat="48.897634" lon="-121.567834">
        <ele>1136.5</ele>
        <time>2019-05-27T22:26:49Z</time>
      </trkpt>
      <trkpt lat="48.897607" lon="-121.567795">
        <ele>1135.3</ele>
        <time>2019-05-27T22:26:52Z</time>
      </trkpt>
      <trkpt lat="48.897551" lon="-121.567731">
        <ele>1132.1</ele>
        <time>2019-05-27T22:26:58Z</time>
      </trkpt>
      <trkpt lat="48.897526" lon="-121.567621">
        <ele>1130.0</ele>
        <time>2019-05-27T22:27:03Z</time>
      </trkpt>
      <trkpt lat="48.897509" lon="-121.567604">
        <ele>1131.4</ele>
        <time>2019-05-27T22:27:05Z</time>
      </trkpt>
      <trkpt lat="48.897452" lon="-121.567598">
        <ele>1131.1</ele>
        <time>2019-05-27T22:27:08Z</time>
      </trkpt>
      <trkpt lat="48.897426" lon="-121.567566">
        <ele>1131.8</ele>
        <time>2019-05-27T22:27:10Z</time>
      </trkpt>
      <trkpt lat="48.897368" lon="-121.56755">
        <ele>1132.1</ele>
        <time>2019-05-27T22:27:13Z</time>
      </trkpt>
      <trkpt lat="48.897334" lon="-121.567509">
        <ele>1131.1</ele>
        <time>2019-05-27T22:27:16Z</time>
      </trkpt>
      <trkpt lat="48.897341" lon="-121.567495">
        <ele>1121.1</ele>
        <time>2019-05-27T22:27:20Z</time>
      </trkpt>
      <trkpt lat="48.897396" lon="-121.567501">
        <ele>1115.8</ele>
        <time>2019-05-27T22:27:22Z</time>
      </trkpt>
      <trkpt lat="48.897465" lon="-121.56748">
        <ele>1109.7</ele>
        <time>2019-05-27T22:27:25Z</time>
      </trkpt>
      <trkpt lat="48.897501" lon="-121.567452">
        <ele>1105.7</ele>
        <time>2019-05-27T22:27:27Z</time>
      </trkpt>
      <trkpt lat="48.897535" lon="-121.567448">
        <ele>1105.5</ele>
        <time>2019-05-27T22:27:29Z</time>
      </trkpt>
      <trkpt lat="48.897571" lon="-121.567498">
        <ele>1104.3</ele>
        <time>2019-05-27T22:27:33Z</time>
      </trkpt>
      <trkpt lat="48.897611" lon="-121.567529">
        <ele>1101.8</ele>
        <time>2019-05-27T22:27:36Z</time>
      </trkpt>
      <trkpt lat="48.897628" lon="-121.567552">
        <ele>1102.6</ele>
        <time>2019-05-27T22:27:37Z</time>
      </trkpt>
      <trkpt lat="48.897721" lon="-121.567715">
        <ele>1096.6</ele>
        <time>2019-05-27T22:27:49Z</time>
      </trkpt>
      <trkpt lat="48.897735" lon="-121.567736">
        <ele>1093.6</ele>
        <time>2019-05-27T22:27:52Z</time>
      </trkpt>
      <trkpt lat="48.897767" lon="-121.567735">
        <ele>1090.2</ele>
        <time>2019-05-27T22:27:54Z</time>
      </trkpt>
      <trkpt lat="48.897845" lon="-121.567778">
        <ele>1088.2</ele>
        <time>2019-05-27T22:28:00Z</time>
      </trkpt>
      <trkpt lat="48.897922" lon="-121.567862">
        <ele>1091.5</ele>
        <time>2019-05-27T22:28:08Z</time>
      </trkpt>
      <trkpt lat="48.897964" lon="-121.567905">
        <ele>1089.8</ele>
        <time>2019-05-27T22:28:11Z</time>
      </trkpt>
      <trkpt lat="48.898006" lon="-121.567919">
        <ele>1087.8</ele>
        <time>2019-05-27T22:28:14Z</time>
      </trkpt>
      <trkpt lat="48.898078" lon="-121.567994">
        <ele>1084.1</ele>
        <time>2019-05-27T22:28:21Z</time>
      </trkpt>
      <trkpt lat="48.89813" lon="-121.568039">
        <ele>1080.8</ele>
        <time>2019-05-27T22:28:25Z</time>
      </trkpt>
      <trkpt lat="48.898187" lon="-121.56817">
        <ele>1081.3</ele>
        <time>2019-05-27T22:28:33Z</time>
      </trkpt>
      <trkpt lat="48.898193" lon="-121.568247">
        <ele>1081.6</ele>
        <time>2019-05-27T22:28:36Z</time>
      </trkpt>
      <trkpt lat="48.898221" lon="-121.56835">
        <ele>1081.6</ele>
        <time>2019-05-27T22:28:40Z</time>
      </trkpt>
      <trkpt lat="48.898214" lon="-121.568504">
        <ele>1082.6</ele>
        <time>2019-05-27T22:28:46Z</time>
      </trkpt>
      <trkpt lat="48.898271" lon="-121.568657">
        <ele>1083.8</ele>
        <time>2019-05-27T22:28:54Z</time>
      </trkpt>
      <trkpt lat="48.898303" lon="-121.568658">
        <ele>1082.2</ele>
        <time>2019-05-27T22:28:56Z</time>
      </trkpt>
      <trkpt lat="48.898349" lon="-121.568623">
        <ele>1082.3</ele>
        <time>2019-05-27T22:28:59Z</time>
      </trkpt>
      <trkpt lat="48.898378" lon="-121.568621">
        <ele>1082.0</ele>
        <time>2019-05-27T22:29:01Z</time>
      </trkpt>
      <trkpt lat="48.898433" lon="-121.56864">
        <ele>1081.5</ele>
        <time>2019-05-27T22:29:05Z</time>
      </trkpt>
      <trkpt lat="48.898483" lon="-121.568748">
        <ele>1080.5</ele>
        <time>2019-05-27T22:29:15Z</time>
      </trkpt>
      <trkpt lat="48.898533" lon="-121.568915">
        <ele>1087.2</ele>
        <time>2019-05-27T22:29:21Z</time>
      </trkpt>
      <trkpt lat="48.898573" lon="-121.568974">
        <ele>1091.2</ele>
        <time>2019-05-27T22:29:24Z</time>
      </trkpt>
      <trkpt lat="48.898614" lon="-121.569073">
        <ele>1089.0</ele>
        <time>2019-05-27T22:29:29Z</time>
      </trkpt>
      <trkpt lat="48.898696" lon="-121.569113">
        <ele>1088.0</ele>
        <time>2019-05-27T22:29:34Z</time>
      </trkpt>
      <trkpt lat="48.898764" lon="-121.569143">
        <ele>1088.2</ele>
        <time>2019-05-27T22:29:39Z</time>
      </trkpt>
      <trkpt lat="48.898797" lon="-121.569218">
        <ele>1085.5</ele>
        <time>2019-05-27T22:29:43Z</time>
      </trkpt>
      <trkpt lat="48.898832" lon="-121.56926">
        <ele>1083.6</ele>
        <time>2019-05-27T22:29:47Z</time>
      </trkpt>
      <trkpt lat="48.898888" lon="-121.569321">
        <ele>1085.8</ele>
        <time>2019-05-27T22:29:51Z</time>
      </trkpt>
      <trkpt lat="48.898948" lon="-121.569428">
        <ele>1085.7</ele>
        <time>2019-05-27T22:29:59Z</time>
      </trkpt>
      <trkpt lat="48.89897" lon="-121.569502">
        <ele>1085.9</ele>
        <time>2019-05-27T22:30:03Z</time>
      </trkpt>
      <trkpt lat="48.898988" lon="-121.56954">
        <ele>1085.0</ele>
        <time>2019-05-27T22:30:05Z</time>
      </trkpt>
      <trkpt lat="48.899072" lon="-121.56965">
        <ele>1085.4</ele>
        <time>2019-05-27T22:30:12Z</time>
      </trkpt>
      <trkpt lat="48.899086" lon="-121.569665">
        <ele>1084.9</ele>
        <time>2019-05-27T22:30:13Z</time>
      </trkpt>
      <trkpt lat="48.899161" lon="-121.56971">
        <ele>1083.3</ele>
        <time>2019-05-27T22:30:18Z</time>
      </trkpt>
      <trkpt lat="48.899234" lon="-121.569773">
        <ele>1083.4</ele>
        <time>2019-05-27T22:30:23Z</time>
      </trkpt>
      <trkpt lat="48.899302" lon="-121.569822">
        <ele>1082.4</ele>
        <time>2019-05-27T22:30:29Z</time>
      </trkpt>
      <trkpt lat="48.899306" lon="-121.569865">
        <ele>1081.9</ele>
        <time>2019-05-27T22:30:31Z</time>
      </trkpt>
      <trkpt lat="48.899293" lon="-121.569949">
        <ele>1084.1</ele>
        <time>2019-05-27T22:30:34Z</time>
      </trkpt>
      <trkpt lat="48.899287" lon="-121.569973">
        <ele>1084.3</ele>
        <time>2019-05-27T22:30:35Z</time>
      </trkpt>
      <trkpt lat="48.899246" lon="-121.570077">
        <ele>1085.7</ele>
        <time>2019-05-27T22:30:39Z</time>
      </trkpt>
      <trkpt lat="48.899215" lon="-121.570217">
        <ele>1087.9</ele>
        <time>2019-05-27T22:30:45Z</time>
      </trkpt>
      <trkpt lat="48.899207" lon="-121.570237">
        <ele>1087.8</ele>
        <time>2019-05-27T22:30:46Z</time>
      </trkpt>
      <trkpt lat="48.899119" lon="-121.570394">
        <ele>1087.9</ele>
        <time>2019-05-27T22:30:54Z</time>
      </trkpt>
      <trkpt lat="48.899091" lon="-121.570472">
        <ele>1086.3</ele>
        <time>2019-05-27T22:30:58Z</time>
      </trkpt>
      <trkpt lat="48.899086" lon="-121.570497">
        <ele>1086.4</ele>
        <time>2019-05-27T22:30:59Z</time>
      </trkpt>
      <trkpt lat="48.89909" lon="-121.570684">
        <ele>1085.5</ele>
        <time>2019-05-27T22:31:07Z</time>
      </trkpt>
      <trkpt lat="48.899106" lon="-121.570704">
        <ele>1082.6</ele>
        <time>2019-05-27T22:31:09Z</time>
      </trkpt>
      <trkpt lat="48.899141" lon="-121.570724">
        <ele>1081.6</ele>
        <time>2019-05-27T22:31:12Z</time>
      </trkpt>
      <trkpt lat="48.899161" lon="-121.57075">
        <ele>1082.3</ele>
        <time>2019-05-27T22:31:14Z</time>
      </trkpt>
      <trkpt lat="48.899162" lon="-121.570807">
        <ele>1081.8</ele>
        <time>2019-05-27T22:31:16Z</time>
      </trkpt>
      <trkpt lat="48.899141" lon="-121.570925">
        <ele>1081.8</ele>
        <time>2019-05-27T22:31:21Z</time>
      </trkpt>
      <trkpt lat="48.899176" lon="-121.57102">
        <ele>1080.5</ele>
        <time>2019-05-27T22:31:26Z</time>
      </trkpt>
      <trkpt lat="48.899177" lon="-121.571086">
        <ele>1078.5</ele>
        <time>2019-05-27T22:31:29Z</time>
      </trkpt>
      <trkpt lat="48.899223" lon="-121.571156">
        <ele>1073.9</ele>
        <time>2019-05-27T22:31:33Z</time>
      </trkpt>
      <trkpt lat="48.89923" lon="-121.571171">
        <ele>1072.8</ele>
        <time>2019-05-27T22:31:34Z</time>
      </trkpt>
      <trkpt lat="48.899254" lon="-121.571289">
        <ele>1070.3</ele>
        <time>2019-05-27T22:31:40Z</time>
      </trkpt>
      <trkpt lat="48.899297" lon="-121.571336">
        <ele>1065.0</ele>
        <time>2019-05-27T22:31:44Z</time>
      </trkpt>
      <trkpt lat="48.899323" lon="-121.57138">
        <ele>1064.8</ele>
        <time>2019-05-27T22:31:46Z</time>
      </trkpt>
      <trkpt lat="48.899339" lon="-121.5714">
        <ele>1062.6</ele>
        <time>2019-05-27T22:31:47Z</time>
      </trkpt>
      <trkpt lat="48.89948" lon="-121.571433">
        <ele>1055.4</ele>
        <time>2019-05-27T22:31:56Z</time>
      </trkpt>
      <trkpt lat="48.899489" lon="-121.571442">
        <ele>1054.7</ele>
        <time>2019-05-27T22:31:57Z</time>
      </trkpt>
      <trkpt lat="48.899518" lon="-121.571507">
        <ele>1052.6</ele>
        <time>2019-05-27T22:32:02Z</time>
      </trkpt>
      <trkpt lat="48.899539" lon="-121.57152">
        <ele>1050.7</ele>
        <time>2019-05-27T22:32:04Z</time>
      </trkpt>
      <trkpt lat="48.899577" lon="-121.571586">
        <ele>1049.7</ele>
        <time>2019-05-27T22:32:08Z</time>
      </trkpt>
      <trkpt lat="48.899624" lon="-121.57162">
        <ele>1047.2</ele>
        <time>2019-05-27T22:32:13Z</time>
      </trkpt>
      <trkpt lat="48.899669" lon="-121.571666">
        <ele>1044.0</ele>
        <time>2019-05-27T22:32:18Z</time>
      </trkpt>
      <trkpt lat="48.899691" lon="-121.57172">
        <ele>1043.0</ele>
        <time>2019-05-27T22:32:22Z</time>
      </trkpt>
      <trkpt lat="48.899741" lon="-121.571771">
        <ele>1041.7</ele>
        <time>2019-05-27T22:32:26Z</time>
      </trkpt>
      <trkpt lat="48.899747" lon="-121.571786">
        <ele>1042.3</ele>
        <time>2019-05-27T22:32:27Z</time>
      </trkpt>
      <trkpt lat="48.899767" lon="-121.571902">
        <ele>1040.6</ele>
        <time>2019-05-27T22:32:31Z</time>
      </trkpt>
      <trkpt lat="48.899819" lon="-121.572008">
        <ele>1037.3</ele>
        <time>2019-05-27T22:32:36Z</time>
      </trkpt>
      <trkpt lat="48.899829" lon="-121.572014">
        <ele>1037.4</ele>
        <time>2019-05-27T22:32:37Z</time>
      </trkpt>
      <trkpt lat="48.899847" lon="-121.572">
        <ele>1039.6</ele>
        <time>2019-05-27T22:32:41Z</time>
      </trkpt>
      <trkpt lat="48.89988" lon="-121.572011">
        <ele>1041.6</ele>
        <time>2019-05-27T22:32:43Z</time>
      </trkpt>
      <trkpt lat="48.899923" lon="-121.572042">
        <ele>1043.2</ele>
        <time>2019-05-27T22:32:48Z</time>
      </trkpt>
      <trkpt lat="48.899967" lon="-121.572095">
        <ele>1046.0</ele>
        <time>2019-05-27T22:32:52Z</time>
      </trkpt>
      <trkpt lat="48.899988" lon="-121.572126">
        <ele>1047.6</ele>
        <time>2019-05-27T22:32:55Z</time>
      </trkpt>
      <trkpt lat="48.899991" lon="-121.572154">
        <ele>1048.0</ele>
        <time>2019-05-27T22:32:56Z</time>
      </trkpt>
      <trkpt lat="48.899974" lon="-121.572226">
        <ele>1048.8</ele>
        <time>2019-05-27T22:32:59Z</time>
      </trkpt>
      <trkpt lat="48.899978" lon="-121.572249">
        <ele>1047.3</ele>
        <time>2019-05-27T22:33:00Z</time>
      </trkpt>
      <trkpt lat="48.900006" lon="-121.572283">
        <ele>1046.8</ele>
        <time>2019-05-27T22:33:02Z</time>
      </trkpt>
      <trkpt lat="48.900019" lon="-121.57229">
        <ele>1045.4</ele>
        <time>2019-05-27T22:33:03Z</time>
      </trkpt>
      <trkpt lat="48.90012" lon="-121.572264">
        <ele>1039.3</ele>
        <time>2019-05-27T22:33:11Z</time>
      </trkpt>
      <trkpt lat="48.900188" lon="-121.572259">
        <ele>1036.6</ele>
        <time>2019-05-27T22:33:15Z</time>
      </trkpt>
      <trkpt lat="48.900204" lon="-121.572263">
        <ele>1036.4</ele>
        <time>2019-05-27T22:33:16Z</time>
      </trkpt>
      <trkpt lat="48.9003" lon="-121.572245">
        <ele>1037.0</ele>
        <time>2019-05-27T22:33:21Z</time>
      </trkpt>
      <trkpt lat="48.900327" lon="-121.572265">
        <ele>1036.8</ele>
        <time>2019-05-27T22:33:23Z</time>
      </trkpt>
      <trkpt lat="48.90035" lon="-121.5723">
        <ele>1034.9</ele>
        <time>2019-05-27T22:33:25Z</time>
      </trkpt>
      <trkpt lat="48.900362" lon="-121.572309">
        <ele>1035.4</ele>
        <time>2019-05-27T22:33:26Z</time>
      </trkpt>
      <trkpt lat="48.900439" lon="-121.572305">
        <ele>1033.4</ele>
        <time>2019-05-27T22:33:31Z</time>
      </trkpt>
      <trkpt lat="48.900524" lon="-121.57236">
        <ele>1033.5</ele>
        <time>2019-05-27T22:33:35Z</time>
      </trkpt>
      <trkpt lat="48.900557" lon="-121.572419">
        <ele>1035.3</ele>
        <time>2019-05-27T22:33:39Z</time>
      </trkpt>
      <trkpt lat="48.900586" lon="-121.572435">
        <ele>1035.1</ele>
        <time>2019-05-27T22:33:41Z</time>
      </trkpt>
      <trkpt lat="48.900641" lon="-121.572489">
        <ele>1029.4</ele>
        <time>2019-05-27T22:33:47Z</time>
      </trkpt>
      <trkpt lat="48.900663" lon="-121.572548">
        <ele>1032.4</ele>
        <time>2019-05-27T22:33:50Z</time>
      </trkpt>
      <trkpt lat="48.900706" lon="-121.572585">
        <ele>1032.5</ele>
        <time>2019-05-27T22:33:54Z</time>
      </trkpt>
      <trkpt lat="48.900829" lon="-121.572635">
        <ele>1034.5</ele>
        <time>2019-05-27T22:34:01Z</time>
      </trkpt>
      <trkpt lat="48.900954" lon="-121.572645">
        <ele>1032.1</ele>
        <time>2019-05-27T22:34:10Z</time>
      </trkpt>
      <trkpt lat="48.901025" lon="-121.572667">
        <ele>1029.4</ele>
        <time>2019-05-27T22:34:15Z</time>
      </trkpt>
      <trkpt lat="48.901035" lon="-121.572673">
        <ele>1029.4</ele>
        <time>2019-05-27T22:34:16Z</time>
      </trkpt>
      <trkpt lat="48.901048" lon="-121.572717">
        <ele>1027.9</ele>
        <time>2019-05-27T22:34:20Z</time>
      </trkpt>
      <trkpt lat="48.901073" lon="-121.572731">
        <ele>1027.7</ele>
        <time>2019-05-27T22:34:22Z</time>
      </trkpt>
      <trkpt lat="48.901124" lon="-121.572727">
        <ele>1028.1</ele>
        <time>2019-05-27T22:34:25Z</time>
      </trkpt>
      <trkpt lat="48.901147" lon="-121.572711">
        <ele>1028.1</ele>
        <time>2019-05-27T22:34:27Z</time>
      </trkpt>
      <trkpt lat="48.901181" lon="-121.572747">
        <ele>1027.2</ele>
        <time>2019-05-27T22:34:32Z</time>
      </trkpt>
      <trkpt lat="48.901191" lon="-121.572838">
        <ele>1026.4</ele>
        <time>2019-05-27T22:34:37Z</time>
      </trkpt>
      <trkpt lat="48.901248" lon="-121.572881">
        <ele>1020.0</ele>
        <time>2019-05-27T22:34:42Z</time>
      </trkpt>
      <trkpt lat="48.901298" lon="-121.5729">
        <ele>1017.0</ele>
        <time>2019-05-27T22:34:46Z</time>
      </trkpt>
      <trkpt lat="48.901371" lon="-121.57292">
        <ele>1012.5</ele>
        <time>2019-05-27T22:34:51Z</time>
      </trkpt>
      <trkpt lat="48.901438" lon="-121.572973">
        <ele>1010.0</ele>
        <time>2019-05-27T22:34:56Z</time>
      </trkpt>
      <trkpt lat="48.901443" lon="-121.572983">
        <ele>1009.6</ele>
        <time>2019-05-27T22:34:57Z</time>
      </trkpt>
      <trkpt lat="48.901459" lon="-121.573057">
        <ele>1009.2</ele>
        <time>2019-05-27T22:35:01Z</time>
      </trkpt>
      <trkpt lat="48.901497" lon="-121.573135">
        <ele>1010.3</ele>
        <time>2019-05-27T22:35:04Z</time>
      </trkpt>
      <trkpt lat="48.901587" lon="-121.573177">
        <ele>1010.0</ele>
        <time>2019-05-27T22:35:07Z</time>
      </trkpt>
      <trkpt lat="48.901621" lon="-121.573181">
        <ele>1009.0</ele>
        <time>2019-05-27T22:35:09Z</time>
      </trkpt>
      <trkpt lat="48.901674" lon="-121.573387">
        <ele>1020.8</ele>
        <time>2019-05-27T22:35:19Z</time>
      </trkpt>
      <trkpt lat="48.901664" lon="-121.573413">
        <ele>1020.4</ele>
        <time>2019-05-27T22:35:21Z</time>
      </trkpt>
      <trkpt lat="48.901691" lon="-121.573481">
        <ele>1017.1</ele>
        <time>2019-05-27T22:35:25Z</time>
      </trkpt>
      <trkpt lat="48.901738" lon="-121.573542">
        <ele>1018.6</ele>
        <time>2019-05-27T22:35:29Z</time>
      </trkpt>
      <trkpt lat="48.901775" lon="-121.573549">
        <ele>1017.0</ele>
        <time>2019-05-27T22:35:33Z</time>
      </trkpt>
      <trkpt lat="48.901831" lon="-121.573619">
        <ele>1016.9</ele>
        <time>2019-05-27T22:35:37Z</time>
      </trkpt>
      <trkpt lat="48.901978" lon="-121.573673">
        <ele>1014.7</ele>
        <time>2019-05-27T22:35:46Z</time>
      </trkpt>
      <trkpt lat="48.902066" lon="-121.573678">
        <ele>1014.0</ele>
        <time>2019-05-27T22:35:51Z</time>
      </trkpt>
      <trkpt lat="48.902094" lon="-121.573657">
        <ele>1012.4</ele>
        <time>2019-05-27T22:35:53Z</time>
      </trkpt>
      <trkpt lat="48.902219" lon="-121.573749">
        <ele>1005.5</ele>
        <time>2019-05-27T22:36:06Z</time>
      </trkpt>
      <trkpt lat="48.902229" lon="-121.573779">
        <ele>1004.7</ele>
        <time>2019-05-27T22:36:08Z</time>
      </trkpt>
      <trkpt lat="48.902224" lon="-121.573858">
        <ele>1002.1</ele>
        <time>2019-05-27T22:36:13Z</time>
      </trkpt>
      <trkpt lat="48.902192" lon="-121.573954">
        <ele>997.8</ele>
        <time>2019-05-27T22:36:19Z</time>
      </trkpt>
      <trkpt lat="48.902255" lon="-121.574125">
        <ele>998.4</ele>
        <time>2019-05-27T22:36:29Z</time>
      </trkpt>
      <trkpt lat="48.902313" lon="-121.574336">
        <ele>996.0</ele>
        <time>2019-05-27T22:36:39Z</time>
      </trkpt>
      <trkpt lat="48.90232" lon="-121.574501">
        <ele>1003.5</ele>
        <time>2019-05-27T22:36:45Z</time>
      </trkpt>
      <trkpt lat="48.902336" lon="-121.574573">
        <ele>1003.4</ele>
        <time>2019-05-27T22:36:48Z</time>
      </trkpt>
      <trkpt lat="48.902359" lon="-121.574616">
        <ele>1004.6</ele>
        <time>2019-05-27T22:36:50Z</time>
      </trkpt>
      <trkpt lat="48.90237" lon="-121.574749">
        <ele>1011.8</ele>
        <time>2019-05-27T22:36:56Z</time>
      </trkpt>
      <trkpt lat="48.902373" lon="-121.574762">
        <ele>1012.1</ele>
        <time>2019-05-27T22:36:57Z</time>
      </trkpt>
      <trkpt lat="48.902378" lon="-121.574907">
        <ele>1014.1</ele>
        <time>2019-05-27T22:37:05Z</time>
      </trkpt>
      <trkpt lat="48.902394" lon="-121.574912">
        <ele>1010.8</ele>
        <time>2019-05-27T22:37:06Z</time>
      </trkpt>
      <trkpt lat="48.902484" lon="-121.57489">
        <ele>1007.6</ele>
        <time>2019-05-27T22:37:10Z</time>
      </trkpt>
      <trkpt lat="48.90267" lon="-121.574894">
        <ele>1004.1</ele>
        <time>2019-05-27T22:37:19Z</time>
      </trkpt>
      <trkpt lat="48.90273" lon="-121.574888">
        <ele>1001.8</ele>
        <time>2019-05-27T22:37:22Z</time>
      </trkpt>
      <trkpt lat="48.902797" lon="-121.574923">
        <ele>1000.1</ele>
        <time>2019-05-27T22:37:26Z</time>
      </trkpt>
      <trkpt lat="48.902942" lon="-121.574957">
        <ele>994.9</ele>
        <time>2019-05-27T22:37:35Z</time>
      </trkpt>
      <trkpt lat="48.902963" lon="-121.574974">
        <ele>993.8</ele>
        <time>2019-05-27T22:37:37Z</time>
      </trkpt>
      <trkpt lat="48.90301" lon="-121.575079">
        <ele>992.5</ele>
        <time>2019-05-27T22:37:43Z</time>
      </trkpt>
      <trkpt lat="48.90305" lon="-121.575115">
        <ele>992.4</ele>
        <time>2019-05-27T22:37:47Z</time>
      </trkpt>
      <trkpt lat="48.903113" lon="-121.575131">
        <ele>992.0</ele>
        <time>2019-05-27T22:37:52Z</time>
      </trkpt>
      <trkpt lat="48.90316" lon="-121.575166">
        <ele>994.2</ele>
        <time>2019-05-27T22:37:56Z</time>
      </trkpt>
      <trkpt lat="48.903196" lon="-121.575283">
        <ele>1004.5</ele>
        <time>2019-05-27T22:38:05Z</time>
      </trkpt>
      <trkpt lat="48.903183" lon="-121.575383">
        <ele>1005.3</ele>
        <time>2019-05-27T22:38:13Z</time>
      </trkpt>
      <trkpt lat="48.903231" lon="-121.575397">
        <ele>1007.1</ele>
        <time>2019-05-27T22:38:18Z</time>
      </trkpt>
      <trkpt lat="48.903253" lon="-121.575387">
        <ele>1007.5</ele>
        <time>2019-05-27T22:38:20Z</time>
      </trkpt>
      <trkpt lat="48.90329" lon="-121.575391">
        <ele>1009.1</ele>
        <time>2019-05-27T22:38:22Z</time>
      </trkpt>
      <trkpt lat="48.903352" lon="-121.575406">
        <ele>1010.3</ele>
        <time>2019-05-27T22:38:25Z</time>
      </trkpt>
      <trkpt lat="48.903413" lon="-121.575431">
        <ele>1009.1</ele>
        <time>2019-05-27T22:38:28Z</time>
      </trkpt>
      <trkpt lat="48.903462" lon="-121.57543">
        <ele>1008.0</ele>
        <time>2019-05-27T22:38:31Z</time>
      </trkpt>
      <trkpt lat="48.903508" lon="-121.575466">
        <ele>1009.5</ele>
        <time>2019-05-27T22:38:38Z</time>
      </trkpt>
      <trkpt lat="48.903545" lon="-121.575469">
        <ele>1009.9</ele>
        <time>2019-05-27T22:38:40Z</time>
      </trkpt>
      <trkpt lat="48.903575" lon="-121.575452">
        <ele>1009.0</ele>
        <time>2019-05-27T22:38:44Z</time>
      </trkpt>
      <trkpt lat="48.903606" lon="-121.575447">
        <ele>1004.7</ele>
        <time>2019-05-27T22:38:46Z</time>
      </trkpt>
      <trkpt lat="48.90365" lon="-121.575463">
        <ele>1003.7</ele>
        <time>2019-05-27T22:38:48Z</time>
      </trkpt>
      <trkpt lat="48.903755" lon="-121.57545">
        <ele>1002.4</ele>
        <time>2019-05-27T22:38:52Z</time>
      </trkpt>
      <trkpt lat="48.903804" lon="-121.575436">
        <ele>1003.0</ele>
        <time>2019-05-27T22:38:54Z</time>
      </trkpt>
      <trkpt lat="48.903916" lon="-121.575432">
        <ele>1004.1</ele>
        <time>2019-05-27T22:39:01Z</time>
      </trkpt>
      <trkpt lat="48.903937" lon="-121.575472">
        <ele>1002.8</ele>
        <time>2019-05-27T22:39:05Z</time>
      </trkpt>
      <trkpt lat="48.903965" lon="-121.575495">
        <ele>1003.4</ele>
        <time>2019-05-27T22:39:06Z</time>
      </trkpt>
      <trkpt lat="48.904091" lon="-121.575538">
        <ele>1003.4</ele>
        <time>2019-05-27T22:39:12Z</time>
      </trkpt>
      <trkpt lat="48.904129" lon="-121.575533">
        <ele>999.8</ele>
        <time>2019-05-27T22:39:15Z</time>
      </trkpt>
      <trkpt lat="48.904353" lon="-121.575575">
        <ele>992.5</ele>
        <time>2019-05-27T22:39:28Z</time>
      </trkpt>
      <trkpt lat="48.904481" lon="-121.575585">
        <ele>987.9</ele>
        <time>2019-05-27T22:39:36Z</time>
      </trkpt>
      <trkpt lat="48.904493" lon="-121.575581">
        <ele>986.9</ele>
        <time>2019-05-27T22:39:37Z</time>
      </trkpt>
      <trkpt lat="48.904525" lon="-121.575598">
        <ele>987.7</ele>
        <time>2019-05-27T22:39:39Z</time>
      </trkpt>
      <trkpt lat="48.904543" lon="-121.575624">
        <ele>986.4</ele>
        <time>2019-05-27T22:39:41Z</time>
      </trkpt>
      <trkpt lat="48.904581" lon="-121.575643">
        <ele>984.7</ele>
        <time>2019-05-27T22:39:45Z</time>
      </trkpt>
      <trkpt lat="48.904648" lon="-121.575725">
        <ele>981.6</ele>
        <time>2019-05-27T22:39:52Z</time>
      </trkpt>
      <trkpt lat="48.904691" lon="-121.575763">
        <ele>981.7</ele>
        <time>2019-05-27T22:39:56Z</time>
      </trkpt>
      <trkpt lat="48.904781" lon="-121.575803">
        <ele>982.1</ele>
        <time>2019-05-27T22:40:04Z</time>
      </trkpt>
      <trkpt lat="48.904803" lon="-121.575838">
        <ele>981.1</ele>
        <time>2019-05-27T22:40:07Z</time>
      </trkpt>
      <trkpt lat="48.904798" lon="-121.575918">
        <ele>979.5</ele>
        <time>2019-05-27T22:40:10Z</time>
      </trkpt>
      <trkpt lat="48.904854" lon="-121.575979">
        <ele>977.1</ele>
        <time>2019-05-27T22:40:16Z</time>
      </trkpt>
      <trkpt lat="48.904922" lon="-121.575957">
        <ele>977.0</ele>
        <time>2019-05-27T22:40:21Z</time>
      </trkpt>
      <trkpt lat="48.904935" lon="-121.575945">
        <ele>976.7</ele>
        <time>2019-05-27T22:40:22Z</time>
      </trkpt>
      <trkpt lat="48.904978" lon="-121.57593">
        <ele>977.2</ele>
        <time>2019-05-27T22:40:25Z</time>
      </trkpt>
      <trkpt lat="48.905007" lon="-121.576019">
        <ele>976.2</ele>
        <time>2019-05-27T22:40:30Z</time>
      </trkpt>
      <trkpt lat="48.905018" lon="-121.576036">
        <ele>975.6</ele>
        <time>2019-05-27T22:40:31Z</time>
      </trkpt>
      <trkpt lat="48.905041" lon="-121.576048">
        <ele>975.4</ele>
        <time>2019-05-27T22:40:33Z</time>
      </trkpt>
      <trkpt lat="48.905057" lon="-121.576029">
        <ele>973.8</ele>
        <time>2019-05-27T22:40:36Z</time>
      </trkpt>
      <trkpt lat="48.905136" lon="-121.576086">
        <ele>973.4</ele>
        <time>2019-05-27T22:40:43Z</time>
      </trkpt>
      <trkpt lat="48.905206" lon="-121.576184">
        <ele>975.6</ele>
        <time>2019-05-27T22:40:50Z</time>
      </trkpt>
      <trkpt lat="48.905315" lon="-121.576267">
        <ele>970.8</ele>
        <time>2019-05-27T22:40:56Z</time>
      </trkpt>
      <trkpt lat="48.905374" lon="-121.576322">
        <ele>969.8</ele>
        <time>2019-05-27T22:40:59Z</time>
      </trkpt>
      <trkpt lat="48.905445" lon="-121.576427">
        <ele>974.5</ele>
        <time>2019-05-27T22:41:05Z</time>
      </trkpt>
      <trkpt lat="48.905494" lon="-121.576517">
        <ele>974.8</ele>
        <time>2019-05-27T22:41:11Z</time>
      </trkpt>
      <trkpt lat="48.905506" lon="-121.576563">
        <ele>975.5</ele>
        <time>2019-05-27T22:41:13Z</time>
      </trkpt>
      <trkpt lat="48.905517" lon="-121.576578">
        <ele>974.9</ele>
        <time>2019-05-27T22:41:14Z</time>
      </trkpt>
      <trkpt lat="48.905615" lon="-121.576587">
        <ele>973.5</ele>
        <time>2019-05-27T22:41:20Z</time>
      </trkpt>
      <trkpt lat="48.905655" lon="-121.576621">
        <ele>971.7</ele>
        <time>2019-05-27T22:41:23Z</time>
      </trkpt>
      <trkpt lat="48.905773" lon="-121.576795">
        <ele>970.8</ele>
        <time>2019-05-27T22:41:34Z</time>
      </trkpt>
      <trkpt lat="48.905779" lon="-121.576808">
        <ele>972.3</ele>
        <time>2019-05-27T22:41:35Z</time>
      </trkpt>
      <trkpt lat="48.905818" lon="-121.576862">
        <ele>973.3</ele>
        <time>2019-05-27T22:41:39Z</time>
      </trkpt>
      <trkpt lat="48.905857" lon="-121.576895">
        <ele>973.0</ele>
        <time>2019-05-27T22:41:42Z</time>
      </trkpt>
      <trkpt lat="48.905889" lon="-121.576947">
        <ele>970.7</ele>
        <time>2019-05-27T22:41:45Z</time>
      </trkpt>
      <trkpt lat="48.905895" lon="-121.576967">
        <ele>969.6</ele>
        <time>2019-05-27T22:41:46Z</time>
      </trkpt>
      <trkpt lat="48.905942" lon="-121.577067">
        <ele>969.2</ele>
        <time>2019-05-27T22:41:52Z</time>
      </trkpt>
      <trkpt lat="48.905995" lon="-121.577117">
        <ele>970.2</ele>
        <time>2019-05-27T22:41:57Z</time>
      </trkpt>
      <trkpt lat="48.90604" lon="-121.57718">
        <ele>968.2</ele>
        <time>2019-05-27T22:42:00Z</time>
      </trkpt>
      <trkpt lat="48.906118" lon="-121.577163">
        <ele>967.5</ele>
        <time>2019-05-27T22:42:04Z</time>
      </trkpt>
      <trkpt lat="48.906152" lon="-121.577305">
        <ele>969.9</ele>
        <time>2019-05-27T22:42:10Z</time>
      </trkpt>
      <trkpt lat="48.906156" lon="-121.57733">
        <ele>969.7</ele>
        <time>2019-05-27T22:42:11Z</time>
      </trkpt>
      <trkpt lat="48.9062" lon="-121.577458">
        <ele>969.8</ele>
        <time>2019-05-27T22:42:17Z</time>
      </trkpt>
      <trkpt lat="48.906234" lon="-121.577504">
        <ele>970.6</ele>
        <time>2019-05-27T22:42:20Z</time>
      </trkpt>
      <trkpt lat="48.906244" lon="-121.577512">
        <ele>970.4</ele>
        <time>2019-05-27T22:42:21Z</time>
      </trkpt>
      <trkpt lat="48.906335" lon="-121.577696">
        <ele>973.2</ele>
        <time>2019-05-27T22:42:32Z</time>
      </trkpt>
      <trkpt lat="48.906335" lon="-121.577768">
        <ele>973.9</ele>
        <time>2019-05-27T22:42:35Z</time>
      </trkpt>
      <trkpt lat="48.906357" lon="-121.577854">
        <ele>975.0</ele>
        <time>2019-05-27T22:42:39Z</time>
      </trkpt>
      <trkpt lat="48.906386" lon="-121.577907">
        <ele>976.5</ele>
        <time>2019-05-27T22:42:42Z</time>
      </trkpt>
      <trkpt lat="48.906398" lon="-121.577977">
        <ele>977.5</ele>
        <time>2019-05-27T22:42:46Z</time>
      </trkpt>
      <trkpt lat="48.906369" lon="-121.578027">
        <ele>978.3</ele>
        <time>2019-05-27T22:42:56Z</time>
      </trkpt>
      <trkpt lat="48.906365" lon="-121.578053">
        <ele>979.2</ele>
        <time>2019-05-27T22:42:58Z</time>
      </trkpt>
      <trkpt lat="48.906372" lon="-121.578089">
        <ele>979.7</ele>
        <time>2019-05-27T22:43:01Z</time>
      </trkpt>
      <trkpt lat="48.906396" lon="-121.578089">
        <ele>978.7</ele>
        <time>2019-05-27T22:43:04Z</time>
      </trkpt>
      <trkpt lat="48.906418" lon="-121.578101">
        <ele>979.2</ele>
        <time>2019-05-27T22:43:07Z</time>
      </trkpt>
      <trkpt lat="48.906424" lon="-121.578114">
        <ele>979.1</ele>
        <time>2019-05-27T22:43:08Z</time>
      </trkpt>
      <trkpt lat="48.906458" lon="-121.578243">
        <ele>980.2</ele>
        <time>2019-05-27T22:43:15Z</time>
      </trkpt>
      <trkpt lat="48.906495" lon="-121.578335">
        <ele>976.4</ele>
        <time>2019-05-27T22:43:20Z</time>
      </trkpt>
      <trkpt lat="48.906519" lon="-121.578439">
        <ele>974.4</ele>
        <time>2019-05-27T22:43:25Z</time>
      </trkpt>
      <trkpt lat="48.906549" lon="-121.578478">
        <ele>972.6</ele>
        <time>2019-05-27T22:43:28Z</time>
      </trkpt>
      <trkpt lat="48.90656" lon="-121.578582">
        <ele>972.0</ele>
        <time>2019-05-27T22:43:32Z</time>
      </trkpt>
      <trkpt lat="48.906577" lon="-121.578662">
        <ele>972.7</ele>
        <time>2019-05-27T22:43:36Z</time>
      </trkpt>
      <trkpt lat="48.906609" lon="-121.578733">
        <ele>974.3</ele>
        <time>2019-05-27T22:43:39Z</time>
      </trkpt>
      <trkpt lat="48.90662" lon="-121.578843">
        <ele>973.4</ele>
        <time>2019-05-27T22:43:43Z</time>
      </trkpt>
      <trkpt lat="48.906646" lon="-121.579054">
        <ele>974.3</ele>
        <time>2019-05-27T22:43:52Z</time>
      </trkpt>
      <trkpt lat="48.906649" lon="-121.579125">
        <ele>974.8</ele>
        <time>2019-05-27T22:43:55Z</time>
      </trkpt>
      <trkpt lat="48.906678" lon="-121.579204">
        <ele>973.7</ele>
        <time>2019-05-27T22:43:59Z</time>
      </trkpt>
      <trkpt lat="48.906688" lon="-121.5793">
        <ele>974.1</ele>
        <time>2019-05-27T22:44:03Z</time>
      </trkpt>
      <trkpt lat="48.906687" lon="-121.579319">
        <ele>974.2</ele>
        <time>2019-05-27T22:44:04Z</time>
      </trkpt>
      <trkpt lat="48.906721" lon="-121.579452">
        <ele>972.4</ele>
        <time>2019-05-27T22:44:11Z</time>
      </trkpt>
      <trkpt lat="48.906725" lon="-121.579519">
        <ele>973.4</ele>
        <time>2019-05-27T22:44:14Z</time>
      </trkpt>
      <trkpt lat="48.906724" lon="-121.579547">
        <ele>973.4</ele>
        <time>2019-05-27T22:44:15Z</time>
      </trkpt>
      <trkpt lat="48.906707" lon="-121.579642">
        <ele>975.7</ele>
        <time>2019-05-27T22:44:18Z</time>
      </trkpt>
      <trkpt lat="48.906714" lon="-121.579713">
        <ele>976.2</ele>
        <time>2019-05-27T22:44:21Z</time>
      </trkpt>
      <trkpt lat="48.90676" lon="-121.579729">
        <ele>974.2</ele>
        <time>2019-05-27T22:44:24Z</time>
      </trkpt>
      <trkpt lat="48.906772" lon="-121.579729">
        <ele>974.3</ele>
        <time>2019-05-27T22:44:25Z</time>
      </trkpt>
      <trkpt lat="48.906804" lon="-121.579779">
        <ele>975.3</ele>
        <time>2019-05-27T22:44:30Z</time>
      </trkpt>
      <trkpt lat="48.906782" lon="-121.580089">
        <ele>969.1</ele>
        <time>2019-05-27T22:44:41Z</time>
      </trkpt>
      <trkpt lat="48.906811" lon="-121.580162">
        <ele>971.0</ele>
        <time>2019-05-27T22:44:47Z</time>
      </trkpt>
      <trkpt lat="48.906825" lon="-121.580227">
        <ele>971.6</ele>
        <time>2019-05-27T22:44:50Z</time>
      </trkpt>
      <trkpt lat="48.906754" lon="-121.580417">
        <ele>974.4</ele>
        <time>2019-05-27T22:45:01Z</time>
      </trkpt>
      <trkpt lat="48.906751" lon="-121.580481">
        <ele>975.7</ele>
        <time>2019-05-27T22:45:11Z</time>
      </trkpt>
      <trkpt lat="48.906728" lon="-121.580562">
        <ele>978.5</ele>
        <time>2019-05-27T22:45:20Z</time>
      </trkpt>
      <trkpt lat="48.906729" lon="-121.580601">
        <ele>977.2</ele>
        <time>2019-05-27T22:45:23Z</time>
      </trkpt>
      <trkpt lat="48.906781" lon="-121.580644">
        <ele>976.3</ele>
        <time>2019-05-27T22:45:27Z</time>
      </trkpt>
      <trkpt lat="48.906797" lon="-121.580642">
        <ele>972.6</ele>
        <time>2019-05-27T22:45:28Z</time>
      </trkpt>
      <trkpt lat="48.90683" lon="-121.580657">
        <ele>970.3</ele>
        <time>2019-05-27T22:45:30Z</time>
      </trkpt>
      <trkpt lat="48.906862" lon="-121.580687">
        <ele>969.7</ele>
        <time>2019-05-27T22:45:32Z</time>
      </trkpt>
      <trkpt lat="48.906866" lon="-121.580732">
        <ele>967.6</ele>
        <time>2019-05-27T22:45:34Z</time>
      </trkpt>
      <trkpt lat="48.906845" lon="-121.580847">
        <ele>963.7</ele>
        <time>2019-05-27T22:45:39Z</time>
      </trkpt>
      <trkpt lat="48.906889" lon="-121.580873">
        <ele>957.0</ele>
        <time>2019-05-27T22:45:42Z</time>
      </trkpt>
      <trkpt lat="48.906987" lon="-121.581023">
        <ele>957.9</ele>
        <time>2019-05-27T22:45:51Z</time>
      </trkpt>
      <trkpt lat="48.906998" lon="-121.581079">
        <ele>958.8</ele>
        <time>2019-05-27T22:45:54Z</time>
      </trkpt>
      <trkpt lat="48.906996" lon="-121.581103">
        <ele>959.2</ele>
        <time>2019-05-27T22:45:55Z</time>
      </trkpt>
      <trkpt lat="48.907002" lon="-121.581268">
        <ele>956.2</ele>
        <time>2019-05-27T22:46:03Z</time>
      </trkpt>
      <trkpt lat="48.907041" lon="-121.581338">
        <ele>952.0</ele>
        <time>2019-05-27T22:46:07Z</time>
      </trkpt>
      <trkpt lat="48.907039" lon="-121.581422">
        <ele>949.9</ele>
        <time>2019-05-27T22:46:11Z</time>
      </trkpt>
      <trkpt lat="48.907092" lon="-121.581563">
        <ele>948.1</ele>
        <time>2019-05-27T22:46:19Z</time>
      </trkpt>
      <trkpt lat="48.907101" lon="-121.581575">
        <ele>947.8</ele>
        <time>2019-05-27T22:46:20Z</time>
      </trkpt>
      <trkpt lat="48.907176" lon="-121.581642">
        <ele>943.9</ele>
        <time>2019-05-27T22:46:26Z</time>
      </trkpt>
      <trkpt lat="48.907212" lon="-121.581748">
        <ele>942.9</ele>
        <time>2019-05-27T22:46:32Z</time>
      </trkpt>
      <trkpt lat="48.907254" lon="-121.581814">
        <ele>942.8</ele>
        <time>2019-05-27T22:46:36Z</time>
      </trkpt>
      <trkpt lat="48.907265" lon="-121.581859">
        <ele>943.9</ele>
        <time>2019-05-27T22:46:38Z</time>
      </trkpt>
      <trkpt lat="48.907294" lon="-121.581906">
        <ele>943.4</ele>
        <time>2019-05-27T22:46:41Z</time>
      </trkpt>
      <trkpt lat="48.90731" lon="-121.581997">
        <ele>942.4</ele>
        <time>2019-05-27T22:46:45Z</time>
      </trkpt>
      <trkpt lat="48.907386" lon="-121.582202">
        <ele>940.9</ele>
        <time>2019-05-27T22:46:55Z</time>
      </trkpt>
      <trkpt lat="48.90748" lon="-121.582431">
        <ele>940.5</ele>
        <time>2019-05-27T22:47:06Z</time>
      </trkpt>
      <trkpt lat="48.907489" lon="-121.582445">
        <ele>940.5</ele>
        <time>2019-05-27T22:47:07Z</time>
      </trkpt>
      <trkpt lat="48.907575" lon="-121.582608">
        <ele>942.3</ele>
        <time>2019-05-27T22:47:18Z</time>
      </trkpt>
      <trkpt lat="48.907597" lon="-121.582688">
        <ele>943.6</ele>
        <time>2019-05-27T22:47:22Z</time>
      </trkpt>
      <trkpt lat="48.907605" lon="-121.582695">
        <ele>943.5</ele>
        <time>2019-05-27T22:47:23Z</time>
      </trkpt>
      <trkpt lat="48.907623" lon="-121.582744">
        <ele>947.7</ele>
        <time>2019-05-27T22:47:26Z</time>
      </trkpt>
      <trkpt lat="48.907589" lon="-121.58292">
        <ele>952.4</ele>
        <time>2019-05-27T22:47:32Z</time>
      </trkpt>
      <trkpt lat="48.9076" lon="-121.582959">
        <ele>953.8</ele>
        <time>2019-05-27T22:47:33Z</time>
      </trkpt>
      <trkpt lat="48.90762" lon="-121.582982">
        <ele>954.2</ele>
        <time>2019-05-27T22:47:34Z</time>
      </trkpt>
      <trkpt lat="48.907656" lon="-121.582991">
        <ele>951.8</ele>
        <time>2019-05-27T22:47:36Z</time>
      </trkpt>
      <trkpt lat="48.907821" lon="-121.583013">
        <ele>952.5</ele>
        <time>2019-05-27T22:47:45Z</time>
      </trkpt>
      <trkpt lat="48.907876" lon="-121.583044">
        <ele>955.3</ele>
        <time>2019-05-27T22:47:48Z</time>
      </trkpt>
      <trkpt lat="48.907891" lon="-121.583116">
        <ele>956.8</ele>
        <time>2019-05-27T22:47:51Z</time>
      </trkpt>
      <trkpt lat="48.907905" lon="-121.583202">
        <ele>957.8</ele>
        <time>2019-05-27T22:47:54Z</time>
      </trkpt>
      <trkpt lat="48.90794" lon="-121.583283">
        <ele>959.0</ele>
        <time>2019-05-27T22:47:57Z</time>
      </trkpt>
      <trkpt lat="48.907942" lon="-121.583384">
        <ele>957.2</ele>
        <time>2019-05-27T22:48:01Z</time>
      </trkpt>
      <trkpt lat="48.90794" lon="-121.58341">
        <ele>957.3</ele>
        <time>2019-05-27T22:48:02Z</time>
      </trkpt>
      <trkpt lat="48.90797" lon="-121.583537">
        <ele>953.1</ele>
        <time>2019-05-27T22:48:10Z</time>
      </trkpt>
      <trkpt lat="48.908004" lon="-121.583563">
        <ele>953.1</ele>
        <time>2019-05-27T22:48:12Z</time>
      </trkpt>
      <trkpt lat="48.908042" lon="-121.583568">
        <ele>952.6</ele>
        <time>2019-05-27T22:48:15Z</time>
      </trkpt>
      <trkpt lat="48.90808" lon="-121.583582">
        <ele>951.2</ele>
        <time>2019-05-27T22:48:17Z</time>
      </trkpt>
      <trkpt lat="48.9081" lon="-121.583603">
        <ele>950.3</ele>
        <time>2019-05-27T22:48:20Z</time>
      </trkpt>
      <trkpt lat="48.908131" lon="-121.583674">
        <ele>947.5</ele>
        <time>2019-05-27T22:48:24Z</time>
      </trkpt>
      <trkpt lat="48.908168" lon="-121.583722">
        <ele>951.4</ele>
        <time>2019-05-27T22:48:27Z</time>
      </trkpt>
      <trkpt lat="48.908227" lon="-121.583809">
        <ele>950.1</ele>
        <time>2019-05-27T22:48:32Z</time>
      </trkpt>
      <trkpt lat="48.908281" lon="-121.583817">
        <ele>950.0</ele>
        <time>2019-05-27T22:48:36Z</time>
      </trkpt>
      <trkpt lat="48.90831" lon="-121.58399">
        <ele>942.4</ele>
        <time>2019-05-27T22:48:45Z</time>
      </trkpt>
      <trkpt lat="48.908308" lon="-121.584133">
        <ele>947.7</ele>
        <time>2019-05-27T22:48:49Z</time>
      </trkpt>
      <trkpt lat="48.90831" lon="-121.584153">
        <ele>948.2</ele>
        <time>2019-05-27T22:48:50Z</time>
      </trkpt>
      <trkpt lat="48.908322" lon="-121.584172">
        <ele>947.9</ele>
        <time>2019-05-27T22:48:51Z</time>
      </trkpt>
      <trkpt lat="48.908367" lon="-121.584202">
        <ele>949.1</ele>
        <time>2019-05-27T22:48:54Z</time>
      </trkpt>
      <trkpt lat="48.908395" lon="-121.584251">
        <ele>949.4</ele>
        <time>2019-05-27T22:48:58Z</time>
      </trkpt>
      <trkpt lat="48.908412" lon="-121.584333">
        <ele>948.4</ele>
        <time>2019-05-27T22:49:02Z</time>
      </trkpt>
      <trkpt lat="48.908423" lon="-121.584347">
        <ele>949.0</ele>
        <time>2019-05-27T22:49:03Z</time>
      </trkpt>
      <trkpt lat="48.908479" lon="-121.584357">
        <ele>952.9</ele>
        <time>2019-05-27T22:49:07Z</time>
      </trkpt>
      <trkpt lat="48.908502" lon="-121.584429">
        <ele>953.7</ele>
        <time>2019-05-27T22:49:12Z</time>
      </trkpt>
      <trkpt lat="48.908544" lon="-121.584508">
        <ele>956.9</ele>
        <time>2019-05-27T22:49:18Z</time>
      </trkpt>
      <trkpt lat="48.90855" lon="-121.584524">
        <ele>956.7</ele>
        <time>2019-05-27T22:49:19Z</time>
      </trkpt>
      <trkpt lat="48.908625" lon="-121.58467">
        <ele>952.2</ele>
        <time>2019-05-27T22:49:26Z</time>
      </trkpt>
      <trkpt lat="48.908614" lon="-121.584715">
        <ele>951.2</ele>
        <time>2019-05-27T22:49:28Z</time>
      </trkpt>
      <trkpt lat="48.908636" lon="-121.584741">
        <ele>951.3</ele>
        <time>2019-05-27T22:49:33Z</time>
      </trkpt>
      <trkpt lat="48.908691" lon="-121.584762">
        <ele>953.1</ele>
        <time>2019-05-27T22:49:37Z</time>
      </trkpt>
      <trkpt lat="48.908845" lon="-121.584793">
        <ele>955.3</ele>
        <time>2019-05-27T22:49:44Z</time>
      </trkpt>
      <trkpt lat="48.908876" lon="-121.584819">
        <ele>954.8</ele>
        <time>2019-05-27T22:49:46Z</time>
      </trkpt>
      <trkpt lat="48.908936" lon="-121.585084">
        <ele>953.6</ele>
        <time>2019-05-27T22:49:55Z</time>
      </trkpt>
      <trkpt lat="48.908969" lon="-121.585078">
        <ele>952.4</ele>
        <time>2019-05-27T22:49:56Z</time>
      </trkpt>
      <trkpt lat="48.909012" lon="-121.585054">
        <ele>952.4</ele>
        <time>2019-05-27T22:49:58Z</time>
      </trkpt>
      <trkpt lat="48.909069" lon="-121.585087">
        <ele>955.6</ele>
        <time>2019-05-27T22:50:04Z</time>
      </trkpt>
      <trkpt lat="48.909086" lon="-121.585109">
        <ele>956.6</ele>
        <time>2019-05-27T22:50:05Z</time>
      </trkpt>
      <trkpt lat="48.909116" lon="-121.58517">
        <ele>954.4</ele>
        <time>2019-05-27T22:50:08Z</time>
      </trkpt>
      <trkpt lat="48.909123" lon="-121.585227">
        <ele>953.6</ele>
        <time>2019-05-27T22:50:10Z</time>
      </trkpt>
      <trkpt lat="48.909288" lon="-121.5856">
        <ele>955.9</ele>
        <time>2019-05-27T22:50:28Z</time>
      </trkpt>
      <trkpt lat="48.909322" lon="-121.585657">
        <ele>960.9</ele>
        <time>2019-05-27T22:50:31Z</time>
      </trkpt>
      <trkpt lat="48.909405" lon="-121.585749">
        <ele>963.0</ele>
        <time>2019-05-27T22:50:37Z</time>
      </trkpt>
      <trkpt lat="48.909419" lon="-121.585807">
        <ele>962.3</ele>
        <time>2019-05-27T22:50:39Z</time>
      </trkpt>
      <trkpt lat="48.909463" lon="-121.585833">
        <ele>961.0</ele>
        <time>2019-05-27T22:50:41Z</time>
      </trkpt>
      <trkpt lat="48.909507" lon="-121.585875">
        <ele>962.4</ele>
        <time>2019-05-27T22:50:44Z</time>
      </trkpt>
      <trkpt lat="48.90953" lon="-121.586017">
        <ele>961.1</ele>
        <time>2019-05-27T22:50:50Z</time>
      </trkpt>
      <trkpt lat="48.909581" lon="-121.586112">
        <ele>959.1</ele>
        <time>2019-05-27T22:50:57Z</time>
      </trkpt>
      <trkpt lat="48.909664" lon="-121.586212">
        <ele>955.7</ele>
        <time>2019-05-27T22:51:04Z</time>
      </trkpt>
      <trkpt lat="48.909696" lon="-121.586282">
        <ele>954.7</ele>
        <time>2019-05-27T22:51:08Z</time>
      </trkpt>
      <trkpt lat="48.909685" lon="-121.586329">
        <ele>955.2</ele>
        <time>2019-05-27T22:51:10Z</time>
      </trkpt>
      <trkpt lat="48.909687" lon="-121.586347">
        <ele>954.6</ele>
        <time>2019-05-27T22:51:11Z</time>
      </trkpt>
      <trkpt lat="48.909851" lon="-121.586496">
        <ele>946.0</ele>
        <time>2019-05-27T22:51:24Z</time>
      </trkpt>
      <trkpt lat="48.909894" lon="-121.586518">
        <ele>943.3</ele>
        <time>2019-05-27T22:51:27Z</time>
      </trkpt>
      <trkpt lat="48.909957" lon="-121.586614">
        <ele>941.9</ele>
        <time>2019-05-27T22:51:33Z</time>
      </trkpt>
      <trkpt lat="48.909968" lon="-121.586625">
        <ele>941.4</ele>
        <time>2019-05-27T22:51:34Z</time>
      </trkpt>
      <trkpt lat="48.910067" lon="-121.586782">
        <ele>938.5</ele>
        <time>2019-05-27T22:51:41Z</time>
      </trkpt>
      <trkpt lat="48.910162" lon="-121.586876">
        <ele>944.5</ele>
        <time>2019-05-27T22:51:47Z</time>
      </trkpt>
      <trkpt lat="48.910201" lon="-121.586967">
        <ele>941.8</ele>
        <time>2019-05-27T22:51:52Z</time>
      </trkpt>
      <trkpt lat="48.910209" lon="-121.587057">
        <ele>936.6</ele>
        <time>2019-05-27T22:51:57Z</time>
      </trkpt>
      <trkpt lat="48.910273" lon="-121.587153">
        <ele>939.3</ele>
        <time>2019-05-27T22:52:03Z</time>
      </trkpt>
      <trkpt lat="48.910268" lon="-121.587426">
        <ele>952.1</ele>
        <time>2019-05-27T22:52:11Z</time>
      </trkpt>
      <trkpt lat="48.910277" lon="-121.587431">
        <ele>951.4</ele>
        <time>2019-05-27T22:52:12Z</time>
      </trkpt>
      <trkpt lat="48.910283" lon="-121.587458">
        <ele>952.0</ele>
        <time>2019-05-27T22:52:13Z</time>
      </trkpt>
      <trkpt lat="48.910296" lon="-121.587481">
        <ele>950.6</ele>
        <time>2019-05-27T22:52:14Z</time>
      </trkpt>
      <trkpt lat="48.910409" lon="-121.587564">
        <ele>951.0</ele>
        <time>2019-05-27T22:52:21Z</time>
      </trkpt>
      <trkpt lat="48.910465" lon="-121.587668">
        <ele>955.0</ele>
        <time>2019-05-27T22:52:26Z</time>
      </trkpt>
      <trkpt lat="48.910415" lon="-121.587966">
        <ele>962.3</ele>
        <time>2019-05-27T22:52:38Z</time>
      </trkpt>
      <trkpt lat="48.910379" lon="-121.588092">
        <ele>964.3</ele>
        <time>2019-05-27T22:52:43Z</time>
      </trkpt>
      <trkpt lat="48.910346" lon="-121.588256">
        <ele>963.7</ele>
        <time>2019-05-27T22:52:47Z</time>
      </trkpt>
      <trkpt lat="48.910298" lon="-121.588379">
        <ele>962.9</ele>
        <time>2019-05-27T22:52:50Z</time>
      </trkpt>
      <trkpt lat="48.910281" lon="-121.588503">
        <ele>962.1</ele>
        <time>2019-05-27T22:52:56Z</time>
      </trkpt>
      <trkpt lat="48.910289" lon="-121.588581">
        <ele>963.0</ele>
        <time>2019-05-27T22:53:00Z</time>
      </trkpt>
      <trkpt lat="48.910352" lon="-121.588723">
        <ele>969.4</ele>
        <time>2019-05-27T22:53:10Z</time>
      </trkpt>
      <trkpt lat="48.910356" lon="-121.588785">
        <ele>968.9</ele>
        <time>2019-05-27T22:53:13Z</time>
      </trkpt>
      <trkpt lat="48.910371" lon="-121.588812">
        <ele>968.2</ele>
        <time>2019-05-27T22:53:15Z</time>
      </trkpt>
      <trkpt lat="48.910369" lon="-121.588851">
        <ele>966.5</ele>
        <time>2019-05-27T22:53:17Z</time>
      </trkpt>
      <trkpt lat="48.910341" lon="-121.588923">
        <ele>965.9</ele>
        <time>2019-05-27T22:53:21Z</time>
      </trkpt>
      <trkpt lat="48.910303" lon="-121.589098">
        <ele>966.2</ele>
        <time>2019-05-27T22:53:28Z</time>
      </trkpt>
      <trkpt lat="48.910311" lon="-121.589119">
        <ele>966.2</ele>
        <time>2019-05-27T22:53:29Z</time>
      </trkpt>
      <trkpt lat="48.910383" lon="-121.589189">
        <ele>963.3</ele>
        <time>2019-05-27T22:53:34Z</time>
      </trkpt>
      <trkpt lat="48.910403" lon="-121.589202">
        <ele>965.3</ele>
        <time>2019-05-27T22:53:35Z</time>
      </trkpt>
      <trkpt lat="48.910431" lon="-121.58923">
        <ele>965.1</ele>
        <time>2019-05-27T22:53:37Z</time>
      </trkpt>
      <trkpt lat="48.910464" lon="-121.589363">
        <ele>960.5</ele>
        <time>2019-05-27T22:53:43Z</time>
      </trkpt>
      <trkpt lat="48.910429" lon="-121.589514">
        <ele>958.8</ele>
        <time>2019-05-27T22:53:48Z</time>
      </trkpt>
      <trkpt lat="48.910431" lon="-121.589558">
        <ele>956.2</ele>
        <time>2019-05-27T22:53:50Z</time>
      </trkpt>
      <trkpt lat="48.910393" lon="-121.58964">
        <ele>954.6</ele>
        <time>2019-05-27T22:53:53Z</time>
      </trkpt>
      <trkpt lat="48.910388" lon="-121.589657">
        <ele>954.7</ele>
        <time>2019-05-27T22:53:54Z</time>
      </trkpt>
      <trkpt lat="48.910342" lon="-121.589756">
        <ele>953.7</ele>
        <time>2019-05-27T22:53:57Z</time>
      </trkpt>
      <trkpt lat="48.9103" lon="-121.589887">
        <ele>954.0</ele>
        <time>2019-05-27T22:54:02Z</time>
      </trkpt>
      <trkpt lat="48.910286" lon="-121.589993">
        <ele>954.5</ele>
        <time>2019-05-27T22:54:06Z</time>
      </trkpt>
      <trkpt lat="48.910297" lon="-121.590026">
        <ele>953.7</ele>
        <time>2019-05-27T22:54:08Z</time>
      </trkpt>
      <trkpt lat="48.910306" lon="-121.590092">
        <ele>956.2</ele>
        <time>2019-05-27T22:54:11Z</time>
      </trkpt>
      <trkpt lat="48.910351" lon="-121.590165">
        <ele>952.4</ele>
        <time>2019-05-27T22:54:15Z</time>
      </trkpt>
      <trkpt lat="48.910342" lon="-121.590316">
        <ele>956.0</ele>
        <time>2019-05-27T22:54:20Z</time>
      </trkpt>
      <trkpt lat="48.910348" lon="-121.590367">
        <ele>955.9</ele>
        <time>2019-05-27T22:54:22Z</time>
      </trkpt>
      <trkpt lat="48.910428" lon="-121.590538">
        <ele>951.9</ele>
        <time>2019-05-27T22:54:31Z</time>
      </trkpt>
      <trkpt lat="48.910463" lon="-121.590588">
        <ele>952.5</ele>
        <time>2019-05-27T22:54:34Z</time>
      </trkpt>
      <trkpt lat="48.910465" lon="-121.590778">
        <ele>948.3</ele>
        <time>2019-05-27T22:54:43Z</time>
      </trkpt>
      <trkpt lat="48.910444" lon="-121.590875">
        <ele>947.0</ele>
        <time>2019-05-27T22:54:48Z</time>
      </trkpt>
      <trkpt lat="48.910388" lon="-121.590977">
        <ele>946.3</ele>
        <time>2019-05-27T22:54:53Z</time>
      </trkpt>
      <trkpt lat="48.910379" lon="-121.591006">
        <ele>946.6</ele>
        <time>2019-05-27T22:54:54Z</time>
      </trkpt>
      <trkpt lat="48.910323" lon="-121.591161">
        <ele>946.2</ele>
        <time>2019-05-27T22:54:59Z</time>
      </trkpt>
      <trkpt lat="48.910307" lon="-121.591252">
        <ele>945.8</ele>
        <time>2019-05-27T22:55:05Z</time>
      </trkpt>
      <trkpt lat="48.910304" lon="-121.591337">
        <ele>947.0</ele>
        <time>2019-05-27T22:55:10Z</time>
      </trkpt>
      <trkpt lat="48.910276" lon="-121.591482">
        <ele>944.8</ele>
        <time>2019-05-27T22:55:16Z</time>
      </trkpt>
      <trkpt lat="48.910284" lon="-121.59155">
        <ele>944.5</ele>
        <time>2019-05-27T22:55:19Z</time>
      </trkpt>
      <trkpt lat="48.910273" lon="-121.591588">
        <ele>943.5</ele>
        <time>2019-05-27T22:55:21Z</time>
      </trkpt>
      <trkpt lat="48.910178" lon="-121.591736">
        <ele>943.0</ele>
        <time>2019-05-27T22:55:28Z</time>
      </trkpt>
      <trkpt lat="48.910143" lon="-121.59181">
        <ele>941.4</ele>
        <time>2019-05-27T22:55:31Z</time>
      </trkpt>
      <trkpt lat="48.910143" lon="-121.591829">
        <ele>939.6</ele>
        <time>2019-05-27T22:55:32Z</time>
      </trkpt>
      <trkpt lat="48.91013" lon="-121.591936">
        <ele>939.2</ele>
        <time>2019-05-27T22:55:36Z</time>
      </trkpt>
      <trkpt lat="48.910134" lon="-121.592002">
        <ele>940.0</ele>
        <time>2019-05-27T22:55:39Z</time>
      </trkpt>
      <trkpt lat="48.91015" lon="-121.592045">
        <ele>941.2</ele>
        <time>2019-05-27T22:55:41Z</time>
      </trkpt>
      <trkpt lat="48.910142" lon="-121.592123">
        <ele>942.4</ele>
        <time>2019-05-27T22:55:44Z</time>
      </trkpt>
      <trkpt lat="48.910073" lon="-121.592469">
        <ele>948.7</ele>
        <time>2019-05-27T22:55:58Z</time>
      </trkpt>
      <trkpt lat="48.910064" lon="-121.592496">
        <ele>949.1</ele>
        <time>2019-05-27T22:55:59Z</time>
      </trkpt>
      <trkpt lat="48.910014" lon="-121.592608">
        <ele>950.5</ele>
        <time>2019-05-27T22:56:02Z</time>
      </trkpt>
      <trkpt lat="48.910145" lon="-121.59282">
        <ele>943.4</ele>
        <time>2019-05-27T22:56:15Z</time>
      </trkpt>
      <trkpt lat="48.910196" lon="-121.592799">
        <ele>940.0</ele>
        <time>2019-05-27T22:56:19Z</time>
      </trkpt>
      <trkpt lat="48.910249" lon="-121.59273">
        <ele>936.6</ele>
        <time>2019-05-27T22:56:25Z</time>
      </trkpt>
      <trkpt lat="48.910259" lon="-121.592722">
        <ele>936.9</ele>
        <time>2019-05-27T22:56:26Z</time>
      </trkpt>
      <trkpt lat="48.910285" lon="-121.592738">
        <ele>940.6</ele>
        <time>2019-05-27T22:58:28Z</time>
      </trkpt>
      <trkpt lat="48.910268" lon="-121.592789">
        <ele>942.2</ele>
        <time>2019-05-27T22:58:31Z</time>
      </trkpt>
      <trkpt lat="48.910264" lon="-121.592841">
        <ele>943.2</ele>
        <time>2019-05-27T22:58:33Z</time>
      </trkpt>
      <trkpt lat="48.91029" lon="-121.59293">
        <ele>947.2</ele>
        <time>2019-05-27T22:58:39Z</time>
      </trkpt>
      <trkpt lat="48.910256" lon="-121.593091">
        <ele>944.0</ele>
        <time>2019-05-27T22:58:47Z</time>
      </trkpt>
      <trkpt lat="48.910274" lon="-121.593115">
        <ele>944.5</ele>
        <time>2019-05-27T22:58:49Z</time>
      </trkpt>
      <trkpt lat="48.91036" lon="-121.59333">
        <ele>949.3</ele>
        <time>2019-05-27T22:59:01Z</time>
      </trkpt>
      <trkpt lat="48.910345" lon="-121.593376">
        <ele>948.1</ele>
        <time>2019-05-27T22:59:03Z</time>
      </trkpt>
      <trkpt lat="48.910255" lon="-121.593505">
        <ele>942.0</ele>
        <time>2019-05-27T22:59:12Z</time>
      </trkpt>
      <trkpt lat="48.910295" lon="-121.593491">
        <ele>943.3</ele>
        <time>2019-05-27T22:59:16Z</time>
      </trkpt>
      <trkpt lat="48.910192" lon="-121.593669">
        <ele>943.5</ele>
        <time>2019-05-27T22:59:24Z</time>
      </trkpt>
      <trkpt lat="48.910187" lon="-121.593854">
        <ele>944.4</ele>
        <time>2019-05-27T22:59:32Z</time>
      </trkpt>
      <trkpt lat="48.910105" lon="-121.594094">
        <ele>941.2</ele>
        <time>2019-05-27T22:59:40Z</time>
      </trkpt>
      <trkpt lat="48.910105" lon="-121.594146">
        <ele>942.5</ele>
        <time>2019-05-27T22:59:42Z</time>
      </trkpt>
      <trkpt lat="48.910096" lon="-121.594216">
        <ele>943.4</ele>
        <time>2019-05-27T22:59:45Z</time>
      </trkpt>
      <trkpt lat="48.910126" lon="-121.594276">
        <ele>941.3</ele>
        <time>2019-05-27T22:59:48Z</time>
      </trkpt>
      <trkpt lat="48.910109" lon="-121.594417">
        <ele>941.1</ele>
        <time>2019-05-27T22:59:56Z</time>
      </trkpt>
      <trkpt lat="48.910159" lon="-121.594399">
        <ele>942.5</ele>
        <time>2019-05-27T23:00:07Z</time>
      </trkpt>
      <trkpt lat="48.910134" lon="-121.594384">
        <ele>942.9</ele>
        <time>2019-05-27T23:00:37Z</time>
      </trkpt>
      <trkpt lat="48.910211" lon="-121.594348">
        <ele>934.8</ele>
        <time>2019-05-27T23:06:57Z</time>
      </trkpt>
    </trkseg>
  </trk>
</gpx>